ds,trend,yhat_lower,yhat_upper,trend_lower,trend_upper,day_cos,day_cos_lower,day_cos_upper,day_sin,day_sin_lower,day_sin_upper,extra_regressors_multiplicative,extra_regressors_multiplicative_lower,extra_regressors_multiplicative_upper,hour_cos,hour_cos_lower,hour_cos_upper,hour_sin,hour_sin_lower,hour_sin_upper,market_session,market_session_lower,market_session_upper,momentum_lag_10,momentum_lag_10_lower,momentum_lag_10_upper,momentum_lag_20,momentum_lag_20_lower,momentum_lag_20_upper,multiplicative_terms,multiplicative_terms_lower,multiplicative_terms_upper,return_regime,return_regime_lower,return_regime_upper,returns_lag_1,returns_lag_1_lower,returns_lag_1_upper,returns_lag_2,returns_lag_2_lower,returns_lag_2_upper,returns_lag_5,returns_lag_5_lower,returns_lag_5_upper,volatility_lag_20,volatility_lag_20_lower,volatility_lag_20_upper,volatility_lag_5,volatility_lag_5_lower,volatility_lag_5_upper,volatility_regime,volatility_regime_lower,volatility_regime_upper,weekly,weekly_lower,weekly_upper,additive_terms,additive_terms_lower,additive_terms_upper,yhat
2025-02-20 00:00:00,1.0392841096572876,1.0396852280309725,1.0504041101323098,1.0392841096572876,1.0392841096572876,0.0016519056367861984,0.0016519056367861984,0.0016519056367861984,0.00014837076465452955,0.00014837076465452955,0.00014837076465452955,0.00255565606825667,0.00255565606825667,0.00255565606825667,0.0013794185844451647,0.0013794185844451647,0.0013794185844451647,0.0013794185844451482,0.0013794185844451482,0.0013794185844451482,0.0013794185844451482,0.0013794185844451482,0.0013794185844451482,-0.0003388749711921916,-0.0003388749711921916,-0.0003388749711921916,-0.002101078600125901,-0.002101078600125901,-0.002101078600125901,0.004615353138309232,0.004615353138309232,0.004615353138309232,-0.0005553247977692558,-0.0005553247977692558,-0.0005553247977692558,-0.0008637641552560628,-0.0008637641552560628,-0.0008637641552560628,-0.00033268735067106756,-0.00033268735067106756,-0.00033268735067106756,7.16111990751922e-05,7.16111990751922e-05,7.16111990751922e-05,0.0029841006817346518,0.0029841006817346518,0.0029841006817346518,-0.0015318595027584115,-0.0015318595027584115,-0.0015318595027584115,-0.0007149985895564725,-0.0007149985895564725,-0.0007149985895564725,0.002059697070052562,0.002059697070052562,0.002059697070052562,0.0,0.0,0.0,1.0440807728343893
2025-02-21 00:00:00,1.0393601853168195,1.0384357728294515,1.049770928819543,1.0393601853168195,1.0393601853168195,0.0016519056367861984,0.0016519056367861984,0.0016519056367861984,-0.0008126922928558516,-0.0008126922928558516,-0.0008126922928558516,0.0008520038092305457,0.0008520038092305457,0.0008520038092305457,0.0013794185844451647,0.0013794185844451647,0.0013794185844451647,0.0013794185844451482,0.0013794185844451482,0.0013794185844451482,0.0013794185844451482,0.0013794185844451482,0.0013794185844451482,-0.0009911095011565054,-0.0009911095011565054,-0.0009911095011565054,-0.0024913039794091634,-0.0024913039794091634,-0.0024913039794091634,0.004829468292921047,0.004829468292921047,0.004829468292921047,1.4874771368819349e-05,1.4874771368819349e-05,1.4874771368819349e-05,-0.0006797480689459825,-0.0006797480689459825,-0.0006797480689459825,-0.0011933264308695618,-0.0011933264308695618,-0.0011933264308695618,0.0002677450577647708,0.0002677450577647708,0.0002677450577647708,0.00281001264972963,0.00281001264972963,0.00281001264972963,-0.0011476111969607964,-0.0011476111969607964,-0.0011476111969607964,-0.0007149985895564725,-0.0007149985895564725,-0.0007149985895564725,0.0039774644836905,0.0039774644836905,0.0039774644836905,0.0,0.0,0.0,1.0443797423767316
2025-02-24 00:00:00,1.0395884122954153,1.0434103075357295,1.0545708452214573,1.0395884122954153,1.0395884122954153,-0.001349845221997459,-0.001349845221997459,-0.001349845221997459,-0.0003321607641006611,-0.0003321607641006611,-0.0003321607641006611,0.0021912577636806676,0.0021912577636806676,0.0021912577636806676,0.0013794185844451647,0.0013794185844451647,0.0013794185844451647,0.0013794185844451482,0.0013794185844451482,0.0013794185844451482,0.0013794185844451482,0.0013794185844451482,0.0013794185844451482,0.0001231185098275121,0.0001231185098275121,0.0001231185098275121,-0.0015780625342498094,-0.0015780625342498094,-0.0015780625342498094,0.00873591108925256,0.00873591108925256,0.00873591108925256,0.0005850743405068945,0.0005850743405068945,0.0005850743405068945,0.001379331178406256,0.001379331178406256,0.001379331178406256,-0.0009442188655717997,-0.0009442188655717997,-0.0009442188655717997,7.277493175657172e-05,7.277493175657172e-05,7.277493175657172e-05,0.0015850697646739842,0.0015850697646739842,0.0015850697646739842,-0.0007730807393498105,-0.0007730807393498105,-0.0007730807393498105,-0.0007149985895564725,-0.0007149985895564725,-0.0007149985895564725,0.006544653325571891,0.006544653325571891,0.006544653325571891,0.0,0.0,0.0,1.0486701642346454
2025-02-25 00:00:00,1.0396644879549473,1.0416241323399311,1.0538477125365722,1.0396644879549473,1.0396644879549473,-0.0007553116503569966,-0.0007553116503569966,-0.0007553116503569966,0.0005337271308073044,0.0005337271308073044,0.0005337271308073044,0.003695101691383456,0.003695101691383456,0.003695101691383456,0.0013794185844451647,0.0013794185844451647,0.0013794185844451647,0.0013794185844451482,0.0013794185844451482,0.0013794185844451482,0.0013794185844451482,0.0013794185844451482,0.0013794185844451482,0.0006974622329017882,0.0006974622329017882,0.0006974622329017882,-0.002534032662144199,-0.002534032662144199,-0.002534032662144199,0.008005116817953918,0.008005116817953918,0.008005116817953918,1.4874771368819349e-05,1.4874771368819349e-05,1.4874771368819349e-05,-0.0006467102368116378,-0.0006467102368116378,-0.0006467102368116378,0.0018432125397388039,0.0018432125397388039,0.0018432125397388039,-7.081685527281384e-05,-7.081685527281384e-05,-7.081685527281384e-05,0.0019168957519923036,0.0019168957519923036,0.0019168957519923036,-0.0007274564946189049,-0.0007274564946189049,-0.0007274564946189049,-0.0007149985895564725,-0.0007149985895564725,-0.0007149985895564725,0.004310015126570463,0.004310015126570463,0.004310015126570463,0.0,0.0,0.0,1.047987123632505
2025-02-26 00:00:00,1.0397405636144792,1.0411602807246219,1.0520359822102063,1.0397405636144792,1.0397405636144792,0.00058059315884442,0.00058059315884442,0.00058059315884442,0.0007475837799554255,0.0007475837799554255,0.0007475837799554255,0.002752648015077445,0.002752648015077445,0.002752648015077445,0.0013794185844451647,0.0013794185844451647,0.0013794185844451647,0.0013794185844451482,0.0013794185844451482,0.0013794185844451482,0.0013794185844451482,0.0013794185844451482,0.0013794185844451482,0.0006596767737869913,0.0006596767737869913,0.0006596767737869913,-0.0024223459285353526,-0.0024223459285353526,-0.0024223459285353526,0.006531230648281636,0.006531230648281636,0.006531230648281636,1.4874771368819349e-05,1.4874771368819349e-05,1.4874771368819349e-05,-0.0004127973602495506,-0.0004127973602495506,-0.0004127973602495506,-0.0008994946564511107,-0.0008994946564511107,-0.0008994946564511107,-0.00022229997462406187,-0.00022229997462406187,-0.00022229997462406187,0.0019856730668877526,0.0019856730668877526,0.0019856730668877526,-0.0007020727796848764,-0.0007020727796848764,-0.0007020727796848764,-0.0007149985895564725,-0.0007149985895564725,-0.0007149985895564725,0.0037785826332041904,0.0037785826332041904,0.0037785826332041904,0.0,0.0,0.0,1.0465313490498198
2025-02-27 00:00:00,1.040387928720182,1.0447470592304926,1.0561585124728854,1.040387928720182,1.040387928720182,0.0016519056367861984,0.0016519056367861984,0.0016519056367861984,0.00014837076465452955,0.00014837076465452955,0.00014837076465452955,0.006319664283178562,0.006319664283178562,0.006319664283178562,0.0013794185844451647,0.0013794185844451647,0.0013794185844451647,0.0013794185844451482,0.0013794185844451482,0.0013794185844451482,0.0013794185844451482,0.0013794185844451482,0.0013794185844451482,0.0006403069916219111,0.0006403069916219111,0.0006403069916219111,-0.0014496387430696922,-0.0014496387430696922,-0.0014496387430696922,0.008379361353171836,0.008379361353171836,0.008379361353171836,0.0005850743405068945,0.0005850743405068945,0.0005850743405068945,0.0010508407405019971,0.0010508407405019971,0.0010508407405019971,-0.0005828404533289486,-0.0005828404533289486,-0.0005828404533289486,-0.00017845396308041166,-0.00017845396308041166,-0.00017845396308041166,0.0013394642730695289,0.0013394642730695289,0.0013394642730695289,-0.00030862246826243316,-0.00030862246826243316,-0.00030862246826243316,-0.0007149985895564725,-0.0007149985895564725,-0.0007149985895564725,0.002059697069993274,0.002059697069993274,0.002059697069993274,0.0,0.0,0.0,1.0491057151224064
2025-02-28 00:00:00,1.0410352938258847,1.0439406892852734,1.055684215295594,1.0410352938258847,1.0410352938258847,0.0016519056367861984,0.0016519056367861984,0.0016519056367861984,-0.0008126922928558516,-0.0008126922928558516,-0.0008126922928558516,0.003536400559017911,0.003536400559017911,0.003536400559017911,0.0013794185844451647,0.0013794185844451647,0.0013794185844451647,0.0013794185844451482,0.0013794185844451482,0.0013794185844451482,0.0013794185844451482,0.0013794185844451482,0.0013794185844451482,-9.101589865620056e-05,-9.101589865620056e-05,-9.101589865620056e-05,-0.0018359792330772924,-0.0018359792330772924,-0.0018359792330772924,0.007513865042696806,0.007513865042696806,0.007513865042696806,-0.0005553247977692558,-0.0005553247977692558,-0.0005553247977692558,-0.0008285665448423319,-0.0008285665448423319,-0.0008285665448423319,0.0013985261275300518,0.0013985261275300518,0.0013985261275300518,0.00031216842901070455,0.00031216842901070455,0.00031216842901070455,0.0010488877257383738,0.0010488877257383738,0.0010488877257383738,-0.0001353860450359183,-0.0001353860450359183,-0.0001353860450359183,-0.0007543783011460291,-0.0007543783011460291,-0.0007543783011460291,0.0039774644836788955,0.0039774644836788955,0.0039774644836788955,0.0,0.0,0.0,1.0488574925283767
2025-03-03 00:00:00,1.0429773891429932,1.0356495674026942,1.048712011865879,1.0429773891429932,1.0429773891429932,-0.001349845221997459,-0.001349845221997459,-0.001349845221997459,-0.0003321607641006611,-0.0003321607641006611,-0.0003321607641006611,-0.007858070604455192,-0.007858070604455192,-0.007858070604455192,0.0013794185844451647,0.0013794185844451647,0.0013794185844451647,0.0013794185844451482,0.0013794185844451482,0.0013794185844451482,0.0013794185844451482,0.0013794185844451482,0.0013794185844451482,-0.002007992200250756,-0.002007992200250756,-0.002007992200250756,-0.0026427349404872153,-0.0026427349404872153,-0.0026427349404872153,-0.0013134172789533941,-0.0013134172789533941,-0.0013134172789533941,-0.0005553247977692558,-0.0005553247977692558,-0.0005553247977692558,-0.001948171533282889,-0.001948171533282889,-0.001948171533282889,-0.0011456784713336275,-0.0011456784713336275,-0.0011456784713336275,-0.00017058194928973303,-0.00017058194928973303,-0.00017058194928973303,-0.0005004269550750907,-0.0005004269550750907,-0.0005004269550750907,0.00011980358555408272,0.00011980358555408272,0.00011980358555408272,-0.0014632131097580495,-0.0014632131097580495,-0.0014632131097580495,0.006544653325501799,0.006544653325501799,0.006544653325501799,0.0,0.0,0.0,1.041607524618535
2025-03-04 00:00:00,1.0460365830688807,1.0499592135417046,1.0598169912766824,1.0460365830688807,1.0460365830688807,-0.0007553116503569966,-0.0007553116503569966,-0.0007553116503569966,0.0005337271308073044,0.0005337271308073044,0.0005337271308073044,0.0038568316496199,0.0038568316496199,0.0038568316496199,0.0013794185844451647,0.0013794185844451647,0.0013794185844451647,0.0013794185844451482,0.0013794185844451482,0.0013794185844451482,0.0013794185844451482,0.0013794185844451482,0.0013794185844451482,-0.002109886268647418,-0.002109886268647418,-0.002109886268647418,-0.0005532635220493821,-0.0005532635220493821,-0.0005532635220493821,0.00816684677620591,0.00816684677620591,0.00816684677620591,1.4874771368819349e-05,1.4874771368819349e-05,1.4874771368819349e-05,0.00020766874531956943,0.00020766874531956943,0.00020766874531956943,-0.002661318100228278,-0.002661318100228278,-0.002661318100228278,-0.00011484689431922701,-0.00011484689431922701,-0.00011484689431922701,0.004307881063151396,0.004307881063151396,0.004307881063151396,0.0003826578631084238,0.0003826578631084238,0.0003826578631084238,0.00046639275813022753,0.00046639275813022753,0.00046639275813022753,0.004310015126586011,0.004310015126586011,0.004310015126586011,0.0,0.0,0.0,1.0545794035651102
2025-03-05 00:00:00,1.0490957769947682,1.0590712389381622,1.071978157308528,1.0490957769947682,1.0490957769947682,0.00058059315884442,0.00058059315884442,0.00058059315884442,0.0007475837799554255,0.0007475837799554255,0.0007475837799554255,0.012474623780715347,0.012474623780715347,0.012474623780715347,0.0013794185844451647,0.0013794185844451647,0.0013794185844451647,0.0013794185844451482,0.0013794185844451482,0.0013794185844451482,0.0013794185844451482,0.0013794185844451482,0.0013794185844451482,-0.0012267450477207937,-0.0012267450477207937,-0.0012267450477207937,-0.0006733766034838473,-0.0006733766034838473,-0.0006733766034838473,0.016253206413865424,0.016253206413865424,0.016253206413865424,0.0005850743405068945,0.0005850743405068945,0.0005850743405068945,0.001219063035647643,0.001219063035647643,0.001219063035647643,0.00025710133658423453,0.00025710133658423453,0.00025710133658423453,0.000233898122206881,0.000233898122206881,0.000233898122206881,0.004608351609753604,0.004608351609753604,0.004608351609753604,0.0014990518253656419,0.0014990518253656419,0.0014990518253656419,0.0005057724697197842,0.0005057724697197842,0.0005057724697197842,0.003778582633150076,0.003778582633150076,0.003778582633150076,0.0,0.0,0.0,1.0661469472061786
2025-03-06 00:00:00,1.0521549709206557,1.064766751261715,1.077260565414771,1.0521549709206557,1.0521549709206557,0.0016519056367861984,0.0016519056367861984,0.0016519056367861984,0.00014837076465452955,0.00014837076465452955,0.00014837076465452955,0.016192773610280573,0.016192773610280573,0.016192773610280573,0.0013794185844451647,0.0013794185844451647,0.0013794185844451647,0.0013794185844451482,0.0013794185844451482,0.0013794185844451482,0.0013794185844451482,0.0013794185844451482,0.0013794185844451482,0.0008661848324039831,0.0008661848324039831,0.0008661848324039831,0.000507121840099619,0.000507121840099619,0.000507121840099619,0.018252470680289488,0.018252470680289488,0.018252470680289488,0.0005850743405068945,0.0005850743405068945,0.0005850743405068945,0.002565608285349557,0.002565608285349557,0.002565608285349557,0.001626253209508742,0.001626253209508742,0.001626253209508742,-0.00021391334461004876,-0.00021391334461004876,-0.00021391334461004876,0.0012330186689208573,0.0012330186689208573,0.0012330186689208573,0.003760512501291697,0.003760512501291697,0.003760512501291697,-0.0006756188779669158,-0.0006756188779669158,-0.0006756188779669158,0.0020596970700089154,0.0020596970700089154,0.0020596970700089154,0.0,0.0,0.0,1.071359398678506
2025-03-07 00:00:00,1.0552141648465432,1.072722971791113,1.083535530216495,1.0552141648465432,1.0552141648465432,0.0016519056367861984,0.0016519056367861984,0.0016519056367861984,-0.0008126922928558516,-0.0008126922928558516,-0.0008126922928558516,0.017392693086616878,0.017392693086616878,0.017392693086616878,0.0013794185844451647,0.0013794185844451647,0.0013794185844451647,0.0013794185844451482,0.0013794185844451482,0.0013794185844451482,0.0013794185844451482,0.0013794185844451482,0.0013794185844451482,0.003124488028840479,0.003124488028840479,0.003124488028840479,0.0021988590086374116,0.0021988590086374116,0.0021988590086374116,0.021370157570323976,0.021370157570323976,0.021370157570323976,0.0005850743405068945,0.0005850743405068945,0.0005850743405068945,0.003020596991792116,0.003020596991792116,0.003020596991792116,0.003449108023143239,0.003449108023143239,0.003449108023143239,-0.00048068465918290904,-0.00048068465918290904,-0.00048068465918290904,-0.002793850385546002,-0.002793850385546002,-0.002793850385546002,0.00505050373204479,0.00505050373204479,0.00505050373204479,-0.001738871090884946,-0.001738871090884946,-0.001738871090884946,0.003977464483707096,0.003977464483707096,0.003977464483707096,0.0,0.0,0.0,1.0777642578197517
2025-03-10 00:00:00,1.0643560361773605,1.0743168305769881,1.0858221936144485,1.0643560361773605,1.0643560361773605,-0.001349845221997459,-0.001349845221997459,-0.001349845221997459,-0.0003321607641006611,-0.0003321607641006611,-0.0003321607641006611,0.008355322776148807,0.008355322776148807,0.008355322776148807,0.0013794185844451647,0.0013794185844451647,0.0013794185844451647,0.0013794185844451482,0.0013794185844451482,0.0013794185844451482,0.0013794185844451482,0.0013794185844451482,0.0013794185844451482,0.002109174458372283,0.002109174458372283,0.002109174458372283,0.0023030495946434896,0.0023030495946434896,0.0023030495946434896,0.014899976101671108,0.014899976101671108,0.014899976101671108,1.4874771368819349e-05,1.4874771368819349e-05,1.4874771368819349e-05,-0.00028431193271839306,-0.00028431193271839306,-0.00028431193271839306,0.004065038571241604,0.004065038571241604,0.004065038571241604,3.299324603342144e-05,3.299324603342144e-05,3.299324603342144e-05,-0.0027053155680132708,-0.0027053155680132708,-0.0027053155680132708,0.002063061247278901,0.002063061247278901,0.002063061247278901,-0.0016994913792953892,-0.0016994913792953892,-0.0016994913792953892,0.0065446533255222985,0.0065446533255222985,0.0065446533255222985,0.0,0.0,0.0,1.0802149156800724
2025-03-11 00:00:00,1.0674033266209664,1.0794468045630323,1.0910073025138272,1.0674033266209664,1.0674033266209664,-0.0007553116503569966,-0.0007553116503569966,-0.0007553116503569966,0.0005337271308073044,0.0005337271308073044,0.0005337271308073044,0.011216757265967643,0.011216757265967643,0.011216757265967643,0.0013794185844451647,0.0013794185844451647,0.0013794185844451647,0.0013794185844451482,0.0013794185844451482,0.0013794185844451482,0.0013794185844451482,0.0013794185844451482,0.0013794185844451482,0.0032352698992308233,0.0032352698992308233,0.0032352698992308233,0.004094191029947933,0.004094191029947933,0.004094191029947933,0.015526772392557887,0.015526772392557887,0.015526772392557887,0.0005850743405068945,0.0005850743405068945,0.0005850743405068945,0.0011984546237242934,0.0011984546237242934,0.0011984546237242934,-0.00040890624643251947,-0.00040890624643251947,-0.00040890624643251947,0.0002739809043307571,0.0002739809043307571,0.0002739809043307571,-0.0014006057593210026,-0.0014006057593210026,-0.0014006057593210026,0.001343359196310971,0.001343359196310971,0.001343359196310971,-0.001620731956116276,-0.001620731956116276,-0.001620731956116276,0.004310015126590241,0.004310015126590241,0.004310015126590241,0.0,0.0,0.0,1.0839766551244692
2025-03-12 00:00:00,1.0704506170645722,1.084630097463341,1.0957344415425314,1.0704506170645722,1.0704506170645722,0.00058059315884442,0.00058059315884442,0.00058059315884442,0.0007475837799554255,0.0007475837799554255,0.0007475837799554255,0.014053618057069187,0.014053618057069187,0.014053618057069187,0.0013794185844451647,0.0013794185844451647,0.0013794185844451647,0.0013794185844451482,0.0013794185844451482,0.0013794185844451482,0.0013794185844451482,0.0013794185844451482,0.0013794185844451482,0.003153830428223704,0.003153830428223704,0.003153830428223704,0.003968606582710938,0.003968606582710938,0.003968606582710938,0.017832200690244868,0.017832200690244868,0.017832200690244868,1.4874771368819349e-05,1.4874771368819349e-05,1.4874771368819349e-05,-0.0005462400905108558,-0.0005462400905108558,-0.0005462400905108558,0.0015983550435286855,0.0015983550435286855,0.0015983550435286855,0.0005948258899315801,0.0005948258899315801,0.0005948258899315801,-0.0015540123166084981,-0.0015540123166084981,-0.0015540123166084981,0.003017056723995338,0.003017056723995338,0.003017056723995338,-0.0016601116677058326,-0.0016601116677058326,-0.0016601116677058326,0.0037785826331756833,0.0037785826331756833,0.0037785826331756833,0.0,0.0,0.0,1.0895391072970642
2025-03-13 00:00:00,1.073497907508178,1.0844226373394183,1.0970400722449534,1.073497907508178,1.073497907508178,0.0016519056367861984,0.0016519056367861984,0.0016519056367861984,0.00014837076465452955,0.00014837076465452955,0.00014837076465452955,0.013724151313240056,0.013724151313240056,0.013724151313240056,0.0013794185844451647,0.0013794185844451647,0.0013794185844451647,0.0013794185844451482,0.0013794185844451482,0.0013794185844451482,0.0013794185844451482,0.0013794185844451482,0.0013794185844451482,0.003264041425283322,0.003264041425283322,0.003264041425283322,0.004064293313222768,0.004064293313222768,0.004064293313222768,0.015783848383220403,0.015783848383220403,0.015783848383220403,0.0005850743405068945,0.0005850743405068945,0.0005850743405068945,0.0012314270848210861,0.0012314270848210861,0.0012314270848210861,-0.0007634854953393807,-0.0007634854953393807,-0.0007634854953393807,0.0007032372819731143,0.0007032372819731143,0.0007032372819731143,-0.0016671242441897941,-0.0016671242441897941,-0.0016671242441897941,0.0020282671198916906,0.0020282671198916906,0.0020282671198916906,-0.0016601116677058326,-0.0016601116677058326,-0.0016601116677058326,0.0020596970699803467,0.0020596970699803467,0.0020596970699803467,0.0,0.0,0.0,1.0904418357199916
2025-03-14 00:00:00,1.0747689475287194,1.0827823008334014,1.094648311073763,1.0747689475287194,1.0747689475287194,0.0016519056367861984,0.0016519056367861984,0.0016519056367861984,-0.0008126922928558516,-0.0008126922928558516,-0.0008126922928558516,0.008275075274892678,0.008275075274892678,0.008275075274892678,0.0013794185844451647,0.0013794185844451647,0.0013794185844451647,0.0013794185844451482,0.0013794185844451482,0.0013794185844451482,0.0013794185844451482,0.0013794185844451482,0.0013794185844451482,0.0033618964779489544,0.0033618964779489544,0.0033618964779489544,0.003397035985853163,0.003397035985853163,0.003397035985853163,0.01225253975858817,0.01225253975858817,0.01225253975858817,1.4874771368819349e-05,1.4874771368819349e-05,1.4874771368819349e-05,-0.0006682260461126161,-0.0006682260461126161,-0.0006682260461126161,0.001642990758103424,0.001642990758103424,0.001642990758103424,-8.42323233233577e-05,-8.42323233233577e-05,-8.42323233233577e-05,-0.002151681247646082,-0.002151681247646082,-0.002151681247646082,-0.0005549405308596021,-0.0005549405308596021,-0.0005549405308596021,-0.0016601116677058326,-0.0016601116677058326,-0.0016601116677058326,0.0039774644836954925,0.0039774644836954925,0.0039774644836954925,0.0,0.0,0.0,1.087937596789611
2025-03-17 00:00:00,1.0785820675903441,1.0839195838291085,1.0947736315849612,1.0785820675903441,1.0785820675903441,-0.001349845221997459,-0.001349845221997459,-0.001349845221997459,-0.0003321607641006611,-0.0003321607641006611,-0.0003321607641006611,0.0033297894266725607,0.0033297894266725607,0.0033297894266725607,0.0013794185844451647,0.0013794185844451647,0.0013794185844451647,0.0013794185844451482,0.0013794185844451482,0.0013794185844451482,0.0013794185844451482,0.0013794185844451482,0.0013794185844451482,0.004111974897644723,0.004111974897644723,0.004111974897644723,0.0021678951901284147,0.0021678951901284147,0.0021678951901284147,0.00987444275219556,0.00987444275219556,0.00987444275219556,1.4874771368819349e-05,1.4874771368819349e-05,1.4874771368819349e-05,-0.0007191297554263238,-0.0007191297554263238,-0.0007191297554263238,-0.000928621190863684,-0.000928621190863684,-0.000928621190863684,0.00026907048217578926,0.00026907048217578926,0.00026907048217578926,-0.0022092202546203877,-0.0022092202546203877,-0.0022092202546203877,-0.00017319281326629837,-0.00017319281326629837,-0.00017319281326629837,-0.0016601116677058326,-0.0016601116677058326,-0.0016601116677058326,0.006544653325522998,0.006544653325522998,0.006544653325522998,0.0,0.0,0.0,1.0892324644703097
2025-03-18 00:00:00,1.0798531076108855,1.0836572738927612,1.0949441350277673,1.0798531076108855,1.0798531076108855,-0.0007553116503569966,-0.0007553116503569966,-0.0007553116503569966,0.0005337271308073044,0.0005337271308073044,0.0005337271308073044,0.004479014550597947,0.004479014550597947,0.004479014550597947,0.0013794185844451647,0.0013794185844451647,0.0013794185844451647,0.0013794185844451482,0.0013794185844451482,0.0013794185844451482,0.0013794185844451482,0.0013794185844451482,0.0013794185844451482,0.004180585486939842,0.004180585486939842,0.004180585486939842,0.0021328363536852555,0.0021328363536852555,0.0021328363536852555,0.008789029677164804,0.008789029677164804,0.008789029677164804,1.4874771368819349e-05,1.4874771368819349e-05,1.4874771368819349e-05,0.00032009069805520905,0.00032009069805520905,0.00032009069805520905,-0.0009975309223226785,-0.0009975309223226785,-0.0009975309223226785,-0.00014664265527022428,-0.00014664265527022428,-0.00014664265527022428,-0.0022026840326619715,-0.0022026840326619715,-0.0022026840326619715,-0.0011184544268657978,-0.0011184544268657978,-0.0011184544268657978,-0.001620731956116276,-0.001620731956116276,-0.001620731956116276,0.004310015126566857,0.004310015126566857,0.004310015126566857,0.0,0.0,0.0,1.0893439686206563
2025-03-19 00:00:00,1.079886084007851,1.08879552229901,1.0994872652058598,1.079886084007851,1.079886084007851,0.00058059315884442,0.00058059315884442,0.00058059315884442,0.0007475837799554255,0.0007475837799554255,0.0007475837799554255,0.008249006236877228,0.008249006236877228,0.008249006236877228,0.0013794185844451647,0.0013794185844451647,0.0013794185844451647,0.0013794185844451482,0.0013794185844451482,0.0013794185844451482,0.0013794185844451482,0.0013794185844451482,0.0013794185844451482,0.0037694932920284995,0.0037694932920284995,0.0037694932920284995,0.0026300647097033366,0.0026300647097033366,0.0026300647097033366,0.012027588870038656,0.012027588870038656,0.012027588870038656,1.4874771368819349e-05,1.4874771368819349e-05,1.4874771368819349e-05,0.000545467490395556,0.000545467490395556,0.000545467490395556,0.0004092899821182156,0.0004092899821182156,0.0004092899821182156,0.0002769269198322037,0.0002769269198322037,0.0002769269198322037,-0.0021452529047297185,-0.0021452529047297185,-0.0021452529047297185,-0.0011763181830378284,-0.0011763181830378284,-0.0011763181830378284,-0.0015419725329371625,-0.0015419725329371625,-0.0015419725329371625,0.0037785826331614286,0.0037785826331614286,0.0037785826331614286,0.0,0.0,0.0,1.0928745098527737
2025-03-20 00:00:00,1.0799190604048163,1.084721495256564,1.0955928692959942,1.0799190604048163,1.0799190604048163,0.0016519056367861984,0.0016519056367861984,0.0016519056367861984,0.00014837076465452955,0.00014837076465452955,0.00014837076465452955,0.006948826087489016,0.006948826087489016,0.006948826087489016,0.0013794185844451647,0.0013794185844451647,0.0013794185844451647,0.0013794185844451482,0.0013794185844451482,0.0013794185844451482,0.0013794185844451482,0.0013794185844451482,0.0013794185844451482,0.002337560789419333,0.002337560789419333,0.002337560789419333,0.0033263200163369112,0.0033263200163369112,0.0033263200163369112,0.009008523157498496,0.009008523157498496,0.009008523157498496,1.4874771368819349e-05,1.4874771368819349e-05,1.4874771368819349e-05,0.00021931378791395829,0.00021931378791395829,0.00021931378791395829,0.0007143886565890877,0.0007143886565890877,0.0007143886565890877,-0.0001757085794767918,-0.0001757085794767918,-0.0001757085794767918,-0.0015202694759326597,-0.0015202694759326597,-0.0015202694759326597,-0.0024823526353373393,-0.0024823526353373393,-0.0024823526353373393,-0.0014238333981684928,-0.0014238333981684928,-0.0014238333981684928,0.00205969707000948,0.00205969707000948,0.00205969707000948,0.0,0.0,0.0,1.0896475362686973
2025-03-21 00:00:00,1.0799520368017819,1.080926140131609,1.0919246442073876,1.0799520368017819,1.0799520368017819,0.0016519056367861984,0.0016519056367861984,0.0016519056367861984,-0.0008126922928558516,-0.0008126922928558516,-0.0008126922928558516,0.002466749318969432,0.002466749318969432,0.002466749318969432,0.0013794185844451647,0.0013794185844451647,0.0013794185844451647,0.0013794185844451482,0.0013794185844451482,0.0013794185844451482,0.0013794185844451482,0.0013794185844451482,0.0013794185844451482,9.09030690615352e-05,9.09030690615352e-05,9.09030690615352e-05,0.0033385866679060037,0.0033385866679060037,0.0033385866679060037,0.0064442138026931245,0.0064442138026931245,0.0064442138026931245,1.4874771368819349e-05,1.4874771368819349e-05,1.4874771368819349e-05,-0.0006606663619565267,-0.0006606663619565267,-0.0006606663619565267,0.000272865546478302,0.000272865546478302,0.000272865546478302,-0.0001878375442370927,-0.0001878375442370927,-0.0001878375442370927,-0.001502230467749003,-0.001502230467749003,-0.001502230467749003,-0.0024927617725894777,-0.0024927617725894777,-0.0024927617725894777,-0.001384453686578936,-0.001384453686578936,-0.001384453686578936,0.003977464483723693,0.003977464483723693,0.003977464483723693,0.0,0.0,0.0,1.0869114786235865
2025-03-24 00:00:00,1.080050965992678,1.0773793941359162,1.0885807986066451,1.080050965992678,1.080050965992678,-0.001349845221997459,-0.001349845221997459,-0.001349845221997459,-0.0003321607641006611,-0.0003321607641006611,-0.0003321607641006611,-0.0039566317402519174,-0.0039566317402519174,-0.0039566317402519174,0.0013794185844451647,0.0013794185844451647,0.0013794185844451647,0.0013794185844451482,0.0013794185844451482,0.0013794185844451482,0.0013794185844451482,0.0013794185844451482,0.0013794185844451482,-0.00045003083303020143,-0.00045003083303020143,-0.00045003083303020143,0.0016993281805614724,0.0016993281805614724,0.0016993281805614724,0.002588021585291583,0.002588021585291583,0.002588021585291583,-0.0005553247977692558,-0.0005553247977692558,-0.0005553247977692558,-0.001170659742857195,-0.001170659742857195,-0.001170659742857195,-0.0009183874414545688,-0.0009183874414545688,-0.0009183874414545688,5.978032935993242e-05,5.978032935993242e-05,5.978032935993242e-05,-0.0018538009742813631,-0.0018538009742813631,-0.0018538009742813631,-0.0017211934066704738,-0.0017211934066704738,-0.0017211934066704738,-0.0015025928213476057,-0.0015025928213476057,-0.0015025928213476057,0.0065446533255435,0.0065446533255435,0.0065446533255435,0.0,0.0,0.0,1.0828461612058822
2025-03-25 00:00:00,1.0800839423093926,1.0765719329996584,1.0876319507990717,1.0800839423093926,1.0800839423093926,-0.0007553116503569966,-0.0007553116503569966,-0.0007553116503569966,0.0005337271308073044,0.0005337271308073044,0.0005337271308073044,-0.0030130071332742565,-0.0030130071332742565,-0.0030130071332742565,0.0013794185844451647,0.0013794185844451647,0.0013794185844451647,0.0013794185844451482,0.0013794185844451482,0.0013794185844451482,0.0013794185844451482,0.0013794185844451482,0.0013794185844451482,-0.001512081911135365,-0.001512081911135365,-0.001512081911135365,0.0017667887015012122,0.0017667887015012122,0.0017667887015012122,0.0012970079932968334,0.0012970079932968334,0.0012970079932968334,1.4874771368819349e-05,1.4874771368819349e-05,1.4874771368819349e-05,-0.00054177027934422,-0.00054177027934422,-0.00054177027934422,-0.0016087793087180792,-0.0016087793087180792,-0.0016087793087180792,0.00011348146841129798,0.00011348146841129798,0.00011348146841129798,-0.001775701476551136,-0.001775701476551136,-0.001775701476551136,-0.0019232772228345047,-0.0019232772228345047,-0.0019232772228345047,-0.0014632131097580495,-0.0014632131097580495,-0.0014632131097580495,0.004310015126571089,0.004310015126571089,0.004310015126571089,0.0,0.0,0.0,1.0814848198159994
2025-03-26 00:00:00,1.080116918626107,1.0755959436295304,1.0866058769376343,1.080116918626107,1.080116918626107,0.00058059315884442,0.00058059315884442,0.00058059315884442,0.0007475837799554255,0.0007475837799554255,0.0007475837799554255,-0.0025360699459522004,-0.0025360699459522004,-0.0025360699459522004,0.0013794185844451647,0.0013794185844451647,0.0013794185844451647,0.0013794185844451482,0.0013794185844451482,0.0013794185844451482,0.0013794185844451482,0.0013794185844451482,0.0013794185844451482,-0.0016371279050480792,-0.0016371279050480792,-0.0016371279050480792,0.0015492891991075886,0.0015492891991075886,0.0015492891991075886,0.001242512687223504,0.001242512687223504,0.001242512687223504,1.4874771368819349e-05,1.4874771368819349e-05,1.4874771368819349e-05,-0.0007511343344149251,-0.0007511343344149251,-0.0007511343344149251,-0.0007574345907723465,-0.0007574345907723465,-0.0007574345907723465,3.5767941888866894e-05,3.5767941888866894e-05,3.5767941888866894e-05,-0.002020930339943256,-0.002020930339943256,-0.002020930339943256,-0.0029332145589265695,-0.0029332145589265695,-0.0029332145589265695,-0.0015025928213476057,-0.0015025928213476057,-0.0015025928213476057,0.0037785826331757045,0.0037785826331757045,0.0037785826331757045,0.0,0.0,0.0,1.0814589776011847
2025-03-27 00:00:00,1.0801498949428217,1.0713572316799893,1.0825159183064166,1.0801498949428217,1.0801498949428217,0.0016519056367861984,0.0016519056367861984,0.0016519056367861984,0.00014837076465452955,0.00014837076465452955,0.00014837076465452955,-0.005164340887444238,-0.005164340887444238,-0.005164340887444238,0.0013794185844451647,0.0013794185844451647,0.0013794185844451647,0.0013794185844451482,0.0013794185844451482,0.0013794185844451482,0.0013794185844451482,0.0013794185844451482,0.0013794185844451482,-0.00266533598046264,-0.00266533598046264,-0.00266533598046264,0.0005823256996742627,0.0005823256996742627,0.0005823256996742627,-0.0031046438174191153,-0.0031046438174191153,-0.0031046438174191153,1.4874771368819349e-05,1.4874771368819349e-05,1.4874771368819349e-05,-0.00045334433084842445,-0.00045334433084842445,-0.00045334433084842445,-0.0010408563886452043,-0.0010408563886452043,-0.0010408563886452043,-0.00017390731304720526,-0.00017390731304720526,-0.00017390731304720526,-0.0017876669207801022,-0.0017876669207801022,-0.0017876669207801022,-0.004155129181311439,-0.004155129181311439,-0.004155129181311439,-0.0014238333981684928,-0.0014238333981684928,-0.0014238333981684928,0.002059697070025122,0.002059697070025122,0.002059697070025122,0.0,0.0,0.0,1.0767964142496014
2025-03-28 00:00:00,1.0807504038290197,1.0725896446958714,1.082309223971327,1.0807504038290197,1.0807504038290197,0.0016519056367861984,0.0016519056367861984,0.0016519056367861984,-0.0008126922928558516,-0.0008126922928558516,-0.0008126922928558516,-0.007350666692766399,-0.007350666692766399,-0.007350666692766399,0.0013794185844451647,0.0013794185844451647,0.0013794185844451647,0.0013794185844451482,0.0013794185844451482,0.0013794185844451482,0.0013794185844451482,0.0013794185844451482,0.0013794185844451482,-0.002867969262937787,-0.002867969262937787,-0.002867969262937787,0.0004719585469349545,0.0004719585469349545,0.0004719585469349545,-0.0033732022090941166,-0.0033732022090941166,-0.0033732022090941166,-0.0005553247977692558,-0.0005553247977692558,-0.0005553247977692558,-0.0010002510227106363,-0.0010002510227106363,-0.0010002510227106363,-0.0006377299867856337,-0.0006377299867856337,-0.0006377299867856337,-0.00029542481792705434,-0.00029542481792705434,-0.00029542481792705434,-0.00195212417426455,-0.00195212417426455,-0.00195212417426455,-0.004028057164814194,-0.004028057164814194,-0.004028057164814194,-0.0014632131097580495,-0.0014632131097580495,-0.0014632131097580495,0.003977464483672283,0.003977464483672283,0.003977464483672283,0.0,0.0,0.0,1.0771048141793442
2025-03-30 23:00:00,1.0825269092840224,1.0768570121065768,1.0890725658573281,1.0825269092840224,1.0825269092840224,-0.0007553116503569963,-0.0007553116503569963,-0.0007553116503569963,-0.001198048659008627,-0.001198048659008627,-0.001198048659008627,-0.005085044864517982,-0.005085044864517982,-0.005085044864517982,-0.0004232307020456544,-0.0004232307020456544,-0.0004232307020456544,-0.0004232307020456706,-0.0004232307020456706,-0.0004232307020456706,-0.0004232307020456711,-0.0004232307020456711,-0.0004232307020456711,-0.0018505239082681724,-0.0018505239082681724,-0.0018505239082681724,0.0023337629191827703,0.0023337629191827703,0.0023337629191827703,0.0005355972348550396,0.0005355972348550396,0.0005355972348550396,0.0005850743405068945,0.0005850743405068945,0.0005850743405068945,0.0009480063929276622,0.0009480063929276622,0.0009480063929276622,-0.0013780924039347362,-0.0013780924039347362,-0.0013780924039347362,-0.00014557762125097008,-0.00014557762125097008,-0.00014557762125097008,-7.300448069222845e-05,-7.300448069222845e-05,-7.300448069222845e-05,-0.00156663909793011,-0.00156663909793011,-0.00156663909793011,-0.0007149985895564725,-0.0007149985895564725,-0.0007149985895564725,0.0056206420993730214,0.0056206420993730214,0.0056206420993730214,0.0,0.0,0.0,1.0831067077032912
2025-03-31 23:00:00,1.0831274181702204,1.0789757348635323,1.0897479038462845,1.0831274181702204,1.0831274181702204,-0.001349845221997459,-0.001349845221997459,-0.001349845221997459,-0.0003321607641006611,-0.0003321607641006611,-0.0003321607641006611,-0.003259998595478838,-0.003259998595478838,-0.003259998595478838,-0.0004232307020456544,-0.0004232307020456544,-0.0004232307020456544,-0.0004232307020456706,-0.0004232307020456706,-0.0004232307020456706,-0.0004232307020456711,-0.0004232307020456711,-0.0004232307020456711,-0.0018799253802324314,-0.0018799253802324314,-0.0018799253802324314,0.0023750634703477947,0.0023750634703477947,0.0023750634703477947,0.001602752211237405,0.001602752211237405,0.001602752211237405,1.4874771368819349e-05,1.4874771368819349e-05,1.4874771368819349e-05,0.0002719148854658938,0.0002719148854658938,0.0002719148854658938,0.001259316483053317,0.001259316483053317,0.001259316483053317,-0.0001954633620007596,-0.0001954633620007596,-0.0001954633620007596,-7.327779613645657e-05,-7.327779613645657e-05,-7.327779613645657e-05,-0.0013658049855534262,-0.0013658049855534262,-0.0013658049855534262,-0.0007149985895564725,-0.0007149985895564725,-0.0007149985895564725,0.004862750806716243,0.004862750806716243,0.004862750806716243,0.0,0.0,0.0,1.0848634030347446
2025-04-01 23:00:00,1.0837279270564184,1.0775155775397713,1.0878690654883703,1.0837279270564184,1.0837279270564184,-0.0007553116503569966,-0.0007553116503569966,-0.0007553116503569966,0.0005337271308073044,0.0005337271308073044,0.0005337271308073044,-0.004196218862352935,-0.004196218862352935,-0.004196218862352935,-0.0004232307020456544,-0.0004232307020456544,-0.0004232307020456544,-0.0004232307020456706,-0.0004232307020456706,-0.0004232307020456706,-0.0004232307020456711,-0.0004232307020456711,-0.0004232307020456711,-0.0023640187601617303,-0.0023640187601617303,-0.0023640187601617303,0.0014321282513802963,0.0014321282513802963,0.0014321282513802963,-0.0007433686936736514,-0.0007433686936736514,-0.0007433686936736514,1.4874771368819349e-05,1.4874771368819349e-05,1.4874771368819349e-05,-0.0002477442227986716,-0.0002477442227986716,-0.0002477442227986716,0.00034407307841696457,0.00034407307841696457,0.00034407307841696457,-0.00012450813088059215,-0.00012450813088059215,-0.00012450813088059215,0.0003551162873649485,0.0003551162873649485,0.0003551162873649485,-0.001675522902926706,-0.001675522902926706,-0.001675522902926706,-0.00043934060842957607,-0.00043934060842957607,-0.00043934060842957607,0.0034528501686792844,0.0034528501686792844,0.0034528501686792844,0.0,0.0,0.0,1.0829223176429847
2025-04-02 23:00:00,1.0843284365152537,1.0792380270002733,1.090666076706031,1.0843284365152537,1.0843284365152537,0.00058059315884442,0.00058059315884442,0.00058059315884442,0.0007475837799554255,0.0007475837799554255,0.0007475837799554255,-0.001984772839522294,-0.001984772839522294,-0.001984772839522294,-0.0004232307020456544,-0.0004232307020456544,-0.0004232307020456544,-0.0004232307020456706,-0.0004232307020456706,-0.0004232307020456706,-0.0004232307020456711,-0.0004232307020456711,-0.0004232307020456711,-0.0028514599493629804,-0.0028514599493629804,-0.0028514599493629804,-0.0005896257884900327,-0.0005896257884900327,-0.0005896257884900327,0.0004448355343494668,0.0004448355343494668,0.0004448355343494668,1.4874771368819349e-05,1.4874771368819349e-05,1.4874771368819349e-05,-0.0005793834816587512,-0.0005793834816587512,-0.0005793834816587512,-0.00035940354604758226,-0.00035940354604758226,-0.00035940354604758226,-0.0002548210703932966,-0.0002548210703932966,-0.0002548210703932966,0.0034968065849463313,0.0034968065849463313,0.0034968065849463313,-0.0015835365086256622,-0.0015835365086256622,-0.0015835365086256622,0.0006632913160780109,0.0006632913160780109,0.0006632913160780109,0.002429608373871761,0.002429608373871761,0.002429608373871761,0.0,0.0,0.0,1.0848107843347212
2025-04-03 23:00:00,1.084928945974089,1.0915613775177886,1.1027779811967273,1.084928945974089,1.084928945974089,0.0016519056367861984,0.0016519056367861984,0.0016519056367861984,0.00014837076465452955,0.00014837076465452955,0.00014837076465452955,0.008288209970017514,0.008288209970017514,0.008288209970017514,-0.0004232307020456544,-0.0004232307020456544,-0.0004232307020456544,-0.0004232307020456706,-0.0004232307020456706,-0.0004232307020456706,-0.0004232307020456711,-0.0004232307020456711,-0.0004232307020456711,-0.0012624602702438084,-0.0012624602702438084,-0.0012624602702438084,-0.0012823636369875052,-0.0012823636369875052,-0.0012823636369875052,0.011794314084642502,0.011794314084642502,0.011794314084642502,0.0005850743405068945,0.0005850743405068945,0.0005850743405068945,0.0019429907215658252,0.0019429907215658252,0.0019429907215658252,-0.000808352602558753,-0.000808352602558753,-0.000808352602558753,0.0002093955035432591,0.0002093955035432591,0.0002093955035432591,0.0069333336047890945,0.0069333336047890945,0.0069333336047890945,-0.00024715580330770875,-0.00024715580330770875,-0.00024715580330770875,0.001687163817406484,0.001687163817406484,0.001687163817406484,0.0035061041146249874,0.0035061041146249874,0.0035061041146249874,0.0,0.0,0.0,1.0977249387224275
2025-04-06 23:00:00,1.086730474350595,1.0973094470015263,1.1089647517929648,1.086730474350595,1.086730474350595,-0.0007553116503569963,-0.0007553116503569963,-0.0007553116503569963,-0.001198048659008627,-0.001198048659008627,-0.001198048659008627,0.009229337108711624,0.009229337108711624,0.009229337108711624,-0.0004232307020456544,-0.0004232307020456544,-0.0004232307020456544,-0.0004232307020456706,-0.0004232307020456706,-0.0004232307020456706,-0.0004232307020456711,-0.0004232307020456711,-0.0004232307020456711,0.0008756843359655882,0.0008756843359655882,0.0008756843359655882,0.00040004308107486133,0.00040004308107486133,0.00040004308107486133,0.014849979208109048,0.014849979208109048,0.014849979208109048,0.0005850743405068945,0.0005850743405068945,0.0005850743405068945,0.002332799334389536,0.002332799334389536,0.002332799334389536,0.0026062537459120784,0.0026062537459120784,0.0026062537459120784,4.830134794438138e-05,4.830134794438138e-05,4.830134794438138e-05,0.0035714230920545296,0.0035714230920545296,0.0035714230920545296,0.0014088986418779204,0.0014088986418779204,0.0014088986418779204,0.0006239116044884542,0.0006239116044884542,0.0006239116044884542,0.0056206420993974255,0.0056206420993974255,0.0056206420993974255,0.0,0.0,0.0,1.1028683992995199
2025-04-07 23:00:00,1.08733098380943,1.090415449309209,1.1041050574619107,1.08733098380943,1.08733098380943,-0.001349845221997459,-0.001349845221997459,-0.001349845221997459,-0.0003321607641006611,-0.0003321607641006611,-0.0003321607641006611,0.004476121244611485,0.004476121244611485,0.004476121244611485,-0.0004232307020456544,-0.0004232307020456544,-0.0004232307020456544,-0.0004232307020456706,-0.0004232307020456706,-0.0004232307020456706,-0.0004232307020456711,-0.0004232307020456711,-0.0004232307020456711,0.00045494568372429333,0.00045494568372429333,0.00045494568372429333,-0.001161839391524067,-0.001161839391524067,-0.001161839391524067,0.009338872051333458,0.009338872051333458,0.009338872051333458,-0.0005553247977692558,-0.0005553247977692558,-0.0005553247977692558,-0.0012311720373275438,-0.0012311720373275438,-0.0012311720373275438,0.003133948234039518,0.003133948234039518,0.003133948234039518,-7.551923598726903e-05,-7.551923598726903e-05,-7.551923598726903e-05,0.0034591758468211758,0.0034591758468211758,0.0034591758468211758,0.0028978325651499662,0.0028978325651499662,0.0028978325651499662,0.0005057724697197842,0.0005057724697197842,0.0005057724697197842,0.00486275080672197,0.00486275080672197,0.00486275080672197,0.0,0.0,0.0,1.097485428744677
2025-04-08 23:00:00,1.0922637902167123,1.0910068373072794,1.100830781609566,1.0922637902167123,1.0922637902167123,-0.0007553116503569966,-0.0007553116503569966,-0.0007553116503569966,0.0005337271308073044,0.0005337271308073044,0.0005337271308073044,-0.000291048065627378,-0.000291048065627378,-0.000291048065627378,-0.0004232307020456544,-0.0004232307020456544,-0.0004232307020456544,-0.0004232307020456706,-0.0004232307020456706,-0.0004232307020456706,-0.0004232307020456711,-0.0004232307020456711,-0.0004232307020456711,4.700379454685148e-05,4.700379454685148e-05,4.700379454685148e-05,-0.0017232571135847763,-0.0017232571135847763,-0.0017232571135847763,0.0031618021030785934,0.0031618021030785934,0.0031618021030785934,-0.0005553247977692558,-0.0005553247977692558,-0.0005553247977692558,-0.0014195679429170435,-0.0014195679429170435,-0.0014195679429170435,-0.0016906964424228412,-0.0016906964424228412,-0.0016906964424228412,-0.0001545398208931122,-0.0001545398208931122,-0.0001545398208931122,0.0025308012237520586,0.0025308012237520586,0.0025308012237520586,0.003975074882344098,0.003975074882344098,0.003975074882344098,0.00019073477700333078,0.00019073477700333078,0.00019073477700333078,0.003452850168705971,0.003452850168705971,0.003452850168705971,0.0,0.0,0.0,1.095717312165736
2025-04-09 23:00:00,1.0971965966239945,1.1008559460392269,1.1114922867488624,1.0971965966239945,1.0971965966239945,0.00058059315884442,0.00058059315884442,0.00058059315884442,0.0007475837799554255,0.0007475837799554255,0.0007475837799554255,0.006091212803551935,0.006091212803551935,0.006091212803551935,-0.0004232307020456544,-0.0004232307020456544,-0.0004232307020456544,-0.0004232307020456706,-0.0004232307020456706,-0.0004232307020456706,-0.0004232307020456711,-0.0004232307020456711,-0.0004232307020456711,0.0009605462949077327,0.0009605462949077327,0.0009605462949077327,-0.0018440390074848457,-0.0018440390074848457,-0.0018440390074848457,0.008520821177395149,0.008520821177395149,0.008520821177395149,0.0005850743405068945,0.0005850743405068945,0.0005850743405068945,0.0010435416870781674,0.0010435416870781674,0.0010435416870781674,-0.001945733087829947,-0.001945733087829947,-0.001945733087829947,0.00044647311579997716,0.00044647311579997716,0.00044647311579997716,0.0027917645830887686,0.0027917645830887686,0.0027917645830887686,0.003804365267819007,0.003804365267819007,0.003804365267819007,0.00019073477700333078,0.00019073477700333078,0.00019073477700333078,0.0024296083738432122,0.0024296083738432122,0.0024296083738432122,0.0,0.0,0.0,1.106545612620274
2025-04-10 23:00:00,1.1021294030312767,1.10773216170006,1.1201743844947285,1.1021294030312767,1.1021294030312767,0.0016519056367861984,0.0016519056367861984,0.0016519056367861984,0.00014837076465452955,0.00014837076465452955,0.00014837076465452955,0.00710364164530705,0.00710364164530705,0.00710364164530705,-0.0004232307020456544,-0.0004232307020456544,-0.0004232307020456544,-0.0004232307020456706,-0.0004232307020456706,-0.0004232307020456706,-0.0004232307020456711,-0.0004232307020456711,-0.0004232307020456711,0.0011599347506080085,0.0011599347506080085,0.0011599347506080085,-0.001847456914934952,-0.001847456914934952,-0.001847456914934952,0.010609745759931895,0.010609745759931895,0.010609745759931895,1.4874771368819349e-05,1.4874771368819349e-05,1.4874771368819349e-05,-0.0006735428604129702,-0.0006735428604129702,-0.0006735428604129702,0.001388645201009722,0.001388645201009722,0.001388645201009722,0.0005393538703057664,0.0005393538703057664,0.0005393538703057664,0.0027882462545562995,0.0027882462545562995,0.0027882462545562995,0.00305164721208885,0.00305164721208885,0.00305164721208885,0.0001513550654137741,0.0001513550654137741,0.0001513550654137741,0.0035061041146248455,0.0035061041146248455,0.0035061041146248455,0.0,0.0,0.0,1.113822715791984
2025-04-13 23:00:00,1.116927820669226,1.1238579824277357,1.1350818426962415,1.116927820669226,1.116927820669226,-0.0007553116503569963,-0.0007553116503569963,-0.0007553116503569963,-0.001198048659008627,-0.001198048659008627,-0.001198048659008627,0.005633655466727568,0.005633655466727568,0.005633655466727568,-0.0004232307020456544,-0.0004232307020456544,-0.0004232307020456544,-0.0004232307020456706,-0.0004232307020456706,-0.0004232307020456706,-0.0004232307020456711,-0.0004232307020456711,-0.0004232307020456711,0.0039102831871795675,0.0039102831871795675,0.0039102831871795675,0.0021213128724924565,0.0021213128724924565,0.0021213128724924565,0.011254297566120074,0.011254297566120074,0.011254297566120074,0.0005850743405068945,0.0005850743405068945,0.0005850743405068945,0.005454592695703818,0.005454592695703818,0.005454592695703818,-0.0009358187065377744,-0.0009358187065377744,-0.0009358187065377744,-0.00030984324631058604,-0.00030984324631058604,-0.00030984324631058604,-0.009951363975864738,-0.009951363975864738,-0.009951363975864738,0.009721341805945494,0.009721341805945494,0.009721341805945494,-0.001738871090884946,-0.001738871090884946,-0.001738871090884946,0.005620642099392505,0.005620642099392505,0.005620642099392505,0.0,0.0,0.0,1.1294980587229153
2025-04-14 23:00:00,1.1218606265485422,1.131925971841715,1.1444649660903878,1.1218606265485422,1.1218606265485422,-0.001349845221997459,-0.001349845221997459,-0.001349845221997459,-0.0003321607641006611,-0.0003321607641006611,-0.0003321607641006611,0.009909934845834469,0.009909934845834469,0.009909934845834469,-0.0004232307020456544,-0.0004232307020456544,-0.0004232307020456544,-0.0004232307020456706,-0.0004232307020456706,-0.0004232307020456706,-0.0004232307020456711,-0.0004232307020456711,-0.0004232307020456711,0.0045791899592194955,0.0045791899592194955,0.0045791899592194955,0.0027949297035780914,0.0027949297035780914,0.0027949297035780914,0.014772685652530858,0.014772685652530858,0.014772685652530858,0.0005850743405068945,0.0005850743405068945,0.0005850743405068945,0.0013679527752930645,0.0013679527752930645,0.0013679527752930645,0.007360004548971141,0.007360004548971141,0.007360004548971141,-0.00035473284926265767,-0.00035473284926265767,-0.00035473284926265767,-0.010411861406624007,-0.010411861406624007,-0.010411861406624007,0.00867994695727251,0.00867994695727251,0.00867994695727251,-0.001738871090884946,-0.001738871090884946,-0.001738871090884946,0.0048627508066963875,0.0048627508066963875,0.0048627508066963875,0.0,0.0,0.0,1.138433520930495
2025-04-15 23:00:00,1.1267934324278586,1.1276955225696563,1.1386325319959487,1.1267934324278586,1.1267934324278586,-0.0007553116503569966,-0.0007553116503569966,-0.0007553116503569966,0.0005337271308073044,0.0005337271308073044,0.0005337271308073044,0.0024262460064669385,0.0024262460064669385,0.0024262460064669385,-0.0004232307020456544,-0.0004232307020456544,-0.0004232307020456544,-0.0004232307020456706,-0.0004232307020456706,-0.0004232307020456706,-0.0004232307020456711,-0.0004232307020456711,-0.0004232307020456711,0.00459868022548225,0.00459868022548225,0.00459868022548225,0.0023055444285795174,0.0023055444285795174,0.0023055444285795174,0.005879096175157847,0.005879096175157847,0.005879096175157847,1.4874771368819349e-05,1.4874771368819349e-05,1.4874771368819349e-05,-0.00021580842666126242,-0.00021580842666126242,-0.00021580842666126242,0.0018278092869398752,0.0018278092869398752,0.0018278092869398752,0.00023215895696814375,0.00023215895696814375,0.00023215895696814375,-0.010459454904503425,-0.010459454904503425,-0.010459454904503425,0.0073525893848646546,0.0073525893848646546,0.0073525893848646546,-0.001738871090884946,-0.001738871090884946,-0.001738871090884946,0.0034528501686909084,0.0034528501686909084,0.0034528501686909084,0.0,0.0,0.0,1.133417959386638
2025-04-16 23:00:00,1.1317262383071751,1.129161893304556,1.139012124142181,1.1317262383071751,1.1317262383071751,0.00058059315884442,0.00058059315884442,0.00058059315884442,0.0007475837799554255,0.0007475837799554255,0.0007475837799554255,-0.00020295885961727335,-0.00020295885961727335,-0.00020295885961727335,-0.0004232307020456544,-0.0004232307020456544,-0.0004232307020456544,-0.0004232307020456706,-0.0004232307020456706,-0.0004232307020456706,-0.0004232307020456711,-0.0004232307020456711,-0.0004232307020456711,0.004349992421117286,0.004349992421117286,0.004349992421117286,0.001530149948099593,0.001530149948099593,0.001530149948099593,0.00222664951419739,0.00222664951419739,0.00222664951419739,-0.0005553247977692558,-0.0005553247977692558,-0.0005553247977692558,-0.0009868711431914375,-0.0009868711431914375,-0.0009868711431914375,-0.0003161711929356366,-0.0003161711929356366,-0.0003161711929356366,-0.00017697543122798025,-0.00017697543122798025,-0.00017697543122798025,-0.010968852905591187,-0.010968852905591187,-0.010968852905591187,0.008601480500103443,0.008601480500103443,0.008601480500103443,-0.001738871090884946,-0.001738871090884946,-0.001738871090884946,0.002429608373814664,0.002429608373814664,0.002429608373814664,0.0,0.0,0.0,1.1342461959859063
2025-04-21 23:00:00,1.136595886529777,1.138170544560492,1.1488125071200501,1.136595886529777,1.136595886529777,-0.001349845221997459,-0.001349845221997459,-0.001349845221997459,-0.0003321607641006611,-0.0003321607641006611,-0.0003321607641006611,0.0010281628896426412,0.0010281628896426412,0.0010281628896426412,-0.0004232307020456544,-0.0004232307020456544,-0.0004232307020456544,-0.0004232307020456706,-0.0004232307020456706,-0.0004232307020456706,-0.0004232307020456711,-0.0004232307020456711,-0.0004232307020456711,0.004200457414665012,0.004200457414665012,0.004200457414665012,0.0030463963828779527,0.0030463963828779527,0.0030463963828779527,0.005890913696352472,0.005890913696352472,0.005890913696352472,0.0005850743405068945,0.0005850743405068945,0.0005850743405068945,0.0016979699805925832,0.0016979699805925832,0.0016979699805925832,-0.0013599796982586216,-0.0013599796982586216,-0.0013599796982586216,0.0012831920341412212,0.0012831920341412212,0.0012831920341412212,-0.011452664384507977,-0.011452664384507977,-0.011452664384507977,0.007718286002745638,0.007718286002745638,0.007718286002745638,-0.001738871090884946,-0.001738871090884946,-0.001738871090884946,0.004862750806709829,0.004862750806709829,0.004862750806709829,0.0,0.0,0.0,1.1432914748049532
2025-04-22 23:00:00,1.1375698161742973,1.1367405855268684,1.1484646913244536,1.1375698161742973,1.1375698161742973,-0.0007553116503569966,-0.0007553116503569966,-0.0007553116503569966,0.0005337271308073044,0.0005337271308073044,0.0005337271308073044,0.0005811548251202741,0.0005811548251202741,0.0005811548251202741,-0.0004232307020456544,-0.0004232307020456544,-0.0004232307020456544,-0.0004232307020456706,-0.0004232307020456706,-0.0004232307020456706,-0.0004232307020456711,-0.0004232307020456711,-0.0004232307020456711,0.0039303892654101134,0.0039303892654101134,0.0039303892654101134,0.005014116967852738,0.005014116967852738,0.005014116967852738,0.004034004993796119,0.004034004993796119,0.004034004993796119,0.0005850743405068945,0.0005850743405068945,0.0005850743405068945,0.0018902788864111745,0.0018902788864111745,0.0018902788864111745,0.002274562525567097,0.002274562525567097,0.002274562525567097,0.00030945726606700064,0.00030945726606700064,0.00030945726606700064,-0.011439371893097941,-0.011439371893097941,-0.011439371893097941,0.0012074154713852738,0.0012074154713852738,0.0012074154713852738,-0.0016994913792953892,-0.0016994913792953892,-0.0016994913792953892,0.0034528501686758445,0.0034528501686758445,0.0034528501686758445,0.0,0.0,0.0,1.142158778493536
2025-04-23 23:00:00,1.1385437458188175,1.1287446081863064,1.1406439181806367,1.1385437458188175,1.1385437458188175,0.00058059315884442,0.00058059315884442,0.00058059315884442,0.0007475837799554255,0.0007475837799554255,0.0007475837799554255,-0.006209978520272699,-0.006209978520272699,-0.006209978520272699,-0.0004232307020456544,-0.0004232307020456544,-0.0004232307020456544,-0.0004232307020456706,-0.0004232307020456706,-0.0004232307020456706,-0.0004232307020456711,-0.0004232307020456711,-0.0004232307020456711,0.0028674345189380556,0.0028674345189380556,0.0028674345189380556,0.0034512826247664378,0.0034512826247664378,0.0034512826247664378,-0.0037803701463987303,-0.0037803701463987303,-0.0037803701463987303,-0.0005553247977692558,-0.0005553247977692558,-0.0005553247977692558,-0.0029728776471422817,-0.0029728776471422817,-0.0029728776471422817,0.0025348963054781723,0.0025348963054781723,0.0025348963054781723,-6.79098072999478e-05,-6.79098072999478e-05,-6.79098072999478e-05,-0.014953115891933788,-0.014953115891933788,-0.014953115891933788,0.005166022432912007,0.005166022432912007,0.005166022432912007,-0.001738871090884946,-0.001738871090884946,-0.001738871090884946,0.002429608373873967,0.002429608373873967,0.002429608373873967,0.0,0.0,0.0,1.134239629031755
2025-04-24 23:00:00,1.139517675463338,1.1279919299350765,1.1386247656359334,1.139517675463338,1.139517675463338,0.0016519056367861984,0.0016519056367861984,0.0016519056367861984,0.00014837076465452955,0.00014837076465452955,0.00014837076465452955,-0.008704991816361108,-0.008704991816361108,-0.008704991816361108,-0.0004232307020456544,-0.0004232307020456544,-0.0004232307020456544,-0.0004232307020456706,-0.0004232307020456706,-0.0004232307020456706,-0.0004232307020456711,-0.0004232307020456711,-0.0004232307020456711,0.003381315141749897,0.003381315141749897,0.003381315141749897,0.003562872183182271,0.003562872183182271,0.003562872183182271,-0.005198887701757004,-0.005198887701757004,-0.005198887701757004,1.4874771368819349e-05,1.4874771368819349e-05,1.4874771368819349e-05,-0.0005775483117925102,-0.0005775483117925102,-0.0005775483117925102,-0.004048490549592894,-0.004048490549592894,-0.004048490549592894,-0.00025163301024260475,-0.00025163301024260475,-0.00025163301024260475,-0.014841874128495917,-0.014841874128495917,-0.014841874128495917,0.005224399171453488,0.005224399171453488,0.005224399171453488,-0.0016994913792953892,-0.0016994913792953892,-0.0016994913792953892,0.003506104114604104,0.003506104114604104,0.003506104114604104,0.0,0.0,0.0,1.133593451034437
2025-04-27 23:00:00,1.1424394613655502,1.1357582593174658,1.1476986967750737,1.1424394613655502,1.1424394613655502,-0.0007553116503569963,-0.0007553116503569963,-0.0007553116503569963,-0.001198048659008627,-0.001198048659008627,-0.001198048659008627,-0.006843504494637842,-0.006843504494637842,-0.006843504494637842,-0.0004232307020456544,-0.0004232307020456544,-0.0004232307020456544,-0.0004232307020456706,-0.0004232307020456706,-0.0004232307020456706,-0.0004232307020456711,-0.0004232307020456711,-0.0004232307020456711,0.003132705198707762,0.003132705198707762,0.003132705198707762,0.004263272574068357,0.004263272574068357,0.004263272574068357,-0.0012228623951965282,-0.0012228623951965282,-0.0012228623951965282,1.4874771368819349e-05,1.4874771368819349e-05,1.4874771368819349e-05,0.0006361816052973098,0.0006361816052973098,0.0006361816052973098,-0.0008058682833535461,-0.0008058682833535461,-0.0008058682833535461,0.00038809135987542457,0.00038809135987542457,0.00038809135987542457,-0.014653920290149456,-0.014653920290149456,-0.014653920290149456,0.005064322652755939,0.005064322652755939,0.005064322652755939,-0.0016601116677058326,-0.0016601116677058326,-0.0016601116677058326,0.005620642099441314,0.005620642099441314,0.005620642099441314,0.0,0.0,0.0,1.1410424151094576
2025-04-28 23:00:00,1.1434133899996208,1.1348837796640292,1.1462234117047103,1.1434133899996208,1.1434133899996208,-0.001349845221997459,-0.001349845221997459,-0.001349845221997459,-0.0003321607641006611,-0.0003321607641006611,-0.0003321607641006611,-0.006680042443798969,-0.006680042443798969,-0.006680042443798969,-0.0004232307020456544,-0.0004232307020456544,-0.0004232307020456544,-0.0004232307020456706,-0.0004232307020456706,-0.0004232307020456706,-0.0004232307020456711,-0.0004232307020456711,-0.0004232307020456711,0.0031394755828148394,0.0031394755828148394,0.0031394755828148394,0.004480428029003427,0.004480428029003427,0.004480428029003427,-0.0018172916371147199,-0.0018172916371147199,-0.0018172916371147199,1.4874771368819349e-05,1.4874771368819349e-05,1.4874771368819349e-05,-0.0006624492404643929,-0.0006624492404643929,-0.0006624492404643929,0.0008371908134789956,0.0008371908134789956,0.0008371908134789956,0.0004339133239957799,0.0004339133239957799,0.0004339133239957799,-0.014383691357032347,-0.014383691357032347,-0.014383691357032347,0.004032645681387302,0.004032645681387302,0.004032645681387302,-0.001620731956116276,-0.001620731956116276,-0.001620731956116276,0.004862750806684249,0.004862750806684249,0.004862750806684249,0.0,0.0,0.0,1.1413354744082096
2025-04-29 23:00:00,1.1443873186336915,1.1309938100831753,1.1414019756496094,1.1443873186336915,1.1443873186336915,-0.0007553116503569966,-0.0007553116503569966,-0.0007553116503569966,0.0005337271308073044,0.0005337271308073044,0.0005337271308073044,-0.0104627307943345,-0.0104627307943345,-0.0104627307943345,-0.0004232307020456544,-0.0004232307020456544,-0.0004232307020456544,-0.0004232307020456706,-0.0004232307020456706,-0.0004232307020456706,-0.0004232307020456711,-0.0004232307020456711,-0.0004232307020456711,0.00042979722922449533,0.00042979722922449533,0.00042979722922449533,0.004523267474453768,0.004523267474453768,0.004523267474453768,-0.007009880625643101,-0.007009880625643101,-0.007009880625643101,1.4874771368819349e-05,1.4874771368819349e-05,1.4874771368819349e-05,0.001014646399865978,0.001014646399865978,0.001014646399865978,-0.0009208009724301591,-0.0009208009724301591,-0.0009208009724301591,-0.0007248441617462818,-0.0007248441617462818,-0.0007248441617462818,-0.01440897482840719,-0.01440897482840719,-0.01440897482840719,0.002721311875139037,0.002721311875139037,0.002721311875139037,-0.001620731956116276,-0.001620731956116276,-0.001620731956116276,0.0034528501686913976,0.0034528501686913976,0.0034528501686913976,0.0,0.0,0.0,1.1363653001405696
2025-04-30 23:00:00,1.1453612468725072,1.1271168342452356,1.1380064172083577,1.1453612468725072,1.1453612468725072,0.00058059315884442,0.00058059315884442,0.00058059315884442,0.0007475837799554255,0.0007475837799554255,0.0007475837799554255,-0.013689235820836108,-0.013689235820836108,-0.013689235820836108,-0.0004232307020456544,-0.0004232307020456544,-0.0004232307020456544,-0.0004232307020456706,-0.0004232307020456706,-0.0004232307020456706,-0.0004232307020456711,-0.0004232307020456711,-0.0004232307020456711,-0.0007128586552983243,-0.0007128586552983243,-0.0007128586552983243,0.004024248348509703,0.004024248348509703,0.004024248348509703,-0.011259627446990687,-0.011259627446990687,-0.011259627446990687,1.4874771368819349e-05,1.4874771368819349e-05,1.4874771368819349e-05,-0.000504347217502096,-0.000504347217502096,-0.000504347217502096,0.001349528867267688,0.001349528867267688,0.001349528867267688,-0.00015410254999602237,-0.00015410254999602237,-0.00015410254999602237,-0.014663123211285347,-0.014663123211285347,-0.014663123211285347,-0.0014418293388575463,-0.0014418293388575463,-0.0014418293388575463,-0.0016601116677058326,-0.0016601116677058326,-0.0016601116677058326,0.00242960837384542,0.00242960837384542,0.00242960837384542,0.0,0.0,0.0,1.132464905940502
2025-05-01 23:00:00,1.146335175111323,1.1233783103942654,1.1368039640234346,1.146335175111323,1.146335175111323,0.0016519056367861984,0.0016519056367861984,0.0016519056367861984,0.00014837076465452955,0.00014837076465452955,0.00014837076465452955,-0.017562556143558193,-0.017562556143558193,-0.017562556143558193,-0.0004232307020456544,-0.0004232307020456544,-0.0004232307020456544,-0.0004232307020456706,-0.0004232307020456706,-0.0004232307020456706,-0.0004232307020456711,-0.0004232307020456711,-0.0004232307020456711,-0.0013681841123787987,-0.0013681841123787987,-0.0013681841123787987,0.003354497392136576,0.003354497392136576,0.003354497392136576,-0.014056452028927064,-0.014056452028927064,-0.014056452028927064,-0.0005553247977692558,-0.0005553247977692558,-0.0005553247977692558,-0.0012895926386794292,-0.0012895926386794292,-0.0012895926386794292,-0.0007067739772987494,-0.0007067739772987494,-0.0007067739772987494,0.00013509616639184312,0.00013509616639184312,0.00013509616639184312,-0.015408222311490173,-0.015408222311490173,-0.015408222311490173,-0.0005157650688889922,-0.0005157650688889922,-0.0005157650688889922,-0.001738871090884946,-0.001738871090884946,-0.001738871090884946,0.003506104114631132,0.003506104114631132,0.003506104114631132,0.0,0.0,0.0,1.130221769713299
2025-05-04 23:00:00,1.1492569598277704,1.1244033444109116,1.135170424164811,1.1492569598277704,1.1492569598277704,-0.0007553116503569963,-0.0007553116503569963,-0.0007553116503569963,-0.001198048659008627,-0.001198048659008627,-0.001198048659008627,-0.021919108119777368,-0.021919108119777368,-0.021919108119777368,-0.0004232307020456544,-0.0004232307020456544,-0.0004232307020456544,-0.0004232307020456706,-0.0004232307020456706,-0.0004232307020456706,-0.0004232307020456711,-0.0004232307020456711,-0.0004232307020456711,-0.001167529071208338,-0.001167529071208338,-0.001167529071208338,0.003303902537445708,0.003303902537445708,0.003303902537445708,-0.016298466020340976,-0.016298466020340976,-0.016298466020340976,1.4874771368819349e-05,1.4874771368819349e-05,1.4874771368819349e-05,-0.0006580876159489774,-0.0006580876159489774,-0.0006580876159489774,-0.0017697819944407034,-0.0017697819944407034,-0.0017697819944407034,-0.00017433212434063268,-0.00017433212434063268,-0.00017433212434063268,-0.015455018609901972,-0.015455018609901972,-0.015455018609901972,-0.0010512125063637087,-0.0010512125063637087,-0.0010512125063637087,-0.001738871090884946,-0.001738871090884946,-0.001738871090884946,0.005620642099436394,0.005620642099436394,0.005620642099436394,0.0,0.0,0.0,1.1305258343193771
2025-05-05 23:00:00,1.1502308880665861,1.1270892174297498,1.1392239169565759,1.1502308880665861,1.1502308880665861,-0.001349845221997459,-0.001349845221997459,-0.001349845221997459,-0.0003321607641006611,-0.0003321607641006611,-0.0003321607641006611,-0.019929499686321333,-0.019929499686321333,-0.019929499686321333,-0.0004232307020456544,-0.0004232307020456544,-0.0004232307020456544,-0.0004232307020456706,-0.0004232307020456706,-0.0004232307020456706,-0.0004232307020456711,-0.0004232307020456711,-0.0004232307020456711,-0.002007798723394262,-0.002007798723394262,-0.002007798723394262,0.0022613012056556985,0.0022613012056556985,0.0022613012056556985,-0.015066748879600054,-0.015066748879600054,-0.015066748879600054,1.4874771368819349e-05,1.4874771368819349e-05,1.4874771368819349e-05,0.00032114526455771954,0.00032114526455771954,0.00032114526455771954,-0.0009148965230661655,-0.0009148965230661655,-0.0009148965230661655,0.0002252739985818,0.0002252739985818,0.0002252739985818,-0.014550793657902506,-0.014550793657902506,-0.014550793657902506,-0.000824315108539716,-0.000824315108539716,-0.000824315108539716,-0.0015025928213476057,-0.0015025928213476057,-0.0015025928213476057,0.004862750806721281,0.004862750806721281,0.004862750806721281,0.0,0.0,0.0,1.1329006481225277
2025-05-06 23:00:00,1.1477930416162887,1.1220576786326395,1.1339813100050145,1.1477930416162887,1.1477930416162887,-0.0007553116503569966,-0.0007553116503569966,-0.0007553116503569966,0.0005337271308073044,0.0005337271308073044,0.0005337271308073044,-0.021321923841202788,-0.021321923841202788,-0.021321923841202788,-0.0004232307020456544,-0.0004232307020456544,-0.0004232307020456544,-0.0004232307020456706,-0.0004232307020456706,-0.0004232307020456706,-0.0004232307020456711,-0.0004232307020456711,-0.0004232307020456711,-0.003362385235423008,-0.003362385235423008,-0.003362385235423008,0.0005499866560923053,0.0005499866560923053,0.0005499866560923053,-0.01786907367252645,-0.01786907367252645,-0.01786907367252645,1.4874771368819349e-05,1.4874771368819349e-05,1.4874771368819349e-05,-0.00032928025739087494,-0.00032928025739087494,-0.00032928025739087494,0.0004107175773853069,0.0004107175773853069,0.0004107175773853069,-0.00013666072689444327,-0.00013666072689444327,-0.00013666072689444327,-0.013063115059923028,-0.013063115059923028,-0.013063115059923028,-0.002530331254152242,-0.002530331254152242,-0.002530331254152242,-0.001384453686578936,-0.001384453686578936,-0.001384453686578936,0.0034528501686763354,0.0034528501686763354,0.0034528501686763354,0.0,0.0,0.0,1.127283043194834
2025-05-07 23:00:00,1.1453551951659913,1.1242349960764089,1.1365903048389951,1.1453551951659913,1.1453551951659913,0.00058059315884442,0.00058059315884442,0.00058059315884442,0.0007475837799554255,0.0007475837799554255,0.0007475837799554255,-0.015801426934736386,-0.015801426934736386,-0.015801426934736386,-0.0004232307020456544,-0.0004232307020456544,-0.0004232307020456544,-0.0004232307020456706,-0.0004232307020456706,-0.0004232307020456706,-0.0004232307020456711,-0.0004232307020456711,-0.0004232307020456711,-0.0013237465271495974,-0.0013237465271495974,-0.0013237465271495974,0.0015777140860478336,0.0015777140860478336,0.0015777140860478336,-0.013371818560905208,-0.013371818560905208,-0.013371818560905208,1.4874771368819349e-05,1.4874771368819349e-05,1.4874771368819349e-05,0.00036753593713311264,0.00036753593713311264,0.00036753593713311264,-0.0004697810867755813,-0.0004697810867755813,-0.0004697810867755813,-0.0003237632813065778,-0.0003237632813065778,-0.0003237632813065778,-0.012443568687337099,-0.012443568687337099,-0.012443568687337099,-0.0019141030043907654,-0.0019141030043907654,-0.0019141030043907654,-0.0013450739749893794,-0.0013450739749893794,-0.0013450739749893794,0.002429608373831177,0.002429608373831177,0.002429608373831177,0.0,0.0,0.0,1.1300397133084414
2025-05-08 23:00:00,1.1429173487156936,1.1230371992603156,1.134901693607819,1.1429173487156936,1.1429173487156936,0.0016519056367861984,0.0016519056367861984,0.0016519056367861984,0.00014837076465452955,0.00014837076465452955,0.00014837076465452955,-0.015937770445579893,-0.015937770445579893,-0.015937770445579893,-0.0004232307020456544,-0.0004232307020456544,-0.0004232307020456544,-0.0004232307020456706,-0.0004232307020456706,-0.0004232307020456706,-0.0004232307020456711,-0.0004232307020456711,-0.0004232307020456711,-0.00146050046457571,-0.00146050046457571,-0.00146050046457571,0.0019749568965410458,0.0019749568965410458,0.0019749568965410458,-0.012431666330921734,-0.012431666330921734,-0.012431666330921734,-0.0005553247977692558,-0.0005553247977692558,-0.0005553247977692558,-0.0008016266187663948,-0.0008016266187663948,-0.0008016266187663948,0.00047351788864890323,0.00047351788864890323,0.00047351788864890323,-0.00017329286824793584,-0.00017329286824793584,-0.00017329286824793584,-0.011885557213087474,-0.011885557213087474,-0.011885557213087474,-0.0027348333002269803,-0.0027348333002269803,-0.0027348333002269803,-0.0013056942633998226,-0.0013056942633998226,-0.0013056942633998226,0.003506104114658162,0.003506104114658162,0.003506104114658162,0.0,0.0,0.0,1.1287089815926383
2025-05-11 23:00:00,1.1356038093648013,1.1095518367095942,1.1202017293162352,1.1356038093648013,1.1356038093648013,-0.0007553116503569963,-0.0007553116503569963,-0.0007553116503569963,-0.001198048659008627,-0.001198048659008627,-0.001198048659008627,-0.024217344481934397,-0.024217344481934397,-0.024217344481934397,-0.0004232307020456544,-0.0004232307020456544,-0.0004232307020456544,-0.0004232307020456706,-0.0004232307020456706,-0.0004232307020456706,-0.0004232307020456711,-0.0004232307020456711,-0.0004232307020456711,-0.002831905777251987,-0.002831905777251987,-0.002831905777251987,0.0002685292207449285,0.0002685292207449285,0.0002685292207449285,-0.0185967023824736,-0.0185967023824736,-0.0185967023824736,-0.0005553247977692558,-0.0005553247977692558,-0.0005553247977692558,-0.0016109360018686646,-0.0016109360018686646,-0.0016109360018686646,-0.0011092091629777811,-0.0011092091629777811,-0.0011092091629777811,6.0031603778217264e-05,6.0031603778217264e-05,6.0031603778217264e-05,-0.01266331842403895,-0.01266331842403895,-0.01266331842403895,-0.0012070847520589075,-0.0012070847520589075,-0.0012070847520589075,-0.0013450739749893794,-0.0013450739749893794,-0.0013450739749893794,0.005620642099460798,0.005620642099460798,0.005620642099460798,0.0,0.0,0.0,1.1144853232976408
2025-05-12 23:00:00,1.1331659628609014,1.1085548443072393,1.1183995767653083,1.1331659628609014,1.1331659628609014,-0.001349845221997459,-0.001349845221997459,-0.001349845221997459,-0.0003321607641006611,-0.0003321607641006611,-0.0003321607641006611,-0.022447166221438088,-0.022447166221438088,-0.022447166221438088,-0.0004232307020456544,-0.0004232307020456544,-0.0004232307020456544,-0.0004232307020456706,-0.0004232307020456706,-0.0004232307020456706,-0.0004232307020456711,-0.0004232307020456711,-0.0004232307020456711,-0.0024625799281830416,-0.0024625799281830416,-0.0024625799281830416,0.0006646866141946777,0.0006646866141946777,0.0006646866141946777,-0.017584415414742392,-0.017584415414742392,-0.017584415414742392,1.4874771368819349e-05,1.4874771368819349e-05,1.4874771368819349e-05,-5.7289984806577554e-05,-5.7289984806577554e-05,-5.7289984806577554e-05,-0.0022047932178278617,-0.0022047932178278617,-0.0022047932178278617,-9.494704790110916e-05,-9.494704790110916e-05,-9.494704790110916e-05,-0.012471108632764991,-0.012471108632764991,-0.012471108632764991,-0.0015786164398830678,-0.0015786164398830678,-0.0015786164398830678,-0.0013056942633998226,-0.0013056942633998226,-0.0013056942633998226,0.004862750806695699,0.004862750806695699,0.004862750806695699,0.0,0.0,0.0,1.1132399018361088
2025-05-13 23:00:00,1.1307281163570013,1.1089741957648003,1.1214880154671272,1.1307281163570013,1.1307281163570013,-0.0007553116503569966,-0.0007553116503569966,-0.0007553116503569966,0.0005337271308073044,0.0005337271308073044,0.0005337271308073044,-0.016651378238811684,-0.016651378238811684,-0.016651378238811684,-0.0004232307020456544,-0.0004232307020456544,-0.0004232307020456544,-0.0004232307020456706,-0.0004232307020456706,-0.0004232307020456706,-0.0004232307020456711,-0.0004232307020456711,-0.0004232307020456711,-0.004639736905764977,-0.004639736905764977,-0.004639736905764977,-0.004482814945889481,-0.004482814945889481,-0.004482814945889481,-0.01319852807015041,-0.01319852807015041,-0.01319852807015041,-0.0005553247977692558,-0.0005553247977692558,-0.0005553247977692558,-0.002552736439231617,-0.002552736439231617,-0.002552736439231617,-0.0001015804802591641,-0.0001015804802591641,-0.0001015804802591641,7.108523504516462e-05,7.108523504516462e-05,7.108523504516462e-05,-0.0027032072666060775,-0.0027032072666060775,-0.0027032072666060775,0.000676731423265114,0.000676731423265114,0.000676731423265114,-0.0008725174359146993,-0.0008725174359146993,-0.0008725174359146993,0.0034528501686612706,0.0034528501686612706,0.0034528501686612706,0.0,0.0,0.0,1.1158041695735552
2025-05-14 23:00:00,1.1282902698531014,1.1134764386378937,1.1252920872913552,1.1282902698531014,1.1282902698531014,0.00058059315884442,0.00058059315884442,0.00058059315884442,0.0007475837799554255,0.0007475837799554255,0.0007475837799554255,-0.010653798455603238,-0.010653798455603238,-0.010653798455603238,-0.0004232307020456544,-0.0004232307020456544,-0.0004232307020456544,-0.0004232307020456706,-0.0004232307020456706,-0.0004232307020456706,-0.0004232307020456711,-0.0004232307020456711,-0.0004232307020456711,-0.003431832494617727,-0.003431832494617727,-0.003431832494617727,-0.004414086030378453,-0.004414086030378453,-0.004414086030378453,-0.008224190081800609,-0.008224190081800609,-0.008224190081800609,0.0005850743405068945,0.0005850743405068945,0.0005850743405068945,0.0014748658167288349,0.0014748658167288349,0.0014748658167288349,-0.003479734005083376,-0.003479734005083376,-0.003479734005083376,-0.00020749429542040235,-0.00020749429542040235,-0.00020749429542040235,-0.0028719050740003155,-0.0028719050740003155,-0.0028719050740003155,0.0025841053130922697,0.0025841053130922697,0.0025841053130922697,-0.0009512768590938128,-0.0009512768590938128,-0.0009512768590938128,0.0024296083738026284,0.0024296083738026284,0.0024296083738026284,0.0,0.0,0.0,1.1190109962063834
2025-05-15 23:00:00,1.1283867041900895,1.1196751979479547,1.1315442894150194,1.1283867041900895,1.1283867041900895,0.0016519056367861984,0.0016519056367861984,0.0016519056367861984,0.00014837076465452955,0.00014837076465452955,0.00014837076465452955,-0.0064249318949939575,-0.0064249318949939575,-0.0064249318949939575,-0.0004232307020456544,-0.0004232307020456544,-0.0004232307020456544,-0.0004232307020456706,-0.0004232307020456706,-0.0004232307020456706,-0.0004232307020456711,-0.0004232307020456711,-0.0004232307020456711,-0.002778708532554823,-0.002778708532554823,-0.002778708532554823,-0.004416404954236021,-0.004416404954236021,-0.004416404954236021,-0.002918827780383567,-0.002918827780383567,-0.002918827780383567,1.4874771368819349e-05,1.4874771368819349e-05,1.4874771368819349e-05,-0.00021941568862119762,-0.00021941568862119762,-0.00021941568862119762,0.001972540369883163,0.001972540369883163,0.001972540369883163,-0.00040033063525045295,-0.00040033063525045295,-0.00040033063525045295,-0.002871662434263943,-0.002871662434263943,-0.002871662434263943,0.0026554880608810234,0.0026554880608810234,0.0026554880608810234,-0.000911897147504256,-0.000911897147504256,-0.000911897147504256,0.0035061041146103897,0.0035061041146103897,0.0035061041146103897,0.0,0.0,0.0,1.125093137730884
2025-05-18 23:00:00,1.1286760072010542,1.1187670130288254,1.1282348798253312,1.1286760072010542,1.1286760072010542,-0.0007553116503569963,-0.0007553116503569963,-0.0007553116503569963,-0.001198048659008627,-0.001198048659008627,-0.001198048659008627,-0.010932726613903824,-0.010932726613903824,-0.010932726613903824,-0.0004232307020456544,-0.0004232307020456544,-0.0004232307020456544,-0.0004232307020456706,-0.0004232307020456706,-0.0004232307020456706,-0.0004232307020456711,-0.0004232307020456711,-0.0004232307020456711,-0.002353224175368021,-0.002353224175368021,-0.002353224175368021,-0.0037568669687191233,-0.0037568669687191233,-0.0037568669687191233,-0.005312084514505322,-0.005312084514505322,-0.005312084514505322,1.4874771368819349e-05,1.4874771368819349e-05,1.4874771368819349e-05,3.909022182847623e-05,3.909022182847623e-05,3.909022182847623e-05,-0.00032105444125511495,-0.00032105444125511495,-0.00032105444125511495,-3.0139188595830617e-05,-3.0139188595830617e-05,-3.0139188595830617e-05,-0.0026747265608779444,-0.0026747265608779444,-0.0026747265608779444,0.002126750444363563,0.002126750444363563,0.002126750444363563,-0.0007543783011460291,-0.0007543783011460291,-0.0007543783011460291,0.005620642099398503,0.005620642099398503,0.005620642099398503,0.0,0.0,0.0,1.1226803848613078
2025-05-19 23:00:00,1.1287724415380425,1.1161537244646347,1.1296208507394885,1.1287724415380425,1.1287724415380425,-0.001349845221997459,-0.001349845221997459,-0.001349845221997459,-0.0003321607641006611,-0.0003321607641006611,-0.0003321607641006611,-0.0103367636911871,-0.0103367636911871,-0.0103367636911871,-0.0004232307020456544,-0.0004232307020456544,-0.0004232307020456544,-0.0004232307020456706,-0.0004232307020456706,-0.0004232307020456706,-0.0004232307020456711,-0.0004232307020456711,-0.0004232307020456711,-0.0026996193214536613,-0.0026996193214536613,-0.0026996193214536613,-0.005006829057974651,-0.005006829057974651,-0.005006829057974651,-0.005474012884516981,-0.005474012884516981,-0.005474012884516981,1.4874771368819349e-05,1.4874771368819349e-05,1.4874771368819349e-05,-0.0002464408637815781,-0.0002464408637815781,-0.0002464408637815781,2.889201863583197e-05,2.889201863583197e-05,2.889201863583197e-05,-0.0006247359776119201,-0.0006247359776119201,-0.0006247359776119201,-0.0007914463876149168,-0.0007914463876149168,-0.0007914463876149168,0.002103921846782772,0.002103921846782772,0.002103921846782772,-0.00016368262730267908,-0.00016368262730267908,-0.00016368262730267908,0.0048627508066701195,0.0048627508066701195,0.0048627508066701195,0.0,0.0,0.0,1.1225935266493756
2025-05-20 23:00:00,1.1288688758750307,1.1175617508683544,1.1292552218240037,1.1288688758750307,1.1288688758750307,-0.0007553116503569966,-0.0007553116503569966,-0.0007553116503569966,0.0005337271308073044,0.0005337271308073044,0.0005337271308073044,-0.008610544600022706,-0.008610544600022706,-0.008610544600022706,-0.0004232307020456544,-0.0004232307020456544,-0.0004232307020456544,-0.0004232307020456706,-0.0004232307020456706,-0.0004232307020456706,-0.0004232307020456711,-0.0004232307020456711,-0.0004232307020456711,-0.0020901220496352254,-0.0020901220496352254,-0.0020901220496352254,-0.005791661729114493,-0.005791661729114493,-0.005791661729114493,-0.005157694431334748,-0.005157694431334748,-0.005157694431334748,1.4874771368819349e-05,1.4874771368819349e-05,1.4874771368819349e-05,0.0006694121338104216,0.0006694121338104216,0.0006694121338104216,-0.0003576391536079456,-0.0003576391536079456,-0.0003576391536079456,0.000334931726169692,0.000334931726169692,0.000334931726169692,0.0012767942320063457,0.0012767942320063457,0.0012767942320063457,-0.001721010086642974,-0.001721010086642974,-0.001721010086642974,0.0005451521813093409,0.0005451521813093409,0.0005451521813093409,0.003452850168687959,0.003452850168687959,0.003452850168687959,0.0,0.0,0.0,1.123046515160223
2025-05-21 23:00:00,1.1290427489602985,1.1259236025265071,1.135456413538966,1.1290427489602985,1.1290427489602985,0.00058059315884442,0.00058059315884442,0.00058059315884442,0.0007475837799554255,0.0007475837799554255,0.0007475837799554255,3.634872916685522e-05,3.634872916685522e-05,3.634872916685522e-05,-0.0004232307020456544,-0.0004232307020456544,-0.0004232307020456544,-0.0004232307020456706,-0.0004232307020456706,-0.0004232307020456706,-0.0004232307020456711,-0.0004232307020456711,-0.0004232307020456711,-0.0018134820544285282,-0.0018134820544285282,-0.0018134820544285282,-0.00335288490719638,-0.00335288490719638,-0.00335288490719638,0.0024659571029848615,0.0024659571029848615,0.0024659571029848615,1.4874771368819349e-05,1.4874771368819349e-05,1.4874771368819349e-05,0.0008208246901583964,0.0008208246901583964,0.0008208246901583964,0.0008821758809122317,0.0008821758809122317,0.0008821758809122317,-6.876931938233048e-05,-6.876931938233048e-05,-6.876931938233048e-05,0.004648275241645069,0.004648275241645069,0.004648275241645069,-0.0029584533587484266,-0.0029584533587484266,-0.0029584533587484266,0.0018053029521751544,0.0018053029521751544,0.0018053029521751544,0.002429608373818006,0.002429608373818006,0.002429608373818006,0.0,0.0,0.0,1.1318269199466706
2025-05-22 23:00:00,1.1292166220455662,1.1295956894701311,1.1408200668130488,1.1292166220455662,1.1292166220455662,0.0016519056367861984,0.0016519056367861984,0.0016519056367861984,0.00014837076465452955,0.00014837076465452955,0.00014837076465452955,0.0016421353266517051,0.0016421353266517051,0.0016421353266517051,-0.0004232307020456544,-0.0004232307020456544,-0.0004232307020456544,-0.0004232307020456706,-0.0004232307020456706,-0.0004232307020456706,-0.0004232307020456711,-0.0004232307020456711,-0.0004232307020456711,-0.0009488390763349135,-0.0009488390763349135,-0.0009488390763349135,-0.0025861699028040933,-0.0025861699028040933,-0.0025861699028040933,0.005148239441289124,0.005148239441289124,0.005148239441289124,1.4874771368819349e-05,1.4874771368819349e-05,1.4874771368819349e-05,0.000615135035886189,0.000615135035886189,0.000615135035886189,0.0010871471637151746,0.0010871471637151746,0.0010871471637151746,-7.174415583654715e-06,-7.174415583654715e-06,-7.174415583654715e-06,0.004358322411025431,0.004358322411025431,0.004358322411025431,-0.003187668196510578,-0.003187668196510578,-0.003187668196510578,0.0017659232405855976,0.0017659232405855976,0.0017659232405855976,0.0035061041146374193,0.0035061041146374193,0.0035061041146374193,0.0,0.0,0.0,1.1350300995969405
2025-05-25 23:00:00,1.1297382413013697,1.1267511927251745,1.1367980672672242,1.1297382413013697,1.1297382413013697,-0.0007553116503569963,-0.0007553116503569963,-0.0007553116503569963,-0.001198048659008627,-0.001198048659008627,-0.001198048659008627,-0.003634913919397143,-0.003634913919397143,-0.003634913919397143,-0.0004232307020456544,-0.0004232307020456544,-0.0004232307020456544,-0.0004232307020456706,-0.0004232307020456706,-0.0004232307020456706,-0.0004232307020456711,-0.0004232307020456711,-0.0004232307020456711,-0.0005937658495074577,-0.0005937658495074577,-0.0005937658495074577,-0.00365671364797576,-0.00365671364797576,-0.00365671364797576,0.0019857281800257647,0.0019857281800257647,0.0019857281800257647,-0.0005553247977692558,-0.0005553247977692558,-0.0005553247977692558,-0.0010291303952678407,-0.0010291303952678407,-0.0010291303952678407,0.0008086995018279042,0.0008086995018279042,0.0008086995018279042,-7.520868110234063e-05,-7.520868110234063e-05,-7.520868110234063e-05,0.004345742149697655,0.004345742149697655,0.004345742149697655,-0.001422083024383025,-0.001422083024383025,-0.001422083024383025,0.0017659232405855976,0.0017659232405855976,0.0017659232405855976,0.005620642099422908,0.005620642099422908,0.005620642099422908,0.0,0.0,0.0,1.1319815943631746
2025-05-26 23:00:00,1.1299121143866373,1.1297095415525862,1.1394278536409745,1.1299121143866373,1.1299121143866373,-0.001349845221997459,-0.001349845221997459,-0.001349845221997459,-0.0003321607641006611,-0.0003321607641006611,-0.0003321607641006611,-0.0010353103749039438,-0.0010353103749039438,-0.0010353103749039438,-0.0004232307020456544,-0.0004232307020456544,-0.0004232307020456544,-0.0004232307020456706,-0.0004232307020456706,-0.0004232307020456706,-0.0004232307020456711,-0.0004232307020456711,-0.0004232307020456711,0.0003356388258700136,0.0003356388258700136,0.0003356388258700136,-0.002288708190932222,-0.002288708190932222,-0.002288708190932222,0.0038274404318109244,0.0038274404318109244,0.0038274404318109244,0.0005850743405068945,0.0005850743405068945,0.0005850743405068945,0.001465587016557411,0.001465587016557411,0.001465587016557411,-0.0014171871935768205,-0.0014171871935768205,-0.0014171871935768205,0.00014301409447087154,0.00014301409447087154,0.00014301409447087154,0.0028843657381808782,0.0028843657381808782,0.0028843657381808782,-0.0006909664993612054,-0.0006909664993612054,-0.0006909664993612054,0.0008995695856153509,0.0008995695856153509,0.0008995695856153509,0.0048627508067148675,0.0048627508067148675,0.0048627508067148675,0.0,0.0,0.0,1.1342367856976336
2025-05-27 23:00:00,1.1305233523552338,1.1326139081504523,1.1455316065193777,1.1305233523552338,1.1305233523552338,-0.0007553116503569966,-0.0007553116503569966,-0.0007553116503569966,0.0005337271308073044,0.0005337271308073044,0.0005337271308073044,0.004207562862322779,0.004207562862322779,0.004207562862322779,-0.0004232307020456544,-0.0004232307020456544,-0.0004232307020456544,-0.0004232307020456706,-0.0004232307020456706,-0.0004232307020456706,-0.0004232307020456711,-0.0004232307020456711,-0.0004232307020456711,0.001968359878434953,0.001968359878434953,0.001968359878434953,-0.0028621845991742344,-0.0028621845991742344,-0.0028621845991742344,0.007660413030953922,0.007660413030953922,0.007660413030953922,1.4874771368819349e-05,1.4874771368819349e-05,1.4874771368819349e-05,0.0001225603464060318,0.0001225603464060318,0.0001225603464060318,0.0019599794065134016,0.0019599794065134016,0.0019599794065134016,0.0001790915745793224,0.0001790915745793224,0.0001790915745793224,0.0036287737192574306,0.0036287737192574306,0.0036287737192574306,-0.0006453620224767313,-0.0006453620224767313,-0.0006453620224767313,0.0013327464131004743,0.0013327464131004743,0.0013327464131004743,0.003452850168631144,0.003452850168631144,0.003452850168631144,0.0,0.0,0.0,1.1391836281754135
2025-05-28 23:00:00,1.1311345903238306,1.1281569343382687,1.140266598639972,1.1311345903238306,1.1311345903238306,0.00058059315884442,0.00058059315884442,0.00058059315884442,0.0007475837799554255,0.0007475837799554255,0.0007475837799554255,0.0003134560349339487,0.0003134560349339487,0.0003134560349339487,-0.0004232307020456544,-0.0004232307020456544,-0.0004232307020456544,-0.0004232307020456706,-0.0004232307020456706,-0.0004232307020456706,-0.0004232307020456711,-0.0004232307020456711,-0.0004232307020456711,0.00042088472594404967,0.00042088472594404967,0.00042088472594404967,-0.0032198682128772747,-0.0032198682128772747,-0.0032198682128772747,0.0027430644087673324,0.0027430644087673324,0.0027430644087673324,-0.0005553247977692558,-0.0005553247977692558,-0.0005553247977692558,-0.0010607512103250761,-0.0010607512103250761,-0.0010607512103250761,0.00014188778941631684,0.00014188778941631684,0.00014188778941631684,0.00013008134326491694,0.00013008134326491694,0.00013008134326491694,0.003237867826070527,0.003237867826070527,0.003237867826070527,0.00018186472975243126,0.00018186472975243126,0.00018186472975243126,0.0009783290087944643,0.0009783290087944643,0.0009783290087944643,0.0024296083738333833,0.0024296083738333833,0.0024296083738333833,0.0,0.0,0.0,1.1342373653600735
2025-05-29 23:00:00,1.1317458282924273,1.1255809461374011,1.1361164417855172,1.1317458282924273,1.1317458282924273,0.0016519056367861984,0.0016519056367861984,0.0016519056367861984,0.00014837076465452955,0.00014837076465452955,0.00014837076465452955,-0.0037275833931533103,-0.0037275833931533103,-0.0037275833931533103,-0.0004232307020456544,-0.0004232307020456544,-0.0004232307020456544,-0.0004232307020456706,-0.0004232307020456706,-0.0004232307020456706,-0.0004232307020456711,-0.0004232307020456711,-0.0004232307020456711,-0.0006577537394892912,-0.0006577537394892912,-0.0006577537394892912,-0.0036680798716507918,-0.0036680798716507918,-0.0036680798716507918,-0.0002214792785160337,-0.0002214792785160337,-0.0002214792785160337,-0.0005553247977692558,-0.0005553247977692558,-0.0005553247977692558,-0.0019868198725175577,-0.0019868198725175577,-0.0019868198725175577,-0.0014599931482603989,-0.0014599931482603989,-0.0014599931482603989,-0.00026170223675167056,-0.00026170223675167056,-0.00026170223675167056,0.002111264498223662,0.002111264498223662,0.002111264498223662,0.001478190740501137,0.001478190740501137,0.001478190740501137,0.0007420507392571242,0.0007420507392571242,0.0007420507392571242,0.003506104114637277,0.003506104114637277,0.003506104114637277,0.0,0.0,0.0,1.1314951700429137
2025-06-01 23:00:00,1.1349167956760777,1.1339754800279216,1.146060178263499,1.1349167956760777,1.1349167956760777,-0.0007553116503569963,-0.0007553116503569963,-0.0007553116503569963,-0.001198048659008627,-0.001198048659008627,-0.001198048659008627,-0.0008442359210856761,-0.0008442359210856761,-0.0008442359210856761,-0.0004232307020456544,-0.0004232307020456544,-0.0004232307020456544,-0.0004232307020456706,-0.0004232307020456706,-0.0004232307020456706,-0.0004232307020456711,-0.0004232307020456711,-0.0004232307020456711,0.0008034306114931831,0.0008034306114931831,0.0008034306114931831,-0.0016807753155274247,-0.0016807753155274247,-0.0016807753155274247,0.004776406178346973,0.004776406178346973,0.004776406178346973,0.0005850743405068945,0.0005850743405068945,0.0005850743405068945,0.002433315365962193,0.002433315365962193,0.002433315365962193,-0.0027136374049293198,-0.0027136374049293198,-0.0027136374049293198,0.0003327208413085613,0.0003327208413085613,0.0003327208413085613,-0.0012307173635812897,-0.0012307173635812897,-0.0012307173635812897,0.004013088046486825,0.004013088046486825,0.004013088046486825,-0.00016368262730267908,-0.00016368262730267908,-0.00016368262730267908,0.005620642099432651,0.005620642099432651,0.005620642099432651,0.0,0.0,0.0,1.1403376192708548
2025-06-02 23:00:00,1.1359737848039613,1.136657757066107,1.1485152390851459,1.1359737848039613,1.1359737848039613,-0.001349845221997459,-0.001349845221997459,-0.001349845221997459,-0.0003321607641006611,-0.0003321607641006611,-0.0003321607641006611,-5.7507876886525675e-05,-5.7507876886525675e-05,-5.7507876886525675e-05,-0.0004232307020456544,-0.0004232307020456544,-0.0004232307020456544,-0.0004232307020456706,-0.0004232307020456706,-0.0004232307020456706,-0.0004232307020456711,-0.0004232307020456711,-0.0004232307020456711,0.0005896288720312669,0.0005896288720312669,0.0005896288720312669,-0.0022708533817794745,-0.0022708533817794745,-0.0022708533817794745,0.00480524292980276,0.00480524292980276,0.00480524292980276,1.4874771368819349e-05,1.4874771368819349e-05,1.4874771368819349e-05,-0.0005967659272378494,-0.0005967659272378494,-0.0005967659272378494,0.003270019511287881,0.003270019511287881,0.003270019511287881,1.2714237192115908e-05,1.2714237192115908e-05,1.2714237192115908e-05,-0.0012633900967860688,-0.0012633900967860688,-0.0012633900967860688,0.00330164485657458,0.00330164485657458,0.00330164485657458,-0.00016368262730267908,-0.00016368262730267908,-0.00016368262730267908,0.004862750806689285,0.004862750806689285,0.004862750806689285,0.0,0.0,0.0,1.1414324148018318
2025-06-03 23:00:00,1.1370307739318448,1.1365224311759556,1.1463222074334123,1.1370307739318448,1.1370307739318448,-0.0007553116503569966,-0.0007553116503569966,-0.0007553116503569966,0.0005337271308073044,0.0005337271308073044,0.0005337271308073044,0.0008185452294390917,0.0008185452294390917,0.0008185452294390917,-0.0004232307020456544,-0.0004232307020456544,-0.0004232307020456544,-0.0004232307020456706,-0.0004232307020456706,-0.0004232307020456706,-0.0004232307020456711,-0.0004232307020456711,-0.0004232307020456711,0.0011682143174914597,0.0011682143174914597,0.0011682143174914597,-0.0010193977410112988,-0.0010193977410112988,-0.0010193977410112988,0.004271395398127539,0.004271395398127539,0.004271395398127539,0.0005850743405068945,0.0005850743405068945,0.0005850743405068945,0.0016174539196529634,0.0016174539196529634,0.0016174539196529634,-0.0008318836904324154,-0.0008318836904324154,-0.0008318836904324154,-0.00026923661404346295,-0.00026923661404346295,-0.00026923661404346295,-0.0025919580794048864,-0.0025919580794048864,-0.0025919580794048864,0.004366553991922998,0.004366553991922998,0.004366553991922998,-0.0007149985895564725,-0.0007149985895564725,-0.0007149985895564725,0.003452850168688448,0.003452850168688448,0.003452850168688448,0.0,0.0,0.0,1.1418874819471467
2025-06-04 23:00:00,1.1380877630597284,1.1336378203055275,1.1430730629197818,1.1380877630597284,1.1380877630597284,0.00058059315884442,0.00058059315884442,0.00058059315884442,0.0007475837799554255,0.0007475837799554255,0.0007475837799554255,-0.002066924171748177,-0.002066924171748177,-0.002066924171748177,-0.0004232307020456544,-0.0004232307020456544,-0.0004232307020456544,-0.0004232307020456706,-0.0004232307020456706,-0.0004232307020456706,-0.0004232307020456711,-0.0004232307020456711,-0.0004232307020456711,-0.00016527860529307384,-0.00016527860529307384,-0.00016527860529307384,-0.0021326237297784327,-0.0021326237297784327,-0.0021326237297784327,0.00036268420210058334,0.00036268420210058334,0.00036268420210058334,-0.0005553247977692558,-0.0005553247977692558,-0.0005553247977692558,-0.0013641715309607174,-0.0013641715309607174,-0.0013641715309607174,0.0021655657508273217,0.0021655657508273217,0.0021655657508273217,-0.0004898935037040925,-0.0004898935037040925,-0.0004898935037040925,-0.0032708620243761767,-0.0032708620243761767,-0.0032708620243761767,0.004638456295737213,0.004638456295737213,0.004638456295737213,-0.0009512768590938128,-0.0009512768590938128,-0.0009512768590938128,0.0024296083738487603,0.0024296083738487603,0.0024296083738487603,0.0,0.0,0.0,1.138500529511994
2025-06-05 23:00:00,1.139074061384665,1.1332925831121374,1.144682202031696,1.139074061384665,1.139074061384665,0.0016519056367861984,0.0016519056367861984,0.0016519056367861984,0.00014837076465452955,0.00014837076465452955,0.00014837076465452955,-0.003186642322150102,-0.003186642322150102,-0.003186642322150102,-0.0004232307020456544,-0.0004232307020456544,-0.0004232307020456544,-0.0004232307020456706,-0.0004232307020456706,-0.0004232307020456706,-0.0004232307020456711,-0.0004232307020456711,-0.0004232307020456711,-0.00023013845409654767,-0.00023013845409654767,-0.00023013845409654767,-0.0012901797702921992,-0.0012901797702921992,-0.0012901797702921992,0.00031946179251420394,0.00031946179251420394,0.00031946179251420394,1.4874771368819349e-05,1.4874771368819349e-05,1.4874771368819349e-05,0.0005088588628998204,0.0005088588628998204,0.0005088588628998204,-0.00187074146299222,-0.00187074146299222,-0.00187074146299222,0.0005633040975333478,0.0005633040975333478,0.0005633040975333478,-0.003192782899332802,-0.003192782899332802,-0.003192782899332802,0.002691475384962204,0.002691475384962204,0.002691475384962204,-0.000911897147504256,-0.000911897147504256,-0.000911897147504256,0.003506104114664306,0.003506104114664306,0.003506104114664306,0.0,0.0,0.0,1.1394379520261213
2025-06-08 23:00:00,1.1420329563594753,1.1375337091133568,1.1498820453559926,1.1420329563594753,1.1420329563594753,-0.0007553116503569963,-0.0007553116503569963,-0.0007553116503569963,-0.001198048659008627,-0.001198048659008627,-0.001198048659008627,-0.00368521272926989,-0.00368521272926989,-0.00368521272926989,-0.0004232307020456544,-0.0004232307020456544,-0.0004232307020456544,-0.0004232307020456706,-0.0004232307020456706,-0.0004232307020456706,-0.0004232307020456711,-0.0004232307020456711,-0.0004232307020456711,0.0006450200314557995,0.0006450200314557995,0.0006450200314557995,5.673113954862235e-06,5.673113954862235e-06,5.673113954862235e-06,0.0019354293701725027,0.0019354293701725027,0.0019354293701725027,1.4874771368819349e-05,1.4874771368819349e-05,1.4874771368819349e-05,0.0004048614551119926,0.0004048614551119926,0.0004048614551119926,0.0006648305649720952,0.0006648305649720952,0.0006648305649720952,-0.00015868158330530549,-0.00015868158330530549,-0.00015868158330530549,-0.0020633644827561977,-0.0020633644827561977,-0.0020633644827561977,0.00046396642386023967,0.00046396642386023967,0.00046396642386023967,-0.00043934060842957607,-0.00043934060842957607,-0.00043934060842957607,0.005620642099442392,0.005620642099442392,0.005620642099442392,0.0,0.0,0.0,1.1442432804849185
2025-06-09 23:00:00,1.143019254684412,1.1354636551654143,1.145770471423079,1.143019254684412,1.143019254684412,-0.001349845221997459,-0.001349845221997459,-0.001349845221997459,-0.0003321607641006611,-0.0003321607641006611,-0.0003321607641006611,-0.00728191916934074,-0.00728191916934074,-0.00728191916934074,-0.0004232307020456544,-0.0004232307020456544,-0.0004232307020456544,-0.0004232307020456706,-0.0004232307020456706,-0.0004232307020456706,-0.0004232307020456711,-0.0004232307020456711,-0.0004232307020456711,-0.0008359073079647614,-0.0008359073079647614,-0.0008359073079647614,-0.0005752680435002122,-0.0005752680435002122,-0.0005752680435002122,-0.0024191683626144204,-0.0024191683626144204,-0.0024191683626144204,-0.0005553247977692558,-0.0005553247977692558,-0.0005553247977692558,-0.0009609880218980083,-0.0009609880218980083,-0.0009609880218980083,0.0005240464543501035,0.0005240464543501035,0.0005240464543501035,0.0003689065798477753,0.0003689065798477753,0.0003689065798477753,-0.0025197943322907857,-0.0025197943322907857,-0.0025197943322907857,0.0008209678469073238,0.0008209678469073238,0.0008209678469073238,-0.0005968594547878024,-0.0005968594547878024,-0.0005968594547878024,0.0048627508067263184,0.0048627508067263184,0.0048627508067263184,0.0,0.0,0.0,1.1402540986656202
2025-06-10 23:00:00,1.1438241594275638,1.1405477395435435,1.1513592062249536,1.1438241594275638,1.1438241594275638,-0.0007553116503569966,-0.0007553116503569966,-0.0007553116503569966,0.0005337271308073044,0.0005337271308073044,0.0005337271308073044,-0.002138641814256185,-0.002138641814256185,-0.002138641814256185,-0.0004232307020456544,-0.0004232307020456544,-0.0004232307020456544,-0.0004232307020456706,-0.0004232307020456706,-0.0004232307020456706,-0.0004232307020456711,-0.0004232307020456711,-0.0004232307020456711,-0.0007876893725304188,-0.0007876893725304188,-0.0007876893725304188,0.0011953330667804887,0.0011953330667804887,0.0011953330667804887,0.0013142083544172,0.0013142083544172,0.0013142083544172,1.4874771368819349e-05,1.4874771368819349e-05,1.4874771368819349e-05,0.00020156789486321054,0.00020156789486321054,0.00020156789486321054,-0.0013249410151901862,-0.0013249410151901862,-0.0013249410151901862,-0.0003415333960690874,-0.0003415333960690874,-0.0003415333960690874,0.0008868555386095333,0.0008868555386095333,0.0008868555386095333,-0.0010369848577111975,-0.0010369848577111975,-0.0010369848577111975,0.0005451521813093409,0.0005451521813093409,0.0005451521813093409,0.003452850168673385,0.003452850168673385,0.003452850168673385,0.0,0.0,0.0,1.1453273826938675
2025-06-11 23:00:00,1.1446290641707153,1.1426632397430843,1.1533304050222144,1.1446290641707153,1.1446290641707153,0.00058059315884442,0.00058059315884442,0.00058059315884442,0.0007475837799554255,0.0007475837799554255,0.0007475837799554255,0.0009272916176049167,0.0009272916176049167,0.0009272916176049167,-0.0004232307020456544,-0.0004232307020456544,-0.0004232307020456544,-0.0004232307020456706,-0.0004232307020456706,-0.0004232307020456706,-0.0004232307020456711,-0.0004232307020456711,-0.0004232307020456711,-0.00013350604595854253,-0.00013350604595854253,-0.00013350604595854253,0.00025439261024466853,0.00025439261024466853,0.00025439261024466853,0.0033568999914251295,0.0033568999914251295,0.0033568999914251295,1.4874771368819349e-05,1.4874771368819349e-05,1.4874771368819349e-05,1.1161562555565769e-05,1.1161562555565769e-05,1.1161562555565769e-05,0.00024884244990805345,0.00024884244990805345,0.00024884244990805345,0.0001047586315334914,0.0001047586315334914,0.0001047586315334914,0.0018857917537581752,0.0018857917537581752,0.0018857917537581752,-0.002495837957262628,-0.002495837957262628,-0.002495837957262628,0.0009783290087944643,0.0009783290087944643,0.0009783290087944643,0.002429608373820213,0.002429608373820213,0.002429608373820213,0.0,0.0,0.0,1.1484714694664149
2025-06-12 23:00:00,1.1454339689138668,1.1507568261709429,1.1621936193622504,1.1454339689138668,1.1454339689138668,0.0016519056367861984,0.0016519056367861984,0.0016519056367861984,0.00014837076465452955,0.00014837076465452955,0.00014837076465452955,0.005858972432329745,0.005858972432329745,0.005858972432329745,-0.0004232307020456544,-0.0004232307020456544,-0.0004232307020456544,-0.0004232307020456706,-0.0004232307020456706,-0.0004232307020456706,-0.0004232307020456711,-0.0004232307020456711,-0.0004232307020456711,0.0017553400954112759,0.0017553400954112759,0.0017553400954112759,0.0011078171668840113,0.0011078171668840113,0.0011078171668840113,0.00936507654694628,0.00936507654694628,0.00936507654694628,0.0005850743405068945,0.0005850743405068945,0.0005850743405068945,0.001108150944838131,0.001108150944838131,0.001108150944838131,-8.915764656450644e-06,-8.915764656450644e-06,-8.915764656450644e-06,7.997888736106566e-05,7.997888736106566e-05,7.997888736106566e-05,0.0013965158558698397,0.0013965158558698397,0.0013965158558698397,-0.0016345226863936607,-0.0016345226863936607,-0.0016345226863936607,0.0009389492972049075,0.0009389492972049075,0.0009389492972049075,0.003506104114616536,0.003506104114616536,0.003506104114616536,0.0,0.0,0.0,1.1561610457122176
2025-06-15 23:00:00,1.1478486831433217,1.1537649997561694,1.1638316736533967,1.1478486831433217,1.1478486831433217,-0.0007553116503569963,-0.0007553116503569963,-0.0007553116503569963,-0.001198048659008627,-0.001198048659008627,-0.001198048659008627,0.00372869031469296,0.00372869031469296,0.00372869031469296,-0.0004232307020456544,-0.0004232307020456544,-0.0004232307020456544,-0.0004232307020456706,-0.0004232307020456706,-0.0004232307020456706,-0.0004232307020456711,-0.0004232307020456711,-0.0004232307020456711,0.0011446916346564994,0.0011446916346564994,0.0011446916346564994,0.0020037210648376166,0.0020037210648376166,0.0020037210648376166,0.009349332414145097,0.009349332414145097,0.009349332414145097,0.0005850743405068945,0.0005850743405068945,0.0005850743405068945,0.0014327366929271347,0.0014327366929271347,0.0014327366929271347,0.001476108505001306,0.001476108505001306,0.001476108505001306,-0.0002454657687922837,-0.0002454657687922837,-0.0002454657687922837,0.0005666235807423051,0.0005666235807423051,0.0005666235807423051,-0.0005568995009932341,-0.0005568995009932341,-0.0005568995009932341,0.0005451521813093409,0.0005451521813093409,0.0005451521813093409,0.005620642099452135,0.005620642099452135,0.005620642099452135,0.0,0.0,0.0,1.1585803020431673
2025-06-16 23:00:00,1.148653587828883,1.1486214607564433,1.1602860290565513,1.148653587828883,1.148653587828883,-0.001349845221997459,-0.001349845221997459,-0.001349845221997459,-0.0003321607641006611,-0.0003321607641006611,-0.0003321607641006611,-0.00020073791231747448,-0.00020073791231747448,-0.00020073791231747448,-0.0004232307020456544,-0.0004232307020456544,-0.0004232307020456544,-0.0004232307020456706,-0.0004232307020456706,-0.0004232307020456706,-0.0004232307020456711,-0.0004232307020456711,-0.0004232307020456711,0.0009542375221504802,0.0009542375221504802,0.0009542375221504802,0.0015779020045135767,0.0015779020045135767,0.0015779020045135767,0.004662012894383263,0.004662012894383263,0.004662012894383263,-0.0005553247977692558,-0.0005553247977692558,-0.0005553247977692558,-0.0009088347121649419,-0.0009088347121649419,-0.0009088347121649419,0.00191550903273862,0.00191550903273862,0.00191550903273862,3.153957986271045e-05,3.153957986271045e-05,3.153957986271045e-05,4.125568585253289e-05,4.125568585253289e-05,4.125568585253289e-05,-0.0006535777586276387,-0.0006535777586276387,-0.0006535777586276387,0.0003482536233615576,0.0003482536233615576,0.0003482536233615576,0.004862750806700737,0.004862750806700737,0.004862750806700737,0.0,0.0,0.0,1.154008625666521
2025-06-17 23:00:00,1.1494584925144447,1.144405767248327,1.1557053409742746,1.1494584925144447,1.1494584925144447,-0.0007553116503569966,-0.0007553116503569966,-0.0007553116503569966,0.0005337271308073044,0.0005337271308073044,0.0005337271308073044,-0.0020973768338925776,-0.0020973768338925776,-0.0020973768338925776,-0.0004232307020456544,-0.0004232307020456544,-0.0004232307020456544,-0.0004232307020456706,-0.0004232307020456706,-0.0004232307020456706,-0.0004232307020456711,-0.0004232307020456711,-0.0004232307020456711,-0.00018369257691068025,-0.00018369257691068025,-0.00018369257691068025,0.000988721628684332,0.000988721628684332,0.000988721628684332,0.0013554733348074958,0.0013554733348074958,0.0013554733348074958,1.4874771368819349e-05,1.4874771368819349e-05,1.4874771368819349e-05,-0.00024710263243912746,-0.00024710263243912746,-0.00024710263243912746,-0.0012543396657628749,-0.0012543396657628749,-0.0012543396657628749,-1.382905291147634e-05,-1.382905291147634e-05,-1.382905291147634e-05,9.636049792748237e-05,9.636049792748237e-05,9.636049792748237e-05,-0.0004341062247030349,-0.0004341062247030349,-0.0004341062247030349,0.0004270130465406708,0.0004270130465406708,0.0004270130465406708,0.003452850168700073,0.003452850168700073,0.003452850168700073,0.0,0.0,0.0,1.151016552850516
2025-06-18 23:00:00,1.150263397200006,1.1436841338353798,1.1545442666310863,1.150263397200006,1.150263397200006,0.00058059315884442,0.00058059315884442,0.00058059315884442,0.0007475837799554255,0.0007475837799554255,0.0007475837799554255,-0.0020766418221569074,-0.0020766418221569074,-0.0020766418221569074,-0.0004232307020456544,-0.0004232307020456544,-0.0004232307020456544,-0.0004232307020456706,-0.0004232307020456706,-0.0004232307020456706,-0.0004232307020456711,-0.0004232307020456711,-0.0004232307020456711,-0.0001745622114800352,-0.0001745622114800352,-0.0001745622114800352,-0.00040628308665991347,-0.00040628308665991347,-0.00040628308665991347,0.0003529665517226086,0.0003529665517226086,0.0003529665517226086,-0.0005553247977692558,-0.0005553247977692558,-0.0005553247977692558,-0.0013492109611500146,-0.0013492109611500146,-0.0013492109611500146,-0.0003585350077823176,-0.0003585350077823176,-0.0003585350077823176,0.0002475535798969048,0.0002475535798969048,0.0002475535798969048,-0.0006459697743595454,-0.0006459697743595454,-0.0006459697743595454,0.0009164708274810896,0.0009164708274810896,0.0009164708274810896,0.00019073477700333078,0.00019073477700333078,0.00019073477700333078,0.002429608373879516,0.002429608373879516,0.002429608373879516,0.0,0.0,0.0,1.1506694017048884
2025-06-19 23:00:00,1.1510683018855676,1.1441929558521757,1.1557570515907765,1.1510683018855676,1.1510683018855676,0.0016519056367861984,0.0016519056367861984,0.0016519056367861984,0.00014837076465452955,0.00014837076465452955,0.00014837076465452955,-0.0029694892302451256,-0.0029694892302451256,-0.0029694892302451256,-0.0004232307020456544,-0.0004232307020456544,-0.0004232307020456544,-0.0004232307020456706,-0.0004232307020456706,-0.0004232307020456706,-0.0004232307020456711,-0.0004232307020456711,-0.0004232307020456711,-0.0006341615813753912,-0.0006341615813753912,-0.0006341615813753912,-0.0009587172211256514,-0.0009587172211256514,-0.0009587172211256514,0.0005366148843712663,0.0005366148843712663,0.0005366148843712663,1.4874771368819349e-05,1.4874771368819349e-05,1.4874771368819349e-05,-0.0002442181645755941,-0.0002442181645755941,-0.0002442181645755941,-0.001850488934010969,-0.001850488934010969,-0.001850488934010969,0.00032489350567726957,0.00032489350567726957,0.00032489350567726957,-0.00048654700493493065,-0.00048654700493493065,-0.00048654700493493065,2.5417191655589173e-05,2.5417191655589173e-05,2.5417191655589173e-05,0.0003088739117720009,0.0003088739117720009,0.0003088739117720009,0.0035061041146163927,0.0035061041146163927,0.0035061041146163927,0.0,0.0,0.0,1.1516859822692873
2025-06-22 23:00:00,1.154703895900514,1.1492968462788828,1.1599216623284214,1.154703895900514,1.154703895900514,-0.0007553116503569963,-0.0007553116503569963,-0.0007553116503569963,-0.001198048659008627,-0.001198048659008627,-0.001198048659008627,-0.005457072550035849,-0.005457072550035849,-0.005457072550035849,-0.0004232307020456544,-0.0004232307020456544,-0.0004232307020456544,-0.0004232307020456706,-0.0004232307020456706,-0.0004232307020456706,-0.0004232307020456711,-0.0004232307020456711,-0.0004232307020456711,-0.0005985245214748266,-0.0005985245214748266,-0.0005985245214748266,6.606120561980477e-07,6.606120561980477e-07,6.606120561980477e-07,0.00016356954944069056,0.00016356954944069056,0.00016356954944069056,1.4874771368819349e-05,1.4874771368819349e-05,1.4874771368819349e-05,0.0004632545968258099,0.0004632545968258099,0.0004632545968258099,-0.00035463022542837896,-0.00035463022542837896,-0.00035463022542837896,-0.00023303905835381518,-0.00023303905835381518,-0.00023303905835381518,-3.774453234307222e-05,-3.774453234307222e-05,-3.774453234307222e-05,-0.001915884823724635,-0.001915884823724635,-0.001915884823724635,0.0004270130465406708,0.0004270130465406708,0.0004270130465406708,0.005620642099476539,0.005620642099476539,0.005620642099476539,0.0,0.0,0.0,1.1548927702965037
2025-06-23 23:00:00,1.1559157605721628,1.1516187406016012,1.161205789404892,1.1559157605721628,1.1559157605721628,-0.001349845221997459,-0.001349845221997459,-0.001349845221997459,-0.0003321607641006611,-0.0003321607641006611,-0.0003321607641006611,-0.004492785760009817,-0.004492785760009817,-0.004492785760009817,-0.0004232307020456544,-0.0004232307020456544,-0.0004232307020456544,-0.0004232307020456706,-0.0004232307020456706,-0.0004232307020456706,-0.0004232307020456711,-0.0004232307020456711,-0.0004232307020456711,-0.0002330990388365915,-0.0002330990388365915,-0.0002330990388365915,-0.0011743426689907954,-0.0011743426689907954,-0.0011743426689907954,0.0003699650466966449,0.0003699650466966449,0.0003699650466966449,1.4874771368819349e-05,1.4874771368819349e-05,1.4874771368819349e-05,-0.0003622197157281627,-0.0003622197157281627,-0.0003622197157281627,0.0006030948335113952,0.0006030948335113952,0.0006030948335113952,-7.53663625136779e-05,-7.53663625136779e-05,-7.53663625136779e-05,0.0009958913481291844,0.0009958913481291844,0.0009958913481291844,-0.0021701107087406662,-0.0021701107087406662,-0.0021701107087406662,0.0008601898740257941,0.0008601898740257941,0.0008601898740257941,0.004862750806706462,0.004862750806706462,0.004862750806706462,0.0,0.0,0.0,1.1563434090005003
2025-06-24 23:00:00,1.1571276252438119,1.1557382659010496,1.1661580465180754,1.1571276252438119,1.1571276252438119,-0.0007553116503569966,-0.0007553116503569966,-0.0007553116503569966,0.0005337271308073044,0.0005337271308073044,0.0005337271308073044,0.0003809831002245901,0.0003809831002245901,0.0003809831002245901,-0.0004232307020456544,-0.0004232307020456544,-0.0004232307020456544,-0.0004232307020456706,-0.0004232307020456706,-0.0004232307020456706,-0.0004232307020456711,-0.0004232307020456711,-0.0004232307020456711,0.0005963974294587531,0.0005963974294587531,0.0005963974294587531,-0.0002498105420973169,-0.0002498105420973169,-0.0002498105420973169,0.0038338332689513504,0.0038338332689513504,0.0038338332689513504,0.0005850743405068945,0.0005850743405068945,0.0005850743405068945,0.0015607401991843451,0.0015607401991843451,0.0015607401991843451,-0.0005143721246199686,-0.0005143721246199686,-0.0005143721246199686,-0.00033796870055918343,-0.00033796870055918343,-0.00033796870055918343,-0.00025933349298790407,-0.00025933349298790407,-0.00025933349298790407,0.000143278993664101,0.000143278993664101,0.000143278993664101,0.0003482536233615576,0.0003482536233615576,0.0003482536233615576,0.00345285016872676,0.00345285016872676,0.00345285016872676,0.0,0.0,0.0,1.1615638596298943
2025-06-25 23:00:00,1.158339489844977,1.1588033688551067,1.1699736375164838,1.158339489844977,1.158339489844977,0.00058059315884442,0.00058059315884442,0.00058059315884442,0.0007475837799554255,0.0007475837799554255,0.0007475837799554255,0.0028715358310616454,0.0028715358310616454,0.0028715358310616454,-0.0004232307020456544,-0.0004232307020456544,-0.0004232307020456544,-0.0004232307020456706,-0.0004232307020456706,-0.0004232307020456706,-0.0004232307020456711,-0.0004232307020456711,-0.0004232307020456711,0.0006349415435876653,0.0006349415435876653,0.0006349415435876653,0.00047986732508488445,0.00047986732508488445,0.00047986732508488445,0.005301144204882993,0.005301144204882993,0.005301144204882993,1.4874771368819349e-05,1.4874771368819349e-05,1.4874771368819349e-05,7.431806101091212e-05,7.431806101091212e-05,7.431806101091212e-05,0.0020887908497400926,0.0020887908497400926,0.0020887908497400926,-7.467907253931849e-05,-7.467907253931849e-05,-7.467907253931849e-05,0.00038358977576832435,0.00038358977576832435,0.00038358977576832435,-0.0014913232832901506,-0.0014913232832901506,-0.0014913232832901506,0.0007026710276675675,0.0007026710276675675,0.0007026710276675675,0.0024296083738213473,0.0024296083738213473,0.0024296083738213473,0.0,0.0,0.0,1.1644800145188559
2025-06-26 23:00:00,1.1595513544461424,1.1668436174043626,1.177928258936186,1.1595513544461424,1.1595513544461424,0.0016519056367861984,0.0016519056367861984,0.0016519056367861984,0.00014837076465452955,0.00014837076465452955,0.00014837076465452955,0.007232158794657554,0.007232158794657554,0.007232158794657554,-0.0004232307020456544,-0.0004232307020456544,-0.0004232307020456544,-0.0004232307020456706,-0.0004232307020456706,-0.0004232307020456706,-0.0004232307020456711,-0.0004232307020456711,-0.0004232307020456711,0.0006194052995723023,0.0006194052995723023,0.0006194052995723023,0.002453100504775425,0.002453100504775425,0.002453100504775425,0.010738262909263574,0.010738262909263574,0.010738262909263574,1.4874771368819349e-05,1.4874771368819349e-05,1.4874771368819349e-05,0.0010826940159831457,0.0010826940159831457,0.0010826940159831457,7.658089967555979e-05,7.658089967555979e-05,7.658089967555979e-05,9.389237947468304e-05,9.389237947468304e-05,9.389237947468304e-05,0.0024287307676310187,0.0024287307676310187,0.0024287307676310187,-0.0015185896869962764,-0.0015185896869962764,-0.0015185896869962764,0.0014508855478691442,0.0014508855478691442,0.0014508855478691442,0.003506104114606021,0.003506104114606021,0.003506104114606021,0.0,0.0,0.0,1.1720029217469778
2025-06-29 23:00:00,1.1631869482496386,1.170393936855235,1.1815179804579803,1.1631869482496386,1.1631869482496386,-0.0007553116503569963,-0.0007553116503569963,-0.0007553116503569963,-0.001198048659008627,-0.001198048659008627,-0.001198048659008627,0.0050274917813958745,0.0050274917813958745,0.0050274917813958745,-0.0004232307020456544,-0.0004232307020456544,-0.0004232307020456544,-0.0004232307020456706,-0.0004232307020456706,-0.0004232307020456706,-0.0004232307020456711,-0.0004232307020456711,-0.0004232307020456711,-0.0002602675066773432,-0.0002602675066773432,-0.0002602675066773432,0.000883284759604491,0.000883284759604491,0.000883284759604491,0.010648133880795458,0.010648133880795458,0.010648133880795458,1.4874771368819349e-05,1.4874771368819349e-05,1.4874771368819349e-05,-8.652102345304353e-06,-8.652102345304353e-06,-8.652102345304353e-06,0.0014416467701922208,0.0014416467701922208,0.0014416467701922208,-0.0001027956219005834,-0.0001027956219005834,-0.0001027956219005834,0.005449255983782719,0.005449255983782719,0.005449255983782719,-0.0012871435020181323,-0.0012871435020181323,-0.0012871435020181323,0.0021203406448916076,0.0021203406448916076,0.0021203406448916076,0.005620642099399583,0.005620642099399583,0.005620642099399583,0.0,0.0,0.0,1.1755727186029947
2025-06-30 23:00:00,1.164398812850804,1.1717505259883454,1.1828502504696259,1.164398812850804,1.164398812850804,-0.001349845221997459,-0.001349845221997459,-0.001349845221997459,-0.0003321607641006611,-0.0003321607641006611,-0.0003321607641006611,0.005799914501109518,0.005799914501109518,0.005799914501109518,-0.0004232307020456544,-0.0004232307020456544,-0.0004232307020456544,-0.0004232307020456706,-0.0004232307020456706,-0.0004232307020456706,-0.0004232307020456711,-0.0004232307020456711,-0.0004232307020456711,0.0005697535640373937,0.0005697535640373937,0.0005697535640373937,0.0015569665376986815,0.0015569665376986815,0.0015569665376986815,0.010662665307829422,0.010662665307829422,0.010662665307829422,1.4874771368819349e-05,1.4874771368819349e-05,1.4874771368819349e-05,0.0004511971799983001,0.0004511971799983001,0.0004511971799983001,-3.573806004406373e-05,-3.573806004406373e-05,-3.573806004406373e-05,0.0003553932479852544,0.0003553932479852544,0.0003553932479852544,0.005748861529741573,0.005748861529741573,0.005748861529741573,-0.0020300368223329325,-0.0020300368223329325,-0.0020300368223329325,0.0021203406448916076,0.0021203406448916076,0.0021203406448916076,0.004862750806719905,0.004862750806719905,0.004862750806719905,0.0,0.0,0.0,1.1768144076770661
2025-07-01 23:00:00,1.1639645108887464,1.1708278992394192,1.1835023974640488,1.1639645108887464,1.1639645108887464,-0.0007553116503569966,-0.0007553116503569966,-0.0007553116503569966,0.0005337271308073044,0.0005337271308073044,0.0005337271308073044,0.0081917871916256,0.0081917871916256,0.0081917871916256,-0.0004232307020456544,-0.0004232307020456544,-0.0004232307020456544,-0.0004232307020456706,-0.0004232307020456706,-0.0004232307020456706,-0.0004232307020456711,-0.0004232307020456711,-0.0004232307020456711,0.0012507110621597058,0.0012507110621597058,0.0012507110621597058,0.001075618790774669,0.001075618790774669,0.001075618790774669,0.011644637360295544,0.011644637360295544,0.011644637360295544,1.4874771368819349e-05,1.4874771368819349e-05,1.4874771368819349e-05,0.0008686809871942197,0.0008686809871942197,0.0008686809871942197,0.0005867723814371783,0.0005867723814371783,0.0005867723814371783,1.2194171209935948e-06,1.2194171209935948e-06,1.2194171209935948e-06,0.0068444182163971785,0.0068444182163971785,0.0068444182163971785,-0.003079572454032085,-0.003079572454032085,-0.003079572454032085,0.0021203406448916076,0.0021203406448916076,0.0021203406448916076,0.0034528501686699464,0.0034528501686699464,0.0034528501686699464,0.0,0.0,0.0,1.1775184555182998
2025-07-02 23:00:00,1.1635302089266888,1.1746238482729223,1.1883658981760856,1.1635302089266888,1.1635302089266888,0.00058059315884442,0.00058059315884442,0.00058059315884442,0.0007475837799554255,0.0007475837799554255,0.0007475837799554255,0.013395915517647398,0.013395915517647398,0.013395915517647398,-0.0004232307020456544,-0.0004232307020456544,-0.0004232307020456544,-0.0004232307020456706,-0.0004232307020456706,-0.0004232307020456706,-0.0004232307020456711,-0.0004232307020456711,-0.0004232307020456711,0.002171034784029438,0.002171034784029438,0.002171034784029438,0.0020546504217131287,0.0020546504217131287,0.0020546504217131287,0.015825523891484124,0.015825523891484124,0.015825523891484124,1.4874771368819349e-05,1.4874771368819349e-05,1.4874771368819349e-05,0.0001587864343611462,0.0001587864343611462,0.0001587864343611462,0.0011519315305485833,0.0011519315305485833,0.0011519315305485833,0.00024148788847381524,0.00024148788847381524,0.00024148788847381524,0.008557428196794553,0.008557428196794553,0.008557428196794553,-0.003172483698786101,-0.003172483698786101,-0.003172483698786101,0.0021597203564811644,0.0021597203564811644,0.0021597203564811644,0.002429608373836725,0.002429608373836725,0.002429608373836725,0.0,0.0,0.0,1.1819436840465216
2025-07-03 23:00:00,1.1630959069646314,1.175793308016918,1.1864788230730923,1.1630959069646314,1.1630959069646314,0.0016519056367861984,0.0016519056367861984,0.0016519056367861984,0.00014837076465452955,0.00014837076465452955,0.00014837076465452955,0.011485341045033548,0.011485341045033548,0.011485341045033548,-0.0004232307020456544,-0.0004232307020456544,-0.0004232307020456544,-0.0004232307020456706,-0.0004232307020456706,-0.0004232307020456706,-0.0004232307020456711,-0.0004232307020456711,-0.0004232307020456711,0.002170938921630834,0.002170938921630834,0.002170938921630834,0.0015704348169223753,0.0015704348169223753,0.0015704348169223753,0.014991445159666598,0.014991445159666598,0.014991445159666598,1.4874771368819349e-05,1.4874771368819349e-05,1.4874771368819349e-05,-0.00024437524000892936,-0.00024437524000892936,-0.00024437524000892936,0.0001909280268853103,0.0001909280268853103,0.0001909280268853103,-1.85501085397417e-05,-1.85501085397417e-05,-1.85501085397417e-05,0.00848753062281177,0.00848753062281177,0.00848753062281177,-0.0033373657062322278,-0.0033373657062322278,-0.0033373657062322278,0.0021203406448916076,0.0021203406448916076,0.0021203406448916076,0.0035061041146330504,0.0035061041146330504,0.0035061041146330504,0.0,0.0,0.0,1.1805323954693243
2025-07-06 23:00:00,1.1617930010784583,1.170120190571074,1.1814607364112124,1.1617930010784583,1.1617930010784583,-0.0007553116503569963,-0.0007553116503569963,-0.0007553116503569963,-0.001198048659008627,-0.001198048659008627,-0.001198048659008627,0.005935627895306414,0.005935627895306414,0.005935627895306414,-0.0004232307020456544,-0.0004232307020456544,-0.0004232307020456544,-0.0004232307020456706,-0.0004232307020456706,-0.0004232307020456706,-0.0004232307020456711,-0.0004232307020456711,-0.0004232307020456711,0.001495308448351838,0.001495308448351838,0.001495308448351838,0.0008963038363274569,0.0008963038363274569,0.0008963038363274569,0.0115562699947304,0.0115562699947304,0.0115562699947304,1.4874771368819349e-05,1.4874771368819349e-05,1.4874771368819349e-05,-0.0006438004206878142,-0.0006438004206878142,-0.0006438004206878142,-0.0003548428627012982,-0.0003548428627012982,-0.0003548428627012982,9.101942609323382e-05,9.101942609323382e-05,9.101942609323382e-05,0.008067585249366849,0.008067585249366849,0.008067585249366849,-0.0024887290706121024,-0.0024887290706121024,-0.0024887290706121024,0.002080960933302051,0.002080960933302051,0.002080960933302051,0.005620642099423986,0.005620642099423986,0.005620642099423986,0.0,0.0,0.0,1.1752189946769092
2025-07-07 23:00:00,1.1613586991164009,1.1711112110795052,1.1826825530260952,1.1613586991164009,1.1613586991164009,-0.001349845221997459,-0.001349845221997459,-0.001349845221997459,-0.0003321607641006611,-0.0003321607641006611,-0.0003321607641006611,0.008089717129720484,0.008089717129720484,0.008089717129720484,-0.0004232307020456544,-0.0004232307020456544,-0.0004232307020456544,-0.0004232307020456706,-0.0004232307020456706,-0.0004232307020456706,-0.0004232307020456711,-0.0004232307020456711,-0.0004232307020456711,0.0017189813196542636,0.0017189813196542636,0.0017189813196542636,0.0015168249896819611,0.0015168249896819611,0.0015168249896819611,0.012952467936446116,0.012952467936446116,0.012952467936446116,1.4874771368819349e-05,1.4874771368819349e-05,1.4874771368819349e-05,4.279701113235144e-06,4.279701113235144e-06,4.279701113235144e-06,-0.0008955555594699456,-0.0008955555594699456,-0.0008955555594699456,0.00019049442415809922,0.00019049442415809922,0.00019049442415809922,0.008981748562670032,0.008981748562670032,0.008981748562670032,-0.002649953343702028,-0.002649953343702028,-0.002649953343702028,0.0021597203564811644,0.0021597203564811644,0.0021597203564811644,0.004862750806725631,0.004862750806725631,0.004862750806725631,0.0,0.0,0.0,1.176401160429419
2025-07-08 23:00:00,1.1609243971543433,1.165695056819122,1.1768418501841902,1.1609243971543433,1.1609243971543433,-0.0007553116503569966,-0.0007553116503569966,-0.0007553116503569966,0.0005337271308073044,0.0005337271308073044,0.0005337271308073044,0.004985800675930173,0.004985800675930173,0.004985800675930173,-0.0004232307020456544,-0.0004232307020456544,-0.0004232307020456544,-0.0004232307020456706,-0.0004232307020456706,-0.0004232307020456706,-0.0004232307020456711,-0.0004232307020456711,-0.0004232307020456711,0.00021184598974663993,0.00021184598974663993,0.00021184598974663993,0.0008030405339069589,0.0008030405339069589,0.0008030405339069589,0.008438650844626808,0.008438650844626808,0.008438650844626808,-0.0005553247977692558,-0.0005553247977692558,-0.0005553247977692558,-0.0009087779694511592,-0.0009087779694511592,-0.0009087779694511592,-1.8231927080026854e-05,-1.8231927080026854e-05,-1.8231927080026854e-05,2.134592533694863e-05,2.134592533694863e-05,2.134592533694863e-05,0.008144448430121172,0.008144448430121172,0.008144448430121172,-0.003262850104906911,-0.003262850104906911,-0.003262850104906911,0.002041581221712494,0.002041581221712494,0.002041581221712494,0.003452850168696634,0.003452850168696634,0.003452850168696634,0.0,0.0,0.0,1.1707210327989377
2025-07-09 23:00:00,1.1604900951922856,1.161920852917966,1.174664218950266,1.1604900951922856,1.1604900951922856,0.00058059315884442,0.00058059315884442,0.00058059315884442,0.0007475837799554255,0.0007475837799554255,0.0007475837799554255,0.005104706875905238,0.005104706875905238,0.005104706875905238,-0.0004232307020456544,-0.0004232307020456544,-0.0004232307020456544,-0.0004232307020456706,-0.0004232307020456706,-0.0004232307020456706,-0.0004232307020456711,-0.0004232307020456711,-0.0004232307020456711,-5.27368661962934e-05,-5.27368661962934e-05,-5.27368661962934e-05,0.0005649447730972689,0.0005649447730972689,0.0005649447730972689,0.0075343152497573404,0.0075343152497573404,0.0075343152497573404,1.4874771368819349e-05,1.4874771368819349e-05,1.4874771368819349e-05,-0.0003592144538831503,-0.0003592144538831503,-0.0003592144538831503,-0.001254262851612752,-0.001254262851612752,-0.001254262851612752,-7.471649932847232e-05,-7.471649932847232e-05,-7.471649932847232e-05,0.007991391434656245,0.007991391434656245,0.007991391434656245,-0.0037468800633926576,-0.0037468800633926576,-0.0037468800633926576,0.001962821798533381,0.001962821798533381,0.001962821798533381,0.002429608373852102,0.002429608373852102,0.002429608373852102,0.0,0.0,0.0,1.1692335934136853
2025-07-10 23:00:00,1.160055793230228,1.1673029478296233,1.1771099903472224,1.160055793230228,1.160055793230228,0.0016519056367861984,0.0016519056367861984,0.0016519056367861984,0.00014837076465452955,0.00014837076465452955,0.00014837076465452955,0.006277597969737555,0.006277597969737555,0.006277597969737555,-0.0004232307020456544,-0.0004232307020456544,-0.0004232307020456544,-0.0004232307020456706,-0.0004232307020456706,-0.0004232307020456706,-0.0004232307020456711,-0.0004232307020456711,-0.0004232307020456711,-0.0007386112871599543,-0.0007386112871599543,-0.0007386112871599543,-0.00017387948586811014,-0.00017387948586811014,-0.00017387948586811014,0.009783702084360236,0.009783702084360236,0.009783702084360236,1.4874771368819349e-05,1.4874771368819349e-05,1.4874771368819349e-05,-4.114623270635519e-05,-4.114623270635519e-05,-4.114623270635519e-05,-0.0005103038201781938,-0.0005103038201781938,-0.0005103038201781938,-0.00016988861951670395,-0.00016988861951670395,-0.00016988861951670395,0.008797011221427299,0.008797011221427299,0.008797011221427299,-0.003551383517824583,-0.003551383517824583,-0.003551383517824583,0.0021203406448916076,0.0021203406448916076,0.0021203406448916076,0.0035061041146226806,0.0035061041146226806,0.0035061041146226806,0.0,0.0,0.0,1.1714054335124289
2025-07-13 23:00:00,1.1587528873440551,1.1636975290313303,1.1727917352962225,1.1587528873440551,1.1587528873440551,-0.0007553116503569963,-0.0007553116503569963,-0.0007553116503569963,-0.001198048659008627,-0.001198048659008627,-0.001198048659008627,0.0021862910563901906,0.0021862910563901906,0.0021862910563901906,-0.0004232307020456544,-0.0004232307020456544,-0.0004232307020456544,-0.0004232307020456706,-0.0004232307020456706,-0.0004232307020456706,-0.0004232307020456711,-0.0004232307020456711,-0.0004232307020456711,-0.0011245099402600837,-0.0011245099402600837,-0.0011245099402600837,-0.0015069571567783377,-0.0015069571567783377,-0.0015069571567783377,0.007806933155809258,0.007806933155809258,0.007806933155809258,1.4874771368819349e-05,1.4874771368819349e-05,1.4874771368819349e-05,-0.0006409667433544497,-0.0006409667433544497,-0.0006409667433544497,-7.972624533276502e-05,-7.972624533276502e-05,-7.972624533276502e-05,-1.5468812686248275e-05,-1.5468812686248275e-05,-1.5468812686248275e-05,0.010156221493782609,0.010156221493782609,0.010156221493782609,-0.003553844251327898,-0.003553844251327898,-0.003553844251327898,0.0021597203564811644,0.0021597203564811644,0.0021597203564811644,0.005620642099419068,0.005620642099419068,0.005620642099419068,0.0,0.0,0.0,1.1677991936796512
2025-07-14 23:00:00,1.1583185853819975,1.159554707370861,1.1709776820628683,1.1583185853819975,1.1583185853819975,-0.001349845221997459,-0.001349845221997459,-0.001349845221997459,-0.0003321607641006611,-0.0003321607641006611,-0.0003321607641006611,0.0013125421755170105,0.0013125421755170105,0.0013125421755170105,-0.0004232307020456544,-0.0004232307020456544,-0.0004232307020456544,-0.0004232307020456706,-0.0004232307020456706,-0.0004232307020456706,-0.0004232307020456711,-0.0004232307020456711,-0.0004232307020456711,-0.0017103072588111488,-0.0017103072588111488,-0.0017103072588111488,-0.0012497063881156377,-0.0012497063881156377,-0.0012497063881156377,0.006175292982217058,0.006175292982217058,0.006175292982217058,1.4874771368819349e-05,1.4874771368819349e-05,1.4874771368819349e-05,-0.0005086616280282385,-0.0005086616280282385,-0.0005086616280282385,-0.000891719533633789,-0.000891719533633789,-0.000891719533633789,-0.00023302553811363713,-0.00023302553811363713,-0.00023302553811363713,0.010600121530209604,0.010600121530209604,0.010600121530209604,-0.00391705604360501,-0.00391705604360501,-0.00391705604360501,0.0021597203564811644,0.0021597203564811644,0.0021597203564811644,0.004862750806700048,0.004862750806700048,0.004862750806700048,0.0,0.0,0.0,1.1654715420134785
2025-07-15 23:00:00,1.1578842834199399,1.1576673331518608,1.16927319043876,1.1578842834199399,1.1578842834199399,-0.0007553116503569966,-0.0007553116503569966,-0.0007553116503569966,0.0005337271308073044,0.0005337271308073044,0.0005337271308073044,0.001602258864330063,0.001602258864330063,0.001602258864330063,-0.0004232307020456544,-0.0004232307020456544,-0.0004232307020456544,-0.0004232307020456706,-0.0004232307020456706,-0.0004232307020456706,-0.0004232307020456711,-0.0004232307020456711,-0.0004232307020456711,-0.002500529803712029,-0.002500529803712029,-0.002500529803712029,-0.0013647996868743713,-0.0013647996868743713,-0.0013647996868743713,0.005055109033011635,0.005055109033011635,0.005055109033011635,1.4874771368819349e-05,1.4874771368819349e-05,1.4874771368819349e-05,-0.0004261389889373987,-0.0004261389889373987,-0.0004261389889373987,-0.0007126145118053432,-0.0007126145118053432,-0.0007126145118053432,-0.00010207955001692175,-0.00010207955001692175,-0.00010207955001692175,0.010511837025373488,0.010511837025373488,0.010511837025373488,-0.004447354410271099,-0.004447354410271099,-0.004447354410271099,0.0021203406448916076,0.0021203406448916076,0.0021203406448916076,0.0034528501686815712,0.0034528501686815712,0.0034528501686815712,0.0,0.0,0.0,1.163737514720238
2025-07-16 23:00:00,1.1574499814578822,1.1570956382940247,1.169154782332765,1.1574499814578822,1.1574499814578822,0.00058059315884442,0.00058059315884442,0.00058059315884442,0.0007475837799554255,0.0007475837799554255,0.0007475837799554255,0.0027388680107455258,0.0027388680107455258,0.0027388680107455258,-0.0004232307020456544,-0.0004232307020456544,-0.0004232307020456544,-0.0004232307020456706,-0.0004232307020456706,-0.0004232307020456706,-0.0004232307020456711,-0.0004232307020456711,-0.0004232307020456711,-0.0033106615522280596,-0.0033106615522280596,-0.0033106615522280596,-0.001248730018815623,-0.001248730018815623,-0.001248730018815623,0.005168476384583384,0.005168476384583384,0.005168476384583384,-0.0005553247977692558,-0.0005553247977692558,-0.0005553247977692558,-0.0011686557881441218,-0.0011686557881441218,-0.0011686557881441218,-0.0006009013778175625,-0.0006009013778175625,-0.0006009013778175625,-2.6292573035539774e-05,-2.6292573035539774e-05,-2.6292573035539774e-05,0.010890134171169814,0.010890134171169814,0.010890134171169814,-0.003458905241758139,-0.003458905241758139,-0.003458905241758139,0.0021597203564811644,0.0021597203564811644,0.0021597203564811644,0.002429608373837859,0.002429608373837859,0.002429608373837859,0.0,0.0,0.0,1.1634322343533838
2025-07-17 23:00:00,1.1570156794958246,1.162759246494947,1.1737454606334423,1.1570156794958246,1.1570156794958246,0.0016519056367861984,0.0016519056367861984,0.0016519056367861984,0.00014837076465452955,0.00014837076465452955,0.00014837076465452955,0.0054616871613015336,0.0054616871613015336,0.0054616871613015336,-0.0004232307020456544,-0.0004232307020456544,-0.0004232307020456544,-0.0004232307020456706,-0.0004232307020456706,-0.0004232307020456706,-0.0004232307020456711,-0.0004232307020456711,-0.0004232307020456711,-0.002956098246655948,-0.002956098246655948,-0.002956098246655948,-0.0008753551057925207,-0.0008753551057925207,-0.0008753551057925207,0.008967791275951244,0.008967791275951244,0.008967791275951244,1.4874771368819349e-05,1.4874771368819349e-05,1.4874771368819349e-05,0.00033659483458646765,0.00033659483458646765,0.00033659483458646765,-0.0016060665008894232,-0.0016060665008894232,-0.0016060665008894232,-0.00016921343153960332,-0.00016921343153960332,-0.00016921343153960332,0.010812609556562857,0.010812609556562857,0.010812609556562857,-0.0027465836565344543,-0.0027465836565344543,-0.0027465836565344543,0.0021203406448916076,0.0021203406448916076,0.0021203406448916076,0.003506104114649709,0.003506104114649709,0.003506104114649709,0.0,0.0,0.0,1.167391554612546
2025-07-20 23:00:00,1.1557127736096517,1.158797343181625,1.1717395672441728,1.1557127736096517,1.1557127736096517,-0.0007553116503569963,-0.0007553116503569963,-0.0007553116503569963,-0.001198048659008627,-0.001198048659008627,-0.001198048659008627,0.002396362841520292,0.002396362841520292,0.002396362841520292,-0.0004232307020456544,-0.0004232307020456544,-0.0004232307020456544,-0.0004232307020456706,-0.0004232307020456706,-0.0004232307020456706,-0.0004232307020456711,-0.0004232307020456711,-0.0004232307020456711,-0.0028709624476603635,-0.0028709624476603635,-0.0028709624476603635,-0.0014973470599118541,-0.0014973470599118541,-0.0014973470599118541,0.008017004940963765,0.008017004940963765,0.008017004940963765,1.4874771368819349e-05,1.4874771368819349e-05,1.4874771368819349e-05,-0.0005043010683411448,-0.0005043010683411448,-0.0005043010683411448,0.0004316320792200734,0.0004316320792200734,0.0004316320792200734,-0.00013768873318197253,-0.00013768873318197253,-0.00013768873318197253,0.010845170577841026,0.010845170577841026,0.010845170577841026,-0.002782303507203282,-0.002782303507203282,-0.002782303507203282,0.0021203406448916076,0.0021203406448916076,0.0021203406448916076,0.005620642099443473,0.005620642099443473,0.005620642099443473,0.0,0.0,0.0,1.1649781286260152
2025-07-21 23:00:00,1.1552784716475943,1.1598332733361731,1.1701044261254967,1.1552784716475943,1.1552784716475943,-0.001349845221997459,-0.001349845221997459,-0.001349845221997459,-0.0003321607641006611,-0.0003321607641006611,-0.0003321607641006611,0.002916797976296224,0.002916797976296224,0.002916797976296224,-0.0004232307020456544,-0.0004232307020456544,-0.0004232307020456544,-0.0004232307020456706,-0.0004232307020456706,-0.0004232307020456706,-0.0004232307020456711,-0.0004232307020456711,-0.0004232307020456711,-0.0028066095447675746,-0.0028066095447675746,-0.0028066095447675746,-0.0011939578475606667,-0.0011939578475606667,-0.0011939578475606667,0.007779548783002,0.007779548783002,0.007779548783002,1.4874771368819349e-05,1.4874771368819349e-05,1.4874771368819349e-05,0.00010972521734827559,0.00010972521734827559,0.00010972521734827559,-0.0007067115039283196,-0.0007067115039283196,-0.0007067115039283196,-0.00011802584034067839,-0.00011802584034067839,-0.00011802584034067839,0.010906407937455143,0.010906407937455143,0.010906407937455143,-0.002496927477524823,-0.002496927477524823,-0.002496927477524823,0.0021597203564811644,0.0021597203564811644,0.0021597203564811644,0.004862750806705776,0.004862750806705776,0.004862750806705776,0.0,0.0,0.0,1.1642660168757286
2025-07-22 23:00:00,1.1548441696855367,1.1645889930324256,1.1752919869436356,1.1548441696855367,1.1548441696855367,-0.0007553116503569966,-0.0007553116503569966,-0.0007553116503569966,0.0005337271308073044,0.0005337271308073044,0.0005337271308073044,0.009287833256928377,0.009287833256928377,0.009287833256928377,-0.0004232307020456544,-0.0004232307020456544,-0.0004232307020456544,-0.0004232307020456706,-0.0004232307020456706,-0.0004232307020456706,-0.0004232307020456711,-0.0004232307020456711,-0.0004232307020456711,-0.0016736790439831604,-0.0016736790439831604,-0.0016736790439831604,-0.0015881229485240087,-0.0015881229485240087,-0.0015881229485240087,0.012740683425625501,0.012740683425625501,0.012740683425625501,1.4874771368819349e-05,1.4874771368819349e-05,1.4874771368819349e-05,0.0009475864856637738,0.0009475864856637738,0.0009475864856637738,0.00012451252720976994,0.00012451252720976994,0.00012451252720976994,-0.0002949473302071259,-0.0002949473302071259,-0.0002949473302071259,0.012389209936284205,0.012389209936284205,0.012389209936284205,-0.001300044871678372,-0.001300044871678372,-0.001300044871678372,0.0021597203564811644,0.0021597203564811644,0.0021597203564811644,0.003452850168697124,0.003452850168697124,0.003452850168697124,0.0,0.0,0.0,1.1695576736574294
2025-07-23 23:00:00,1.154409867723479,1.1634820950384117,1.1746594626509828,1.154409867723479,1.154409867723479,0.00058059315884442,0.00058059315884442,0.00058059315884442,0.0007475837799554255,0.0007475837799554255,0.0007475837799554255,0.011071979698516211,0.011071979698516211,0.011071979698516211,-0.0004232307020456544,-0.0004232307020456544,-0.0004232307020456544,-0.0004232307020456706,-0.0004232307020456706,-0.0004232307020456706,-0.0004232307020456711,-0.0004232307020456711,-0.0004232307020456711,-0.001080841246330345,-0.001080841246330345,-0.001080841246330345,-0.001242358724839471,-0.001242358724839471,-0.001242358724839471,0.013501588072369449,0.013501588072369449,0.013501588072369449,1.4874771368819349e-05,1.4874771368819349e-05,1.4874771368819349e-05,0.0006121805385275319,0.0006121805385275319,0.0006121805385275319,0.0012587480432051737,0.0012587480432051737,0.0012587480432051737,6.371281469519901e-05,6.371281469519901e-05,6.371281469519901e-05,0.011975752177166888,0.011975752177166888,0.011975752177166888,-0.002708914152832041,-0.002708914152832041,-0.002708914152832041,0.0021203406448916076,0.0021203406448916076,0.0021203406448916076,0.002429608373853237,0.002429608373853237,0.002429608373853237,0.0,0.0,0.0,1.16999623422416
2025-07-24 23:00:00,1.1539755657614212,1.1653168573831807,1.1763364654504338,1.1539755657614212,1.1539755657614212,0.0016519056367861984,0.0016519056367861984,0.0016519056367861984,0.00014837076465452955,0.00014837076465452955,0.00014837076465452955,0.01170259570812916,0.01170259570812916,0.01170259570812916,-0.0004232307020456544,-0.0004232307020456544,-0.0004232307020456544,-0.0004232307020456706,-0.0004232307020456706,-0.0004232307020456706,-0.0004232307020456711,-0.0004232307020456711,-0.0004232307020456711,-0.0007832135581803811,-0.0007832135581803811,-0.0007832135581803811,-0.0016513147316252923,-0.0016513147316252923,-0.0016513147316252923,0.015208699822731096,0.015208699822731096,0.015208699822731096,1.4874771368819349e-05,1.4874771368819349e-05,1.4874771368819349e-05,0.00044653192650736834,0.00044653192650736834,0.00044653192650736834,0.0008046999186476949,0.0008046999186476949,0.0008046999186476949,-0.00013664973080880548,-0.00013664973080880548,-0.00013664973080880548,0.01300476455053173,0.01300476455053173,0.01300476455053173,-0.002687402090096871,-0.002687402090096871,-0.002687402090096871,0.0021597203564811644,0.0021597203564811644,0.0021597203564811644,0.0035061041146019372,0.0035061041146019372,0.0035061041146019372,0.0,0.0,0.0,1.171526033743853
2025-07-27 23:00:00,1.1526726598752486,1.1611825938825353,1.172911456136896,1.1526726598752486,1.1526726598752486,-0.0007553116503569963,-0.0007553116503569963,-0.0007553116503569963,-0.001198048659008627,-0.001198048659008627,-0.001198048659008627,0.006518622199738689,0.006518622199738689,0.006518622199738689,-0.0004232307020456544,-0.0004232307020456544,-0.0004232307020456544,-0.0004232307020456706,-0.0004232307020456706,-0.0004232307020456706,-0.0004232307020456711,-0.0004232307020456711,-0.0004232307020456711,-0.0006750124395402872,-0.0006750124395402872,-0.0006750124395402872,-0.0019438247907931042,-0.0019438247907931042,-0.0019438247907931042,0.012139264299119866,0.012139264299119866,0.012139264299119866,1.4874771368819349e-05,1.4874771368819349e-05,1.4874771368819349e-05,-0.00046367368741847404,-0.00046367368741847404,-0.00046367368741847404,0.0005804569012966835,0.0005804569012966835,0.0005804569012966835,9.655976210071584e-06,9.655976210071584e-06,9.655976210071584e-06,0.01286739647772732,0.01286739647772732,0.01286739647772732,-0.0027685392385013276,-0.0027685392385013276,-0.0027685392385013276,0.0021203406448916076,0.0021203406448916076,0.0021203406448916076,0.005620642099381176,0.005620642099381176,0.005620642099381176,0.0,0.0,0.0,1.1666652579438437
2025-07-28 23:00:00,1.152238357913191,1.1586279523199465,1.170380761332016,1.152238357913191,1.152238357913191,-0.001349845221997459,-0.001349845221997459,-0.001349845221997459,-0.0003321607641006611,-0.0003321607641006611,-0.0003321607641006611,0.006480843079240946,0.006480843079240946,0.006480843079240946,-0.0004232307020456544,-0.0004232307020456544,-0.0004232307020456544,-0.0004232307020456706,-0.0004232307020456706,-0.0004232307020456706,-0.0004232307020456711,-0.0004232307020456711,-0.0004232307020456711,-0.00045154010623995114,-0.00045154010623995114,-0.00045154010623995114,-0.002325476371098798,-0.002325476371098798,-0.002325476371098798,0.01134359388592114,0.01134359388592114,0.01134359388592114,1.4874771368819349e-05,1.4874771368819349e-05,1.4874771368819349e-05,-0.0001424908029395757,-0.0001424908029395757,-0.0001424908029395757,-0.0006517131168361316,-0.0006517131168361316,-0.0006517131168361316,0.00020929545110160086,0.00020929545110160086,0.00020929545110160086,0.01319235501266243,0.01319235501266243,0.01319235501266243,-0.002572484023023494,-0.002572484023023494,-0.002572484023023494,0.0021597203564811644,0.0021597203564811644,0.0021597203564811644,0.004862750806680193,0.004862750806680193,0.004862750806680193,0.0,0.0,0.0,1.165308881905139
2025-07-29 23:00:00,1.1518040559511333,1.1497627378838482,1.160952038491606,1.1518040559511333,1.1518040559511333,-0.0007553116503569966,-0.0007553116503569966,-0.0007553116503569966,0.0005337271308073044,0.0005337271308073044,0.0005337271308073044,-0.00021910174785399073,-0.00021910174785399073,-0.00021910174785399073,-0.0004232307020456544,-0.0004232307020456544,-0.0004232307020456544,-0.0004232307020456706,-0.0004232307020456706,-0.0004232307020456706,-0.0004232307020456711,-0.0004232307020456711,-0.0004232307020456711,-0.0019548549128124916,-0.0019548549128124916,-0.0019548549128124916,-0.004741352146472764,-0.004741352146472764,-0.004741352146472764,0.0032337484208280693,0.0032337484208280693,0.0032337484208280693,-0.0005553247977692558,-0.0005553247977692558,-0.0005553247977692558,-0.0028893970350726485,-0.0028893970350726485,-0.0028893970350726485,-0.00021691913783024368,-0.00021691913783024368,-0.00021691913783024368,0.00012937736717298398,0.00012937736717298398,0.00012937736717298398,0.008084438437240195,0.008084438437240195,0.008084438437240195,0.0019259418439182216,0.0019259418439182216,0.0019259418439182216,0.001490265259458701,0.001490265259458701,0.001490265259458701,0.00345285016868206,0.00345285016868206,0.00345285016868206,0.0,0.0,0.0,1.1555287004981687
2025-07-30 23:00:00,1.1513697539890757,1.1462885103011744,1.1581153335897385,1.1513697539890757,1.1513697539890757,0.00058059315884442,0.00058059315884442,0.00058059315884442,0.0007475837799554255,0.0007475837799554255,0.0007475837799554255,-0.0019653871072958843,-0.0019653871072958843,-0.0019653871072958843,-0.0004232307020456544,-0.0004232307020456544,-0.0004232307020456544,-0.0004232307020456706,-0.0004232307020456706,-0.0004232307020456706,-0.0004232307020456711,-0.0004232307020456711,-0.0004232307020456711,-0.0018201329535440763,-0.0018201329535440763,-0.0018201329535440763,-0.0054527886300536855,-0.0054527886300536855,-0.0054527886300536855,0.0004642212665727304,0.0004642212665727304,0.0004642212665727304,-0.0005553247977692558,-0.0005553247977692558,-0.0005553247977692558,-0.0009479069811024101,-0.0009479069811024101,-0.0009479069811024101,-0.003935480581610034,-0.003935480581610034,-0.003935480581610034,8.990782350174755e-05,8.990782350174755e-05,8.990782350174755e-05,0.008001823286690858,0.008001823286690858,0.008001823286690858,0.0011845250576485342,0.0011845250576485342,0.0011845250576485342,0.0014115058362795874,0.0014115058362795874,0.0014115058362795874,0.0024296083738686142,0.0024296083738686142,0.0024296083738686142,0.0,0.0,0.0,1.151904244314566
2025-07-31 23:00:00,1.150935452027018,1.142069146991237,1.1533844622863405,1.150935452027018,1.150935452027018,0.0016519056367861984,0.0016519056367861984,0.0016519056367861984,0.00014837076465452955,0.00014837076465452955,0.00014837076465452955,-0.006300167309552155,-0.006300167309552155,-0.006300167309552155,-0.0004232307020456544,-0.0004232307020456544,-0.0004232307020456544,-0.0004232307020456706,-0.0004232307020456706,-0.0004232307020456706,-0.0004232307020456711,-0.0004232307020456711,-0.0004232307020456711,-0.003410308301759654,-0.003410308301759654,-0.003410308301759654,-0.00675430883405865,-0.00675430883405865,-0.00675430883405865,-0.00279406319492319,-0.00279406319492319,-0.00279406319492319,-0.0005553247977692558,-0.0005553247977692558,-0.0005553247977692558,-0.0022689886427614842,-0.0022689886427614842,-0.0022689886427614842,-0.0013072328555966753,-0.0013072328555966753,-0.0013072328555966753,-0.00012696933466168822,-0.00012696933466168822,-0.00012696933466168822,0.005666598383310337,0.005666598383310337,0.005666598383310337,0.000711175500109378,0.000711175500109378,0.000711175500109378,0.0012146072783318041,0.0012146072783318041,0.0012146072783318041,0.0035061041146289664,0.0035061041146289664,0.0035061041146289664,0.0,0.0,0.0,1.147719665640777
2025-08-01 23:00:00,1.1505011500649605,1.1344691250800312,1.1462185570016148,1.150390675964987,1.1505011500649605,-0.0007553116503569963,-0.0007553116503569963,-0.0007553116503569963,-0.001198048659008627,-0.001198048659008627,-0.001198048659008627,-0.008595980483623897,-0.008595980483623897,-0.008595980483623897,-0.0004232307020456544,-0.0004232307020456544,-0.0004232307020456544,-0.0004232307020456706,-0.0004232307020456706,-0.0004232307020456706,-0.0004232307020456711,-0.0004232307020456711,-0.0004232307020456711,-0.003256926367793362,-0.003256926367793362,-0.003256926367793362,-0.006503068446502052,-0.006503068446502052,-0.006503068446502052,-0.008538282364737183,-0.008538282364737183,-0.008538282364737183,1.4874771368819349e-05,1.4874771368819349e-05,1.4874771368819349e-05,-0.00025297694027268184,-0.00025297694027268184,-0.00025297694027268184,-0.0030956169196989353,-0.0030956169196989353,-0.0030956169196989353,-5.044021841500051e-05,-5.044021841500051e-05,-5.044021841500051e-05,0.0056591137948214755,0.0056591137948214755,0.0056591137948214755,0.0009368846916282102,0.0009368846916282102,0.0009368846916282102,0.0011752275667422476,0.0011752275667422476,0.0011752275667422476,5.76981188867157e-05,5.76981188867157e-05,5.76981188867157e-05,0.0,0.0,0.0,1.140677846384751
2025-08-02 23:00:00,1.1500668481029028,1.1213419736471286,1.133156495055213,1.1493449499465815,1.1502691998675763,-0.001349845221997459,-0.001349845221997459,-0.001349845221997459,-0.0003321607641006611,-0.0003321607641006611,-0.0003321607641006611,-0.0006002325980494949,-0.0006002325980494949,-0.0006002325980494949,-0.0004232307020456544,-0.0004232307020456544,-0.0004232307020456544,-0.0004232307020456706,-0.0004232307020456706,-0.0004232307020456706,-0.0004232307020456711,-0.0004232307020456711,-0.0004232307020456711,-0.0016692963728692437,-0.0016692963728692437,-0.0016692963728692437,-0.004762967958666505,-0.004762967958666505,-0.004762967958666505,-0.02052988628023136,-0.02052988628023136,-0.02052988628023136,0.0005850743405068945,0.0005850743405068945,0.0005850743405068945,0.00271113800340254,0.00271113800340254,0.00271113800340254,-0.0003664872175677191,-0.0003664872175677191,-0.0003664872175677191,-0.0007049530100873544,-0.0007049530100873544,-0.0007049530100873544,0.00023638678453508622,0.00023638678453508622,0.00023638678453508622,0.006092456436339034,0.006092456436339034,0.006092456436339034,0.00023011448859288752,0.00023011448859288752,0.00023011448859288752,-0.019929653682181865,-0.019929653682181865,-0.019929653682181865,0.0,0.0,0.0,1.126456106496686
2025-08-03 23:00:00,1.1496325461408452,1.1509487131468363,1.1618372879564587,1.1481206141245364,1.1503886677064048,-0.0007553116503569966,-0.0007553116503569966,-0.0007553116503569966,0.0005337271308073044,0.0005337271308073044,0.0005337271308073044,-7.255017166760277e-05,-7.255017166760277e-05,-7.255017166760277e-05,-0.0004232307020456544,-0.0004232307020456544,-0.0004232307020456544,-0.0004232307020456706,-0.0004232307020456706,-0.0004232307020456706,-0.0004232307020456711,-0.0004232307020456711,-0.0004232307020456711,-0.0023687582155265344,-0.0023687582155265344,-0.0023687582155265344,-0.00430637786656252,-0.00430637786656252,-0.00430637786656252,0.0055480919277233155,0.0055480919277233155,0.0055480919277233155,1.4874771368819349e-05,1.4874771368819349e-05,1.4874771368819349e-05,-0.00019851744703039238,-0.00019851744703039238,-0.00019851744703039238,0.003646115548243844,0.003646115548243844,0.003646115548243844,-0.00024234891375407642,-0.00024234891375407642,-0.00024234891375407642,0.0004221205771036974,0.0004221205771036974,0.0004221205771036974,0.004142744088404245,0.004142744088404245,0.004142744088404245,0.0003088739117720009,0.0003088739117720009,0.0003088739117720009,0.0056206420993909195,0.0056206420993909195,0.0056206420993909195,0.0,0.0,0.0,1.1560108131899371
2025-08-04 23:00:00,1.1491982441787878,1.1437741940287847,1.156160286458801,1.1468071583020958,1.1508169525191303,0.00058059315884442,0.00058059315884442,0.00058059315884442,0.0007475837799554255,0.0007475837799554255,0.0007475837799554255,-0.003509171028782918,-0.003509171028782918,-0.003509171028782918,-0.0004232307020456544,-0.0004232307020456544,-0.0004232307020456544,-0.0004232307020456706,-0.0004232307020456706,-0.0004232307020456706,-0.0004232307020456711,-0.0004232307020456711,-0.0004232307020456711,-0.002889053522001587,-0.002889053522001587,-0.002889053522001587,-0.004229965922798426,-0.004229965922798426,-0.004229965922798426,0.0013535797779343085,0.0013535797779343085,0.0013535797779343085,1.4874771368819349e-05,1.4874771368819349e-05,1.4874771368819349e-05,-0.00024034987921184523,-0.00024034987921184523,-0.00024034987921184523,-0.0002927639249960223,-0.0002927639249960223,-0.0002927639249960223,-0.0005571266212290742,-0.0005571266212290742,-0.0005571266212290742,0.00042461831131582434,0.00042461831131582434,0.00042461831131582434,0.0038932370143345426,0.0038932370143345426,0.0038932370143345426,0.0003088739117720009,0.0003088739117720009,0.0003088739117720009,0.004862750806717227,0.004862750806717227,0.004862750806717227,0.0,0.0,0.0,1.1507537756829458
2025-08-05 23:00:00,1.14876394221673,1.1408363281665825,1.1543400594422986,1.1453162876856202,1.1516959849843724,0.0016519056367861984,0.0016519056367861984,0.0016519056367861984,0.00014837076465452955,0.00014837076465452955,0.00014837076465452955,-0.003256257194481542,-0.003256257194481542,-0.003256257194481542,-0.0004232307020456544,-0.0004232307020456544,-0.0004232307020456544,-0.0004232307020456706,-0.0004232307020456706,-0.0004232307020456706,-0.0004232307020456711,-0.0004232307020456711,-0.0004232307020456711,-0.0023662917095989672,-0.0023662917095989672,-0.0023662917095989672,-0.0033658164379501074,-0.0033658164379501074,-0.0033658164379501074,0.00019659297422720693,0.00019659297422720693,0.00019659297422720693,0.0005850743405068945,0.0005850743405068945,0.0005850743405068945,0.0013031038401099912,0.0013031038401099912,0.0013031038401099912,-0.00034939362264998564,-0.00034939362264998564,-0.00034939362264998564,-7.676604975975357e-05,-7.676604975975357e-05,-7.676604975975357e-05,-0.0007644081230188307,-0.0007644081230188307,-0.0007644081230188307,0.001450718611467721,0.001450718611467721,0.001450718611467721,-0.0002030623388922358,-0.0002030623388922358,-0.0002030623388922358,0.003452850168708749,0.003452850168708749,0.003452850168708749,0.0,0.0,0.0,1.1489897811368153
2025-08-06 23:00:00,1.1483296402546723,1.1367143228899834,1.1511133861447704,1.1438035715083685,1.1524756962454814,-0.0007553116503569963,-0.0007553116503569963,-0.0007553116503569963,-0.001198048659008627,-0.001198048659008627,-0.001198048659008627,-0.0054211830078809645,-0.0054211830078809645,-0.0054211830078809645,-0.0004232307020456544,-0.0004232307020456544,-0.0004232307020456544,-0.0004232307020456706,-0.0004232307020456706,-0.0004232307020456706,-0.0004232307020456711,-0.0004232307020456711,-0.0004232307020456711,-0.002035742418687233,-0.002035742418687233,-0.002035742418687233,-0.002903662863171514,-0.002903662863171514,-0.002903662863171514,-0.0029915746340408987,-0.0029915746340408987,-0.0029915746340408987,1.4874771368819349e-05,1.4874771368819349e-05,1.4874771368819349e-05,7.794819837869832e-05,7.794819837869832e-05,7.794819837869832e-05,0.0017400215251222124,0.0017400215251222124,0.0017400215251222124,0.0006295016502177921,0.0006295016502177921,0.0006295016502177921,-0.0007001728632085271,-0.0007001728632085271,-0.0007001728632085271,0.001182163746493643,0.001182163746493643,0.001182163746493643,-0.0002030623388922358,-0.0002030623388922358,-0.0002030623388922358,0.002429608373840066,0.002429608373840066,0.002429608373840066,0.0,0.0,0.0,1.1448943264313691
2025-08-07 23:00:00,1.1478953382926147,1.1288633882392332,1.1458810216996809,1.1418096676418628,1.1530660118572809,-0.001349845221997459,-0.001349845221997459,-0.001349845221997459,-0.0003321607641006611,-0.0003321607641006611,-0.0003321607641006611,-0.011568957329948865,-0.011568957329948865,-0.011568957329948865,-0.0004232307020456544,-0.0004232307020456544,-0.0004232307020456544,-0.0004232307020456706,-0.0004232307020456706,-0.0004232307020456706,-0.0004232307020456711,-0.0004232307020456711,-0.0004232307020456711,-0.002344263214959157,-0.002344263214959157,-0.002344263214959157,-0.0029932478534895708,-0.0029932478534895708,-0.0029932478534895708,-0.00806285321532004,-0.00806285321532004,-0.00806285321532004,1.4874771368819349e-05,1.4874771368819349e-05,1.4874771368819349e-05,-0.0006480178758415872,-0.0006480178758415872,-0.0006480178758415872,8.149511505487095e-05,8.149511505487095e-05,8.149511505487095e-05,-6.378983872709908e-05,-6.378983872709908e-05,-6.378983872709908e-05,-0.0007556215547445323,-0.0007556215547445323,-0.0007556215547445323,-0.001666246735893699,-0.001666246735893699,-0.001666246735893699,-0.0002424420504817925,-0.0002424420504817925,-0.0002424420504817925,0.0035061041146288254,0.0035061041146288254,0.0035061041146288254,0.0,0.0,0.0,1.1386400266734111
2025-08-08 23:00:00,1.1474610363305573,1.1214415488999798,1.1452507084144306,1.139266513309048,1.1541634679679973,-0.0007553116503569966,-0.0007553116503569966,-0.0007553116503569966,0.0005337271308073044,0.0005337271308073044,0.0005337271308073044,-0.009755862826963939,-0.009755862826963939,-0.009755862826963939,-0.0004232307020456544,-0.0004232307020456544,-0.0004232307020456544,-0.0004232307020456706,-0.0004232307020456706,-0.0004232307020456706,-0.0004232307020456711,-0.0004232307020456711,-0.0004232307020456711,-0.0009855847813590747,-0.0009855847813590747,-0.0009855847813590747,-0.0031455992025869114,-0.0031455992025869114,-0.0031455992025869114,-0.009698164708107667,-0.009698164708107667,-0.009698164708107667,1.4874771368819349e-05,1.4874771368819349e-05,1.4874771368819349e-05,-0.0006631330689069265,-0.0006631330689069265,-0.0006631330689069265,-0.0009012648428601951,-0.0009012648428601951,-0.0009012648428601951,-7.375736570317123e-05,-7.375736570317123e-05,-7.375736570317123e-05,-0.0008395747607095398,-0.0008395747607095398,-0.0008395747607095398,-0.0013099657652697878,-0.0013099657652697878,-0.0013099657652697878,-0.0003605811852504626,-0.0003605811852504626,-0.0003605811852504626,5.7698118856271303e-05,5.7698118856271303e-05,5.7698118856271303e-05,0.0,0.0,0.0,1.1363327702040875
2025-08-09 23:00:00,1.1470267343684997,1.1089028000030088,1.1286041660496315,1.1358079946608417,1.1553143394895868,0.00058059315884442,0.00058059315884442,0.00058059315884442,0.0007475837799554255,0.0007475837799554255,0.0007475837799554255,-0.003496623210663451,-0.003496623210663451,-0.003496623210663451,-0.0004232307020456544,-0.0004232307020456544,-0.0004232307020456544,-0.0004232307020456706,-0.0004232307020456706,-0.0004232307020456706,-0.0004232307020456711,-0.0004232307020456711,-0.0004232307020456711,0.00011724101221710473,0.00011724101221710473,0.00011724101221710473,-0.0018420400366352195,-0.0018420400366352195,-0.0018420400366352195,-0.023426276892843753,-0.023426276892843753,-0.023426276892843753,1.4874771368819349e-05,1.4874771368819349e-05,1.4874771368819349e-05,0.0008591293745798432,0.0008591293745798432,0.0008591293745798432,-0.0009217266895335751,-0.0009217266895335751,-0.0009217266895335751,0.000294005534549142,0.000294005534549142,0.000294005534549142,-0.00081298961069213,-0.00081298961069213,-0.00081298961069213,-0.0009030212139298224,-0.0009030212139298224,-0.0009030212139298224,-0.0003605811852504626,-0.0003605811852504626,-0.0003605811852504626,-0.0199296536821803,-0.0199296536821803,-0.0199296536821803,0.0,0.0,0.0,1.1201561684856889
2025-08-10 23:00:00,1.146592432406442,1.1299492903684225,1.163486770646457,1.1330346792467505,1.1572843608343906,0.0016519056367861984,0.0016519056367861984,0.0016519056367861984,0.00014837076465452955,0.00014837076465452955,0.00014837076465452955,-0.0011750379532689409,-0.0011750379532689409,-0.0011750379532689409,-0.0004232307020456544,-0.0004232307020456544,-0.0004232307020456544,-0.0004232307020456706,-0.0004232307020456706,-0.0004232307020456706,-0.0004232307020456711,-0.0004232307020456711,-0.0004232307020456711,0.0017840829978687264,0.0017840829978687264,0.0017840829978687264,-0.0017612839625986971,-0.0017612839625986971,-0.0017612839625986971,0.00444560414613172,0.00444560414613172,0.00444560414613172,1.4874771368819349e-05,1.4874771368819349e-05,1.4874771368819349e-05,0.0004622170334158891,0.0004622170334158891,0.0004622170334158891,0.0011390012535779858,0.0011390012535779858,0.0011390012535779858,2.084379788794178e-06,2.084379788794178e-06,2.084379788794178e-06,-0.0008733652888646724,-0.0008733652888646724,-0.0008733652888646724,-0.002033892824699942,-0.002033892824699942,-0.002033892824699942,-0.00043934060842957607,-0.00043934060842957607,-0.00043934060842957607,0.005620642099400661,0.005620642099400661,0.005620642099400661,0.0,0.0,0.0,1.1516897284778715
2025-08-11 23:00:00,1.1461581304443844,1.1243573449545508,1.154613714301005,1.1293981499602168,1.1591583945131334,-0.0007553116503569963,-0.0007553116503569963,-0.0007553116503569963,-0.001198048659008627,-0.001198048659008627,-0.001198048659008627,-0.008535092757382595,-0.008535092757382595,-0.008535092757382595,-0.0004232307020456544,-0.0004232307020456544,-0.0004232307020456544,-0.0004232307020456706,-0.0004232307020456706,-0.0004232307020456706,-0.0004232307020456711,-0.0004232307020456711,-0.0004232307020456711,0.0012000593124977992,0.0012000593124977992,0.0012000593124977992,-0.0022148963593685658,-0.0022148963593685658,-0.0022148963593685658,-0.0036723419506909495,-0.0036723419506909495,-0.0036723419506909495,-0.0005553247977692558,-0.0005553247977692558,-0.0005553247977692558,-0.0012099295597998011,-0.0012099295597998011,-0.0012099295597998011,0.0006016902557917502,0.0006016902557917502,0.0006016902557917502,-0.00017089352398492284,-0.00017089352398492284,-0.00017089352398492284,-0.0013934181623679704,-0.0013934181623679704,-0.0013934181623679704,-0.001011847763680763,-0.001011847763680763,-0.001011847763680763,-0.0005574797431982457,-0.0005574797431982457,-0.0005574797431982457,0.004862750806691645,0.004862750806691645,0.004862750806691645,0.0,0.0,0.0,1.141949045859828
2025-08-12 23:00:00,1.1457238284823268,1.1171437789729024,1.1585414280376547,1.1260285442739315,1.1605343446230658,-0.001349845221997459,-0.001349845221997459,-0.001349845221997459,-0.0003321607641006611,-0.0003321607641006611,-0.0003321607641006611,-0.008716872123216276,-0.008716872123216276,-0.008716872123216276,-0.0004232307020456544,-0.0004232307020456544,-0.0004232307020456544,-0.0004232307020456706,-0.0004232307020456706,-0.0004232307020456706,-0.0004232307020456711,-0.0004232307020456711,-0.0004232307020456711,3.260355771630511e-05,3.260355771630511e-05,3.260355771630511e-05,-0.0017723098161214663,-0.0017723098161214663,-0.0017723098161214663,-0.005264021954533725,-0.005264021954533725,-0.005264021954533725,1.4874771368819349e-05,1.4874771368819349e-05,1.4874771368819349e-05,0.0007982021572979401,0.0007982021572979401,0.0007982021572979401,-0.001661939924642588,-0.001661939924642588,-0.001661939924642588,-0.00017449506199671716,-0.00017449506199671716,-0.00017449506199671716,-0.0017614455016263459,-0.0017614455016263459,-0.0017614455016263459,-0.0006438047581893035,-0.0006438047581893035,-0.0006438047581893035,-0.0005968594547878024,-0.0005968594547878024,-0.0005968594547878024,0.0034528501686825496,0.0034528501686825496,0.0034528501686825496,0.0,0.0,0.0,1.1396927130953634
2025-08-13 23:00:00,1.1452895265202692,1.1189449272974492,1.1562683083102188,1.1242713465098997,1.1621009485625995,-0.0007553116503569966,-0.0007553116503569966,-0.0007553116503569966,0.0005337271308073044,0.0005337271308073044,0.0005337271308073044,-0.006753708457154199,-0.006753708457154199,-0.006753708457154199,-0.0004232307020456544,-0.0004232307020456544,-0.0004232307020456544,-0.0004232307020456706,-0.0004232307020456706,-0.0004232307020456706,-0.0004232307020456711,-0.0004232307020456711,-0.0004232307020456711,-0.00034098384940317296,-0.00034098384940317296,-0.00034098384940317296,-0.002902596046975093,-0.002902596046975093,-0.002902596046975093,-0.004324100083342681,-0.004324100083342681,-0.004324100083342681,1.4874771368819349e-05,1.4874771368819349e-05,1.4874771368819349e-05,-0.0008106594830820103,-0.0008106594830820103,-0.0008106594830820103,0.0010565224276133493,0.0010565224276133493,0.0010565224276133493,0.00018821853553690164,0.00018821853553690164,0.00018821853553690164,-0.0014276352057239806,-0.0014276352057239806,-0.0014276352057239806,-0.00048269323760407885,-0.00048269323760407885,-0.00048269323760407885,-0.0005574797431982457,-0.0005574797431982457,-0.0005574797431982457,0.002429608373811518,0.002429608373811518,0.002429608373811518,0.0,0.0,0.0,1.1403371799831914
2025-08-14 23:00:00,1.1448552245582115,1.1158117053436891,1.1567195330326816,1.1225141487458679,1.1631188121746578,0.00058059315884442,0.00058059315884442,0.00058059315884442,0.0007475837799554255,0.0007475837799554255,0.0007475837799554255,-0.008406795721910328,-0.008406795721910328,-0.008406795721910328,-0.0004232307020456544,-0.0004232307020456544,-0.0004232307020456544,-0.0004232307020456706,-0.0004232307020456706,-0.0004232307020456706,-0.0004232307020456711,-0.0004232307020456711,-0.0004232307020456711,-0.0005596710292635998,-0.0005596710292635998,-0.0005596710292635998,-0.0036809962269488774,-0.0036809962269488774,-0.0036809962269488774,-0.004900691607291874,-0.004900691607291874,-0.004900691607291874,1.4874771368819349e-05,1.4874771368819349e-05,1.4874771368819349e-05,-0.0005986799861346826,-0.0005986799861346826,-0.0005986799861346826,-0.001121437196311434,-0.001121437196311434,-0.001121437196311434,9.364515642934561e-05,9.364515642934561e-05,9.364515642934561e-05,-0.0011806018856471091,-0.0011806018856471091,-0.0011806018856471091,-0.001032453261225618,-0.001032453261225618,-0.001032453261225618,-0.0003999608968400193,-0.0003999608968400193,-0.0003999608968400193,0.0035061041146184535,0.0035061041146184535,0.0035061041146184535,0.0,0.0,0.0,1.1392446421676548
2025-08-15 23:00:00,1.144420922596154,1.1052800128825537,1.1506385659772753,1.119504570714663,1.1636552753711538,0.0016519056367861984,0.0016519056367861984,0.0016519056367861984,0.00014837076465452955,0.00014837076465452955,0.00014837076465452955,-0.008687471095611436,-0.008687471095611436,-0.008687471095611436,-0.0004232307020456544,-0.0004232307020456544,-0.0004232307020456544,-0.0004232307020456706,-0.0004232307020456706,-0.0004232307020456706,-0.0004232307020456711,-0.0004232307020456711,-0.0004232307020456711,-0.0013519683644766195,-0.0013519683644766195,-0.0013519683644766195,-0.003964908908703147,-0.003964908908703147,-0.003964908908703147,-0.008629772976738672,-0.008629772976738672,-0.008629772976738672,1.4874771368819349e-05,1.4874771368819349e-05,1.4874771368819349e-05,4.884214145830621e-06,4.884214145830621e-06,4.884214145830621e-06,-0.0008344748038572668,-0.0008344748038572668,-0.0008344748038572668,-0.000304781743625828,-0.000304781743625828,-0.000304781743625828,-0.000977310490934739,-0.000977310490934739,-0.000977310490934739,-0.0014437888795817532,-0.0014437888795817532,-0.0014437888795817532,-0.0003605811852504626,-0.0003605811852504626,-0.0003605811852504626,5.769811887276419e-05,5.769811887276419e-05,5.769811887276419e-05,0.0,0.0,0.0,1.1345448298443193
2025-08-16 23:00:00,1.1439866206340963,1.0803826685777769,1.123828356624855,1.1157538271084608,1.1647179168120407,-0.0007553116503569963,-0.0007553116503569963,-0.0007553116503569963,-0.001198048659008627,-0.001198048659008627,-0.001198048659008627,-0.013371356202845436,-0.013371356202845436,-0.013371356202845436,-0.0004232307020456544,-0.0004232307020456544,-0.0004232307020456544,-0.0004232307020456706,-0.0004232307020456706,-0.0004232307020456706,-0.0004232307020456711,-0.0004232307020456711,-0.0004232307020456711,-0.0019009082074046653,-0.0019009082074046653,-0.0019009082074046653,-0.004194948521464548,-0.004194948521464548,-0.004194948521464548,-0.03330100988502417,-0.03330100988502417,-0.03330100988502417,1.4874771368819349e-05,1.4874771368819349e-05,1.4874771368819349e-05,-0.0008215177544775844,-0.0008215177544775844,-0.0008215177544775844,-1.7413581397536503e-05,-1.7413581397536503e-05,-1.7413581397536503e-05,0.00017370124237067654,0.00017370124237067654,0.00017370124237067654,-0.0011097075688429156,-0.0011097075688429156,-0.0011097075688429156,-0.0019318029822446008,-0.0019318029822446008,-0.0019318029822446008,-0.0003605811852504626,-0.0003605811852504626,-0.0003605811852504626,-0.019929653682178736,-0.019929653682178736,-0.019929653682178736,0.0,0.0,0.0,1.1058907108720248
2025-08-17 23:00:00,1.1435523186720387,1.1031099548373662,1.1609547449609483,1.1120030835022587,1.1657016982676447,-0.001349845221997459,-0.001349845221997459,-0.001349845221997459,-0.0003321607641006611,-0.0003321607641006611,-0.0003321607641006611,-0.009500303563771033,-0.009500303563771033,-0.009500303563771033,-0.0004232307020456544,-0.0004232307020456544,-0.0004232307020456544,-0.0004232307020456706,-0.0004232307020456706,-0.0004232307020456706,-0.0004232307020456711,-0.0004232307020456711,-0.0004232307020456711,-0.0005802673650504736,-0.0005802673650504736,-0.0005802673650504736,-0.00312884148835706,-0.00312884148835706,-0.00312884148835706,-0.0038796614643459657,-0.0038796614643459657,-0.0038796614643459657,0.0005850743405068945,0.0005850743405068945,0.0005850743405068945,0.0015159195554676967,0.0015159195554676967,0.0015159195554676967,-0.001136136332701803,-0.001136136332701803,-0.001136136332701803,-0.0002096465804787169,-0.0002096465804787169,-0.0002096465804787169,-0.0025601026978979663,-0.0025601026978979663,-0.0025601026978979663,-0.0003589860250575725,-0.0003589860250575725,-0.0003589860250575725,-0.0006756188779669158,-0.0006756188779669158,-0.0006756188779669158,0.005620642099425067,0.005620642099425067,0.005620642099425067,0.0,0.0,0.0,1.1391157228088233
2025-08-18 23:00:00,1.143118016709981,1.1063559324975047,1.1686794120932216,1.1042439284753953,1.166262337086945,-0.0007553116503569966,-0.0007553116503569966,-0.0007553116503569966,0.0005337271308073044,0.0005337271308073044,0.0005337271308073044,-0.004683787643994296,-0.004683787643994296,-0.004683787643994296,-0.0004232307020456544,-0.0004232307020456544,-0.0004232307020456544,-0.0004232307020456706,-0.0004232307020456706,-0.0004232307020456706,-0.0004232307020456711,-0.0004232307020456711,-0.0004232307020456711,-0.001224128923115882,-0.001224128923115882,-0.001224128923115882,-0.0023758959248922577,-0.0023758959248922577,-0.0023758959248922577,0.00017896316271078883,0.00017896316271078883,0.00017896316271078883,-0.0005553247977692558,-0.0005553247977692558,-0.0005553247977692558,-0.001718133097222862,-0.001718133097222862,-0.001718133097222862,0.0020281159291110416,0.0020281159291110416,0.0020281159291110416,-0.000159137651305493,-0.000159137651305493,-0.000159137651305493,-0.0001296914117685078,-0.0001296914117685078,-0.0001296914117685078,0.0007903297932418339,0.0007903297932418339,0.0007903297932418339,0.0001513550654137741,0.0001513550654137741,0.0001513550654137741,0.004862750806705086,0.004862750806705086,0.004862750806705086,0.0,0.0,0.0,1.143322592725603
2025-08-19 23:00:00,1.1426837147479234,1.0998263967645023,1.164630796576634,1.098195264684559,1.1677602523325972,0.00058059315884442,0.00058059315884442,0.00058059315884442,0.0007475837799554255,0.0007475837799554255,0.0007475837799554255,-0.004011391025167423,-0.004011391025167423,-0.004011391025167423,-0.0004232307020456544,-0.0004232307020456544,-0.0004232307020456544,-0.0004232307020456706,-0.0004232307020456706,-0.0004232307020456706,-0.0004232307020456711,-0.0004232307020456711,-0.0004232307020456711,-0.0016214093902989523,-0.0016214093902989523,-0.0016214093902989523,-0.001632716459615002,-0.001632716459615002,-0.001632716459615002,-0.0005585408564581856,-0.0005585408564581856,-0.0005585408564581856,1.4874771368819349e-05,1.4874771368819349e-05,1.4874771368819349e-05,0.00020816505021971577,0.00020816505021971577,0.00020816505021971577,-0.002349908832262127,-0.002349908832262127,-0.002349908832262127,-1.532477372782371e-05,-1.532477372782371e-05,-1.532477372782371e-05,0.00018447275003240113,0.00018447275003240113,0.00018447275003240113,0.0008330971146806958,0.0008330971146806958,0.0008330971146806958,0.0003088739117720009,0.0003088739117720009,0.0003088739117720009,0.0034528501687092375,0.0034528501687092375,0.0034528501687092375,0.0,0.0,0.0,1.1420454792072272
2025-08-20 23:00:00,1.1422494127858658,1.1049995564173731,1.1750277057715692,1.0938651961284243,1.1689812317367945,0.0016519056367861984,0.0016519056367861984,0.0016519056367861984,0.00014837076465452955,0.00014837076465452955,0.00014837076465452955,0.003197961249106263,0.003197961249106263,0.003197961249106263,-0.0004232307020456544,-0.0004232307020456544,-0.0004232307020456544,-0.0004232307020456706,-0.0004232307020456706,-0.0004232307020456706,-0.0004232307020456711,-0.0004232307020456711,-0.0004232307020456711,-0.0019076866575118557,-0.0019076866575118557,-0.0019076866575118557,-0.00017851173193990057,-0.00017851173193990057,-0.00017851173193990057,0.005627569622933158,0.005627569622933158,0.005627569622933158,1.4874771368819349e-05,1.4874771368819349e-05,1.4874771368819349e-05,-6.86288171881735e-06,-6.86288171881735e-06,-6.86288171881735e-06,0.00025777319798396276,0.00025777319798396276,0.00025777319798396276,-0.00021223381022857787,-0.00021223381022857787,-0.00021223381022857787,0.0029300959765818746,0.0029300959765818746,0.0029300959765818746,0.0008309787920621186,0.0008309787920621186,0.0008309787920621186,0.0009389492972049075,0.0009389492972049075,0.0009389492972049075,0.0024296083738268954,0.0024296083738268954,0.0024296083738268954,0.0,0.0,0.0,1.1486775008830727
2025-08-21 23:00:00,1.1418151108238082,1.0993596815943472,1.1791061853583944,1.0895351275722893,1.1700953851071703,-0.0007553116503569963,-0.0007553116503569963,-0.0007553116503569963,-0.001198048659008627,-0.001198048659008627,-0.001198048659008627,0.0012901075844400868,0.0012901075844400868,0.0012901075844400868,-0.0004232307020456544,-0.0004232307020456544,-0.0004232307020456544,-0.0004232307020456706,-0.0004232307020456706,-0.0004232307020456706,-0.0004232307020456711,-0.0004232307020456711,-0.0004232307020456711,-0.0009096826900027081,-0.0009096826900027081,-0.0009096826900027081,0.00025755046449989303,0.00025755046449989303,0.00025755046449989303,0.00479621169904817,0.00479621169904817,0.00479621169904817,1.4874771368819349e-05,1.4874771368819349e-05,1.4874771368819349e-05,0.00042535088332087024,0.00042535088332087024,0.00042535088332087024,-3.3315943570541615e-05,-3.3315943570541615e-05,-3.3315943570541615e-05,0.00034471371174904476,0.00034471371174904476,0.00034471371174904476,0.0029062492943263186,0.0029062492943263186,0.0029062492943263186,0.0006078499226356592,0.0006078499226356592,0.0006078499226356592,0.0008995695856153509,0.0008995695856153509,0.0008995695856153509,0.003506104114608083,0.003506104114608083,0.003506104114608083,0.0,0.0,0.0,1.1472914978164912
2025-08-22 23:00:00,1.1413808088617508,1.08571372456437,1.1756631605846881,1.0852050590161546,1.1718797734748863,-0.001349845221997459,-0.001349845221997459,-0.001349845221997459,-0.0003321607641006611,-0.0003321607641006611,-0.0003321607641006611,0.002224406945858593,0.002224406945858593,0.002224406945858593,-0.0004232307020456544,-0.0004232307020456544,-0.0004232307020456544,-0.0004232307020456706,-0.0004232307020456706,-0.0004232307020456706,-0.0004232307020456711,-0.0004232307020456711,-0.0004232307020456711,-0.0013834679256098513,-0.0013834679256098513,-0.0013834679256098513,-0.0014712351372185425,-0.0014712351372185425,-0.0014712351372185425,0.0022821050647922232,0.0022821050647922232,0.0022821050647922232,1.4874771368819349e-05,1.4874771368819349e-05,1.4874771368819349e-05,2.188086474698704e-05,2.188086474698704e-05,2.188086474698704e-05,0.0005517835488498532,0.0005517835488498532,0.0005517835488498532,-0.00042587277765003534,-0.00042587277765003534,-0.00042587277765003534,0.007578026044820132,0.007578026044820132,0.007578026044820132,-0.0010426307643141275,-0.0010426307643141275,-0.0010426307643141275,0.0013327464131004743,0.0013327464131004743,0.0013327464131004743,5.769811893362983e-05,5.769811893362983e-05,5.769811893362983e-05,0.0,0.0,0.0,1.143985559786511
2025-08-23 23:00:00,1.1409465068996931,1.0564163808320588,1.1525464069993636,1.0810820792143174,1.1740044582276148,-0.0007553116503569966,-0.0007553116503569966,-0.0007553116503569966,0.0005337271308073044,0.0005337271308073044,0.0005337271308073044,0.0010409443579370893,0.0010409443579370893,0.0010409443579370893,-0.0004232307020456544,-0.0004232307020456544,-0.0004232307020456544,-0.0004232307020456706,-0.0004232307020456706,-0.0004232307020456706,-0.0004232307020456711,-0.0004232307020456711,-0.0004232307020456711,-0.0007300697946470192,-0.0007300697946470192,-0.0007300697946470192,-0.001176499170093898,-0.001176499170093898,-0.001176499170093898,-0.018888709324254828,-0.018888709324254828,-0.018888709324254828,1.4874771368819349e-05,1.4874771368819349e-05,1.4874771368819349e-05,0.0002599667067134974,0.0002599667067134974,0.0002599667067134974,5.595245354360795e-06,5.595245354360795e-06,5.595245354360795e-06,3.311150194689803e-05,3.311150194689803e-05,3.311150194689803e-05,0.007524555947151563,0.007524555947151563,0.007524555947151563,-0.004692680925681362,-0.004692680925681362,-0.004692680925681362,0.0012933667015109177,0.0012933667015109177,0.0012933667015109177,-0.01992965368219192,-0.01992965368219192,-0.01992965368219192,0.0,0.0,0.0,1.119395499976341
2025-08-24 23:00:00,1.1405122049376353,1.0798439977946777,1.1823146556460118,1.0771893645528736,1.1761291429803433,0.00058059315884442,0.00058059315884442,0.00058059315884442,0.0007475837799554255,0.0007475837799554255,0.0007475837799554255,0.000832567190676612,0.000832567190676612,0.000832567190676612,-0.0004232307020456544,-0.0004232307020456544,-0.0004232307020456544,-0.0004232307020456706,-0.0004232307020456706,-0.0004232307020456706,-0.0004232307020456711,-0.0004232307020456711,-0.0004232307020456711,-0.001294863142026833,-0.001294863142026833,-0.001294863142026833,-0.00200177093862252,-0.00200177093862252,-0.00200177093862252,0.006453209290126082,0.006453209290126082,0.006453209290126082,-0.0005553247977692558,-0.0005553247977692558,-0.0005553247977692558,-0.0015241227152653196,-0.0015241227152653196,-0.0015241227152653196,0.00032789850488681944,0.00032789850488681944,0.00032789850488681944,-1.8123786092524274e-05,-1.8123786092524274e-05,-1.8123786092524274e-05,0.006087332408176452,0.006087332408176452,0.006087332408176452,-0.0014615504536048603,-0.0014615504536048603,-0.0014615504536048603,0.0012146072783318041,0.0012146072783318041,0.0012146072783318041,0.005620642099449472,0.005620642099449472,0.005620642099449472,0.0,0.0,0.0,1.1478721688940412
