ds,trend,yhat_lower,yhat_upper,trend_lower,trend_upper,day_sin,day_sin_lower,day_sin_upper,extra_regressors_multiplicative,extra_regressors_multiplicative_lower,extra_regressors_multiplicative_upper,hour_sin,hour_sin_lower,hour_sin_upper,market_session,market_session_lower,market_session_upper,momentum_lag_20,momentum_lag_20_lower,momentum_lag_20_upper,multiplicative_terms,multiplicative_terms_lower,multiplicative_terms_upper,return_regime,return_regime_lower,return_regime_upper,volatility_lag_20,volatility_lag_20_lower,volatility_lag_20_upper,volatility_regime,volatility_regime_lower,volatility_regime_upper,weekly,weekly_lower,weekly_upper,additive_terms,additive_terms_lower,additive_terms_upper,yhat
2025-02-20 00:00:00,0.6353093398633003,0.6318094167900267,0.6416264809447305,0.6353093398633003,0.6353093398633003,0.0001279098394863185,0.0001279098394863185,0.0001279098394863185,0.0012856024848995232,0.0012856024848995232,0.0012856024848995232,0.0013356338807646352,0.0013356338807646352,0.0013356338807646352,0.0013356338807646352,0.0013356338807646352,0.0013356338807646352,0.0009230625490625189,0.0009230625490625189,0.0009230625490625189,0.0028227004849118715,0.0028227004849118715,0.0028227004849118715,1.7367112517884815e-05,1.7367112517884815e-05,1.7367112517884815e-05,-0.004923531311694214,-0.004923531311694214,-0.004923531311694214,0.0024695265339977446,0.0024695265339977446,0.0024695265339977446,0.0015370980000123493,0.0015370980000123493,0.0015370980000123493,0.0,0.0,0.0,0.6371026278450015
2025-02-21 00:00:00,0.6345408484372019,0.6307144794361821,0.6392076884427781,0.6345408484372019,0.6345408484372019,-0.0007006187571588191,-0.0007006187571588191,-0.0007006187571588191,-3.785376195248626e-05,-3.785376195248626e-05,-3.785376195248626e-05,0.0013356338807646352,0.0013356338807646352,0.0013356338807646352,0.0013356338807646352,0.0013356338807646352,0.0013356338807646352,0.00038043094037244855,0.00038043094037244855,0.00038043094037244855,0.001374780123902881,0.001374780123902881,0.001374780123902881,1.7367112517884815e-05,1.7367112517884815e-05,1.7367112517884815e-05,-0.004875827353211015,-0.004875827353211015,-0.004875827353211015,0.0024695265339977446,0.0024695265339977446,0.0024695265339977446,0.001412633885855367,0.001412633885855367,0.001412633885855367,0.0,0.0,0.0,0.6354132025834378
2025-02-24 00:00:00,0.6322353741589067,0.6304021953999225,0.6403905512986672,0.6322353741589067,0.6322353741589067,-0.0002863544588362504,-0.0002863544588362504,-0.0002863544588362504,0.004469645891592672,0.004469645891592672,0.004469645891592672,0.0013356338807646352,0.0013356338807646352,0.0013356338807646352,0.0013356338807646352,0.0013356338807646352,0.0013356338807646352,0.0015641109732458646,0.0015641109732458646,0.0015641109732458646,0.004971858045102458,0.004971858045102458,0.004971858045102458,0.0020145850520746386,0.0020145850520746386,0.0020145850520746386,-0.003963489970418597,-0.003963489970418597,-0.003963489970418597,0.0024695265339977446,0.0024695265339977446,0.0024695265339977446,0.0005022121535097866,0.0005022121535097866,0.0005022121535097866,0.0,0.0,0.0,0.635378758690317
2025-02-25 00:00:00,0.6314668827328083,0.626542080277447,0.6376006581222917,0.6314668827328083,0.6314668827328083,0.00046012401290789927,0.00046012401290789927,0.00046012401290789927,0.000659310859885842,0.000659310859885842,0.000659310859885842,0.0013356338807646352,0.0013356338807646352,0.0013356338807646352,0.0013356338807646352,0.0013356338807646352,0.0013356338807646352,0.0006257899786132675,0.0006257899786132675,0.0006257899786132675,0.0014556300179428688,0.0014556300179428688,0.0014556300179428688,-0.0019798508270388693,-0.0019798508270388693,-0.0019798508270388693,-0.0035875466001234714,-0.0035875466001234714,-0.0035875466001234714,0.0024695265339977446,0.0024695265339977446,0.0024695265339977446,0.0007963191580570272,0.0007963191580570272,0.0007963191580570272,0.0,0.0,0.0,0.6323860648826509
2025-02-26 00:00:00,0.6306983913067099,0.6266626482047337,0.6376056407823211,0.6306983913067099,0.6306983913067099,0.0006444889700428898,0.0006444889700428898,0.0006444889700428898,0.0008321342840619802,0.0008321342840619802,0.0008321342840619802,0.0013356338807646352,0.0013356338807646352,0.0013356338807646352,0.0013356338807646352,0.0013356338807646352,0.0013356338807646352,0.0005662777052554168,0.0005662777052554168,0.0005662777052554168,0.0015030861168398445,0.0015030861168398445,0.0015030861168398445,-0.0019798508270388693,-0.0019798508270388693,-0.0019798508270388693,-0.0035395758597244727,-0.0035395758597244727,-0.0035395758597244727,0.0024695265339977446,0.0024695265339977446,0.0024695265339977446,0.0006709518327778644,0.0006709518327778644,0.0006709518327778644,0.0,0.0,0.0,0.6316463853025963
2025-02-27 00:00:00,0.6299298998600272,0.6275225607601568,0.6366722763385183,0.6299298998600272,0.6299298998600272,0.0001279098394863185,0.0001279098394863185,0.0001279098394863185,0.002816011963795478,0.002816011963795478,0.002816011963795478,0.0013356338807646352,0.0013356338807646352,0.0013356338807646352,0.0013356338807646352,0.0013356338807646352,0.0013356338807646352,0.0010904687666579776,0.0010904687666579776,0.0010904687666579776,0.0043531099637931885,0.0043531099637931885,0.0043531099637931885,1.7367112517884815e-05,1.7367112517884815e-05,1.7367112517884815e-05,-0.0035605280503937177,-0.0035605280503937177,-0.0035605280503937177,0.0024695265339977446,0.0024695265339977446,0.0024695265339977446,0.0015370979999977108,0.0015370979999977108,0.0015370979999977108,0.0,0.0,0.0,0.6326720539835992
2025-02-28 00:00:00,0.6291614084133446,0.6233714430452072,0.6337382199124326,0.6291614084133446,0.6291614084133446,-0.0007006187571588191,-0.0007006187571588191,-0.0007006187571588191,-0.0028703321780817227,-0.0028703321780817227,-0.0028703321780817227,0.0013356338807646352,0.0013356338807646352,0.0013356338807646352,0.0013356338807646352,0.0013356338807646352,0.0013356338807646352,0.0005032948759338232,0.0005032948759338232,0.0005032948759338232,-0.0014576982922288322,-0.0014576982922288322,-0.0014576982922288322,-0.0019798508270388693,-0.0019798508270388693,-0.0019798508270388693,-0.003118889132364556,-0.003118889132364556,-0.003118889132364556,-0.0002455360989825715,-0.0002455360989825715,-0.0002455360989825715,0.0014126338858528906,0.0014126338858528906,0.0014126338858528906,0.0,0.0,0.0,0.6282442809027641
2025-03-03 00:00:00,0.6268559340732964,0.6172553074823872,0.626763073765369,0.6268559340732964,0.6268559340732964,-0.0002863544588362504,-0.0002863544588362504,-0.0002863544588362504,-0.009325474833309488,-0.009325474833309488,-0.009325474833309488,0.0013356338807646352,0.0013356338807646352,0.0013356338807646352,0.0013356338807646352,0.0013356338807646352,0.0013356338807646352,-0.0006651959514938915,-0.0006651959514938915,-0.0006651959514938915,-0.008823262679819335,-0.008823262679819335,-0.008823262679819335,-0.0019798508270388693,-0.0019798508270388693,-0.0019798508270388693,-0.0017606424127383539,-0.0017606424127383539,-0.0017606424127383539,-0.007304698944731391,-0.007304698944731391,-0.007304698944731391,0.0005022121534901519,0.0005022121534901519,0.0005022121534901519,0.0,0.0,0.0,0.6213250195045642
2025-03-04 00:00:00,0.6274808983376812,0.6212487031082997,0.6316821029107778,0.6274808983376812,0.6274808983376812,0.00046012401290789927,0.00046012401290789927,0.00046012401290789927,-0.0013526149523731838,-0.0013526149523731838,-0.0013526149523731838,0.0013356338807646352,0.0013356338807646352,0.0013356338807646352,0.0013356338807646352,0.0013356338807646352,0.0013356338807646352,0.0006498015065072416,0.0006498015065072416,0.0006498015065072416,-0.000556295794314123,-0.000556295794314123,-0.000556295794314123,1.7367112517884815e-05,1.7367112517884815e-05,1.7367112517884815e-05,-0.0030050954037666886,-0.0030050954037666886,-0.0030050954037666886,-0.002146079942068791,-0.002146079942068791,-0.002146079942068791,0.0007963191580590606,0.0007963191580590606,0.0007963191580590606,0.0,0.0,0.0,0.6271318333529234
2025-03-05 00:00:00,0.6281058626020658,0.6265205885282673,0.6361526748751786,0.6281058626020658,0.6281058626020658,0.0006444889700428898,0.0006444889700428898,0.0006444889700428898,0.0038582680678560135,0.0038582680678560135,0.0038582680678560135,0.0013356338807646352,0.0013356338807646352,0.0013356338807646352,0.0013356338807646352,0.0013356338807646352,0.0013356338807646352,-0.0010994813906027956,-0.0010994813906027956,-0.0010994813906027956,0.004529219900620863,0.004529219900620863,0.004529219900620863,1.7367112517884815e-05,1.7367112517884815e-05,1.7367112517884815e-05,-0.00437448234250339,-0.00437448234250339,-0.00437448234250339,0.0059991079568721545,0.0059991079568721545,0.0059991079568721545,0.0006709518327648475,0.0006709518327648475,0.0006709518327648475,0.0,0.0,0.0,0.6309506921746597
2025-03-06 00:00:00,0.6287308268664505,0.6272979137641053,0.6372487745929108,0.6287308268664505,0.6287308268664505,0.0001279098394863185,0.0001279098394863185,0.0001279098394863185,0.0035686803577408095,0.0035686803577408095,0.0035686803577408095,0.0013356338807646352,0.0013356338807646352,0.0013356338807646352,0.0013356338807646352,0.0013356338807646352,0.0013356338807646352,-0.0006453910985571003,-0.0006453910985571003,-0.0006453910985571003,0.005105778357742319,0.005105778357742319,0.005105778357742319,0.0020145850520746386,0.0020145850520746386,0.0020145850520746386,-0.003883736520684156,-0.003883736520684156,-0.003883736520684156,0.0032840453238918385,0.0032840453238918385,0.0032840453238918385,0.0015370980000015094,0.0015370980000015094,0.0015370980000015094,0.0,0.0,0.0,0.6319409871151107
2025-03-07 00:00:00,0.6293557911308352,0.6254370065197963,0.635951822451539,0.6293557911308352,0.6293557911308352,-0.0007006187571588191,-0.0007006187571588191,-0.0007006187571588191,-0.00028336698517565813,-0.00028336698517565813,-0.00028336698517565813,0.0013356338807646352,0.0013356338807646352,0.0013356338807646352,0.0013356338807646352,0.0013356338807646352,0.0013356338807646352,9.364878321773193e-05,9.364878321773193e-05,9.364878321773193e-05,0.0011292669006823853,0.0011292669006823853,0.0011292669006823853,0.0020145850520746386,0.0020145850520746386,0.0020145850520746386,-0.003030688672663781,-0.003030688672663781,-0.003030688672663781,-0.0013315611521746986,-0.0013315611521746986,-0.0013315611521746986,0.0014126338858580435,0.0014126338858580435,0.0014126338858580435,0.0,0.0,0.0,0.630066501794512
2025-03-10 00:00:00,0.6312306845097899,0.6257916582862286,0.6351013116092618,0.6312306845097899,0.6312306845097899,-0.0002863544588362504,-0.0002863544588362504,-0.0002863544588362504,-0.0019046733243033467,-0.0019046733243033467,-0.0019046733243033467,0.0013356338807646352,0.0013356338807646352,0.0013356338807646352,0.0013356338807646352,0.0013356338807646352,0.0013356338807646352,4.763126941857014e-05,4.763126941857014e-05,4.763126941857014e-05,-0.0014024611708064168,-0.0014024611708064168,-0.0014024611708064168,1.7367112517884815e-05,1.7367112517884815e-05,1.7367112517884815e-05,-0.0030230238567581233,-0.0030230238567581233,-0.0030230238567581233,-0.0013315611521746986,-0.0013315611521746986,-0.0013315611521746986,0.0005022121534969295,0.0005022121534969295,0.0005022121534969295,0.0,0.0,0.0,0.6303454079849433
2025-03-11 00:00:00,0.6318556489694415,0.6252031427423044,0.6347391994999684,0.6318556489694415,0.6318556489694415,0.00046012401290789927,0.00046012401290789927,0.00046012401290789927,-0.0022869112713148803,-0.0022869112713148803,-0.0022869112713148803,0.0013356338807646352,0.0013356338807646352,0.0013356338807646352,0.0013356338807646352,0.0013356338807646352,0.0013356338807646352,-6.759213149357853e-05,-6.759213149357853e-05,-6.759213149357853e-05,-0.0014905921132539793,-0.0014905921132539793,-0.0014905921132539793,1.7367112517884815e-05,1.7367112517884815e-05,1.7367112517884815e-05,-0.002950491821409534,-0.002950491821409534,-0.002950491821409534,-0.0024175862053668223,-0.0024175862053668223,-0.0024175862053668223,0.000796319158060901,0.000796319158060901,0.000796319158060901,0.0,0.0,0.0,0.6309138099223727
2025-03-12 00:00:00,0.6324806134290931,0.6253141366209941,0.6349242028686135,0.6324806134290931,0.6324806134290931,0.0006444889700428898,0.0006444889700428898,0.0006444889700428898,-0.0033187467675542064,-0.0033187467675542064,-0.0033187467675542064,0.0013356338807646352,0.0013356338807646352,0.0013356338807646352,0.0013356338807646352,0.0013356338807646352,0.0013356338807646352,-0.0008731848640569711,-0.0008731848640569711,-0.0008731848640569711,-0.002647794934782371,-0.002647794934782371,-0.002647794934782371,1.7367112517884815e-05,1.7367112517884815e-05,1.7367112517884815e-05,-0.002818087015624394,-0.002818087015624394,-0.002818087015624394,-0.002960598731962886,-0.002960598731962886,-0.002960598731962886,0.0006709518327718358,0.0006709518327718358,0.0006709518327718358,0.0,0.0,0.0,0.6308059344645075
2025-03-13 00:00:00,0.6331055778887447,0.6271615862159047,0.6355704890779759,0.6331055778887447,0.6331055778887447,0.0001279098394863185,0.0001279098394863185,0.0001279098394863185,-0.0036566226324612184,-0.0036566226324612184,-0.0036566226324612184,0.0013356338807646352,0.0013356338807646352,0.0013356338807646352,0.0013356338807646352,0.0013356338807646352,0.0013356338807646352,-0.0011206869333583852,-0.0011206869333583852,-0.0011206869333583852,-0.002119524632465696,-0.002119524632465696,-0.002119524632465696,1.7367112517884815e-05,1.7367112517884815e-05,1.7367112517884815e-05,-0.002934894207269485,-0.002934894207269485,-0.002934894207269485,-0.0024175862053668223,-0.0024175862053668223,-0.0024175862053668223,0.0015370979999955224,0.0015370979999955224,0.0015370979999955224,0.0,0.0,0.0,0.631763695021458
2025-03-14 00:00:00,0.633730542490937,0.6281864475286234,0.6380158550978249,0.633730542490937,0.633730542490937,-0.0007006187571588191,-0.0007006187571588191,-0.0007006187571588191,-0.0026333460895521456,-0.0026333460895521456,-0.0026333460895521456,0.0013356338807646352,0.0013356338807646352,0.0013356338807646352,0.0013356338807646352,0.0013356338807646352,0.0013356338807646352,-7.859249592077336e-05,-7.859249592077336e-05,-7.859249592077336e-05,-0.0012207122036965782,-0.0012207122036965782,-0.0012207122036965782,0.0020145850520746386,0.0020145850520746386,0.0020145850520746386,-0.0027648701282194806,-0.0027648701282194806,-0.0027648701282194806,-0.0037751175218569814,-0.0037751175218569814,-0.0037751175218569814,0.0014126338858555677,0.0014126338858555677,0.0014126338858555677,0.0,0.0,0.0,0.632956939883863
2025-03-17 00:00:00,0.635605436297514,0.6257280409239824,0.635562856600365,0.635605436297514,0.635605436297514,-0.0002863544588362504,-0.0002863544588362504,-0.0002863544588362504,-0.007980714752827784,-0.007980714752827784,-0.007980714752827784,0.0013356338807646352,0.0013356338807646352,0.0013356338807646352,0.0013356338807646352,0.0013356338807646352,0.0013356338807646352,-0.0016977288246922734,-0.0016977288246922734,-0.0016977288246922734,-0.007478502599333764,-0.007478502599333764,-0.007478502599333764,-0.0019798508270388693,-0.0019798508270388693,-0.0019798508270388693,-0.0026414246186346477,-0.0026414246186346477,-0.0026414246186346477,-0.004046623785155013,-0.004046623785155013,-0.004046623785155013,0.0005022121534940206,0.0005022121534940206,0.0005022121534940206,0.0,0.0,0.0,0.6308520593900123
2025-03-18 00:00:00,0.6362304008997064,0.6316103783293323,0.6403696035271104,0.6362304008997064,0.6362304008997064,0.00046012401290789927,0.00046012401290789927,0.00046012401290789927,-0.0029941207115387093,-0.0029941207115387093,-0.0029941207115387093,0.0013356338807646352,0.0013356338807646352,0.0013356338807646352,0.0013356338807646352,0.0013356338807646352,0.0013356338807646352,-0.0017114269598179734,-0.0017114269598179734,-0.0017114269598179734,-0.002197801553484207,-0.002197801553484207,-0.002197801553484207,0.0020145850520746386,0.0020145850520746386,0.0020145850520746386,-0.002653553056375563,-0.002653553056375563,-0.002653553056375563,-0.0037751175218569814,-0.0037751175218569814,-0.0037751175218569814,0.0007963191580545026,0.0007963191580545026,0.0007963191580545026,0.0,0.0,0.0,0.6348320927362351
2025-03-19 00:00:00,0.6361112458398428,0.6294931699740081,0.6391094268992644,0.6361112458398428,0.6361112458398428,0.0006444889700428898,0.0006444889700428898,0.0006444889700428898,-0.0038543036919481024,-0.0038543036919481024,-0.0038543036919481024,0.0013356338807646352,0.0013356338807646352,0.0013356338807646352,0.0013356338807646352,0.0013356338807646352,0.0013356338807646352,-0.0004874442324549923,-0.0004874442324549923,-0.0004874442324549923,-0.0031833518591792803,-0.0031833518591792803,-0.0031833518591792803,0.0020145850520746386,0.0020145850520746386,0.0020145850520746386,-0.0019355148250045809,-0.0019355148250045809,-0.0019355148250045809,-0.006761686418135328,-0.006761686418135328,-0.006761686418135328,0.0006709518327688215,0.0006709518327688215,0.0006709518327688215,0.0,0.0,0.0,0.6340862799227537
2025-03-20 00:00:00,0.6359920907799792,0.6278290921726916,0.6369618776449123,0.6359920907799792,0.6359920907799792,0.0001279098394863185,0.0001279098394863185,0.0001279098394863185,-0.006922816494001145,-0.006922816494001145,-0.006922816494001145,0.0013356338807646352,0.0013356338807646352,0.0013356338807646352,0.0013356338807646352,0.0013356338807646352,0.0013356338807646352,-0.0008714063726241834,-0.0008714063726241834,-0.0008714063726241834,-0.00538571849400069,-0.00538571849400069,-0.00538571849400069,1.7367112517884815e-05,1.7367112517884815e-05,1.7367112517884815e-05,-0.0018347621534770759,-0.0018347621534770759,-0.0018347621534770759,-0.007033192681433359,-0.007033192681433359,-0.007033192681433359,0.0015370980000004547,0.0015370980000004547,0.0015370980000004547,0.0,0.0,0.0,0.6325668164146273
2025-03-21 00:00:00,0.6358729357201156,0.6265906410704033,0.6364787132741964,0.6358729357201156,0.6358729357201156,-0.0007006187571588191,-0.0007006187571588191,-0.0007006187571588191,-0.007194919044075944,-0.007194919044075944,-0.007194919044075944,0.0013356338807646352,0.0013356338807646352,0.0013356338807646352,0.0013356338807646352,0.0013356338807646352,0.0013356338807646352,-0.0005514042438552468,-0.0005514042438552468,-0.0005514042438552468,-0.005782285158215225,-0.005782285158215225,-0.005782285158215225,1.7367112517884815e-05,1.7367112517884815e-05,1.7367112517884815e-05,-0.001869844498973706,-0.001869844498973706,-0.001869844498973706,-0.006761686418135328,-0.006761686418135328,-0.006761686418135328,0.0014126338858607207,0.0014126338858607207,0.0014126338858607207,0.0,0.0,0.0,0.6321961370813904
2025-03-24 00:00:00,0.6355154705405248,0.6244513696019773,0.6331233884814884,0.6355154705405248,0.6355154705405248,-0.0002863544588362504,-0.0002863544588362504,-0.0002863544588362504,-0.010809206018190168,-0.010809206018190168,-0.010809206018190168,0.0013356338807646352,0.0013356338807646352,0.0013356338807646352,0.0013356338807646352,0.0013356338807646352,0.0013356338807646352,-0.003220200782610231,-0.003220200782610231,-0.003220200782610231,-0.010306993864689369,-0.010306993864689369,-0.010306993864689369,-0.0019798508270388693,-0.0019798508270388693,-0.0019798508270388693,-0.002046900082992854,-0.002046900082992854,-0.002046900082992854,-0.005947167628241233,-0.005947167628241233,-0.005947167628241233,0.0005022121535007984,0.0005022121535007984,0.0005022121535007984,0.0,0.0,0.0,0.6289652164847485
2025-03-25 00:00:00,0.6344354555231538,0.6249450009094483,0.6356344194416021,0.6344354555231538,0.6344354555231538,0.00046012401290789927,0.00046012401290789927,0.00046012401290789927,-0.007298569422522567,-0.007298569422522567,-0.007298569422522567,0.0013356338807646352,0.0013356338807646352,0.0013356338807646352,0.0013356338807646352,0.0013356338807646352,0.0013356338807646352,-0.0028339484265343957,-0.0028339484265343957,-0.0028339484265343957,-0.006502250264466223,-0.006502250264466223,-0.006502250264466223,1.7367112517884815e-05,1.7367112517884815e-05,1.7367112517884815e-05,-0.0022092247812980563,-0.0022092247812980563,-0.0022092247812980563,-0.00540415510164517,-0.00540415510164517,-0.00540415510164517,0.0007963191580563433,0.0007963191580563433,0.0007963191580563433,0.0,0.0,0.0,0.6303101974146916
2025-03-26 00:00:00,0.633355440505783,0.6254732167608621,0.6358080429686075,0.633355440505783,0.633355440505783,0.0006444889700428898,0.0006444889700428898,0.0006444889700428898,-0.006117905192354035,-0.006117905192354035,-0.006117905192354035,0.0013356338807646352,0.0013356338807646352,0.0013356338807646352,0.0013356338807646352,0.0013356338807646352,0.0013356338807646352,-0.002189887896421199,-0.002189887896421199,-0.002189887896421199,-0.005446953359584167,-0.005446953359584167,-0.005446953359584167,1.7367112517884815e-05,1.7367112517884815e-05,1.7367112517884815e-05,-0.0023999985649737748,-0.0023999985649737748,-0.0023999985649737748,-0.004861142575049106,-0.004861142575049106,-0.004861142575049106,0.0006709518327698682,0.0006709518327698682,0.0006709518327698682,0.0,0.0,0.0,0.6299055829613092
2025-03-27 00:00:00,0.6322754254884122,0.6241221640476091,0.6341818469655536,0.6322754254884122,0.6322754254884122,0.0001279098394863185,0.0001279098394863185,0.0001279098394863185,-0.0063657811393328075,-0.0063657811393328075,-0.0063657811393328075,0.0013356338807646352,0.0013356338807646352,0.0013356338807646352,0.0013356338807646352,0.0013356338807646352,0.0013356338807646352,-0.0020049494647578305,-0.0020049494647578305,-0.0020049494647578305,-0.004828683139328555,-0.004828683139328555,-0.004828683139328555,1.7367112517884815e-05,1.7367112517884815e-05,1.7367112517884815e-05,-0.0023162338130593443,-0.0023162338130593443,-0.0023162338130593443,-0.004861142575049106,-0.004861142575049106,-0.004861142575049106,0.0015370980000042529,0.0015370980000042529,0.0015370980000042529,0.0,0.0,0.0,0.6292223678019445
2025-03-28 00:00:00,0.6306958932867526,0.6233282887687139,0.6349847842759996,0.6306958932867526,0.6306958932867526,-0.0007006187571588191,-0.0007006187571588191,-0.0007006187571588191,-0.0043285378712118435,-0.0043285378712118435,-0.0043285378712118435,0.0013356338807646352,0.0013356338807646352,0.0013356338807646352,0.0013356338807646352,0.0013356338807646352,0.0013356338807646352,-0.0015720961472870496,-0.0015720961472870496,-0.0015720961472870496,-0.0029159039853612293,-0.0029159039853612293,-0.0029159039853612293,1.7367112517884815e-05,1.7367112517884815e-05,1.7367112517884815e-05,-0.0025983778987443387,-0.0025983778987443387,-0.0025983778987443387,-0.002146079942068791,-0.002146079942068791,-0.002146079942068791,0.0014126338858506144,0.0014126338858506144,0.0014126338858506144,0.0,0.0,0.0,0.6288568446179668
2025-03-30 23:00:00,0.6260231105235097,0.6224514247580568,0.6329613485447653,0.6260231105235097,0.6260231105235097,-0.0010328329305804003,-0.0010328329305804003,-0.0010328329305804003,0.001827048736568316,0.001827048736568316,0.001827048736568316,-0.0004097967588709677,-0.0004097967588709677,-0.0004097967588709677,-0.0004097967588709682,-0.0004097967588709682,-0.0004097967588709682,0.00046310739915331975,0.00046310739915331975,0.00046310739915331975,0.002074191077084107,0.002074191077084107,0.002074191077084107,1.7367112517884815e-05,1.7367112517884815e-05,1.7367112517884815e-05,-0.004157638600142864,-0.004157638600142864,-0.004157638600142864,0.007356639273362312,0.007356639273362312,0.007356639273362312,0.0002471423405157897,0.0002471423405157897,0.0002471423405157897,0.0,0.0,0.0,0.6273216020734059
2025-03-31 23:00:00,0.62444357832185,0.622394859565084,0.6307660521331697,0.62444357832185,0.62444357832185,-0.0002863544588362504,-0.0002863544588362504,-0.0002863544588362504,0.0019466554843731397,0.0019466554843731397,0.0019466554843731397,-0.0004097967588709677,-0.0004097967588709677,-0.0004097967588709677,-0.0004097967588709682,-0.0004097967588709682,-0.0004097967588709682,0.0003090635896993109,0.0003090635896993109,0.0003090635896993109,0.002872830067892969,0.002872830067892969,0.002872830067892969,1.7367112517884815e-05,1.7367112517884815e-05,1.7367112517884815e-05,-0.004087453988032117,-0.004087453988032117,-0.004087453988032117,0.0068136267467662475,0.0068136267467662475,0.0068136267467662475,0.0009261745835198291,0.0009261745835198291,0.0009261745835198291,0.0,0.0,0.0,0.6262374986093558
2025-04-01 23:00:00,0.6228640461201904,0.6180676036672755,0.6284218232086555,0.6228640461201904,0.6228640461201904,0.00046012401290789927,0.00046012401290789927,0.00046012401290789927,-0.0012432938024779885,-0.0012432938024779885,-0.0012432938024779885,-0.0004097967588709677,-0.0004097967588709677,-0.0004097967588709677,-0.0004097967588709682,-0.0004097967588709682,-0.0004097967588709682,-0.0004826180587534497,-0.0004826180587534497,-0.0004826180587534497,-0.0006836393039611377,-0.0006836393039611377,-0.0006836393039611377,-0.0019798508270388693,-0.0019798508270388693,-0.0019798508270388693,-0.003605944578829692,-0.003605944578829692,-0.003605944578829692,0.005184589166978059,0.005184589166978059,0.005184589166978059,0.000559654498516851,0.000559654498516851,0.000559654498516851,0.0,0.0,0.0,0.6224382317772384
2025-04-02 23:00:00,0.6210980615645436,0.6190415319598102,0.6282589938747531,0.6210980615645436,0.6210980615645436,0.0006444889700428898,0.0006444889700428898,0.0006444889700428898,0.0026113879688457763,0.0026113879688457763,0.0026113879688457763,-0.0004097967588709677,-0.0004097967588709677,-0.0004097967588709677,-0.0004097967588709682,-0.0004097967588709682,-0.0004097967588709682,-0.000630534869233946,-0.000630534869233946,-0.000630534869233946,0.004208674452549173,0.004208674452549173,0.004208674452549173,0.0020145850520746386,0.0020145850520746386,0.0020145850520746386,-0.003782146833273929,-0.003782146833273929,-0.003782146833273929,0.005184589166978059,0.005184589166978059,0.005184589166978059,0.0015972864837033964,0.0015972864837033964,0.0015972864837033964,0.0,0.0,0.0,0.6237120611087781
2025-04-03 23:00:00,0.6193320770088968,0.6166664930719483,0.6258702301832615,0.6193320770088968,0.6193320770088968,0.0001279098394863185,0.0001279098394863185,0.0001279098394863185,0.002035893763041898,0.002035893763041898,0.002035893763041898,-0.0004097967588709677,-0.0004097967588709677,-0.0004097967588709677,-0.0004097967588709682,-0.0004097967588709682,-0.0004097967588709682,-0.002672541650396321,-0.002672541650396321,-0.002672541650396321,0.0033736712314565366,0.0033736712314565366,0.0033736712314565366,1.7367112517884815e-05,1.7367112517884815e-05,1.7367112517884815e-05,-0.004960456190464708,-0.004960456190464708,-0.004960456190464708,0.010343208169640659,0.010343208169640659,0.010343208169640659,0.0013377774684146379,0.0013377774684146379,0.0013377774684146379,0.0,0.0,0.0,0.6214214998198199
2025-04-06 23:00:00,0.6140341233419563,0.6098425455386979,0.618157226608818,0.6140341233419563,0.6140341233419563,-0.0010328329305804003,-0.0010328329305804003,-0.0010328329305804003,0.0004319423858879874,0.0004319423858879874,0.0004319423858879874,-0.0004097967588709677,-0.0004097967588709677,-0.0004097967588709677,-0.0004097967588709682,-0.0004097967588709682,-0.0004097967588709682,-0.0012525269067672692,-0.0012525269067672692,-0.0012525269067672692,0.0006790847264113327,0.0006790847264113327,0.0006790847264113327,0.0020145850520746386,0.0020145850520746386,0.0020145850520746386,-0.003933784741373136,-0.003933784741373136,-0.003933784741373136,0.00545609543027609,0.00545609543027609,0.00545609543027609,0.00024714234052334574,0.00024714234052334574,0.00024714234052334574,0.0,0.0,0.0,0.6144511045366132
2025-04-07 23:00:00,0.6122681387863094,0.6014189776843601,0.6111187621153078,0.6122681387863094,0.6122681387863094,-0.0002863544588362504,-0.0002863544588362504,-0.0002863544588362504,-0.011630503989596995,-0.011630503989596995,-0.011630503989596995,-0.0004097967588709677,-0.0004097967588709677,-0.0004097967588709677,-0.0004097967588709682,-0.0004097967588709682,-0.0004097967588709682,-0.007951988975353702,-0.007951988975353702,-0.007951988975353702,-0.010704329406075042,-0.010704329406075042,-0.010704329406075042,-0.0019798508270388693,-0.0019798508270388693,-0.0019798508270388693,0.012685120526661849,0.012685120526661849,0.012685120526661849,-0.013277836737288084,-0.013277836737288084,-0.013277836737288084,0.0009261745835219533,0.0009261745835219533,0.0009261745835219533,0.0,0.0,0.0,0.6057142189438962
2025-04-08 23:00:00,0.6143408925977604,0.605599878267268,0.6142507804158968,0.6143408925977604,0.6143408925977604,0.00046012401290789927,0.00046012401290789927,0.00046012401290789927,-0.00806533472184338,-0.00806533472184338,-0.00806533472184338,-0.0004097967588709677,-0.0004097967588709677,-0.0004097967588709677,-0.0004097967588709682,-0.0004097967588709682,-0.0004097967588709682,-0.007190941455813838,-0.007190941455813838,-0.007190941455813838,-0.0075056802233195215,-0.0075056802233195215,-0.0075056802233195215,1.7367112517884815e-05,1.7367112517884815e-05,1.7367112517884815e-05,0.012745545863574693,0.012745545863574693,0.012745545863574693,-0.013277836737288084,-0.013277836737288084,-0.013277836737288084,0.0005596544985238605,0.0005596544985238605,0.0005596544985238605,0.0,0.0,0.0,0.6097298463098129
2025-04-09 23:00:00,0.6164136464092114,0.6062074817977599,0.6150045803324337,0.6164136464092114,0.6164136464092114,0.0006444889700428898,0.0006444889700428898,0.0006444889700428898,-0.010939977484780471,-0.010939977484780471,-0.010939977484780471,-0.0004097967588709677,-0.0004097967588709677,-0.0004097967588709677,-0.0004097967588709682,-0.0004097967588709682,-0.0004097967588709682,-0.008509370146215155,-0.008509370146215155,-0.008509370146215155,-0.00934269100108281,-0.00934269100108281,-0.00934269100108281,-0.0019798508270388693,-0.0019798508270388693,-0.0019798508270388693,0.012730678510162652,0.012730678510162652,0.012730678510162652,-0.013006330473990054,-0.013006330473990054,-0.013006330473990054,0.00159728648369766,0.00159728648369766,0.00159728648369766,0.0,0.0,0.0,0.6106546841819595
2025-04-10 23:00:00,0.6184864002206625,0.6147428343122513,0.6239055073234503,0.6184864002206625,0.6184864002206625,0.0001279098394863185,0.0001279098394863185,0.0001279098394863185,-0.00030990639203983797,-0.00030990639203983797,-0.00030990639203983797,-0.0004097967588709677,-0.0004097967588709677,-0.0004097967588709677,-0.0004097967588709682,-0.0004097967588709682,-0.0004097967588709682,-0.0050905802177979185,-0.0050905802177979185,-0.0050905802177979185,0.0010278710763757617,0.0010278710763757617,0.0010278710763757617,0.0020145850520746386,0.0020145850520746386,0.0020145850520746386,0.016735609189227143,0.016735609189227143,0.016735609189227143,-0.013277836737288084,-0.013277836737288084,-0.013277836737288084,0.0013377774684156024,0.0013377774684156024,0.0013377774684156024,0.0,0.0,0.0,0.6191221245025811
2025-04-13 23:00:00,0.6247046618575524,0.6196530658456325,0.6312893198961114,0.6247046618575524,0.6247046618575524,-0.0010328329305804003,-0.0010328329305804003,-0.0010328329305804003,0.0022329092928812643,0.0022329092928812643,0.0022329092928812643,-0.0004097967588709677,-0.0004097967588709677,-0.0004097967588709677,-0.0004097967588709682,-0.0004097967588709682,-0.0004097967588709682,-0.002198805983000987,-0.002198805983000987,-0.002198805983000987,0.0024800516334005374,0.0024800516334005374,0.0024800516334005374,0.0020145850520746386,0.0020145850520746386,0.0020145850520746386,0.017547393409418032,0.017547393409418032,0.017547393409418032,-0.013277836737288084,-0.013277836737288084,-0.013277836737288084,0.000247142340519275,0.000247142340519275,0.000247142340519275,0.0,0.0,0.0,0.626253961674585
2025-04-14 23:00:00,0.6267774157365157,0.6254184959346685,0.634470318275589,0.6267774157365157,0.6267774157365157,-0.0002863544588362504,-0.0002863544588362504,-0.0002863544588362504,0.004310767090029171,0.004310767090029171,0.004310767090029171,-0.0004097967588709677,-0.0004097967588709677,-0.0004097967588709677,-0.0004097967588709682,-0.0004097967588709682,-0.0004097967588709682,-0.0013235003651134352,-0.0013235003651134352,-0.0013235003651134352,0.005236941673544397,0.005236941673544397,0.005236941673544397,0.0020145850520746386,0.0020145850520746386,0.0020145850520746386,0.01800346711693424,0.01800346711693424,0.01800346711693424,-0.013277836737288084,-0.013277836737288084,-0.013277836737288084,0.0009261745835152247,0.0009261745835152247,0.0009261745835152247,0.0,0.0,0.0,0.6300598125050227
2025-04-15 23:00:00,0.6288501696154789,0.6257203815235315,0.6357868542728277,0.6288501696154789,0.6288501696154789,0.00046012401290789927,0.00046012401290789927,0.00046012401290789927,0.0022549795412903045,0.0022549795412903045,0.0022549795412903045,-0.0004097967588709677,-0.0004097967588709677,-0.0004097967588709677,-0.0004097967588709682,-0.0004097967588709682,-0.0004097967588709682,-0.0021320759386226516,-0.0021320759386226516,-0.0021320759386226516,0.002814634039811036,0.002814634039811036,0.002814634039811036,1.7367112517884815e-05,1.7367112517884815e-05,1.7367112517884815e-05,0.01773548834621916,0.01773548834621916,0.01773548834621916,-0.013006330473990054,-0.013006330473990054,-0.013006330473990054,0.0005596544985207309,0.0005596544985207309,0.0005596544985207309,0.0,0.0,0.0,0.6306201527088195
2025-04-16 23:00:00,0.6309229234944422,0.6296287625645474,0.6392350028387299,0.6309229234944422,0.6309229234944422,0.0006444889700428898,0.0006444889700428898,0.0006444889700428898,0.003280898271190225,0.003280898271190225,0.003280898271190225,-0.0004097967588709677,-0.0004097967588709677,-0.0004097967588709677,-0.0004097967588709682,-0.0004097967588709682,-0.0004097967588709682,-0.0012912499099665515,-0.0012912499099665515,-0.0012912499099665515,0.004878184754882149,0.004878184754882149,0.004878184754882149,1.7367112517884815e-05,1.7367112517884815e-05,1.7367112517884815e-05,0.01773621609032799,0.01773621609032799,0.01773621609032799,-0.013006330473990054,-0.013006330473990054,-0.013006330473990054,0.0015972864836919227,0.0015972864836919227,0.0015972864836919227,0.0,0.0,0.0,0.6340006820813385
2025-04-21 23:00:00,0.6332736752329801,0.631589967457169,0.6428910312595373,0.6332736752329801,0.6332736752329801,-0.0002863544588362504,-0.0002863544588362504,-0.0002863544588362504,0.005159049262999877,0.005159049262999877,0.005159049262999877,-0.0004097967588709677,-0.0004097967588709677,-0.0004097967588709677,-0.0004097967588709682,-0.0004097967588709682,-0.0004097967588709682,-0.0005913028830438364,-0.0005913028830438364,-0.0005913028830438364,0.0060852238465166275,0.0060852238465166275,0.0060852238465166275,0.0020145850520746386,0.0020145850520746386,0.0020145850520746386,0.017848045544537318,0.017848045544537318,0.017848045544537318,-0.013006330473990054,-0.013006330473990054,-0.013006330473990054,0.0009261745835167496,0.0009261745835167496,0.0009261745835167496,0.0,0.0,0.0,0.6371272873028789
2025-04-22 23:00:00,0.6337438255806876,0.6344940797373739,0.6437143274437813,0.6337438255806876,0.6337438255806876,0.00046012401290789927,0.00046012401290789927,0.00046012401290789927,0.008889950102816107,0.008889950102816107,0.008889950102816107,-0.0004097967588709677,-0.0004097967588709677,-0.0004097967588709677,-0.0004097967588709682,-0.0004097967588709682,-0.0004097967588709682,0.0017716016679360385,0.0017716016679360385,0.0017716016679360385,0.009449604601333707,0.009449604601333707,0.009449604601333707,0.0020145850520746386,0.0020145850520746386,0.0020145850520746386,0.01765504457173542,0.01765504457173542,0.01765504457173542,-0.012191811684095956,-0.012191811684095956,-0.012191811684095956,0.0005596544985176011,0.0005596544985176011,0.0005596544985176011,0.0,0.0,0.0,0.6397324541509617
2025-04-23 23:00:00,0.6342139759283951,0.6332065744842627,0.6419943408840102,0.6342139759283951,0.6342139759283951,0.0006444889700428898,0.0006444889700428898,0.0006444889700428898,0.0038234460217386307,0.0038234460217386307,0.0038234460217386307,-0.0004097967588709677,-0.0004097967588709677,-0.0004097967588709677,-0.0004097967588709682,-0.0004097967588709682,-0.0004097967588709682,0.001129728960096851,0.001129728960096851,0.001129728960096851,0.0054207325054436515,0.0054207325054436515,0.0054207325054436515,-0.0019798508270388693,-0.0019798508270388693,-0.0019798508270388693,0.01785500291036975,0.01785500291036975,0.01785500291036975,-0.013006330473990054,-0.013006330473990054,-0.013006330473990054,0.0015972864837050203,0.0015972864837050203,0.0015972864837050203,0.0,0.0,0.0,0.6376518802431168
2025-04-24 23:00:00,0.6346841262761026,0.633392270857967,0.6435448470319365,0.6346841262761026,0.6346841262761026,0.0001279098394863185,0.0001279098394863185,0.0001279098394863185,0.005139255645965005,0.005139255645965005,0.005139255645965005,-0.0004097967588709677,-0.0004097967588709677,-0.0004097967588709677,-0.0004097967588709682,-0.0004097967588709682,-0.0004097967588709682,0.0009468128449424589,0.0009468128449424589,0.0009468128449424589,0.006477033114376381,0.006477033114376381,0.006477033114376381,1.7367112517884815e-05,1.7367112517884815e-05,1.7367112517884815e-05,0.017873089840750332,0.017873089840750332,0.017873089840750332,-0.013006330473990054,-0.013006330473990054,-0.013006330473990054,0.0013377774684113749,0.0013377774684113749,0.0013377774684113749,0.0,0.0,0.0,0.6387949963791619
2025-04-27 23:00:00,0.6360945766507776,0.6353521919883434,0.6455193681134005,0.6360945766507776,0.6360945766507776,-0.0010328329305804003,-0.0010328329305804003,-0.0010328329305804003,0.006366302557714467,0.006366302557714467,0.006366302557714467,-0.0004097967588709677,-0.0004097967588709677,-0.0004097967588709677,-0.0004097967588709682,-0.0004097967588709682,-0.0004097967588709682,0.0012673376096313063,0.0012673376096313063,0.0012673376096313063,0.006613444898248853,0.006613444898248853,0.006613444898248853,0.0020145850520746386,0.0020145850520746386,0.0020145850520746386,0.017943136818320913,0.017943136818320913,0.017943136818320913,-0.013006330473990054,-0.013006330473990054,-0.013006330473990054,0.0002471423405343855,0.0002471423405343855,0.0002471423405343855,0.0,0.0,0.0,0.6403013530835325
2025-04-28 23:00:00,0.6365647267756693,0.6359896974455977,0.6459263178528841,0.6365647267756693,0.6365647267756693,-0.0002863544588362504,-0.0002863544588362504,-0.0002863544588362504,0.005435476745670073,0.005435476745670073,0.005435476745670073,-0.0004097967588709677,-0.0004097967588709677,-0.0004097967588709677,-0.0004097967588709682,-0.0004097967588709682,-0.0004097967588709682,0.0013296732123490352,0.0013296732123490352,0.0013296732123490352,0.006361651329180095,0.006361651329180095,0.006361651329180095,1.7367112517884815e-05,1.7367112517884815e-05,1.7367112517884815e-05,0.01792920860807336,0.01792920860807336,0.01792920860807336,-0.012734824210692022,-0.012734824210692022,-0.012734824210692022,0.0009261745835100206,0.0009261745835100206,0.0009261745835100206,0.0,0.0,0.0,0.6406143296158708
2025-04-29 23:00:00,0.6370348769005609,0.6378419627322747,0.6470890420873573,0.6370348769005609,0.6370348769005609,0.00046012401290789927,0.00046012401290789927,0.00046012401290789927,0.00841000767408,0.00841000767408,0.00841000767408,-0.0004097967588709677,-0.0004097967588709677,-0.0004097967588709677,-0.0004097967588709682,-0.0004097967588709682,-0.0004097967588709682,0.001975668159828369,0.001975668159828369,0.001975668159828369,0.008969662172598996,0.008969662172598996,0.008969662172598996,0.0020145850520746386,0.0020145850520746386,0.0020145850520746386,0.018057060704299112,0.018057060704299112,0.018057060704299112,-0.013277836737288084,-0.013277836737288084,-0.013277836737288084,0.0005596544985189955,0.0005596544985189955,0.0005596544985189955,0.0,0.0,0.0,0.6427488645385221
2025-04-30 23:00:00,0.6375050271098698,0.6357270018013927,0.6458210412998523,0.6375050271098698,0.6375050271098698,0.0006444889700428898,0.0006444889700428898,0.0006444889700428898,0.004262658740579002,0.004262658740579002,0.004262658740579002,-0.0004097967588709677,-0.0004097967588709677,-0.0004097967588709677,-0.0004097967588709682,-0.0004097967588709682,-0.0004097967588709682,0.0014866511646887783,0.0014866511646887783,0.0014866511646887783,0.0058599452242782835,0.0058599452242782835,0.0058599452242782835,-0.0019798508270388693,-0.0019798508270388693,-0.0019798508270388693,0.01820879968791622,0.01820879968791622,0.01820879968791622,-0.013277836737288084,-0.013277836737288084,-0.013277836737288084,0.0015972864836992836,0.0015972864836992836,0.0015972864836992836,0.0,0.0,0.0,0.6412407716489357
2025-05-01 23:00:00,0.6379751773191785,0.6391791827599458,0.6486202373660334,0.6379751773191785,0.6379751773191785,0.0001279098394863185,0.0001279098394863185,0.0001279098394863185,0.007559797576817331,0.007559797576817331,0.007559797576817331,-0.0004097967588709677,-0.0004097967588709677,-0.0004097967588709677,-0.0004097967588709682,-0.0004097967588709682,-0.0004097967588709682,0.002950900880601365,0.002950900880601365,0.002950900880601365,0.008897575045233422,0.008897575045233422,0.008897575045233422,1.7367112517884815e-05,1.7367112517884815e-05,1.7367112517884815e-05,0.01801803747264572,0.01801803747264572,0.01801803747264572,-0.012734824210692022,-0.012734824210692022,-0.012734824210692022,0.001337777468416092,0.001337777468416092,0.001337777468416092,0.0,0.0,0.0,0.643651609336372
2025-05-04 23:00:00,0.639385627947105,0.6370297111692855,0.6452134168508541,0.639385627947105,0.639385627947105,-0.0010328329305804003,-0.0010328329305804003,-0.0010328329305804003,0.003275064528911605,0.003275064528911605,0.003275064528911605,-0.0004097967588709677,-0.0004097967588709677,-0.0004097967588709677,-0.0004097967588709682,-0.0004097967588709682,-0.0004097967588709682,0.0013330175699753405,0.0013330175699753405,0.0013330175699753405,0.0035222068694419194,0.0035222068694419194,0.0035222068694419194,-0.0019798508270388693,-0.0019798508270388693,-0.0019798508270388693,0.017966135918393425,0.017966135918393425,0.017966135918393425,-0.012191811684095956,-0.012191811684095956,-0.012191811684095956,0.00024714234053031456,0.00024714234053031456,0.00024714234053031456,0.0,0.0,0.0,0.6416376763980827
2025-05-05 23:00:00,0.6398557781564137,0.6410421853320722,0.6511428024148237,0.6398557781564137,0.6398557781564137,-0.0002863544588362504,-0.0002863544588362504,-0.0002863544588362504,0.009152923652171815,0.009152923652171815,0.009152923652171815,-0.0004097967588709677,-0.0004097967588709677,-0.0004097967588709677,-0.0004097967588709682,-0.0004097967588709682,-0.0004097967588709682,0.003146396162143546,0.003146396162143546,0.003146396162143546,0.010079098235692812,0.010079098235692812,0.010079098235692812,0.0020145850520746386,0.0020145850520746386,0.0020145850520746386,0.01810422088852187,0.01810422088852187,0.01810422088852187,-0.013006330473990054,-0.013006330473990054,-0.013006330473990054,0.0009261745835209976,0.0009261745835209976,0.0009261745835209976,0.0,0.0,0.0,0.6463049474011279
2025-05-06 23:00:00,0.6403259283769552,0.6415445784240635,0.6512075344311613,0.6403259283769552,0.6403259283769552,0.00046012401290789927,0.00046012401290789927,0.00046012401290789927,0.008884051885350614,0.008884051885350614,0.008884051885350614,-0.0004097967588709677,-0.0004097967588709677,-0.0004097967588709677,-0.0004097967588709682,-0.0004097967588709682,-0.0004097967588709682,0.002191209234910438,0.002191209234910438,0.002191209234910438,0.00944370638386648,0.00944370638386648,0.00944370638386648,1.7367112517884815e-05,1.7367112517884815e-05,1.7367112517884815e-05,0.01786922541036213,0.01786922541036213,0.01786922541036213,-0.010834280367605802,-0.010834280367605802,-0.010834280367605802,0.0005596544985158665,0.0005596544985158665,0.0005596544985158665,0.0,0.0,0.0,0.6463729784345239
2025-05-07 23:00:00,0.6407960785974968,0.6417276123967909,0.6509277857385724,0.6407960785974968,0.6407960785974968,0.0006444889700428898,0.0006444889700428898,0.0006444889700428898,0.007542956245308275,0.007542956245308275,0.007542956245308275,-0.0004097967588709677,-0.0004097967588709677,-0.0004097967588709677,-0.0004097967588709682,-0.0004097967588709682,-0.0004097967588709682,0.010473781542568778,0.010473781542568778,0.010473781542568778,0.009140242729002776,0.009140242729002776,0.009140242729002776,0.0020145850520746386,0.0020145850520746386,0.0020145850520746386,0.0030774056696913606,0.0030774056696913606,0.0030774056696913606,-0.007847711471327455,-0.007847711471327455,-0.007847711471327455,0.0015972864836945007,0.0015972864836945007,0.0015972864836945007,0.0,0.0,0.0,0.6466531102956711
2025-05-08 23:00:00,0.6412662288180383,0.6389133086099572,0.6489443986271409,0.6412662288180383,0.6412662288180383,0.0001279098394863185,0.0001279098394863185,0.0001279098394863185,0.0026761902016278504,0.0026761902016278504,0.0026761902016278504,-0.0004097967588709677,-0.0004097967588709677,-0.0004097967588709677,-0.0004097967588709682,-0.0004097967588709682,-0.0004097967588709682,0.008723388772715146,0.008723388772715146,0.008723388772715146,0.004013967670048659,0.004013967670048659,0.004013967670048659,-0.0019798508270388693,-0.0019798508270388693,-0.0019798508270388693,0.004472047405534647,0.004472047405534647,0.004472047405534647,-0.007847711471327455,-0.007847711471327455,-0.007847711471327455,0.001337777468420808,0.001337777468420808,0.001337777468420808,0.0,0.0,0.0,0.6438402507284079
2025-05-11 23:00:00,0.642676679479663,0.6383946982990173,0.6483632967494769,0.642676679479663,0.642676679479663,-0.0010328329305804003,-0.0010328329305804003,-0.0010328329305804003,0.0017915469248550254,0.0017915469248550254,0.0017915469248550254,-0.0004097967588709677,-0.0004097967588709677,-0.0004097967588709677,-0.0004097967588709682,-0.0004097967588709682,-0.0004097967588709682,0.008792041864917216,0.008792041864917216,0.008792041864917216,0.002038689265392896,0.002038689265392896,0.002038689265392896,-0.0019798508270388693,-0.0019798508270388693,-0.0019798508270388693,0.004407987543328437,0.004407987543328437,0.004407987543328437,-0.007576205208029423,-0.007576205208029423,-0.007576205208029423,0.00024714234053786993,0.00024714234053786993,0.00024714234053786993,0.0,0.0,0.0,0.6439868975272366
2025-05-12 23:00:00,0.6431468297358325,0.6369778486786908,0.64599065314513,0.6431468297358325,0.6431468297358325,-0.0002863544588362504,-0.0002863544588362504,-0.0002863544588362504,-0.0035913586756978616,-0.0035913586756978616,-0.0035913586756978616,-0.0004097967588709677,-0.0004097967588709677,-0.0004097967588709677,-0.0004097967588709682,-0.0004097967588709682,-0.0004097967588709682,0.005276619098079433,0.005276619098079433,0.005276619098079433,-0.0026651840921835925,-0.0026651840921835925,-0.0026651840921835925,1.7367112517884815e-05,1.7367112517884815e-05,1.7367112517884815e-05,-0.0007462042282836344,-0.0007462042282836344,-0.0007462042282836344,-0.007033192681433359,-0.007033192681433359,-0.007033192681433359,0.0009261745835142691,0.0009261745835142691,0.0009261745835142691,0.0,0.0,0.0,0.6414327250362822
2025-05-13 23:00:00,0.643616979992002,0.634349902157457,0.6435290110349448,0.643616979992002,0.643616979992002,0.00046012401290789927,0.00046012401290789927,0.00046012401290789927,-0.0077545645407652,-0.0077545645407652,-0.0077545645407652,-0.0004097967588709677,-0.0004097967588709677,-0.0004097967588709677,-0.0004097967588709682,-0.0004097967588709682,-0.0004097967588709682,0.002205412127248689,0.002205412127248689,0.002205412127248689,-0.007194910042252464,-0.007194910042252464,-0.007194910042252464,-0.0019798508270388693,-0.0019798508270388693,-0.0019798508270388693,-0.0014019824446017196,-0.0014019824446017196,-0.0014019824446017196,-0.006218673891539264,-0.006218673891539264,-0.006218673891539264,0.0005596544985127369,0.0005596544985127369,0.0005596544985127369,0.0,0.0,0.0,0.6389862137192933
2025-05-14 23:00:00,0.6440871302481714,0.6374172747849194,0.6478459630795785,0.6440871302481714,0.6440871302481714,0.0006444889700428898,0.0006444889700428898,0.0006444889700428898,-0.003214248703860752,-0.003214248703860752,-0.003214248703860752,-0.0004097967588709677,-0.0004097967588709677,-0.0004097967588709677,-0.0004097967588709682,-0.0004097967588709682,-0.0004097967588709682,0.002660754769722021,0.002660754769722021,0.002660754769722021,-0.0016169622201719887,-0.0016169622201719887,-0.0016169622201719887,0.0020145850520746386,0.0020145850520746386,0.0020145850520746386,-0.000681291296525006,-0.000681291296525006,-0.000681291296525006,-0.007033192681433359,-0.007033192681433359,-0.007033192681433359,0.001597286483688764,0.001597286483688764,0.001597286483688764,0.0,0.0,0.0,0.6430456656920612
2025-05-15 23:00:00,0.644557248449212,0.6349779573287319,0.6442565391966647,0.644557248449212,0.644557248449212,0.0001279098394863185,0.0001279098394863185,0.0001279098394863185,-0.008585399751955354,-0.008585399751955354,-0.008585399751955354,-0.0004097967588709677,-0.0004097967588709677,-0.0004097967588709677,-0.0004097967588709682,-0.0004097967588709682,-0.0004097967588709682,0.0013213579302199063,0.0013213579302199063,0.0013213579302199063,-0.007247622283543489,-0.007247622283543489,-0.007247622283543489,-0.0019798508270388693,-0.0019798508270388693,-0.0019798508270388693,-0.00020203049544741363,-0.00020203049544741363,-0.00020203049544741363,-0.007033192681433359,-0.007033192681433359,-0.007033192681433359,0.0013377774684118636,0.0013377774684118636,0.0013377774684118636,0.0,0.0,0.0,0.6398857409723321
2025-05-18 23:00:00,0.6459676030523339,0.6360772605942345,0.6450408041729001,0.6459676030523339,0.6459676030523339,-0.0010328329305804003,-0.0010328329305804003,-0.0010328329305804003,-0.00852298258936846,-0.00852298258936846,-0.00852298258936846,-0.0004097967588709677,-0.0004097967588709677,-0.0004097967588709677,-0.0004097967588709682,-0.0004097967588709682,-0.0004097967588709682,0.0004358944805390181,0.0004358944805390181,0.0004358944805390181,-0.008275840248845732,-0.008275840248845732,-0.008275840248845732,1.7367112517884815e-05,1.7367112517884815e-05,1.7367112517884815e-05,-9.062505266966857e-05,-9.062505266966857e-05,-9.062505266966857e-05,-0.007033192681433359,-0.007033192681433359,-0.007033192681433359,0.0002471423405227286,0.0002471423405227286,0.0002471423405227286,0.0,0.0,0.0,0.640621678363543
2025-05-19 23:00:00,0.6464377212533746,0.6374018287442003,0.6462980188057695,0.6464377212533746,0.6464377212533746,-0.0002863544588362504,-0.0002863544588362504,-0.0002863544588362504,-0.008113791589605922,-0.008113791589605922,-0.008113791589605922,-0.0004097967588709677,-0.0004097967588709677,-0.0004097967588709677,-0.0004097967588709682,-0.0004097967588709682,-0.0004097967588709682,-0.00023638911403042065,-0.00023638911403042065,-0.00023638911403042065,-0.00718761700609838,-0.00718761700609838,-0.00718761700609838,1.7367112517884815e-05,1.7367112517884815e-05,1.7367112517884815e-05,-0.0002986414566779025,-0.0002986414566779025,-0.0002986414566779025,-0.006490180154837296,-0.006490180154837296,-0.006490180154837296,0.0009261745835075403,0.0009261745835075403,0.0009261745835075403,0.0,0.0,0.0,0.6417913744947104
2025-05-20 23:00:00,0.6469078394544152,0.6386486431464651,0.6492552111465475,0.6469078394544152,0.6469078394544152,0.00046012401290789927,0.00046012401290789927,0.00046012401290789927,-0.005234843122403732,-0.005234843122403732,-0.005234843122403732,-0.0004097967588709677,-0.0004097967588709677,-0.0004097967588709677,-0.0004097967588709682,-0.0004097967588709682,-0.0004097967588709682,-0.0003106767785300121,-0.0003106767785300121,-0.0003106767785300121,-0.004675188623883986,-0.004675188623883986,-0.004675188623883986,0.0020145850520746386,0.0020145850520746386,0.0020145850520746386,-0.0003606079995750571,-0.0003606079995750571,-0.0003606079995750571,-0.006218673891539264,-0.006218673891539264,-0.006218673891539264,0.0005596544985197466,0.0005596544985197466,0.0005596544985197466,0.0,0.0,0.0,0.6438834232826965
2025-05-21 23:00:00,0.647344223252154,0.6373975830885584,0.6471052420121828,0.647344223252154,0.647344223252154,0.0006444889700428898,0.0006444889700428898,0.0006444889700428898,-0.00868239693021262,-0.00868239693021262,-0.00868239693021262,-0.0004097967588709677,-0.0004097967588709677,-0.0004097967588709677,-0.0004097967588709682,-0.0004097967588709682,-0.0004097967588709682,3.527317307937696e-05,3.527317307937696e-05,3.527317307937696e-05,-0.007085110446520175,-0.007085110446520175,-0.007085110446520175,-0.0019798508270388693,-0.0019798508270388693,-0.0019798508270388693,-0.0006155471003128487,-0.0006155471003128487,-0.0006155471003128487,-0.005947167628241233,-0.005947167628241233,-0.005947167628241233,0.0015972864836924444,0.0015972864836924444,0.0015972864836924444,0.0,0.0,0.0,0.6427577179334957
2025-05-22 23:00:00,0.6477806070498929,0.6399683898866221,0.6499034047187764,0.6477806070498929,0.6477806070498929,0.0001279098394863185,0.0001279098394863185,0.0001279098394863185,-0.006578668927467424,-0.006578668927467424,-0.006578668927467424,-0.0004097967588709677,-0.0004097967588709677,-0.0004097967588709677,-0.0004097967588709682,-0.0004097967588709682,-0.0004097967588709682,0.0004232942337489264,0.0004232942337489264,0.0004232942337489264,-0.005240891459050844,-0.005240891459050844,-0.005240891459050844,1.7367112517884815e-05,1.7367112517884815e-05,1.7367112517884815e-05,-0.0006519852305354175,-0.0006519852305354175,-0.0006519852305354175,-0.005675661364943201,-0.005675661364943201,-0.005675661364943201,0.0013377774684165808,0.0013377774684165808,0.0013377774684165808,0.0,0.0,0.0,0.6443856591990664
2025-05-25 23:00:00,0.6490897584431093,0.6385944668759604,0.6486721886215233,0.6490897584431093,0.6490897584431093,-0.0010328329305804003,-0.0010328329305804003,-0.0010328329305804003,-0.008390275387410818,-0.008390275387410818,-0.008390275387410818,-0.0004097967588709677,-0.0004097967588709677,-0.0004097967588709677,-0.0004097967588709682,-0.0004097967588709682,-0.0004097967588709682,-0.0009023896703466431,-0.0009023896703466431,-0.0009023896703466431,-0.008143133046880533,-0.008143133046880533,-0.008143133046880533,1.7367112517884815e-05,1.7367112517884815e-05,1.7367112517884815e-05,-0.0007916838062106169,-0.0007916838062106169,-0.0007916838062106169,-0.004861142575049106,-0.004861142575049106,-0.004861142575049106,0.000247142340530284,0.000247142340530284,0.000247142340530284,0.0,0.0,0.0,0.6438041341807396
2025-05-26 23:00:00,0.6495261422408483,0.6430981201850186,0.6510706960803468,0.6495261422408483,0.6495261422408483,-0.0002863544588362504,-0.0002863544588362504,-0.0002863544588362504,-0.004031819964427545,-0.004031819964427545,-0.004031819964427545,-0.0004097967588709677,-0.0004097967588709677,-0.0004097967588709677,-0.0004097967588709682,-0.0004097967588709682,-0.0004097967588709682,0.001479825823693787,0.001479825823693787,0.001479825823693787,-0.0031056453809096274,-0.0031056453809096274,-0.0031056453809096274,0.0020145850520746386,0.0020145850520746386,0.0020145850520746386,0.0006129098178155755,0.0006129098178155755,0.0006129098178155755,-0.007033192681433359,-0.007033192681433359,-0.007033192681433359,0.0009261745835179177,0.0009261745835179177,0.0009261745835179177,0.0,0.0,0.0,0.6475089443774179
2025-05-27 23:00:00,0.6497765083558474,0.6414370273843151,0.6507765107173772,0.6497765083558474,0.6497765083558474,0.00046012401290789927,0.00046012401290789927,0.00046012401290789927,-0.006600708954400569,-0.006600708954400569,-0.006600708954400569,-0.0004097967588709677,-0.0004097967588709677,-0.0004097967588709677,-0.0004097967588709682,-0.0004097967588709682,-0.0004097967588709682,8.659248107886983e-05,8.659248107886983e-05,8.659248107886983e-05,-0.006041054455894092,-0.006041054455894092,-0.006041054455894092,1.7367112517884815e-05,1.7367112517884815e-05,1.7367112517884815e-05,0.00041648737497204045,0.00041648737497204045,0.00041648737497204045,-0.006761686418135328,-0.006761686418135328,-0.006761686418135328,0.0005596544985064776,0.0005596544985064776,0.0005596544985064776,0.0,0.0,0.0,0.6458511730847091
2025-05-28 23:00:00,0.6500268744708465,0.6404595554049319,0.6495243056316038,0.6500268744708465,0.6500268744708465,0.0006444889700428898,0.0006444889700428898,0.0006444889700428898,-0.008090925300324455,-0.008090925300324455,-0.008090925300324455,-0.0004097967588709677,-0.0004097967588709677,-0.0004097967588709677,-0.0004097967588709682,-0.0004097967588709682,-0.0004097967588709682,0.0002637772313475892,0.0002637772313475892,0.0002637772313475892,-0.006493638816628331,-0.006493638816628331,-0.006493638816628331,-0.0019798508270388693,-0.0019798508270388693,-0.0019798508270388693,0.0002904329979031659,0.0002904329979031659,0.0002904329979031659,-0.006490180154837296,-0.006490180154837296,-0.006490180154837296,0.0015972864836961249,0.0015972864836961249,0.0015972864836961249,0.0,0.0,0.0,0.645805834726931
2025-05-29 23:00:00,0.6502772405858457,0.6421924842341722,0.6510532349874145,0.6502772405858457,0.6502772405858457,0.0001279098394863185,0.0001279098394863185,0.0001279098394863185,-0.007376595699753313,-0.007376595699753313,-0.007376595699753313,-0.0004097967588709677,-0.0004097967588709677,-0.0004097967588709677,-0.0004097967588709682,-0.0004097967588709682,-0.0004097967588709682,-0.0007691910626876585,-0.0007691910626876585,-0.0007691910626876585,-0.006038818231335769,-0.006038818231335769,-0.006038818231335769,1.7367112517884815e-05,1.7367112517884815e-05,1.7367112517884815e-05,0.00028558582021134165,0.00028558582021134165,0.00028558582021134165,-0.006218673891539264,-0.006218673891539264,-0.006218673891539264,0.001337777468417545,0.001337777468417545,0.001337777468417545,0.0,0.0,0.0,0.6463503345299731
2025-06-01 23:00:00,0.6510283385069972,0.6410962241189394,0.6503785207815309,0.6510283385069972,0.6510283385069972,-0.0010328329305804003,-0.0010328329305804003,-0.0010328329305804003,-0.007339140463004422,-0.007339140463004422,-0.007339140463004422,-0.0004097967588709677,-0.0004097967588709677,-0.0004097967588709677,-0.0004097967588709682,-0.0004097967588709682,-0.0004097967588709682,0.0002416270557350943,0.0002416270557350943,0.0002416270557350943,-0.007091998122472395,-0.007091998122472395,-0.007091998122472395,1.7367112517884815e-05,1.7367112517884815e-05,1.7367112517884815e-05,0.00020145944530616778,0.00020145944530616778,0.00020145944530616778,-0.005947167628241233,-0.005947167628241233,-0.005947167628241233,0.0002471423405320265,0.0002471423405320265,0.0002471423405320265,0.0,0.0,0.0,0.6464112467526292
2025-06-02 23:00:00,0.6512787044807143,0.6419009316385854,0.6519574316335011,0.6512787044807143,0.6512787044807143,-0.0002863544588362504,-0.0002863544588362504,-0.0002863544588362504,-0.00719835061352187,-0.00719835061352187,-0.00719835061352187,-0.0004097967588709677,-0.0004097967588709677,-0.0004097967588709677,-0.0004097967588709682,-0.0004097967588709682,-0.0004097967588709682,-0.0010860496617283058,-0.0010860496617283058,-0.0010860496617283058,-0.006272176030010681,-0.006272176030010681,-0.006272176030010681,1.7367112517884815e-05,1.7367112517884815e-05,1.7367112517884815e-05,-0.00043408377598218615,-0.00043408377598218615,-0.00043408377598218615,-0.004589636311751077,-0.004589636311751077,-0.004589636311751077,0.0009261745835111887,0.0009261745835111887,0.0009261745835111887,0.0,0.0,0.0,0.6471937698016139
2025-06-03 23:00:00,0.6515290704544315,0.6449546697068045,0.6543712640191001,0.6515290704544315,0.6515290704544315,0.00046012401290789927,0.00046012401290789927,0.00046012401290789927,-0.004176116694635641,-0.004176116694635641,-0.004176116694635641,-0.0004097967588709677,-0.0004097967588709677,-0.0004097967588709677,-0.0004097967588709682,-0.0004097967588709682,-0.0004097967588709682,-0.00024426090514800434,-0.00024426090514800434,-0.00024426090514800434,-0.0036164621961176295,-0.0036164621961176295,-0.0036164621961176295,0.0020145850520746386,0.0020145850520746386,0.0020145850520746386,8.869002821496261e-05,8.869002821496261e-05,8.869002821496261e-05,-0.005675661364943201,-0.005675661364943201,-0.005675661364943201,0.0005596544985180113,0.0005596544985180113,0.0005596544985180113,0.0,0.0,0.0,0.6491728402014614
2025-06-04 23:00:00,0.6517794364281486,0.642199052131808,0.6517141719865647,0.6517794364281486,0.6517794364281486,0.0006444889700428898,0.0006444889700428898,0.0006444889700428898,-0.0092845645257168,-0.0092845645257168,-0.0092845645257168,-0.0004097967588709677,-0.0004097967588709677,-0.0004097967588709677,-0.0004097967588709682,-0.0004097967588709682,-0.0004097967588709682,-0.001894930900968497,-0.001894930900968497,-0.001894930900968497,-0.0076872780420169946,-0.0076872780420169946,-0.0076872780420169946,-0.0019798508270388693,-0.0019798508270388693,-0.0019798508270388693,-0.00010202941166324975,-0.00010202941166324975,-0.00010202941166324975,-0.0051326488383471374,-0.0051326488383471374,-0.0051326488383471374,0.0015972864836998055,0.0015972864836998055,0.0015972864836998055,0.0,0.0,0.0,0.6467690266782563
2025-06-05 23:00:00,0.6513643598666626,0.6455862169349984,0.6550891242952889,0.6513643598666626,0.6513643598666626,0.0001279098394863185,0.0001279098394863185,0.0001279098394863185,-0.003944110246915942,-0.003944110246915942,-0.003944110246915942,-0.0004097967588709677,-0.0004097967588709677,-0.0004097967588709677,-0.0004097967588709682,-0.0004097967588709682,-0.0004097967588709682,0.00015145217154772215,0.00015145217154772215,0.00015145217154772215,-0.002606332778493682,-0.002606332778493682,-0.002606332778493682,1.7367112517884815e-05,1.7367112517884815e-05,1.7367112517884815e-05,-0.00100365964735911,-0.00100365964735911,-0.00100365964735911,-0.0024175862053668223,-0.0024175862053668223,-0.0024175862053668223,0.0013377774684222611,0.0013377774684222611,0.0013377774684222611,0.0,0.0,0.0,0.6496666875847996
2025-06-08 23:00:00,0.6501191301822048,0.6430630437451089,0.6517861568924933,0.6501191301822048,0.6501191301822048,-0.0010328329305804003,-0.0010328329305804003,-0.0010328329305804003,-0.003639817267834652,-0.003639817267834652,-0.003639817267834652,-0.0004097967588709677,-0.0004097967588709677,-0.0004097967588709677,-0.0004097967588709682,-0.0004097967588709682,-0.0004097967588709682,0.0014758689323844357,0.0014758689323844357,0.0014758689323844357,-0.0033926749273008837,-0.0033926749273008837,-0.0033926749273008837,1.7367112517884815e-05,1.7367112517884815e-05,1.7367112517884815e-05,-0.0014060531856438779,-0.0014060531856438779,-0.0014060531856438779,-0.001874573678770759,-0.001874573678770759,-0.001874573678770759,0.0002471423405337688,0.0002471423405337688,0.0002471423405337688,0.0,0.0,0.0,0.647913487309477
2025-06-09 23:00:00,0.6497040536207186,0.6430792561445575,0.652744544546704,0.6497040536207186,0.6497040536207186,-0.0002863544588362504,-0.0002863544588362504,-0.0002863544588362504,-0.0035168121944436402,-0.0035168121944436402,-0.0035168121944436402,-0.0004097967588709677,-0.0004097967588709677,-0.0004097967588709677,-0.0004097967588709682,-0.0004097967588709682,-0.0004097967588709682,0.0006477923636715115,0.0006477923636715115,0.0006477923636715115,-0.002590637610921474,-0.002590637610921474,-0.002590637610921474,1.7367112517884815e-05,1.7367112517884815e-05,1.7367112517884815e-05,-0.0014729562785821223,-0.0014729562785821223,-0.0014729562785821223,-0.0016030674154727275,-0.0016030674154727275,-0.0016030674154727275,0.000926174583522166,0.000926174583522166,0.000926174583522166,0.0,0.0,0.0,0.6480209058634406
2025-06-10 23:00:00,0.6492889763313541,0.6437525999305437,0.6530477278220714,0.6492889763313541,0.6492889763313541,0.00046012401290789927,0.00046012401290789927,0.00046012401290789927,-0.0003273312239348012,-0.0003273312239348012,-0.0003273312239348012,-0.0004097967588709677,-0.0004097967588709677,-0.0004097967588709677,-0.0004097967588709682,-0.0004097967588709682,-0.0004097967588709682,0.002081274260512797,0.002081274260512797,0.002081274260512797,0.00023232327458008061,0.00023232327458008061,0.00023232327458008061,1.7367112517884815e-05,1.7367112517884815e-05,1.7367112517884815e-05,-0.0020924732564469063,-0.0020924732564469063,-0.0020924732564469063,2.5970164315460236e-05,2.5970164315460236e-05,2.5970164315460236e-05,0.0005596544985148819,0.0005596544985148819,0.0005596544985148819,0.0,0.0,0.0,0.6494398212724841
2025-06-11 23:00:00,0.6488738990419894,0.6482395038137664,0.6572660313969321,0.6488738990419894,0.6488738990419894,0.0006444889700428898,0.0006444889700428898,0.0006444889700428898,0.005411663880991252,0.005411663880991252,0.005411663880991252,-0.0004097967588709677,-0.0004097967588709677,-0.0004097967588709677,-0.0004097967588709682,-0.0004097967588709682,-0.0004097967588709682,9.313353189372875e-05,9.313353189372875e-05,9.313353189372875e-05,0.007008950364685321,0.007008950364685321,0.007008950364685321,1.7367112517884815e-05,1.7367112517884815e-05,1.7367112517884815e-05,-0.004323927858765912,-0.004323927858765912,-0.004323927858765912,0.009800195643044596,0.009800195643044596,0.009800195643044596,0.0015972864836940688,0.0015972864836940688,0.0015972864836940688,0.0,0.0,0.0,0.6534218239933146
2025-06-12 23:00:00,0.6484588217526248,0.6492834831692281,0.6573159503921384,0.6484588217526248,0.6484588217526248,0.0001279098394863185,0.0001279098394863185,0.0001279098394863185,0.005795085243059128,0.005795085243059128,0.005795085243059128,-0.0004097967588709677,-0.0004097967588709677,-0.0004097967588709677,-0.0004097967588709682,-0.0004097967588709682,-0.0004097967588709682,0.0006522190073276069,0.0006522190073276069,0.0006522190073276069,0.0071328627114724446,0.0071328627114724446,0.0071328627114724446,1.7367112517884815e-05,1.7367112517884815e-05,1.7367112517884815e-05,-0.004797531631469437,-0.004797531631469437,-0.004797531631469437,0.010614714432938691,0.010614714432938691,0.010614714432938691,0.0013377774684133173,0.0013377774684133173,0.0013377774684133173,0.0,0.0,0.0,0.6530841895022295
2025-06-15 23:00:00,0.6472135898845311,0.646794682189781,0.6551018699402247,0.6472135898845311,0.6472135898845311,-0.0010328329305804003,-0.0010328329305804003,-0.0010328329305804003,0.006434739757969243,0.006434739757969243,0.006434739757969243,-0.0004097967588709677,-0.0004097967588709677,-0.0004097967588709677,-0.0004097967588709682,-0.0004097967588709682,-0.0004097967588709682,0.0015371385721191847,0.0015371385721191847,0.0015371385721191847,0.006681882098504755,0.006681882098504755,0.006681882098504755,1.7367112517884815e-05,1.7367112517884815e-05,1.7367112517884815e-05,-0.004968078964476305,-0.004968078964476305,-0.004968078964476305,0.011700739486130814,0.011700739486130814,0.011700739486130814,0.00024714234053551136,0.00024714234053551136,0.00024714234053551136,0.0,0.0,0.0,0.6515381947846897
2025-06-16 23:00:00,0.6467985128235467,0.6465040225464186,0.655996932778953,0.6467985128235467,0.6467985128235467,-0.0002863544588362504,-0.0002863544588362504,-0.0002863544588362504,0.005438601701361081,0.005438601701361081,0.005438601701361081,-0.0004097967588709677,-0.0004097967588709677,-0.0004097967588709677,-0.0004097967588709682,-0.0004097967588709682,-0.0004097967588709682,0.0008553326329541814,0.0008553326329541814,0.0008553326329541814,0.006364776284876518,0.006364776284876518,0.006364776284876518,1.7367112517884815e-05,1.7367112517884815e-05,1.7367112517884815e-05,-0.0046713582371734575,-0.0046713582371734575,-0.0046713582371734575,0.010343208169640659,0.010343208169640659,0.010343208169640659,0.0009261745835154372,0.0009261745835154372,0.0009261745835154372,0.0,0.0,0.0,0.6509152406590594
2025-06-17 23:00:00,0.6463834357625624,0.6477840154953403,0.6568482067522216,0.6463834357625624,0.6463834357625624,0.00046012401290789927,0.00046012401290789927,0.00046012401290789927,0.006855072717055042,0.006855072717055042,0.006855072717055042,-0.0004097967588709677,-0.0004097967588709677,-0.0004097967588709677,-0.0004097967588709682,-0.0004097967588709682,-0.0004097967588709682,0.0001037120146989055,0.0001037120146989055,0.0001037120146989055,0.007414727215576934,0.007414727215576934,0.007414727215576934,1.7367112517884815e-05,1.7367112517884815e-05,1.7367112517884815e-05,-0.00515028891805459,-0.00515028891805459,-0.00515028891805459,0.012243752012726879,0.012243752012726879,0.012243752012726879,0.0005596544985218919,0.0005596544985218919,0.0005596544985218919,0.0,0.0,0.0,0.6511761926154092
2025-06-18 23:00:00,0.6459683587015779,0.6455827529175048,0.655906106202632,0.6459683587015779,0.6459683587015779,0.0006444889700428898,0.0006444889700428898,0.0006444889700428898,0.0050390931387516835,0.0050390931387516835,0.0050390931387516835,-0.0004097967588709677,-0.0004097967588709677,-0.0004097967588709677,-0.0004097967588709682,-0.0004097967588709682,-0.0004097967588709682,7.981752376159884e-05,7.981752376159884e-05,7.981752376159884e-05,0.00663637962245885,0.00663637962245885,0.00663637962245885,-0.0019798508270388693,-0.0019798508270388693,-0.0019798508270388693,-0.005129521022998879,-0.005129521022998879,-0.005129521022998879,0.012243752012726879,0.012243752012726879,0.012243752012726879,0.0015972864837071666,0.0015972864837071666,0.0015972864837071666,0.0,0.0,0.0,0.6502552499540183
2025-06-19 23:00:00,0.6455532816405934,0.6460311872357457,0.657597325069125,0.6455532816405934,0.6455532816405934,0.0001279098394863185,0.0001279098394863185,0.0001279098394863185,0.007113260869007261,0.007113260869007261,0.007113260869007261,-0.0004097967588709677,-0.0004097967588709677,-0.0004097967588709677,-0.0004097967588709682,-0.0004097967588709682,-0.0004097967588709682,0.0005146457802065277,0.0005146457802065277,0.0005146457802065277,0.00845103833742154,0.00845103833742154,0.00845103833742154,1.7367112517884815e-05,1.7367112517884815e-05,1.7367112517884815e-05,-0.004970820358188413,-0.004970820358188413,-0.004970820358188413,0.012243752012726879,0.012243752012726879,0.012243752012726879,0.0013377774684142812,0.0013377774684142812,0.0013377774684142812,0.0,0.0,0.0,0.6510088771725864
2025-06-22 23:00:00,0.6470200320594565,0.6449782828200025,0.6552213085706822,0.6470200320594565,0.6470200320594565,-0.0010328329305804003,-0.0010328329305804003,-0.0010328329305804003,0.00626143684812183,0.00626143684812183,0.00626143684812183,-0.0004097967588709677,-0.0004097967588709677,-0.0004097967588709677,-0.0004097967588709682,-0.0004097967588709682,-0.0004097967588709682,0.0006193378040421079,0.0006193378040421079,0.0006193378040421079,0.006508579188664895,0.006508579188664895,0.006508579188664895,1.7367112517884815e-05,1.7367112517884815e-05,1.7367112517884815e-05,-0.005038099896140737,-0.005038099896140737,-0.005038099896140737,0.01251525827602491,0.01251525827602491,0.01251525827602491,0.0002471423405430665,0.0002471423405430665,0.0002471423405430665,0.0,0.0,0.0,0.651231213174768
2025-06-23 23:00:00,0.6475089488657441,0.6435553720814635,0.6531017992272063,0.6475089488657441,0.6475089488657441,-0.0002863544588362504,-0.0002863544588362504,-0.0002863544588362504,0.0012475098626929827,0.0012475098626929827,0.0012475098626929827,-0.0004097967588709677,-0.0004097967588709677,-0.0004097967588709677,-0.0004097967588709682,-0.0004097967588709682,-0.0004097967588709682,-0.002238639568214694,-0.002238639568214694,-0.002238639568214694,0.0021736844462105455,0.0021736844462105455,0.0021736844462105455,-0.0019798508270388693,-0.0019798508270388693,-0.0019798508270388693,-0.007029335094692303,-0.007029335094692303,-0.007029335094692303,0.013601283329217036,0.013601283329217036,0.013601283329217036,0.0009261745835175614,0.0009261745835175614,0.0009261745835175614,0.0,0.0,0.0,0.6489164289966757
2025-06-24 23:00:00,0.6479978656720317,0.6462122434303542,0.6573637334081949,0.6479978656720317,0.6479978656720317,0.00046012401290789927,0.00046012401290789927,0.00046012401290789927,0.005049156349332869,0.005049156349332869,0.005049156349332869,-0.0004097967588709677,-0.0004097967588709677,-0.0004097967588709677,-0.0004097967588709682,-0.0004097967588709682,-0.0004097967588709682,-0.0011463247410686663,-0.0011463247410686663,-0.0011463247410686663,0.005608810847861769,0.005608810847861769,0.005608810847861769,1.7367112517884815e-05,1.7367112517884815e-05,1.7367112517884815e-05,-0.006792193583201318,-0.006792193583201318,-0.006792193583201318,0.013329777065919006,0.013329777065919006,0.013329777065919006,0.0005596544985289012,0.0005596544985289012,0.0005596544985289012,0.0,0.0,0.0,0.6516323631304043
2025-06-25 23:00:00,0.6484868832718944,0.6497876165804758,0.6585622047419554,0.6484868832718944,0.6484868832718944,0.0006444889700428898,0.0006444889700428898,0.0006444889700428898,0.006299160564622289,0.006299160564622289,0.006299160564622289,-0.0004097967588709677,-0.0004097967588709677,-0.0004097967588709677,-0.0004097967588709682,-0.0004097967588709682,-0.0004097967588709682,-3.879570194129898e-05,-3.879570194129898e-05,-3.879570194129898e-05,0.007896447048315255,0.007896447048315255,0.007896447048315255,1.7367112517884815e-05,1.7367112517884815e-05,1.7367112517884815e-05,-0.007105589627472287,-0.007105589627472287,-0.007105589627472287,0.013601283329217036,0.013601283329217036,0.013601283329217036,0.0015972864836929662,0.0015972864836929662,0.0015972864836929662,0.0,0.0,0.0,0.6536076256071779
2025-06-26 23:00:00,0.6489759008717572,0.6493140882873609,0.6591125480678233,0.6489759008717572,0.6489759008717572,0.0001279098394863185,0.0001279098394863185,0.0001279098394863185,0.006785593911660955,0.006785593911660955,0.006785593911660955,-0.0004097967588709677,-0.0004097967588709677,-0.0004097967588709677,-0.0004097967588709682,-0.0004097967588709682,-0.0004097967588709682,0.0010046664867040791,0.0010046664867040791,0.0010046664867040791,0.008123371380073123,0.008123371380073123,0.008123371380073123,1.7367112517884815e-05,1.7367112517884815e-05,1.7367112517884815e-05,-0.007146039338522427,-0.007146039338522427,-0.007146039338522427,0.013601283329217036,0.013601283329217036,0.013601283329217036,0.0013377774684121676,0.0013377774684121676,0.0013377774684121676,0.0,0.0,0.0,0.6542477731312559
2025-06-29 23:00:00,0.6504429536713453,0.6498422328717083,0.6585368821971033,0.6504429536713453,0.6504429536713453,-0.0010328329305804003,-0.0010328329305804003,-0.0010328329305804003,0.005421136608859558,0.005421136608859558,0.005421136608859558,-0.0004097967588709677,-0.0004097967588709677,-0.0004097967588709677,-0.0004097967588709682,-0.0004097967588709682,-0.0004097967588709682,0.0010485863028869532,0.0010485863028869532,0.0010485863028869532,0.005668278949381669,0.005668278949381669,0.005668278949381669,1.7367112517884815e-05,1.7367112517884815e-05,1.7367112517884815e-05,-0.007122167424141949,-0.007122167424141949,-0.007122167424141949,0.013329777065919006,0.013329777065919006,0.013329777065919006,0.0002471423405221117,0.0002471423405221117,0.0002471423405221117,0.0,0.0,0.0,0.6541298457734142
2025-06-30 23:00:00,0.650931971271208,0.6503081808443941,0.6594157579407388,0.650931971271208,0.650931971271208,-0.0002863544588362504,-0.0002863544588362504,-0.0002863544588362504,0.005495632012595939,0.005495632012595939,0.005495632012595939,-0.0004097967588709677,-0.0004097967588709677,-0.0004097967588709677,-0.0004097967588709682,-0.0004097967588709682,-0.0004097967588709682,0.00083261261610003,0.00083261261610003,0.00083261261610003,0.006421806596115025,0.006421806596115025,0.006421806596115025,1.7367112517884815e-05,1.7367112517884815e-05,1.7367112517884815e-05,-0.00703516427876673,-0.00703516427876673,-0.00703516427876673,0.012786764539322941,0.012786764539322941,0.012786764539322941,0.000926174583519086,0.000926174583519086,0.000926174583519086,0.0,0.0,0.0,0.6551121304979397
2025-07-01 23:00:00,0.6509655586054415,0.652370537607386,0.6616050036162227,0.6509655586054415,0.6509655586054415,0.00046012401290789927,0.00046012401290789927,0.00046012401290789927,0.008475156553755744,0.008475156553755744,0.008475156553755744,-0.0004097967588709677,-0.0004097967588709677,-0.0004097967588709677,-0.0004097967588709682,-0.0004097967588709682,-0.0004097967588709682,0.000598747548097052,0.000598747548097052,0.000598747548097052,0.009034811052271378,0.009034811052271378,0.009034811052271378,0.0020145850520746386,0.0020145850520746386,0.0020145850520746386,-0.007379989870798946,-0.007379989870798946,-0.007379989870798946,0.013601283329217036,0.013601283329217036,0.013601283329217036,0.0005596544985156325,0.0005596544985156325,0.0005596544985156325,0.0,0.0,0.0,0.6568469094289779
2025-07-02 23:00:00,0.6509991459396749,0.6515147282089003,0.6602580815324722,0.6509991459396749,0.6509991459396749,0.0006444889700428898,0.0006444889700428898,0.0006444889700428898,0.006955796819778587,0.006955796819778587,0.006955796819778587,-0.0004097967588709677,-0.0004097967588709677,-0.0004097967588709677,-0.0004097967588709682,-0.0004097967588709682,-0.0004097967588709682,0.0013890940363986118,0.0013890940363986118,0.0013890940363986118,0.008553083303475236,0.008553083303475236,0.008553083303475236,1.7367112517884815e-05,1.7367112517884815e-05,1.7367112517884815e-05,-0.007876843110655899,-0.007876843110655899,-0.007876843110655899,0.013601283329217036,0.013601283329217036,0.013601283329217036,0.0015972864836966468,0.0015972864836966468,0.0015972864836966468,0.0,0.0,0.0,0.6565671958653881
2025-07-03 23:00:00,0.6510327332739083,0.6518511160215702,0.6605029839068476,0.6510327332739083,0.6510327332739083,0.0001279098394863185,0.0001279098394863185,0.0001279098394863185,0.0057809721214297964,0.0057809721214297964,0.0057809721214297964,-0.0004097967588709677,-0.0004097967588709677,-0.0004097967588709677,-0.0004097967588709682,-0.0004097967588709682,-0.0004097967588709682,0.0008607574714404389,0.0008607574714404389,0.0008607574714404389,0.007118749589846682,0.007118749589846682,0.007118749589846682,1.7367112517884815e-05,1.7367112517884815e-05,1.7367112517884815e-05,-0.008006752113489946,-0.008006752113489946,-0.008006752113489946,0.013601283329217036,0.013601283329217036,0.013601283329217036,0.0013377774684168841,0.0013377774684168841,0.0013377774684168841,0.0,0.0,0.0,0.6556672722768787
2025-07-06 23:00:00,0.6511334952766086,0.6491901335146328,0.6583458596123936,0.6511334952766086,0.6511334952766086,-0.0010328329305804003,-0.0010328329305804003,-0.0010328329305804003,0.004021807485121719,0.004021807485121719,0.004021807485121719,-0.0004097967588709677,-0.0004097967588709677,-0.0004097967588709677,-0.0004097967588709682,-0.0004097967588709682,-0.0004097967588709682,0.00032276451131006706,0.00032276451131006706,0.00032276451131006706,0.004268949825651387,0.004268949825651387,0.004268949825651387,1.7367112517884815e-05,1.7367112517884815e-05,1.7367112517884815e-05,-0.008067181019600932,-0.008067181019600932,-0.008067181019600932,0.013601283329217036,0.013601283329217036,0.013601283329217036,0.0002471423405296675,0.0002471423405296675,0.0002471423405296675,0.0,0.0,0.0,0.6539131514977454
2025-07-07 23:00:00,0.651167082610842,0.6500420589313664,0.6583364595722127,0.651167082610842,0.651167082610842,-0.0002863544588362504,-0.0002863544588362504,-0.0002863544588362504,0.003867550962398907,0.003867550962398907,0.003867550962398907,-0.0004097967588709677,-0.0004097967588709677,-0.0004097967588709677,-0.0004097967588709682,-0.0004097967588709682,-0.0004097967588709682,6.0751365596916725e-06,6.0751365596916725e-06,6.0751365596916725e-06,0.004793725545920118,0.004793725545920118,0.004793725545920118,1.7367112517884815e-05,1.7367112517884815e-05,1.7367112517884815e-05,-0.007836707849423424,-0.007836707849423424,-0.007836707849423424,0.012786764539322941,0.012786764539322941,0.012786764539322941,0.0009261745835212099,0.0009261745835212099,0.0009261745835212099,0.0,0.0,0.0,0.6542885988894158
2025-07-08 23:00:00,0.6512006699450754,0.6468396133379786,0.6573005463018772,0.6512006699450754,0.6512006699450754,0.00046012401290789927,0.00046012401290789927,0.00046012401290789927,0.0013918801304539908,0.0013918801304539908,0.0013918801304539908,-0.0004097967588709677,-0.0004097967588709677,-0.0004097967588709677,-0.0004097967588709682,-0.0004097967588709682,-0.0004097967588709682,-0.0013339932148249143,-0.0013339932148249143,-0.0013339932148249143,0.001951534628976632,0.001951534628976632,0.001951534628976632,-0.0019798508270388693,-0.0019798508270388693,-0.0019798508270388693,-0.007178558335575068,-0.007178558335575068,-0.007178558335575068,0.012243752012726879,0.012243752012726879,0.012243752012726879,0.0005596544985226421,0.0005596544985226421,0.0005596544985226421,0.0,0.0,0.0,0.652471510602886
2025-07-09 23:00:00,0.6512342572793088,0.6491434176148893,0.6596101461043071,0.6512342572793088,0.6512342572793088,0.0006444889700428898,0.0006444889700428898,0.0006444889700428898,0.002773838374388465,0.002773838374388465,0.002773838374388465,-0.0004097967588709677,-0.0004097967588709677,-0.0004097967588709677,-0.0004097967588709682,-0.0004097967588709682,-0.0004097967588709682,-0.0011362155979980028,-0.0011362155979980028,-0.0011362155979980028,0.004371124858088793,0.004371124858088793,0.004371124858088793,1.7367112517884815e-05,1.7367112517884815e-05,1.7367112517884815e-05,-0.007089935551967125,-0.007089935551967125,-0.007089935551967125,0.011157726959534753,0.011157726959534753,0.011157726959534753,0.001597286483700327,0.001597286483700327,0.001597286483700327,0.0,0.0,0.0,0.6540808835297415
2025-07-10 23:00:00,0.6512678446135423,0.6513048120355749,0.6605075720134193,0.6512678446135423,0.6512678446135423,0.0001279098394863185,0.0001279098394863185,0.0001279098394863185,0.003611878760898512,0.003611878760898512,0.003611878760898512,-0.0004097967588709677,-0.0004097967588709677,-0.0004097967588709677,-0.0004097967588709682,-0.0004097967588709682,-0.0004097967588709682,-0.0005221095850636908,-0.0005221095850636908,-0.0005221095850636908,0.004949656229313283,0.004949656229313283,0.004949656229313283,1.7367112517884815e-05,1.7367112517884815e-05,1.7367112517884815e-05,-0.007163940837728911,-0.007163940837728911,-0.007163940837728911,0.011972245749428847,0.011972245749428847,0.011972245749428847,0.0013377774684147701,0.0013377774684147701,0.0013377774684147701,0.0,0.0,0.0,0.654491396557585
2025-07-13 23:00:00,0.6513686066162425,0.6488749300726397,0.6595732707946159,0.6513686066162425,0.6513686066162425,-0.0010328329305804003,-0.0010328329305804003,-0.0010328329305804003,0.0040163366343843945,0.0040163366343843945,0.0040163366343843945,-0.0004097967588709677,-0.0004097967588709677,-0.0004097967588709677,-0.0004097967588709682,-0.0004097967588709682,-0.0004097967588709682,0.0003110758377537353,0.0003110758377537353,0.0003110758377537353,0.004263478974909989,0.004263478974909989,0.004263478974909989,0.0020145850520746386,0.0020145850520746386,0.0020145850520746386,-0.006257093450166239,-0.006257093450166239,-0.006257093450166239,0.009800195643044596,0.009800195643044596,0.009800195643044596,0.00024714234052559676,0.00024714234052559676,0.00024714234052559676,0.0,0.0,0.0,0.6541457029754674
2025-07-14 23:00:00,0.6514021939504759,0.6494675200846896,0.657295289934196,0.6514021939504759,0.6514021939504759,-0.0002863544588362504,-0.0002863544588362504,-0.0002863544588362504,0.002831541251012393,0.002831541251012393,0.002831541251012393,-0.0004097967588709677,-0.0004097967588709677,-0.0004097967588709677,-0.0004097967588709682,-0.0004097967588709682,-0.0004097967588709682,0.0005694597573055822,0.0005694597573055822,0.0005694597573055822,0.003757715834526873,0.003757715834526873,0.003757715834526873,1.7367112517884815e-05,1.7367112517884815e-05,1.7367112517884815e-05,-0.006449533285277483,-0.006449533285277483,-0.006449533285277483,0.009800195643044596,0.009800195643044596,0.009800195643044596,0.0009261745835144811,0.0009261745835144811,0.0009261745835144811,0.0,0.0,0.0,0.6538499782893291
2025-07-15 23:00:00,0.6514357812847094,0.6473174110824065,0.6566947815752865,0.6514357812847094,0.6514357812847094,0.00046012401290789927,0.00046012401290789927,0.00046012401290789927,0.0004796547283656429,0.0004796547283656429,0.0004796547283656429,-0.0004097967588709677,-0.0004097967588709677,-0.0004097967588709677,-0.0004097967588709682,-0.0004097967588709682,-0.0004097967588709682,-0.00036266462511236656,-0.00036266462511236656,-0.00036266462511236656,0.0010393092268851565,0.0010393092268851565,0.0010393092268851565,-0.0019798508270388693,-0.0019798508270388693,-0.0019798508270388693,-0.006075543431097616,-0.006075543431097616,-0.006075543431097616,0.009257183116448532,0.009257183116448532,0.009257183116448532,0.0005596544985195129,0.0005596544985195129,0.0005596544985195129,0.0,0.0,0.0,0.6521128245029217
2025-07-16 23:00:00,0.6514693686189428,0.6493125599810308,0.6590429335614986,0.6514693686189428,0.6514693686189428,0.0006444889700428898,0.0006444889700428898,0.0006444889700428898,0.00267721655270313,0.00267721655270313,0.00267721655270313,-0.0004097967588709677,-0.0004097967588709677,-0.0004097967588709677,-0.0004097967588709682,-0.0004097967588709682,-0.0004097967588709682,-0.0002439553501914118,-0.0002439553501914118,-0.0002439553501914118,0.004274503036398674,0.004274503036398674,0.004274503036398674,1.7367112517884815e-05,1.7367112517884815e-05,1.7367112517884815e-05,-0.006178273778372829,-0.006178273778372829,-0.006178273778372829,0.009257183116448532,0.009257183116448532,0.009257183116448532,0.001597286483695544,0.001597286483695544,0.001597286483695544,0.0,0.0,0.0,0.6542540764132252
2025-07-17 23:00:00,0.6515029559531762,0.6478593177702665,0.6596832569327205,0.6515029559531762,0.6515029559531762,0.0001279098394863185,0.0001279098394863185,0.0001279098394863185,0.001766514461755676,0.001766514461755676,0.001766514461755676,-0.0004097967588709677,-0.0004097967588709677,-0.0004097967588709677,-0.0004097967588709682,-0.0004097967588709682,-0.0004097967588709682,-0.0007040226253203107,-0.0007040226253203107,-0.0007040226253203107,0.0031042919301751634,0.0031042919301751634,0.0031042919301751634,1.7367112517884815e-05,1.7367112517884815e-05,1.7367112517884815e-05,-0.006383835726932845,-0.006383835726932845,-0.006383835726932845,0.009528689379746564,0.009528689379746564,0.009528689379746564,0.0013377774684194873,0.0013377774684194873,0.0013377774684194873,0.0,0.0,0.0,0.6535254113218268
2025-07-20 23:00:00,0.6516037179558765,0.6480290283100911,0.6578000772047115,0.6516037179558765,0.6516037179558765,-0.0010328329305804003,-0.0010328329305804003,-0.0010328329305804003,0.0002798225506209374,0.0002798225506209374,0.0002798225506209374,-0.0004097967588709677,-0.0004097967588709677,-0.0004097967588709677,-0.0004097967588709682,-0.0004097967588709682,-0.0004097967588709682,-0.0008758710197116214,-0.0008758710197116214,-0.0008758710197116214,0.00052696489115409,0.00052696489115409,0.00052696489115409,1.7367112517884815e-05,1.7367112517884815e-05,1.7367112517884815e-05,-0.006266430210311522,-0.006266430210311522,-0.006266430210311522,0.009257183116448532,0.009257183116448532,0.009257183116448532,0.00024714234053315257,0.00024714234053315257,0.00024714234053315257,0.0,0.0,0.0,0.6519470902381846
2025-07-21 23:00:00,0.6516373052901099,0.6490641733681883,0.6588075894592449,0.6516373052901099,0.6516373052901099,-0.0002863544588362504,-0.0002863544588362504,-0.0002863544588362504,0.0024589634735729176,0.0024589634735729176,0.0024589634735729176,-0.0004097967588709677,-0.0004097967588709677,-0.0004097967588709677,-0.0004097967588709682,-0.0004097967588709682,-0.0004097967588709682,0.00031291560994426066,0.00031291560994426066,0.00031291560994426066,0.0033851380570895226,0.0033851380570895226,0.0033851380570895226,1.7367112517884815e-05,1.7367112517884815e-05,1.7367112517884815e-05,-0.006837073178653668,-0.006837073178653668,-0.006837073178653668,0.010071701906342627,0.010071701906342627,0.010071701906342627,0.0009261745835166055,0.0009261745835166055,0.0009261745835166055,0.0,0.0,0.0,0.6538431875316667
2025-07-22 23:00:00,0.6516708926243433,0.6495250078525852,0.659596531661538,0.6516708926243433,0.6516708926243433,0.00046012401290789927,0.00046012401290789927,0.00046012401290789927,0.003211207029483872,0.003211207029483872,0.003211207029483872,-0.0004097967588709677,-0.0004097967588709677,-0.0004097967588709677,-0.0004097967588709682,-0.0004097967588709682,-0.0004097967588709682,-1.3480445376876892e-05,-1.3480445376876892e-05,-1.3480445376876892e-05,0.0037708615280047787,0.0037708615280047787,0.0037708615280047787,1.7367112517884815e-05,1.7367112517884815e-05,1.7367112517884815e-05,-0.0070479245657617895,-0.0070479245657617895,-0.0070479245657617895,0.010614714432938691,0.010614714432938691,0.010614714432938691,0.0005596544985209074,0.0005596544985209074,0.0005596544985209074,0.0,0.0,0.0,0.654128253322261
2025-07-23 23:00:00,0.6517044799585767,0.6488197531486167,0.6591192323682282,0.6517044799585767,0.6517044799585767,0.0006444889700428898,0.0006444889700428898,0.0006444889700428898,0.002863186736218277,0.002863186736218277,0.002863186736218277,-0.0004097967588709677,-0.0004097967588709677,-0.0004097967588709677,-0.0004097967588709682,-0.0004097967588709682,-0.0004097967588709682,0.0001611721841439508,0.0001611721841439508,0.0001611721841439508,0.004460473219917502,0.004460473219917502,0.004460473219917502,1.7367112517884815e-05,1.7367112517884815e-05,1.7367112517884815e-05,-0.006940443655789108,-0.006940443655789108,-0.006940443655789108,0.009800195643044596,0.009800195643044596,0.009800195643044596,0.0015972864836992248,0.0015972864836992248,0.0015972864836992248,0.0,0.0,0.0,0.6546113903387323
2025-07-24 23:00:00,0.6517380672928101,0.6508613200970862,0.6602710498843491,0.6517380672928101,0.6517380672928101,0.0001279098394863185,0.0001279098394863185,0.0001279098394863185,0.004473161202982963,0.004473161202982963,0.004473161202982963,-0.0004097967588709677,-0.0004097967588709677,-0.0004097967588709677,-0.0004097967588709682,-0.0004097967588709682,-0.0004097967588709682,0.0006220856577853042,0.0006220856577853042,0.0006220856577853042,0.005810938671393504,0.005810938671393504,0.005810938671393504,0.0020145850520746386,0.0020145850520746386,0.0020145850520746386,-0.006457502681771865,-0.006457502681771865,-0.006457502681771865,0.008985676853150501,0.008985676853150501,0.008985676853150501,0.0013377774684105428,0.0013377774684105428,0.0013377774684105428,0.0,0.0,0.0,0.6555252772316612
2025-07-27 23:00:00,0.6518388292955105,0.6480033910780619,0.6564629385120933,0.6518388292955105,0.6518388292955105,-0.0010328329305804003,-0.0010328329305804003,-0.0010328329305804003,0.0005913509157420046,0.0005913509157420046,0.0005913509157420046,-0.0004097967588709677,-0.0004097967588709677,-0.0004097967588709677,-0.0004097967588709682,-0.0004097967588709682,-0.0004097967588709682,-1.0043044581099805e-05,-1.0043044581099805e-05,-1.0043044581099805e-05,0.0008384932562600148,0.0008384932562600148,0.0008384932562600148,1.7367112517884815e-05,1.7367112517884815e-05,1.7367112517884815e-05,-0.006549223557022946,-0.006549223557022946,-0.006549223557022946,0.008985676853150501,0.008985676853150501,0.008985676853150501,0.0002471423405180106,0.0002471423405180106,0.0002471423405180106,0.0,0.0,0.0,0.6523853917580432
2025-07-28 23:00:00,0.6518724166297439,0.6491698065587563,0.6571529194681189,0.6518724166297439,0.6518724166297439,-0.0002863544588362504,-0.0002863544588362504,-0.0002863544588362504,0.0004348002987288218,0.0004348002987288218,0.0004348002987288218,-0.0004097967588709677,-0.0004097967588709677,-0.0004097967588709677,-0.0004097967588709682,-0.0004097967588709682,-0.0004097967588709682,-0.0002399370440491242,-0.0002399370440491242,-0.0002399370440491242,0.0013609748822386995,0.0013609748822386995,0.0013609748822386995,1.7367112517884815e-05,1.7367112517884815e-05,1.7367112517884815e-05,-0.006407839856418159,-0.006407839856418159,-0.006407839856418159,0.008171158063256407,0.008171158063256407,0.008171158063256407,0.0009261745835098765,0.0009261745835098765,0.0009261745835098765,0.0,0.0,0.0,0.6527595986152013
2025-07-29 23:00:00,0.6519060039639774,0.6459222551994197,0.6536958482364987,0.6519060039639774,0.6519060039639774,0.00046012401290789927,0.00046012401290789927,0.00046012401290789927,-0.0032392257116710212,-0.0032392257116710212,-0.0032392257116710212,-0.0004097967588709677,-0.0004097967588709677,-0.0004097967588709677,-0.0004097967588709682,-0.0004097967588709682,-0.0004097967588709682,-0.002212730755087933,-0.002212730755087933,-0.002212730755087933,-0.0026795712131532433,-0.0026795712131532433,-0.0026795712131532433,-0.0019798508270388693,-0.0019798508270388693,-0.0019798508270388693,-0.006315320161370526,-0.006315320161370526,-0.006315320161370526,0.007628145536660344,0.007628145536660344,0.007628145536660344,0.0005596544985177777,0.0005596544985177777,0.0005596544985177777,0.0,0.0,0.0,0.6501591754020737
2025-07-30 23:00:00,0.6519395912982108,0.6472728005771619,0.6562991091894328,0.6519395912982108,0.6519395912982108,0.0006444889700428898,0.0006444889700428898,0.0006444889700428898,-0.001391980151185732,-0.001391980151185732,-0.001391980151185732,-0.0004097967588709677,-0.0004097967588709677,-0.0004097967588709677,-0.0004097967588709682,-0.0004097967588709682,-0.0004097967588709682,-0.002545901053136231,-0.002545901053136231,-0.002545901053136231,0.00020530633251717378,0.00020530633251717378,0.00020530633251717378,1.7367112517884815e-05,1.7367112517884815e-05,1.7367112517884815e-05,-0.006316487199528684,-0.006316487199528684,-0.006316487199528684,0.007628145536660344,0.007628145536660344,0.007628145536660344,0.0015972864837029053,0.0015972864837029053,0.0015972864837029053,0.0,0.0,0.0,0.6520734386247229
2025-07-31 23:00:00,0.6519731786324441,0.6452121121532635,0.6543743590172163,0.6519731786324441,0.6519731786324441,0.0001279098394863185,0.0001279098394863185,0.0001279098394863185,-0.005848731965085791,-0.005848731965085791,-0.005848731965085791,-0.0004097967588709677,-0.0004097967588709677,-0.0004097967588709677,-0.0004097967588709682,-0.0004097967588709682,-0.0004097967588709682,-0.0039398360987492305,-0.0039398360987492305,-0.0039398360987492305,-0.004510954496670531,-0.004510954496670531,-0.004510954496670531,-0.0019798508270388693,-0.0019798508270388693,-0.0019798508270388693,-0.005236469317914228,-0.005236469317914228,-0.005236469317914228,0.0059991079568721545,0.0059991079568721545,0.0059991079568721545,0.0013377774684152596,0.0013377774684152596,0.0013377774684152596,0.0,0.0,0.0,0.6490321572905835
2025-08-01 23:00:00,0.6520067659666775,0.6436716739186473,0.6544525010305247,0.6520067659666775,0.6520067659666775,-0.0010328329305804003,-0.0010328329305804003,-0.0010328329305804003,-0.005517803114060569,-0.005517803114060569,-0.005517803114060569,-0.0004097967588709677,-0.0004097967588709677,-0.0004097967588709677,-0.0004097967588709682,-0.0004097967588709682,-0.0004097967588709682,-0.00420791427058958,-0.00420791427058958,-0.00420791427058958,-0.005062467597850822,-0.005062467597850822,-0.005062467597850822,1.7367112517884815e-05,1.7367112517884815e-05,1.7367112517884815e-05,-0.005202431201240661,-0.005202431201240661,-0.005202431201240661,0.005727601693574123,0.005727601693574123,0.005727601693574123,0.0004553355162097467,0.0004553355162097467,0.0004553355162097467,0.0,0.0,0.0,0.6487060028403917
2025-08-02 23:00:00,0.6520403533009109,0.6419023346125962,0.6512090875581042,0.6518845967390244,0.6520403533009109,-0.0002863544588362504,-0.0002863544588362504,-0.0002863544588362504,-0.003079980618485953,-0.003079980618485953,-0.003079980618485953,-0.0004097967588709677,-0.0004097967588709677,-0.0004097967588709677,-0.0004097967588709682,-0.0004097967588709682,-0.0004097967588709682,-0.0028161128934417576,-0.0028161128934417576,-0.0028161128934417576,-0.008203351509376308,-0.008203351509376308,-0.008203351509376308,0.0020145850520746386,0.0020145850520746386,0.0020145850520746386,-0.004728056387730518,-0.004728056387730518,-0.004728056387730518,0.00355555158718987,0.00355555158718987,0.00355555158718987,-0.005123370890890355,-0.005123370890890355,-0.005123370890890355,0.0,0.0,0.0,0.6466914370844856
2025-08-03 23:00:00,0.6520739406351443,0.6474972744931307,0.6555970189975472,0.651546941265066,0.6523141248116189,0.00046012401290789927,0.00046012401290789927,0.00046012401290789927,-0.0018200336370414968,-0.0018200336370414968,-0.0018200336370414968,-0.0004097967588709677,-0.0004097967588709677,-0.0004097967588709677,-0.0004097967588709682,-0.0004097967588709682,-0.0004097967588709682,-0.0017337981932379098,-0.0017337981932379098,-0.0017337981932379098,-0.0015728912965217432,-0.0015728912965217432,-0.0015728912965217432,1.7367112517884815e-05,1.7367112517884815e-05,1.7367112517884815e-05,-0.005200228481763525,-0.005200228481763525,-0.005200228481763525,0.00545609543027609,0.00545609543027609,0.00545609543027609,0.00024714234051975334,0.00024714234051975334,0.00024714234051975334,0.0,0.0,0.0,0.6510482992092307
2025-08-04 23:00:00,0.6521075279693778,0.6463752683811826,0.6566993971262244,0.6512291956859139,0.6524587672599663,0.0006444889700428898,0.0006444889700428898,0.0006444889700428898,-0.001637213979800337,-0.001637213979800337,-0.001637213979800337,-0.0004097967588709677,-0.0004097967588709677,-0.0004097967588709677,-0.0004097967588709682,-0.0004097967588709682,-0.0004097967588709682,-0.002162291319927048,-0.002162291319927048,-0.002162291319927048,-0.0007110393962794828,-0.0007110393962794828,-0.0007110393962794828,1.7367112517884815e-05,1.7367112517884815e-05,1.7367112517884815e-05,-0.005316293181564281,-0.005316293181564281,-0.005316293181564281,0.0059991079568721545,0.0059991079568721545,0.0059991079568721545,0.0009261745835208539,0.0009261745835208539,0.0009261745835208539,0.0,0.0,0.0,0.6516438538263811
2025-08-05 23:00:00,0.6521411153036112,0.6453048449824551,0.6559852163409651,0.6507099751876396,0.6526489926564062,0.0001279098394863185,0.0001279098394863185,0.0001279098394863185,-0.0032532173674243415,-0.0032532173674243415,-0.0032532173674243415,-0.0004097967588709677,-0.0004097967588709677,-0.0004097967588709677,-0.0004097967588709682,-0.0004097967588709682,-0.0004097967588709682,-0.0018232709499087147,-0.0018232709499087147,-0.0018232709499087147,-0.0026935628688995543,-0.0026935628688995543,-0.0026935628688995543,1.7367112517884815e-05,1.7367112517884815e-05,1.7367112517884815e-05,-0.005125700228861859,-0.005125700228861859,-0.005125700228861859,0.004370070377083965,0.004370070377083965,0.004370070377083965,0.0005596544985247873,0.0005596544985247873,0.0005596544985247873,0.0,0.0,0.0,0.6503845322101467
2025-08-06 23:00:00,0.6521747026378446,0.6447472496379824,0.654047724969684,0.6503980230042812,0.6532247721905412,-0.0010328329305804003,-0.0010328329305804003,-0.0010328329305804003,-0.00428495097020635,-0.00428495097020635,-0.00428495097020635,-0.0004097967588709677,-0.0004097967588709677,-0.0004097967588709677,-0.0004097967588709682,-0.0004097967588709682,-0.0004097967588709682,-0.0025076078771715665,-0.0025076078771715665,-0.0025076078771715665,-0.0026876644865091812,-0.0026876644865091812,-0.0026876644865091812,1.7367112517884815e-05,1.7367112517884815e-05,1.7367112517884815e-05,-0.005941391714102486,-0.005941391714102486,-0.005941391714102486,0.0059991079568721545,0.0059991079568721545,0.0059991079568721545,0.0015972864836971683,0.0015972864836971683,0.0015972864836971683,0.0,0.0,0.0,0.6504218758505652
2025-08-07 23:00:00,0.652208289972078,0.6442196311693499,0.6560983949629332,0.6493551446363878,0.6541061556232355,-0.0002863544588362504,-0.0002863544588362504,-0.0002863544588362504,-0.0034148096497553107,-0.0034148096497553107,-0.0034148096497553107,-0.0004097967588709677,-0.0004097967588709677,-0.0004097967588709677,-0.0004097967588709682,-0.0004097967588709682,-0.0004097967588709682,-0.002343809021973139,-0.002343809021973139,-0.002343809021973139,-0.0020770321813390856,-0.0020770321813390856,-0.0020770321813390856,1.7367112517884815e-05,1.7367112517884815e-05,1.7367112517884815e-05,-0.005981527720594024,-0.005981527720594024,-0.005981527720594024,0.0059991079568721545,0.0059991079568721545,0.0059991079568721545,0.0013377774684162243,0.0013377774684162243,0.0013377774684162243,0.0,0.0,0.0,0.6508536323648699
2025-08-08 23:00:00,0.6522418773063114,0.645254950343828,0.6562293082092818,0.6482488482930022,0.6544602233165498,0.00046012401290789927,0.00046012401290789927,0.00046012401290789927,-0.0012404506505528877,-0.0012404506505528877,-0.0012404506505528877,-0.0004097967588709677,-0.0004097967588709677,-0.0004097967588709677,-0.0004097967588709682,-0.0004097967588709682,-0.0004097967588709682,-0.0017149557646588154,-0.0017149557646588154,-0.0017149557646588154,-0.0007851151343488097,-0.0007851151343488097,-0.0007851151343488097,1.7367112517884815e-05,1.7367112517884815e-05,1.7367112517884815e-05,-0.006268525503642201,-0.006268525503642201,-0.006268525503642201,0.0070851330100642805,0.0070851330100642805,0.0070851330100642805,0.0004553355162040776,0.0004553355162040776,0.0004553355162040776,0.0,0.0,0.0,0.6517297923371822
2025-08-09 23:00:00,0.6522754646405449,0.6437052042490414,0.6553546831635578,0.6479021192211778,0.654818000553827,0.0006444889700428898,0.0006444889700428898,0.0006444889700428898,0.0005074482851218917,0.0005074482851218917,0.0005074482851218917,-0.0004097967588709677,-0.0004097967588709677,-0.0004097967588709677,-0.0004097967588709682,-0.0004097967588709682,-0.0004097967588709682,-0.0008476423045979844,-0.0008476423045979844,-0.0008476423045979844,-0.00461592260576799,-0.00461592260576799,-0.00461592260576799,1.7367112517884815e-05,1.7367112517884815e-05,1.7367112517884815e-05,-0.006386823775057338,-0.006386823775057338,-0.006386823775057338,0.007899651799958376,0.007899651799958376,0.007899651799958376,-0.005123370890889881,-0.005123370890889881,-0.005123370890889881,0.0,0.0,0.0,0.6492646115781228
2025-08-10 23:00:00,0.6523090519747784,0.6447968312606279,0.6585342010482527,0.6474363703804267,0.655736108157112,0.0001279098394863185,0.0001279098394863185,0.0001279098394863185,-0.001176681881675253,-0.001176681881675253,-0.001176681881675253,-0.0004097967588709677,-0.0004097967588709677,-0.0004097967588709677,-0.0004097967588709682,-0.0004097967588709682,-0.0004097967588709682,-0.0005124841767826625,-0.0005124841767826625,-0.0005124841767826625,-0.0009295395411537567,-0.0009295395411537567,-0.0009295395411537567,1.7367112517884815e-05,1.7367112517884815e-05,1.7367112517884815e-05,-0.006260495359325042,-0.006260495359325042,-0.006260495359325042,0.006270614220170185,0.006270614220170185,0.006270614220170185,0.00024714234052149566,0.00024714234052149566,0.00024714234052149566,0.0,0.0,0.0,0.6517027049179154
2025-08-11 23:00:00,0.6523426393090118,0.6406577703686577,0.6554052670055569,0.6457284141963745,0.6562341857877572,-0.0010328329305804003,-0.0010328329305804003,-0.0010328329305804003,-0.005878066120185828,-0.005878066120185828,-0.005878066120185828,-0.0004097967588709677,-0.0004097967588709677,-0.0004097967588709677,-0.0004097967588709682,-0.0004097967588709682,-0.0004097967588709682,-0.00108601189673578,-0.00108601189673578,-0.00108601189673578,-0.004951891536671702,-0.004951891536671702,-0.004951891536671702,-0.0019798508270388693,-0.0019798508270388693,-0.0019798508270388693,-0.005601353588470837,-0.005601353588470837,-0.005601353588470837,0.004641576640381995,0.004641576640381995,0.004641576640381995,0.0009261745835141249,0.0009261745835141249,0.0009261745835141249,0.0,0.0,0.0,0.6491123093144074
2025-08-12 23:00:00,0.6523762266432452,0.6425781576226662,0.6563428589995176,0.6453563218663759,0.6570476831838763,-0.0002863544588362504,-0.0002863544588362504,-0.0002863544588362504,-0.0033607020502409175,-0.0033607020502409175,-0.0033607020502409175,-0.0004097967588709677,-0.0004097967588709677,-0.0004097967588709677,-0.0004097967588709682,-0.0004097967588709682,-0.0004097967588709682,-0.0010536743921417224,-0.0010536743921417224,-0.0010536743921417224,-0.002801047551724874,-0.002801047551724874,-0.002801047551724874,1.7367112517884815e-05,1.7367112517884815e-05,1.7367112517884815e-05,-0.005588517171122859,-0.005588517171122859,-0.005588517171122859,0.004370070377083965,0.004370070377083965,0.004370070377083965,0.0005596544985160425,0.0005596544985160425,0.0005596544985160425,0.0,0.0,0.0,0.6505488898108027
2025-08-13 23:00:00,0.6524098139774787,0.6410125531573048,0.6582335500195271,0.6444599847235238,0.658047555388558,0.00046012401290789927,0.00046012401290789927,0.00046012401290789927,-0.003601348212131122,-0.003601348212131122,-0.003601348212131122,-0.0004097967588709677,-0.0004097967588709677,-0.0004097967588709677,-0.0004097967588709682,-0.0004097967588709682,-0.0004097967588709682,-0.0017760482599918981,-0.0017760482599918981,-0.0017760482599918981,-0.0020040617284396906,-0.0020040617284396906,-0.0020040617284396906,1.7367112517884815e-05,1.7367112517884815e-05,1.7367112517884815e-05,-0.005581761673609006,-0.005581761673609006,-0.005581761673609006,0.004098564113785934,0.004098564113785934,0.004098564113785934,0.0015972864836914314,0.0015972864836914314,0.0015972864836914314,0.0,0.0,0.0,0.651102344438028
2025-08-14 23:00:00,0.6524434013117121,0.6394634162943159,0.65674025183925,0.6433256423939072,0.6595322600029124,0.0006444889700428898,0.0006444889700428898,0.0006444889700428898,-0.006962846919490005,-0.006962846919490005,-0.006962846919490005,-0.0004097967588709677,-0.0004097967588709677,-0.0004097967588709677,-0.0004097967588709682,-0.0004097967588709682,-0.0004097967588709682,-0.0031906851237994667,-0.0031906851237994667,-0.0031906851237994667,-0.005625069451075895,-0.005625069451075895,-0.005625069451075895,-0.0019798508270388693,-0.0019798508270388693,-0.0019798508270388693,-0.005444264271440526,-0.005444264271440526,-0.005444264271440526,0.003827057850487902,0.003827057850487902,0.003827057850487902,0.0013377774684141103,0.0013377774684141103,0.0013377774684141103,0.0,0.0,0.0,0.6487733618664375
2025-08-15 23:00:00,0.6524769886459455,0.6375810904709334,0.6583109002364216,0.6422907889846655,0.660478651047493,0.0001279098394863185,0.0001279098394863185,0.0001279098394863185,-0.004795158100893996,-0.004795158100893996,-0.004795158100893996,-0.0004097967588709677,-0.0004097967588709677,-0.0004097967588709677,-0.0004097967588709682,-0.0004097967588709682,-0.0004097967588709682,-0.0046216117760411865,-0.0046216117760411865,-0.0046216117760411865,-0.004339822584689806,-0.004339822584689806,-0.004339822584689806,1.7367112517884815e-05,1.7367112517884815e-05,1.7367112517884815e-05,-0.006312856505881325,-0.006312856505881325,-0.006312856505881325,0.0068136267467662475,0.0068136267467662475,0.0068136267467662475,0.0004553355162041897,0.0004553355162041897,0.0004553355162041897,0.0,0.0,0.0,0.6496453542746294
2025-08-16 23:00:00,0.6525105759801789,0.635211063222852,0.6532506874070217,0.6417790259152997,0.6612643857352871,-0.0010328329305804003,-0.0010328329305804003,-0.0010328329305804003,-0.006311296846726625,-0.006311296846726625,-0.006311296846726625,-0.0004097967588709677,-0.0004097967588709677,-0.0004097967588709677,-0.0004097967588709682,-0.0004097967588709682,-0.0004097967588709682,-0.004706263365888728,-0.004706263365888728,-0.004706263365888728,-0.011434667737616032,-0.011434667737616032,-0.011434667737616032,1.7367112517884815e-05,1.7367112517884815e-05,1.7367112517884815e-05,-0.006312094628501662,-0.006312094628501662,-0.006312094628501662,0.006542120483468216,0.006542120483468216,0.006542120483468216,-0.005123370890889406,-0.005123370890889406,-0.005123370890889406,0.0,0.0,0.0,0.6450493343485652
2025-08-17 23:00:00,0.6525441633144123,0.6357166583743895,0.6598184308621758,0.6410809126794439,0.6614885155703325,-0.0002863544588362504,-0.0002863544588362504,-0.0002863544588362504,-0.006019637234295051,-0.006019637234295051,-0.006019637234295051,-0.0004097967588709677,-0.0004097967588709677,-0.0004097967588709677,-0.0004097967588709682,-0.0004097967588709682,-0.0004097967588709682,-0.0029271283722648637,-0.0029271283722648637,-0.0029271283722648637,-0.005772494893766,-0.005772494893766,-0.005772494893766,0.0020145850520746386,0.0020145850520746386,0.0020145850520746386,-0.005113141155034227,-0.005113141155034227,-0.005113141155034227,0.0011119952175075872,0.0011119952175075872,0.0011119952175075872,0.0002471423405290508,0.0002471423405290508,0.0002471423405290508,0.0,0.0,0.0,0.6487773554637231
2025-08-18 23:00:00,0.6525777506486458,0.6364056380093497,0.661221758578723,0.6384442289619995,0.6617874557660814,0.00046012401290789927,0.00046012401290789927,0.00046012401290789927,-0.0039162189516406785,-0.0039162189516406785,-0.0039162189516406785,-0.0004097967588709677,-0.0004097967588709677,-0.0004097967588709677,-0.0004097967588709682,-0.0004097967588709682,-0.0004097967588709682,-0.0019812905806449615,-0.0019812905806449615,-0.0019812905806449615,-0.002990044368125028,-0.002990044368125028,-0.002990044368125028,1.7367112517884815e-05,1.7367112517884815e-05,1.7367112517884815e-05,-0.005691390092465499,-0.005691390092465499,-0.005691390092465499,0.004098564113785934,0.004098564113785934,0.004098564113785934,0.0009261745835156495,0.0009261745835156495,0.0009261745835156495,0.0,0.0,0.0,0.6506265142205551
2025-08-19 23:00:00,0.6526113379828792,0.6355026117580446,0.6615855983387242,0.6369502018998613,0.6628934190613064,0.0006444889700428898,0.0006444889700428898,0.0006444889700428898,-0.003412108895419819,-0.003412108895419819,-0.003412108895419819,-0.0004097967588709677,-0.0004097967588709677,-0.0004097967588709677,-0.0004097967588709682,-0.0004097967588709682,-0.0004097967588709682,-0.001440796746485862,-0.001440796746485862,-0.001440796746485862,-0.0028524543968967667,-0.0028524543968967667,-0.0028524543968967667,1.7367112517884815e-05,1.7367112517884815e-05,1.7367112517884815e-05,-0.005640632564240699,-0.005640632564240699,-0.005640632564240699,0.003827057850487902,0.003827057850487902,0.003827057850487902,0.0005596544985230522,0.0005596544985230522,0.0005596544985230522,0.0,0.0,0.0,0.6507497939023853
2025-08-20 23:00:00,0.6526449253171125,0.6390325759860622,0.666798855337988,0.6364116217768286,0.6641446250006757,0.0001279098394863185,0.0001279098394863185,0.0001279098394863185,0.002441978369277667,0.002441978369277667,0.002441978369277667,-0.0004097967588709677,-0.0004097967588709677,-0.0004097967588709677,-0.0004097967588709682,-0.0004097967588709682,-0.0004097967588709682,0.0002882704830671202,0.0002882704830671202,0.0002882704830671202,0.004039264852972779,0.004039264852972779,0.004039264852972779,1.7367112517884815e-05,1.7367112517884815e-05,1.7367112517884815e-05,-0.006972171191096316,-0.006972171191096316,-0.006972171191096316,0.009800195643044596,0.009800195643044596,0.009800195643044596,0.001597286483695112,0.001597286483695112,0.001597286483695112,0.0,0.0,0.0,0.655281131025417
2025-08-21 23:00:00,0.6526785126513459,0.6356650042524512,0.6708586591970321,0.635120536559088,0.6652523338716962,-0.0010328329305804003,-0.0010328329305804003,-0.0010328329305804003,0.002579270396856374,0.002579270396856374,0.002579270396856374,-0.0004097967588709677,-0.0004097967588709677,-0.0004097967588709677,-0.0004097967588709682,-0.0004097967588709682,-0.0004097967588709682,0.0011179886585088725,0.0011179886585088725,0.0011179886585088725,0.003917047865268371,0.003917047865268371,0.003917047865268371,1.7367112517884815e-05,1.7367112517884815e-05,1.7367112517884815e-05,-0.0070468670954887055,-0.0070468670954887055,-0.0070468670954887055,0.010343208169640659,0.010343208169640659,0.010343208169640659,0.0013377774684119965,0.0013377774684119965,0.0013377774684119965,0.0,0.0,0.0,0.6552350856260334
2025-08-22 23:00:00,0.6527120999855793,0.6337670054665887,0.6710485253638215,0.6328795495910563,0.6663923572898495,-0.0002863544588362504,-0.0002863544588362504,-0.0002863544588362504,0.004448666921388601,0.004448666921388601,0.004448666921388601,-0.0004097967588709677,-0.0004097967588709677,-0.0004097967588709677,-0.0004097967588709682,-0.0004097967588709682,-0.0004097967588709682,0.0004967299572241048,0.0004967299572241048,0.0004967299572241048,0.00490400243760894,0.00490400243760894,0.00490400243760894,1.7367112517884815e-05,1.7367112517884815e-05,1.7367112517884815e-05,-0.0074747404478001135,-0.0074747404478001135,-0.0074747404478001135,0.01251525827602491,0.01251525827602491,0.01251525827602491,0.00045533551622033776,0.00045533551622033776,0.00045533551622033776,0.0,0.0,0.0,0.6559130017149655
2025-08-23 23:00:00,0.6527456873198128,0.6297437223551331,0.6668404076924871,0.6312216830507251,0.6677289167271001,0.00046012401290789927,0.00046012401290789927,0.00046012401290789927,0.005108646546475916,0.005108646546475916,0.005108646546475916,-0.0004097967588709677,-0.0004097967588709677,-0.0004097967588709677,-0.0004097967588709682,-0.0004097967588709682,-0.0004097967588709682,0.0006533981831099565,0.0006533981831099565,0.0006533981831099565,-1.4724344413597173e-05,-1.4724344413597173e-05,-1.4724344413597173e-05,1.7367112517884815e-05,1.7367112517884815e-05,1.7367112517884815e-05,-0.0074464012570447675,-0.0074464012570447675,-0.0074464012570447675,0.012243752012726879,0.012243752012726879,0.012243752012726879,-0.005123370890889513,-0.005123370890889513,-0.005123370890889513,0.0,0.0,0.0,0.6527360760674982
2025-08-24 23:00:00,0.6527792746540463,0.6258829679206405,0.6688801303672393,0.6291706006753912,0.6693332265472283,0.0006444889700428898,0.0006444889700428898,0.0006444889700428898,-0.0007038841249371552,-0.0007038841249371552,-0.0007038841249371552,-0.0004097967588709677,-0.0004097967588709677,-0.0004097967588709677,-0.0004097967588709682,-0.0004097967588709682,-0.0004097967588709682,-0.00011729338359793357,-0.00011729338359793357,-0.00011729338359793357,-0.00045674178440054884,-0.00045674178440054884,-0.00045674178440054884,-0.0019798508270388693,-0.0019798508270388693,-0.0019798508270388693,-0.006874299693155742,-0.006874299693155742,-0.006874299693155742,0.008442664326554437,0.008442664326554437,0.008442664326554437,0.0002471423405366066,0.0002471423405366066,0.0002471423405366066,0.0,0.0,0.0,0.6524811230833211
