Datetime,asset,category,interval,source,open,high,low,close,volume,dividends,stock_splits,symbol,assetcode,name,price_change,price_change_abs,hl_range,oc_range,ma_10,ma_20,ma_50,volatility_14,volatility_annualized,rsi,volume_change,volume_ma_20,volume_ratio,high_20,low_20,price_position,hour,day_of_week,day_of_month,month,williams_r,cci,adx,volatility_regime,momentum_5,momentum_10,momentum_20,momentum_50,resistance_level,support_level,price_position_enhanced,volume_roc,volume_ma_50,volume_ratio_50,volume_trend,trend_strength,market_regime,data_quality_flag,processing_timestamp,silver_processing_timestamp
2025-08-11 12:00:00+00:00,ETH,crypto,1h,yahoo_finance,4184.83349609375,4193.6787109375,4170.00244140625,4180.24951171875,0,0.0,0.0,ETH-USD,ETH,Ethereum,,,23.67626953125,4.583984375,,,,,,,,,,,,,12,0,11,8,,,,normal,,,,,,,,,,,0,,sideways,1,2025-09-11 12:47:24.097684,2025-09-13T15:30:02.412607
2025-08-11 13:00:00+00:00,ETH,crypto,1h,yahoo_finance,4181.80859375,4297.76025390625,4172.533203125,4274.642578125,3309891584,0.0,0.0,ETH-USD,ETH,Ethereum,0.0225807254188135,94.39306640625,125.22705078125,92.833984375,,,,,,,inf,,,,,,13,0,11,8,,,,normal,,,,,,,,,,,0,,sideways,1,2025-09-11 12:47:24.097684,2025-09-13T15:30:02.412607
2025-08-11 14:00:00+00:00,ETH,crypto,1h,yahoo_finance,4277.80859375,4317.96337890625,4265.794921875,4279.30615234375,2510716928,0.0,0.0,ETH-USD,ETH,Ethereum,0.0010909857686383,4.66357421875,52.16845703125,1.49755859375,,,,,,,-0.2414504027452761,,,,,,14,0,11,8,,,,normal,,,,,,,,,,,0,,sideways,1,2025-09-11 12:47:24.097684,2025-09-13T15:30:02.412607
2025-08-11 15:00:00+00:00,ETH,crypto,1h,yahoo_finance,4278.154296875,4327.52294921875,4263.90283203125,4325.00830078125,1036816384,0.0,0.0,ETH-USD,ETH,Ethereum,0.0106798034098283,45.7021484375,63.6201171875,46.85400390625,,,,,,,-0.5870436955925922,,,,,,15,0,11,8,,,,normal,,,,,,,,,,,0,,sideways,1,2025-09-11 12:47:24.097684,2025-09-13T15:30:02.412607
2025-08-11 16:00:00+00:00,ETH,crypto,1h,yahoo_finance,4333.73681640625,4358.73193359375,4316.02392578125,4320.701171875,175452160,0.0,0.0,ETH-USD,ETH,Ethereum,-0.0009958660438806,-4.30712890625,42.7080078125,13.03564453125,,,,,,,-0.8307779827676798,,,,,,16,0,11,8,,,,normal,,,,,,,,,,,0,,sideways,1,2025-09-11 12:47:24.097684,2025-09-13T15:30:02.412607
2025-08-11 17:00:00+00:00,ETH,crypto,1h,yahoo_finance,4315.69775390625,4317.36572265625,4287.1494140625,4294.173828125,3691667456,0.0,0.0,ETH-USD,ETH,Ethereum,-0.0061395923241986,-26.52734375,30.21630859375,21.52392578125,,,,,,,20.04087778685654,,,,,,17,0,11,8,,,,normal,0.02725299436956541,,,,,,,inf,,,0,,sideways,1,2025-09-11 12:47:24.097684,2025-09-13T15:30:02.412607
2025-08-11 18:00:00+00:00,ETH,crypto,1h,yahoo_finance,4289.6962890625,4303.3388671875,4272.1513671875,4298.361328125,0,0.0,0.0,ETH-USD,ETH,Ethereum,0.0009751584746229,4.1875,31.1875,8.6650390625,,,,,,,-1.0,,,,,,18,0,11,8,,,,normal,0.00554870952752351,,,,,,,-1.0,,,0,,sideways,1,2025-09-11 12:47:24.097684,2025-09-13T15:30:02.412607
2025-08-11 19:00:00+00:00,ETH,crypto,1h,yahoo_finance,4297.06689453125,4307.26611328125,4241.82177734375,4257.92578125,1024962560,0.0,0.0,ETH-USD,ETH,Ethereum,-0.0094072005092783,-40.435546875,65.4443359375,39.14111328125,,,,,,,inf,,,,,,19,0,11,8,,,,normal,-0.004996223764462404,,,,,,,-0.5917649861004164,,,0,,sideways,1,2025-09-11 12:47:24.097684,2025-09-13T15:30:02.412607
2025-08-11 20:00:00+00:00,ETH,crypto,1h,yahoo_finance,4257.841796875,4257.841796875,4224.18115234375,4246.62109375,776384512,0.0,0.0,ETH-USD,ETH,Ethereum,-0.0026549752346038,-11.3046875,33.66064453125,11.220703125,,,,,,,-0.2425240274142306,,,,,,20,0,11,8,,,,normal,-0.018124174933280557,,,,,,,-0.251184178817915,,,0,,sideways,1,2025-09-11 12:47:24.097684,2025-09-13T15:30:02.412607
2025-08-11 21:00:00+00:00,ETH,crypto,1h,yahoo_finance,4247.7919921875,4255.76171875,4192.7060546875,4212.02392578125,47435776,0.0,0.0,ETH-USD,ETH,Ethereum,-0.008146987264691,-34.59716796875,63.0556640625,35.76806640625,4268.9013671875,,,,,,-0.9389016972043872,,,,,,21,0,11,8,,,,normal,-0.025152687439059518,,,,,,,-0.7296369791058714,,,0,,sideways,1,2025-09-11 12:47:24.097684,2025-09-13T15:30:02.412607
2025-08-11 22:00:00+00:00,ETH,crypto,1h,yahoo_finance,4219.4462890625,4223.1962890625,4193.3662109375,4220.896484375,380092416,0.0,0.0,ETH-USD,ETH,Ethereum,0.0021064834269914,8.87255859375,29.830078125,1.4501953125,4272.966064453125,,,,,,7.012779552715655,,,,,,22,0,11,8,,,,normal,-0.017064363643144786,0.009723575720133937,,,,,,-0.8970404510887776,,,0,,sideways,1,2025-09-11 12:47:24.097684,2025-09-13T15:30:02.412607
2025-08-11 23:00:00+00:00,ETH,crypto,1h,yahoo_finance,4221.15185546875,4234.12646484375,4220.6015625,4228.01904296875,9375744,0.0,0.0,ETH-USD,ETH,Ethereum,0.0016874516160527,7.12255859375,13.52490234375,6.8671875,4268.3037109375,,,,,,-0.9753329884908832,,,,,,23,0,11,8,,,,normal,-0.016364907411572593,-0.010907002001720678,,,,,,inf,,,0,,sideways,1,2025-09-11 12:47:24.097684,2025-09-13T15:30:02.412607
2025-08-12 00:00:00+00:00,ETH,crypto,1h,yahoo_finance,4224.93115234375,4276.2041015625,4224.93115234375,4276.2041015625,0,0.0,0.0,ETH-USD,ETH,Ethereum,0.0113966039660777,48.18505859375,51.27294921875,51.27294921875,4267.993505859375,,,,,,-1.0,,,,,,0,1,12,8,,,,normal,0.004292775696793427,-0.0007248957356208452,,,,,,-1.0,,,0,,sideways,1,2025-09-11 12:47:24.097684,2025-09-13T15:30:02.412607
2025-08-12 01:00:00+00:00,ETH,crypto,1h,yahoo_finance,4274.939453125,4289.99169921875,4261.30712890625,4270.9716796875,412938240,0.0,0.0,ETH-USD,ETH,Ethereum,-0.0012236136888527,-5.232421875,28.6845703125,3.9677734375,4262.58984375,,,,,63.519202755662015,inf,,,,,,1,1,12,8,-46.5005510739474,26.617472621058262,,normal,0.00573410845939093,-0.012493992458693981,,,,,,-0.4681266387756071,,,0,,sideways,1,2025-09-11 12:47:24.097684,2025-09-13T15:30:02.412607
2025-08-12 02:00:00+00:00,ETH,crypto,1h,yahoo_finance,4271.2607421875,4309.04443359375,4264.94775390625,4293.958984375,0,0.0,0.0,ETH-USD,ETH,Ethereum,0.0053822189448893,22.9873046875,44.0966796875,22.6982421875,4259.915625,,,0.008507773502554,0.7962839690360887,65.8582625690335,-1.0,,,,,,2,1,12,8,-34.78699830857383,48.5200717028033,,normal,0.01945265744865221,-0.006189316603072315,,,,,,-1.0,,,0,,sideways,1,2025-09-11 12:47:24.097684,2025-09-13T15:30:02.412607
2025-08-12 03:00:00+00:00,ETH,crypto,1h,yahoo_finance,4292.90234375,4302.71923828125,4280.095703125,4285.75146484375,0,0.0,0.0,ETH-USD,ETH,Ethereum,-0.001911410789231,-8.20751953125,22.62353515625,7.15087890625,4259.073388671875,,,0.0061238126715262,0.5731574610269676,52.03958137975426,,,,,,,3,1,12,8,-43.95728499122113,42.78925969905598,,normal,0.01536521464310514,-0.0019613466101644494,,,,,,-1.0,,,0,,sideways,1,2025-09-11 12:47:24.097684,2025-09-13T15:30:02.412607
2025-08-12 04:00:00+00:00,ETH,crypto,1h,yahoo_finance,4283.599609375,4318.625,4283.599609375,4310.5966796875,315138048,0.0,0.0,ETH-USD,ETH,Ethereum,0.0057971665057006,24.84521484375,35.025390625,26.9970703125,4260.296923828125,,,0.006302869971461,0.5899163060331478,55.34854916545506,inf,,,,,,4,1,12,8,-28.99262104399434,72.26950982140157,,normal,0.019531046544380537,0.0028465153644581243,,,,,,32.612057667103535,,,0,,sideways,1,2025-09-11 12:47:24.097684,2025-09-13T15:30:02.412607
2025-08-12 05:00:00+00:00,ETH,crypto,1h,yahoo_finance,4311.04052734375,4311.04052734375,4273.943359375,4285.65185546875,0,0.0,0.0,ETH-USD,ETH,Ethereum,-0.0057868610942646,-24.94482421875,37.09716796875,25.388671875,4263.06953125,,,0.0057796134759722,0.5409421814955553,42.75888586634277,-1.0,,,,,,5,1,12,8,-44.017281285567655,44.07128665223736,,normal,0.002209378617544999,0.006511638681172771,,,,,,,,,0,,sideways,1,2025-09-11 12:47:24.097684,2025-09-13T15:30:02.412607
2025-08-12 06:00:00+00:00,ETH,crypto,1h,yahoo_finance,4285.220703125,4304.509765625,4278.13525390625,4293.17578125,1131700224,0.0,0.0,ETH-USD,ETH,Ethereum,0.0017556082563376,7.52392578125,26.37451171875,7.955078125,4267.725,,,0.0058131647179608,0.5440824056833191,44.99490363067481,inf,,,,,,6,1,12,8,-20.21079408411599,59.94003128015555,,normal,0.005198840738771748,0.010962759914822096,,,,,,1.7406040767742894,,,0,,sideways,1,2025-09-11 12:47:24.097684,2025-09-13T15:30:02.412607
2025-08-12 07:00:00+00:00,ETH,crypto,1h,yahoo_finance,4291.61572265625,4319.42919921875,4291.61572265625,4312.56591796875,0,0.0,0.0,ETH-USD,ETH,Ethereum,0.0045165019339377,19.39013671875,27.8134765625,20.9501953125,4277.77919921875,4273.340283203125,,0.0057062268007645,0.5340735650483436,53.43345566050291,-1.0,741128601.6,0.0,4358.73193359375,4170.00244140625,0.7553852601948681,7,1,12,8,-5.415965075193909,97.7089354657021,,normal,0.004333281631579977,0.023870232923439927,,,4358.73193359375,4170.00244140625,0.7553852601948681,,,,-1,,sideways,1,2025-09-11 12:47:24.097684,2025-09-13T15:30:02.412607
2025-08-12 08:00:00+00:00,ETH,crypto,1h,yahoo_finance,4314.38427734375,4329.5009765625,4297.0419921875,4310.83642578125,0,0.0,0.0,ETH-USD,ETH,Ethereum,-0.0004010355367076,-1.7294921875,32.458984375,3.5478515625,4286.773193359375,4279.86962890625,,0.0057059341867827,0.5340461778802759,52.350435606583325,,741128601.6,0.0,4358.73193359375,4172.533203125,0.7427721032687794,8,1,12,8,-13.644183954653837,100.54775933589922,,normal,0.0058531067756200095,0.021308255660661635,0.031239023818175893,,4358.73193359375,4172.533203125,0.7427721032687794,,,,-1,,sideways,1,2025-09-11 12:47:24.097684,2025-09-13T15:30:02.412607
2025-08-12 09:00:00+00:00,ETH,crypto,1h,yahoo_finance,4310.5712890625,4316.197265625,4287.9677734375,4287.9677734375,230395904,0.0,0.0,ETH-USD,ETH,Ethereum,-0.0053049223132156,-22.86865234375,28.2294921875,22.603515625,4292.76806640625,4280.535888671875,,0.0052614130886409,0.4924412827520252,56.061459889107375,inf,587153817.6,0.3923944579663072,4358.73193359375,4192.7060546875,0.5737763255798907,9,1,12,8,-30.36165564899556,56.81990676442896,,normal,-0.005249599517540671,0.014178916854323376,0.003117265378090428,,4358.73193359375,4192.7060546875,0.5737763255798907,-0.2689048324625023,,,-1,,sideways,1,2025-09-11 12:47:24.097684,2025-09-13T15:30:02.412607
2025-08-12 10:00:00+00:00,ETH,crypto,1h,yahoo_finance,4289.83935546875,4297.4794921875,4275.80029296875,4277.8974609375,0,0.0,0.0,ETH-USD,ETH,Ethereum,-0.002348504707144,-10.0703125,21.67919921875,11.94189453125,4292.93740234375,4280.4654541015625,,0.0052478287798467,0.4911698611139188,56.34210578427295,-1.0,461617971.2,0.0,4358.73193359375,4192.7060546875,0.5131212483934816,10,1,12,8,-37.72326846471252,20.164863323654984,,normal,-0.001809385081374515,0.00039599591946082313,-0.00032918687191341167,,4358.73193359375,4192.7060546875,0.5131212483934816,,,,-1,,sideways,1,2025-09-11 12:47:24.097684,2025-09-13T15:30:02.412607
2025-08-12 11:00:00+00:00,ETH,crypto,1h,yahoo_finance,4277.23486328125,4293.58154296875,4258.93603515625,4293.58154296875,0,0.0,0.0,ETH-USD,ETH,Ethereum,0.0036663062110453,15.68408203125,34.6455078125,16.3466796875,4295.198388671875,4278.894116210938,,0.0046610315489085,0.4362486495971133,67.9118338423527,,409777152.0,0.0,4358.73193359375,4192.7060546875,0.6075889430358713,11,1,12,8,-26.38520250785498,5.987530739455625,,normal,9.451318544240195e-05,0.005293845283212972,-0.007266288438526947,,4358.73193359375,4192.7060546875,0.6075889430358713,-1.0,,,-1,,sideways,1,2025-09-11 12:47:24.097684,2025-09-13T15:30:02.412607
2025-08-12 12:00:00+00:00,ETH,crypto,1h,yahoo_finance,4289.9287109375,4410.6953125,4280.36572265625,4401.5,4226240512,0.0,0.0,ETH-USD,ETH,Ethereum,0.0251348334604193,107.91845703125,130.32958984375,111.5712890625,4305.952490234375,4282.934057617187,,0.0078851064857786,0.7380055295175731,77.63973205878925,inf,612316569.6,6.902051523382457,4410.6953125,4192.7060546875,0.9578175888469276,12,1,12,8,-4.837251356238698,258.355774144538,,normal,0.020622080618106553,0.025044723532833935,0.018700397206580455,,4410.6953125,4192.7060546875,0.9578175888469275,inf,,,1,,sideways,1,2025-09-11 12:47:24.097684,2025-09-13T15:30:02.412607
2025-08-12 13:00:00+00:00,ETH,crypto,1h,yahoo_finance,4405.84912109375,4425.29931640625,4360.326171875,4378.6220703125,1577664512,0.0,0.0,ETH-USD,ETH,Ethereum,-0.0051977575116437,-22.8779296875,64.97314453125,27.22705078125,4315.23955078125,4287.156469726562,,0.0081840486690783,0.7659849847955894,71.98806904781934,-0.6266978872782146,506616422.4,3.1141203526844063,4425.29931640625,4192.7060546875,0.799318149851685,13,1,12,8,-23.29573977590081,242.71610377518718,,normal,0.015724476142461308,0.02166961995593364,0.019665771710124957,,4425.29931640625,4192.7060546875,0.799318149851685,inf,,,1,,sideways,1,2025-09-11 12:47:24.097684,2025-09-13T15:30:02.412607
2025-08-12 14:00:00+00:00,ETH,crypto,1h,yahoo_finance,4383.11376953125,4420.861328125,4378.48046875,4413.443359375,56115200,0.0,0.0,ETH-USD,ETH,Ethereum,0.007952567840598,34.8212890625,42.380859375,30.32958984375,4325.52421875,4292.910571289062,,0.0079454386739855,0.7436523129294322,70.85059347181009,-0.9644314747697132,509422182.4,0.1101546064123649,4425.29931640625,4192.7060546875,0.9490270829703308,14,1,12,8,-7.126546760900703,195.6778365749993,,normal,0.029262250223702324,0.023859035611505153,0.0267734660874126,,4425.29931640625,4192.7060546875,0.9490270829703307,-0.7564401144909243,,,-1,,sideways,1,2025-09-11 12:47:24.097684,2025-09-13T15:30:02.412607
2025-08-12 15:00:00+00:00,ETH,crypto,1h,yahoo_finance,4416.00634765625,4474.66552734375,4416.00634765625,4469.4287109375,1328582656,0.0,0.0,ETH-USD,ETH,Ethereum,0.0126851863734869,55.9853515625,58.6591796875,53.42236328125,4343.901904296875,4303.4857177734375,,0.0083327140151774,0.7798992987831933,76.12277007797496,22.67598540145985,524603187.2,2.53254781598094,4474.66552734375,4192.7060546875,0.9814270598646124,15,1,12,8,-2.427492112065258,193.91860842217005,37.892000979203985,normal,0.04477228632731789,0.04288189093900385,0.04967276099993678,,4474.66552734375,4192.7060546875,0.9814270598646123,inf,,,1,,sideways,1,2025-09-11 12:47:24.097684,2025-09-13T15:30:02.412607
2025-08-12 16:00:00+00:00,ETH,crypto,1h,yahoo_finance,4472.3193359375,4484.21826171875,4443.97509765625,4463.44677734375,0,0.0,0.0,ETH-USD,ETH,Ethereum,-0.0013384112334337,-5.98193359375,40.2431640625,8.87255859375,4360.92900390625,4314.327001953125,,0.0083957264470378,0.785796939255797,73.3551334584822,-1.0,485783961.6,0.0,4484.21826171875,4192.7060546875,0.928745747608527,16,1,12,8,-9.220205558132378,153.1340261248559,39.318290726573835,normal,0.03956259655838479,0.03966084893085231,0.0510584012105213,,4484.21826171875,4192.7060546875,0.928745747608527,,,,-1,,sideways,1,2025-09-11 12:47:24.097684,2025-09-13T15:30:02.412607
2025-08-12 17:00:00+00:00,ETH,crypto,1h,yahoo_finance,4465.2109375,4501.62158203125,4465.2109375,4501.62158203125,1804693504,0.0,0.0,ETH-USD,ETH,Ethereum,0.0085527635013535,38.1748046875,36.41064453125,36.41064453125,4379.8345703125,4328.806884765625,,0.0084096722433882,0.7871021942753276,77.47722775230955,inf,573646848.0,3.146000906815756,4501.62158203125,4193.3662109375,1.0,17,1,12,8,-0.0,142.4945821593121,40.80411125333354,normal,0.022747150296773766,0.04383832448213254,0.06875498842193428,,4501.62158203125,4193.3662109375,1.0,-0.5729789871457274,,,1,,sideways,1,2025-09-11 12:47:24.097684,2025-09-13T15:30:02.412607
2025-08-12 18:00:00+00:00,ETH,crypto,1h,yahoo_finance,4500.32080078125,4513.30859375,4479.43994140625,4487.53515625,885460992,0.0,0.0,ETH-USD,ETH,Ethereum,-0.0031291892320486,-14.08642578125,33.86865234375,12.78564453125,4397.504443359375,4342.138818359375,,0.0085630822738585,0.801460586387697,73.15599383478134,-0.509356580473401,598915276.8,1.478441152363005,4513.30859375,4220.6015625,0.9119480068861516,18,1,12,8,-10.132161127160694,119.70900912115434,42.29014806556035,normal,0.024873826557432643,0.040989430592167864,0.06317109951927247,,4513.30859375,4220.6015625,0.9119480068861516,-0.4387520380505333,,,1,,sideways,1,2025-09-11 12:47:24.097684,2025-09-13T15:30:02.412607
2025-08-12 19:00:00+00:00,ETH,crypto,1h,yahoo_finance,4488.92236328125,4517.21337890625,4483.98046875,4517.21337890625,0,0.0,0.0,ETH-USD,ETH,Ethereum,0.0066134796994103,29.67822265625,33.23291015625,28.291015625,4420.42900390625,4356.59853515625,,0.0082289804731344,0.7701903712294264,79.9336740104122,-1.0,598446489.6,0.0,4517.21337890625,4224.93115234375,1.0,19,1,12,8,-0.0,110.01521439364963,43.706387505875696,normal,0.023512258135322428,0.05346252993990497,0.06839948756106806,,4517.21337890625,4224.93115234375,1.0,-1.0,,,-1,,sideways,1,2025-09-11 12:47:24.097684,2025-09-13T15:30:02.412607
2025-08-12 20:00:00+00:00,ETH,crypto,1h,yahoo_finance,4512.53466796875,4629.3486328125,4506.38525390625,4621.9443359375,3690147840,0.0,0.0,ETH-USD,ETH,Ethereum,0.0231848593914791,104.73095703125,122.96337890625,109.40966796875,4454.83369140625,4373.885546875,,0.0096843736425307,0.906407708125737,83.96383072310306,inf,782953881.6,4.713110090800015,4629.3486328125,4258.93603515625,0.9800106774935572,20,1,12,8,-1.9989322506442746,147.62828840893192,45.80818683885401,high,0.0341241878691938,0.08042429210647839,0.08085213571743877,,4629.3486328125,4258.93603515625,0.9800106774935573,1.7775071602319636,,,1,,sideways,1,2025-09-11 12:47:24.097684,2025-09-13T15:30:02.412607
2025-08-12 21:00:00+00:00,ETH,crypto,1h,yahoo_finance,4619.72021484375,4619.72021484375,4580.33740234375,4585.501953125,1050968064,0.0,0.0,ETH-USD,ETH,Ethereum,-0.0078846433803075,-36.4423828125,39.3828125,34.21826171875,4484.025732421875,4389.612060546875,,0.0103111340430561,0.9650692673709604,77.23639113541769,-0.7151962171792011,814855372.8,1.2897602434511433,4629.3486328125,4258.93603515625,0.8816274609315784,21,1,12,8,-11.837253906842164,128.16119004626165,47.75985764804817,high,0.02734549819229315,0.0679899536633477,0.07364372724206714,,4629.3486328125,4258.93603515625,0.8816274609315784,inf,,,1,,sideways,1,2025-09-11 12:47:24.097684,2025-09-13T15:30:02.412607
2025-08-12 22:00:00+00:00,ETH,crypto,1h,yahoo_finance,4587.662109375,4587.662109375,4563.86962890625,4574.0146484375,1490087936,0.0,0.0,ETH-USD,ETH,Ethereum,-0.0025051357092261,-11.4873046875,23.79248046875,13.6474609375,4501.277197265625,4403.61484375,,0.0104020857254837,0.9735818784145208,75.76096775272791,0.4178241823340505,889359769.6,1.6754613677546766,4629.3486328125,4258.93603515625,0.8506152740886231,22,1,12,8,-14.93847259113768,98.98148165922277,48.98863858862318,high,0.016081553077498922,0.039194512879132004,0.06522085215102802,,4629.3486328125,4258.93603515625,0.8506152740886231,-0.17432631485772776,,,1,,sideways,1,2025-09-11 12:47:24.097684,2025-09-13T15:30:02.412607
2025-08-12 23:00:00+00:00,ETH,crypto,1h,yahoo_finance,4574.58056640625,4613.380859375,4574.58056640625,4589.17626953125,869830656,0.0,0.0,ETH-USD,ETH,Ethereum,0.0033147294573989,15.16162109375,38.80029296875,14.595703125,4522.3326171875,4418.786083984375,,0.0100391511878193,0.9396130669428792,79.93518713525779,-0.4162554873540027,932851302.4,0.932442988247041,4629.3486328125,4258.93603515625,0.8915469842671746,23,1,12,8,-10.845301573282539,100.84359068669569,50.313649381317134,high,0.022649652814349386,0.04808686290747244,0.07079850690748413,,4629.3486328125,4258.93603515625,0.8915469842671746,-0.017652201668077572,,,0,,sideways,1,2025-09-11 12:47:24.097684,2025-09-13T15:30:02.412607
2025-08-13 00:00:00+00:00,ETH,crypto,1h,yahoo_finance,4587.6591796875,4633.4443359375,4583.474609375,4617.73046875,1751216128,0.0,0.0,ETH-USD,ETH,Ethereum,0.0062220750613413,28.55419921875,49.9697265625,30.0712890625,4542.761328125,4434.1427734375,,0.0098216235499261,0.9192535955929856,82.57695613018463,1.013283983405616,1004655206.4,1.7431016301355426,4633.4443359375,4258.93603515625,0.9580413380565402,0,2,13,8,-4.195866194345972,104.44320153853437,51.678901835401696,high,0.022252012781403874,0.046287465985273224,0.07125087589608725,,4633.4443359375,4258.93603515625,0.9580413380565402,inf,,,1,,sideways,1,2025-09-11 12:47:24.097684,2025-09-13T15:30:02.412607
2025-08-13 01:00:00+00:00,ETH,crypto,1h,yahoo_finance,4613.6591796875,4613.6591796875,4568.30419921875,4581.4521484375,0,0.0,0.0,ETH-USD,ETH,Ethereum,-0.0078563096217957,-36.2783203125,45.35498046875,32.20703125,4553.963671875,4448.932788085937,,0.0104514551650668,0.9782026047759452,76.54755161057041,-1.0,1004655206.4,0.0,4633.4443359375,4258.93603515625,0.8611721358604316,1,2,13,8,-14.725385663216269,74.48880604769244,52.39929442311986,high,-0.008760855725837402,0.025064375056673027,0.06902107379331124,,4633.4443359375,4258.93603515625,0.8611721358604316,-1.0,,,-1,,sideways,1,2025-09-11 12:47:24.097684,2025-09-13T15:30:02.412607
2025-08-13 02:00:00+00:00,ETH,crypto,1h,yahoo_finance,4583.15576171875,4621.99072265625,4573.04150390625,4620.1318359375,1065086976,0.0,0.0,ETH-USD,ETH,Ethereum,0.008442669757708,38.6796875,48.94921875,36.97607421875,4569.632177734375,4465.280590820313,,0.0087549086499088,0.8194145514340422,73.11409875467436,inf,1001324544.0,1.0636780875711762,4633.4443359375,4258.93603515625,0.9644533913608078,2,2,13,8,-4.874263872451041,78.16870455953674,53.139383159406215,normal,0.007552037523154809,0.035104049943885496,0.0761571552964233,,4633.4443359375,4258.93603515625,0.9644533913608078,0.013434196988120872,,,1,,sideways,1,2025-09-11 12:47:24.097684,2025-09-13T15:30:02.412607
2025-08-13 03:00:00+00:00,ETH,crypto,1h,yahoo_finance,4621.705078125,4647.14111328125,4609.74609375,4647.14111328125,2286391296,0.0,0.0,ETH-USD,ETH,Ethereum,0.0058459971063291,27.00927734375,37.39501953125,25.43603515625,4584.184130859375,4482.009350585938,,0.0084009191406654,0.7862829487494146,78.14241543105064,1.146670973845426,1115644108.8,2.049391269102178,4647.14111328125,4258.93603515625,1.0,3,2,13,8,-0.0,96.23427748189357,54.034302311939186,normal,0.01598737005985118,0.032326024877536996,0.07758146812746869,,4647.14111328125,4258.93603515625,1.0,0.5344002462952628,,,1,,sideways,1,2025-09-11 12:47:24.097684,2025-09-13T15:30:02.412607
2025-08-13 04:00:00+00:00,ETH,crypto,1h,yahoo_finance,4646.525390625,4676.5654296875,4646.525390625,4674.79052734375,2204594176,0.0,0.0,ETH-USD,ETH,Ethereum,0.0059497685541503,27.6494140625,30.0400390625,28.26513671875,4602.90966796875,4500.207055664063,,0.0083507083648248,0.7815834776289479,77.80881275620743,-0.0357756435405883,1225873817.6,1.7983858895984306,4676.5654296875,4258.93603515625,0.9957500540742776,4,2,13,8,-0.6811899742328414,121.69941078890774,55.08493847248566,normal,0.01865569173729842,0.041727889492509274,0.08442772251478803,,4676.5654296875,4258.93603515625,0.9957500540742776,1.534509632182934,,,1,,sideways,1,2025-09-11 12:47:24.097684,2025-09-13T15:30:02.412607
2025-08-13 05:00:00+00:00,ETH,crypto,1h,yahoo_finance,4673.3115234375,4673.3115234375,4623.7822265625,4630.23583984375,0,0.0,0.0,ETH-USD,ETH,Ethereum,-0.0095308414867769,-44.5546875,49.529296875,43.07568359375,4614.2119140625,4517.320458984375,,0.0087072107477519,0.8149502724034844,67.53739569410348,-1.0,1214354022.4,0.0,4676.5654296875,4258.93603515625,0.8890653041897335,5,2,13,8,-19.91896629543713,90.84383408180423,55.224267371450836,normal,0.00270812061864123,0.02502039453466476,0.07982057806648735,,4676.5654296875,4258.93603515625,0.8890653041897335,-1.0,,,-1,,sideways,1,2025-09-11 12:47:24.097684,2025-09-13T15:30:02.412607
2025-08-13 06:00:00+00:00,ETH,crypto,1h,yahoo_finance,4631.474609375,4645.58935546875,4611.37841796875,4621.6884765625,695697408,0.0,0.0,ETH-USD,ETH,Ethereum,-0.0018459887523868,-8.54736328125,34.2109375,9.7861328125,4614.186328125,4534.510009765625,,0.0087257422128386,0.8166847224998476,67.1615835221177,inf,1249138892.8,0.5569415955343153,4676.5654296875,4258.93603515625,0.8685989208527952,6,2,13,8,-25.96441294293226,65.56091250985605,54.914450449122924,normal,0.008782439894897243,-5.5357519780252495e-05,0.08036448249735706,,4676.5654296875,4258.93603515625,0.8685989208527952,inf,,,0,,sideways,1,2025-09-11 12:47:24.097684,2025-09-13T15:30:02.412607
2025-08-13 07:00:00+00:00,ETH,crypto,1h,yahoo_finance,4622.16943359375,4629.984375,4615.203125,4625.94677734375,506454016,0.0,0.0,ETH-USD,ETH,Ethereum,0.0009213733904491,4.25830078125,14.78125,3.77734375,4618.230810546875,4551.128271484375,,0.0085570741922424,0.8008982607599461,64.55395787081389,-0.272019688191795,1274461593.6,0.3973866443235909,4676.5654296875,4280.36572265625,0.8722395513034605,7,2,13,8,-25.6783903416536,54.382325101119164,54.6267633069613,normal,0.0012586094104543033,0.008820151999103798,0.07740978738817428,,4676.5654296875,4280.36572265625,0.8722395513034605,-0.5244951563467433,,,-1,,sideways,1,2025-09-11 12:47:24.097684,2025-09-13T15:30:02.412607
2025-08-13 08:00:00+00:00,ETH,crypto,1h,yahoo_finance,4625.7958984375,4635.2958984375,4610.37646484375,4623.80859375,0,0.0,0.0,ETH-USD,ETH,Ethereum,-0.0004622153467528,-2.13818359375,24.91943359375,1.9873046875,4623.210205078125,4562.243701171875,,0.0084637216199592,0.7921609387384895,66.41176664298786,-1.0,1063149568.0,0.0,4676.5654296875,4360.326171875,0.8331742987811468,8,2,13,8,-27.39405802025283,43.6549640614325,54.42654056490985,normal,-0.0050208330159303705,0.010886267128486393,0.05050746194479161,,4676.5654296875,4360.326171875,0.8331742987811468,-1.0,,,-1,,sideways,1,2025-09-11 12:47:24.097684,2025-09-13T15:30:02.412607
2025-08-13 09:00:00+00:00,ETH,crypto,1h,yahoo_finance,4625.47802734375,4707.39501953125,4624.71142578125,4707.39501953125,2975264768,0.0,0.0,ETH-USD,ETH,Ethereum,0.0180773974714769,83.58642578125,82.68359375,81.9169921875,4635.032080078125,4578.682348632812,,0.009426290130945,0.8822524149827621,70.27185137070717,inf,1133029580.8,2.6259374145370944,4707.39501953125,4378.48046875,1.0,9,2,13,8,-0.0,168.85057624004045,54.990931143527845,high,0.006974535435714246,0.0257603419561121,0.07508593889567772,,4707.39501953125,4378.48046875,1.0,0.3495748108154306,,,1,,sideways,1,2025-09-11 12:47:24.097684,2025-09-13T15:30:02.412607
2025-08-13 10:00:00+00:00,ETH,crypto,1h,yahoo_finance,4705.80419921875,4707.728515625,4689.00341796875,4693.982421875,256860160,0.0,0.0,ETH-USD,ETH,Ethereum,-0.0028492611307529,-13.41259765625,18.72509765625,11.82177734375,4642.657275390625,4592.709301757813,,0.0075090584942484,0.7028093660144238,59.53490716756372,-0.9136681337531304,1143066828.8,0.2247114110289192,4707.728515625,4416.00634765625,0.9528795022822109,10,2,13,8,-9.555262148576317,173.27097295291142,55.517927554908056,normal,0.013767458988309667,0.016512863546503498,0.06356466814150474,,4707.728515625,4416.00634765625,0.9528795022822109,inf,,,-1,,sideways,1,2025-09-11 12:47:24.097684,2025-09-13T15:30:02.412607
2025-08-13 11:00:00+00:00,ETH,crypto,1h,yahoo_finance,4693.48046875,4701.998046875,4670.7939453125,4686.482421875,1794371584,0.0,0.0,ETH-USD,ETH,Ethereum,-0.0015977903890411,-7.5,31.2041015625,6.998046875,4653.160302734375,4603.561987304687,,0.007105543454621,0.6650424276698826,64.47468987006879,5.985791739754425,1166356275.2,1.5384420885396373,4707.728515625,4443.97509765625,0.9194471339419106,11,2,13,8,-14.768704412079165,118.81998737498667,55.31174941923085,normal,0.014019539750695698,0.0229251054108075,0.04856408390771061,,4707.728515625,4443.97509765625,0.9194471339419106,1.5792414394046443,,,1,,sideways,1,2025-09-11 12:47:24.097684,2025-09-13T15:30:02.412607
2025-08-13 12:00:00+00:00,ETH,crypto,1h,yahoo_finance,4690.2373046875,4718.18994140625,4676.0146484375,4684.0888671875,0,0.0,0.0,ETH-USD,ETH,Ethereum,-0.0005107358722455,-2.3935546875,42.17529296875,6.1484375,4659.556005859375,4614.594091796875,,0.0070369934824054,0.65862650181845,66.20055364396036,-1.0,1166356275.2,0.0,4718.18994140625,4465.2109375,0.865201958691452,12,2,13,8,-22.75137963162044,110.31598895501448,55.304053013569096,normal,0.012568689749849593,0.013843118231499973,0.04943311768916314,,4718.18994140625,4465.2109375,0.865201958691452,-1.0,,,-1,,sideways,1,2025-09-11 12:47:24.097684,2025-09-13T15:30:02.412607
2025-08-13 13:00:00+00:00,ETH,crypto,1h,yahoo_finance,4685.15625,4734.44580078125,4658.1005859375,4667.76318359375,0,0.0,0.0,ETH-USD,ETH,Ethereum,-0.0034853488173789,-16.32568359375,76.34521484375,17.39306640625,4661.618212890625,4622.901171875,4434.46349609375,0.0071524060857885,0.6694285296193877,61.526804156198345,,1076121600.0,0.0,4734.44580078125,4479.43994140625,0.7385055490452885,13,2,13,8,-40.13601443610437,81.92354556844198,54.62315167472389,normal,0.009506143896865327,0.004437582119803274,0.036907056387341264,,4734.44580078125,4479.43994140625,0.7385055490452885,,911373926.4,0.0,-1,0.051224847604895554,uptrend,1,2025-09-11 12:47:24.097684,2025-09-13T15:30:02.412607
2025-08-13 14:00:00+00:00,ETH,crypto,1h,yahoo_finance,4669.7451171875,4698.7568359375,4643.06640625,4657.33154296875,1270382592,0.0,0.0,ETH-USD,ETH,Ethereum,-0.0022348264499932,-10.431640625,55.6904296875,12.41357421875,4659.872314453125,4631.3909912109375,4444.00513671875,0.0070554797560484,0.6603567222274405,56.134657946849046,inf,1095367680.0,1.15977731970328,4734.44580078125,4483.98046875,0.6921160418205956,14,2,13,8,-46.41477937329908,32.60635495379049,53.44873716578534,normal,-0.010635070215009312,-0.0037347094533710656,0.0378373384957813,0.11412764475244042,4734.44580078125,4483.98046875,0.6921160418205956,-0.5730186416807662,936781578.24,1.3561139773764133,1,0.04857491634083971,uptrend,1,2025-09-11 12:47:24.097684,2025-09-13T15:30:02.412607
2025-08-13 15:00:00+00:00,ETH,crypto,1h,yahoo_finance,4649.35791015625,4672.5234375,4623.79052734375,4656.673828125,0,0.0,0.0,ETH-USD,ETH,Ethereum,-0.0001412213920529,-0.65771484375,48.73291015625,7.31591796875,4662.51611328125,4638.364013671875,4451.64576171875,0.006629854830264,0.6205204119257364,63.098226067556354,-1.0,1095367680.0,0.0,4734.44580078125,4506.38525390625,0.658985415399899,15,2,13,8,-48.18457386948051,-12.177091751072089,51.69620193552522,normal,-0.007948175002985503,0.005709857811938557,0.030873115241794924,0.08937150721208864,4734.44580078125,4506.38525390625,0.658985415399899,-1.0,870583746.56,0.0,-1,0.04736907715700286,uptrend,1,2025-09-11 12:47:24.097684,2025-09-13T15:30:02.412607
2025-08-13 16:00:00+00:00,ETH,crypto,1h,yahoo_finance,4663.56201171875,4725.12890625,4663.24560546875,4699.49609375,3524583424,0.0,0.0,ETH-USD,ETH,Ethereum,0.0091958911458143,42.822265625,61.88330078125,35.93408203125,4670.296875,4642.2416015625,4460.049560546875,0.0066960145680301,0.6267126240906491,63.62302952279418,inf,1087089459.2,3.2422202185584394,4734.44580078125,4563.86962890625,0.7951079177878285,16,2,13,8,-28.02709634473442,91.00026404276267,50.904958633986276,normal,0.0027768528084637367,0.016835322757489557,0.016779033275996724,0.09819113810684343,4734.44580078125,4563.86962890625,0.7951079177878285,0.9642438920833913,890861076.48,3.956378291805555,1,0.04714012963285216,uptrend,1,2025-09-11 12:47:24.097684,2025-09-13T15:30:02.412607
2025-08-13 17:00:00+00:00,ETH,crypto,1h,yahoo_finance,4700.16015625,4731.34912109375,4700.16015625,4727.6279296875,0,0.0,0.0,ETH-USD,ETH,Ethereum,0.0059861388064379,28.1318359375,31.18896484375,27.4677734375,4680.464990234375,4649.347900390625,4468.101953125,0.0067035336389545,0.6274163705687786,63.7626804485226,-1.0,1034541056.0,0.0,4734.44580078125,4563.86962890625,0.9600303429323868,17,2,13,8,-5.495210433933899,133.28651886757254,50.25734332871719,normal,0.009295097453209111,0.021980614399142784,0.03099463875828068,0.093091065012181,4734.44580078125,4563.86962890625,0.9600303429323868,,870124748.8,0.0,-1,0.04752869100510292,uptrend,1,2025-09-11 12:47:24.097684,2025-09-13T15:30:02.412607
2025-08-13 18:00:00+00:00,ETH,crypto,1h,yahoo_finance,4733.166015625,4747.63623046875,4699.8642578125,4714.634765625,0,0.0,0.0,ETH-USD,ETH,Ethereum,-0.0027483474282966,-12.9931640625,47.77197265625,18.53125,4689.547607421875,4656.37890625,4475.980625,0.0066369955108751,0.6211887430110643,57.17259189331252,,960036659.2,0.0,4747.63623046875,4568.30419921875,0.8159756256943083,18,2,13,8,-24.043072413449636,112.54677003086526,49.883408195953066,normal,0.010041550992988313,0.019643151318540664,0.030743259039525794,0.09117353366491887,4747.63623046875,4568.30419921875,0.8159756256943083,,866615705.6,0.0,-1,0.0477140095801632,uptrend,1,2025-09-11 12:47:24.097684,2025-09-13T15:30:02.412607
2025-08-13 19:00:00+00:00,ETH,crypto,1h,yahoo_finance,4716.21875,4747.0654296875,4710.666015625,4734.34814453125,2004000768,0.0,0.0,ETH-USD,ETH,Ethereum,0.004181316238955,19.71337890625,36.3994140625,18.12939453125,4692.242919921875,4663.6375,4484.784111328125,0.0060043241231814,0.5619739456804723,70.58270458950815,inf,1016745164.8,1.970996113263248,4747.63623046875,4568.30419921875,0.9259023285194624,19,2,13,8,-9.680976706461573,120.09215032409107,49.53618271552924,normal,0.01653663709614439,0.005725698584497341,0.03163353649408385,0.10250500655639438,4747.63623046875,4568.30419921875,0.9259023285194624,0.577478139750832,832862371.84,2.406160772484731,1,0.046258371293665994,uptrend,1,2025-09-11 12:47:24.097684,2025-09-13T15:30:02.412607
2025-08-13 20:00:00+00:00,ETH,crypto,1h,yahoo_finance,4740.0419921875,4740.0419921875,4702.30078125,4718.91650390625,0,0.0,0.0,ETH-USD,ETH,Ethereum,-0.0032595069382097,-15.431640625,37.7412109375,21.12548828125,4694.736328125,4668.696801757813,4493.19521484375,0.006078268363692,0.5688947473806357,68.71235173278353,-1.0,929184358.4,0.0,4747.63623046875,4568.30419921875,0.8398516630726002,20,2,13,8,-20.923630775360362,89.75891099107784,48.88664581343988,normal,0.01336633787947994,0.0053119248838793265,0.021912503521159588,0.0978408150635166,4747.63623046875,4568.30419921875,0.8398516630726002,,832862371.84,0.0,-1,0.04485474225901359,uptrend,1,2025-09-11 12:47:24.097684,2025-09-13T15:30:02.412607
2025-08-13 21:00:00+00:00,ETH,crypto,1h,yahoo_finance,4718.84326171875,4771.3828125,4717.99951171875,4717.99951171875,0,0.0,0.0,ETH-USD,ETH,Ethereum,-0.0001943226134094,-0.9169921875,53.38330078125,0.84375,4697.888037109375,4675.524169921875,4502.396689453125,0.0060938059530886,0.5703489860660333,67.94714595788432,,929184358.4,0.0,4771.3828125,4573.04150390625,0.7308513231069195,21,2,13,8,-33.156022453986616,118.73059393231453,48.76426982086772,normal,0.0039373195763177105,0.006725105741704818,0.029804384910539605,0.1080511390063934,4771.3828125,4573.04150390625,0.7308513231069195,-1.0,812363120.64,0.0,-1,0.04341939663250655,uptrend,1,2025-09-11 12:47:24.097684,2025-09-13T15:30:02.412607
2025-08-13 22:00:00+00:00,ETH,crypto,1h,yahoo_finance,4723.21923828125,4778.392578125,4713.609375,4734.84716796875,0,0.0,0.0,ETH-USD,ETH,Ethereum,0.0035709321732977,16.84765625,64.783203125,11.6279296875,4702.9638671875,4681.259936523437,4512.1612109375,0.0060930323349494,0.5702765793755811,70.47438979373183,,875930009.6,0.0,4778.392578125,4609.74609375,0.7417947351963589,22,2,13,8,-28.166127121989735,119.00725448146049,48.750626846985384,normal,0.001527031819893443,0.010836323182682683,0.024829449917195268,0.11496812723350835,4778.392578125,4609.74609375,0.7417947351963589,,796835430.4,0.0,-1,0.0422863118869719,uptrend,1,2025-09-11 12:47:24.097684,2025-09-13T15:30:02.412607
2025-08-13 23:00:00+00:00,ETH,crypto,1h,yahoo_finance,4737.0107421875,4777.6708984375,4737.0107421875,4758.123046875,3056025600,0.0,0.0,ETH-USD,ETH,Ethereum,0.0049158669922255,23.27587890625,40.66015625,21.1123046875,4711.999853515625,4686.809033203125,4523.083193359375,0.004045251423196,0.3786147877637364,62.02918284784023,inf,914411724.8,3.3420673829050185,4778.392578125,4610.37646484375,0.8793595991827886,23,2,13,8,-13.110777733912357,133.5188078931773,48.737958371237504,normal,0.009224103968154429,0.019358279271503465,0.02388176534527231,0.12965242617715167,4778.392578125,4610.37646484375,0.8793595991827886,inf,857007226.88,3.5659274556244918,1,0.04176723090868851,uptrend,1,2025-09-11 12:47:24.097684,2025-09-13T15:30:02.412607
2025-08-14 00:00:00+00:00,ETH,crypto,1h,yahoo_finance,4750.02783203125,4758.3271484375,4716.66259765625,4716.66259765625,84717568,0.0,0.0,ETH-USD,ETH,Ethereum,-0.0087136143412642,-41.46044921875,41.66455078125,33.365234375,4717.932958984375,4688.90263671875,4532.998515625,0.0046998940531782,0.439885980696403,54.746755887841296,-0.9722785149443774,808417894.4,0.1047942760629718,4778.392578125,4610.37646484375,0.6325948787696493,0,3,14,8,-39.92830635609948,53.9902403409212,47.85697370710145,normal,-0.00373558224598014,0.01273928088221954,0.008956993916108491,0.11745516980018045,4778.392578125,4610.37646484375,0.6325948787696493,-0.9577257806719564,851099729.92,0.09953894358298424,-1,0.04079737567129466,uptrend,1,2025-09-11 12:47:24.097684,2025-09-13T15:30:02.412607
2025-08-14 01:00:00+00:00,ETH,crypto,1h,yahoo_finance,4718.43310546875,4748.806640625,4712.72802734375,4724.34375,0,0.0,0.0,ETH-USD,ETH,Ethereum,0.0016285142692986,7.68115234375,36.07861328125,5.91064453125,4724.699951171875,4693.6080322265625,4542.925009765625,0.0046758344829536,0.4376341283091769,57.91802990756511,-1.0,808417894.4,0.0,4778.392578125,4610.37646484375,0.6783116388692724,1,3,14,8,-34.95996841689696,43.139543103394146,46.87552497200106,normal,0.0011501042854344945,0.014531814847390079,0.020324647255856698,0.11738942090543425,4778.392578125,4610.37646484375,0.6783116388692724,,850912215.04,0.0,-1,0.040012754121078485,uptrend,1,2025-09-11 12:47:24.097684,2025-09-13T15:30:02.412607
2025-08-14 02:00:00+00:00,ETH,crypto,1h,yahoo_finance,4723.47314453125,4766.42138671875,4721.9794921875,4751.15966796875,1923461120,0.0,0.0,ETH-USD,ETH,Ethereum,0.0056761149035249,26.81591796875,44.44189453125,27.6865234375,4729.86630859375,4700.081591796875,4552.42412109375,0.0048532990273237,0.4542438995626948,62.726647753488784,inf,869806080.0,2.2113677568223022,4778.392578125,4610.37646484375,0.8379148902780321,2,3,14,8,-17.61484405842874,83.75144056304306,46.3162056336548,normal,0.00702843571043954,0.010993428484270762,0.028013829158504366,0.11106943333988761,4778.392578125,4610.37646484375,0.8379148902780321,inf,889381437.44,2.162695373468216,1,0.03897751676470956,uptrend,1,2025-09-11 12:47:24.097684,2025-09-13T15:30:02.412607
2025-08-14 03:00:00+00:00,ETH,crypto,1h,yahoo_finance,4751.498046875,4778.0537109375,4744.9111328125,4778.0537109375,243621888,0.0,0.0,ETH-USD,ETH,Ethereum,0.0056605218195597,26.89404296875,33.142578125,26.5556640625,4734.90888671875,4707.686938476562,4562.56576171875,0.0048145823327792,0.4506202155059227,70.12059440266665,-0.8733419222947434,856664473.6,0.2843842548719414,4778.392578125,4610.37646484375,0.9979831268508588,3,3,14,8,-0.21918673509672326,130.11498216556743,46.0167616697463,normal,0.009125224412952937,0.010666190740888704,0.03288125456581481,0.1187275564625383,4778.392578125,4610.37646484375,0.9979831268508589,inf,885995110.4,0.27496978836600133,-1,0.03777329117007126,uptrend,1,2025-09-11 12:47:24.097684,2025-09-13T15:30:02.412607
2025-08-14 04:00:00+00:00,ETH,crypto,1h,yahoo_finance,4776.50341796875,4785.34814453125,4754.1884765625,4759.3193359375,0,0.0,0.0,ETH-USD,ETH,Ethereum,-0.0039209218090443,-18.734375,31.15966796875,17.18408203125,4739.37734375,4714.462475585938,4571.87296875,0.0049395177721726,0.4623135319210277,68.05883380280716,-1.0,856664473.6,0.0,4785.34814453125,4623.79052734375,0.8388883851663795,4,3,14,8,-16.111161483362046,122.01864589837587,45.87507209394711,normal,0.0002514203711663221,0.009477843466964009,0.029307169498899555,0.10837559307293532,4785.34814453125,4623.79052734375,0.8388883851663795,-1.0,885995110.4,0.0,-1,0.03663802037916158,uptrend,1,2025-09-11 12:47:24.097684,2025-09-13T15:30:02.412607
2025-08-14 05:00:00+00:00,ETH,crypto,1h,yahoo_finance,4760.17529296875,4771.65673828125,4729.10400390625,4731.455078125,0,0.0,0.0,ETH-USD,ETH,Ethereum,-0.0058546728735131,-27.8642578125,42.552734375,28.72021484375,4739.088037109375,4715.665478515625,4580.787041015625,0.005312787559071,0.497249669718241,62.07773813692182,,707901235.2,0.0,4785.34814453125,4623.79052734375,0.6664158128570133,5,3,14,8,-44.137547687410525,34.57006091192995,44.62352047662445,normal,0.0031362176459475144,-0.0006110801989903658,0.005111119524476626,0.10399660758151308,4785.34814453125,4623.79052734375,0.6664158128570133,-1.0,885995110.4,0.0,-1,0.03455759778316459,uptrend,1,2025-09-11 12:47:24.097684,2025-09-13T15:30:02.412607
2025-08-14 06:00:00+00:00,ETH,crypto,1h,yahoo_finance,4732.68798828125,4779.08740234375,4721.2470703125,4776.4833984375,750018560,0.0,0.0,ETH-USD,ETH,Ethereum,0.0095168018229063,45.0283203125,57.84033203125,43.79541015625,4744.8447265625,4719.79052734375,4590.104775390625,0.0053507210707761,0.5008000518776884,62.34605602746248,inf,732559155.2,1.0238334401748528,4785.34814453125,4623.79052734375,0.9451295070571524,6,3,14,8,-10.370078425324582,86.96403832593487,43.13663177880461,normal,0.011036379060583856,0.012199176332871486,0.01757590232507633,0.10807940370421631,4785.34814453125,4623.79052734375,0.9451295070571524,inf,894692720.64,0.8382973759566186,1,0.033711638131115725,uptrend,1,2025-09-11 12:47:24.097684,2025-09-13T15:30:02.412607
2025-08-14 07:00:00+00:00,ETH,crypto,1h,yahoo_finance,4776.8134765625,4776.8134765625,4733.87841796875,4748.67529296875,1295720448,0.0,0.0,ETH-USD,ETH,Ethereum,-0.0058218783881561,-27.80810546875,42.93505859375,28.13818359375,4747.9123046875,4722.900170898438,4599.365244140625,0.0054634033383246,0.5113465342466141,53.378765004757945,0.727584512041942,707626598.4,1.83107934457202,4785.34814453125,4623.79052734375,0.7730045032792335,7,3,14,8,-42.90030901748433,50.98909773451869,41.75594941654334,normal,-0.0005228986549850045,0.006501861895874761,0.01327069334634734,0.10804037591367899,4785.34814453125,4623.79052734375,0.7730045032792335,-0.3263599484662315,920607129.6,1.4074629734433897,1,0.03229729596624607,uptrend,1,2025-09-11 12:47:24.097684,2025-09-13T15:30:02.412607
2025-08-14 08:00:00+00:00,ETH,crypto,1h,yahoo_finance,4748.28759765625,4748.28759765625,4723.513671875,4726.5625,0,0.0,0.0,ETH-USD,ETH,Ethereum,-0.0046566235011882,-22.11279296875,24.77392578125,21.72509765625,4747.083837890625,4725.023852539062,4608.032978515625,0.0055689299624402,0.5212232850868284,51.86030784789768,-1.0,707626598.4,0.0,4785.34814453125,4623.79052734375,0.6361320155952489,8,3,14,8,-70.78568446798879,-60.20026240499297,40.01929564063569,normal,-0.010776607809918737,-0.0017497223616415036,0.00906764026405038,0.10094781598339653,4785.34814453125,4623.79052734375,0.6361320155952489,-1.0,897973125.12,0.0,-1,0.03017575178461336,uptrend,1,2025-09-11 12:47:24.097684,2025-09-13T15:30:02.412607
2025-08-14 09:00:00+00:00,ETH,crypto,1h,yahoo_finance,4726.75244140625,4761.25146484375,4723.80908203125,4760.90771484375,1125212160,0.0,0.0,ETH-USD,ETH,Ethereum,0.0072664256198347,34.34521484375,37.4423828125,34.1552734375,4747.3623046875,4729.681079101562,4616.999814453125,0.0057952493412566,0.5424056183000535,53.96155123491677,inf,763887206.4,1.4730082538007538,4785.34814453125,4623.79052734375,0.8487200411037568,9,3,14,8,-29.4295071171971,19.772377330057225,38.78855878519744,normal,0.00033374077134440405,0.0005852450517391805,0.01995485366039662,0.10396172612850685,4785.34814453125,4623.79052734375,0.8487200411037568,inf,920477368.32,1.2224224068144875,1,0.028235324988813457,uptrend,1,2025-09-11 12:47:24.097684,2025-09-13T15:30:02.412607
2025-08-14 10:00:00+00:00,ETH,crypto,1h,yahoo_finance,4760.97021484375,4764.861328125,4694.1005859375,4702.75537109375,0,0.0,0.0,ETH-USD,ETH,Ethereum,-0.0122145496684782,-58.15234375,70.7607421875,58.21484375,4745.97158203125,4731.9522705078125,4624.838193359375,0.0066615083424393,0.6234830183351989,47.86193050272863,-1.0,700368076.8,0.0,4785.34814453125,4623.79052734375,0.4887720252667211,10,3,14,8,-90.51505016722408,-140.64000876315617,36.43718906176461,normal,-0.006065725354540086,-0.0029485311434849226,0.009753187572307809,0.09091482640552129,4785.34814453125,4623.79052734375,0.4887720252667211,,920477368.32,0.0,-1,0.026191919286129076,uptrend,1,2025-09-11 12:47:24.097684,2025-09-13T15:30:02.412607
2025-08-14 11:00:00+00:00,ETH,crypto,1h,yahoo_finance,4707.08203125,4720.41943359375,4695.837890625,4718.134765625,933953536,0.0,0.0,ETH-USD,ETH,Ethereum,0.0032702943950224,15.37939453125,24.58154296875,11.052734375,4745.35068359375,4735.025317382812,4633.441533203125,0.0067267462946789,0.6295889561020539,50.01723419213947,inf,747065753.6,1.250162427469624,4785.34814453125,4663.24560546875,0.4495333232026745,11,3,14,8,-73.66046822742474,-158.02828076835314,34.253774318576994,normal,-0.012215814009023274,-0.0013142533023766667,0.013198463059360899,0.1003195487737194,4785.34814453125,4663.24560546875,0.4495333232026745,0.2452405657801322,934548520.96,0.9993633450306156,1,0.02415249002036318,uptrend,1,2025-09-11 12:47:24.097684,2025-09-13T15:30:02.412607
2025-08-14 12:00:00+00:00,ETH,crypto,1h,yahoo_finance,4719.859375,4735.1953125,4547.7080078125,4572.0625,4760780800,0.0,0.0,ETH-USD,ETH,Ethereum,-0.03095974847714,-146.072265625,187.4873046875,147.796875,4727.440966796875,4728.653637695313,4639.324833984375,0.0105627000643932,0.9886145568506024,34.39637475697073,4.097449301803382,808875622.4,5.885677189620791,4785.34814453125,4547.7080078125,0.102484759198417,12,3,14,8,-89.75152408015829,-328.2345849807127,34.74133975640561,high,-0.03719201294522212,-0.0376954639466619,-0.027116437849470265,0.06876392941826937,4785.34814453125,4547.7080078125,0.10248475919841706,2.674234521303163,1029764136.96,4.623175957607589,1,0.018993309579666457,sideways,1,2025-09-11 12:47:24.097684,2025-09-13T15:30:02.412607
2025-08-14 13:00:00+00:00,ETH,crypto,1h,yahoo_finance,4568.84033203125,4638.15087890625,4491.9921875,4617.54443359375,5861998592,0.0,0.0,ETH-USD,ETH,Ethereum,0.0099477934944567,45.48193359375,146.15869140625,48.7041015625,4711.3900390625,4723.149462890625,4645.804091796875,0.0109122105363746,1.0213269446175623,37.07514601374616,0.2313103329605093,1101975552.0,5.319535974605723,4785.34814453125,4491.9921875,0.4279860118210432,13,3,14,8,-57.20139881789568,-254.87039310750197,35.83494712357613,high,-0.023064979338842995,-0.03359302491228311,-0.023285143782672102,0.07545283288156668,4785.34814453125,4491.9921875,0.4279860118210432,inf,1147004108.8,5.110704091664367,1,0.01411724342432588,sideways,1,2025-09-11 12:47:24.097684,2025-09-13T15:30:02.412607
2025-08-14 14:00:00+00:00,ETH,crypto,1h,yahoo_finance,4613.341796875,4704.14501953125,4584.693359375,4666.06689453125,167550976,0.0,0.0,ETH-USD,ETH,Ethereum,0.0105082824075253,48.5224609375,119.45166015625,52.72509765625,4702.064794921875,4720.7210693359375,4651.0954296875,0.0112188488922437,1.050026722179446,45.40784309554452,-0.9714174315516452,1110353100.8,0.1508988229773762,4785.34814453125,4491.9921875,0.5933907352449179,14,3,14,8,-40.6609264755082,-100.2206278149867,35.10717186700632,high,-0.019920743268516117,-0.01959365086139586,-0.01030151295024262,0.060108348183857796,4785.34814453125,4491.9921875,0.5933907352449179,-0.8510938808197736,1065830318.08,0.15720229867529797,-1,0.010958572234197191,sideways,1,2025-09-11 12:47:24.097684,2025-09-13T15:30:02.412607
2025-08-14 15:00:00+00:00,ETH,crypto,1h,yahoo_finance,4664.9287109375,4684.75341796875,4595.46044921875,4624.11083984375,3799810048,0.0,0.0,ETH-USD,ETH,Ethereum,-0.008991738788973,-41.9560546875,89.29296875,40.81787109375,4691.33037109375,4715.209204101562,4656.005205078125,0.011405986446221,1.0675418375256656,41.43553653426211,21.678531266806825,1200143564.8,3.166129586032673,4785.34814453125,4491.9921875,0.4503697612988167,15,3,14,8,-54.96302387011833,-99.48509005206567,34.43138055733436,high,-0.016723075100482876,-0.02268736287438,-0.023284579275150596,0.056065302186203425,4785.34814453125,4491.9921875,0.45036976129881673,inf,1110273228.8,3.422409862216431,1,0.00758701171061771,sideways,1,2025-09-11 12:47:24.097684,2025-09-13T15:30:02.412607
2025-08-14 16:00:00+00:00,ETH,crypto,1h,yahoo_finance,4621.0322265625,4621.0322265625,4520.10693359375,4553.04296875,1146544128,0.0,0.0,ETH-USD,ETH,Ethereum,-0.0153689808819875,-71.06787109375,100.92529296875,67.9892578125,4668.986328125,4706.91552734375,4658.797197265625,0.0117726948403384,1.1018638626076669,34.261949294480985,-0.6982627780029493,1257470771.2,0.9117859072826456,4785.34814453125,4491.9921875,0.2081116124854983,16,3,14,8,-79.18883875145016,-142.6893706158253,34.74505523963524,high,-0.03499090320136944,-0.046779274844876984,-0.035150767134562,0.03163054286818112,4785.34814453125,4491.9921875,0.20811161248549834,0.22762437723668505,1132081807.36,1.0127749784034832,0,0.002187073278346438,sideways,1,2025-09-11 12:47:24.097684,2025-09-13T15:30:02.412607
2025-08-14 17:00:00+00:00,ETH,crypto,1h,yahoo_finance,4549.1103515625,4564.5908203125,4518.14208984375,4543.60009765625,292380672,0.0,0.0,ETH-USD,ETH,Ethereum,-0.0020739692461857,-9.44287109375,46.44873046875,5.51025390625,4648.47880859375,4698.195556640625,4660.280625,0.0115150514280728,1.0777497605040731,30.84429961916875,-0.744989604098343,1272089804.8,0.2298427916777216,4785.34814453125,4491.9921875,0.1759224891102259,17,3,14,8,-82.40775108897739,-131.96042203383794,35.0579626637705,high,-0.006225287240441246,-0.0431857692220291,-0.0369646952335031,0.01659527235264746,4785.34814453125,4491.9921875,0.17592248911022598,-0.9385855631076314,1111357767.68,0.26308420249795467,-1,-0.0025324261253581717,sideways,1,2025-09-11 12:47:24.097684,2025-09-13T15:30:02.412607
2025-08-14 18:00:00+00:00,ETH,crypto,1h,yahoo_finance,4549.63525390625,4558.13134765625,4487.29638671875,4539.771484375,364183552,0.0,0.0,ETH-USD,ETH,Ethereum,-0.0008426387003611,-3.82861328125,70.8349609375,9.86376953125,4629.79970703125,4688.4417724609375,4661.807119140625,0.0115362849583005,1.0797371100405024,31.614332539516383,0.2455801182370904,1290298982.4,0.2822474147213587,4785.34814453125,4487.29638671875,0.1760603528775741,18,3,14,8,-82.01620514468162,-120.62418033506796,35.68441076595489,high,-0.01684292383911523,-0.039519421487603346,-0.04119999583374889,0.01709994782925839,4785.34814453125,4487.29638671875,0.1760603528775741,-0.9378738247230203,1118641438.72,0.3255587888972853,-1,-0.006865880825046923,sideways,1,2025-09-11 12:47:24.097684,2025-09-13T15:30:02.412607
2025-08-14 19:00:00+00:00,ETH,crypto,1h,yahoo_finance,4541.3427734375,4569.94140625,4539.68701171875,4545.91796875,0,0.0,0.0,ETH-USD,ETH,Ethereum,0.0013539193318772,6.146484375,30.25439453125,4.5751953125,4608.300732421875,4677.831518554687,4662.693046875,0.0115745565577055,1.0833191354748213,33.87600504453002,-1.0,1137497702.4,0.0,4785.34814453125,4487.29638671875,0.1966825576252027,19,3,14,8,-79.90973714331614,-86.87405043778128,35.948985055169864,high,-0.025749507775395974,-0.04515730171022769,-0.04459848474586425,0.009840095599231269,4785.34814453125,4487.29638671875,0.19668255762520273,-1.0,1082547568.64,0.0,-1,-0.011665428949816672,sideways,1,2025-09-11 12:47:24.097684,2025-09-13T15:30:02.412607
2025-08-14 20:00:00+00:00,ETH,crypto,1h,yahoo_finance,4541.9326171875,4546.048828125,4513.40576171875,4530.5703125,1068703744,0.0,0.0,ETH-USD,ETH,Ethereum,-0.0033761401669595,-15.34765625,32.64306640625,11.3623046875,4591.0822265625,4668.526904296875,4663.55375,0.0110196162918985,1.031379572520769,27.466622521297158,inf,1186697011.2,0.9005700140083069,4785.34814453125,4487.29638671875,0.1451892989957569,20,3,14,8,-85.05306688299312,-93.45119220670455,36.49287574296115,high,-0.020228867902074454,-0.03661365412543327,-0.03945422876945259,0.009589931833751342,4785.34814453125,4487.29638671875,0.14518929899575694,-0.7187481135899139,1086212423.68,0.9838809800934866,0,-0.015539978163112166,sideways,1,2025-09-11 12:47:24.097684,2025-09-13T15:30:02.412607
2025-08-14 21:00:00+00:00,ETH,crypto,1h,yahoo_finance,4535.70458984375,4545.84814453125,4461.8115234375,4478.4375,0,0.0,0.0,ETH-USD,ETH,Ethereum,-0.0115068984485603,-52.1328125,84.03662109375,57.26708984375,4567.1125,4656.231591796875,4662.778232421875,0.0112065312174489,1.0488738509879434,26.29446338118298,-1.0,1186697011.2,0.0,4785.34814453125,4461.8115234375,0.0513882369986251,21,3,14,8,-94.51378080258311,-109.33892502202708,37.510342416824166,high,-0.016385847720317592,-0.050803395310232924,-0.0520508800825511,-0.008584026401612821,4785.34814453125,4461.8115234375,0.05138823699862512,-1.0,1086212423.68,0.0,-1,-0.02051689521853704,downtrend,1,2025-09-11 12:47:24.097684,2025-09-13T15:30:02.412607
2025-08-14 22:00:00+00:00,ETH,crypto,1h,yahoo_finance,4481.04052734375,4534.2041015625,4461.44140625,4534.2041015625,0,0.0,0.0,ETH-USD,ETH,Ethereum,0.0124522451329285,55.7666015625,72.7626953125,53.16357421875,4563.32666015625,4645.383813476563,4661.023427734375,0.0120447214775792,1.1273241608067923,34.06686295763026,,1090523955.2,0.0,4785.34814453125,4461.44140625,0.2246408818124671,22,3,14,8,-76.01914374545385,-85.18883996313426,38.458585003637985,high,-0.0020679628250287463,-0.008280376402881595,-0.045663707719383884,-0.01898340351976635,4785.34814453125,4461.44140625,0.2246408818124671,-1.0,1012409466.88,0.0,-1,-0.020960368273800663,downtrend,1,2025-09-11 12:47:24.097684,2025-09-13T15:30:02.412607
2025-08-14 23:00:00+00:00,ETH,crypto,1h,yahoo_finance,4534.91748046875,4574.1181640625,4534.91748046875,4546.5517578125,560504832,0.0,0.0,ETH-USD,ETH,Ethereum,0.0027232246218791,12.34765625,39.20068359375,11.63427734375,4556.227392578125,4633.8087158203125,4660.244423828125,0.0118087677413796,1.1052401011508166,31.57330073899709,inf,1106368102.4,0.50661694854011,4785.34814453125,4461.44140625,0.2627619049054738,23,3,14,8,-71.94964950338266,-37.965980277339874,38.23746157377294,high,0.0014935274739789062,-0.015374551734632202,-0.048451098947478566,-0.008494205369590002,4785.34814453125,4461.44140625,0.2627619049054738,0.5390723411912903,1002600202.24,0.559051185854267,0,-0.022320080620268485,downtrend,1,2025-09-11 12:47:24.097684,2025-09-13T15:30:02.412607
2025-08-15 00:00:00+00:00,ETH,crypto,1h,yahoo_finance,4549.67041015625,4589.26123046875,4545.68701171875,4569.03125,0,0.0,0.0,ETH-USD,ETH,Ethereum,0.0049442947941531,22.4794921875,43.57421875,19.36083984375,4546.523828125,4624.2943115234375,4660.144755859375,0.0116932972894347,1.0944326590211657,37.75357711078379,-1.0,1106368102.4,0.0,4779.08740234375,4461.44140625,0.3387099005593822,0,4,15,8,-60.69833478403562,-9.085673533713038,37.64427810896891,high,0.00508440350417394,-0.02079602515878598,-0.03998220596391577,-0.001089502072146309,4779.08740234375,4461.44140625,0.33870990055938227,,972798443.52,0.0,-1,-0.024381415961707027,downtrend,1,2025-09-11 12:47:24.097684,2025-09-13T15:30:02.412607
2025-08-15 01:00:00+00:00,ETH,crypto,1h,yahoo_finance,4568.88525390625,4613.873046875,4561.30615234375,4612.638671875,2015698944,0.0,0.0,ETH-USD,ETH,Ethereum,0.0095441286104138,43.607421875,52.56689453125,43.75341796875,4545.376611328125,4618.353491210937,4660.61400390625,0.0120260594461967,1.125577490374741,40.81364874035045,inf,1207153049.6,1.6697956772489773,4779.08740234375,4461.44140625,0.47599298427919,1,4,15,8,-44.76891026098372,54.683976751796706,36.484582841159046,high,0.01811435508429704,-0.0024809457139088886,-0.0251120224726058,0.005112552006233173,4779.08740234375,4461.44140625,0.47599298427919,0.8861157316203807,995715809.28,2.0243717386164106,1,-0.024725796318154584,downtrend,1,2025-09-11 12:47:24.097684,2025-09-13T15:30:02.412607
2025-08-15 02:00:00+00:00,ETH,crypto,1h,yahoo_finance,4609.8994140625,4640.333984375,4604.1875,4628.72265625,1263788032,0.0,0.0,ETH-USD,ETH,Ethereum,0.003486937850361,16.083984375,36.146484375,18.8232421875,4552.944580078125,4610.9654541015625,4660.83384765625,0.0085734693410961,0.8024327626126666,56.37760429834261,-0.3730273879629516,1232841523.2,1.025101773599963,4776.8134765625,4461.44140625,0.5304250621630576,2,4,15,8,-31.07591282287545,104.65210177757126,34.795494942016596,normal,0.03355749773218886,0.01662178196415698,-0.030935047787633008,0.002380430727689342,4776.8134765625,4461.44140625,0.5304250621630576,inf,985967247.36,1.2817748615726188,1,-0.02314806129216097,downtrend,1,2025-09-11 12:47:24.097684,2025-09-13T15:30:02.412607
2025-08-15 03:00:00+00:00,ETH,crypto,1h,yahoo_finance,4627.0625,4653.125,4621.0390625,4640.140625,0,0.0,0.0,ETH-USD,ETH,Ethereum,0.0024667645045837,11.41796875,32.0859375,13.078125,4562.5986328125,4605.538720703125,4662.0076171875,0.0081917677132844,0.766707447747362,52.75463908198142,-1.0,1168055500.8,0.0,4764.861328125,4461.44140625,0.5889501837773815,3,4,15,8,-26.371422191016325,107.90628981266732,32.941345421352175,normal,0.023363862998799334,0.021247584573639955,-0.02285577793231197,0.012810016270172309,4764.861328125,4461.44140625,0.5889501837773815,,985967247.36,0.0,-1,-0.02132321363193554,downtrend,1,2025-09-11 12:47:24.097684,2025-09-13T15:30:02.412607
2025-08-15 04:00:00+00:00,ETH,crypto,1h,yahoo_finance,4638.23388671875,4649.7001953125,4621.74609375,4628.04443359375,0,0.0,0.0,ETH-USD,ETH,Ethereum,-0.0026068587967094,-12.09619140625,27.9541015625,10.189453125,4571.425927734375,4600.612817382813,4662.165869140625,0.0076782294794031,0.7186429026576182,44.91299769265543,,1168055500.8,0.0,4764.861328125,4461.44140625,0.5490840097585468,4,4,15,8,-25.394506967418327,106.45381009667568,31.219635152163786,normal,0.017924062041352107,0.019444359594435134,-0.020843491735537234,0.0017126346037794615,4764.861328125,4461.44140625,0.5490840097585468,-1.0,964665507.84,0.0,-1,-0.019463044420376947,sideways,1,2025-09-11 12:47:24.097684,2025-09-13T15:30:02.412607
2025-08-15 05:00:00+00:00,ETH,crypto,1h,yahoo_finance,4628.51123046875,4634.4892578125,4611.1552734375,4621.4755859375,0,0.0,0.0,ETH-USD,ETH,Ethereum,-0.0014193570849424,-6.56884765625,23.333984375,7.03564453125,4578.981689453125,4593.6412109375,4661.65255859375,0.0072955111818567,0.6828224327189819,49.610554921353305,,1111794892.8,0.0,4764.861328125,4461.44140625,0.5274346479906792,5,4,15,8,-16.5112795744941,92.60520533748081,29.83526569253889,normal,0.011478217825168002,0.016620981220274,-0.02928687915363759,-0.005522863781863507,4764.861328125,4461.44140625,0.5274346479906792,,918937681.92,0.0,-1,-0.017734240830158204,sideways,1,2025-09-11 12:47:24.097684,2025-09-13T15:30:02.412607
2025-08-15 06:00:00+00:00,ETH,crypto,1h,yahoo_finance,4622.67236328125,4664.07080078125,4622.67236328125,4653.04052734375,984473600,0.0,0.0,ETH-USD,ETH,Ethereum,0.0068300569416179,31.56494140625,41.3984375,30.3681640625,4591.2287109375,4591.15546875,4661.21755859375,0.005999171882741,0.5614917223977154,66.73142627453608,inf,1161018572.8,0.8479395791453785,4735.1953125,4461.44140625,0.6998954780896391,6,4,15,8,-5.443570249527091,107.09273198833276,27.830014973204747,normal,0.008758946525574407,0.027031964277400178,-0.010571428838416774,-0.0046526148867590544,4735.1953125,4461.44140625,0.6998954780896391,-0.5115969064078649,894535270.4,1.1005419602513642,0,-0.015015142884119126,sideways,1,2025-09-11 12:47:24.097684,2025-09-13T15:30:02.412607
2025-08-15 07:00:00+00:00,ETH,crypto,1h,yahoo_finance,4653.181640625,4656.27392578125,4632.818359375,4640.94482421875,0,0.0,0.0,ETH-USD,ETH,Ethereum,-0.0025995267081641,-12.095703125,23.45556640625,12.23681640625,4607.479443359375,4587.295971679688,4661.43173828125,0.0060253133480784,0.5639384294908333,66.14424073594196,-1.0,1114320896.0,0.0,4735.1953125,4461.44140625,0.6557108916824816,7,4,15,8,-11.412942636480835,86.50938708292911,25.967996448108753,normal,0.002640505572794938,0.0362866120647547,-0.016360266342672958,0.0023128377787688947,4735.1953125,4461.44140625,0.6557108916824816,-1.0,894535270.4,0.0,-1,-0.011574189637660038,sideways,1,2025-09-11 12:47:24.097684,2025-09-13T15:30:02.412607
2025-08-15 08:00:00+00:00,ETH,crypto,1h,yahoo_finance,4642.76025390625,4663.740234375,4638.45556640625,4647.93798828125,0,0.0,0.0,ETH-USD,ETH,Ethereum,0.0015068405954765,6.9931640625,25.28466796875,5.177734375,4618.85283203125,4591.08974609375,4661.956728515625,0.0059866770321629,0.5603222684615209,67.7526481718038,,876281856.0,0.0,4704.14501953125,4461.44140625,0.7684128782010916,8,4,15,8,-7.961733556634576,83.94439828822034,24.174080867659292,normal,0.0016804152958727059,0.025083539287425793,0.016595461737727746,0.005679636750046235,4704.14501953125,4461.44140625,0.7684128782010916,,880621322.24,0.0,-1,-0.009245880859580594,sideways,1,2025-09-11 12:47:24.097684,2025-09-13T15:30:02.412607
2025-08-15 09:00:00+00:00,ETH,crypto,1h,yahoo_finance,4645.451171875,4654.82470703125,4617.77001953125,4625.55224609375,405594112,0.0,0.0,ETH-USD,ETH,Ethereum,-0.0048162738495953,-22.3857421875,37.0546875,19.89892578125,4626.752880859375,4591.49013671875,4661.948837890625,0.0062360384063366,0.5836612142728655,62.40841536324198,inf,603461632.0,0.6721125097146192,4704.14501953125,4461.44140625,0.6761779836115375,9,4,15,8,-19.009361784160873,53.091564567917786,22.89940026353302,normal,-0.0005384968825946634,0.01737591310722486,0.0017342144975891483,-8.528659515327774e-05,4704.14501953125,4461.44140625,0.6761779836115375,inf,878604124.16,0.46163465529799685,0,-0.0075496231844481435,sideways,1,2025-09-11 12:47:24.097684,2025-09-13T15:30:02.412607
2025-08-15 10:00:00+00:00,ETH,crypto,1h,yahoo_finance,4627.34033203125,4651.5439453125,4627.34033203125,4639.66259765625,0,0.0,0.0,ETH-USD,ETH,Ethereum,0.0030505225780157,14.1103515625,24.20361328125,12.322265625,4633.816015625,4590.169921875,4662.26591796875,0.0061037063457164,0.5712756120433632,67.06428675083443,-1.0,595084083.2,0.0,4684.75341796875,4461.44140625,0.7980815274312715,10,4,15,8,-12.045736592888899,56.27773361554813,21.7157682739872,normal,0.003935325715901383,0.0154587140668494,-0.0056587908985931135,0.00342877599381608,4684.75341796875,4461.44140625,0.7980815274312715,,878604124.16,0.0,-1,-0.0061021620912059,sideways,1,2025-09-11 12:47:24.097684,2025-09-13T15:30:02.412607
2025-08-15 11:00:00+00:00,ETH,crypto,1h,yahoo_finance,4639.66259765625,4649.9267578125,4629.15673828125,4639.72509765625,320028672,0.0,0.0,ETH-USD,ETH,Ethereum,1.3470807129767335e-05,0.0625,20.77001953125,0.0625,4636.524658203125,4590.950634765625,4660.91251953125,0.0048265198081201,0.4517375019783341,80.13813742575341,inf,421095014.4,0.7599915958539547,4664.07080078125,4461.44140625,0.879851078954661,11,4,15,8,-12.014892104533898,51.970403103892004,20.616681426551796,normal,-0.0028616620915402624,0.005872219288800107,0.0033767049176156583,-0.014375237598339141,4664.07080078125,4461.44140625,0.879851078954661,-0.6749240690659455,825499402.24,0.38767886582546196,0,-0.005232422025929297,sideways,1,2025-09-11 12:47:24.097684,2025-09-13T15:30:02.412607
2025-08-15 12:00:00+00:00,ETH,crypto,1h,yahoo_finance,4639.0400390625,4661.73291015625,4615.73291015625,4637.9130859375,0,0.0,0.0,ETH-USD,ETH,Ethereum,-0.000390542905153,-1.81201171875,46.0,1.126953125,4637.443701171875,4595.194140625,4659.7911328125,0.0039362543835962,0.3684132238316805,74.27349567777355,-1.0,363767808.0,0.0,4664.07080078125,4461.44140625,0.8709085870573635,12,4,15,8,-20.25322676990314,46.25507066410286,19.96120151945133,normal,-0.0006532588505316905,0.0019855217886279863,0.018640306663040507,-0.01194493947744768,4664.07080078125,4461.44140625,0.8709085870573635,,820362199.04,0.0,-1,-0.004795801142944637,sideways,1,2025-09-11 12:47:24.097684,2025-09-13T15:30:02.412607
2025-08-15 13:00:00+00:00,ETH,crypto,1h,yahoo_finance,4629.9111328125,4629.9111328125,4546.2978515625,4547.96044921875,0,0.0,0.0,ETH-USD,ETH,Ethereum,-0.0193950673615452,-89.95263671875,83.61328125,81.95068359375,4628.22568359375,4595.412158203125,4657.020693359375,0.0068335408779672,0.6395843814183048,50.24185124765065,,349148774.4,0.0,4664.07080078125,4461.44140625,0.4269816981336675,13,4,15,8,-98.07960404207053,-168.7033905773047,20.827110711076436,normal,-0.021510084539546614,-0.01986581511874974,0.0009596688680302279,-0.0295577706660487,4664.07080078125,4461.44140625,0.4269816981336675,,784474767.36,0.0,-1,-0.006183139749987728,sideways,1,2025-09-11 12:47:24.097684,2025-09-13T15:30:02.412607
2025-08-15 14:00:00+00:00,ETH,crypto,1h,yahoo_finance,4543.02001953125,4575.525390625,4482.455078125,4499.072265625,0,0.0,0.0,ETH-USD,ETH,Ethereum,-0.0107494742180855,-48.88818359375,93.0703125,43.94775390625,4615.328466796875,4593.377197265625,4653.320361328125,0.0072428055812657,0.677889458796196,38.987680738356346,,330939596.8,0.0,4664.07080078125,4461.44140625,0.1857127366049375,14,4,15,8,-90.85035851689345,-274.0016940503114,22.540921302221403,normal,-0.02734375783465892,-0.0278675301889012,-0.008965036872467858,-0.03949895204989795,4664.07080078125,4461.44140625,0.18571273660493753,-1.0,784474767.36,0.0,-1,-0.008164470008767405,sideways,1,2025-09-11 12:47:24.097684,2025-09-13T15:30:02.412607
2025-08-15 15:00:00+00:00,ETH,crypto,1h,yahoo_finance,4493.978515625,4493.978515625,4408.642578125,4432.56494140625,900911104,0.0,0.0,ETH-USD,ETH,Ethereum,-0.0147824529796725,-66.50732421875,85.3359375,61.41357421875,4596.43740234375,4587.709545898438,4648.616396484375,0.0074147285464146,0.6939805666537476,23.560526221457508,inf,375985152.0,2.396134792046256,4664.07080078125,4408.642578125,0.0936559125396421,15,4,15,8,-90.63440874603577,-263.75809637153554,24.8784104658286,normal,-0.04463636134977067,-0.040876694254553314,-0.02493512380183116,-0.05038778381349218,4664.07080078125,4408.642578125,0.09365591253964219,inf,802492989.44,1.1226404664652319,1,-0.01122462894122359,sideways,1,2025-09-11 12:47:24.097684,2025-09-13T15:30:02.412607
2025-08-15 16:00:00+00:00,ETH,crypto,1h,yahoo_finance,4432.06494140625,4432.06494140625,4377.515625,4419.248046875,0,0.0,0.0,ETH-USD,ETH,Ethereum,-0.0030043315117285,-13.31689453125,54.54931640625,12.81689453125,4573.058154296875,4582.143432617188,4643.8547265625,0.0071899124619631,0.6729389340836746,18.99175723302079,-1.0,322549964.8,0.0,4664.07080078125,4377.515625,0.1456348563979791,16,4,15,8,-85.4365143602021,-200.32976250203706,27.301883234443544,normal,-0.047519421116700156,-0.050245098682218825,-0.024571358117510766,-0.05112015193618513,4664.07080078125,4377.515625,0.1456348563979791,-1.0,777085337.6,0.0,-1,-0.015245216836925223,sideways,1,2025-09-11 12:47:24.097684,2025-09-13T15:30:02.412607
2025-08-15 17:00:00+00:00,ETH,crypto,1h,yahoo_finance,4418.33203125,4457.79638671875,4381.26025390625,4445.10205078125,1741160448,0.0,0.0,ETH-USD,ETH,Ethereum,0.0058503174368165,25.85400390625,76.5361328125,26.77001953125,4553.473876953125,4580.47666015625,4639.623291015625,0.0074500443744091,0.6972859470422637,22.31205715054145,inf,409607987.2,4.250797109456366,4664.07080078125,4377.515625,0.2358583319843575,17,4,15,8,-76.41416680156425,-135.37666859701366,28.805465885724978,normal,-0.041572800434934276,-0.04219890148564043,-0.0074435445886539275,-0.045434098490196195,4664.07080078125,4377.515625,0.23585833198435757,inf,811908546.56,2.1445277985767928,1,-0.018568191566182453,sideways,1,2025-09-11 12:47:24.097684,2025-09-13T15:30:02.412607
2025-08-15 18:00:00+00:00,ETH,crypto,1h,yahoo_finance,4444.58837890625,4446.36962890625,4394.99658203125,4395.7578125,0,0.0,0.0,ETH-USD,ETH,Ethereum,-0.0111008111214403,-49.34423828125,51.373046875,48.83056640625,4528.255859375,4573.554345703125,4633.548525390625,0.0077520925680106,0.7255561089558381,20.178107764851617,-1.0,409607987.2,0.0,4664.07080078125,4377.515625,0.0636602966610719,18,4,15,8,-93.6339703338928,-116.70999127948478,30.2016497762006,normal,-0.03346613023974199,-0.05425635548862029,-0.030533757625685887,-0.06463209569510031,4664.07080078125,4377.515625,0.06366029666107197,,741416878.08,0.0,-1,-0.022723980430689208,downtrend,1,2025-09-11 12:47:24.097684,2025-09-13T15:30:02.412607
2025-08-15 19:00:00+00:00,ETH,crypto,1h,yahoo_finance,4397.703125,4422.62890625,4383.8466796875,4390.49951171875,0,0.0,0.0,ETH-USD,ETH,Ethereum,-0.0011962216767942,-5.25830078125,38.7822265625,7.20361328125,4504.7505859375,4565.751733398438,4626.80595703125,0.0077572444399277,0.7260382977466933,20.246237685914224,,381582745.6,0.0,4664.07080078125,4377.515625,0.0453102502279059,19,4,15,8,-95.46897497720941,-102.93701030976577,31.616252298026314,normal,-0.024132253828371697,-0.050816145158343096,-0.034323208973833785,-0.07131026869769641,4664.07080078125,4377.515625,0.045310250227905906,,741416878.08,0.0,-1,-0.026380049698921448,downtrend,1,2025-09-11 12:47:24.097684,2025-09-13T15:30:02.412607
2025-08-15 20:00:00+00:00,ETH,crypto,1h,yahoo_finance,4375.54541015625,4430.955078125,4375.54541015625,4425.94189453125,3133456384,0.0,0.0,ETH-USD,ETH,Ethereum,0.0080725171971662,35.4423828125,55.40966796875,50.396484375,4483.378515625,4558.597265625,4621.032099609375,0.007892022798153,0.7386528608865804,21.035069451364123,inf,538255564.8,5.82150299767788,4664.07080078125,4375.54541015625,0.1746691487561347,20,4,15,8,-82.5130501522306,-80.83903516542843,32.66078811860348,normal,-0.0014941793211266097,-0.04606384594279811,-0.03131721969919776,-0.06123334795701385,4664.07080078125,4375.54541015625,0.1746691487561347,2.478097195258901,804086005.76,3.8969169486270854,1,-0.02978849335325145,downtrend,1,2025-09-11 12:47:24.097684,2025-09-13T15:30:02.412607
2025-08-15 21:00:00+00:00,ETH,crypto,1h,yahoo_finance,4427.32666015625,4432.73876953125,4400.95458984375,4428.65478515625,0,0.0,0.0,ETH-USD,ETH,Ethereum,0.0006129521556421,2.712890625,31.7841796875,1.328125,4462.271484375,4549.398071289063,4614.918232421875,0.0079677667133088,0.7457421029041851,22.259866674833603,-1.0,437470617.6,0.0,4664.07080078125,4375.54541015625,0.1840717549500761,21,4,15,8,-81.5717110312543,-64.7382378477749,33.57055564375133,normal,0.0021285834561610706,-0.045491986714174426,-0.03988690634724312,-0.06456926065484081,4664.07080078125,4375.54541015625,0.18407175495007616,,764005990.4,0.0,-1,-0.033076804476071225,downtrend,1,2025-09-11 12:47:24.097684,2025-09-13T15:30:02.412607
2025-08-15 22:00:00+00:00,ETH,crypto,1h,yahoo_finance,4431.76416015625,4480.68505859375,4418.6767578125,4480.68505859375,844566528,0.0,0.0,ETH-USD,ETH,Ethereum,0.0117485502848162,52.0302734375,62.00830078125,48.9208984375,4446.548681640625,4541.99619140625,4610.153603515625,0.0088637459146257,0.8296011612564419,30.446383311032065,inf,416509542.4,2.027724318471701,4664.07080078125,4375.54541015625,0.3644034523608055,22,4,15,8,-63.26197040838611,-31.127758967612852,32.93130643596118,normal,0.008004992327734328,-0.033900598055724096,-0.031982386643183314,-0.05048435273548402,4664.07080078125,4375.54541015625,0.36440345236080557,-0.5149404358626919,780897320.96,1.0815333915625782,1,-0.03548795462047904,downtrend,1,2025-09-11 12:47:24.097684,2025-09-13T15:30:02.412607
2025-08-15 23:00:00+00:00,ETH,crypto,1h,yahoo_finance,4479.53515625,4491.8076171875,4417.4775390625,4438.22802734375,0,0.0,0.0,ETH-USD,ETH,Ethereum,-0.0094755669489801,-42.45703125,74.330078125,41.30712890625,4435.575439453125,4531.900561523437,4604.558173828125,0.0090399848480855,0.8460962216141147,29.081560322359024,-1.0,416509542.4,0.0,4664.07080078125,4375.54541015625,0.217251650025385,23,4,15,8,-78.09736023149159,-32.83581979235788,32.03090107350759,high,0.0096616366631892,-0.024127831167452207,-0.04351432725301296,-0.05929875229535164,4664.07080078125,4375.54541015625,0.21725165002538502,,780897320.96,0.0,-1,-0.03669901171745038,downtrend,1,2025-09-11 12:47:24.097684,2025-09-13T15:30:02.412607
2025-08-16 00:00:00+00:00,ETH,crypto,1h,yahoo_finance,4443.2392578125,4485.82080078125,4437.46142578125,4482.69140625,432099328,0.0,0.0,ETH-USD,ETH,Ethereum,0.0100182727503663,44.46337890625,48.359375,39.4521484375,4433.937353515625,4524.63291015625,4599.51505859375,0.0095696954823515,0.8956744204422005,33.583924064982696,inf,438114508.8,0.9862702999348832,4664.07080078125,4375.54541015625,0.3713572516500253,0,5,16,8,-62.56090986023149,-8.188684035609928,31.194810379800685,high,0.020998042315043985,-0.0036409416003733153,-0.031407007739310155,-0.053255311686633555,4664.07080078125,4375.54541015625,0.37135725165002537,inf,789539307.52,0.5472803239616469,0,-0.03599894836060148,downtrend,1,2025-09-11 12:47:24.097684,2025-09-13T15:30:02.412607
2025-08-16 01:00:00+00:00,ETH,crypto,1h,yahoo_finance,4479.724609375,4493.1494140625,4460.31298828125,4489.75,0,0.0,0.0,ETH-USD,ETH,Ethereum,0.0015746329850319,7.05859375,32.83642578125,10.025390625,4439.655859375,4518.046630859375,4594.14759765625,0.0096091562671429,0.8993677475301314,34.541777849802855,-1.0,438114508.8,0.0,4664.07080078125,4375.54541015625,0.3958216280250465,1,5,16,8,-60.094487060493556,20.51605862421997,30.197873010610543,high,0.01441684210712113,0.012901121438642305,-0.02850292801249943,-0.05640313296463817,4664.07080078125,4375.54541015625,0.39582162802504656,-1.0,728418795.52,0.0,-1,-0.0336279440303715,downtrend,1,2025-09-11 12:47:24.097684,2025-09-13T15:30:02.412607
2025-08-16 02:00:00+00:00,ETH,crypto,1h,yahoo_finance,4491.07421875,4491.07421875,4445.87744140625,4449.76025390625,159227904,0.0,0.0,ETH-USD,ETH,Ethereum,-0.0089068981777938,-39.98974609375,45.19677734375,41.31396484375,4442.707080078125,4507.8826171875,4588.80955078125,0.0097474652346236,0.9123127575901396,32.02164101042392,inf,396852224.0,0.4012271933242334,4663.740234375,4375.54541015625,0.2575162269176226,2,5,16,8,-70.82356735215697,17.54935958104093,29.577349769243405,high,0.004765661306620705,0.006904388870596634,-0.04368762151176564,-0.05658711816330175,4663.740234375,4375.54541015625,0.25751622691762266,inf,729909002.24,0.21814760951207526,-1,-0.0318388612746527,downtrend,1,2025-09-11 12:47:24.097684,2025-09-13T15:30:02.412607
2025-08-16 03:00:00+00:00,ETH,crypto,1h,yahoo_finance,4448.392578125,4459.40673828125,4433.5576171875,4433.5576171875,0,0.0,0.0,ETH-USD,ETH,Ethereum,-0.0036412381328918,-16.20263671875,25.84912109375,14.8349609375,4441.55263671875,4497.513256835938,4582.993828125,0.0085314146682476,0.7984966609049435,37.27516730409317,-1.0,396852224.0,0.0,4663.740234375,4375.54541015625,0.2012951037150365,3,5,16,8,-70.99099275073921,-3.2366528859668686,29.2551250670429,normal,-0.010517909826280203,-0.0025971132860090895,-0.044686419443946135,-0.06155058738316832,4663.740234375,4375.54541015625,0.20129510371503653,-1.0,729909002.24,0.0,-1,-0.030862182387907763,downtrend,1,2025-09-11 12:47:24.097684,2025-09-13T15:30:02.412607
2025-08-16 04:00:00+00:00,ETH,crypto,1h,yahoo_finance,4435.03369140625,4459.25537109375,4434.677734375,4455.99169921875,0,0.0,0.0,ETH-USD,ETH,Ethereum,0.0050600632648327,22.43408203125,24.57763671875,20.9580078125,4447.576025390625,4487.915942382812,4577.09046875,0.0082965352195707,0.7765131490517727,44.90859840891176,,396852224.0,0.0,4661.73291015625,4375.54541015625,0.2810964457305088,4,5,16,8,-32.07449155023067,35.61439626796357,28.955916414999574,normal,0.004002424338172439,0.013702730971088872,-0.041297084760263614,-0.06212545765194044,4661.73291015625,4375.54541015625,0.28109644573050885,,691439779.84,0.0,-1,-0.02829623846057501,downtrend,1,2025-09-11 12:47:24.097684,2025-09-13T15:30:02.412607
2025-08-16 05:00:00+00:00,ETH,crypto,1h,yahoo_finance,4456.64208984375,4457.57470703125,4424.11767578125,4424.97705078125,633585664,0.0,0.0,ETH-USD,ETH,Ethereum,-0.0069602123457586,-31.0146484375,33.45703125,31.6650390625,4451.023779296875,4477.887182617187,4570.028935546875,0.0074967836134315,0.701660500119791,49.02111716106339,inf,408251801.6,1.5519482376241398,4661.73291015625,4375.54541015625,0.172724666957851,5,5,16,8,-57.967723050989605,-7.111176359526676,28.908732738896536,normal,-0.012874933881971362,0.007852760026615613,-0.04336243212513369,-0.07389549835909504,4661.73291015625,4375.54541015625,0.17272466695785105,0.4662963419373798,699239055.36,0.9061073736417674,1,-0.02604035071295658,downtrend,1,2025-09-11 12:47:24.097684,2025-09-13T15:30:02.412607
2025-08-16 06:00:00+00:00,ETH,crypto,1h,yahoo_finance,4424.6220703125,4435.60791015625,4418.90380859375,4423.25146484375,0,0.0,0.0,ETH-USD,ETH,Ethereum,-0.00038996494619,-1.7255859375,16.7041015625,1.37060546875,4450.754736328125,4467.066625976562,4563.307578125,0.0074511962820059,0.6973937596859499,50.53238669494288,-1.0,408251801.6,0.0,4661.73291015625,4375.54541015625,0.1666951026424983,6,5,16,8,-59.43500807546511,-43.422416251466785,28.979646972443412,normal,-0.014811188853778079,-0.0006078773177804475,-0.04664372209346024,-0.07061259129138697,4661.73291015625,4375.54541015625,0.16669510264249837,,699239055.36,0.0,-1,-0.024664750265008816,downtrend,1,2025-09-11 12:47:24.097684,2025-09-13T15:30:02.412607
2025-08-16 07:00:00+00:00,ETH,crypto,1h,yahoo_finance,4423.0126953125,4466.1474609375,4423.0126953125,4457.796875,0,0.0,0.0,ETH-USD,ETH,Ethereum,0.0078099584504338,34.54541015625,43.134765625,34.7841796875,4453.6689453125,4457.97021484375,4557.8344140625,0.0075849276189647,0.7099103270047737,51.6500533749332,,392250368.0,0.0,4661.73291015625,4375.54541015625,0.2874041138894955,7,5,16,8,-30.060659406359893,28.66925321298835,27.89675178338288,normal,0.0018060795717464995,0.006580348041899109,-0.03921099177797205,-0.05783806431772076,4661.73291015625,4375.54541015625,0.28740411388949555,-1.0,699239055.36,0.0,-1,-0.022854158200353615,downtrend,1,2025-09-11 12:47:24.097684,2025-09-13T15:30:02.412607
2025-08-16 08:00:00+00:00,ETH,crypto,1h,yahoo_finance,4454.97509765625,4459.1162109375,4444.046875,4449.7392578125,0,0.0,0.0,ETH-USD,ETH,Ethereum,-0.0018075334999421,-8.0576171875,15.0693359375,5.23583984375,4450.574365234375,4448.5615234375,4551.29953125,0.0068919795818092,0.6450539444040502,57.86001922453461,,392250368.0,0.0,4629.9111328125,4375.54541015625,0.2916817835417062,8,5,16,8,-36.91214143066517,28.817373703754583,26.891206250683812,normal,0.0036498094808261605,-0.006906488712456471,-0.040572952670363094,-0.06840684105211914,4629.9111328125,4375.54541015625,0.29168178354170626,,684238684.16,0.0,-1,-0.02213107823908934,downtrend,1,2025-09-11 12:47:24.097684,2025-09-13T15:30:02.412607
2025-08-16 09:00:00+00:00,ETH,crypto,1h,yahoo_finance,4448.2080078125,4461.4462890625,4425.826171875,4425.826171875,0,0.0,0.0,ETH-USD,ETH,Ethereum,-0.0053740420622433,-23.9130859375,35.6201171875,22.3818359375,4449.3341796875,4442.454809570312,4544.842548828125,0.0070774101457179,0.6624092942338875,54.878734626884594,,392250368.0,0.0,4575.525390625,4375.54541015625,0.2514289760449654,9,5,16,8,-57.245705886993306,-37.59302307393006,26.443216111554225,normal,-0.00676965519236461,-0.0027943258868950993,-0.02685473603112143,-0.06798719667604669,4575.525390625,4375.54541015625,0.25142897604496545,,658324275.2,0.0,-1,-0.02101467061059155,downtrend,1,2025-09-11 12:47:24.097684,2025-09-13T15:30:02.412607
2025-08-16 10:00:00+00:00,ETH,crypto,1h,yahoo_finance,4405.51953125,4412.6591796875,4388.3857421875,4406.0009765625,1180246016,0.0,0.0,ETH-USD,ETH,Ethereum,-0.0044794337921547,-19.8251953125,24.2734375,0.4814453125,4441.66513671875,4437.801245117187,4538.431318359375,0.0068487510926963,0.6410079795137145,47.12194269396706,inf,451262668.8,2.6154302086155634,4493.978515625,4375.54541015625,0.2571541655157059,10,5,16,8,-83.18574171777998,-186.1823656507096,26.870104579223046,normal,-0.004288400595297892,-0.017108121603145454,-0.02068677353186965,-0.06782128099173557,4493.978515625,4375.54541015625,0.25715416551570597,0.8628041684983578,681929195.52,1.7307456899539435,1,-0.02132150402919524,downtrend,1,2025-09-11 12:47:24.097684,2025-09-13T15:30:02.412607
2025-08-16 11:00:00+00:00,ETH,crypto,1h,yahoo_finance,4406.94970703125,4426.203125,4389.8310546875,4389.8310546875,119205888,0.0,0.0,ETH-USD,ETH,Ethereum,-0.0036699769158052,-16.169921875,36.3720703125,17.11865234375,4431.6732421875,4435.66455078125,4531.00978515625,0.0069002603298623,0.645828979955285,44.60612523726374,-0.8989991185024259,412177408.0,0.2892101451615708,4493.1494140625,4375.54541015625,0.1214724333929824,11,5,16,8,-98.62040679356438,-165.5604974094078,26.748724064491274,normal,-0.007555620660927187,-0.02225490179018874,-0.009640893542146811,-0.07794241820720282,4493.1494140625,4375.54541015625,0.12147243339298244,inf,661809070.08,0.1801212666752819,-1,-0.021923709653900832,downtrend,1,2025-09-11 12:47:24.097684,2025-09-13T15:30:02.412607
2025-08-16 12:00:00+00:00,ETH,crypto,1h,yahoo_finance,4387.642578125,4408.5927734375,4379.4716796875,4407.369140625,0,0.0,0.0,ETH-USD,ETH,Ethereum,0.0039951619365334,17.5380859375,29.12109375,19.7265625,4427.434130859375,4435.07060546875,4525.102060546875,0.0060967087722854,0.5706206750561931,38.734320814994994,-1.0,412177408.0,0.0,4493.1494140625,4375.54541015625,0.2706007398703773,12,5,16,8,-75.45916877136918,-141.3183144400215,26.866624772637532,normal,-0.011312254862442583,-0.009526606123113401,-0.0026879926458076575,-0.0628113110633799,4493.1494140625,4375.54541015625,0.27060073987037736,,661809070.08,0.0,-1,-0.0215835860452828,downtrend,1,2025-09-11 12:47:24.097684,2025-09-13T15:30:02.412607
2025-08-16 13:00:00+00:00,ETH,crypto,1h,yahoo_finance,4412.11181640625,4428.806640625,4389.36376953125,4395.1015625,0,0.0,0.0,ETH-USD,ETH,Ethereum,-0.0027834242455262,-12.267578125,39.44287109375,17.01025390625,4423.588525390625,4432.570581054688,4518.641396484375,0.0056398484134051,0.5278608884028181,42.69551970703677,,325119385.6,0.0,4493.1494140625,4375.54541015625,0.1662881508638048,13,5,16,8,-86.25070872635432,-99.61585122002722,26.21370691168901,normal,-0.012278853242147059,-0.00867385923629771,-0.011248445527243245,-0.06846629423952211,4493.1494140625,4375.54541015625,0.16628815086380488,,643129999.36,0.0,-1,-0.021035719091960555,downtrend,1,2025-09-11 12:47:24.097684,2025-09-13T15:30:02.412607
2025-08-16 14:00:00+00:00,ETH,crypto,1h,yahoo_finance,4395.94580078125,4420.93212890625,4393.560546875,4418.181640625,0,0.0,0.0,ETH-USD,ETH,Ethereum,0.0052513184955551,23.080078125,27.37158203125,22.23583984375,4419.80751953125,4433.6917724609375,4515.563779296875,0.0050579971144082,0.473402590751272,38.22050400507857,,325119385.6,0.0,4493.1494140625,4375.54541015625,0.362540636819969,14,5,16,8,-65.94763156538323,-66.71670738288047,25.607426040808235,normal,-0.0017272551955562765,-0.008485217465817763,0.0051012428531058696,-0.03365677074077622,4493.1494140625,4375.54541015625,0.362540636819969,,547914383.36,0.0,-1,-0.02120582599334575,downtrend,1,2025-09-11 12:47:24.097684,2025-09-13T15:30:02.412607
2025-08-16 15:00:00+00:00,ETH,crypto,1h,yahoo_finance,4417.90869140625,4419.88818359375,4393.4140625,4400.47900390625,0,0.0,0.0,ETH-USD,ETH,Ethereum,-0.0040067697887237,-17.70263671875,26.47412109375,17.4296875,4417.35771484375,4434.190747070313,4511.222470703125,0.0050574675811359,0.4733530291526071,34.309038821669546,,325119385.6,0.0,4493.1494140625,4375.54541015625,0.2120131366435128,15,5,16,8,-81.17666103726779,-74.53120001555575,25.04855383958977,normal,-0.0012532844830547285,-0.00553631049242953,0.002272974216456225,-0.04700884481117207,4493.1494140625,4375.54541015625,0.21201313664351285,-1.0,430674411.52,0.0,-1,-0.020806944563021054,downtrend,1,2025-09-11 12:47:24.097684,2025-09-13T15:30:02.412607
2025-08-16 16:00:00+00:00,ETH,crypto,1h,yahoo_finance,4402.6923828125,4417.23779296875,4401.71484375,4413.12353515625,0,0.0,0.0,ETH-USD,ETH,Ethereum,0.0028734442861277,12.64453125,15.52294921875,10.43115234375,4416.344921875,4433.549829101563,4506.163603515625,0.0046823714071851,0.4382459508936377,42.87559059903074,,168446566.4,0.0,4493.1494140625,4379.4716796875,0.2960285552291119,16,5,16,8,-61.175019153634686,-45.23087506271546,24.529601081315473,normal,0.005306008404099671,-0.0022897024435525326,-0.002896187903153158,-0.05420911553399632,4493.1494140625,4379.4716796875,0.2960285552291119,-1.0,427323392.0,0.0,-1,-0.01993240582089612,sideways,1,2025-09-11 12:47:24.097684,2025-09-13T15:30:02.412607
2025-08-16 17:00:00+00:00,ETH,crypto,1h,yahoo_finance,4412.19482421875,4412.20947265625,4396.78369140625,4408.37744140625,0,0.0,0.0,ETH-USD,ETH,Ethereum,-0.0010754500099966,-4.74609375,15.42578125,3.8173828125,4411.402978515625,4432.535961914063,4501.848935546875,0.0046028825026935,0.4308061970797969,44.87508969015406,,168446566.4,0.0,4493.1494140625,4379.4716796875,0.2542781299932993,17,5,16,8,-66.65070530443013,-55.01212876883805,24.203540322216732,normal,0.00022877611315919033,-0.011086066722981847,-0.004578668858535639,-0.046654028397984826,4493.1494140625,4379.4716796875,0.2542781299932993,,351327191.04,0.0,-1,-0.020090846744563646,downtrend,1,2025-09-11 12:47:24.097684,2025-09-13T15:30:02.412607
2025-08-16 18:00:00+00:00,ETH,crypto,1h,yahoo_finance,4408.248046875,4422.29296875,4403.5751953125,4409.8955078125,0,0.0,0.0,ETH-USD,ETH,Ethereum,0.0003443594443595,1.51806640625,18.7177734375,1.6474609375,4407.418603515625,4428.996484375,4498.985986328125,0.0043377349471328,0.4059897456476236,39.74494063460682,,126218240.0,0.0,4493.1494140625,4379.4716796875,0.2676322526330258,18,5,16,8,-64.8992744152508,-25.304913945953523,23.427714345773605,normal,0.0033660076114565562,-0.0089541763441634,-0.01579882313876957,-0.03143995387700016,4493.1494140625,4379.4716796875,0.2676322526330258,,328396308.48,0.0,-1,-0.0203528935388468,downtrend,1,2025-09-11 12:47:24.097684,2025-09-13T15:30:02.412607
2025-08-16 19:00:00+00:00,ETH,crypto,1h,yahoo_finance,4411.5595703125,4438.66064453125,4411.5595703125,4424.19384765625,0,0.0,0.0,ETH-USD,ETH,Ethereum,0.0032423307578193,14.29833984375,27.10107421875,12.63427734375,4407.25537109375,4428.294775390625,4496.597861328125,0.0040592972393833,0.3799294041270641,49.81175918319446,,126218240.0,0.0,4493.1494140625,4379.4716796875,0.3934118516227686,19,5,16,8,-48.402924872684665,34.934493867839095,21.994780960625288,normal,0.0013607876543526576,-0.00036881796874965733,-0.003162113258047161,-0.02628009671484821,4493.1494140625,4379.4716796875,0.3934118516227686,,322548695.04,0.0,-1,-0.019868908225648307,sideways,1,2025-09-11 12:47:24.097684,2025-09-13T15:30:02.412607
2025-08-16 20:00:00+00:00,ETH,crypto,1h,yahoo_finance,4422.95361328125,4439.2451171875,4416.080078125,4434.52001953125,0,0.0,0.0,ETH-USD,ETH,Ethereum,0.0023340233793034,10.326171875,23.1650390625,11.56640625,4410.107275390625,4425.886206054687,4494.49283203125,0.0041044577629187,0.3841561975312105,52.60084207869017,,104613273.6,0.0,4493.1494140625,4379.4716796875,0.4842490936893287,20,5,16,8,-36.4893640993285,55.56879384079684,20.63929514420024,normal,0.007735752311232913,0.006472772729841703,-0.010746085856275345,-0.02318430899132362,4493.1494140625,4379.4716796875,0.4842490936893287,,315265024.0,0.0,-1,-0.018775323444556062,sideways,1,2025-09-11 12:47:24.097684,2025-09-13T15:30:02.412607
2025-08-16 21:00:00+00:00,ETH,crypto,1h,yahoo_finance,4434.43603515625,4434.43603515625,4416.27392578125,4416.27392578125,0,0.0,0.0,ETH-USD,ETH,Ethereum,-0.0041145588856601,-18.24609375,18.162109375,18.162109375,4412.7515625,4422.21240234375,4491.899951171875,0.0036087917824034,0.3377644037014369,39.63654355652075,,104613273.6,0.0,4491.07421875,4379.4716796875,0.3297617276712664,21,5,16,8,-55.105310809844894,36.14361791648872,19.380629743234124,normal,0.00071386866918699,0.0060236648664449,-0.016365292993763547,-0.028518781874191768,4491.07421875,4379.4716796875,0.32976172767126644,,315265024.0,0.0,-1,-0.017620247452578827,sideways,1,2025-09-11 12:47:24.097684,2025-09-13T15:30:02.412607
2025-08-16 22:00:00+00:00,ETH,crypto,1h,yahoo_finance,4411.970703125,4435.52783203125,4409.23583984375,4432.2255859375,0,0.0,0.0,ETH-USD,ETH,Ethereum,0.0036120178286784,15.95166015625,26.2919921875,20.2548828125,4415.23720703125,4421.335668945312,4489.933056640625,0.0037638248256463,0.3522747014859438,45.79458318677454,,96651878.4,0.0,4466.1474609375,4379.4716796875,0.6086349091892379,22,5,16,8,-35.64604131424079,77.61965803896874,18.523515741459402,normal,0.005409732911536347,0.005639746642364329,-0.003940587125645045,-0.021706919831078086,4466.1474609375,4379.4716796875,0.6086349091892379,,293890949.12,0.0,-1,-0.01663629472134321,sideways,1,2025-09-11 12:47:24.097684,2025-09-13T15:30:02.412607
2025-08-16 23:00:00+00:00,ETH,crypto,1h,yahoo_finance,4431.9697265625,4432.69482421875,4415.89697265625,4427.02685546875,0,0.0,0.0,ETH-USD,ETH,Ethereum,-0.0011729390501341,-5.19873046875,16.7978515625,4.94287109375,4418.429736328125,4421.009130859375,4488.90484375,0.0034830237496438,0.3259931608170771,50.3167810204497,,96651878.4,0.0,4466.1474609375,4379.4716796875,0.5486558655189508,23,5,16,8,-20.440955430662658,90.53465292823768,17.727624168382878,normal,0.0038847513792334976,0.0072638350934011164,-0.0014730296260123676,-0.011479594061823972,4466.1474609375,4379.4716796875,0.5486558655189508,,293890949.12,0.0,-1,-0.015699844366270945,sideways,1,2025-09-11 12:47:24.097684,2025-09-13T15:30:02.412607
2025-08-17 00:00:00+00:00,ETH,crypto,1h,yahoo_finance,4426.2783203125,4429.88720703125,4414.9560546875,4416.70361328125,212686848,0.0,0.0,ETH-USD,ETH,Ethereum,-0.0023318679837569,-10.3232421875,14.93115234375,9.57470703125,4418.28193359375,4419.0447265625,4486.554833984375,0.0033124978670231,0.3100328127194461,52.97276916859028,inf,107286220.8,1.982424643295852,4466.1474609375,4379.4716796875,0.4295540583171842,0,6,17,8,-37.7115736505032,46.917781031662116,17.03440873695498,normal,-0.0016930167693641751,-0.00033453295132990224,-0.008816911832306151,-0.025914247715659533,4466.1474609375,4379.4716796875,0.4295540583171842,inf,298144686.08,0.7133678979706202,1,-0.015217221881136368,sideways,1,2025-09-11 12:47:24.097684,2025-09-13T15:30:02.412607
2025-08-17 01:00:00+00:00,ETH,crypto,1h,yahoo_finance,4415.59912109375,4420.3681640625,4401.232421875,4408.0771484375,1068824576,0.0,0.0,ETH-USD,ETH,Ethereum,-0.0019531455128231,-8.62646484375,19.1357421875,7.52197265625,4419.041748046875,4418.199731445313,4483.785341796875,0.0031885284225364,0.2984299084736411,55.28971105335576,4.02534400246507,129048166.4,8.282369333997758,4466.1474609375,4379.4716796875,0.3300283924467078,1,6,17,8,-52.14351065220232,-36.69615173345767,17.035392806306096,normal,-0.005962961262388267,0.0017266630574774844,-0.0038192067777540473,-0.030457062132209112,4466.1474609375,4379.4716796875,0.33002839244670784,inf,308311080.96,3.466708276173403,1,-0.014439494492850638,sideways,1,2025-09-11 12:47:24.097684,2025-09-13T15:30:02.412607
2025-08-17 02:00:00+00:00,ETH,crypto,1h,yahoo_finance,4408.6376953125,4431.10009765625,4404.42333984375,4430.67431640625,0,0.0,0.0,ETH-USD,ETH,Ethereum,0.0051263095467282,22.59716796875,26.6767578125,22.03662109375,4420.796826171875,4418.570874023438,4481.018203125,0.0033016613758487,0.3090185727187874,56.56384514886887,-1.0,129048166.4,0.0,4466.1474609375,4379.4716796875,0.5907375276037676,2,6,17,8,-17.182376146519573,47.5907853777419,16.398130859097034,normal,0.0032607557563251177,0.00397695217688443,0.0016781436962147733,-0.030281459246694786,4466.1474609375,4379.4716796875,0.5907375276037676,,308311080.96,0.0,-1,-0.013439217209858006,sideways,1,2025-09-11 12:47:24.097684,2025-09-13T15:30:02.412607
2025-08-17 03:00:00+00:00,ETH,crypto,1h,yahoo_finance,4436.328125,4459.1845703125,4432.88525390625,4454.169921875,277389312,0.0,0.0,ETH-USD,ETH,Ethereum,0.0053029412208767,23.49560546875,26.29931640625,17.841796875,4425.37607421875,4418.389526367188,4477.848828125,0.0034108467902414,0.3192377675654029,65.64684274516905,inf,142917632.0,1.9409033589361455,4461.4462890625,4379.4716796875,0.911236329846799,3,6,17,8,-7.624463614901483,215.7728535366086,16.014417641173683,normal,0.004951087328931347,0.010387604300538866,-0.000813620096810741,-0.03435533569239746,4461.4462890625,4379.4716796875,0.911236329846799,inf,273544888.32,1.0140540870773016,1,-0.011718295083271569,sideways,1,2025-09-11 12:47:24.097684,2025-09-13T15:30:02.412607
2025-08-17 04:00:00+00:00,ETH,crypto,1h,yahoo_finance,4455.54638671875,4492.66552734375,4455.30810546875,4488.18701171875,0,0.0,0.0,ETH-USD,ETH,Ethereum,0.0076371333919453,34.01708984375,37.357421875,32.640625,4433.205224609375,4420.3119140625,4475.038115234375,0.003689957516272,0.3453611001456008,67.52834566923165,-1.0,142917632.0,0.0,4492.66552734375,4379.4716796875,0.960434990790308,4,6,17,8,-4.512291714838119,291.6651231445604,16.835075252289467,normal,0.01381517624507933,0.017753596149285178,0.00864045097445798,-0.030361647255207624,4492.66552734375,4379.4716796875,0.960434990790308,,248269127.68,0.0,-1,-0.009348052362411876,sideways,1,2025-09-11 12:47:24.097684,2025-09-13T15:30:02.412607
2025-08-17 05:00:00+00:00,ETH,crypto,1h,yahoo_finance,4487.5595703125,4494.49267578125,4472.642578125,4475.12353515625,3473485824,0.0,0.0,ETH-USD,ETH,Ethereum,-0.0029106355257458,-13.0634765625,21.85009765625,12.43603515625,4438.298193359375,4422.776782226562,4471.7377734375,0.0035826512912953,0.3353177877911888,69.13444881692652,inf,316591923.2,10.9714922253582,4494.49267578125,4379.4716796875,0.8316034351744543,5,6,17,8,-19.823295420472945,199.83851240469866,17.65286844971569,normal,0.013227041474852097,0.011511631102461894,0.011138567437311897,-0.035562950173250396,4494.49267578125,4379.4716796875,0.8316034351744543,15.331455643181094,317738844.16,10.931889153127583,1,-0.007477983229866413,sideways,1,2025-09-11 12:47:24.097684,2025-09-13T15:30:02.412607
2025-08-17 06:00:00+00:00,ETH,crypto,1h,yahoo_finance,4474.12744140625,4484.58154296875,4459.8662109375,4459.8662109375,0,0.0,0.0,ETH-USD,ETH,Ethereum,-0.0034093638083707,-15.25732421875,24.71533203125,14.26123046875,4440.8328125,4425.470043945313,4468.374208984375,0.0037477032025315,0.350765800239654,61.823679224542325,-1.0,257579622.4,0.0,4494.49267578125,4379.4716796875,0.6989552688665028,6,6,17,8,-35.43836328382673,113.42953763889278,17.725031109699696,normal,0.01174867425320758,0.0057156561013629315,0.01222542497415069,-0.036338938631506834,4494.49267578125,4379.4716796875,0.6989552688665028,-1.0,317738844.16,0.0,-1,-0.006163628021350413,sideways,1,2025-09-11 12:47:24.097684,2025-09-13T15:30:02.412607
2025-08-17 07:00:00+00:00,ETH,crypto,1h,yahoo_finance,4460.275390625,4475.1552734375,4451.68212890625,4469.7099609375,893130752,0.0,0.0,ETH-USD,ETH,Ethereum,0.0022071850442193,9.84375,23.47314453125,9.4345703125,4446.176416015625,4429.4639892578125,4465.338896484375,0.0037267077059162,0.3488007294286184,65.12417551455839,inf,296275865.6,3.0145241502924494,4494.49267578125,4379.4716796875,0.7845374698063787,7,6,17,8,-26.57371581752593,84.52191682417032,17.37509612409259,normal,0.008810316837485788,0.012099800885153833,0.018196350897081714,-0.032839213835036074,4494.49267578125,4379.4716796875,0.7845374698063787,inf,335601459.2,2.6612838756095614,1,-0.004291383232712031,sideways,1,2025-09-11 12:47:24.097684,2025-09-13T15:30:02.412607
2025-08-17 08:00:00+00:00,ETH,crypto,1h,yahoo_finance,4470.29833984375,4539.59619140625,4463.869140625,4539.59619140625,0,0.0,0.0,ETH-USD,ETH,Ethereum,0.0156355179820419,69.88623046875,75.72705078125,69.2978515625,4456.9134765625,4436.075341796875,4463.070009765625,0.0053909040429786,0.5045609720036677,73.91842269714034,-1.0,296275865.6,0.0,4539.59619140625,4389.36376953125,1.0,8,6,17,8,-0.0,175.31056509727094,18.88296360992012,normal,0.019178942660384557,0.024224986609303834,0.030001356038559246,-0.02438068941605831,4539.59619140625,4389.36376953125,1.0,-1.0,315911987.2,0.0,-1,-0.0013794390833336584,sideways,1,2025-09-11 12:47:24.097684,2025-09-13T15:30:02.412607
2025-08-17 09:00:00+00:00,ETH,crypto,1h,yahoo_finance,4538.71728515625,4558.134765625,4532.86572265625,4545.6416015625,1699686400,0.0,0.0,ETH-USD,ETH,Ethereum,0.0013317065882851,6.04541015625,25.26904296875,6.92431640625,4468.774951171875,4443.60234375,4461.1639453125,0.0053835602381207,0.5038736295305373,73.09960529370792,inf,381260185.6,4.458074732679352,4558.134765625,4393.4140625,0.9241554715012392,9,6,17,8,-7.962382054920706,186.84148046472495,20.65032988148989,normal,0.012801291410927229,0.026793319753013023,0.03425177710270488,-0.020535306121053365,4558.134765625,4393.4140625,0.9241554715012391,inf,349905715.2,4.857555410401025,1,0.00170605831856327,sideways,1,2025-09-11 12:47:24.097684,2025-09-13T15:30:02.412607
2025-08-17 10:00:00+00:00,ETH,crypto,1h,yahoo_finance,4545.04248046875,4573.02392578125,4533.92822265625,4571.904296875,0,0.0,0.0,ETH-USD,ETH,Ethereum,0.0057775552088119,26.2626953125,39.095703125,26.86181640625,4484.29501953125,4451.2884765625,4459.643271484375,0.0054802714295382,0.5129253010788027,74.63717988907433,-1.0,381260185.6,0.0,4573.02392578125,4393.4140625,0.9937663283864496,10,6,17,8,-0.6517370654494087,166.93208946512533,22.562896440897276,normal,0.02162638884903334,0.03513948346614293,0.0347931951997007,-0.016358585591707997,4573.02392578125,4393.4140625,0.9937663283864496,-1.0,349905715.2,0.0,-1,0.005527739898951477,sideways,1,2025-09-11 12:47:24.097684,2025-09-13T15:30:02.412607
2025-08-17 11:00:00+00:00,ETH,crypto,1h,yahoo_finance,4571.23779296875,4571.23779296875,4552.88818359375,4554.0478515625,2589188096,0.0,0.0,ETH-USD,ETH,Ethereum,-0.0039056909666077,-17.8564453125,18.349609375,17.18994140625,4498.89208984375,4458.9669189453125,4458.21318359375,0.0054620256923942,0.5112175936525656,74.74163254211132,inf,510719590.4,5.069686271427586,4573.02392578125,4396.78369140625,0.8923283648251787,11,6,17,8,-11.045991092263572,134.38362548055693,24.33885110320413,normal,0.021117593257400147,0.033114371234800544,0.034898211653760614,-0.015458563805356484,4573.02392578125,4396.78369140625,0.8923283648251787,inf,393577594.88,6.578596265850528,1,0.009124486554321536,sideways,1,2025-09-11 12:47:24.097684,2025-09-13T15:30:02.412607
2025-08-17 12:00:00+00:00,ETH,crypto,1h,yahoo_finance,4554.37255859375,4554.52490234375,4540.36669921875,4544.33837890625,0,0.0,0.0,ETH-USD,ETH,Ethereum,-0.002132053279352,-9.70947265625,14.158203125,10.0341796875,4510.25849609375,4465.527661132813,4456.30669921875,0.0055634450546844,0.5207099258493865,70.59510504439115,-1.0,510719590.4,0.0,4573.02392578125,4396.78369140625,0.837236105723943,12,6,17,8,-16.69788448365541,95.31788549977408,25.338312472731385,normal,0.01669647888139414,0.02565389698789544,0.029732873486251643,-0.020545506649158773,4573.02392578125,4396.78369140625,0.837236105723943,-1.0,393577594.88,0.0,-1,0.012106841049441023,sideways,1,2025-09-11 12:47:24.097684,2025-09-13T15:30:02.412607
2025-08-17 13:00:00+00:00,ETH,crypto,1h,yahoo_finance,4544.10498046875,4550.1123046875,4523.83203125,4539.02978515625,0,0.0,0.0,ETH-USD,ETH,Ethereum,-0.0011681774787373,-5.30859375,26.2802734375,5.0751953125,4518.744482421875,4472.060278320312,4454.29279296875,0.0055632494580323,0.520691619005842,70.56662171661382,,510719590.4,0.0,4573.02392578125,4401.232421875,0.8021197797793814,13,6,17,8,-19.788022022061853,68.89210268813206,25.469452077699003,normal,-0.00012477018354017932,0.019051779516648493,0.0296372861640275,-0.021702861781803806,4573.02392578125,4401.232421875,0.8021197797793814,,387177021.44,0.0,-1,0.014469567325000163,sideways,1,2025-09-11 12:47:24.097684,2025-09-13T15:30:02.412607
2025-08-17 14:00:00+00:00,ETH,crypto,1h,yahoo_finance,4538.92138671875,4558.8203125,4535.62939453125,4553.25830078125,0,0.0,0.0,ETH-USD,ETH,Ethereum,0.0031347041765468,14.228515625,23.19091796875,14.3369140625,4525.251611328125,4479.22841796875,4452.599697265625,0.0054414043827685,0.5092875448248096,74.72041212472642,,510719590.4,0.0,4573.02392578125,4401.232421875,0.8849441063698558,14,6,17,8,-11.505589363014419,73.44106921420301,25.81876992721984,normal,0.0016756048730572903,0.014498346190253919,0.03250934012263351,-0.01825277524344504,4573.02392578125,4401.232421875,0.8849441063698558,-1.0,387177021.44,0.0,-1,0.016316740556559933,sideways,1,2025-09-11 12:47:24.097684,2025-09-13T15:30:02.412607
2025-08-17 15:00:00+00:00,ETH,crypto,1h,yahoo_finance,4554.79296875,4566.662109375,4549.41845703125,4564.72900390625,0,0.0,0.0,ETH-USD,ETH,Ethereum,0.0025192296081757,11.470703125,17.24365234375,9.93603515625,4534.212158203125,4486.25517578125,4452.935068359375,0.0053090672693897,0.4969014696830116,78.06953536350417,,510719590.4,0.0,4573.02392578125,4401.232421875,0.951715179817468,15,6,17,8,-4.919865390073387,80.05354640326446,26.345569041982422,normal,-0.0015694320140634543,0.02002301568796172,0.0317651443605822,0.003687049365255657,4573.02392578125,4401.232421875,0.9517151798174681,,387177021.44,0.0,-1,0.01825247586053297,sideways,1,2025-09-11 12:47:24.097684,2025-09-13T15:30:02.412607
2025-08-17 16:00:00+00:00,ETH,crypto,1h,yahoo_finance,4563.318359375,4567.74169921875,4510.68505859375,4519.62548828125,0,0.0,0.0,ETH-USD,ETH,Ethereum,-0.0098808747652714,-45.103515625,57.056640625,43.69287109375,4540.1880859375,4490.51044921875,4453.3461328125,0.0061833277813815,0.5787277700953714,64.74904950353967,,510719590.4,0.0,4573.02392578125,4401.232421875,0.6891671806474168,16,6,17,8,-38.10399855054285,28.11312108276169,25.141736728207775,normal,-0.007558630124942511,0.013399343055895852,0.01919158519415043,0.004568324632899579,4573.02392578125,4401.232421875,0.6891671806474168,-1.0,387177021.44,0.0,-1,0.019500382529249842,sideways,1,2025-09-11 12:47:24.097684,2025-09-13T15:30:02.412607
2025-08-17 17:00:00+00:00,ETH,crypto,1h,yahoo_finance,4520.2705078125,4535.85791015625,4510.20654296875,4527.794921875,3151843328,0.0,0.0,ETH-USD,ETH,Ethereum,0.0018075465798952,8.16943359375,25.6513671875,7.5244140625,4545.99658203125,4496.086499023438,4455.250732421875,0.0060850746222011,0.5695317782722478,62.8614905899854,inf,668311756.8,4.716127310241567,4573.02392578125,4401.232421875,0.7367215323353106,17,6,17,8,-37.274051539588264,3.494918919550046,24.005420031344176,normal,-0.0036404544846485587,0.012995241625323839,0.025252282346598598,0.0214841703906401,4573.02392578125,4401.232421875,0.7367215323353106,inf,432195665.92,7.292630575761975,1,0.020368292394633766,uptrend,1,2025-09-11 12:47:24.097684,2025-09-13T15:30:02.412607
2025-08-17 18:00:00+00:00,ETH,crypto,1h,yahoo_finance,4526.61767578125,4533.71044921875,4437.53662109375,4465.6103515625,0,0.0,0.0,ETH-USD,ETH,Ethereum,-0.0137339635264992,-62.1845703125,96.173828125,61.00732421875,4538.597998046875,4497.755737304688,4456.177978515625,0.0069606158577767,0.6514779478440619,46.4094515826928,-1.0,668311756.8,0.0,4573.02392578125,4401.232421875,0.3747445491986164,18,6,17,8,-79.27943836988878,-99.13742085039634,23.805357198677644,normal,-0.016175138095336994,-0.016297890103928236,0.007532280335848185,0.010490993987152253,4573.02392578125,4401.232421875,0.3747445491986164,,432195665.92,0.0,-1,0.018495674977215375,sideways,1,2025-09-11 12:47:24.097684,2025-09-13T15:30:02.412607
2025-08-17 19:00:00+00:00,ETH,crypto,1h,yahoo_finance,4470.4091796875,4484.9541015625,4454.5048828125,4459.42236328125,4552902656,0.0,0.0,ETH-USD,ETH,Ethereum,-0.0013856982123585,-6.18798828125,30.44921875,10.98681640625,4529.97607421875,4499.375512695313,4456.464384765625,0.0069291155242743,0.6485296781728329,47.447085536448654,inf,895956889.6,5.081609069419225,4573.02392578125,4401.232421875,0.338724209772361,19,6,17,8,-83.84664730176806,-119.89150131426165,23.619584568344436,normal,-0.020608524994924937,-0.01896745186677573,0.007317666883470908,0.0032215936409116797,4573.02392578125,4401.232421875,0.338724209772361,inf,488430510.08,9.32149520154726,1,0.016495518219426065,sideways,1,2025-09-11 12:47:24.097684,2025-09-13T15:30:02.412607
2025-08-17 20:00:00+00:00,ETH,crypto,1h,yahoo_finance,4461.6513671875,4480.8564453125,4461.31591796875,4469.60888671875,0,0.0,0.0,ETH-USD,ETH,Ethereum,0.0022842697120091,10.1865234375,19.54052734375,7.95751953125,4519.746533203125,4502.020776367188,4457.94140625,0.0068950800519321,0.6453441325072732,51.6106586159298,-1.0,885322547.2,0.0,4573.02392578125,4401.232421875,0.3980200608818488,20,6,17,8,-76.32821340790981,-111.85189782580692,23.447081411606455,normal,-0.020838064451602967,-0.022374792540205024,0.011978452273412987,0.01680053300678752,4573.02392578125,4401.232421875,0.3980200608818488,,488430510.08,0.0,-1,0.013864050986958882,sideways,1,2025-09-11 12:47:24.097684,2025-09-13T15:30:02.412607
2025-08-17 21:00:00+00:00,ETH,crypto,1h,yahoo_finance,4470.23486328125,4487.0869140625,4467.08251953125,4480.2998046875,759191552,0.0,0.0,ETH-USD,ETH,Ethereum,0.0023919135297314,10.69091796875,20.00439453125,10.06494140625,4512.371728515625,4505.631909179688,4459.737412109375,0.0068994374314172,0.6457519608809278,51.7458221978942,inf,869840896.0,0.8727935827013588,4573.02392578125,4404.42333984375,0.4500367802510324,21,6,17,8,-68.43749774756917,-101.2435983016061,23.036057729780328,normal,-0.008701093419292372,-0.01619395519739586,0.016384163393238227,0.020453320340672487,4573.02392578125,4404.42333984375,0.45003678025103244,inf,503614341.12,1.5074859669635612,0,0.011802111098140855,sideways,1,2025-09-11 12:47:24.097684,2025-09-13T15:30:02.412607
2025-08-17 22:00:00+00:00,ETH,crypto,1h,yahoo_finance,4480.0986328125,4536.33349609375,4477.45849609375,4524.349609375,1061386240,0.0,0.0,ETH-USD,ETH,Ethereum,0.0098318877324712,44.0498046875,58.875,44.2509765625,4510.3728515625,4510.315673828125,4461.70556640625,0.0060181676214058,0.5632696261200261,47.25241848768186,0.3980480119989533,922910208.0,1.150042800263403,4573.02392578125,4432.88525390625,0.6526703460578946,22,6,17,8,-35.925370660016284,-23.063294673795642,21.79001363076677,normal,-0.0007609250329237982,-0.004398609404623777,0.021142446110715474,0.022234298865365654,4573.02392578125,4432.88525390625,0.6526703460578946,-0.6632490483994007,462172938.24,2.2965131711126645,1,0.01090777605825963,sideways,1,2025-09-11 12:47:24.097684,2025-09-13T15:30:02.412607
2025-08-17 23:00:00+00:00,ETH,crypto,1h,yahoo_finance,4524.8251953125,4524.8251953125,4472.462890625,4474.3916015625,0,0.0,0.0,ETH-USD,ETH,Ethereum,-0.0110420308167566,-49.9580078125,52.3623046875,50.43359375,4503.909033203125,4511.3267578125,4462.620302734375,0.0066478822087146,0.6222076820980882,38.91454965357968,-1.0,909040742.4,0.0,4573.02392578125,4437.53662109375,0.2720179617843576,23,6,17,8,-72.79820382156423,-61.27554970080573,20.473413219395436,normal,0.001966416527346082,-0.01424052862687375,0.00453994347817499,0.010327473832358436,4573.02392578125,4437.53662109375,0.27201796178435766,,462172938.24,0.0,-1,0.009252127151272639,sideways,1,2025-09-11 12:47:24.097684,2025-09-13T15:30:02.412607
2025-08-18 00:00:00+00:00,ETH,crypto,1h,yahoo_finance,4475.4365234375,4481.86572265625,4443.80517578125,4466.2109375,3640500224,0.0,0.0,ETH-USD,ETH,Ethereum,-0.0018283299252669,-8.1806640625,38.060546875,9.2255859375,4495.204296875,4510.227954101562,4462.3308203125,0.0063458879903949,0.5939425719940884,32.57525018997694,inf,1091065753.6,3.336646038048646,4573.02392578125,4437.53662109375,0.2116384001614542,0,0,18,8,-78.55342926009789,-100.16331012108203,19.624550619982845,normal,0.0015222990032626171,-0.019117598328720842,-0.004896425697362927,-0.0032303366347941065,4573.02392578125,4437.53662109375,0.21163840016145424,-0.2004001624760413,518091612.16,7.0267499773297235,1,0.0073668846811761595,sideways,1,2025-09-11 12:47:24.097684,2025-09-13T15:30:02.412607
2025-08-18 01:00:00+00:00,ETH,crypto,1h,yahoo_finance,4466.45263671875,4469.16650390625,4396.09033203125,4401.693359375,1017225216,0.0,0.0,ETH-USD,ETH,Ethereum,-0.0144457077885161,-64.517578125,73.076171875,64.75927734375,4478.900732421875,4506.5564453125,4461.600126953125,0.0072015475927,0.6740279226516772,28.231731990121247,-0.7205809220134249,968252723.2,1.05057821333892,4573.02392578125,4396.09033203125,0.0316674025830665,1,0,18,8,-96.73580966143447,-151.79744817377224,19.9572544747618,normal,-0.015194959797390384,-0.03571639069739585,-0.016408524860685447,-0.008231814080678412,4573.02392578125,4396.09033203125,0.031667402583066565,inf,538436116.48,1.8892217384117183,1,0.0038776683199899745,sideways,1,2025-09-11 12:47:24.097684,2025-09-13T15:30:02.412607
2025-08-18 02:00:00+00:00,ETH,crypto,1h,yahoo_finance,4400.72021484375,4400.72021484375,4318.111328125,4322.6435546875,2553597952,0.0,0.0,ETH-USD,ETH,Ethereum,-0.0179589531195158,-79.0498046875,82.60888671875,78.07666015625,4459.2025390625,4499.6953125,4458.399169921875,0.0083122701736006,0.7779858600546942,23.562854970135064,1.510356518727904,1095932620.8,2.3300683851676443,4573.02392578125,4318.111328125,0.0177795315106855,2,0,18,8,-98.18442501902226,-226.88546457767595,21.52114905097208,normal,-0.035188772375244315,-0.04358368499878951,-0.03076833468983242,-0.03570351760983437,4573.02392578125,4318.111328125,0.017779531510685533,2.3635752996366324,580866088.96,4.396190448252949,1,0.00018019228651512632,sideways,1,2025-09-11 12:47:24.097684,2025-09-13T15:30:02.412607
2025-08-18 03:00:00+00:00,ETH,crypto,1h,yahoo_finance,4324.77734375,4337.62109375,4295.9873046875,4325.7314453125,4270505984,0.0,0.0,ETH-USD,ETH,Ethereum,0.0007143523600625,3.087890625,41.6337890625,0.9541015625,4438.99619140625,4492.49638671875,4455.118798828125,0.0083685198440064,0.7832505407369217,24.42870171667539,0.6723486094023936,1264801382.4,3.376424190726754,4573.02392578125,4295.9873046875,0.1073653746842894,3,0,18,8,-89.05477106403164,-206.27312198368585,23.24831053592656,normal,-0.04389982676204751,-0.04462734731784712,-0.03221204885401585,-0.03653177898268278,4573.02392578125,4295.9873046875,0.10736537468428947,3.023517380440131,666276208.64,6.409512944664402,1,-0.003618895062038889,sideways,1,2025-09-11 12:47:24.097684,2025-09-13T15:30:02.412607
2025-08-18 04:00:00+00:00,ETH,crypto,1h,yahoo_finance,4325.2998046875,4344.482421875,4308.20654296875,4340.4794921875,30154752,0.0,0.0,ETH-USD,ETH,Ethereum,0.0034093764399039,14.748046875,36.27587890625,15.1796875,4426.48310546875,4482.540551757813,4452.93318359375,0.0083853221091805,0.7848231465893943,24.52272235636653,-0.9929388339196856,1266309120.0,0.0238131049707673,4573.02392578125,4295.9873046875,0.1606003831708,4,0,18,8,-83.62779465747198,-144.14189640856705,24.626965214281597,normal,-0.02992856265156507,-0.0280209981444568,-0.043862205100024254,-0.024558797661698106,4573.02392578125,4295.9873046875,0.16060038317080005,inf,663694745.6,0.045434670381093945,-1,-0.00593992252622423,sideways,1,2025-09-11 12:47:24.097684,2025-09-13T15:30:02.412607
2025-08-18 05:00:00+00:00,ETH,crypto,1h,yahoo_finance,4340.59716796875,4349.56982421875,4276.80419921875,4312.66357421875,0,0.0,0.0,ETH-USD,ETH,Ethereum,-0.0064084896654428,-27.81591796875,72.765625,27.93359375,4411.8072265625,4470.891650390625,4450.515302734375,0.0082404195320315,0.7712610084787477,20.95556380740192,-1.0,1181324800.0,0.0,4573.02392578125,4276.80419921875,0.1210566744360084,5,0,18,8,-87.67454350161118,-127.19584117418214,26.302527622239882,normal,-0.03437978309354095,-0.03290982039981394,-0.05125305683221204,-0.02726795350534794,4573.02392578125,4276.80419921875,0.12105667443600843,-1.0,663694745.6,0.0,-1,-0.008697436934570979,sideways,1,2025-09-11 12:47:24.097684,2025-09-13T15:30:02.412607
2025-08-18 06:00:00+00:00,ETH,crypto,1h,yahoo_finance,4314.81005859375,4314.81005859375,4237.2197265625,4252.060546875,2075697152,0.0,0.0,ETH-USD,ETH,Ethereum,-0.014052342896867,-60.60302734375,77.59033203125,62.74951171875,4390.052392578125,4454.899462890625,4446.4366796875,0.0085387570255346,0.7991838678928591,20.23286866072816,inf,1285109657.6,1.6151906879888038,4571.23779296875,4237.2197265625,0.0444311904208493,6,0,18,8,-95.03840283389243,-135.92082073649541,28.28733154830874,normal,-0.03399437450164555,-0.048672791145146,-0.06995854008112556,-0.04576560418178166,4571.23779296875,4237.2197265625,0.04443119042084936,1.0405482673366997,705208688.64,2.9433800028797106,1,-0.012680780402643118,sideways,1,2025-09-11 12:47:24.097684,2025-09-13T15:30:02.412607
2025-08-18 07:00:00+00:00,ETH,crypto,1h,yahoo_finance,4255.33154296875,4273.55712890625,4243.18603515625,4261.51611328125,1650978816,0.0,0.0,ETH-USD,ETH,Ethereum,0.0022237609982291,9.45556640625,30.37109375,6.1845703125,4368.1740234375,4440.272875976562,4443.1674609375,0.0085624072898029,0.8013974113416399,20.4604866168978,-0.2046147895856437,1238199193.6,1.3333709346069471,4567.74169921875,4237.2197265625,0.0735091422923908,7,0,18,8,-91.87720887713542,-116.18329432658132,30.130363765372675,normal,-0.014141217204912238,-0.04883237750682401,-0.06423554337069204,-0.03694051644203222,4567.74169921875,4237.2197265625,0.07350914229239085,-0.3534695566673136,725556551.68,2.2754653819570896,1,-0.016878372953374295,sideways,1,2025-09-11 12:47:24.097684,2025-09-13T15:30:02.412607
2025-08-18 08:00:00+00:00,ETH,crypto,1h,yahoo_finance,4259.29931640625,4289.5263671875,4257.11767578125,4258.46240234375,0,0.0,0.0,ETH-USD,ETH,Ethereum,-0.0007165785265912,-3.0537109375,32.40869140625,0.8369140625,4341.585302734375,4425.979077148438,4439.8716796875,0.0081545557732436,0.7632246009952306,23.55009620096588,-1.0,1238199193.6,0.0,4567.74169921875,4237.2197265625,0.0642700865256629,8,0,18,8,-92.89812842299436,-92.07433794508712,31.2766838492009,normal,-0.015550905972594453,-0.0587680506564523,-0.06290816236076724,-0.03725518745876255,4567.74169921875,4237.2197265625,0.06427008652566298,-1.0,725556551.68,0.0,-1,-0.022137211172743372,downtrend,1,2025-09-11 12:47:24.097684,2025-09-13T15:30:02.412607
2025-08-18 09:00:00+00:00,ETH,crypto,1h,yahoo_finance,4260.6611328125,4320.0478515625,4230.85693359375,4292.421875,1410613248,0.0,0.0,ETH-USD,ETH,Ethereum,0.0079745855305801,33.95947265625,89.19091796875,31.7607421875,4323.388330078125,4413.648681640625,4436.5641796875,0.008694375270973,0.8137489376017487,30.08850278805322,inf,1308729856.0,1.0778490622284695,4567.74169921875,4230.85693359375,0.1827477751688552,9,0,18,8,-79.84626352267206,-71.88759752354386,31.343216166700024,normal,-0.01107196043063896,-0.04066915522078007,-0.05433053357850148,-0.03709792182937899,4567.74169921875,4230.85693359375,0.18274777516885526,45.77913610431948,753768816.64,1.871413644156772,1,-0.02550979655102075,downtrend,1,2025-09-11 12:47:24.097684,2025-09-13T15:30:02.412607
2025-08-18 10:00:00+00:00,ETH,crypto,1h,yahoo_finance,4294.494140625,4303.318359375,4265.89404296875,4265.89404296875,0,0.0,0.0,ETH-USD,ETH,Ethereum,-0.0061801548877927,-26.52783203125,37.42431640625,28.60009765625,4303.356640625,4399.28046875,4432.887275390625,0.0086160133425349,0.8064146629669893,26.62202597751903,-1.0,1308729856.0,0.0,4567.74169921875,4230.85693359375,0.1040032466591297,10,0,18,8,-88.53034449246823,-66.50022004757673,31.404996175806357,normal,-0.010844697353531108,-0.04485164210434245,-0.06311178475492896,-0.0413159522821408,4567.74169921875,4230.85693359375,0.10400324665912979,,753768816.64,0.0,-1,-0.02922037640901006,downtrend,1,2025-09-11 12:47:24.097684,2025-09-13T15:30:02.412607
2025-08-18 11:00:00+00:00,ETH,crypto,1h,yahoo_finance,4266.73486328125,4279.583984375,4259.44775390625,4278.35205078125,1627545600,0.0,0.0,ETH-USD,ETH,Ethereum,0.002920374413198,12.4580078125,20.13623046875,11.6171875,4291.022509765625,4384.96162109375,4429.93779296875,0.008643942274344,0.8090286677551105,26.918427687908306,inf,1390107136.0,1.1708058737711566,4567.74169921875,4230.85693359375,0.140983273907876,11,0,18,8,-84.4521239865988,-65.96631703345068,31.5731294988609,normal,0.0061832383655902046,-0.02802133145668817,-0.06273690133191567,-0.03332126372945021,4567.74169921875,4230.85693359375,0.14098327390787604,-0.21590411277877974,786319728.64,2.069826739327734,1,-0.03135829207886689,downtrend,1,2025-09-11 12:47:24.097684,2025-09-13T15:30:02.412607
2025-08-18 12:00:00+00:00,ETH,crypto,1h,yahoo_finance,4277.54638671875,4343.41162109375,4275.228515625,4343.41162109375,268664832,0.0,0.0,ETH-USD,ETH,Ethereum,0.0152066892907094,65.0595703125,68.18310546875,65.865234375,4293.09931640625,4376.150927734375,4428.686005859375,0.0093595917478446,0.8760097883769254,30.267413736731285,-0.8349263873159682,1403540377.6,0.191419382219275,4536.33349609375,4230.85693359375,0.3684560497173985,12,0,18,8,-61.71195936529872,-12.246040346149998,29.855792701047726,high,0.019217458208656835,0.004804482753089534,-0.038988599308592664,-0.014205479254700837,4536.33349609375,4230.85693359375,0.36845604971739854,-0.8372693644544014,768088104.96,0.34978387279411305,-1,-0.03061555713675265,downtrend,1,2025-09-11 12:47:24.097684,2025-09-13T15:30:02.412607
2025-08-18 13:00:00+00:00,ETH,crypto,1h,yahoo_finance,4345.7568359375,4365.38916015625,4304.8603515625,4304.8603515625,19558400,0.0,0.0,ETH-USD,ETH,Ethereum,-0.0088758038367872,-38.55126953125,60.52880859375,40.896484375,4291.01220703125,4365.00419921875,4426.986591796875,0.009231130140841,0.8639864407569038,31.039672519320742,-0.9272014879863398,1246926131.2,0.0156852916228306,4536.33349609375,4230.85693359375,0.2422556328482647,13,0,18,8,-70.51759890753327,9.023213664362947,27.740497565368454,high,0.010895469968976057,-0.004824870432633244,-0.04923689658191954,-0.019356258148993555,4536.33349609375,4230.85693359375,0.24225563284826476,inf,766095155.2,0.025529987844517828,-1,-0.030714885158582277,downtrend,1,2025-09-11 12:47:24.097684,2025-09-13T15:30:02.412607
2025-08-18 14:00:00+00:00,ETH,crypto,1h,yahoo_finance,4288.98193359375,4332.42724609375,4278.1279296875,4331.05517578125,3392417792,0.0,0.0,ETH-USD,ETH,Ethereum,0.0060849416890473,26.19482421875,54.29931640625,42.0732421875,4290.069775390625,4358.276440429688,4425.4603125,0.0095271556568276,0.8916929109320885,35.46970096242582,172.45068062827224,1416547020.8,2.394850112412167,4536.33349609375,4230.85693359375,0.3280063169739904,14,0,18,8,-57.9545873646165,10.940934614033177,26.357384103958342,high,0.009000350363103538,-0.0021712615906175348,-0.030131418818072575,-0.01731508353596356,4536.33349609375,4230.85693359375,0.3280063169739904,1.4049240972391606,833943511.04,4.0679227634607535,1,-0.03059354904323868,downtrend,1,2025-09-11 12:47:24.097684,2025-09-13T15:30:02.412607
2025-08-18 15:00:00+00:00,ETH,crypto,1h,yahoo_finance,4334.60791015625,4342.841796875,4303.02880859375,4342.62890625,883658752,0.0,0.0,ETH-USD,ETH,Ethereum,0.0026722657641189,11.57373046875,39.81298828125,8.02099609375,4293.06630859375,4352.436767578125,4424.410859375,0.0089059882700493,0.833554829090693,42.83439565907637,-0.73951947956297,1233084825.6,0.7166244638279653,4536.33349609375,4230.85693359375,0.3658937750952661,15,0,18,8,-34.19886167644015,69.70391574535408,24.81696617045785,normal,0.017987990913118868,0.006948219242137066,-0.026190265805034252,-0.011938895041176845,4536.33349609375,4230.85693359375,0.3658937750952661,inf,851616686.08,1.0376249860339044,0,-0.02968633677022557,downtrend,1,2025-09-11 12:47:24.097684,2025-09-13T15:30:02.412607
2025-08-18 16:00:00+00:00,ETH,crypto,1h,yahoo_finance,4347.54248046875,4360.904296875,4305.4794921875,4321.30859375,1204613120,0.0,0.0,ETH-USD,ETH,Ethereum,-0.0049095405019101,-21.3203125,55.4248046875,26.23388671875,4299.99111328125,4345.021752929688,4422.4733984375,0.0075688676832785,0.7084071993854419,49.81166388823829,0.3632107612509676,1293315481.6,0.9314147531194296,4536.33349609375,4230.85693359375,0.2961001636786783,16,0,18,8,-32.765804545553536,75.41270660140667,23.13766485474931,normal,0.01004044137997151,0.01628576218790978,-0.033179702458847826,-0.02192599914504567,4536.33349609375,4230.85693359375,0.2961001636786783,-0.2598590663143324,875708948.48,1.3755861717422107,0,-0.027695426093353896,downtrend,1,2025-09-11 12:47:24.097684,2025-09-13T15:30:02.412607
2025-08-18 17:00:00+00:00,ETH,crypto,1h,yahoo_finance,4324.59619140625,4381.31640625,4317.45947265625,4352.23583984375,925388800,0.0,0.0,ETH-USD,ETH,Ethereum,0.0071569168048957,30.92724609375,63.85693359375,27.6396484375,4309.0630859375,4338.6185546875,4421.50853515625,0.0078074366357338,0.7307360298712156,53.4669059647823,-0.2317958482803176,1301625344.0,0.7109486645029555,4536.33349609375,4230.85693359375,0.3973427789570599,17,0,18,8,-19.327840177061802,116.78287525230957,22.044562254150865,normal,0.0020316330847265363,0.021288134117284363,-0.028583793591170692,-0.010963161969339108,4536.33349609375,4230.85693359375,0.39734277895705994,2.4443987071594098,894216724.48,1.0348596427092402,0,-0.025431467184712085,downtrend,1,2025-09-11 12:47:24.097684,2025-09-13T15:30:02.412607
2025-08-18 18:00:00+00:00,ETH,crypto,1h,yahoo_finance,4346.01318359375,4373.0791015625,4329.515625,4369.58056640625,0,0.0,0.0,ETH-USD,ETH,Ethereum,0.0039852451017734,17.3447265625,43.5634765625,23.5673828125,4320.17490234375,4330.880102539062,4420.63767578125,0.0078256397289107,0.7324397460408197,53.78088035089189,-1.0,1248556032.0,0.0,4524.8251953125,4230.85693359375,0.4719000343826977,18,0,18,8,-7.800000649053518,122.23970150513847,21.029538410738024,normal,0.015034219360974044,0.026093494215504442,-0.03420802023080838,-0.009866700626693037,4524.8251953125,4230.85693359375,0.4719000343826977,-1.0,894216724.48,0.0,-1,-0.022725855590448547,downtrend,1,2025-09-11 12:47:24.097684,2025-09-13T15:30:02.412607
2025-08-18 19:00:00+00:00,ETH,crypto,1h,yahoo_finance,4368.4833984375,4383.00634765625,4349.599609375,4359.46435546875,1132695552,0.0,0.0,ETH-USD,ETH,Ethereum,-0.0023151446194342,-10.1162109375,33.40673828125,9.01904296875,4326.879150390625,4325.133740234375,4419.6594140625,0.0076212324826963,0.7133082760661641,56.3736012363116,inf,1305190809.6,0.8678390497916053,4481.86572265625,4230.85693359375,0.5123622258620488,19,0,18,8,-15.472943049146027,116.5022681198969,20.323773642516937,normal,0.006559413014722404,0.01561880039313479,-0.02568555824519614,-0.011095485036756947,4481.86572265625,4230.85693359375,0.5123622258620488,-0.6661096535128654,916870635.52,1.235392985791933,0,-0.020992627480901898,downtrend,1,2025-09-11 12:47:24.097684,2025-09-13T15:30:02.412607
2025-08-18 20:00:00+00:00,ETH,crypto,1h,yahoo_finance,4354.56494140625,4368.12841796875,4330.5166015625,4339.025390625,0,0.0,0.0,ETH-USD,ETH,Ethereum,-0.004688411964674,-20.43896484375,37.61181640625,15.53955078125,4334.19228515625,4318.774462890625,4418.24201171875,0.0065538130158252,0.6134032880629704,63.29813128492454,-1.0,1123165798.4,0.0,4469.16650390625,4230.85693359375,0.4538989218494523,20,0,18,8,-28.906425504329242,70.82486297031613,19.11830338560231,normal,-0.0008298004970707096,0.01714326397224708,-0.02847728167227881,-0.01607070214293005,4469.16650390625,4230.85693359375,0.4538989218494523,-1.0,916870635.52,0.0,-1,-0.019023341487308783,sideways,1,2025-09-11 12:47:24.097684,2025-09-13T15:30:02.412607
2025-08-18 21:00:00+00:00,ETH,crypto,1h,yahoo_finance,4338.88720703125,4361.86474609375,4329.83154296875,4361.6494140625,706297856,0.0,0.0,ETH-USD,ETH,Ethereum,0.0052140795226462,22.6240234375,32.033203125,22.76220703125,4342.522021484375,4316.772265625,4416.991123046875,0.0066286717515648,0.6204096818267355,64.71899596197105,inf,1107619430.4,0.6376719626026524,4400.72021484375,4230.85693359375,0.7699867770495573,21,0,18,8,-14.036816195018003,75.74123160614475,17.979196981173978,normal,0.00933532503807899,0.01946949720185831,-0.009097395489218285,-0.014136910756494814,4400.72021484375,4230.85693359375,0.7699867770495573,-0.413672452778864,930996592.64,0.7586470902081088,0,-0.016859690112107573,sideways,1,2025-09-11 12:47:24.097684,2025-09-13T15:30:02.412607
2025-08-18 22:00:00+00:00,ETH,crypto,1h,yahoo_finance,4355.72705078125,4387.12255859375,4343.9208984375,4343.9208984375,0,0.0,0.0,ETH-USD,ETH,Ethereum,-0.0040646356325295,-17.728515625,43.20166015625,11.80615234375,4342.57294921875,4317.8361328125,4415.179140625,0.006780468886982,0.634617115233608,62.04235421044447,-1.0,979939532.8,0.0,4387.12255859375,4230.85693359375,0.7235370212978702,22,0,18,8,-27.646297870212976,86.01518663966391,17.584780394392688,normal,-0.0019104988130763667,0.00011725283905317241,0.004922298931385738,-0.02043042329152156,4387.12255859375,4230.85693359375,0.7235370212978702,-1.0,930996592.64,0.0,-1,-0.016444676216687392,sideways,1,2025-09-11 12:47:24.097684,2025-09-13T15:30:02.412607
2025-08-18 23:00:00+00:00,ETH,crypto,1h,yahoo_finance,4342.8134765625,4350.89501953125,4308.83349609375,4314.1865234375,357838848,0.0,0.0,ETH-USD,ETH,Ethereum,-0.0068450544324357,-29.734375,42.0615234375,28.626953125,4343.50556640625,4317.25888671875,4413.137392578125,0.0068386415132173,0.6400617747199008,53.103917953060325,inf,784306176.0,0.456248922869632,4387.12255859375,4230.85693359375,0.5332560493950604,23,0,18,8,-57.12641216469454,-17.252575770635858,16.44681883006521,normal,-0.012677199133167338,0.0021664284351559093,-0.0026688947339785773,-0.023116184380635008,4387.12255859375,4230.85693359375,0.5332560493950604,inf,938153369.6,0.3814289428524587,-1,-0.01577830463401838,sideways,1,2025-09-11 12:47:24.097684,2025-09-13T15:30:02.412607
2025-08-19 00:00:00+00:00,ETH,crypto,1h,yahoo_finance,4314.744140625,4332.84521484375,4269.6552734375,4332.84521484375,0,0.0,0.0,ETH-USD,ETH,Ethereum,0.0043249616827838,18.65869140625,63.18994140625,18.10107421875,4343.6845703125,4316.877172851562,4411.14978515625,0.0066364550541091,0.621138159029415,59.76732125964508,-1.0,782798438.4,0.0,4387.12255859375,4230.85693359375,0.6526597340265974,0,1,19,8,-42.5121807570809,-72.8509485399452,16.311096688582566,normal,-0.0061060576379314835,0.0004133032228519351,-0.0017588557571787122,-0.022422227652189597,4387.12255859375,4230.85693359375,0.6526597340265974,-1.0,938153369.6,0.0,-1,-0.015294247107811635,sideways,1,2025-09-11 12:47:24.097684,2025-09-13T15:30:02.412607
2025-08-19 01:00:00+00:00,ETH,crypto,1h,yahoo_finance,4340.845703125,4352.748046875,4292.20361328125,4296.8642578125,0,0.0,0.0,ETH-USD,ETH,Ethereum,-0.0083042331879256,-35.98095703125,60.54443359375,43.9814453125,4339.10810546875,4316.08720703125,4408.546533203125,0.0070679560850396,0.6615244426380865,52.52724017347321,,782798438.4,0.0,4387.12255859375,4230.85693359375,0.4224046345365463,1,1,19,8,-76.83696840460068,-87.43159199816293,15.637506071267824,normal,-0.009716728762084292,-0.010538466312798311,-0.003663470645078548,-0.029401808912782768,4387.12255859375,4230.85693359375,0.42240463453654636,,938153369.6,0.0,-1,-0.015750866461632464,sideways,1,2025-09-11 12:47:24.097684,2025-09-13T15:30:02.412607
2025-08-19 02:00:00+00:00,ETH,crypto,1h,yahoo_finance,4297.18701171875,4300.90185546875,4285.62744140625,4285.62744140625,0,0.0,0.0,ETH-USD,ETH,Ethereum,-0.002615120174164,-11.23681640625,15.2744140625,11.5595703125,4335.539990234375,4317.765551757812,4405.925009765625,0.0056443006163746,0.5282775917683297,40.75247945637939,,679013580.8,0.0,4387.12255859375,4230.85693359375,0.350496200379962,2,1,19,8,-86.40287979116526,-155.80365259983716,15.166737024152907,normal,-0.017429638524166013,-0.00825702482700641,0.007894265418191049,-0.029677375561458885,4387.12255859375,4230.85693359375,0.350496200379962,-1.0,933899632.64,0.0,-1,-0.015975083410462755,sideways,1,2025-09-11 12:47:24.097684,2025-09-13T15:30:02.412607
2025-08-19 03:00:00+00:00,ETH,crypto,1h,yahoo_finance,4286.67431640625,4288.61279296875,4220.09814453125,4222.43798828125,0,0.0,0.0,ETH-USD,ETH,Ethereum,-0.0147445045069679,-63.189453125,68.5146484375,64.236328125,4322.560205078125,4315.8116455078125,4402.2122265625,0.0064406554279503,0.6028123181491054,37.773660506694746,,596464640.0,0.0,4387.12255859375,4220.09814453125,0.0140089924166681,3,1,19,8,-98.5991007583332,-235.27441477385915,16.027272589823717,normal,-0.027966188380628032,-0.029823257823996974,-0.009170005219084065,-0.04211340997560631,4387.12255859375,4220.09814453125,0.014008992416668128,,912523141.12,0.0,-1,-0.018093635060064287,sideways,1,2025-09-11 12:47:24.097684,2025-09-13T15:30:02.412607
2025-08-19 04:00:00+00:00,ETH,crypto,1h,yahoo_finance,4220.6591796875,4233.3212890625,4199.60107421875,4233.3212890625,1322811392,0.0,0.0,ETH-USD,ETH,Ethereum,0.0025774921529824,10.88330078125,33.72021484375,12.662109375,4308.93427734375,4314.55458984375,4398.265166015625,0.006192181071067,0.5795563926072038,34.81248454000932,inf,662605209.6,1.9963794018440508,4387.12255859375,4199.60107421875,0.1798205413962983,4,1,19,8,-82.01794586037016,-207.46572204759434,17.154101213207838,normal,-0.018744028320446193,-0.03118360567403755,-0.0059038006928070486,-0.04454243603800345,4387.12255859375,4199.60107421875,0.17982054139629833,2.696667925780937,938979368.96,1.4087757790302962,1,-0.02031048272444193,downtrend,1,2025-09-11 12:47:24.097684,2025-09-13T15:30:02.412607
2025-08-19 05:00:00+00:00,ETH,crypto,1h,yahoo_finance,4236.42041015625,4251.35302734375,4223.17431640625,4233.44287109375,0,0.0,0.0,ETH-USD,ETH,Ethereum,2.8720246574298613e-05,0.12158203125,28.1787109375,2.9775390625,4296.33212890625,4311.605639648437,4393.850625,0.0060909952307066,0.5700859168654353,32.40666871228393,-1.0,592074547.2,0.0,4387.12255859375,4199.60107421875,0.1804689046046807,5,1,19,8,-81.95310953953192,-136.6748563155728,17.669837647774212,normal,-0.022941586606754605,-0.02890756159455965,-0.01374026263582262,-0.049555148243723535,4387.12255859375,4199.60107421875,0.1804689046046807,,933431582.72,0.0,-1,-0.02219431301075475,downtrend,1,2025-09-11 12:47:24.097684,2025-09-13T15:30:02.412607
2025-08-19 06:00:00+00:00,ETH,crypto,1h,yahoo_finance,4231.830078125,4248.9462890625,4228.79052734375,4241.765625,0,0.0,0.0,ETH-USD,ETH,Ethereum,0.0019659539905636,8.32275390625,20.15576171875,9.935546875,4286.60615234375,4310.39921875,4388.922197265625,0.0060981630682715,0.5707567897023577,36.62278324678183,,592074547.2,0.0,4387.12255859375,4199.60107421875,0.2248518398933455,6,1,19,8,-77.51481601066544,-103.42196736796348,18.148735765585844,normal,-0.012822986602921027,-0.022415117882264912,-0.005656122192842505,-0.05490443826768776,4387.12255859375,4199.60107421875,0.22485183989334556,,933431582.72,0.0,-1,-0.023312339641294977,downtrend,1,2025-09-11 12:47:24.097684,2025-09-13T15:30:02.412607
2025-08-19 07:00:00+00:00,ETH,crypto,1h,yahoo_finance,4242.0419921875,4242.0419921875,4213.8427734375,4233.91162109375,0,0.0,0.0,ETH-USD,ETH,Ethereum,-0.0018515883715876,-7.85400390625,28.19921875,8.13037109375,4273.832373046875,4308.177197265625,4384.097958984375,0.0055902911819191,0.5232225856823363,28.426442937724342,,510697267.2,0.0,4387.12255859375,4199.60107421875,0.1829686181791669,7,1,19,8,-81.70313818208331,-97.07905986425077,18.871081878064736,normal,-0.012067269266768155,-0.029286579649640654,-0.010387277428323127,-0.05390061574112015,4387.12255859375,4199.60107421875,0.18296861817916696,,863961866.24,0.0,-1,-0.025151259613515622,downtrend,1,2025-09-11 12:47:24.097684,2025-09-13T15:30:02.412607
2025-08-19 08:00:00+00:00,ETH,crypto,1h,yahoo_finance,4237.01025390625,4268.17578125,4223.873046875,4259.52734375,0,0.0,0.0,ETH-USD,ETH,Ethereum,0.006050131639175,25.61572265625,44.302734375,22.51708984375,4265.393017578125,4303.982983398438,4380.091181640625,0.0057829161502659,0.5412512948721834,30.521923843400387,,497264025.6,0.0,4387.12255859375,4199.60107421875,0.3195701534199206,8,1,19,8,-68.04298465800794,-58.369335845021816,18.733432805300843,normal,0.008783872154354055,-0.019427967649654043,-0.01931299279496479,-0.04492037601849652,4387.12255859375,4199.60107421875,0.3195701534199206,,863961866.24,0.0,-1,-0.02618625030987097,downtrend,1,2025-09-11 12:47:24.097684,2025-09-13T15:30:02.412607
2025-08-19 09:00:00+00:00,ETH,crypto,1h,yahoo_finance,4258.22998046875,4302.7763671875,4258.13916015625,4284.26025390625,0,0.0,0.0,ETH-USD,ETH,Ethereum,0.0058064916973805,24.73291015625,44.63720703125,26.0302734375,4262.400390625,4302.952978515625,4376.3821875,0.0061250277188827,0.5732711832283539,37.34457836077212,,496286105.6,0.0,4387.12255859375,4199.60107421875,0.4514638947620585,9,1,19,8,-54.853610523794146,-6.306164030209019,17.67213176206277,normal,0.012032860575775128,-0.006936712024079306,-0.004785311479098997,-0.04149032233678818,4387.12255859375,4199.60107421875,0.4514638947620585,-1.0,846099251.2,0.0,-1,-0.026044753860976707,downtrend,1,2025-09-11 12:47:24.097684,2025-09-13T15:30:02.412607
2025-08-19 10:00:00+00:00,ETH,crypto,1h,yahoo_finance,4282.6064453125,4300.30615234375,4277.89306640625,4285.23974609375,0,0.0,0.0,ETH-USD,ETH,Ethereum,0.0002286257438741,0.9794921875,22.4130859375,2.63330078125,4257.63984375,4300.66220703125,4371.29505859375,0.0060516710291815,0.5664053732707787,40.31456793510277,,326665216.0,0.0,4387.12255859375,4199.60107421875,0.4566872545854121,10,1,19,8,-54.33127454145879,10.876080697992327,16.686637936198846,normal,0.012235165697799477,-0.010987115022459193,-0.0105783528096558,-0.056030632370785094,4387.12255859375,4199.60107421875,0.4566872545854121,,846099251.2,0.0,-1,-0.026000353057913345,downtrend,1,2025-09-11 12:47:24.097684,2025-09-13T15:30:02.412607
2025-08-19 11:00:00+00:00,ETH,crypto,1h,yahoo_finance,4286.51220703125,4316.11962890625,4286.51220703125,4311.0986328125,1534607360,0.0,0.0,ETH-USD,ETH,Ethereum,0.0060344083997452,25.85888671875,29.607421875,24.58642578125,4259.06328125,4299.085693359375,4366.60419921875,0.0061187470974706,0.5726833492733807,41.00191559559031,inf,359212646.4,4.272141795061256,4387.12255859375,4199.60107421875,0.5945855162429305,11,1,19,8,-40.54144837570695,49.635048910081714,15.63285197591201,normal,0.016345317950588134,0.0033127355545661263,-0.007260641910277199,-0.0515973297739486,4387.12255859375,4199.60107421875,0.5945855162429305,inf,842797670.4,1.8208490767086012,1,-0.024628043454909657,downtrend,1,2025-09-11 12:47:24.097684,2025-09-13T15:30:02.412607
2025-08-19 12:00:00+00:00,ETH,crypto,1h,yahoo_finance,4311.1640625,4313.39599609375,4289.798828125,4306.1416015625,0,0.0,0.0,ETH-USD,ETH,Ethereum,-0.0011498301644669,-4.95703125,23.59716796875,5.0224609375,4261.114697265625,4298.32734375,4361.2889453125,0.0060488542314065,0.566141735444555,42.95493533313179,-1.0,298981990.4,0.0,4387.12255859375,4199.60107421875,0.5681510451927383,12,1,19,8,-30.432495337084923,60.05156822381181,14.654336441359948,normal,0.017059869674391326,0.004786734366606149,-0.003509814644905518,-0.05812954035239859,4387.12255859375,4199.60107421875,0.5681510451927383,,842797670.4,0.0,-1,-0.022968954660649504,downtrend,1,2025-09-11 12:47:24.097684,2025-09-13T15:30:02.412607
2025-08-19 13:00:00+00:00,ETH,crypto,1h,yahoo_finance,4306.265625,4337.30078125,4268.81787109375,4298.14306640625,0,0.0,0.0,ETH-USD,ETH,Ethereum,-0.0018574714666483,-7.99853515625,68.48291015625,8.12255859375,4268.685205078125,4295.622705078125,4356.170849609375,0.005794709878097,0.5423551273148686,46.74429803787898,,252712550.4,0.0,4387.12255859375,4199.60107421875,0.5254970784597598,13,1,19,8,-35.6552790575332,62.773432023940515,14.371145255384192,normal,0.009065729490599583,0.017929233853785087,-0.01242873213402007,-0.05619281867414916,4387.12255859375,4199.60107421875,0.5254970784597598,,791013908.48,0.0,-1,-0.020083152739313426,downtrend,1,2025-09-11 12:47:24.097684,2025-09-13T15:30:02.412607
2025-08-19 14:00:00+00:00,ETH,crypto,1h,yahoo_finance,4292.693359375,4303.18603515625,4185.97900390625,4192.97705078125,207413248,0.0,0.0,ETH-USD,ETH,Ethereum,-0.0244677792246992,-105.166015625,117.20703125,99.71630859375,4264.65078125,4286.792529296875,4349.143623046875,0.0085162866277409,0.7970807538953315,28.99230536805452,inf,263083212.8,0.7883940818286981,4387.12255859375,4185.97900390625,0.0347913055721436,14,1,19,8,-95.80374945468067,-84.42878119529654,14.557150134221022,normal,-0.021306642854334257,-0.009530162141363152,-0.040416582997174766,-0.07731847825327809,4387.12255859375,4185.97900390625,0.03479130557214365,inf,795162173.44,0.260843957280685,0,-0.01942746644399889,sideways,1,2025-09-11 12:47:24.097684,2025-09-13T15:30:02.412607
2025-08-19 15:00:00+00:00,ETH,crypto,1h,yahoo_finance,4190.77978515625,4224.9931640625,4180.52783203125,4193.423828125,2154962944,0.0,0.0,ETH-USD,ETH,Ethereum,0.0001065537298055,0.44677734375,44.46533203125,2.64404296875,4260.648876953125,4278.490502929688,4342.23150390625,0.0083558322380457,0.7820630458854269,32.60706075533662,9.389707334412892,314196582.4,6.858645398174771,4387.12255859375,4180.52783203125,0.0624217099261178,15,1,19,8,-91.7740935805476,-125.56118498294151,14.833077808781159,normal,-0.021426086615677797,-0.009453072637876536,-0.03808736895289888,-0.07614093173864311,4387.12255859375,4180.52783203125,0.062421709926117806,inf,838261432.32,2.57075282353842,1,-0.018788179966851858,sideways,1,2025-09-11 12:47:24.097684,2025-09-13T15:30:02.412607
2025-08-19 16:00:00+00:00,ETH,crypto,1h,yahoo_finance,4190.625,4202.34228515625,4147.80810546875,4148.40966796875,236511232,0.0,0.0,ETH-USD,ETH,Ethereum,-0.0107344647241099,-45.01416015625,54.5341796875,42.21533203125,4251.31328125,4268.959716796875,4334.13453125,0.0086985074519821,0.8141356885529457,29.281042089369137,-0.8902481211296411,326022144.0,0.7254452998137452,4387.12255859375,4147.80810546875,0.0025136906365023,16,1,19,8,-99.68254050056561,-167.8867463729666,15.678543828533586,normal,-0.03773724024903924,-0.022008749488899415,-0.04393053865692942,-0.0889140492519469,4387.12255859375,4147.80810546875,0.002513690636502379,-0.8458815993167138,842991656.96,0.2805617707450484,0,-0.019109063044269105,sideways,1,2025-09-11 12:47:24.097684,2025-09-13T15:30:02.412607
2025-08-19 17:00:00+00:00,ETH,crypto,1h,yahoo_finance,4147.62158203125,4186.9599609375,4135.53662109375,4186.9599609375,1651171328,0.0,0.0,ETH-USD,ETH,Ethereum,0.0092927883343849,38.55029296875,51.42333984375,39.33837890625,4246.618115234375,4260.225244140625,4326.579150390625,0.0084180520272993,0.7878864990749802,44.212421242124215,5.981365383949291,373265817.6,4.423580328401332,4387.12255859375,4135.53662109375,0.2043967176971089,17,1,19,8,-74.51314455256731,-131.91914167271165,16.669154421203174,normal,-0.02767712993501059,-0.011089428490271835,-0.04005123670916322,-0.08275826289917221,4387.12255859375,4135.53662109375,0.20439671769710896,inf,876015083.52,1.8848663214396613,1,-0.018481352675364868,sideways,1,2025-09-11 12:47:24.097684,2025-09-13T15:30:02.412607
2025-08-19 18:00:00+00:00,ETH,crypto,1h,yahoo_finance,4185.4375,4185.4375,4126.42724609375,4145.70068359375,312385536,0.0,0.0,ETH-USD,ETH,Ethereum,-0.0098542326004262,-41.25927734375,59.01025390625,39.73681640625,4235.23544921875,4250.314233398438,4319.100654296875,0.0087111588759727,0.8153197969575868,36.99518063557633,-0.8108097380915762,388885094.4,0.8032849304290538,4352.748046875,4126.42724609375,0.0851598148887282,18,1,19,8,-90.86019140063307,-137.88606147508122,17.742067430521896,normal,-0.035467033194862885,-0.02672283823304189,-0.045631635445997465,-0.08273358172198875,4352.748046875,4126.42724609375,0.08515981488872827,inf,882262794.24,0.35407311522084023,0,-0.01941728424288793,sideways,1,2025-09-11 12:47:24.097684,2025-09-13T15:30:02.412607
2025-08-19 19:00:00+00:00,ETH,crypto,1h,yahoo_finance,4143.9609375,4165.33203125,4116.990234375,4140.09814453125,2056445952,0.0,0.0,ETH-USD,ETH,Ethereum,-0.0013514094456147,-5.6025390625,48.341796875,3.86279296875,4220.81923828125,4241.609814453125,4311.34671875,0.0087008521201332,0.8143551374676135,36.36739642016687,5.583038313271969,473815449.6,4.340183406294736,4352.748046875,4116.990234375,0.0980154587931205,19,1,19,8,-89.51121020576423,-125.38299993110175,18.898478909071677,normal,-0.012611303522433448,-0.033649241836687604,-0.04035253876031719,-0.0856259578963442,4352.748046875,4116.990234375,0.09801545879312058,8.914728069828982,860354846.72,2.390229984569686,1,-0.02099749483729681,downtrend,1,2025-09-11 12:47:24.097684,2025-09-13T15:30:02.412607
2025-08-19 20:00:00+00:00,ETH,crypto,1h,yahoo_finance,4141.76318359375,4161.83984375,4118.92529296875,4158.39501953125,1372741632,0.0,0.0,ETH-USD,ETH,Ethereum,0.0044194302553355,18.296875,42.91455078125,16.6318359375,4208.134765625,4232.8873046875,4305.202412109375,0.0088013706758705,0.8237631587907357,38.16876092225778,-0.3324688982635611,542452531.2,2.530620751207953,4352.748046875,4116.990234375,0.175624233687908,20,1,19,8,-81.20617204053228,-97.65665819873915,19.972289567725046,normal,-0.00835327170099387,-0.029600380393681958,-0.04026227263204718,-0.06879582136487938,4352.748046875,4116.990234375,0.175624233687908,-0.36298596882044576,887809679.36,1.546211608088769,1,-0.022546592980471587,downtrend,1,2025-09-11 12:47:24.097684,2025-09-13T15:30:02.412607
2025-08-19 21:00:00+00:00,ETH,crypto,1h,yahoo_finance,4157.56298828125,4163.52392578125,4141.52001953125,4151.0703125,340459520,0.0,0.0,ETH-USD,ETH,Ethereum,-0.0017614264630577,-7.32470703125,22.00390625,6.49267578125,4192.13193359375,4225.597607421875,4299.03537109375,0.0088010325113844,0.8237315083290568,38.22618679154412,-0.7519857254536882,559475507.2,0.6085333774554197,4337.30078125,4116.990234375,0.1546910876869476,21,1,19,8,-84.53089123130525,-76.82017814631385,20.904857255090885,normal,0.0006413649432441826,-0.03712007864874567,-0.0339303120985075,-0.06914618658241733,4337.30078125,4116.990234375,0.1546910876869476,0.4395067715008141,803560816.64,0.42368855343593476,0,-0.024866842971055157,downtrend,1,2025-09-11 12:47:24.097684,2025-09-13T15:30:02.412607
2025-08-19 22:00:00+00:00,ETH,crypto,1h,yahoo_finance,4152.06787109375,4152.06787109375,4122.2509765625,4135.08056640625,0,0.0,0.0,ETH-USD,ETH,Ethereum,-0.00385195742062,-15.98974609375,29.81689453125,16.9873046875,4175.025830078125,4218.070263671875,4292.3448046875,0.0085528764206078,0.8005053708625748,31.815451090857465,-1.0,559475507.2,0.0,4337.30078125,4116.990234375,0.0821128733410757,22,1,19,8,-91.78871266589243,-81.51270774074823,22.137970000970643,normal,-0.012390707103784648,-0.039724897828297134,-0.0351283159953355,-0.07484509915543991,4337.30078125,4116.990234375,0.08211287334107571,-1.0,803560816.64,0.0,-1,-0.027332141276547837,downtrend,1,2025-09-11 12:47:24.097684,2025-09-13T15:30:02.412607
2025-08-19 23:00:00+00:00,ETH,crypto,1h,yahoo_finance,4131.427734375,4131.7001953125,4070.59033203125,4078.171142578125,1002541056,0.0,0.0,ETH-USD,ETH,Ethereum,-0.0137625913000249,-56.909423828125,61.10986328125,53.256591796875,4153.028637695313,4210.856921386719,4284.302231445313,0.0087611381748588,0.8199976030222054,22.474016094141405,inf,609602560.0,1.644581440077942,4337.30078125,4070.59033203125,0.0284233728715195,23,1,19,8,-97.15766271284805,-113.6953727861137,24.084174212302525,normal,-0.016289053689492627,-0.05117836247643737,-0.034166717451746154,-0.08975485562119057,4337.30078125,4070.59033203125,0.028423372871519508,2.209306899535835,808427806.72,1.2401120392772824,1,-0.030640600652889722,downtrend,1,2025-09-11 12:47:24.097684,2025-09-13T15:30:02.412607
2025-08-20 00:00:00+00:00,ETH,crypto,1h,yahoo_finance,4075.082763671875,4113.07666015625,4075.082763671875,4109.81640625,882368512,0.0,0.0,ETH-USD,ETH,Ethereum,0.0077596703437683,31.645263671875,37.993896484375,34.733642578125,4144.712573242187,4204.681677246093,4276.011567382812,0.0092252233364748,0.8634335941603636,28.343841925061483,-0.1198679528192808,587580416.0,1.5016983003055024,4337.30078125,4070.59033203125,0.1470736310993861,0,2,20,8,-85.29263689006139,-97.77322141350145,25.891363837110703,high,-0.00731425614178971,-0.019833317359978175,-0.02917446477109964,-0.09162271683559486,4337.30078125,4070.59033203125,0.14707363109938615,-0.5709255032247014,804847452.16,1.0963177054632574,1,-0.030705949240681818,downtrend,1,2025-09-11 12:47:24.097684,2025-09-13T15:30:02.412607
2025-08-20 01:00:00+00:00,ETH,crypto,1h,yahoo_finance,4107.83056640625,4122.060546875,4066.98974609375,4108.708984375,193728512,0.0,0.0,ETH-USD,ETH,Ethereum,-0.0002694577483597,-1.107421875,55.07080078125,0.87841796875,4136.241088867188,4198.444982910156,4268.697915039063,0.0089015923873968,0.8331433970180172,23.38855582192353,-0.7804448942076483,597266841.6,0.3243583914369439,4337.30078125,4066.98974609375,0.1543379028426816,1,2,20,8,-84.56620971573184,-95.26269706026427,27.19286021167935,normal,-0.011948368282205912,-0.0202018320165549,-0.02946393526896085,-0.08172789727653706,4337.30078125,4066.98974609375,0.1543379028426816,-0.8588747456302105,808722022.4,0.23954895085592268,-1,-0.03102979615990534,downtrend,1,2025-09-11 12:47:24.097684,2025-09-13T15:30:02.412607
2025-08-20 02:00:00+00:00,ETH,crypto,1h,yahoo_finance,4110.1259765625,4140.16064453125,4110.1259765625,4140.16064453125,437686272,0.0,0.0,ETH-USD,ETH,Ethereum,0.0076548765745778,31.45166015625,30.03466796875,30.03466796875,4135.416186523437,4193.364733886719,4262.176909179688,0.0093708221360048,0.8770608951154066,29.597323089850548,1.2592764868807746,619151155.2,0.7069134383809996,4337.30078125,4066.98974609375,0.2706914957992908,2,2,20,8,-72.93085042007091,-47.88701285444833,27.669175793550057,high,-0.002628157835799172,-0.001988478500856261,-0.02395346406456622,-0.07300378274369179,4337.30078125,4066.98974609375,0.2706914957992908,0.28557507218479317,744665743.36,0.5877620609014717,0,-0.029740840269496745,downtrend,1,2025-09-11 12:47:24.097684,2025-09-13T15:30:02.412607
2025-08-20 03:00:00+00:00,ETH,crypto,1h,yahoo_finance,4137.45458984375,4158.21728515625,4131.65625,4143.3271484375,0,0.0,0.0,ETH-USD,ETH,Ethereum,0.0007648263384254,3.16650390625,26.56103515625,5.87255859375,4131.052905273437,4188.835510253906,4257.009584960938,0.0094164042747131,0.8813271495375364,30.7409670608416,-1.0,619151155.2,0.0,4337.30078125,4066.98974609375,0.2824057933839959,3,2,20,8,-67.6805242594009,-6.5115418676797026,27.432652180708494,high,0.0019942977890796687,-0.010421120074487256,-0.021394984298904518,-0.05869700359458607,4337.30078125,4066.98974609375,0.28240579338399596,,724321239.04,0.0,-1,-0.02958806579446693,downtrend,1,2025-09-11 12:47:24.097684,2025-09-13T15:30:02.412607
2025-08-20 04:00:00+00:00,ETH,crypto,1h,yahoo_finance,4142.37158203125,4174.10546875,4142.37158203125,4168.37353515625,0,0.0,0.0,ETH-USD,ETH,Ethereum,0.0060449937505406,25.04638671875,31.73388671875,26.001953125,4133.320190429688,4184.277819824219,4253.924184570313,0.0072389101904254,0.6775248701904617,46.17733499830822,,619151155.2,0.0,4337.30078125,4066.98974609375,0.3750634486819835,4,2,20,8,-35.83443297248687,58.453342496986195,26.65311502592242,normal,0.022118344087222575,0.005469003503370651,-0.021399982025587905,-0.035688813472477654,4337.30078125,4066.98974609375,0.3750634486819835,-1.0,673249280.0,0.0,-1,-0.028351232628469468,downtrend,1,2025-09-11 12:47:24.097684,2025-09-13T15:30:02.412607
2025-08-20 05:00:00+00:00,ETH,crypto,1h,yahoo_finance,4169.6904296875,4180.435546875,4155.7763671875,4180.435546875,990822400,0.0,0.0,ETH-USD,ETH,Ethereum,0.0028936974138757,12.06201171875,24.6591796875,10.7451171875,4137.353930664062,4179.086584472656,4251.018266601563,0.0072919223608544,0.6824865374778788,48.052300847761686,inf,668692275.2,1.4817314880804533,4337.30078125,4066.98974609375,0.4196861615940838,5,2,20,8,-16.184948160547183,104.05282322255722,25.71009434121729,normal,0.0171830402247668,0.00974310292547842,-0.024233986937788332,-0.03358874684533342,4337.30078125,4066.98974609375,0.4196861615940838,0.12291223737594126,607655608.32,1.6305657126070972,1,-0.02673814338331888,downtrend,1,2025-09-11 12:47:24.097684,2025-09-13T15:30:02.412607
2025-08-20 06:00:00+00:00,ETH,crypto,1h,yahoo_finance,4183.296875,4187.8876953125,4172.517578125,4183.07275390625,237248512,0.0,0.0,ETH-USD,ETH,Ethereum,0.0006308450403502,2.63720703125,15.3701171875,0.22412109375,4139.821704101562,4173.978234863282,4247.870131835937,0.006631242923656,0.6206503303486041,55.95484750926487,-0.7605539479123604,680554700.8,0.3486104962923798,4337.30078125,4066.98974609375,0.4294423560821319,6,2,20,8,-3.982649364496626,124.57285956995972,24.572628530344964,normal,0.01809905978107662,0.005934437267044901,-0.023841604727164012,-0.036264827092160945,4337.30078125,4066.98974609375,0.42944235608213194,0.2246442691925492,611797483.52,0.3877892903955435,-1,-0.025435906555758128,downtrend,1,2025-09-11 12:47:24.097684,2025-09-13T15:30:02.412607
2025-08-20 07:00:00+00:00,ETH,crypto,1h,yahoo_finance,4182.71728515625,4210.58642578125,4182.71728515625,4184.9072265625,0,0.0,0.0,ETH-USD,ETH,Ethereum,0.0004385466770897,1.83447265625,27.869140625,2.18994140625,4143.205395507813,4167.668664550782,4245.315004882813,0.0061442990434285,0.5750748803758324,49.59644828413727,-1.0,603824332.8,0.0,4337.30078125,4066.98974609375,0.4362288812981284,7,2,20,8,-17.88286419618751,146.08667837001252,22.86987466525462,normal,0.010807933767100542,0.008151370975482575,-0.029271287204968077,-0.029623536697826802,4337.30078125,4066.98974609375,0.4362288812981284,-1.0,611797483.52,0.0,-1,-0.02405230454219706,downtrend,1,2025-09-11 12:47:24.097684,2025-09-13T15:30:02.412607
2025-08-20 08:00:00+00:00,ETH,crypto,1h,yahoo_finance,4185.28076171875,4238.39111328125,4182.7802734375,4235.982421875,1684238336,0.0,0.0,ETH-USD,ETH,Ethereum,0.0122046182979433,51.0751953125,55.61083984375,50.70166015625,4153.295581054687,4164.160705566406,4244.993442382813,0.0062550964702715,0.5854449513208373,67.08914225717126,inf,688036249.6,2.447891861772045,4337.30078125,4066.98974609375,0.6251786046528431,8,2,20,8,-1.4052929949007207,173.14089221774603,22.084420584838245,normal,0.022362528981676455,0.024401424312862297,-0.016292817603128174,-0.0037812549522175942,4337.30078125,4066.98974609375,0.6251786046528431,inf,603968307.2,2.788620389384564,1,-0.02160141413001882,downtrend,1,2025-09-11 12:47:24.097684,2025-09-13T15:30:02.412607
2025-08-20 09:00:00+00:00,ETH,crypto,1h,yahoo_finance,4239.72900390625,4239.72900390625,4219.41064453125,4223.23291015625,0,0.0,0.0,ETH-USD,ETH,Ethereum,-0.0030098122345622,-12.74951171875,20.318359375,16.49609375,4167.8017578125,4160.415197753906,4244.227778320313,0.0063296946099871,0.592426954633177,65.32176057161882,-1.0,688036249.6,0.0,4303.18603515625,4066.98974609375,0.6614971161598412,9,2,20,8,-9.549707437035362,148.85643369437065,21.391462779810585,normal,0.013160858674807763,0.03557029916268317,-0.01742849297769733,-0.008983470226872625,4303.18603515625,4066.98974609375,0.6614971161598412,,570948730.88,0.0,-1,-0.018007049691866166,sideways,1,2025-09-11 12:47:24.097684,2025-09-13T15:30:02.412607
2025-08-20 10:00:00+00:00,ETH,crypto,1h,yahoo_finance,4222.15673828125,4231.42431640625,4210.98291015625,4227.921875,271269888,0.0,0.0,ETH-USD,ETH,Ethereum,0.0011102785338865,4.68896484375,20.44140625,5.76513671875,4179.6123046875,4162.162438964844,4243.616967773438,0.006271383149843,0.586969301005005,63.49048595347004,inf,691229081.6,0.3924457104323314,4239.72900390625,4066.98974609375,0.9316476806964976,10,2,20,8,-6.835231930350228,114.23247722582143,20.44505088435276,normal,0.011359181978178645,0.02873740748379694,0.008334132001089456,-0.007171726425702629,4239.72900390625,4066.98974609375,0.9316476806964977,-0.7262174452252996,576374128.64,0.47064896656635613,-1,-0.01508257309083203,sideways,1,2025-09-11 12:47:24.097684,2025-09-13T15:30:02.412607
2025-08-20 11:00:00+00:00,ETH,crypto,1h,yahoo_finance,4226.90576171875,4230.2509765625,4157.35546875,4190.33984375,971300864,0.0,0.0,ETH-USD,ETH,Ethereum,-0.0088890079715581,-37.58203125,72.8955078125,36.56591796875,4187.775390625,4162.008239746094,4241.575327148437,0.0067977963813219,0.6362388798424377,56.81891021564727,2.580570151597512,632045977.6,1.536756657621991,4239.72900390625,4066.98974609375,0.7140825960369732,11,2,20,8,-28.591740396302683,51.91917046256208,19.990340085475164,normal,0.001737261164526549,0.019867763739275235,-0.0007354335028851855,-0.02378191944378716,4239.72900390625,4066.98974609375,0.7140825960369732,3.094022996443493,567587880.96,1.7112783704211103,1,-0.012683951686319896,sideways,1,2025-09-11 12:47:24.097684,2025-09-13T15:30:02.412607
2025-08-20 12:00:00+00:00,ETH,crypto,1h,yahoo_finance,4194.53076171875,4220.42626953125,4178.28515625,4207.95849609375,429920256,0.0,0.0,ETH-USD,ETH,Ethereum,0.0042045879333698,17.61865234375,42.14111328125,13.427734375,4194.55517578125,4164.985681152344,4240.416616210938,0.0067239447176524,0.6293267428598308,62.58361450740158,-0.557376841785657,641716428.8,0.6699536379393378,4239.72900390625,4066.98974609375,0.816078242926195,12,2,20,8,-18.392175707380503,59.790327854551656,19.56810862937454,normal,0.005508191289149478,0.016375657222879703,0.014354616079698346,-0.013581103114947757,4239.72900390625,4066.98974609375,0.816078242926195,inf,576186286.08,0.7461480191153111,0,-0.010815314762790365,sideways,1,2025-09-11 12:47:24.097684,2025-09-13T15:30:02.412607
2025-08-20 13:00:00+00:00,ETH,crypto,1h,yahoo_finance,4201.64013671875,4210.2705078125,4130.5341796875,4141.61572265625,115568640,0.0,0.0,ETH-USD,ETH,Ethereum,-0.0157660237141326,-66.3427734375,79.736328125,60.0244140625,4194.384033203125,4162.718469238282,4237.681889648437,0.0070803525880498,0.6626846917462873,60.60917568424895,-0.731185869037071,564936294.4,0.204569331348664,4239.72900390625,4066.98974609375,0.4320151510868643,13,2,20,8,-56.79848489131357,-21.938349539500912,20.250347520745766,normal,-0.022277405763402536,-0.00041305591374685147,-0.010829871482959441,-0.03196004594807278,4239.72900390625,4066.98974609375,0.43201515108686434,-0.9313822530162382,545946746.88,0.21168482211947712,-1,-0.010217344664562452,sideways,1,2025-09-11 12:47:24.097684,2025-09-13T15:30:02.412607
2025-08-20 14:00:00+00:00,ETH,crypto,1h,yahoo_finance,4138.00732421875,4227.27392578125,4111.19970703125,4214.4833984375,0,0.0,0.0,ETH-USD,ETH,Ethereum,0.0175940214304854,72.86767578125,116.07421875,76.47607421875,4198.99501953125,4166.157604980469,4235.103325195312,0.0081899466538037,0.7665370059189893,65.3817782064088,-1.0,549317017.6,0.0,4239.72900390625,4066.98974609375,0.8538513723605733,14,2,20,8,-14.614862763942675,14.880260357549176,21.242899042168283,normal,-0.0020717568518915375,0.011061835723779945,0.0165913364454775,-0.029683629806143808,4239.72900390625,4066.98974609375,0.8538513723605733,,540573450.24,0.0,-1,-0.008525956249815139,sideways,1,2025-09-11 12:47:24.097684,2025-09-13T15:30:02.412607
2025-08-20 15:00:00+00:00,ETH,crypto,1h,yahoo_finance,4213.83251953125,4304.97314453125,4213.83251953125,4253.8017578125,1876361216,0.0,0.0,ETH-USD,ETH,Ethereum,0.0093293425689082,39.318359375,91.140625,39.96923828125,4206.331640625,4171.842785644531,4234.0821533203125,0.0083998488277365,0.7861827729481996,69.16978045230748,inf,540312780.8,3.472731504188768,4304.97314453125,4066.98974609375,0.7849791747881574,15,2,20,8,-26.262319977346028,167.48392808578785,19.914358200570913,normal,0.0061211828358347375,0.017549896443767254,0.027463989816628898,-0.011860685267401916,4304.97314453125,4066.98974609375,0.7849791747881574,5.916953554387872,577709506.56,3.2479320397077873,1,-0.006554079890384572,sideways,1,2025-09-11 12:47:24.097684,2025-09-13T15:30:02.412607
2025-08-20 16:00:00+00:00,ETH,crypto,1h,yahoo_finance,4255.1201171875,4326.95556640625,4255.1201171875,4298.119140625,403636224,0.0,0.0,ETH-USD,ETH,Ethereum,0.0104182999903807,44.3173828125,71.83544921875,42.9990234375,4217.836279296875,4178.828991699219,4233.423432617187,0.0085608545611965,0.8012520839070099,70.1834421641209,-0.7848835178652509,491857510.4,0.8206364962725595,4326.95556640625,4066.98974609375,0.8890760879773107,16,2,20,8,-13.365303665348021,198.37106197251995,18.792652698725696,normal,0.025720896369719526,0.027502841448625803,0.03360049260291298,-0.007604621465093442,4326.95556640625,4066.98974609375,0.8890760879773107,-0.5844374910388219,517933875.2,0.7793199930090227,0,-0.003681926357807378,sideways,1,2025-09-11 12:47:24.097684,2025-09-13T15:30:02.412607
2025-08-20 17:00:00+00:00,ETH,crypto,1h,yahoo_finance,4300.3525390625,4359.8408203125,4299.41943359375,4349.79248046875,0,0.0,0.0,ETH-USD,ETH,Ethereum,0.0120223144480438,51.67333984375,60.42138671875,49.43994140625,4234.3248046875,4188.765100097657,4233.566704101562,0.0088863910689306,0.8317206315672001,73.47189363400497,-1.0,474834534.4,0.0,4359.8408203125,4066.98974609375,0.9656878846336612,17,2,20,8,-4.041302627367115,210.83633188476335,18.415620107112563,normal,0.03370612721267685,0.03939997829813002,0.04787251311314655,0.0016495939149763217,4359.8408203125,4066.98974609375,0.9656878846336612,-1.0,500260700.16,0.0,-1,0.00017906900703913904,sideways,1,2025-09-11 12:47:24.097684,2025-09-13T15:30:02.412607
2025-08-20 18:00:00+00:00,ETH,crypto,1h,yahoo_finance,4346.33740234375,4346.33740234375,4270.9599609375,4299.15234375,1930498048,0.0,0.0,ETH-USD,ETH,Ethereum,-0.0116419661273801,-50.64013671875,75.37744140625,47.18505859375,4240.641796875,4196.968688964844,4233.123579101562,0.0097176024262548,0.9095177518736244,64.049918428797,inf,571359436.8,3.378780367770063,4359.8408203125,4066.98974609375,0.7927667613157952,18,2,20,8,-24.408061788981907,127.1728646159337,17.392484561397648,high,0.03803747900413912,0.01491269688674457,0.03967801224398948,-0.005127208464594468,4359.8408203125,4066.98974609375,0.7927667613157952,15.704341662236398,514778398.72,3.7501535666612984,1,0.0017760449542636363,sideways,1,2025-09-11 12:47:24.097684,2025-09-13T15:30:02.412607
2025-08-20 19:00:00+00:00,ETH,crypto,1h,yahoo_finance,4292.9111328125,4350.1728515625,4292.9111328125,4349.21044921875,0,0.0,0.0,ETH-USD,ETH,Ethereum,0.0116437151945831,50.05810546875,57.26171875,56.29931640625,4253.23955078125,4210.520654296875,4233.063071289063,0.0100380907183315,0.939513812437268,66.76337161763037,-1.0,521232384.0,0.0,4359.8408203125,4066.98974609375,0.9637004196685668,19,2,20,8,-4.275387506701465,128.85645054095926,16.523978648035914,high,0.03196763115289514,0.02982964514212383,0.06646099370642888,-0.000695134808022857,4359.8408203125,4066.98974609375,0.9637004196685669,,496270622.72,0.0,-1,0.004766401811736569,sideways,1,2025-09-11 12:47:24.097684,2025-09-13T15:30:02.412607
2025-08-20 20:00:00+00:00,ETH,crypto,1h,yahoo_finance,4343.49658203125,4367.8642578125,4334.546875,4358.390625,0,0.0,0.0,ETH-USD,ETH,Ethereum,0.0021107683540351,9.18017578125,33.3173828125,14.89404296875,4266.28642578125,4222.949365234375,4232.8392724609375,0.0100203846852319,0.9378566185418032,67.18982047567388,,477113958.4,0.0,4367.8642578125,4066.98974609375,0.9685130097648296,20,2,20,8,-3.691056199098638,127.06551432446881,16.09542568474249,high,0.024587151245450745,0.03085883652947108,0.06048304697309126,-0.002560873117268825,4367.8642578125,4066.98974609375,0.9685130097648295,-1.0,496270622.72,0.0,-1,0.007901824559680573,sideways,1,2025-09-11 12:47:24.097684,2025-09-13T15:30:02.412607
2025-08-20 21:00:00+00:00,ETH,crypto,1h,yahoo_finance,4361.6455078125,4364.0234375,4322.041015625,4348.53125,2161307648,0.0,0.0,ETH-USD,ETH,Ethereum,-0.0022621595557419,-9.859375,41.982421875,13.1142578125,4282.10556640625,4234.940478515625,4232.620610351562,0.0100988379141544,0.9451994384336756,65.7946881899235,inf,575492915.2,3.7555764648273455,4367.8642578125,4110.1259765625,0.92498976978221,21,2,20,8,-7.532402801108725,97.74655845520324,15.375630614573895,high,0.011728876684341749,0.03775145027579252,0.058369250909962034,-0.0025079011037296706,4367.8642578125,4110.1259765625,0.92498976978221,4.354592872219516,516842864.64,4.181749997662114,1,0.011691328047135558,sideways,1,2025-09-11 12:47:24.097684,2025-09-13T15:30:02.412607
2025-08-20 22:00:00+00:00,ETH,crypto,1h,yahoo_finance,4345.185546875,4372.73193359375,4339.078125,4371.22802734375,0,0.0,0.0,ETH-USD,ETH,Ethereum,0.0052194122656357,22.69677734375,33.65380859375,26.04248046875,4298.43251953125,4246.49384765625,4233.264663085937,0.0097649908290304,0.9139530633493098,63.812037056429375,-1.0,553608601.6,0.0,4372.73193359375,4111.19970703125,0.994249633134062,22,2,20,8,-0.5750366865938038,97.3171535731768,14.906398792129403,high,0.0049279470161505134,0.038800176237850925,0.055811211846988895,0.007421629011051145,4372.73193359375,4111.19970703125,0.994249633134062,,516842864.64,0.0,-1,0.015394231552205281,sideways,1,2025-09-11 12:47:24.097684,2025-09-13T15:30:02.412607
2025-08-20 23:00:00+00:00,ETH,crypto,1h,yahoo_finance,4366.984375,4366.984375,4328.7265625,4331.6767578125,0,0.0,0.0,ETH-USD,ETH,Ethereum,-0.0090480911276742,-39.55126953125,38.2578125,35.3076171875,4317.438623046875,4255.911328125,4232.665209960937,0.0101431904357264,0.9493506069977562,60.500086518523,,553608601.6,0.0,4372.73193359375,4111.19970703125,0.8430205855665792,23,2,20,8,-15.697941443342083,67.72556567650324,14.186335690166601,high,0.007565308568276974,0.04589055283824184,0.04545854156026019,-0.00687186277589491,4372.73193359375,4111.19970703125,0.8430205855665792,-1.0,502716907.52,0.0,-1,0.020028376656494505,uptrend,1,2025-09-11 12:47:24.097684,2025-09-13T15:30:02.412607
2025-08-21 00:00:00+00:00,ETH,crypto,1h,yahoo_finance,4335.26611328125,4335.26611328125,4309.578125,4325.3740234375,0,0.0,0.0,ETH-USD,ETH,Ethereum,-0.0014550334033195,-6.302734375,25.68798828125,9.89208984375,4328.527685546875,4263.761352539063,4232.2942724609375,0.0101808847159322,0.9528785983157232,59.406418432964266,,553608601.6,0.0,4372.73193359375,4111.19970703125,0.818921320792057,0,3,21,8,-18.107867920794295,42.054982843501385,13.336999393293981,high,-0.005480632877981728,0.026311795424585727,0.03766468790694999,-0.0042696161909097086,4372.73193359375,4111.19970703125,0.818921320792057,,502716907.52,0.0,-1,0.02273788325923298,uptrend,1,2025-09-11 12:47:24.097684,2025-09-13T15:30:02.412607
2025-08-21 01:00:00+00:00,ETH,crypto,1h,yahoo_finance,4323.84912109375,4332.5478515625,4300.01171875,4330.15283203125,0,0.0,0.0,ETH-USD,ETH,Ethereum,0.0011048312973296,4.77880859375,32.5361328125,6.3037109375,4336.16279296875,4271.247216796875,4232.613598632813,0.0097231091014111,0.9100331484281178,64.40760349441129,,504067481.6,0.0,4372.73193359375,4111.19970703125,0.8371936716092439,1,3,21,8,-16.280632839075608,33.638144872666196,12.794411337825805,high,-0.006478949547747304,0.01794890278526129,0.03581380061418904,0.0037008850931712356,4372.73193359375,4111.19970703125,0.8371936716092439,,495560130.56,0.0,-1,0.024464598981911598,uptrend,1,2025-09-11 12:47:24.097684,2025-09-13T15:30:02.412607
2025-08-21 02:00:00+00:00,ETH,crypto,1h,yahoo_finance,4331.97265625,4337.3681640625,4280.72900390625,4293.1142578125,226304000,0.0,0.0,ETH-USD,ETH,Ethereum,-0.0085536413275684,-37.03857421875,56.63916015625,38.8583984375,4335.6623046875,4276.749291992188,4231.818979492187,0.0101294489371695,0.948064473203991,58.43752086411546,inf,503520256.0,0.4494436863330479,4372.73193359375,4111.19970703125,0.6955722175132277,2,3,21,8,-30.44277824867723,3.6292901618234388,12.769277894247207,high,-0.012743841311362303,-0.0011644355702462583,0.0263063805915138,-0.009169715293575909,4372.73193359375,4111.19970703125,0.6955722175132277,-0.8952930184606462,500086210.56,0.4525299742750019,-1,0.024538697354151467,uptrend,1,2025-09-11 12:47:24.097684,2025-09-13T15:30:02.412607
2025-08-21 03:00:00+00:00,ETH,crypto,1h,yahoo_finance,4292.64794921875,4328.99853515625,4292.64794921875,4295.3642578125,0,0.0,0.0,ETH-USD,ETH,Ethereum,0.0005240950659315,2.25,36.3505859375,2.71630859375,4330.219482421875,4282.272143554687,4231.788979492188,0.008850979637145,0.828406303154125,67.4502971034492,-1.0,503520256.0,0.0,4372.73193359375,4111.19970703125,0.7041753637853844,3,3,21,8,-29.582463621461564,-12.750480176464388,12.745939696638507,normal,-0.017355253273609206,-0.01251283202604292,0.026394140961812917,-0.0003490917818204098,4372.73193359375,4111.19970703125,0.7041753637853844,,500086210.56,0.0,-1,0.023259785260251582,uptrend,1,2025-09-11 12:47:24.097684,2025-09-13T15:30:02.412607
2025-08-21 04:00:00+00:00,ETH,crypto,1h,yahoo_finance,4294.90771484375,4306.91650390625,4286.421875,4299.103515625,1156382720,0.0,0.0,ETH-USD,ETH,Ethereum,0.0008705333443372,3.7392578125,20.49462890625,4.19580078125,4330.214599609375,4285.428198242187,4232.058500976563,0.007736323280515,0.7240801845166062,61.39191413501333,inf,477127475.2,2.423634730981009,4372.73193359375,4111.19970703125,0.718472866856603,4,3,21,8,-46.33649431821674,-66.96860792297119,12.88646259230907,normal,-0.007519776753598162,-1.1357616826690453e-05,0.01490116989722079,0.003144481036440272,4372.73193359375,4111.19970703125,0.718472866856603,inf,523213864.96,2.210153051063366,1,0.02319346450673174,uptrend,1,2025-09-11 12:47:24.097684,2025-09-13T15:30:02.412607
2025-08-21 05:00:00+00:00,ETH,crypto,1h,yahoo_finance,4296.57568359375,4319.982421875,4284.93505859375,4317.4169921875,0,0.0,0.0,ETH-USD,ETH,Ethereum,0.0042598361486156,18.3134765625,35.04736328125,20.84130859375,4327.03525390625,4290.13740234375,4233.958081054688,0.007452525512942,0.6975181688848113,59.07753150004599,-1.0,477127475.2,0.0,4372.73193359375,4111.19970703125,0.788496652465003,5,3,21,8,-47.03178906376495,-57.379178143408936,12.56328934271694,normal,-0.001839616922579168,-0.007310167535572121,0.02230141790303608,0.022493877747843838,4372.73193359375,4111.19970703125,0.788496652465003,,523213864.96,0.0,-1,0.021983489460617484,uptrend,1,2025-09-11 12:47:24.097684,2025-09-13T15:30:02.412607
2025-08-21 06:00:00+00:00,ETH,crypto,1h,yahoo_finance,4317.447265625,4317.447265625,4286.3115234375,4307.01220703125,0,0.0,0.0,ETH-USD,ETH,Ethereum,-0.0024099560397056,-10.40478515625,31.1357421875,10.43505859375,4321.897412109375,4294.0919189453125,4235.431899414062,0.0069912770642644,0.6543476795300491,51.404966328018325,,463563980.8,0.0,4372.73193359375,4111.19970703125,0.7487127019629661,6,3,21,8,-64.5754669455786,-76.5705968117823,12.263199896667107,normal,-0.005344066571697614,-0.011788392181747098,0.018706668280442207,0.0174073529829033,4372.73193359375,4111.19970703125,0.7487127019629661,,496757637.12,0.0,-1,0.02041480414483227,uptrend,1,2025-09-11 12:47:24.097684,2025-09-13T15:30:02.412607
2025-08-21 07:00:00+00:00,ETH,crypto,1h,yahoo_finance,4306.951171875,4311.626953125,4277.861328125,4309.83056640625,433582080,0.0,0.0,ETH-USD,ETH,Ethereum,0.0006543653092969,2.818359375,33.765625,2.87939453125,4318.02734375,4300.066455078125,4236.959653320312,0.006113965720869,0.5722358369440242,42.53416285052271,inf,436678041.6,0.9929101962886516,4372.73193359375,4111.19970703125,0.7594890388299124,7,3,21,8,-61.8061786027856,-79.34041038534355,12.24553093478231,normal,0.0038937488242549723,-0.008899713804229825,0.02851575936841333,0.01804387058913215,4372.73193359375,4111.19970703125,0.7594890388299124,0.9159276018099547,505429278.72,0.85784915566832,0,0.019133458201840287,sideways,1,2025-09-11 12:47:24.097684,2025-09-13T15:30:02.412607
2025-08-21 08:00:00+00:00,ETH,crypto,1h,yahoo_finance,4309.7490234375,4313.701171875,4288.0283203125,4288.5205078125,0,0.0,0.0,ETH-USD,ETH,Ethereum,-0.0049445235178976,-21.31005859375,25.6728515625,21.228515625,4309.756591796875,4304.094555664063,4237.894750976562,0.0054083373357825,0.5061926388061674,47.769249367882274,-1.0,415182028.8,0.0,4372.73193359375,4111.19970703125,0.6780074605409079,8,3,21,8,-88.7645075786819,-85.55490124367336,12.145671535241831,normal,-0.0015932874581131573,-0.01892088882434917,0.01914515359254043,0.011022505000497285,4372.73193359375,4111.19970703125,0.6780074605409079,,505429278.72,0.0,-1,0.016956966853354093,sideways,1,2025-09-11 12:47:24.097684,2025-09-13T15:30:02.412607
2025-08-21 09:00:00+00:00,ETH,crypto,1h,yahoo_finance,4286.48046875,4290.3916015625,4258.6318359375,4277.0654296875,226009088,0.0,0.0,ETH-USD,ETH,Ethereum,-0.0026711025641901,-11.455078125,31.759765625,9.4150390625,4304.295458984375,4310.867041015625,4238.757827148437,0.004229010945588,0.3958137366772808,31.936535259411755,inf,420704051.2,0.5372163337988793,4372.73193359375,4111.19970703125,0.6342075882438604,9,3,21,8,-83.84436636896228,-133.48238403990024,12.927454793033183,normal,-0.005126205000043127,-0.012607433836447801,0.03270455689316787,0.010192420734233876,4372.73193359375,4111.19970703125,0.6342075882438604,-0.804555114763389,509949460.48,0.4431989942439874,0,0.015461518328832467,sideways,1,2025-09-11 12:47:24.097684,2025-09-13T15:30:02.412607
2025-08-21 10:00:00+00:00,ETH,crypto,1h,yahoo_finance,4276.74462890625,4302.17333984375,4267.1728515625,4288.67822265625,1123282944,0.0,0.0,ETH-USD,ETH,Ethereum,0.0027151310073829,11.61279296875,35.00048828125,11.93359375,4300.62587890625,4314.5767822265625,4239.340844726563,0.0042681530919448,0.3994772408418305,32.75566774968898,3.970078654536228,476868198.4,2.355541736204819,4372.73193359375,4213.83251953125,0.4710256709666713,10,3,21,8,-73.66664241666916,-91.67273400891526,13.161417015196516,normal,-0.006656472975219652,-0.008483844537468865,0.01760472570523297,0.006843688642830914,4372.73193359375,4213.83251953125,0.47102567096667136,inf,532415119.36,2.109787838764354,1,0.014456264882763957,sideways,1,2025-09-11 12:47:24.097684,2025-09-13T15:30:02.412607
2025-08-21 11:00:00+00:00,ETH,crypto,1h,yahoo_finance,4290.26416015625,4306.732421875,4267.92724609375,4281.40625,0,0.0,0.0,ETH-USD,ETH,Ethereum,-0.001695620953289,-7.27197265625,38.80517578125,8.85791015625,4295.751220703125,4315.957006835937,4239.283764648438,0.0042593985238332,0.3986578581630363,33.18039670537799,-1.0,383050137.6,0.0,4372.73193359375,4255.1201171875,0.2234990804130046,11,3,21,8,-80.03996970176783,-89.71889769126047,13.189528781499904,normal,-0.005945178652952965,-0.011257473794148543,0.0064893696883738805,-0.000666160255705206,4372.73193359375,4255.1201171875,0.2234990804130046,,532415119.36,0.0,-1,0.013320046307249296,sideways,1,2025-09-11 12:47:24.097684,2025-09-13T15:30:02.412607
2025-08-21 12:00:00+00:00,ETH,crypto,1h,yahoo_finance,4279.6875,4282.896484375,4240.9658203125,4247.6162109375,178073600,0.0,0.0,ETH-USD,ETH,Ethereum,-0.0078922758293492,-33.7900390625,41.9306640625,32.0712890625,4291.201416015625,4313.431860351562,4238.531293945312,0.004203631512439,0.3934383518890472,20.65764919967083,inf,371772006.4,0.4789860369648316,4372.73193359375,4240.9658203125,0.0504711754744179,12,3,21,8,-94.72268933611277,-192.64120359931135,13.998162522191496,normal,-0.014435452742316834,-0.010597911945204763,-0.011750006929811652,-0.008779797020819213,4372.73193359375,4240.9658203125,0.050471175474417936,-0.5892966794199612,535976591.36,0.332241375594691,-1,0.01242650305438376,sideways,1,2025-09-11 12:47:24.097684,2025-09-13T15:30:02.412607
2025-08-21 13:00:00+00:00,ETH,crypto,1h,yahoo_finance,4249.24951171875,4292.4609375,4246.80419921875,4265.3583984375,0,0.0,0.0,ETH-USD,ETH,Ethereum,0.0041769751830014,17.7421875,45.65673828125,16.10888671875,4288.200830078125,4309.21015625,4237.616489257813,0.0039877321796401,0.3732312815454658,32.43949110467523,-1.0,371772006.4,0.0,4372.73193359375,4240.9658203125,0.1851202674008827,13,3,21,8,-74.69711090400746,-121.41613872393306,14.338327096142404,normal,-0.0054009557218637205,-0.0069856379049634265,-0.01941105981730673,-0.010609878889539459,4372.73193359375,4240.9658203125,0.1851202674008827,,505284444.16,0.0,-1,0.01193697941957277,sideways,1,2025-09-11 12:47:24.097684,2025-09-13T15:30:02.412607
2025-08-21 14:00:00+00:00,ETH,crypto,1h,yahoo_finance,4262.1298828125,4319.99169921875,4257.62353515625,4272.8125,0,0.0,0.0,ETH-USD,ETH,Ethereum,0.0017475909094135,7.4541015625,62.3681640625,10.6826171875,4285.571728515625,4307.8931640625,4236.949907226563,0.0040566938502796,0.3796857402580394,36.16652702028898,,275247104.0,0.0,4372.73193359375,4240.9658203125,0.2416909696617097,14,3,21,8,-66.9648283966125,-41.71955762654813,13.591912767161938,normal,-0.0009943569387506068,-0.006115464661282544,-0.006126752821004833,-0.007739899113026527,4372.73193359375,4240.9658203125,0.24169096966170972,-1.0,505284444.16,0.0,-1,0.011475665833606622,sideways,1,2025-09-11 12:47:24.097684,2025-09-13T15:30:02.412607
2025-08-21 15:00:00+00:00,ETH,crypto,1h,yahoo_finance,4271.16552734375,4272.86083984375,4237.58935546875,4239.92578125,0,0.0,0.0,ETH-USD,ETH,Ethereum,-0.0076967380969794,-32.88671875,35.271484375,31.23974609375,4277.822607421875,4302.428930664062,4235.7855615234375,0.0043957341484168,0.4114181734478516,29.31401589188681,,275247104.0,0.0,4372.73193359375,4237.58935546875,0.0172885985576575,15,3,21,8,-97.65839478925552,-165.55168917750836,13.51232755334607,normal,-0.011367707921918768,-0.01794851205656589,-0.02512747296199036,-0.01354475275875977,4372.73193359375,4237.58935546875,0.017288598557657568,-1.0,505284444.16,0.0,-1,0.009924262049592073,sideways,1,2025-09-11 12:47:24.097684,2025-09-13T15:30:02.412607
2025-08-21 16:00:00+00:00,ETH,crypto,1h,yahoo_finance,4242.271484375,4258.69140625,4216.88623046875,4216.88623046875,0,0.0,0.0,ETH-USD,ETH,Ethereum,-0.0054339514345125,-23.03955078125,41.80517578125,25.38525390625,4268.810009765625,4295.3537109375,4236.263745117188,0.0040779088788329,0.381671358132626,31.324750641787872,,275247104.0,0.0,4372.73193359375,4216.88623046875,0.0,16,3,21,8,-100.0,-186.31977360770387,14.003935754374083,normal,-0.015069819532133821,-0.020925405415700538,-0.03246712071184532,0.005702196648809554,4372.73193359375,4216.88623046875,0.0,,501136179.2,0.0,-1,0.007682775815351689,sideways,1,2025-09-11 12:47:24.097684,2025-09-13T15:30:02.412607
2025-08-21 17:00:00+00:00,ETH,crypto,1h,yahoo_finance,4220.42431640625,4244.49267578125,4211.255859375,4241.70068359375,0,0.0,0.0,ETH-USD,ETH,Ethereum,0.0058845441325177,24.814453125,33.23681640625,21.2763671875,4261.997021484375,4290.012182617187,4237.229282226563,0.004490243055726,0.4202637224976573,38.16172431250471,,167181721.6,0.0,4372.73193359375,4211.255859375,0.1885407752575573,17,3,21,8,-72.00111365075374,-141.24957950672837,14.607183654472303,normal,-0.001392669923548584,-0.015808018844998384,-0.02456704580569591,0.011512515177922289,4372.73193359375,4211.255859375,0.18854077525755739,-1.0,458036920.32,0.0,-1,0.005845267652072318,sideways,1,2025-09-11 12:47:24.097684,2025-09-13T15:30:02.412607
2025-08-21 18:00:00+00:00,ETH,crypto,1h,yahoo_finance,4242.05615234375,4265.244140625,4237.6015625,4264.31005859375,0,0.0,0.0,ETH-USD,ETH,Ethereum,0.0053302617715222,22.609375,27.642578125,22.25390625,4259.5759765625,4284.666284179688,4239.547290039062,0.0047738501908057,0.4468078959057088,42.91441856210138,,167181721.6,0.0,4366.984375,4211.255859375,0.3406839075414195,18,3,21,8,-51.20817635198549,-56.84823432044245,14.354609072495835,normal,-0.00024578001326547305,-0.005645408288160292,-0.02445948096992101,0.02793851135771508,4366.984375,4211.255859375,0.3406839075414195,,453306695.68,0.0,-1,0.004724251235620244,sideways,1,2025-09-11 12:47:24.097684,2025-09-13T15:30:02.412607
2025-08-21 19:00:00+00:00,ETH,crypto,1h,yahoo_finance,4262.5537109375,4271.4658203125,4220.5771484375,4224.7392578125,0,0.0,0.0,ETH-USD,ETH,Ethereum,-0.0092795317970615,-39.57080078125,50.888671875,37.814453125,4254.343359375,4279.319409179688,4240.302875976562,0.0050817085414005,0.475621858717357,32.63032472738054,,167181721.6,0.0,4337.3681640625,4211.255859375,0.1069158039012227,19,3,21,8,-87.59985809933944,-94.0414531917719,14.601996707314248,normal,-0.011250959921012216,-0.012234129389697701,-0.024687322249318466,0.009023085299946665,4337.3681640625,4211.255859375,0.10691580390122271,,420283269.12,0.0,-1,0.00331119823491476,sideways,1,2025-09-11 12:47:24.097684,2025-09-13T15:30:02.412607
2025-08-21 20:00:00+00:00,ETH,crypto,1h,yahoo_finance,4223.845703125,4256.9208984375,4206.7529296875,4250.64453125,0,0.0,0.0,ETH-USD,ETH,Ethereum,0.0061318040846178,25.9052734375,50.16796875,26.798828125,4250.539990234375,4275.582934570312,4242.401752929687,0.0054669777370788,0.5116810796392561,40.01567173086138,,167181721.6,0.0,4337.3681640625,4206.7529296875,0.3360373831775701,20,3,21,8,-61.23977526055029,-83.40169165447656,15.196942398701706,normal,0.0025280513275494076,-0.008868394743472563,-0.01727700119864095,0.02531389882331747,4337.3681640625,4206.7529296875,0.3360373831775701,,414035558.4,0.0,-1,0.001918308962386241,sideways,1,2025-09-11 12:47:24.097684,2025-09-13T15:30:02.412607
2025-08-21 21:00:00+00:00,ETH,crypto,1h,yahoo_finance,4240.9423828125,4254.958984375,4214.4677734375,4243.2138671875,1815709696,0.0,0.0,ETH-USD,ETH,Ethereum,-0.0017481264330317,-7.4306640625,40.4912109375,2.271484375,4246.720751953125,4271.235986328125,4244.464067382813,0.0054512167518657,0.5102059322510853,38.389977483035686,inf,257967206.4,7.038529126778186,4337.3681640625,4206.7529296875,0.2791476635514018,21,3,21,8,-67.80171874797877,-75.60191001910368,15.749391969275775,normal,0.006243383216868015,-0.00892052297361412,-0.020077574214157123,0.02490658893979547,4337.3681640625,4206.7529296875,0.27914766355140186,inf,409220833.28,4.436992323794136,1,0.0005316771527538798,sideways,1,2025-09-11 12:47:24.097684,2025-09-13T15:30:02.412607
2025-08-21 22:00:00+00:00,ETH,crypto,1h,yahoo_finance,4242.90576171875,4258.0498046875,4238.6806640625,4251.5458984375,0,0.0,0.0,ETH-USD,ETH,Ethereum,0.0019636133154707,8.33203125,19.369140625,8.64013671875,4247.113720703125,4269.157568359375,4246.327084960937,0.0053885736879074,0.5043428627198665,43.25071571434174,-1.0,246652006.4,0.0,4328.99853515625,4206.7529296875,0.3664178240047292,22,3,21,8,-60.44378710982135,-27.44119815781486,16.122968127744066,normal,0.0023210536476159227,0.0009251512624612879,-0.009682565354358963,0.02240068066375045,4328.99853515625,4206.7529296875,0.3664178240047292,,381766000.64,0.0,-1,0.00018525085949551117,sideways,1,2025-09-11 12:47:24.097684,2025-09-13T15:30:02.412607
2025-08-21 23:00:00+00:00,ETH,crypto,1h,yahoo_finance,4251.57958984375,4251.57958984375,4211.19482421875,4224.52587890625,870518784,0.0,0.0,ETH-USD,ETH,Ethereum,-0.0063553399579151,-27.02001953125,40.384765625,27.0537109375,4243.03046875,4265.615649414062,4247.796196289062,0.0055836773383553,0.5226035638428412,40.92518406693036,inf,290177945.6,2.999948125623507,4319.99169921875,4206.7529296875,0.1569510980410757,23,3,21,8,-84.30489019589243,-94.8684783542528,17.21481274026832,normal,-0.009329570115879315,-0.00957305710727796,-0.016491821101646376,0.017695572677980165,4319.99169921875,4206.7529296875,0.15695109804107574,inf,392367185.92,2.2186329928657456,1,-0.001121929423832866,sideways,1,2025-09-11 12:47:24.097684,2025-09-13T15:30:02.412607
2025-08-22 00:00:00+00:00,ETH,crypto,1h,yahoo_finance,4224.3916015625,4254.71630859375,4224.3916015625,4241.974609375,219283456,0.0,0.0,ETH-USD,ETH,Ethereum,0.0041303405326202,17.44873046875,30.32470703125,17.5830078125,4239.9466796875,4262.759204101562,4249.934077148438,0.0056657427917562,0.5302844694211551,42.09260144145158,-0.7481002592587365,243322982.4,0.9012032231280098,4319.99169921875,4206.7529296875,0.3110390534381427,0,4,22,8,-68.89609465618572,-43.31078378186712,18.078846232411028,normal,0.0040796249213790325,-0.007217234696116459,-0.013288562613662624,0.02585053453061259,4319.99169921875,4206.7529296875,0.31103905343814275,inf,396752855.04,0.5526953447578649,0,-0.0023500123248119775,sideways,1,2025-09-11 12:47:24.097684,2025-09-13T15:30:02.412607
2025-08-22 01:00:00+00:00,ETH,crypto,1h,yahoo_finance,4243.32568359375,4263.89697265625,4223.6728515625,4258.31787109375,219648000,0.0,0.0,ETH-USD,ETH,Ethereum,0.0038527485955786,16.34326171875,40.22412109375,14.9921875,4241.785888671875,4259.804248046875,4253.53701171875,0.0057885029763413,0.5417741931416739,46.20739992139689,0.001662432755529,254305382.4,0.8637174641255253,4319.99169921875,4206.7529296875,0.4553647272899751,1,4,22,8,-54.463527271002484,8.352342170889216,18.4387239481267,normal,0.0018052179586736106,0.0043378329698799956,-0.013688536734045353,0.04417341063370395,4319.99169921875,4206.7529296875,0.4553647272899751,inf,381094993.92,0.5763602343359798,0,-0.002762670928805912,sideways,1,2025-09-11 12:47:24.097684,2025-09-13T15:30:02.412607
2025-08-22 02:00:00+00:00,ETH,crypto,1h,yahoo_finance,4256.48974609375,4310.619140625,4253.5185546875,4287.15869140625,0,0.0,0.0,ETH-USD,ETH,Ethereum,0.0067728199691894,28.8408203125,57.1005859375,30.6689453125,4248.813134765625,4258.811572265625,4257.083857421875,0.0056478611383116,0.5286108383620477,56.602782882646366,-1.0,254305382.4,0.0,4319.99169921875,4206.7529296875,0.7100550637523554,2,4,22,8,-28.99449362476446,168.02049246544092,17.299085346304935,normal,0.010356495240216868,0.016664538025653153,-0.004609579604299419,0.04315090204189098,4319.99169921875,4206.7529296875,0.7100550637523554,-1.0,363447623.68,0.0,-1,-0.0019428141265834878,sideways,1,2025-09-11 12:47:24.097684,2025-09-13T15:30:02.412607
2025-08-22 03:00:00+00:00,ETH,crypto,1h,yahoo_finance,4288.13427734375,4298.66943359375,4265.8115234375,4276.46728515625,0,0.0,0.0,ETH-USD,ETH,Ethereum,-0.0024938209708521,-10.69140625,32.85791015625,11.6669921875,4252.289794921875,4257.143408203125,4260.4390234375,0.0056111370032236,0.5251736476518607,51.89968754644636,,232626278.4,0.0,4319.99169921875,4206.7529296875,0.6156403478890791,3,4,22,8,-38.43596521109209,136.64201017686588,16.240849501756152,normal,0.005861723550464104,0.008196382572908112,-0.007741204842263705,0.040829930136015324,4319.99169921875,4206.7529296875,0.6156403478890791,,359573053.44,0.0,-1,-0.0019127673159489238,sideways,1,2025-09-11 12:47:24.097684,2025-09-13T15:30:02.412607
2025-08-22 04:00:00+00:00,ETH,crypto,1h,yahoo_finance,4278.03369140625,4304.61865234375,4273.88232421875,4279.5,281931776,0.0,0.0,ETH-USD,ETH,Ethereum,0.00070916357861,3.03271484375,30.736328125,1.46630859375,4253.8087890625,4256.6923828125,4263.225810546875,0.0055959550520284,0.5237526948782877,51.16116211166012,inf,246722867.2,1.1427063052548705,4319.99169921875,4206.7529296875,0.6424219427112754,4,4,22,8,-29.96079316277889,158.8962048552978,15.465720402831062,normal,0.013013086597065238,0.0035621099773546216,-0.002103407875995278,0.033655543210093564,4319.99169921875,4206.7529296875,0.6424219427112754,-0.6761336100014586,356457963.52,0.7909257327734845,1,-0.0022088957758414547,sideways,1,2025-09-11 12:47:24.097684,2025-09-13T15:30:02.412607
2025-08-22 05:00:00+00:00,ETH,crypto,1h,yahoo_finance,4279.92724609375,4290.25439453125,4273.46728515625,4288.97607421875,0,0.0,0.0,ETH-USD,ETH,Ethereum,0.0022142947117069,9.47607421875,16.787109375,9.048828125,4260.232470703125,4257.287915039063,4266.1387890625,0.0051383574369057,0.4809239048215254,59.27033327242626,-1.0,235422412.8,0.0,4319.99169921875,4206.7529296875,0.7261041856213322,5,4,22,8,-20.83744676049982,116.1430035521177,14.72914571812365,normal,0.01108009103587615,0.015204918572776283,0.0027847702418992704,0.035152649202748965,4319.99169921875,4206.7529296875,0.7261041856213322,-1.0,356457963.52,0.0,-1,-0.0013844646532639475,sideways,1,2025-09-11 12:47:24.097684,2025-09-13T15:30:02.412607
2025-08-22 06:00:00+00:00,ETH,crypto,1h,yahoo_finance,4289.78857421875,4312.81201171875,4281.06103515625,4293.3564453125,1561706496,0.0,0.0,ETH-USD,ETH,Ethereum,0.0010213092864006,4.38037109375,31.7509765625,3.56787109375,4264.503662109375,4257.521826171875,4268.638447265625,0.0048118774153827,0.4503670491093652,65.54930052919508,inf,257343590.4,6.068565739572428,4319.99169921875,4206.7529296875,0.7647867950481431,6,4,22,8,-18.34408334829588,124.82372654099927,14.828391810987641,normal,0.008228266484425317,0.01004833825752538,0.0010908308838690761,0.029983615696179466,4319.99169921875,4206.7529296875,0.7647867950481431,6.110041958041958,387692093.44,4.028213426131407,1,-0.0009686426262918088,sideways,1,2025-09-11 12:47:24.097684,2025-09-13T15:30:02.412607
2025-08-22 07:00:00+00:00,ETH,crypto,1h,yahoo_finance,4293.95166015625,4342.17822265625,4293.95166015625,4329.26904296875,874430464,0.0,0.0,ETH-USD,ETH,Ethereum,0.0083646904499297,35.91259765625,48.2265625,35.3173828125,4273.1091796875,4259.914965820312,4271.6151171875,0.0050343430639764,0.4711886929369992,67.03703422226613,-0.4400801519109516,301065113.6,2.9044562936700213,4342.17822265625,4206.7529296875,0.9046767453515582,7,4,22,8,-9.532325464844186,159.3727693719446,15.75620303725304,normal,0.009822438261245514,0.02028065953656233,0.011179222473632455,0.03560238985265718,4342.17822265625,4206.7529296875,0.9046767453515582,inf,385364254.72,2.269101125207755,1,0.0003497652431250974,sideways,1,2025-09-11 12:47:24.097684,2025-09-13T15:30:02.412607
2025-08-22 08:00:00+00:00,ETH,crypto,1h,yahoo_finance,4328.29833984375,4349.54296875,4327.884765625,4333.00927734375,0,0.0,0.0,ETH-USD,ETH,Ethereum,0.0008639413115418,3.740234375,21.658203125,4.7109375,4281.255517578125,4264.184619140625,4274.61384765625,0.0049110753743574,0.4596514693479792,64.42503280839895,-1.0,292161433.6,0.0,4349.54296875,4206.7529296875,0.8842097704097335,8,4,22,8,-11.579022959026652,154.88908139937786,16.80490805211819,normal,0.013221659004327924,0.01916088426475393,0.020103762243482537,0.035843632721301866,4349.54296875,4206.7529296875,0.8842097704097335,,380619284.48,0.0,-1,0.0015537473462116085,sideways,1,2025-09-11 12:47:24.097684,2025-09-13T15:30:02.412607
2025-08-22 09:00:00+00:00,ETH,crypto,1h,yahoo_finance,4330.35595703125,4330.35595703125,4309.54248046875,4327.42529296875,0,0.0,0.0,ETH-USD,ETH,Ethereum,-0.0012887081512142,-5.583984375,20.8134765625,2.9306640625,4291.545458984375,4267.287963867188,4277.464208984375,0.0039816804169382,0.3726648675920997,75.15110925073253,,292161433.6,0.0,4349.54296875,4206.7529296875,0.8451035105357106,9,4,22,8,-15.489648946428938,105.41563041860763,16.95203968768929,normal,0.01119880662898698,0.024357624266499123,0.014551390231120287,0.034055251094135874,4349.54296875,4206.7529296875,0.8451035105357106,-1.0,380619284.48,0.0,-1,0.003291962085953627,sideways,1,2025-09-11 12:47:24.097684,2025-09-13T15:30:02.412607
2025-08-22 10:00:00+00:00,ETH,crypto,1h,yahoo_finance,4327.61669921875,4327.61669921875,4294.1552734375,4296.4599609375,1519206400,0.0,0.0,ETH-USD,ETH,Ethereum,-0.0071556017573689,-30.96533203125,33.46142578125,31.15673828125,4296.993994140625,4268.470336914063,4278.673759765625,0.0044107544884569,0.4128240002461113,60.95024250883442,inf,368121753.6,4.126912862777365,4349.54296875,4206.7529296875,0.6282443217956872,10,4,22,8,-38.36915051687566,61.78762451928143,16.458600867150206,normal,0.0017449122096380165,0.012844337031646669,0.005534401740656669,0.014277098684401635,4349.54296875,4206.7529296875,0.6282443217956872,inf,377318645.76,4.026322094260662,1,0.0042817553764612016,sideways,1,2025-09-11 12:47:24.097684,2025-09-13T15:30:02.412607
2025-08-22 11:00:00+00:00,ETH,crypto,1h,yahoo_finance,4295.40673828125,4296.42578125,4276.6455078125,4276.6455078125,219049984,0.0,0.0,ETH-USD,ETH,Ethereum,-0.0046118090951966,-19.814453125,19.7802734375,18.76123046875,4298.8267578125,4270.306323242187,4279.74201171875,0.0045991482604218,0.4304566911536507,57.54385191714412,-0.8558128875707738,379074252.8,0.5778550834882764,4349.54296875,4206.7529296875,0.489477967678177,11,4,22,8,-52.69131811235384,-0.5109184816092326,15.345169478325195,normal,-0.0038922781541339546,0.0043039616284077375,0.008660464464940398,0.012647324642645286,4349.54296875,4206.7529296875,0.489477967678177,-0.8597367786065737,381699645.44,0.5738805016375967,0,0.004459321623007104,sideways,1,2025-09-11 12:47:24.097684,2025-09-13T15:30:02.412607
2025-08-22 12:00:00+00:00,ETH,crypto,1h,yahoo_finance,4275.2890625,4275.2890625,4209.673828125,4245.65966796875,0,0.0,0.0,ETH-USD,ETH,Ethereum,-0.0072453608294504,-30.98583984375,65.615234375,29.62939453125,4294.67685546875,4271.744995117188,4280.096767578125,0.0050235475275488,0.4701782860906124,48.794969961714926,-1.0,379074252.8,0.0,4349.54296875,4206.7529296875,0.2724751567875144,12,4,22,8,-74.27178026336,-106.40675578944722,16.028518626347143,normal,-0.01931258468119268,-0.009679843090643292,0.0068233848217436055,0.00419539279418446,4349.54296875,4206.7529296875,0.27247515678751444,-1.0,376274247.68,0.0,-1,0.0034064855731929782,sideways,1,2025-09-11 12:47:24.097684,2025-09-13T15:30:02.412607
2025-08-22 13:00:00+00:00,ETH,crypto,1h,yahoo_finance,4249.6357421875,4308.3203125,4239.3935546875,4283.68505859375,3261952000,0.0,0.0,ETH-USD,ETH,Ethereum,0.0089562973951684,38.025390625,68.9267578125,34.04931640625,4295.3986328125,4273.844213867187,4281.963671875,0.0052169742042008,0.4882820310663967,61.5888769431489,inf,542171852.8,6.016453977007344,4349.54296875,4206.7529296875,0.538777980672562,13,4,22,8,-47.0853755603033,-28.805741663361324,15.596535305808604,normal,-0.011383363291628368,0.0016877887649353607,0.009898005100263063,0.022276287443123932,4349.54296875,4206.7529296875,0.538777980672562,inf,422087270.4,7.728145880610761,1,0.0031375700419283147,sideways,1,2025-09-11 12:47:24.097684,2025-09-13T15:30:02.412607
2025-08-22 14:00:00+00:00,ETH,crypto,1h,yahoo_finance,4373.5712890625,4636.69921875,4373.5712890625,4618.681640625,12874850304,0.0,0.0,ETH-USD,ETH,Ethereum,0.078202897143242,334.99658203125,263.1279296875,245.1103515625,4329.316796875,4291.56279296875,4290.178134765625,0.0213243109801229,1.9958461493027095,82.88357406876986,2.946977240621566,1185914368.0,10.856475519149797,4636.69921875,4206.7529296875,0.958093421007802,14,4,22,8,-4.219322438562549,375.6783335536339,18.17947836326885,high,0.06730476621502546,0.07925730590606372,0.08310173912356444,0.09760627271217737,4636.69921875,4206.7529296875,0.9580934210078021,inf,670985871.36,19.187960363314915,1,0.009122852450394438,sideways,1,2025-09-11 12:47:24.097684,2025-09-13T15:30:02.412607
2025-08-22 15:00:00+00:00,ETH,crypto,1h,yahoo_finance,4618.9482421875,4660.1796875,4618.9482421875,4633.48193359375,2021367808,0.0,0.0,ETH-USD,ETH,Ethereum,0.0032044410332527,14.80029296875,41.2314453125,14.53369140625,4363.7673828125,4311.999926757812,4300.015458984375,0.0213307309708802,1.9964470275136617,82.83734161201869,-0.842998733168028,1286982758.4,1.5706253986751155,4660.1796875,4206.7529296875,0.9411200299800347,15,4,22,8,-5.92617240168387,276.15650681511977,20.720708422760357,high,0.07844178130842194,0.08032356754001069,0.0967497994167077,0.11876191415992565,4660.1796875,4206.7529296875,0.9411200299800349,0.3305419250471826,709101854.72,2.850602906402168,1,0.014825975496186326,sideways,1,2025-09-11 12:47:24.097684,2025-09-13T15:30:02.412607
2025-08-22 16:00:00+00:00,ETH,crypto,1h,yahoo_finance,4629.89501953125,4763.583984375,4629.89501953125,4748.4072265625,6314958848,0.0,0.0,ETH-USD,ETH,Ethereum,0.0248032245762126,114.92529296875,133.68896484375,118.51220703125,4409.2724609375,4336.8880615234375,4310.693935546875,0.0219013369732439,2.049852823070113,85.08497540879489,2.1241018200681663,1602730700.8,3.940124716427969,4763.583984375,4209.673828125,0.9726006868780898,16,4,22,8,-2.7399313121910285,203.97607266344022,23.622917675932786,high,0.11031115810000958,0.10598951823504565,0.11710287502354877,0.1266878470378956,4763.583984375,4209.673828125,0.9726006868780898,27.82884870696909,835401031.68,7.559194456943096,1,0.022868365712008967,uptrend,1,2025-09-11 12:47:24.097684,2025-09-13T15:30:02.412607
2025-08-22 17:00:00+00:00,ETH,crypto,1h,yahoo_finance,4745.373046875,4846.17919921875,4745.373046875,4801.19189453125,3232096256,0.0,0.0,ETH-USD,ETH,Ethereum,0.0111162891997707,52.78466796875,100.80615234375,55.81884765625,4456.46474609375,4364.786962890625,4321.64173828125,0.0217230854575258,2.033169395334272,87.51120481423047,-0.4881841142917927,1673550028.8,1.9312815275188029,4846.17919921875,4209.673828125,0.9293214060233376,17,4,22,8,-7.0678593976662425,170.58904545839738,26.659559970833957,high,0.1308470932688497,0.10900751301861433,0.13149891681363468,0.12868256864895433,4846.17919921875,4209.673828125,0.9293214060233376,inf,862515732.48,3.7472896253228005,1,0.03119717366162815,uptrend,1,2025-09-11 12:47:24.097684,2025-09-13T15:30:02.412607
2025-08-22 18:00:00+00:00,ETH,crypto,1h,yahoo_finance,4799.50244140625,4800.93994140625,4756.7470703125,4789.5888671875,3874881536,0.0,0.0,ETH-USD,ETH,Ethereum,-0.0024166972698937,-11.60302734375,44.19287109375,9.91357421875,4502.122705078125,4391.689111328125,4331.4711328125,0.021825268009114,2.042733158135491,86.02352321286205,0.1988756612080304,1867294105.6,2.07513188435569,4846.17919921875,4209.673828125,0.9110921374724504,18,4,22,8,-8.89078625275495,125.25272247940923,29.479299244670756,high,0.11810014080723019,0.10537240070800058,0.1265523133474198,0.11434530092877648,4846.17919921875,4209.673828125,0.9110921374724505,0.1879026840370428,931940638.72,4.1578630387039075,1,0.03939806292898411,uptrend,1,2025-09-11 12:47:24.097684,2025-09-13T15:30:02.412607
2025-08-22 19:00:00+00:00,ETH,crypto,1h,yahoo_finance,4788.83056640625,4851.81298828125,4788.83056640625,4851.81298828125,1081987072,0.0,0.0,ETH-USD,ETH,Ethereum,0.0129915370231534,62.22412109375,62.982421875,62.982421875,4554.561474609375,4423.053466796875,4341.51154296875,0.0217845949754471,2.038926370769645,86.9926187419769,-0.7207689933362649,1877867520.0,0.5761785964539181,4851.81298828125,4209.673828125,1.0,19,4,22,8,-0.0,114.55461034010298,32.294145008424145,high,0.05047573437529729,0.12117775809198394,0.14848698465954424,0.11541251911824557,4851.81298828125,4209.673828125,1.0,-0.9159611920564354,953580380.16,1.134657438965402,0,0.049072754853241765,uptrend,1,2025-09-11 12:47:24.097684,2025-09-13T15:30:02.412607
2025-08-22 20:00:00+00:00,ETH,crypto,1h,yahoo_finance,4831.046875,4853.28076171875,4812.9296875,4840.62255859375,3010023424,0.0,0.0,ETH-USD,ETH,Ethereum,-0.0023064429141289,-11.1904296875,40.35107421875,9.57568359375,4608.977734375,4452.985864257813,4352.340947265625,0.0218968913295571,2.049436733619825,85.65008871164231,1.7819402855120252,2017404518.4,1.4920277002191134,4853.28076171875,4209.673828125,0.9803324009355842,20,4,22,8,-1.9667599064415864,97.63438482261262,34.91352613815188,high,0.04470517592788825,0.12665371086979982,0.14112483085016692,0.12594813385269443,4853.28076171875,4209.673828125,0.9803324009355842,0.48910228612881923,975170887.68,3.086662514260508,1,0.05896523048604645,uptrend,1,2025-09-11 12:47:24.097684,2025-09-13T15:30:02.412607
2025-08-22 21:00:00+00:00,ETH,crypto,1h,yahoo_finance,4844.7646484375,4882.59326171875,4844.7646484375,4847.2197265625,542072832,0.0,0.0,ETH-USD,ETH,Ethereum,0.0013628759294685,6.59716796875,37.82861328125,2.455078125,4666.03515625,4482.43095703125,4362.3011328125,0.021987860854289,2.057951014611564,85.0802528459054,-0.8199107596047731,2033525760.0,0.2665679691217681,4882.59326171875,4209.673828125,0.9474327335631602,21,4,22,8,-5.256726643683983,90.04400227609526,37.45968670543664,high,0.020809609472255186,0.13341629969275814,0.13829447995564736,0.11450567480201101,4882.59326171875,4209.673828125,0.9474327335631602,-0.9141605123568337,986012344.32,0.5497627236845991,-1,0.06962701890359267,uptrend,1,2025-09-11 12:47:24.097684,2025-09-13T15:30:02.412607
2025-08-22 22:00:00+00:00,ETH,crypto,1h,yahoo_finance,4850.49951171875,4850.49951171875,4801.392578125,4811.994140625,2480660480,0.0,0.0,ETH-USD,ETH,Ethereum,-0.0072671733332957,-35.2255859375,49.10693359375,38.50537109375,4722.668603515625,4508.672729492188,4371.373203125,0.0223050517973713,2.087638460219284,81.11413982952199,3.5762494143960346,2157558784.0,1.1497533686665011,4882.59326171875,4209.673828125,0.8950853288383828,22,4,22,8,-10.491467116161722,69.27665948714277,38.90216492661235,high,0.002249909258168703,0.13339139661356825,0.1224203457340638,0.1040759203691155,4882.59326171875,4209.673828125,0.8950853288383828,-0.2324917689580096,1035625553.92,2.395325675974606,1,0.08036271077003715,uptrend,1,2025-09-11 12:47:24.097684,2025-09-13T15:30:02.412607
2025-08-22 23:00:00+00:00,ETH,crypto,1h,yahoo_finance,4810.19677734375,4840.72705078125,4810.19677734375,4832.380859375,0,0.0,0.0,ETH-USD,ETH,Ethereum,0.0042366466280343,20.38671875,30.5302734375,22.18408203125,4777.53818359375,4536.468408203125,4381.0501953125,0.0221815686292827,2.0760810689505576,82.18225227126041,-1.0,2157558784.0,0.0,4882.59326171875,4209.673828125,0.9253812568978892,23,4,22,8,-7.46187431021109,63.97063782534608,40.24160898913266,high,0.008934376910857411,0.12808966888928475,0.12999364595827578,0.11126736398065429,4882.59326171875,4209.673828125,0.9253812568978891,-1.0,992399400.96,0.0,-1,0.0905006723514538,uptrend,1,2025-09-11 12:47:24.097684,2025-09-13T15:30:02.412607
2025-08-23 00:00:00+00:00,ETH,crypto,1h,yahoo_finance,4828.6962890625,4828.6962890625,4803.42138671875,4806.53662109375,112615424,0.0,0.0,ETH-USD,ETH,Ethereum,-0.0053481377054772,-25.84423828125,25.27490234375,22.15966796875,4796.323681640625,4562.820239257812,4389.7563671875,0.0220908088293479,2.0675864171242826,82.72223297680331,inf,2149092966.4,0.0524013738636188,4882.59326171875,4209.673828125,0.8869751164432615,0,5,23,8,-11.302488355673848,53.23862866598677,41.33309488918149,high,-0.009331845084890489,0.040672857556670605,0.1231537845761772,0.09958496583270726,4882.59326171875,4209.673828125,0.8869751164432615,-0.8959179578811086,994651709.44,0.11322096260549709,-1,0.09261728452451948,uptrend,1,2025-09-11 12:47:24.097684,2025-09-13T15:30:02.412607
2025-08-23 01:00:00+00:00,ETH,crypto,1h,yahoo_finance,4805.50830078125,4813.37548828125,4757.49853515625,4778.66357421875,0,0.0,0.0,ETH-USD,ETH,Ethereum,-0.0057989877269795,-27.873046875,55.876953125,26.8447265625,4810.841845703125,4587.304614257812,4398.696103515625,0.0221462401592935,2.072774505336175,81.87568478901832,-1.0,2149092966.4,0.0,4882.59326171875,4209.673828125,0.8455540406301542,1,5,23,8,-15.444595936984586,36.725960933490846,41.34860320835542,high,-0.01279979664289288,0.03133316212423343,0.1141735210283723,0.10319025204271681,4882.59326171875,4209.673828125,0.8455540406301542,-1.0,994651709.44,0.0,-1,0.09369725311509833,uptrend,1,2025-09-11 12:47:24.097684,2025-09-13T15:30:02.412607
2025-08-23 02:00:00+00:00,ETH,crypto,1h,yahoo_finance,4777.5390625,4786.42138671875,4671.15673828125,4713.8701171875,3278217216,0.0,0.0,ETH-USD,ETH,Ethereum,-0.0135589074277618,-64.79345703125,115.2646484375,63.6689453125,4807.388134765625,4608.330297851562,4406.466025390625,0.0225451559504687,2.1101109776121216,78.5052685526002,inf,2234918502.4,1.4668173414286196,4882.59326171875,4209.673828125,0.7492669462224057,2,5,23,8,-26.23184412039114,-4.879020596541698,39.80686609647205,high,-0.02751053529598657,-0.007273409319613511,0.09794520376572002,0.08981791901576441,4882.59326171875,4209.673828125,0.7492669462224057,5.047558598177449,1060216053.76,3.092027520592597,1,0.09098495417071989,uptrend,1,2025-09-11 12:47:24.097684,2025-09-13T15:30:02.412607
2025-08-23 03:00:00+00:00,ETH,crypto,1h,yahoo_finance,4713.91162109375,4719.02490234375,4675.212890625,4694.1796875,1023762432,0.0,0.0,ETH-USD,ETH,Ethereum,-0.0041771260552355,-19.6904296875,43.81201171875,19.73193359375,4796.6869140625,4626.575830078125,4413.7465625,0.0227622647234665,2.1304312453558905,75.56213136496898,-0.6877075664774985,2242385100.8,0.4565506752764096,4882.59326171875,4209.673828125,0.7200057468803945,3,5,23,8,-37.01482143011309,-61.934501236064264,38.37525306400892,high,-0.024483498874272924,-0.02228867526689382,0.08428920469239687,0.08406790004637954,4882.59326171875,4209.673828125,0.7200057468803945,-0.5873024784109109,1080691302.4,0.9473218020043537,-1,0.08676083824477629,uptrend,1,2025-09-11 12:47:24.097684,2025-09-13T15:30:02.412607
2025-08-23 04:00:00+00:00,ETH,crypto,1h,yahoo_finance,4692.3447265625,4740.78076171875,4692.3447265625,4739.630859375,0,0.0,0.0,ETH-USD,ETH,Ethereum,0.0096824525051801,45.451171875,48.43603515625,47.2861328125,4791.69111328125,4646.906909179687,4422.67689453125,0.0100331002687804,0.9390467319520418,61.77947579563677,-1.0,2242385100.8,0.0,4882.59326171875,4209.673828125,0.7875490063048792,4,5,23,8,-54.225337765883566,-62.30541480330969,37.29257191908368,high,-0.019193437499873678,-0.01043054199385507,0.09384276746356757,0.10400762121575036,4882.59326171875,4209.673828125,0.7875490063048792,,1076165222.4,0.0,-1,0.08343684776210891,uptrend,1,2025-09-11 12:47:24.097684,2025-09-13T15:30:02.412607
2025-08-23 05:00:00+00:00,ETH,crypto,1h,yahoo_finance,4744.4111328125,4759.39111328125,4726.56591796875,4747.77734375,1095983104,0.0,0.0,ETH-USD,ETH,Ethereum,0.0017188014460844,8.146484375,32.8251953125,3.3662109375,4781.287548828125,4667.92451171875,4431.72515625,0.0100260345592781,0.9383854177780272,61.27761263062551,inf,2297184256.0,0.4770984744203296,4882.59326171875,4209.673828125,0.7996551871763298,5,5,23,8,-53.350556300553016,-57.02784512533282,36.49639161477007,high,-0.012224868335732997,-0.021442632843131193,0.09713675507333264,0.10532589526363023,4882.59326171875,4209.673828125,0.7996551871763298,8.732087000800174,1098084884.48,0.9980859580987719,-1,0.07887727245114527,uptrend,1,2025-09-11 12:47:24.097684,2025-09-13T15:30:02.412607
2025-08-23 06:00:00+00:00,ETH,crypto,1h,yahoo_finance,4749.00341796875,4758.18017578125,4734.3173828125,4747.2314453125,1063280640,0.0,0.0,ETH-USD,ETH,Ethereum,-0.0001149797890624,-0.5458984375,23.86279296875,1.77197265625,4771.9484375,4690.4630859375,4440.68771484375,0.0075262105110107,0.704414706821905,49.85016414741658,-0.0298384745902068,2274387968.0,0.4675018752121713,4882.59326171875,4209.673828125,0.7988439482519543,6,5,23,8,-64.02007288313295,-60.935381544553,35.757081332193145,normal,-0.006577598196246481,-0.019293202919828834,0.10491695220561081,0.104237529535818,4882.59326171875,4209.673828125,0.7988439482519543,inf,1096222842.88,0.9699493555585338,-1,0.07459671652860332,uptrend,1,2025-09-11 12:47:24.097684,2025-09-13T15:30:02.412607
2025-08-23 07:00:00+00:00,ETH,crypto,1h,yahoo_finance,4744.35595703125,4745.16943359375,4710.7451171875,4712.6552734375,0,0.0,0.0,ETH-USD,ETH,Ethereum,-0.0072834392578733,-34.576171875,34.42431640625,31.70068359375,4758.4919921875,4712.26357421875,4448.59248046875,0.0070273107808347,0.6577202506076745,38.16823381250367,-1.0,2263435468.8,0.0,4882.59326171875,4209.673828125,0.747461613088375,7,5,23,8,-80.37305263935781,-82.93875691367114,34.59255793346476,normal,-0.00025771684832187614,-0.027761162215856228,0.10195134593889188,0.09154507937620937,4882.59326171875,4209.673828125,0.747461613088375,-1.0,1096222842.88,0.0,-1,0.06966237367871812,uptrend,1,2025-09-11 12:47:24.097684,2025-09-13T15:30:02.412607
2025-08-23 08:00:00+00:00,ETH,crypto,1h,yahoo_finance,4711.23291015625,4724.56640625,4700.5517578125,4718.04931640625,721747968,0.0,0.0,ETH-USD,ETH,Ethereum,0.0011445867893526,5.39404296875,24.0146484375,6.81640625,4749.097509765625,4735.883056640625,4456.81322265625,0.007048424950547,0.6596964286119831,40.27833993993675,inf,2299522867.2,0.3138685760837125,4882.59326171875,4239.3935546875,0.7441790729787978,8,5,23,8,-77.82191205065793,-80.4148787884934,33.30549571004336,normal,0.0050849414584217545,-0.019523054574324128,0.111264134523412,0.09543439619325356,4882.59326171875,4239.3935546875,0.7441790729787978,-0.2950044410303191,1110657802.24,0.6498382909158539,-1,0.06558145304890602,uptrend,1,2025-09-11 12:47:24.097684,2025-09-13T15:30:02.412607
2025-08-23 09:00:00+00:00,ETH,crypto,1h,yahoo_finance,4717.37939453125,4738.5634765625,4709.25244140625,4735.26025390625,0,0.0,0.0,ETH-USD,ETH,Ethereum,0.0036478926661813,17.2109375,29.31103515625,17.880859375,4739.38544921875,4758.46181640625,4465.32181640625,0.0059774503348296,0.5594586969088157,31.953634373223338,-1.0,2136425267.2,0.0,4882.59326171875,4373.5712890625,0.7105566837445814,9,5,23,8,-69.68190992605456,-54.650810209447464,32.31551466708145,normal,-0.0009221404785364484,-0.020097878932769264,0.10541745929864033,0.09871146462603164,4882.59326171875,4373.5712890625,0.7105566837445814,,1101986160.64,0.0,-1,0.061376009183828587,uptrend,1,2025-09-11 12:47:24.097684,2025-09-13T15:30:02.412607
2025-08-23 10:00:00+00:00,ETH,crypto,1h,yahoo_finance,4736.51123046875,4741.6044921875,4711.74169921875,4711.74169921875,0,0.0,0.0,ETH-USD,ETH,Ethereum,-0.0049666868189766,-23.5185546875,29.86279296875,24.76953125,4729.90595703125,4763.114819335938,4473.786240234375,0.0060395319099474,0.5652692139640647,30.778619283425584,,1492682752.0,0.0,4882.59326171875,4618.9482421875,0.3519636259248627,10,5,23,8,-80.80513230274674,-56.343943967568066,31.442222959636105,normal,-0.007590003052415195,-0.019722084600164558,0.02014861941884294,0.09868699255028801,4882.59326171875,4618.9482421875,0.35196362592486274,-1.0,1101986160.64,0.0,-1,0.05724898397994472,uptrend,1,2025-09-11 12:47:24.097684,2025-09-13T15:30:02.412607
2025-08-23 11:00:00+00:00,ETH,crypto,1h,yahoo_finance,4710.32373046875,4726.685546875,4701.0517578125,4701.0517578125,0,0.0,0.0,ETH-USD,ETH,Ethereum,-0.0022687876561702,-10.68994140625,25.6337890625,9.27197265625,4722.144775390625,4766.493310546875,4482.265966796875,0.0059657450353781,0.5583631409089725,28.463327107752438,,1391614361.6,0.0,4882.59326171875,4629.89501953125,0.2815877849615285,11,5,23,8,-83.33079222639084,-71.80507064770981,30.379454336538334,normal,-0.009727709304251153,-0.016241322537324354,0.014582947594735218,0.09913019454462213,4882.59326171875,4629.89501953125,0.2815877849615285,-1.0,1097465978.88,0.0,-1,0.05351730806933195,uptrend,1,2025-09-11 12:47:24.097684,2025-09-13T15:30:02.412607
2025-08-23 12:00:00+00:00,ETH,crypto,1h,yahoo_finance,4700.15478515625,4731.3310546875,4692.451171875,4711.7177734375,689790976,0.0,0.0,ETH-USD,ETH,Ethereum,0.0022688573056601,10.666015625,38.8798828125,11.56298828125,4721.929541015625,4764.658837890625,4490.7267578125,0.0058825864812608,0.5505799267094031,34.07235172580674,inf,1110355968.0,0.6212340869770513,4882.59326171875,4671.15673828125,0.1918355187496247,12,5,23,8,-76.08010826998387,-63.02587142985257,29.18604293374809,normal,-0.00019893243736368582,-0.0004565980174447981,-0.007726686312782949,0.09864100984457513,4882.59326171875,4671.15673828125,0.19183551874962473,inf,1088796139.52,0.6335354718506782,0,0.05148449141353387,uptrend,1,2025-09-11 12:47:24.097684,2025-09-13T15:30:02.412607
2025-08-23 13:00:00+00:00,ETH,crypto,1h,yahoo_finance,4712.01220703125,4728.9287109375,4710.0400390625,4716.478515625,0,0.0,0.0,ETH-USD,ETH,Ethereum,0.0010104047857744,4.7607421875,18.888671875,4.46630859375,4724.159423828125,4760.423168945313,4499.428203125,0.0057015262420551,0.5336336168592336,30.628776428881537,-1.0,948751155.2,0.0,4882.59326171875,4671.15673828125,0.2143516957567975,13,5,23,8,-71.23149258773684,-42.46734711903183,28.07787520258572,normal,-0.0003329343709460586,0.004750314135689937,-0.017644239340390055,0.10161901025510023,4882.59326171875,4671.15673828125,0.21435169575679758,-1.0,1088796139.52,0.0,-1,0.049946617782908806,uptrend,1,2025-09-11 12:47:24.097684,2025-09-13T15:30:02.412607
2025-08-23 14:00:00+00:00,ETH,crypto,1h,yahoo_finance,4715.50244140625,4753.40087890625,4714.8623046875,4722.896484375,0,0.0,0.0,ETH-USD,ETH,Ethereum,0.0013607543697566,6.41796875,38.53857421875,7.39404296875,4722.485986328125,4757.088549804687,4508.93380859375,0.0056546406409941,0.529245365045489,35.050104992695026,,755007078.4,0.0,4882.59326171875,4671.15673828125,0.2447058117139544,14,5,23,8,-63.61960283454186,16.93146682126895,27.515484701683224,normal,-0.0026110010576611,-0.0035307338264327637,-0.013924448352842123,0.11189341264252306,4882.59326171875,4671.15673828125,0.24470581171395447,,1085234667.52,0.0,-1,0.04736201212964323,uptrend,1,2025-09-11 12:47:24.097684,2025-09-13T15:30:02.412607
2025-08-23 15:00:00+00:00,ETH,crypto,1h,yahoo_finance,4728.44482421875,4763.4912109375,4724.939453125,4754.615234375,0,0.0,0.0,ETH-USD,ETH,Ethereum,0.006715952827875,31.71875,38.5517578125,26.17041015625,4723.169775390625,4752.228662109375,4518.7189453125,0.0058635477261065,0.5487979968642764,45.75987520080996,,700907724.8,0.0,4882.59326171875,4671.15673828125,0.3947212843689235,15,5,23,8,-27.594021909498352,144.63275130917032,27.17855659889881,normal,0.009099296585667771,0.0014402298443927375,-0.02003328531850157,0.11470474230646732,4882.59326171875,4671.15673828125,0.3947212843689235,,1085234667.52,0.0,-1,0.045245307918566575,uptrend,1,2025-09-11 12:47:24.097684,2025-09-13T15:30:02.412607
2025-08-23 16:00:00+00:00,ETH,crypto,1h,yahoo_finance,4750.529296875,4758.04443359375,4742.98974609375,4742.98974609375,0,0.0,0.0,ETH-USD,ETH,Ethereum,-0.0024450954931536,-11.62548828125,15.0546875,7.53955078125,4722.74560546875,4747.347021484375,4528.122490234375,0.0045397424215966,0.4248966092932866,56.31901840490797,,550406553.6,0.0,4882.59326171875,4671.15673828125,0.3397379347931514,16,5,23,8,-23.223668927066164,115.52811929895674,26.865694789170423,normal,0.00892097990870977,-0.0008935100948024299,-0.020169474343061267,0.11003928819571418,4882.59326171875,4671.15673828125,0.3397379347931514,,1085234667.52,0.0,-1,0.04298097404699439,uptrend,1,2025-09-11 12:47:24.097684,2025-09-13T15:30:02.412607
2025-08-23 17:00:00+00:00,ETH,crypto,1h,yahoo_finance,4741.27392578125,4749.51904296875,4729.62548828125,4747.994140625,0,0.0,0.0,ETH-USD,ETH,Ethereum,0.0010551139258463,5.00439453125,19.8935546875,6.72021484375,4726.2794921875,4742.3857421875,4538.283857421875,0.0043405565412046,0.4062538323826319,62.47283888023757,,523302912.0,0.0,4850.49951171875,4671.15673828125,0.4284387983468284,17,5,23,8,-21.781920004392347,72.82320917804265,26.158007529310275,normal,0.007699180836341579,0.007498716782168291,-0.02047061852668841,0.1198295407956913,4850.49951171875,4671.15673828125,0.4284387983468284,-1.0,1085234667.52,0.0,-1,0.04142438874954431,uptrend,1,2025-09-11 12:47:24.097684,2025-09-13T15:30:02.412607
2025-08-23 18:00:00+00:00,ETH,crypto,1h,yahoo_finance,4748.2568359375,4754.1162109375,4742.79833984375,4751.31103515625,0,0.0,0.0,ETH-USD,ETH,Ethereum,0.0006985885898362,3.31689453125,11.31787109375,3.05419921875,4729.6056640625,4739.351586914063,4548.972353515625,0.0035158007025363,0.3290609155162738,53.364255436448886,,399269888.0,0.0,4840.72705078125,4671.15673828125,0.4726906242801197,18,5,23,8,-17.145508282356175,92.84814120257643,25.603568142096112,normal,0.007385281076942363,0.007049887892086604,-0.012610802028297563,0.1267344612776269,4840.72705078125,4671.15673828125,0.47269062428011976,,1085234667.52,0.0,-1,0.03970859713123432,uptrend,1,2025-09-11 12:47:24.097684,2025-09-13T15:30:02.412607
2025-08-23 19:00:00+00:00,ETH,crypto,1h,yahoo_finance,4751.16650390625,4757.90625,4747.76123046875,4757.64697265625,0,0.0,0.0,ETH-USD,ETH,Ethereum,0.0013335135193461,6.3359375,10.14501953125,6.48046875,4731.8443359375,4735.614892578125,4559.291279296875,0.0035043313710189,0.3279874449049411,52.87272355169992,,399269888.0,0.0,4828.6962890625,4671.15673828125,0.549006480887426,19,5,23,8,-8.226682246202488,108.170016468081,25.176977125883038,normal,0.00735787633631535,0.004727663855758069,-0.015465231092819054,0.12163665650857958,4828.6962890625,4671.15673828125,0.549006480887426,,1085234667.52,0.0,-1,0.03784646473985226,uptrend,1,2025-09-11 12:47:24.097684,2025-09-13T15:30:02.412607
2025-08-23 20:00:00+00:00,ETH,crypto,1h,yahoo_finance,4757.06298828125,4757.0810546875,4743.0185546875,4752.94140625,0,0.0,0.0,ETH-USD,ETH,Ethereum,-0.0009890532932128,-4.70556640625,14.0625,4.12158203125,4735.964306640625,4732.935131835938,4569.06390625,0.0035172556171054,0.3291970880586321,51.62268821740192,,393639116.8,0.0,4813.37548828125,4671.15673828125,0.5750624862667546,20,5,23,8,-14.850505189360092,87.99379537509172,24.610005487800123,normal,-0.00035204281366418844,0.008744050430031347,-0.011150485072462413,0.11458626153872764,4813.37548828125,4671.15673828125,0.5750624862667546,,1085234667.52,0.0,-1,0.036528357627548726,uptrend,1,2025-09-11 12:47:24.097684,2025-09-13T15:30:02.412607
2025-08-23 21:00:00+00:00,ETH,crypto,1h,yahoo_finance,4751.5234375,4751.5234375,4737.86376953125,4747.6220703125,0,0.0,0.0,ETH-USD,ETH,Ethereum,-0.0011191671604672,-5.3193359375,13.65966796875,3.9013671875,4740.621337890625,4731.383056640625,4579.5215625,0.0028444892226179,0.2662296037132002,61.919043973236576,,393639116.8,0.0,4786.42138671875,4671.15673828125,0.6633892790876973,21,5,23,8,-22.33830503814695,54.33799620242886,23.892030254028658,low,0.0009766675592257634,0.009906360299608785,-0.006495854630512388,0.12376688372733802,4786.42138671875,4671.15673828125,0.6633892790876973,,1085234667.52,0.0,-1,0.03517829825495552,uptrend,1,2025-09-11 12:47:24.097684,2025-09-13T15:30:02.412607
2025-08-23 22:00:00+00:00,ETH,crypto,1h,yahoo_finance,4750.40234375,4768.3525390625,4750.40234375,4767.65576171875,0,0.0,0.0,ETH-USD,ETH,Ethereum,0.0042197317119074,20.03369140625,17.9501953125,17.25341796875,4746.21513671875,4734.072338867188,4589.861787109375,0.003009391426409,0.2816636043125463,65.37476694350953,,229728256.0,0.0,4768.3525390625,4675.212890625,0.992519003931848,22,5,23,8,-0.9180036797344415,112.7195663398157,23.679509018853754,normal,0.0041410373541788115,0.011872100785960127,0.011410081990833598,0.12163125537027941,4768.3525390625,4675.212890625,0.992519003931848,,1085234667.52,0.0,-1,0.034064936344814,uptrend,1,2025-09-11 12:47:24.097684,2025-09-13T15:30:02.412607
2025-08-23 23:00:00+00:00,ETH,crypto,1h,yahoo_finance,4780.59912109375,4794.3486328125,4770.8115234375,4774.64306640625,0,0.0,0.0,ETH-USD,ETH,Ethereum,0.001465564008124,6.9873046875,23.537109375,5.9560546875,4752.031591796875,4738.0955078125,4600.49037109375,0.0029024473732415,0.2716541893821377,63.03198536777679,,178540134.4,0.0,4794.3486328125,4692.3447265625,0.8068155707884962,23,5,23,8,-19.338623578007148,161.85969162635178,24.10443607449767,low,0.004910651202870042,0.012332198819216433,0.017141094773281518,0.12524214330280592,4794.3486328125,4692.3447265625,0.8068155707884962,,1048920473.6,0.0,-1,0.03294023212292836,uptrend,1,2025-09-11 12:47:24.097684,2025-09-13T15:30:02.412607
2025-08-24 00:00:00+00:00,ETH,crypto,1h,yahoo_finance,4778.88330078125,4812.802734375,4777.83984375,4798.0068359375,0,0.0,0.0,ETH-USD,ETH,Ethereum,0.0048933018041985,23.36376953125,34.962890625,19.12353515625,4759.542626953125,4741.014306640625,4611.41958984375,0.0026326318638864,0.2464008414136817,78.57487133536264,,178540134.4,0.0,4812.802734375,4692.451171875,0.8770610191496268,0,6,24,8,-12.293898085037325,196.0061301987385,24.889441835532942,low,0.008483156382390611,0.01590345073430921,0.012316566056411737,0.12853229167791214,4812.802734375,4692.451171875,0.8770610191496268,,1048920473.6,0.0,-1,0.03212091943131857,uptrend,1,2025-09-11 12:47:24.097684,2025-09-13T15:30:02.412607
2025-08-24 01:00:00+00:00,ETH,crypto,1h,yahoo_finance,4797.38916015625,4797.38916015625,4762.798828125,4772.71435546875,105259008,0.0,0.0,ETH-USD,ETH,Ethereum,-0.0052714556968337,-25.29248046875,34.59033203125,24.6748046875,4761.3525390625,4742.261157226562,4622.383359375,0.0030369950084113,0.284247158027259,71.6440097568745,inf,129003929.6,0.8159364472568749,4812.802734375,4692.451171875,0.6669060370009737,1,6,24,8,-33.30939629990262,107.79796044859829,25.00247596557536,normal,0.004160150005794172,0.003806642641216662,0.005252354925948,0.12976331362998517,4812.802734375,4692.451171875,0.6669060370009737,inf,1033615278.08,0.10183577026408189,0,0.03006439944139351,uptrend,1,2025-09-11 12:47:24.097684,2025-09-13T15:30:02.412607
2025-08-24 02:00:00+00:00,ETH,crypto,1h,yahoo_finance,4774.181640625,4786.62158203125,4773.47705078125,4774.18896484375,0,0.0,0.0,ETH-USD,ETH,Ethereum,0.0003089666100193,1.474609375,13.14453125,0.00732421875,4764.4724609375,4743.609033203125,4633.027646484375,0.0030233922134035,0.2829740061743548,69.9771094157436,-1.0,75839897.6,0.0,4812.802734375,4692.451171875,0.6791585524180461,2,6,24,8,-37.57566830436477,90.45946696045964,25.107436229186174,normal,0.005595831794905637,0.006577964621512278,0.005678577048917388,0.12546382392118205,4812.802734375,4692.451171875,0.6791585524180461,,1029229608.96,0.0,-1,0.028371256224397436,uptrend,1,2025-09-11 12:47:24.097684,2025-09-13T15:30:02.412607
2025-08-24 03:00:00+00:00,ETH,crypto,1h,yahoo_finance,4773.52880859375,4793.9853515625,4754.89501953125,4789.91259765625,0,0.0,0.0,ETH-USD,ETH,Ethereum,0.0032934667915924,15.7236328125,39.09033203125,16.3837890625,4768.664306640625,4747.471899414062,4643.659541015625,0.0030880425716154,0.2890249481536102,71.9442263862422,,75839897.6,0.0,4812.802734375,4692.451171875,0.8098060694579682,3,6,24,8,-23.371488967105723,80.52283194159189,24.447983099451132,normal,0.004668297597365978,0.00882866654627601,0.01639358699843907,0.12483678829404998,4812.802734375,4692.451171875,0.8098060694579682,,1024836648.96,0.0,-1,0.026919451032290757,uptrend,1,2025-09-11 12:47:24.097684,2025-09-13T15:30:02.412607
2025-08-24 04:00:00+00:00,ETH,crypto,1h,yahoo_finance,4787.87890625,4797.05224609375,4777.412109375,4787.91943359375,0,0.0,0.0,ETH-USD,ETH,Ethereum,-0.0004161170004386,-1.9931640625,19.64013671875,0.04052734375,4772.325146484375,4750.965405273438,4653.674755859375,0.0031132927843421,0.2913882385730109,69.95854428387723,,39752499.2,0.0,4812.802734375,4692.451171875,0.793244888023369,4,6,24,8,-28.320477481883252,95.49790667167906,23.92380938788515,normal,0.0027805988851627994,0.007704904639293186,0.014809111245305928,0.11680480668730353,4812.802734375,4692.451171875,0.793244888023369,,1024836648.96,0.0,-1,0.025496064260960436,uptrend,1,2025-09-11 12:47:24.097684,2025-09-13T15:30:02.412607
2025-08-24 05:00:00+00:00,ETH,crypto,1h,yahoo_finance,4791.5986328125,4791.6162109375,4780.5361328125,4780.94677734375,0,0.0,0.0,ETH-USD,ETH,Ethereum,-0.0014563019170868,-6.97265625,11.080078125,10.65185546875,4774.655126953125,4753.249731445312,4663.764345703125,0.0026932238628662,0.2520719417814824,59.53012946711012,,39752499.2,0.0,4812.802734375,4692.451171875,0.735309152872444,5,6,24,8,-38.29888404257193,70.86987317147828,23.437076655716737,low,-0.0035556553329537666,0.0048973378692054315,0.009648154692197153,0.11796640978373985,4812.802734375,4692.451171875,0.735309152872444,,1024836648.96,0.0,-1,0.023777097861337363,uptrend,1,2025-09-11 12:47:24.097684,2025-09-13T15:30:02.412607
2025-08-24 06:00:00+00:00,ETH,crypto,1h,yahoo_finance,4780.7607421875,4785.275390625,4757.724609375,4757.724609375,0,0.0,0.0,ETH-USD,ETH,Ethereum,-0.0048572320609793,-23.22216796875,27.55078125,23.0361328125,4775.133447265625,4755.548876953125,4673.328837890625,0.00295365821099,0.2764472611685173,54.9199651753136,,39752499.2,0.0,4812.802734375,4692.451171875,0.5423563777994158,6,6,24,8,-66.21777900403295,-5.849992388906582,22.045219055273495,low,-0.003140717205624144,0.0010063669454687396,0.009759217098822326,0.11174777646337186,4812.802734375,4692.451171875,0.5423563777994158,-1.0,1019198013.44,0.0,-1,0.021784174173574936,uptrend,1,2025-09-11 12:47:24.097684,2025-09-13T15:30:02.412607
2025-08-24 07:00:00+00:00,ETH,crypto,1h,yahoo_finance,4758.67333984375,4780.267578125,4758.67333984375,4760.23828125,0,0.0,0.0,ETH-USD,ETH,Ethereum,0.0005283348830336,2.513671875,21.59423828125,1.56494140625,4776.395068359375,4758.508203125,4682.75408203125,0.0029456229819981,0.275695204942315,54.15746506708049,,39752499.2,0.0,4812.802734375,4692.451171875,0.5632424537487829,7,6,24,8,-70.14302003583646,-17.7118411404285,20.752779854861917,low,-0.002922105450052448,0.002657374734267748,0.012590059945445153,0.10987755559282109,4812.802734375,4692.451171875,0.5632424537487829,,1019198013.44,0.0,-1,0.019996989952439745,sideways,1,2025-09-11 12:47:24.097684,2025-09-13T15:30:02.412607
2025-08-24 08:00:00+00:00,ETH,crypto,1h,yahoo_finance,4759.33935546875,4776.83544921875,4747.08447265625,4775.677734375,0,0.0,0.0,ETH-USD,ETH,Ethereum,0.0032434202266331,15.439453125,29.7509765625,16.33837890625,4777.197265625,4761.706201171875,4692.4005078125,0.0030560065597734,0.2860265417369402,57.644337556103615,,5262950.4,0.0,4812.802734375,4710.0400390625,0.6387307681342596,8,6,24,8,-49.54031601237987,-25.43572953500674,19.44925109697677,normal,-0.0029718419681008523,0.0016825821865458224,0.01357465875780517,0.11234131039576267,4812.802734375,4710.0400390625,0.6387307681342596,,987963883.52,0.0,-1,0.018071082737144785,sideways,1,2025-09-11 12:47:24.097684,2025-09-13T15:30:02.412607
2025-08-24 09:00:00+00:00,ETH,crypto,1h,yahoo_finance,4775.1259765625,4783.34814453125,4762.236328125,4773.0029296875,0,0.0,0.0,ETH-USD,ETH,Ethereum,-0.0005600890253224,-2.6748046875,21.11181640625,2.123046875,4777.033251953125,4764.532421875,4701.275185546875,0.0030519735593386,0.2856490735788691,54.93074783557589,,5262950.4,0.0,4812.802734375,4714.8623046875,0.5936325293396217,9,6,24,8,-53.109626975077376,2.2952655150386168,18.14637592752883,normal,-0.003115445886910817,-0.0003435098071078446,0.011984452780871013,0.10249626029581749,4812.802734375,4714.8623046875,0.5936325293396217,,970475274.24,0.0,-1,0.016114365446879757,sideways,1,2025-09-11 12:47:24.097684,2025-09-13T15:30:02.412607
2025-08-24 10:00:00+00:00,ETH,crypto,1h,yahoo_finance,4771.89453125,4772.87744140625,4735.2333984375,4743.97998046875,0,0.0,0.0,ETH-USD,ETH,Ethereum,-0.006080647685806,-29.02294921875,37.64404296875,27.91455078125,4771.63056640625,4765.586596679687,4709.494599609375,0.0034820594310578,0.3259029055427873,47.51118090418189,,5262950.4,0.0,4812.802734375,4724.939453125,0.2167063086293513,10,6,24,8,-88.72417569966386,-132.87346918085316,17.770178938382635,normal,-0.007732108010526373,-0.011260270632397651,0.004464102942654202,0.09484648585311506,4812.802734375,4724.939453125,0.21670630862935136,,970475274.24,0.0,-1,0.013193765378142541,sideways,1,2025-09-11 12:47:24.097684,2025-09-13T15:30:02.412607
2025-08-24 11:00:00+00:00,ETH,crypto,1h,yahoo_finance,4740.13037109375,4748.86572265625,4722.65869140625,4746.626953125,1078269952,0.0,0.0,ETH-USD,ETH,Ethereum,0.0005579645502611,2.64697265625,26.20703125,6.49658203125,4769.021826171875,4765.187182617187,4717.8786328125,0.0034742204717152,0.3251692191492094,49.719466132211565,inf,59176448.0,18.22126856954983,4812.802734375,4722.65869140625,0.2658884706009804,11,6,24,8,-73.41115293990195,-190.25095444646652,17.826927711861767,normal,-0.002332555404348624,-0.0054659467130812045,-0.001680110977697269,0.0968709178728917,4812.802734375,4722.65869140625,0.2658884706009804,inf,992040673.28,1.0869211122512736,1,0.010840294407676733,sideways,1,2025-09-11 12:47:24.097684,2025-09-13T15:30:02.412607
2025-08-24 12:00:00+00:00,ETH,crypto,1h,yahoo_finance,4746.8974609375,4755.8193359375,4740.666015625,4754.1416015625,563458048,0.0,0.0,ETH-USD,ETH,Ethereum,0.0015831554726568,7.5146484375,15.1533203125,7.244140625,4767.01708984375,4765.744775390625,4727.032265625,0.003294132701225,0.3083139273836551,45.90088182063229,-0.4774425022649615,87349350.4,6.4506266551468245,4812.802734375,4722.65869140625,0.3492511442732172,12,6,24,8,-65.07488557267827,-112.58360941393249,17.562825853498456,normal,-0.0012807509471771672,-0.004199113907906726,0.0023512290908775935,0.10652528937454186,4812.802734375,4722.65869140625,0.34925114427321724,inf,972925706.24,0.5791377947834867,1,0.008458758470831643,sideways,1,2025-09-11 12:47:24.097684,2025-09-13T15:30:02.412607
2025-08-24 13:00:00+00:00,ETH,crypto,1h,yahoo_finance,4753.95166015625,4777.33447265625,4753.95166015625,4768.15576171875,41928704,0.0,0.0,ETH-USD,ETH,Ethereum,0.002947779290302,14.01416015625,23.3828125,14.2041015625,4764.84140625,4766.752856445312,4736.862470703125,0.0033745389713623,0.3158395419173637,48.11271975180972,-0.9255868220379028,89445785.6,0.4687610905169355,4812.802734375,4722.65869140625,0.5047152181567045,13,6,24,8,-49.52847818432955,-20.479680779984818,16.414090809878452,normal,-0.0015750586774537778,-0.004542219820074744,0.004246344982029804,0.11492892104533037,4812.802734375,4722.65869140625,0.5047152181567045,inf,969383280.64,0.04325296798219802,-1,0.005906638776177431,sideways,1,2025-09-11 12:47:24.097684,2025-09-13T15:30:02.412607
2025-08-24 14:00:00+00:00,ETH,crypto,1h,yahoo_finance,4769.2412109375,4797.279296875,4760.11962890625,4795.2685546875,0,0.0,0.0,ETH-USD,ETH,Ethereum,0.0056862221629641,27.11279296875,37.15966796875,26.02734375,4765.576318359375,4768.950732421875,4747.8546484375,0.003469948931102,0.3247694248537524,49.2203878042406,-1.0,89445785.6,0.0,4812.802734375,4722.65869140625,0.8054870947647808,14,6,24,8,-2.8376718415137736,88.08073382370034,15.858020520055081,normal,0.00466490914168749,0.0015349299827782659,0.00925166111121678,0.12945194144157557,4812.802734375,4722.65869140625,0.8054870947647808,,969383280.64,0.0,-1,0.0037325637017357615,sideways,1,2025-09-11 12:47:24.097684,2025-09-13T15:30:02.412607
2025-08-24 15:00:00+00:00,ETH,crypto,1h,yahoo_finance,4790.66015625,4826.3798828125,4790.66015625,4796.828125,1355874304,0.0,0.0,ETH-USD,ETH,Ethereum,0.0003252310678147,1.5595703125,35.7197265625,6.16796875,4767.164453125,4770.909790039063,4758.117509765625,0.0031255899883617,0.2925391938049392,57.93815360974215,inf,157239500.8,8.622987844031618,4826.3798828125,4722.65869140625,0.7150846667702346,15,6,24,8,-28.49153332297654,168.58891061480483,16.225015008690814,normal,0.0111400437499376,0.0033217997178947023,0.008235405562652565,0.11979010113659116,4826.3798828125,4722.65869140625,0.7150846667702346,inf,931261726.72,1.4559540729495342,1,0.0019013703089104507,sideways,1,2025-09-11 12:47:24.097684,2025-09-13T15:30:02.412607
2025-08-24 16:00:00+00:00,ETH,crypto,1h,yahoo_finance,4797.232421875,4832.77783203125,4795.83447265625,4828.43798828125,1775392768,0.0,0.0,ETH-USD,ETH,Ethereum,0.0065897427336423,31.60986328125,36.943359375,31.20556640625,4774.235791015625,4774.684619140625,4762.31263671875,0.0035402397728992,0.3313482871702415,64.90189871719897,0.3094080791725071,246009139.2,7.216775660340996,4832.77783203125,4722.65869140625,0.9605895603128712,16,6,24,8,-3.9410439687128647,183.3018272316406,16.741020888777246,normal,0.017235615093448287,0.014862856661966184,0.01588418109509493,0.04541476637213426,4832.77783203125,4722.65869140625,0.9605895603128713,0.6465197464762515,709272576.0,2.503117740731597,1,0.0025036479556055785,sideways,1,2025-09-11 12:47:24.097684,2025-09-13T15:30:02.412607
2025-08-24 17:00:00+00:00,ETH,crypto,1h,yahoo_finance,4824.4453125,4927.11376953125,4824.4453125,4900.27197265625,1288323072,0.0,0.0,ETH-USD,ETH,Ethereum,0.0148772718111618,71.833984375,102.66845703125,75.82666015625,4788.23916015625,4782.317114257812,4767.6484375,0.0051515079032562,0.4821547210317999,73.17200200126308,-0.274344756145813,310425292.8,4.150187184747337,4927.11376953125,4722.65869140625,0.8687154306894279,17,6,24,8,-13.128456931057213,274.7720053681814,19.025856685218184,normal,0.030737488139966684,0.029417370125740527,0.032152917836128836,0.05757873730513863,4927.11376953125,4722.65869140625,0.8687154306894279,1.2864578411346073,694611681.28,1.8547385636042497,1,0.004318842491466814,sideways,1,2025-09-11 12:47:24.097684,2025-09-13T15:30:02.412607
2025-08-24 18:00:00+00:00,ETH,crypto,1h,yahoo_finance,4902.2099609375,4949.1162109375,4901.61328125,4934.7294921875,3845138432,0.0,0.0,ETH-USD,ETH,Ethereum,0.0070317565481108,34.45751953125,47.5029296875,32.51953125,4804.1443359375,4790.67080078125,4771.3748828125,0.0053050510368257,0.4965255709116487,77.12724588986592,1.9846072895603628,502682214.4,7.649243044314878,4949.1162109375,4722.65869140625,0.9364705628685706,18,6,24,8,-6.352943713142943,237.1037326627693,21.427993079279258,normal,0.03493462436904671,0.033304541608336846,0.035043161423323754,0.039238897747168044,4949.1162109375,4722.65869140625,0.9364705628685706,90.70658916621892,645215272.96,5.959465922683418,1,0.006867926735969211,sideways,1,2025-09-11 12:47:24.097684,2025-09-13T15:30:02.412607
2025-08-24 19:00:00+00:00,ETH,crypto,1h,yahoo_finance,4934.97265625,4953.02490234375,4773.74267578125,4801.40283203125,6612840448,0.0,0.0,ETH-USD,ETH,Ethereum,-0.0270180281142722,-133.32666015625,179.2822265625,133.56982421875,4806.984326171875,4792.0087890625,4771.3791015625,0.0094385437454078,0.8833992904557086,52.576658892529935,0.7197925549225064,833324236.8,7.93549516019549,4953.02490234375,4722.65869140625,0.3418215731575489,19,6,24,8,-65.81784268424511,73.0114325968777,20.125229536962735,high,0.0012792354116963889,0.005950112070350011,0.005604558341392618,4.393440308869678e-05,4953.02490234375,4722.65869140625,0.3418215731575489,inf,712830156.8,9.276880873960241,1,0.007462250190456514,sideways,1,2025-09-11 12:47:24.097684,2025-09-13T15:30:02.412607
2025-08-24 20:00:00+00:00,ETH,crypto,1h,yahoo_finance,4798.7333984375,4810.2958984375,4730.06494140625,4789.80712890625,4814876672,0.0,0.0,ETH-USD,ETH,Ethereum,-0.0024150656653181,-11.595703125,80.23095703125,8.92626953125,4811.567041015625,4791.598803710937,4771.383466796875,0.0093571833988425,0.8757843792611675,54.16307098477965,-0.2718897862632962,1074068070.4,4.482841269275292,4953.02490234375,4722.65869140625,0.2914856186014964,20,6,24,8,-70.85143813985036,-31.34451560748384,19.24490842187797,high,-0.0014636747264631378,0.009660063622985993,-0.0017089819401325812,4.557003216820732e-05,4953.02490234375,4722.65869140625,0.2914856186014964,2.5511231814007442,731630059.52,6.5810263115199135,1,0.00842178678330511,sideways,1,2025-09-11 12:47:24.097684,2025-09-13T15:30:02.412607
2025-08-24 21:00:00+00:00,ETH,crypto,1h,yahoo_finance,4787.15576171875,4820.19482421875,4755.25537109375,4782.84765625,2701029376,0.0,0.0,ETH-USD,ETH,Ethereum,-0.0014529755518233,-6.95947265625,64.939453125,4.30810546875,4815.189111328125,4792.10546875,4770.00416015625,0.0093720387905267,0.877174767739228,52.90035903718904,-0.439024182756887,1203856588.8,2.243647126351135,4953.02490234375,4722.65869140625,0.2612751436020263,21,6,24,8,-73.87248563979738,-19.231004111755947,18.23238147930881,high,-0.009442045676448352,0.007630829952026019,0.0021231735290503373,-0.01421434259684462,4953.02490234375,4722.65869140625,0.2612751436020263,0.5213700453690255,764010905.6,3.535328299900121,1,0.009472727833091757,sideways,1,2025-09-11 12:47:24.097684,2025-09-13T15:30:02.412607
2025-08-24 22:00:00+00:00,ETH,crypto,1h,yahoo_finance,4785.32080078125,4785.32080078125,4732.6494140625,4778.240234375,1036398592,0.0,0.0,ETH-USD,ETH,Ethereum,-0.0009633218965231,-4.607421875,52.67138671875,7.08056640625,4817.598974609375,4792.308032226562,4768.756513671875,0.0093405450861155,0.8742271185169448,50.33811731536913,-0.6162949573192646,1255676518.4,0.8253706880818262,4953.02490234375,4722.65869140625,0.2412747196846054,22,6,24,8,-75.87252803153946,-52.47031580630992,17.689898779130022,high,-0.024903054149278403,0.005068976659125868,0.0008485775408311191,-0.012887252303528607,4953.02490234375,4722.65869140625,0.24127471968460543,-0.1955444914984803,724538408.96,1.4304260190810905,0,0.010242179653641345,sideways,1,2025-09-11 12:47:24.097684,2025-09-13T15:30:02.412607
2025-08-24 23:00:00+00:00,ETH,crypto,1h,yahoo_finance,4778.7470703125,4802.51171875,4776.26025390625,4777.162109375,1227366400,0.0,0.0,ETH-USD,ETH,Ethereum,-0.0002256322300925,-1.078125,26.25146484375,1.5849609375,4818.499609375,4791.6705078125,4767.355361328125,0.0093392118155278,0.8741023312274029,50.55111854159981,0.1842609681970699,1317044838.4,0.9319093505510828,4953.02490234375,4722.65869140625,0.2365946713580194,23,6,24,8,-76.34053286419805,-22.12046610677401,16.823954785679472,high,-0.03193029791439539,0.0018888534910201926,-0.0026619459168187865,-0.014453154826794434,4953.02490234375,4722.65869140625,0.23659467135801945,-0.6808004648712735,738244280.32,1.6625477944346343,0,0.010728012529073735,sideways,1,2025-09-11 12:47:24.097684,2025-09-13T15:30:02.412607
2025-08-25 00:00:00+00:00,ETH,crypto,1h,yahoo_finance,4779.57080078125,4795.14306640625,4674.25,4702.50537109375,222056448,0.0,0.0,ETH-USD,ETH,Ethereum,-0.0156278427593526,-74.65673828125,120.89306640625,77.0654296875,4809.223291015625,4787.3998046875,4765.1655859375,0.0101397339651153,0.949027099074534,45.09725829725829,-0.8190789254129818,1328147660.8,0.1671925905183207,4953.02490234375,4674.25,0.1013555053062454,0,0,25,8,-89.86444946937546,-115.65069494449452,17.54795197670609,high,-0.020597617904028476,-0.019344731694551642,-0.017839494520460075,-0.022753304831960808,4953.02490234375,4674.25,0.10135550530624542,-0.9664204134749449,693072199.68,0.3203943948444711,-1,0.009245786800808065,sideways,1,2025-09-11 12:47:24.097684,2025-09-13T15:30:02.412607
2025-08-25 01:00:00+00:00,ETH,crypto,1h,yahoo_finance,4699.98095703125,4742.525390625,4699.98095703125,4732.2470703125,0,0.0,0.0,ETH-USD,ETH,Ethereum,0.0063246497072755,29.74169921875,42.54443359375,32.26611328125,4802.765185546875,4784.964819335937,4763.16291015625,0.0103052457216729,0.9645181506868316,48.40247792219064,-1.0,1328147660.8,0.0,4953.02490234375,4674.25,0.2080426531402218,1,0,25,8,-79.19573468597781,-110.56221550143349,18.220235082659382,high,-0.0120171975707285,-0.01346328302882438,-0.010186205640696833,-0.02072141910508496,4953.02490234375,4674.25,0.20804265314022186,-1.0,693072199.68,0.0,-1,0.008314281106401505,sideways,1,2025-09-11 12:47:24.097684,2025-09-13T15:30:02.412607
2025-08-25 02:00:00+00:00,ETH,crypto,1h,yahoo_finance,4731.8984375,4772.19482421875,4727.771484375,4767.69873046875,2367901696,0.0,0.0,ETH-USD,ETH,Ethereum,0.0074915065991914,35.45166015625,44.42333984375,35.80029296875,4796.691259765625,4785.463525390625,4762.38615234375,0.0105015404481827,0.9828903304209564,51.41809378367749,inf,1446542745.6,1.6369386270834585,4953.02490234375,4674.25,0.3352121359673936,2,0,25,8,-66.47878640326063,-63.36065253493632,18.20070787599891,high,-0.0031673444086085523,-0.012579483874477826,0.002096405721780492,-0.008080223596873881,4953.02490234375,4674.25,0.33521213596739363,-0.12333360124106996,738177925.12,3.207765520236965,1,0.00720334435816211,sideways,1,2025-09-11 12:47:24.097684,2025-09-13T15:30:02.412607
2025-08-25 03:00:00+00:00,ETH,crypto,1h,yahoo_finance,4765.59228515625,4771.9658203125,4728.59130859375,4728.59130859375,0,0.0,0.0,ETH-USD,ETH,Ethereum,-0.0082025782428486,-39.107421875,43.37451171875,37.0009765625,4779.523193359375,4783.881176757813,4761.38470703125,0.0107025211095357,1.001701089625298,46.06792281427792,-1.0,1446542745.6,0.0,4953.02490234375,4674.25,0.1949289844131777,3,0,25,8,-80.50710155868222,-78.66536019303972,18.182575469814182,high,-0.010390629885888125,-0.035034925616473145,-0.0066481908649203,-0.010478298973617517,4953.02490234375,4674.25,0.19492898441317777,-1.0,738177925.12,0.0,-1,0.003809498170004844,sideways,1,2025-09-11 12:47:24.097684,2025-09-13T15:30:02.412607
2025-08-25 04:00:00+00:00,ETH,crypto,1h,yahoo_finance,4725.9140625,4736.013671875,4695.44384765625,4719.0986328125,868458496,0.0,0.0,ETH-USD,ETH,Ethereum,-0.0020075060756462,-9.49267578125,40.56982421875,6.8154296875,4757.960107421875,4781.052221679687,4761.48927734375,0.010554656755544,0.9878617443911908,42.15517067970149,inf,1489965670.4,0.582871480365619,4953.02490234375,4674.25,0.1608775841564041,4,0,25,8,-83.91224158435958,-103.18167471678268,18.65944227875349,high,-0.012154386900237846,-0.04369659161994177,-0.011847344965353779,0.0011091768536295454,4953.02490234375,4674.25,0.16087758415640419,-0.2924211580176873,689982750.72,1.2586669668100539,0,-0.0007411903537548208,sideways,1,2025-09-11 12:47:24.097684,2025-09-13T15:30:02.412607
2025-08-25 05:00:00+00:00,ETH,crypto,1h,yahoo_finance,4718.92626953125,4726.138671875,4702.724609375,4705.685546875,0,0.0,0.0,ETH-USD,ETH,Ethereum,-0.002842298282184,-13.4130859375,23.4140625,13.24072265625,4748.38837890625,4777.686352539063,4761.71939453125,0.0105559146804396,0.9879794797103396,40.83684818209666,-1.0,1489965670.4,0.0,4953.02490234375,4674.25,0.1127631885464268,5,0,25,8,-88.72368114535732,-96.38237968244734,19.102247172768564,high,0.000676272652615939,-0.019935274857110108,-0.014103779906313063,0.002451090529329125,4953.02490234375,4674.25,0.1127631885464268,-1.0,669507502.08,0.0,-1,-0.0027996222625613757,sideways,1,2025-09-11 12:47:24.097684,2025-09-13T15:30:02.412607
2025-08-25 06:00:00+00:00,ETH,crypto,1h,yahoo_finance,4705.87890625,4705.87890625,4620.97900390625,4631.90673828125,1305722880,0.0,0.0,ETH-USD,ETH,Ethereum,-0.0156786525276313,-73.77880859375,84.89990234375,73.97216796875,4732.59833984375,4772.082690429687,4759.564912109375,0.0109434502625546,1.0242508227798983,31.785830004217587,inf,1555251814.4,0.8395572137645981,4953.02490234375,4620.97900390625,0.0329103127803185,6,0,25,8,-96.70896872196815,-147.02228457433677,20.555471448696302,high,-0.021203527740706885,-0.032965918329378896,-0.023624307574844794,-0.0227283778610462,4953.02490234375,4620.97900390625,0.032910312780318515,inf,695621959.68,1.87705816619225,0,-0.005665764153571202,sideways,1,2025-09-11 12:47:24.097684,2025-09-13T15:30:02.412607
2025-08-25 07:00:00+00:00,ETH,crypto,1h,yahoo_finance,4631.06982421875,4648.892578125,4584.4130859375,4588.29638671875,2169929728,0.0,0.0,ETH-USD,ETH,Ethereum,-0.0094152050174227,-43.6103515625,64.4794921875,42.7734375,4713.143212890625,4764.166162109375,4756.37529296875,0.0097694808161708,0.9143733031194408,19.49057202013951,0.6618608444695402,1609834803.2,1.34792074546199,4953.02490234375,4584.4130859375,0.0105349329793871,7,0,25,8,-98.94650670206128,-177.16568295303549,22.274815507476724,high,-0.037628708081636986,-0.040676869412100025,-0.03335643773353858,-0.03359065631862279,4953.02490234375,4584.4130859375,0.010534932979387138,-0.08360649782650431,717100892.16,3.02597549622884,1,-0.009089291196603753,sideways,1,2025-09-11 12:47:24.097684,2025-09-13T15:30:02.412607
2025-08-25 08:00:00+00:00,ETH,crypto,1h,yahoo_finance,4589.7197265625,4610.12255859375,4564.1123046875,4605.45263671875,1474449408,0.0,0.0,ETH-USD,ETH,Ethereum,0.0037391329055507,17.15625,46.01025390625,15.73291015625,4695.864453125,4756.731713867188,4753.539716796875,0.0095028013188262,0.8894134697926255,16.670768823214843,-0.3205082224671932,1655384371.2,0.8906991232079599,4953.02490234375,4564.1123046875,0.1062972304841348,8,0,25,8,-89.37027695158652,-173.0249292363328,24.063765831658763,high,-0.026041301486810164,-0.03616134584720199,-0.031275670206138084,-0.029865577490169493,4953.02490234375,4564.1123046875,0.10629723048413482,inf,725324267.52,2.0328141136672278,0,-0.012133119129745832,sideways,1,2025-09-11 12:47:24.097684,2025-09-13T15:30:02.412607
2025-08-25 09:00:00+00:00,ETH,crypto,1h,yahoo_finance,4602.62890625,4610.01708984375,4571.65625,4610.01708984375,1843580928,0.0,0.0,ETH-USD,ETH,Ethereum,0.0009910976151634,4.564453125,38.36083984375,7.38818359375,4679.149951171875,4748.824780273438,4751.486953125,0.0071370013730654,0.6679867275092041,23.79812770235762,0.2503521097415639,1745466982.4,1.0562107141465915,4953.02490234375,4564.1123046875,0.1180336801453371,9,0,25,8,-82.07422152817105,-135.135622534494,25.724933989827797,normal,-0.023114910591249815,-0.03498834992499711,-0.033165584300877904,-0.021779268297484444,4953.02490234375,4564.1123046875,0.11803368014533712,1.122819842849462,762195886.08,2.41877575262391,1,-0.01522407672940144,sideways,1,2025-09-11 12:47:24.097684,2025-09-13T15:30:02.412607
2025-08-25 10:00:00+00:00,ETH,crypto,1h,yahoo_finance,4611.60498046875,4611.60498046875,4534.55126953125,4545.51025390625,0,0.0,0.0,ETH-USD,ETH,Ethereum,-0.0139927541873139,-64.5068359375,77.0537109375,66.0947265625,4663.450439453125,4736.336865234375,4748.036171875,0.0077257775385445,0.7230931571503783,20.786621823617335,-1.0,1745466982.4,0.0,4953.02490234375,4534.55126953125,0.0261879925417194,10,0,25,8,-96.16340568685706,-132.93592007581734,27.619208896066176,normal,-0.03403867329705468,-0.033385420068320903,-0.05208431976914096,-0.036569999787841034,4953.02490234375,4534.55126953125,0.026187992541719465,,747760926.72,0.0,-1,-0.01781488795787167,sideways,1,2025-09-11 12:47:24.097684,2025-09-13T15:30:02.412607
2025-08-25 11:00:00+00:00,ETH,crypto,1h,yahoo_finance,4543.2041015625,4596.4423828125,4543.2041015625,4595.279296875,2702958592,0.0,0.0,ETH-USD,ETH,Ethereum,0.0109490552630433,49.76904296875,53.23828125,52.0751953125,4649.753662109375,4726.259423828125,4745.236552734375,0.0086585176717497,0.8103928502046065,29.653472373765084,inf,1812821196.8,1.4910232717773129,4953.02490234375,4534.55126953125,0.1451179299771071,11,0,25,8,-77.3369437464353,-97.40681498669113,29.378178451858957,normal,-0.00790763792878979,-0.028943495849310108,-0.04201710440167172,-0.02956140729873835,4953.02490234375,4534.55126953125,0.1451179299771071,1.0700859526946482,801820098.56,3.3710287343186853,1,-0.02012183998919501,downtrend,1,2025-09-11 12:47:24.097684,2025-09-13T15:30:02.412607
2025-08-25 12:00:00+00:00,ETH,crypto,1h,yahoo_finance,4597.962890625,4644.5009765625,4589.90234375,4644.5009765625,0,0.0,0.0,ETH-USD,ETH,Ethereum,0.0107113575710127,49.2216796875,54.5986328125,46.5380859375,4637.43388671875,4717.062573242188,4743.89173828125,0.0093828448049873,0.8781861552757637,36.77286442256057,-1.0,1724051558.4,0.0,4953.02490234375,4534.55126953125,0.2627398679632313,12,0,25,8,-58.96793450234428,-43.31834545575342,29.672484024717033,high,0.012249555195788853,-0.025840087822440405,-0.03809451672884068,-0.01427088472770044,4953.02490234375,4534.55126953125,0.26273986796323134,-1.0,801820098.56,0.0,-1,-0.022441037324572335,downtrend,1,2025-09-11 12:47:24.097684,2025-09-13T15:30:02.412607
2025-08-25 13:00:00+00:00,ETH,crypto,1h,yahoo_finance,4646.5146484375,4659.52099609375,4598.99267578125,4630.26806640625,2862735360,0.0,0.0,ETH-USD,ETH,Ethereum,-0.0030644648861252,-14.23291015625,60.5283203125,16.24658203125,4627.6015625,4703.562377929688,4742.476064453125,0.0093725748909416,0.8772249439887542,35.84027186165932,inf,1802772172.8,1.5879629179951806,4953.02490234375,4534.55126953125,0.2287283818378267,13,0,25,8,-63.26945129400478,-32.37695723381546,29.566304006551864,high,0.0053882716086686155,-0.020793347483595626,-0.055099779717663555,-0.015056990446577712,4953.02490234375,4534.55126953125,0.22872838183782673,0.9415622838379545,859074805.76,3.332347009603449,1,-0.024222473744076108,downtrend,1,2025-09-11 12:47:24.097684,2025-09-13T15:30:02.412607
2025-08-25 14:00:00+00:00,ETH,crypto,1h,yahoo_finance,4628.99755859375,4675.92529296875,4628.99755859375,4653.79345703125,337793024,0.0,0.0,ETH-USD,ETH,Ethereum,0.0050807837230164,23.525390625,46.927734375,24.7958984375,4621.071044921875,4689.515576171875,4741.317578125,0.0086980935132653,0.814096946011873,44.79097482424592,-0.8820034053025425,1627404902.4,0.2075654457608201,4953.02490234375,4534.55126953125,0.284945521414553,14,0,25,8,-49.823092127702424,-1.14249939631296,29.058315208953026,normal,0.009495922972594384,-0.013838485029148306,-0.056930382020132786,-0.012293672751963358,4953.02490234375,4534.55126953125,0.284945521414553,-0.8167734223815967,852034846.72,0.3964544704953919,-1,-0.025361417205610984,downtrend,1,2025-09-11 12:47:24.097684,2025-09-13T15:30:02.412607
2025-08-25 15:00:00+00:00,ETH,crypto,1h,yahoo_finance,4659.26708984375,4668.53369140625,4609.48388671875,4611.04248046875,74342400,0.0,0.0,ETH-USD,ETH,Ethereum,-0.009186264271765,-42.7509765625,59.0498046875,48.224609375,4611.60673828125,4679.99755859375,4739.208857421875,0.0087211860758182,0.8162582914401825,37.389799752293925,-0.7799173022590307,1300480000.0,0.0571653543307086,4820.19482421875,4534.55126953125,0.2677855308907039,15,0,25,8,-67.8126297016195,-23.080409622170826,28.88668877257096,normal,0.014416913152089705,-0.020112492741700794,-0.03964681952794358,-0.02235482146414025,4820.19482421875,4534.55126953125,0.2677855308907039,inf,853521694.72,0.08710077372361134,-1,-0.026924772251974715,downtrend,1,2025-09-11 12:47:24.097684,2025-09-13T15:30:02.412607
2025-08-25 16:00:00+00:00,ETH,crypto,1h,yahoo_finance,4612.62255859375,4643.529296875,4594.6845703125,4602.38330078125,1129762816,0.0,0.0,ETH-USD,ETH,Ethereum,-0.0018779223405939,-8.6591796875,48.8447265625,10.2392578125,4608.65439453125,4670.6263671875,4736.79859375,0.0083013812742261,0.776966714915278,31.784991822329346,14.196749311294766,1116224307.2,1.0121288424850383,4820.19482421875,4534.55126953125,0.2374708973364011,16,0,25,8,-71.42886523728727,-37.18943798897571,28.94930838869265,normal,0.0015459351754920636,-0.006373927448926842,-0.039129723406586936,-0.025516795464912256,4820.19482421875,4534.55126953125,0.23747089733640114,-0.5820273313310158,876116951.04,1.2895114227146367,1,-0.027052912781183235,downtrend,1,2025-09-11 12:47:24.097684,2025-09-13T15:30:02.412607
2025-08-25 17:00:00+00:00,ETH,crypto,1h,yahoo_finance,4595.646484375,4596.80859375,4569.9384765625,4594.9140625,0,0.0,0.0,ETH-USD,ETH,Ethereum,-0.001622906610143,-7.46923828125,26.8701171875,0.732421875,4609.316162109375,4661.2296875,4733.6045703125,0.0081374450811099,0.7616231279610556,34.16712450770039,-1.0,981172838.4,0.0,4802.51171875,4534.55126953125,0.2252675465530091,17,0,25,8,-70.03768828996958,-75.03327951771631,29.36311875140428,normal,-0.010676478337011908,0.0014422947480912107,-0.039293242699130815,-0.033588663646300865,4802.51171875,4534.55126953125,0.22526754655300912,,876116951.04,0.0,-1,-0.026256609811182406,downtrend,1,2025-09-11 12:47:24.097684,2025-09-13T15:30:02.412607
2025-08-25 18:00:00+00:00,ETH,crypto,1h,yahoo_finance,4586.05712890625,4594.798828125,4571.8212890625,4574.20849609375,42663936,0.0,0.0,ETH-USD,ETH,Ethereum,-0.0045061923084116,-20.70556640625,22.9775390625,11.8486328125,4606.191748046875,4651.028100585938,4730.2289453125,0.0081646133652995,0.7641659400328495,33.283081454239806,inf,931486105.6,0.0458020100820707,4802.51171875,4534.55126953125,0.147996566949049,18,0,25,8,-79.30071284575058,-80.50407990013134,29.74737123106508,normal,-0.012107197576577966,-0.0067841628368716655,-0.04270018422544586,-0.035585413217265605,4802.51171875,4534.55126953125,0.14799656694904909,-0.9850967935785724,876970229.76,0.048649240934525016,-1,-0.026222239705446498,downtrend,1,2025-09-11 12:47:24.097684,2025-09-13T15:30:02.412607
2025-08-25 19:00:00+00:00,ETH,crypto,1h,yahoo_finance,4574.4599609375,4575.6455078125,4435.8974609375,4435.8974609375,0,0.0,0.0,ETH-USD,ETH,Ethereum,-0.0302371514709842,-138.31103515625,139.748046875,138.5625,4588.77978515625,4633.964868164063,4723.98701171875,0.0110904925750528,1.0380132291459334,25.83677360668929,-1.0,870117785.6,0.0,4795.14306640625,4435.8974609375,0.0,19,0,25,8,-100.0,-254.5627643224689,31.55433044419444,high,-0.0468211574290085,-0.037769844560847754,-0.07143668994773722,-0.06573232199617185,4795.14306640625,4435.8974609375,0.0,-1.0,876970229.76,0.0,-1,-0.02862142216460225,downtrend,1,2025-09-11 12:47:24.097684,2025-09-13T15:30:02.412607
2025-08-25 20:00:00+00:00,ETH,crypto,1h,yahoo_finance,4418.314453125,4443.94384765625,4352.4208984375,4375.5458984375,1479815168,0.0,0.0,ETH-USD,ETH,Ethereum,-0.013605265457882,-60.3515625,91.52294921875,42.7685546875,4571.783349609375,4617.61689453125,4716.471708984375,0.0109374989017188,1.0236938059263023,26.473511432389245,inf,933005721.6,1.5860729829848024,4772.19482421875,4352.4208984375,0.0550891767680938,20,0,25,8,-92.85171997941247,-287.45333290875595,33.78019056332314,high,-0.051072308058048965,-0.03739169993570879,-0.06952878239460747,-0.07908662134269062,4772.19482421875,4352.4208984375,0.05508917676809388,18.905399449035812,906566533.12,1.6323293591118264,1,-0.030677245259286515,downtrend,1,2025-09-11 12:47:24.097684,2025-09-13T15:30:02.412607
2025-08-25 21:00:00+00:00,ETH,crypto,1h,yahoo_finance,4358.22265625,4383.5205078125,4348.6982421875,4372.2548828125,1295306752,0.0,0.0,ETH-USD,ETH,Ethereum,-0.0007521382934584,-3.291015625,34.822265625,14.0322265625,4549.480908203125,4599.61728515625,4708.7638671875,0.0108524524862441,1.0157338975852843,28.58919503274629,-0.1246834199228859,997771059.2,1.2982003637573536,4772.19482421875,4348.6982421875,0.0556241576071604,21,0,25,8,-92.80113286210329,-202.8261580924953,35.86870892656681,high,-0.05000201046481412,-0.048533375156144865,-0.07607214546307017,-0.08100476812565627,4772.19482421875,4348.6982421875,0.05562415760716044,0.14652981462615244,932472668.16,1.38910961814673,1,-0.033826915826958466,downtrend,1,2025-09-11 12:47:24.097684,2025-09-13T15:30:02.412607
2025-08-25 22:00:00+00:00,ETH,crypto,1h,yahoo_finance,4365.47900390625,4416.12939453125,4358.49951171875,4390.27734375,217190400,0.0,0.0,ETH-USD,ETH,Ethereum,0.004122006017615,18.0224609375,57.6298828125,24.79833984375,4524.058544921875,4580.7462158203125,4701.5105859375,0.0108722474082583,1.0175866007706096,28.711591359015895,-0.832325123246173,890235494.4,0.2439696028368109,4771.9658203125,4348.6982421875,0.0982336085052581,22,0,25,8,-87.29350111391143,-132.37641078904196,36.97872410454949,high,-0.044535483355408245,-0.054736479569147733,-0.07916217195243014,-0.07630307876783538,4771.9658203125,4348.6982421875,0.09823360850525811,inf,936816476.16,0.23183879183066994,-1,-0.03774362255960762,downtrend,1,2025-09-11 12:47:24.097684,2025-09-13T15:30:02.412607
2025-08-25 23:00:00+00:00,ETH,crypto,1h,yahoo_finance,4393.5244140625,4393.5244140625,4358.04833984375,4379.44482421875,1867522048,0.0,0.0,ETH-USD,ETH,Ethereum,-0.0024673884320022,-10.83251953125,35.47607421875,14.07958984375,4498.976220703125,4563.288891601563,4694.147041015625,0.0108049475674939,1.011287680811914,27.46774849263926,7.598547854785478,983611596.8,1.8986376879610207,4736.013671875,4348.6982421875,0.0793838294953997,23,0,25,8,-90.60389965993247,-110.50539631290407,38.01313183396005,high,-0.04257866077624639,-0.05417035009426019,-0.07383731466503785,-0.07754982191948478,4736.013671875,4348.6982421875,0.07938382949539978,42.77284946236559,974166917.12,1.9170452364786625,1,-0.04157748332277908,downtrend,1,2025-09-11 12:47:24.097684,2025-09-13T15:30:02.412607
2025-08-26 00:00:00+00:00,ETH,crypto,1h,yahoo_finance,4373.537109375,4392.43994140625,4335.29052734375,4337.52294921875,156602368,0.0,0.0,ETH-USD,ETH,Ethereum,-0.0095724176654008,-41.921875,57.1494140625,36.01416015625,4467.349169921875,4544.210107421875,4685.544384765625,0.010539323639818,0.9864266433927475,28.736207123773468,-0.9161443003215348,948018790.4,0.1651890970788926,4726.138671875,4335.29052734375,0.0057117371701415,0,1,26,8,-99.34462888105273,-101.76456978594327,39.162438520712705,high,-0.02217691292123758,-0.06795972161907149,-0.08085774705800919,-0.0902189323217698,4726.138671875,4335.29052734375,0.005711737170141557,inf,977298964.48,0.1602399815120287,-1,-0.04656774046430566,downtrend,1,2025-09-11 12:47:24.097684,2025-09-13T15:30:02.412607
2025-08-26 01:00:00+00:00,ETH,crypto,1h,yahoo_finance,4339.03271484375,4421.5712890625,4324.99267578125,4419.22412109375,0,0.0,0.0,ETH-USD,ETH,Ethereum,0.0188359053845963,81.701171875,96.57861328125,80.19140625,4448.167333984375,4529.887036132813,4678.436005859375,0.0115236625847199,1.0785557206052556,33.10399896532431,-1.0,948018790.4,0.0,4705.87890625,4324.99267578125,0.2474005038106287,1,1,26,8,-73.14827955642748,-69.22339432078854,39.461112736781836,high,0.00998234818467969,-0.04159978143499998,-0.06087559887453298,-0.07443885131711314,4705.87890625,4324.99267578125,0.24740050381062872,-1.0,977298964.48,0.0,-1,-0.049219156056982856,downtrend,1,2025-09-11 12:47:24.097684,2025-09-13T15:30:02.412607
2025-08-26 02:00:00+00:00,ETH,crypto,1h,yahoo_finance,4422.55615234375,4449.60546875,4394.724609375,4397.22021484375,3420385280,0.0,0.0,ETH-USD,ETH,Ethereum,-0.004979133360757,-22.00390625,54.880859375,25.3359375,4427.651025390625,4518.1527099609375,4670.4202734375,0.0108603389106274,1.016472026463252,24.96037118087453,inf,1053751910.4,3.2459113442571463,4675.92529296875,4324.99267578125,0.2058159758456123,2,1,26,8,-79.41840241543876,-46.990258627870055,39.04757004948147,high,0.005709944342309425,-0.04457757481926239,-0.05066736804044214,-0.08353189872340794,4675.92529296875,4324.99267578125,0.2058159758456123,1.6405986649253568,1045706670.08,3.2708840613384718,1,-0.0519801717690372,downtrend,1,2025-09-11 12:47:24.097684,2025-09-13T15:30:02.412607
2025-08-26 03:00:00+00:00,ETH,crypto,1h,yahoo_finance,4397.7294921875,4409.068359375,4378.1953125,4398.353515625,288337920,0.0,0.0,ETH-USD,ETH,Ethereum,0.0002577311860398,1.13330078125,30.873046875,0.6240234375,4407.994970703125,4508.65556640625,4662.933056640625,0.0109148681884934,1.021575687226531,25.876369191949465,-0.9157001634622868,959672320.0,0.3004545551548261,4675.92529296875,4324.99267578125,0.2090453729598864,3,1,26,8,-79.09546270401135,-51.342976323277256,38.85821716090101,high,0.0018395584703772005,-0.04277785051066996,-0.04139725403170491,-0.07843772159018769,4675.92529296875,4324.99267578125,0.20904537295988646,0.3275813295615275,1049368248.32,0.2747728649705367,-1,-0.054673331750803376,downtrend,1,2025-09-11 12:47:24.097684,2025-09-13T15:30:02.412607
2025-08-26 04:00:00+00:00,ETH,crypto,1h,yahoo_finance,4402.38720703125,4440.1357421875,4402.38720703125,4439.8251953125,0,0.0,0.0,ETH-USD,ETH,Ethereum,0.0094289100546769,41.4716796875,37.74853515625,37.43798828125,4394.556640625,4500.374194335937,4656.24578125,0.0112381941955217,1.0518373433568609,28.544191307157877,-1.0,885949849.6,0.0,4675.92529296875,4324.99267578125,0.3272209931683154,4,1,26,8,-66.57385455930594,-22.63896817940395,37.9343883693782,high,0.013787220416578982,-0.02937848174083224,-0.03596333617367409,-0.07003572166779393,4675.92529296875,4324.99267578125,0.32722099316831543,-1.0,1049368248.32,0.0,-1,-0.05620174555191705,downtrend,1,2025-09-11 12:47:24.097684,2025-09-13T15:30:02.412607
2025-08-26 05:00:00+00:00,ETH,crypto,1h,yahoo_finance,4436.84228515625,4448.02099609375,4424.9697265625,4432.9892578125,1723789312,0.0,0.0,ETH-USD,ETH,Ethereum,-0.0015396861811625,-6.8359375,23.05126953125,3.85302734375,4394.2658203125,4491.522802734375,4649.107314453125,0.0111151110261198,1.0403173899138805,30.75975775380924,inf,879960268.8,1.9589399352663135,4675.92529296875,4324.99267578125,0.3077416482308581,5,1,26,8,-66.09602322633258,-7.366559037526725,36.891669324107184,high,0.022009407145832993,-0.0006556064811257256,-0.03840068888708825,-0.0745156268651741,4675.92529296875,4324.99267578125,0.3077416482308581,10.007428137995973,1083844034.56,1.5904403742922235,1,-0.05481514555458299,downtrend,1,2025-09-11 12:47:24.097684,2025-09-13T15:30:02.412607
2025-08-26 06:00:00+00:00,ETH,crypto,1h,yahoo_finance,4432.78173828125,4438.7646484375,4409.193359375,4413.57958984375,0,0.0,0.0,ETH-USD,ETH,Ethereum,-0.0043784604112322,-19.40966796875,29.5712890625,19.2021484375,4398.069189453125,4484.92626953125,4641.620517578125,0.0111200898011149,1.0407833777205382,30.0613212217217,-1.0,879960268.8,0.0,4675.92529296875,4324.99267578125,0.2524328310445103,6,1,26,8,-67.40922506507341,-11.130907859998198,36.15566129369479,high,-0.0012772674784828908,0.008692330577501517,-0.02902439037490312,-0.07818424034529448,4675.92529296875,4324.99267578125,0.2524328310445103,,1083844034.56,0.0,-1,-0.05247118483785037,downtrend,1,2025-09-11 12:47:24.097684,2025-09-13T15:30:02.412607
2025-08-26 07:00:00+00:00,ETH,crypto,1h,yahoo_finance,4414.7939453125,4447.84326171875,4396.162109375,4426.15283203125,0,0.0,0.0,ETH-USD,ETH,Ethereum,0.0028487629896678,12.5732421875,51.68115234375,11.35888671875,4403.458984375,4476.469946289062,4634.524638671875,0.0112242459504533,1.0505318591498871,32.36799064586201,,744812339.2,0.0,4675.92529296875,4324.99267578125,0.2882609119116194,7,1,26,8,-62.50635674122227,10.248707718053172,35.6628512470311,high,0.006579751700820369,0.012327266059127817,-0.036804392925314455,-0.07420997593903778,4675.92529296875,4324.99267578125,0.28826091191161946,-1.0,1083844034.56,0.0,-1,-0.049857465934864974,downtrend,1,2025-09-11 12:47:24.097684,2025-09-13T15:30:02.412607
2025-08-26 08:00:00+00:00,ETH,crypto,1h,yahoo_finance,4428.9150390625,4444.97998046875,4407.00390625,4423.353515625,0,0.0,0.0,ETH-USD,ETH,Ethereum,-0.000632449107042,-2.79931640625,37.97607421875,5.5615234375,4406.7666015625,4465.412573242187,4627.837216796875,0.0112216613210739,1.050289951094847,33.62616582699917,,744812339.2,0.0,4675.92529296875,4324.99267578125,0.2802841201597306,8,1,26,8,-60.75813744187542,47.557379614139066,35.20524191798624,high,0.005683945119733691,0.007533959539500978,-0.04761490245205546,-0.07027962339205773,4675.92529296875,4324.99267578125,0.28028412015973064,-1.0,1083844034.56,0.0,-1,-0.047769747482040235,downtrend,1,2025-09-11 12:47:24.097684,2025-09-13T15:30:02.412607
2025-08-26 09:00:00+00:00,ETH,crypto,1h,yahoo_finance,4421.24755859375,4441.080078125,4410.62890625,4420.09130859375,1040314368,0.0,0.0,ETH-USD,ETH,Ethereum,-0.0007374963406669,-3.26220703125,30.451171875,1.15625,4410.83125,4454.903735351562,4621.03427734375,0.0078388360449751,0.7336748535491786,47.57283882858039,inf,653691289.6,1.5914459692993284,4675.92529296875,4324.99267578125,0.2709882984792197,9,1,26,8,-23.68469516901966,65.7809338453913,34.78031896958745,normal,-0.00444474407226314,0.009281195678096266,-0.04539192003533976,-0.07145587102142503,4675.92529296875,4324.99267578125,0.27098829847921974,inf,1104650321.92,0.9417589868546118,1,-0.04548830731993137,downtrend,1,2025-09-11 12:47:24.097684,2025-09-13T15:30:02.412607
2025-08-26 10:00:00+00:00,ETH,crypto,1h,yahoo_finance,4420.2021484375,4448.71044921875,4420.2021484375,4440.94970703125,0,0.0,0.0,ETH-USD,ETH,Ethereum,0.0047189971838241,20.8583984375,28.50830078125,20.74755859375,4421.17392578125,4444.261547851563,4614.339716796875,0.0069076226654898,0.6465180568134138,61.4295685593216,-1.0,636801638.4,0.0,4668.53369140625,4324.99267578125,0.3375347512408111,10,1,26,8,-6.946126085883224,89.71314655201527,34.14664606550321,normal,0.001795729417733316,0.023844659503445165,-0.045735538537582054,-0.07009016226836262,4668.53369140625,4324.99267578125,0.33753475124081117,-1.0,1104650321.92,0.0,-1,-0.041862065402873044,downtrend,1,2025-09-11 12:47:24.097684,2025-09-13T15:30:02.412607
2025-08-26 11:00:00+00:00,ETH,crypto,1h,yahoo_finance,4441.60302734375,4457.98583984375,4410.13232421875,4424.55615234375,25485312,0.0,0.0,ETH-USD,ETH,Ethereum,-0.0036914524525113,-16.3935546875,47.853515625,17.046875,4421.70712890625,4434.937231445312,4607.37078125,0.0070115569113658,0.6562457692166719,58.73962346667189,inf,634358784.0,0.0401749177954159,4643.529296875,4324.99267578125,0.3125652435837103,11,1,26,8,-25.13639534456805,66.3656804492907,33.746106669367244,normal,0.0024869977478729766,0.0012065537080478972,-0.04044342009749646,-0.07300367975398747,4643.529296875,4324.99267578125,0.3125652435837103,inf,1105160028.16,0.02306029113487839,-1,-0.040297093756664994,downtrend,1,2025-09-11 12:47:24.097684,2025-09-13T15:30:02.412607
2025-08-26 12:00:00+00:00,ETH,crypto,1h,yahoo_finance,4426.447265625,4532.84326171875,4407.42529296875,4502.62158203125,1433096192,0.0,0.0,ETH-USD,ETH,Ethereum,0.0176436747550705,78.0654296875,125.41796875,76.17431640625,4432.247265625,4429.949145507812,4602.54361328125,0.0083055157267572,0.7773536784692898,65.63541002678829,55.23224043715847,649525452.8,2.206374185679949,4596.80859375,4324.99267578125,0.6534897131021647,12,1,26,8,-14.540098384224697,194.9516300763905,31.342310378704777,normal,0.017276572432521897,0.023969999690189647,-0.021676099583679997,-0.0508767742341214,4596.80859375,4324.99267578125,0.6534897131021647,inf,1133821952.0,1.2639517072959265,1,-0.03700048537613794,downtrend,1,2025-09-11 12:47:24.097684,2025-09-13T15:30:02.412607
2025-08-26 13:00:00+00:00,ETH,crypto,1h,yahoo_finance,4496.22509765625,4511.59326171875,4447.1923828125,4478.4541015625,850923520,0.0,0.0,ETH-USD,ETH,Ethereum,-0.0053674242945922,-24.16748046875,64.40087890625,17.77099609375,4440.25732421875,4424.126147460937,4597.18015625,0.0084559636621954,0.791434833677287,63.28637008750077,-0.4062341908727924,692071628.8,1.229530997355631,4594.798828125,4324.99267578125,0.5687840119588173,13,1,26,8,-26.16743172069029,174.3348295207397,29.110213823089627,normal,0.012456744807500364,0.018211493381090404,-0.025345405671011956,-0.056497562208031815,4594.798828125,4324.99267578125,0.5687840119588173,inf,1129275023.36,0.7535130968080708,1,-0.03413458396184654,downtrend,1,2025-09-11 12:47:24.097684,2025-09-13T15:30:02.412607
2025-08-26 14:00:00+00:00,ETH,crypto,1h,yahoo_finance,4479.0673828125,4557.125,4456.5830078125,4553.2109375,0,0.0,0.0,ETH-USD,ETH,Ethereum,0.0166925537790858,74.7568359375,100.5419921875,74.1435546875,4451.5958984375,4423.07626953125,4593.16154296875,0.0086895012701327,0.8132927561186545,76.59976515219944,-1.0,689938432.0,0.0,4575.6455078125,4324.99267578125,0.9104954445130586,14,1,26,8,-1.6861341965936556,230.047357926223,27.98968404546164,normal,0.030116940943602843,0.02553833477660583,-0.00459042446615221,-0.04226434147364522,4575.6455078125,4324.99267578125,0.9104954445130586,-1.0,1118005862.4,0.0,-1,-0.03082095920357071,downtrend,1,2025-09-11 12:47:24.097684,2025-09-13T15:30:02.412607
2025-08-26 15:00:00+00:00,ETH,crypto,1h,yahoo_finance,4554.83740234375,4575.8388671875,4509.2294921875,4520.0556640625,0,0.0,0.0,ETH-USD,ETH,Ethereum,-0.0072817345588879,-33.1552734375,66.609375,34.78173828125,4460.3025390625,4427.2841796875,4588.199541015625,0.0079144633939137,0.7407531855666556,64.12656672636452,,689938432.0,0.0,4575.8388671875,4324.99267578125,0.7776198920450895,15,1,26,8,-28.224144831436803,178.46841443911174,27.29795911584073,normal,0.017812846857059306,0.019640563327907534,0.01897208036617104,-0.052032716642381405,4575.8388671875,4324.99267578125,0.7776198920450895,,1117167288.32,0.0,-1,-0.027875204818318452,downtrend,1,2025-09-11 12:47:24.097684,2025-09-13T15:30:02.412607
2025-08-26 16:00:00+00:00,ETH,crypto,1h,yahoo_finance,4520.8603515625,4553.92626953125,4502.1533203125,4553.92626953125,2055610368,0.0,0.0,ETH-USD,ETH,Ethereum,0.00749340450341,33.87060546875,51.77294921875,33.06591796875,4474.33720703125,4436.203198242188,4583.3726953125,0.0078132066547501,0.7312760740604958,71.24810978726335,inf,718728192.0,2.860066421326632,4575.8388671875,4324.99267578125,0.912645284612824,16,1,26,8,-11.086927520048224,136.71175297863422,26.465930868624103,normal,0.029239117491812294,0.031798832859037285,0.04076756940372839,-0.05032925318026904,4575.8388671875,4324.99267578125,0.9126452846128241,79.65863066538091,1158279495.68,1.7747101417807598,1,-0.02378935677492744,downtrend,1,2025-09-11 12:47:24.097684,2025-09-13T15:30:02.412607
2025-08-26 17:00:00+00:00,ETH,crypto,1h,yahoo_finance,4555.509765625,4555.509765625,4508.48681640625,4517.3017578125,653844480,0.0,0.0,ETH-USD,ETH,Ethereum,-0.0080424033133325,-36.62451171875,47.02294921875,38.2080078125,4483.452099609375,4443.455541992187,4577.78216796875,0.0082989067989772,0.776735116721947,64.71242625849749,-0.6819219779300121,686655078.4,0.9522167687502536,4575.8388671875,4324.99267578125,0.7666414265776191,17,1,26,8,-32.57912157792042,99.35423741942681,25.725755046086626,normal,0.0032603618833602077,0.02059326219411628,0.03317438687533625,-0.05827316716449993,4575.8388671875,4324.99267578125,0.7666414265776191,-0.5437539478159468,1144238899.2,0.571423048505988,0,-0.02060606313236422,downtrend,1,2025-09-11 12:47:24.097684,2025-09-13T15:30:02.412607
2025-08-26 18:00:00+00:00,ETH,crypto,1h,yahoo_finance,4521.13818359375,4564.30859375,4521.13818359375,4545.64990234375,401350656,0.0,0.0,ETH-USD,ETH,Ethereum,0.0062754595665925,28.34814453125,43.17041015625,24.51171875,4495.68173828125,4451.224169921875,4572.12640625,0.0081208850935626,0.7600731980519707,63.52839834460029,-0.3861680135312911,695863091.2,0.5767666960290708,4575.8388671875,4324.99267578125,0.8796514921175007,18,1,26,8,-16.80181967400225,105.03717862939007,25.2253976330205,normal,0.015004240136748503,0.027647888934662745,0.03539014655075001,-0.05856719846539071,4575.8388671875,4324.99267578125,0.8796514921175007,-0.5283352186574888,1116758056.96,0.3593890847696616,0,-0.016719718830225803,sideways,1,2025-09-11 12:47:24.097684,2025-09-13T15:30:02.412607
2025-08-26 19:00:00+00:00,ETH,crypto,1h,yahoo_finance,4548.7119140625,4595.7841796875,4531.6201171875,4586.919921875,0,0.0,0.0,ETH-USD,ETH,Ethereum,0.0090790140943259,41.27001953125,64.1640625,38.2080078125,4512.364599609375,4461.597924804688,4565.859365234375,0.0082877493304715,0.7756908348891675,68.08588514989627,-1.0,602486988.8,0.0,4595.7841796875,4324.99267578125,0.9672653769242004,19,1,26,8,-4.4405199277932415,121.72404297477864,25.383658260832558,normal,0.007403343450964384,0.03774325045206517,0.0473747486231344,-0.06394584882834453,4595.7841796875,4324.99267578125,0.9672653769242004,,1090991595.52,0.0,-1,-0.011716253468585444,sideways,1,2025-09-11 12:47:24.097684,2025-09-13T15:30:02.412607
2025-08-26 20:00:00+00:00,ETH,crypto,1h,yahoo_finance,4589.04638671875,4611.60205078125,4573.8134765625,4586.8115234375,0,0.0,0.0,ETH-USD,ETH,Ethereum,-2.3632075411450515e-05,-0.1083984375,37.78857421875,2.23486328125,4526.95078125,4474.062353515625,4558.901005859375,0.0080901900507669,0.7572002994610814,71.32067398471408,,594656870.4,0.0,4611.60205078125,4324.99267578125,0.9135041296407348,20,1,26,8,-11.506931900340192,123.18999661573793,25.815035286309683,normal,0.014768813558150296,0.03284473502938123,0.05747256605608286,-0.07050395959916589,4611.60205078125,4324.99267578125,0.9135041296407349,,1014088826.88,0.0,-1,-0.007008317260741327,sideways,1,2025-09-11 12:47:24.097684,2025-09-13T15:30:02.412607
2025-08-26 21:00:00+00:00,ETH,crypto,1h,yahoo_finance,4579.64208984375,4603.154296875,4569.92138671875,4602.2626953125,0,0.0,0.0,ETH-USD,ETH,Ethereum,0.0033686084104498,15.451171875,33.23291015625,22.62060546875,4544.721435546875,4483.214282226562,4554.918203125,0.0080917032511153,0.7573419272534749,71.52241135885981,,594656870.4,0.0,4611.60205078125,4378.1953125,0.959986778712891,21,1,26,8,-4.564731263886668,108.84925323090073,26.081047415665076,normal,0.010614231087721526,0.04016369932939301,0.04141871269779562,-0.041475407018598975,4611.60205078125,4378.1953125,0.959986778712891,-1.0,881832017.92,0.0,-1,-0.0022386280331290046,sideways,1,2025-09-11 12:47:24.097684,2025-09-13T15:30:02.412607
2025-08-26 22:00:00+00:00,ETH,crypto,1h,yahoo_finance,4605.26904296875,4607.775390625,4580.8203125,4599.57373046875,957022208,0.0,0.0,ETH-USD,ETH,Ethereum,-0.0005842701779037,-2.68896484375,26.955078125,5.6953125,4554.416650390625,4493.331958007812,4551.11353515625,0.0080901315967841,0.7571948284680616,71.54170770286805,inf,471488716.8,2.029788145292897,4611.60205078125,4378.1953125,0.9484662679360776,22,1,26,8,-5.891131018715593,104.61624392619102,26.4186374931177,normal,0.018212636008644756,0.021532377676243053,0.0460185084526612,-0.03971629615093497,4611.60205078125,4378.1953125,0.9484662679360776,0.46368477103301386,804674928.64,1.1893277321532632,1,0.0007257817694196853,sideways,1,2025-09-11 12:47:24.097684,2025-09-13T15:30:02.412607
2025-08-26 23:00:00+00:00,ETH,crypto,1h,yahoo_finance,4599.33154296875,4630.951171875,4591.65576171875,4600.642578125,0,0.0,0.0,ETH-USD,ETH,Ethereum,0.00023237972014,1.06884765625,39.29541015625,1.31103515625,4566.635498046875,4503.4464111328125,4547.46943359375,0.0080613847755778,0.7545042734267915,72.19014310181556,-1.0,457071820.8,0.0,4630.951171875,4396.162109375,0.8709113898778824,23,1,26,8,-13.559322033898304,111.65678977748682,27.169965112751623,normal,0.01209786872343499,0.02728362818765273,0.045991997182894595,-0.03809552200286015,4630.951171875,4396.162109375,0.8709113898778824,-1.0,750654341.12,0.0,-1,0.004214665922004529,sideways,1,2025-09-11 12:47:24.097684,2025-09-13T15:30:02.412607
2025-08-27 00:00:00+00:00,ETH,crypto,1h,yahoo_finance,4601.0361328125,4601.0361328125,4566.0205078125,4569.529296875,0,0.0,0.0,ETH-USD,ETH,Ethereum,-0.0067628120901929,-31.11328125,35.015625,31.5068359375,4568.267333984375,4509.931616210937,4543.29521484375,0.0084367293269915,0.7896345985425283,65.41416672032406,,457071820.8,0.0,4630.951171875,4396.162109375,0.7383955012810701,0,2,27,8,-27.478641533833862,60.02755635189902,26.93393250481435,normal,-0.0037913513416845124,0.003583923433154057,0.029213785646209578,-0.04367945671683038,4630.951171875,4396.162109375,0.7383955012810701,,729926369.28,0.0,-1,0.00549647732752141,sideways,1,2025-09-11 12:47:24.097684,2025-09-13T15:30:02.412607
2025-08-27 01:00:00+00:00,ETH,crypto,1h,yahoo_finance,4570.443359375,4572.9150390625,4542.96826171875,4564.4287109375,548433920,0.0,0.0,ETH-USD,ETH,Ethereum,-0.0011162169243532,-5.1005859375,29.94677734375,6.0146484375,4572.704638671875,4516.503588867187,4539.040546875,0.0083287466356046,0.7795279724012717,67.23461808275485,inf,398304051.2,1.3769227763255047,4630.951171875,4396.162109375,0.7166713805610089,1,2,27,8,-29.760518675960775,16.934141275894177,25.966081200051832,normal,-0.004879819540355879,0.009816924872805277,0.029650298135362574,-0.04453133336631365,4630.951171875,4396.162109375,0.7166713805610089,inf,716347719.68,0.7655973557715675,1,0.007416565560325744,sideways,1,2025-09-11 12:47:24.097684,2025-09-13T15:30:02.412607
2025-08-27 02:00:00+00:00,ETH,crypto,1h,yahoo_finance,4563.1328125,4585.419921875,4548.50439453125,4577.78271484375,0,0.0,0.0,ETH-USD,ETH,Ethereum,0.0029256681946308,13.35400390625,36.91552734375,14.64990234375,4575.090283203125,4524.713745117188,4536.54609375,0.0070712139748471,0.6618293644164784,61.018169636721794,-1.0,398304051.2,0.0,4630.951171875,4396.162109375,0.7735479818986457,2,2,27,8,-28.933830758520266,28.917218820766585,25.35879521507862,normal,-0.005319118461812988,0.005238654273371779,0.037204070224054364,-0.026522597298169748,4630.951171875,4396.162109375,0.7735479818986457,,711906590.72,0.0,-1,0.008496373376703331,sideways,1,2025-09-11 12:47:24.097684,2025-09-13T15:30:02.412607
2025-08-27 03:00:00+00:00,ETH,crypto,1h,yahoo_finance,4578.81103515625,4623.99853515625,4549.78271484375,4608.80322265625,0,0.0,0.0,ETH-USD,ETH,Ethereum,0.0067763172139896,31.0205078125,74.2158203125,29.9921875,4584.2404296875,4533.846264648438,4534.077216796875,0.0069465200118826,0.6501586489567451,68.73202790490105,,398304051.2,0.0,4630.951171875,4407.00390625,0.9011019439914182,3,2,27,8,-12.701830828941548,76.01684422403342,25.592677572182613,normal,0.0020065972910405794,0.020255778725762896,0.04126617348212491,-0.026085672582623287,4630.951171875,4407.00390625,0.9011019439914182,-1.0,711906590.72,0.0,-1,0.011063599160771015,sideways,1,2025-09-11 12:47:24.097684,2025-09-13T15:30:02.412607
2025-08-27 04:00:00+00:00,ETH,crypto,1h,yahoo_finance,4606.1474609375,4640.45849609375,4601.2119140625,4631.9560546875,1746046976,0.0,0.0,ETH-USD,ETH,Ethereum,0.0050236104499827,23.15283203125,39.24658203125,25.80859375,4592.871044921875,4544.276391601563,4531.36236328125,0.00563348359556,0.5272651740935057,63.28685501863636,inf,485606400.0,3.595601244135168,4640.45849609375,4407.42529296875,0.9635140345142608,4,2,27,8,-6.147594519309866,140.49143771931725,26.108263009201863,normal,0.006806326731702228,0.018986537502426293,0.04715936411720989,-0.028471319908232595,4640.45849609375,4407.42529296875,0.9635140345142608,inf,699469496.32,2.496244632805548,1,0.013573993141454686,sideways,1,2025-09-11 12:47:24.097684,2025-09-13T15:30:02.412607
2025-08-27 05:00:00+00:00,ETH,crypto,1h,yahoo_finance,4630.076171875,4641.15625,4611.6572265625,4611.6572265625,0,0.0,0.0,ETH-USD,ETH,Ethereum,-0.0043823447125448,-20.298828125,29.4990234375,18.4189453125,4595.344775390625,4553.8546875,4529.023681640625,0.0053418429529208,0.4999691055764828,66.1571480738888,-1.0,433590681.6,0.0,4641.15625,4407.42529296875,0.8737906873262151,5,2,27,8,-21.221871728760213,115.51687398107924,26.59981217765117,normal,0.009219314933883949,0.005393009930155568,0.043339810106704846,-0.02472915809381404,4641.15625,4407.42529296875,0.8737906873262151,,699469496.32,0.0,-1,0.014643574070686952,sideways,1,2025-09-11 12:47:24.097684,2025-09-13T15:30:02.412607
2025-08-27 06:00:00+00:00,ETH,crypto,1h,yahoo_finance,4612.95068359375,4612.95068359375,4585.1064453125,4586.044921875,0,0.0,0.0,ETH-USD,ETH,Ethereum,-0.0055538179507307,-25.6123046875,27.84423828125,26.90576171875,4595.268115234375,4561.109448242188,4526.362607421875,0.0053440174481505,0.5001726271784215,55.835247988503205,,433590681.6,0.0,4641.15625,4407.42529296875,0.7642104031703786,6,2,27,8,-41.54033572929663,33.73656748316395,26.12089828026014,normal,0.004735797688263155,-0.0001671316901911135,0.03267211394311098,-0.02819472981818194,4641.15625,4407.42529296875,0.7642104031703786,-1.0,682100326.4,0.0,-1,0.01522315240487271,sideways,1,2025-09-11 12:47:24.097684,2025-09-13T15:30:02.412607
2025-08-27 07:00:00+00:00,ETH,crypto,1h,yahoo_finance,4586.34716796875,4590.55810546875,4565.986328125,4576.01953125,0,0.0,0.0,ETH-USD,ETH,Ethereum,-0.0021860646364757,-10.025390625,24.57177734375,10.32763671875,4592.643798828125,4568.6826171875,4523.769287109375,0.0048267920115763,0.4517629788258779,61.80905805640663,,432316416.0,0.0,4641.15625,4407.42529296875,0.7213175371489572,7,2,27,8,-54.27242806055404,-37.7036936494967,25.068621866603486,normal,-0.00038516104926356043,-0.0057022307938287,0.03423244585245411,-0.02755518071349028,4641.15625,4407.42529296875,0.7213175371489572,,682100326.4,0.0,-1,0.015225027482062385,sideways,1,2025-09-11 12:47:24.097684,2025-09-13T15:30:02.412607
2025-08-27 08:00:00+00:00,ETH,crypto,1h,yahoo_finance,4578.94140625,4592.39892578125,4561.494140625,4592.39892578125,533225472,0.0,0.0,ETH-USD,ETH,Ethereum,0.0035793978630103,16.37939453125,30.90478515625,13.45751953125,4591.926318359375,4573.171484375,4522.979130859375,0.0046477383940982,0.435004478478762,59.877478087189054,inf,387322880.0,1.376694999272958,4641.15625,4447.1923828125,0.7486267678318791,8,2,27,8,-44.512548477689116,-37.42195320367303,23.951206192983744,normal,-0.003559339829125041,-0.0015598846997434412,0.01993890495001338,-0.008529492222604684,4641.15625,4447.1923828125,0.7486267678318791,inf,666650378.24,0.7998577506364725,1,0.015243755388917708,sideways,1,2025-09-11 12:47:24.097684,2025-09-13T15:30:02.412607
2025-08-27 09:00:00+00:00,ETH,crypto,1h,yahoo_finance,4594.5009765625,4617.306640625,4590.88720703125,4592.3837890625,0,0.0,0.0,ETH-USD,ETH,Ethereum,-3.296037429323384e-06,-0.01513671875,26.41943359375,2.1171875,4591.100439453125,4578.86796875,4523.06087890625,0.0039803458906482,0.3725399627752662,51.3981977119038,-1.0,344776704.0,0.0,4641.15625,4456.5830078125,0.7357555171081941,9,2,27,8,-49.6725330575019,39.90837383845104,23.529934924929172,normal,-0.008543316291818703,-0.0017951381621708062,0.025439512143319964,0.0008908322390814849,4641.15625,4456.5830078125,0.7357555171081941,-1.0,623251783.68,0.0,-1,0.015042813344428798,sideways,1,2025-09-11 12:47:24.097684,2025-09-13T15:30:02.412607
2025-08-27 10:00:00+00:00,ETH,crypto,1h,yahoo_finance,4587.2314453125,4611.1142578125,4573.36083984375,4583.67919921875,0,0.0,0.0,ETH-USD,ETH,Ethereum,-0.0018954404169096,-8.70458984375,37.75341796875,3.55224609375,4592.5154296875,4580.391381835938,4522.62541015625,0.0040158221598635,0.3758603596392471,49.23222018225645,,344776704.0,0.0,4641.15625,4502.1533203125,0.5865047527381814,10,2,27,8,-58.53776188652785,-13.38145153704574,22.57100988149762,normal,-0.006066805482116133,0.003096577661385602,0.006691598991782843,-0.004727751910073463,4641.15625,4502.1533203125,0.5865047527381814,,593762795.52,0.0,-1,0.015453417692807616,sideways,1,2025-09-11 12:47:24.097684,2025-09-13T15:30:02.412607
2025-08-27 11:00:00+00:00,ETH,crypto,1h,yahoo_finance,4582.48681640625,4613.203125,4582.48681640625,4612.13720703125,1022992384,0.0,0.0,ETH-USD,ETH,Ethereum,0.0062085513788465,28.4580078125,30.71630859375,29.650390625,4597.286279296875,4584.995458984375,4522.6678125,0.0042652970651214,0.39920993137785,52.27530991154386,inf,395926323.2,2.583794822561573,4641.15625,4502.1533203125,0.7912343068308756,11,2,27,8,-29.554575337288462,46.11302261653186,21.73559392518946,normal,0.00568949620004644,0.010452238191261287,0.02037177190114292,0.0004598935635555801,4641.15625,4502.1533203125,0.7912343068308756,inf,577351024.64,1.7718724663871068,1,0.01649877238178777,sideways,1,2025-09-11 12:47:24.097684,2025-09-13T15:30:02.412607
2025-08-27 12:00:00+00:00,ETH,crypto,1h,yahoo_finance,4609.71923828125,4622.78173828125,4582.29296875,4615.88818359375,0,0.0,0.0,ETH-USD,ETH,Ethereum,0.0008132838192198,3.7509765625,40.48876953125,6.1689453125,4601.096826171875,4588.0935546875,4524.07537109375,0.0042628527223063,0.3989811534257933,53.74090860234317,-1.0,293145804.8,0.0,4641.15625,4508.48681640625,0.8095411601467758,12,2,27,8,-25.734376320932522,60.272158811866795,21.21826642582338,normal,0.008712517958344268,0.008324001186522212,0.01360626202428139,0.01548295477433359,4641.15625,4508.48681640625,0.8095411601467758,,577351024.64,0.0,-1,0.017024794849849017,sideways,1,2025-09-11 12:47:24.097684,2025-09-13T15:30:02.412607
2025-08-27 13:00:00+00:00,ETH,crypto,1h,yahoo_finance,4616.11083984375,4650.4208984375,4584.193359375,4597.546875,165478400,0.0,0.0,ETH-USD,ETH,Ethereum,-0.0039735166590344,-18.34130859375,66.2275390625,18.56396484375,4599.97119140625,4592.105810546875,4524.12072265625,0.0044106931178457,0.4128182562716375,49.34225542068679,inf,268727500.8,0.615785133666528,4650.4208984375,4521.13818359375,0.5910201645950651,13,2,27,8,-49.2068180475591,75.24622175430218,21.4220173767942,normal,0.0011209716973519246,-0.002442358050982807,0.01776394881053034,0.0004934581727256138,4650.4208984375,4521.13818359375,0.5910201645950651,-0.6896652378977124,526601420.8,0.31423842295869475,0,0.016765792382628056,sideways,1,2025-09-11 12:47:24.097684,2025-09-13T15:30:02.412607
2025-08-27 14:00:00+00:00,ETH,crypto,1h,yahoo_finance,4595.57568359375,4656.45068359375,4588.2373046875,4608.3876953125,0,0.0,0.0,ETH-USD,ETH,Ethereum,0.0023579575384971,10.8408203125,68.21337890625,12.81201171875,4597.61435546875,4595.242700195313,4523.39845703125,0.0039951835512299,0.3739286917130575,59.03453881643477,-1.0,248659968.0,0.0,4656.45068359375,4531.6201171875,0.6149742033146491,14,2,27,8,-42.35280450234928,91.15522425832435,21.750281719069076,normal,0.0034848799632374305,-0.005088208760346324,0.013801721275631396,-0.007775492228818126,4656.45068359375,4531.6201171875,0.6149742033146491,,526601420.8,0.0,-1,0.01640711052596695,sideways,1,2025-09-11 12:47:24.097684,2025-09-13T15:30:02.412607
2025-08-27 15:00:00+00:00,ETH,crypto,1h,yahoo_finance,4613.38232421875,4659.3271484375,4613.38232421875,4659.3271484375,0,0.0,0.0,ETH-USD,ETH,Ethereum,0.0110536388196709,50.939453125,45.94482421875,45.94482421875,4602.38134765625,4598.863061523438,4523.979638671875,0.0048274131933896,0.4518211182579668,68.18719469970617,,248659968.0,0.0,4659.3271484375,4542.96826171875,1.0,15,2,27,8,-0.0,176.05727840742009,22.123805652460025,normal,0.016503761701221142,0.010336831107140343,0.015785587670102963,0.006275896257947,4659.3271484375,4542.96826171875,1.0,,469346713.6,0.0,-1,0.017330252398614104,sideways,1,2025-09-11 12:47:24.097684,2025-09-13T15:30:02.412607
2025-08-27 16:00:00+00:00,ETH,crypto,1h,yahoo_finance,4658.095703125,4658.095703125,4610.75634765625,4634.93603515625,0,0.0,0.0,ETH-USD,ETH,Ethereum,-0.0052349003416576,-24.39111328125,47.33935546875,23.15966796875,4607.270458984375,4601.269287109375,4523.602490234375,0.005123265212145,0.4795113499820651,60.50880387277031,,248659968.0,0.0,4659.3271484375,4542.96826171875,0.7903803141378832,16,2,27,8,-22.265954080063477,116.37233616328498,22.35617505753938,normal,0.004943224171701344,0.01066084482688856,0.010491931371682695,-0.004052053888749407,4659.3271484375,4542.96826171875,0.7903803141378832,-1.0,462590853.12,0.0,-1,0.018495871140451384,sideways,1,2025-09-11 12:47:24.097684,2025-09-13T15:30:02.412607
2025-08-27 17:00:00+00:00,ETH,crypto,1h,yahoo_finance,4634.23291015625,4644.77587890625,4615.6298828125,4632.57763671875,0,0.0,0.0,ETH-USD,ETH,Ethereum,-0.0005088308489289,-2.3583984375,29.14599609375,1.6552734375,4612.92626953125,4602.785034179688,4524.033193359375,0.0048426585775279,0.4532480080297143,54.88645441517099,,248659968.0,0.0,4659.3271484375,4542.96826171875,0.7701120002685656,17,2,27,8,-27.342010960162106,85.7013365110626,22.57194664797021,normal,0.0036156536859621724,0.012359673091976608,0.006586964589641253,0.004670344361653145,4659.3271484375,4542.96826171875,0.7701120002685656,,461104005.12,0.0,-1,0.019649076912688645,sideways,1,2025-09-11 12:47:24.097684,2025-09-13T15:30:02.412607
2025-08-27 18:00:00+00:00,ETH,crypto,1h,yahoo_finance,4632.20849609375,4641.33056640625,4597.7197265625,4597.7197265625,0,0.0,0.0,ETH-USD,ETH,Ethereum,-0.0075245172104529,-34.85791015625,43.61083984375,34.48876953125,4613.458349609375,4602.692333984375,4523.939921875,0.0050725495928046,0.4747646280990301,43.28630028380692,,200808857.6,0.0,4659.3271484375,4542.96826171875,0.4705396071388106,18,2,27,8,-62.97202064263683,14.153272852997288,21.95939643917131,normal,3.759647638168495e-05,0.0011586103183196528,-0.0004030816799323045,-0.0010132954849628728,4659.3271484375,4542.96826171875,0.47053960713881066,-1.0,438508748.8,0.0,-1,0.0197877136479019,sideways,1,2025-09-11 12:47:24.097684,2025-09-13T15:30:02.412607
2025-08-27 19:00:00+00:00,ETH,crypto,1h,yahoo_finance,4593.02294921875,4597.5283203125,4545.83251953125,4572.82373046875,688402432,0.0,0.0,ETH-USD,ETH,Ethereum,-0.0054148572715118,-24.89599609375,51.69580078125,20.19921875,4611.50234375,4601.3013916015625,4523.498115234375,0.0051401143658689,0.481088344362339,42.51967170866872,inf,235228979.2,2.926520509255349,4659.3271484375,4542.96826171875,0.2565809075001154,19,2,27,8,-76.21807199370153,-130.42332299596617,21.188207099924487,normal,-0.007717225024258423,-0.004259238663879894,-0.006046730904183284,-0.004807561519274861,4659.3271484375,4542.96826171875,0.2565809075001154,inf,452276797.44,1.5220821317753426,1,0.019454905534113463,sideways,1,2025-09-11 12:47:24.097684,2025-09-13T15:30:02.412607
2025-08-27 20:00:00+00:00,ETH,crypto,1h,yahoo_finance,4566.44189453125,4609.822265625,4534.869140625,4588.95703125,0,0.0,0.0,ETH-USD,ETH,Ethereum,0.0035280828066373,16.13330078125,74.953125,22.51513671875,4612.030126953125,4602.272778320313,4523.7930859375,0.0050377557929889,0.4715081068709104,50.58220809546495,-1.0,235228979.2,0.0,4659.3271484375,4534.869140625,0.4345874691043195,20,2,27,8,-56.541253089568045,-96.18654315616841,20.048794780454376,normal,-0.015103064229155638,0.0011514400990693119,0.0042515832841441,0.0032242813524667735,4659.3271484375,4534.869140625,0.4345874691043195,,451423518.72,0.0,-1,0.0195051009936584,sideways,1,2025-09-11 12:47:24.097684,2025-09-13T15:30:02.412607
2025-08-27 21:00:00+00:00,ETH,crypto,1h,yahoo_finance,4594.4140625,4594.4140625,4517.92529296875,4517.92529296875,1959813120,0.0,0.0,ETH-USD,ETH,Ethereum,-0.015478841444262,-71.03173828125,76.48876953125,76.48876953125,4602.608935546875,4599.947607421875,4525.433642578125,0.0065259208753893,0.6107927267587102,40.66303684183266,inf,305797939.2,6.40884999136057,4659.3271484375,4517.92529296875,0.0,21,2,27,8,-100.0,-186.9992029428309,19.487099580417986,normal,-0.02524538446700597,-0.020426953890025912,-0.01018822308634515,0.018491823301504784,4659.3271484375,4517.92529296875,0.0,inf,490619781.12,3.9945660477163925,1,0.01705367906461744,sideways,1,2025-09-11 12:47:24.097684,2025-09-13T15:30:02.412607
2025-08-27 22:00:00+00:00,ETH,crypto,1h,yahoo_finance,4522.6865234375,4533.03759765625,4489.2998046875,4523.09619140625,705343488,0.0,0.0,ETH-USD,ETH,Ethereum,0.0011445294249436,5.1708984375,43.73779296875,0.40966796875,4593.329736328125,4597.21328125,4528.3846484375,0.0064293085290643,0.6017503066041912,38.44529400463061,-0.6400965577779172,341065113.6,2.0680610823985486,4659.3271484375,4489.2998046875,0.1987703034897879,22,2,27,8,-80.12296965102121,-204.16875820017142,19.703832684152506,normal,-0.023632943449177768,-0.0201027383023078,-0.011946072333266389,0.03372157358043948,4659.3271484375,4489.2998046875,0.19877030348978794,inf,475130347.52,1.4845262814333482,1,0.014341778124575726,sideways,1,2025-09-11 12:47:24.097684,2025-09-13T15:30:02.412607
2025-08-27 23:00:00+00:00,ETH,crypto,1h,yahoo_finance,4524.36376953125,4537.6728515625,4494.2412109375,4498.1181640625,0,0.0,0.0,ETH-USD,ETH,Ethereum,-0.0055223294590125,-24.97802734375,43.431640625,26.24560546875,4583.386865234375,4591.679028320313,4530.9019140625,0.0065275667899753,0.61094677592314,35.49101304979122,-1.0,341065113.6,0.0,4659.3271484375,4489.2998046875,0.0518643600523812,23,2,27,8,-94.81356399476188,-159.65729522760745,19.72906493357701,normal,-0.02166325231278665,-0.021626470298358846,-0.024016008765494146,0.028786812439680398,4659.3271484375,4489.2998046875,0.05186436005238128,,449224212.48,0.0,-1,0.011583775629522883,sideways,1,2025-09-11 12:47:24.097684,2025-09-13T15:30:02.412607
2025-08-28 00:00:00+00:00,ETH,crypto,1h,yahoo_finance,4506.8681640625,4519.03125,4471.5498046875,4490.4970703125,697311232,0.0,0.0,ETH-USD,ETH,Ethereum,-0.0016942849147202,-7.62109375,47.4814453125,16.37109375,4571.597802734375,4584.6060791015625,4532.90630859375,0.0065267571403132,0.6108709968669347,35.60978405288057,inf,288628326.4,2.415948707105139,4659.3271484375,4471.5498046875,0.1009028312288073,0,3,28,8,-89.90971687711927,-144.81828655698638,20.299931121606793,normal,-0.018003462413761273,-0.025581750667356906,-0.030539794139852527,0.02282765272339171,4659.3271484375,4471.5498046875,0.10090283122880739,0.012941267470711004,458826629.12,1.5197706230290036,1,0.008535692446868394,sideways,1,2025-09-11 12:47:24.097684,2025-09-13T15:30:02.412607
2025-08-28 01:00:00+00:00,ETH,crypto,1h,yahoo_finance,4491.923828125,4520.54931640625,4491.923828125,4519.30126953125,0,0.0,0.0,ETH-USD,ETH,Ethereum,0.0064144790137332,28.80419921875,28.62548828125,27.37744140625,4557.59521484375,4579.98828125,4535.7034375,0.0065455402805729,0.6126290024688021,35.67856002217576,-1.0,288628326.4,0.0,4659.3271484375,4471.5498046875,0.254298329554201,1,3,28,8,-74.57016704457989,-97.68285837270663,20.767440345909307,normal,-0.015178996282686152,-0.030052811156050185,-0.02002663088212464,0.03193474308411881,4659.3271484375,4471.5498046875,0.25429832955420106,,421476188.16,0.0,-1,0.004826545131402169,sideways,1,2025-09-11 12:47:24.097684,2025-09-13T15:30:02.412607
2025-08-28 02:00:00+00:00,ETH,crypto,1h,yahoo_finance,4518.63818359375,4526.96728515625,4509.5244140625,4511.72998046875,0,0.0,0.0,ETH-USD,ETH,Ethereum,-0.0016753229339997,-7.5712890625,17.44287109375,6.908203125,4545.274609375,4576.272534179688,4539.187578125,0.0065136047700981,0.609640002464694,34.11910448294552,,288628326.4,0.0,4659.3271484375,4471.5498046875,0.2139777620602858,2,3,28,8,-78.60222379397142,-76.03445112116036,20.92715425635034,normal,-0.001371273781273441,-0.02658203991446162,-0.016204582090283193,0.040162791826006794,4659.3271484375,4471.5498046875,0.21397776206028582,-1.0,418344140.8,0.0,-1,0.0013409957498417538,sideways,1,2025-09-11 12:47:24.097684,2025-09-13T15:30:02.412607
2025-08-28 03:00:00+00:00,ETH,crypto,1h,yahoo_finance,4512.501953125,4545.42236328125,4508.228515625,4544.6845703125,0,0.0,0.0,ETH-USD,ETH,Ethereum,0.007304202597764,32.95458984375,37.19384765625,32.1826171875,4536.485302734375,4574.705786132812,4541.696787109375,0.0068854665406264,0.6444443571504613,42.28397525444024,,288628326.4,0.0,4659.3271484375,4471.5498046875,0.3894759834411599,3,3,28,8,-61.052401655884005,-45.15546170218789,20.32210325478571,normal,0.004772920581982643,-0.01897282102939657,-0.006847645802975921,0.028389700495140113,4659.3271484375,4471.5498046875,0.38947598344115997,-1.0,418344140.8,0.0,-1,-0.001147475188081968,sideways,1,2025-09-11 12:47:24.097684,2025-09-13T15:30:02.412607
2025-08-28 04:00:00+00:00,ETH,crypto,1h,yahoo_finance,4542.20556640625,4578.03759765625,4536.74658203125,4569.6767578125,0,0.0,0.0,ETH-USD,ETH,Ethereum,0.0054992127865722,24.9921875,41.291015625,27.47119140625,4533.681005859375,4573.569677734375,4545.14591796875,0.0070457346210575,0.6594446275687057,44.573743159001374,,261967052.8,0.0,4659.3271484375,4471.5498046875,0.5225707807201847,4,3,28,8,-47.74292192798153,0.6337317421104947,19.107730703731512,normal,0.015908562456565578,-0.006099321058651519,-0.00494777747664521,0.039219446500902144,4659.3271484375,4471.5498046875,0.5225707807201847,,349936435.2,0.0,-1,-0.0025224519336221932,sideways,1,2025-09-11 12:47:24.097684,2025-09-13T15:30:02.412607
2025-08-28 05:00:00+00:00,ETH,crypto,1h,yahoo_finance,4570.4736328125,4583.16064453125,4555.33544921875,4569.83837890625,1521577984,0.0,0.0,ETH-USD,ETH,Ethereum,3.536816766613882e-05,0.16162109375,27.8251953125,0.63525390625,4533.382470703125,4572.442407226563,4548.575615234375,0.0062124724273541,0.5814555594945904,35.37394119027212,inf,338045952.0,4.501098075565774,4659.3271484375,4471.5498046875,0.5234314867591687,5,3,28,8,-47.311318532323334,23.80972153733057,18.140187424403184,normal,0.01766871403130188,-0.0006528464114216037,-0.004909304446624296,0.038988422070226125,4659.3271484375,4471.5498046875,0.5234314867591687,1.1820643554469519,374601236.48,4.061860548827198,1,-0.0033401982986417797,sideways,1,2025-09-11 12:47:24.097684,2025-09-13T15:30:02.412607
2025-08-28 06:00:00+00:00,ETH,crypto,1h,yahoo_finance,4569.00732421875,4583.71142578125,4555.7978515625,4583.71142578125,0,0.0,0.0,ETH-USD,ETH,Ethereum,0.0030357850157318,13.873046875,27.91357421875,14.7041015625,4532.85791015625,4572.444018554687,4551.45333984375,0.0062095374512663,0.5811808607843487,41.3297453833795,-1.0,338045952.0,0.0,4659.3271484375,4471.5498046875,0.5973117888123817,6,3,28,8,-35.25130578661488,44.943377115386525,17.259811343785774,normal,0.014252237770526088,-0.0011430931762987928,7.030719450407119e-06,0.03240808458420008,4659.3271484375,4471.5498046875,0.5973117888123817,,374601236.48,0.0,-1,-0.004085602619434548,sideways,1,2025-09-11 12:47:24.097684,2025-09-13T15:30:02.412607
2025-08-28 07:00:00+00:00,ETH,crypto,1h,yahoo_finance,4583.80029296875,4589.8955078125,4570.28564453125,4589.8955078125,838795264,0.0,0.0,ETH-USD,ETH,Ethereum,0.0013491429666507,6.18408203125,19.60986328125,6.09521484375,4540.054931640625,4571.33193359375,4554.59146484375,0.0062354762006719,0.5836085947058355,42.86800593319768,inf,328836096.0,2.550800457137163,4659.3271484375,4471.5498046875,0.6302448461650475,7,3,28,8,-30.29498635360975,76.79861130599345,16.653243826722182,normal,0.017324956875107267,0.015929925834709424,-0.004822427915813554,0.035395134270509665,4659.3271484375,4471.5498046875,0.6302448461650475,inf,356901355.52,2.3502159659155337,1,-0.003191621754734886,sideways,1,2025-09-11 12:47:24.097684,2025-09-13T15:30:02.412607
2025-08-28 08:00:00+00:00,ETH,crypto,1h,yahoo_finance,4597.3525390625,4627.90673828125,4597.3525390625,4600.03466796875,468082688,0.0,0.0,ETH-USD,ETH,Ethereum,0.0022090176429925,10.13916015625,30.55419921875,2.68212890625,4547.748779296875,4570.5392578125,4558.32056640625,0.0059450231403556,0.5564236778039099,50.421647850672095,-0.4419583561215719,352240230.4,1.3288734437530052,4659.3271484375,4471.5498046875,0.6842404984294065,8,3,28,8,-17.825925382316477,133.1032636402536,17.20999215867709,normal,0.012179084554694297,0.017010134940017574,-0.0034345536534763355,0.04224577224211812,4659.3271484375,4471.5498046875,0.6842404984294065,inf,366263009.28,1.2779960742422698,1,-0.0023192285306317343,sideways,1,2025-09-11 12:47:24.097684,2025-09-13T15:30:02.412607
2025-08-28 09:00:00+00:00,ETH,crypto,1h,yahoo_finance,4605.1650390625,4608.7880859375,4585.9130859375,4589.16015625,0,0.0,0.0,ETH-USD,ETH,Ethereum,-0.0023640064703146,-10.87451171875,22.875,16.0048828125,4556.852978515625,4570.119921875,4561.580712890625,0.0057829053798698,0.5412502868183434,53.1357137903176,-1.0,343966310.4,0.0,4659.3271484375,4471.5498046875,0.6263287637036883,9,3,28,8,-24.780853103657183,94.26421071896573,17.257954547111144,normal,0.004263627269519787,0.02024001790679386,-0.0018241725376644258,0.03682821863698327,4659.3271484375,4471.5498046875,0.6263287637036883,,366263009.28,0.0,-1,-0.0010364245801110174,sideways,1,2025-09-11 12:47:24.097684,2025-09-13T15:30:02.412607
2025-08-28 10:00:00+00:00,ETH,crypto,1h,yahoo_finance,4589.52685546875,4611.2490234375,4584.93115234375,4608.70654296875,0,0.0,0.0,ETH-USD,ETH,Ethereum,0.0042592513778647,19.54638671875,26.31787109375,19.1796875,4568.67392578125,4570.1358642578125,4565.2877734375,0.0058177859984914,0.5445149338414642,53.74181503978922,,343966310.4,0.0,4659.3271484375,4471.5498046875,0.7304221880135633,10,3,28,8,-12.279721065895528,100.03049325105356,17.373325961143845,normal,0.008505369520705575,0.026324362493799214,6.918854864879087e-05,0.04190328145580291,4659.3271484375,4471.5498046875,0.7304221880135633,-1.0,366263009.28,0.0,-1,0.0007417171735485745,sideways,1,2025-09-11 12:47:24.097684,2025-09-13T15:30:02.412607
2025-08-28 11:00:00+00:00,ETH,crypto,1h,yahoo_finance,4610.0263671875,4610.0263671875,4585.837890625,4592.03564453125,1074839552,0.0,0.0,ETH-USD,ETH,Ethereum,-0.0036172618677433,-16.6708984375,24.1884765625,17.99072265625,4575.94736328125,4566.7712890625,4568.72666015625,0.0038808577821542,0.363228386029635,67.68389018087254,inf,397708288.0,2.7025827332016776,4658.095703125,4471.5498046875,0.6458777215309152,11,3,28,8,-22.941799206168277,76.5731782401468,17.480456559888495,normal,0.0018160433711380541,0.01609416382359119,-0.014442322198563784,0.038900629858753755,4658.095703125,4471.5498046875,0.6458777215309152,inf,366953512.96,2.929089146278765,1,0.001580462930288995,sideways,1,2025-09-11 12:47:24.097684,2025-09-13T15:30:02.412607
2025-08-28 12:00:00+00:00,ETH,crypto,1h,yahoo_finance,4594.5283203125,4613.216796875,4579.45947265625,4601.884765625,0,0.0,0.0,ETH-USD,ETH,Ethereum,0.0021448267949486,9.84912109375,33.75732421875,7.3564453125,4584.962841796875,4565.118725585938,4571.945361328125,0.0038895543234757,0.3640423376984573,68.38962169751757,-1.0,397708288.0,0.0,4644.77587890625,4471.5498046875,0.7523980528064899,12,3,28,8,-16.64267267089086,72.56771314611198,17.28250421429317,normal,0.0026120982039989915,0.019982309567844192,-0.007130900897133086,0.036238883394456245,4644.77587890625,4471.5498046875,0.7523980528064899,-1.0,366953512.96,0.0,-1,0.0028472519769940684,sideways,1,2025-09-11 12:47:24.097684,2025-09-13T15:30:02.412607
2025-08-28 13:00:00+00:00,ETH,crypto,1h,yahoo_finance,4600.5771484375,4613.65576171875,4567.05419921875,4572.31982421875,0,0.0,0.0,ETH-USD,ETH,Ethereum,-0.0064245288424197,-29.56494140625,46.6015625,28.25732421875,4587.7263671875,4562.1058349609375,4574.900634765625,0.0040156647078945,0.3758456229424173,66.95595123594953,,397708288.0,0.0,4641.33056640625,4471.5498046875,0.593530259324554,13,3,28,8,-35.55129458276991,39.5223513062704,16.538638024840047,normal,-0.006024920625704366,0.006080785911254161,-0.013007404780954857,0.03339626999574352,4641.33056640625,4471.5498046875,0.593530259324554,-1.0,366443806.72,0.0,-1,0.002803499670442982,sideways,1,2025-09-11 12:47:24.097684,2025-09-13T15:30:02.412607
2025-08-28 14:00:00+00:00,ETH,crypto,1h,yahoo_finance,4572.30322265625,4588.8271484375,4550.01318359375,4569.62158203125,0,0.0,0.0,ETH-USD,ETH,Ethereum,-0.0005901254267489,-2.6982421875,38.81396484375,2.681640625,4587.720849609375,4560.700927734375,4576.240634765625,0.0039654665606219,0.371147333791149,68.49703790792972,,397708288.0,0.0,4627.90673828125,4471.5498046875,0.627230114390464,14,3,28,8,-42.862118616984986,-5.517772120959223,15.567711746028664,normal,-0.0042575489966590885,-1.2074329142741647e-05,-0.006111321742584219,0.014880220062769345,4627.90673828125,4471.5498046875,0.627230114390464,,337781882.88,0.0,-1,0.002508656287987833,sideways,1,2025-09-11 12:47:24.097684,2025-09-13T15:30:02.412607
2025-08-28 15:00:00+00:00,ETH,crypto,1h,yahoo_finance,4568.60888671875,4572.2978515625,4491.1171875,4505.376953125,0,0.0,0.0,ETH-USD,ETH,Ethereum,-0.0140590698273296,-64.24462890625,81.1806640625,63.23193359375,4581.27470703125,4557.328588867187,4576.779091796875,0.0054236906315068,0.5076296285489466,47.207593950064336,,363288166.4,0.0,4627.90673828125,4471.5498046875,0.2163456884194879,15,3,28,8,-89.57539845437185,-142.4080449772832,16.432063518200327,normal,-0.022420518399331457,-0.01410584367245793,-0.014749481134457842,0.006011639497010002,4627.90673828125,4471.5498046875,0.21634568841948792,,320763412.48,0.0,-1,0.000982266162339457,sideways,1,2025-09-11 12:47:24.097684,2025-09-13T15:30:02.412607
2025-08-28 16:00:00+00:00,ETH,crypto,1h,yahoo_finance,4504.486328125,4526.93505859375,4486.369140625,4488.87548828125,0,0.0,0.0,ETH-USD,ETH,Ethereum,-0.0036626158067205,-16.50146484375,40.56591796875,15.61083984375,4571.79111328125,4552.32451171875,4575.4923828125,0.0054906770584637,0.5138992145825674,45.57520618030425,,363288166.4,0.0,4627.90673828125,4471.5498046875,0.1108085404051602,16,3,28,8,-98.22920008693582,-192.77568493368034,17.34646464216505,normal,-0.022465016440552987,-0.020689770513604322,-0.021809213354409773,-0.014129687840483407,4627.90673828125,4471.5498046875,0.11080854040516022,-1.0,320763412.48,0.0,-1,-0.0008089336013658533,sideways,1,2025-09-11 12:47:24.097684,2025-09-13T15:30:02.412607
2025-08-28 17:00:00+00:00,ETH,crypto,1h,yahoo_finance,4467.123046875,4495.802734375,4467.123046875,4493.912109375,3588706304,0.0,0.0,ETH-USD,ETH,Ethereum,0.0011220229001447,5.03662109375,28.6796875,26.7890625,4562.1927734375,4551.123852539063,4574.96951171875,0.0050595301246696,0.4735460726499265,38.97865304305429,inf,444732825.6,8.069353322769436,4627.90673828125,4467.123046875,0.1666155458037869,17,3,28,8,-83.33844541962131,-191.19438019539163,18.63177948818117,normal,-0.023462703163827703,-0.02091189184462383,-0.005315090896062746,-0.005783901046918283,4627.90673828125,4467.123046875,0.16661554580378699,inf,392537538.56,9.142326405685811,1,-0.002792748290130103,sideways,1,2025-09-11 12:47:24.097684,2025-09-13T15:30:02.412607
2025-08-28 18:00:00+00:00,ETH,crypto,1h,yahoo_finance,4489.78369140625,4505.53662109375,4476.2607421875,4482.5166015625,0,0.0,0.0,ETH-USD,ETH,Ethereum,-0.0025357656169392,-11.3955078125,29.27587890625,7.26708984375,4550.440966796875,4549.094873046875,4573.541318359375,0.004736629551644,0.4433242349604701,29.8929450036496,-1.0,409465651.2,0.0,4627.90673828125,4467.123046875,0.0957407716719559,18,3,28,8,-90.42592283280442,-137.37535037278252,19.391280236269758,normal,-0.019640625789250077,-0.025547213203535035,-0.00897163980745097,-0.01568090121408583,4627.90673828125,4467.123046875,0.09574077167195591,,351425331.2,0.0,-1,-0.005050867578208818,sideways,1,2025-09-11 12:47:24.097684,2025-09-13T15:30:02.412607
2025-08-28 19:00:00+00:00,ETH,crypto,1h,yahoo_finance,4484.15576171875,4490.73193359375,4450.2685546875,4450.689453125,0,0.0,0.0,ETH-USD,ETH,Ethereum,-0.0071002856802372,-31.8271484375,40.46337890625,33.46630859375,4536.593896484375,4546.7234375,4572.209072265625,0.0049534086983718,0.4636136513758036,26.01727815070716,,409465651.2,0.0,4627.90673828125,4450.2685546875,0.0023694142159355,19,3,28,8,-99.76305857840644,-135.43322886300294,20.674241106035055,normal,-0.02602669100082977,-0.03017343008533191,-0.010544122943774492,-0.014746038289847774,4627.90673828125,4450.2685546875,0.0023694142159355475,,338348441.6,0.0,-1,-0.007789489767055081,sideways,1,2025-09-11 12:47:24.097684,2025-09-13T15:30:02.412607
2025-08-28 20:00:00+00:00,ETH,crypto,1h,yahoo_finance,4446.7685546875,4468.25927734375,4436.671875,4457.48828125,0,0.0,0.0,ETH-USD,ETH,Ethereum,0.0015275898704247,6.798828125,31.58740234375,10.7197265625,4521.4720703125,4545.072998046875,4570.44583984375,0.0048538185952266,0.4542925284538847,23.848602014782077,,374600089.6,0.0,4627.90673828125,4436.671875,0.108852569520157,20,3,28,8,-89.11474304798429,-118.52346026216514,22.136357033784765,normal,-0.010629226449472506,-0.03281143208162285,-0.0073508096198808826,-0.01939472308421586,4627.90673828125,4436.671875,0.10885256952015708,,330321428.48,0.0,-1,-0.010715315583506387,sideways,1,2025-09-11 12:47:24.097684,2025-09-13T15:30:02.412607
2025-08-28 21:00:00+00:00,ETH,crypto,1h,yahoo_finance,4457.74365234375,4490.26220703125,4457.74365234375,4489.11669921875,1124950016,0.0,0.0,ETH-USD,ETH,Ethereum,0.0070955695165351,31.62841796875,32.5185546875,31.373046875,4511.18017578125,4543.56376953125,4568.489775390625,0.0053724096686782,0.5028299934146929,31.111709010775,inf,430847590.4,2.6110161483219474,4627.90673828125,4436.671875,0.2742430084080388,21,3,28,8,-72.57569915919612,-73.90576701905053,22.53222692360675,normal,5.373527025409608e-05,-0.022412488334028535,-0.006679034769379477,-0.021322199716159562,4627.90673828125,4436.671875,0.27424300840803884,inf,352820428.8,3.1884492058074385,1,-0.012544539317585545,sideways,1,2025-09-11 12:47:24.097684,2025-09-13T15:30:02.412607
2025-08-28 22:00:00+00:00,ETH,crypto,1h,yahoo_finance,4489.0009765625,4513.22119140625,4489.0009765625,4507.39697265625,0,0.0,0.0,ETH-USD,ETH,Ethereum,0.0040721314820533,18.2802734375,24.22021484375,18.39599609375,4501.731396484375,4543.347119140625,4566.901484375,0.0054949279989659,0.5142970808132835,33.15169706765181,-1.0,430847590.4,0.0,4627.90673828125,4436.671875,0.3698337031372479,22,3,28,8,-60.03867981007716,-37.29283748173821,22.016793499016583,normal,0.003000695819822319,-0.020532411779310866,-0.0009603872198153951,-0.017313672117430734,4627.90673828125,4436.671875,0.3698337031372479,-1.0,352820428.8,0.0,-1,-0.01427008839879622,sideways,1,2025-09-11 12:47:24.097684,2025-09-13T15:30:02.412607
2025-08-28 23:00:00+00:00,ETH,crypto,1h,yahoo_finance,4506.67138671875,4510.75341796875,4496.935546875,4507.78955078125,0,0.0,0.0,ETH-USD,ETH,Ethereum,8.709641670834323e-05,0.392578125,13.81787109375,1.1181640625,4495.278369140625,4541.502368164062,4565.012021484375,0.0055021983507324,0.514977548453753,34.61425540518832,,430847590.4,0.0,4627.90673828125,4436.671875,0.3718865616917188,23,3,28,8,-59.81686406612537,-28.84963817069639,21.538176747611423,normal,0.005638116144386585,-0.014113245774211802,-0.00811827948902355,-0.02052754281659608,4627.90673828125,4436.671875,0.37188656169171885,,352820428.8,0.0,-1,-0.015275677701517849,sideways,1,2025-09-11 12:47:24.097684,2025-09-13T15:30:02.412607
2025-08-29 00:00:00+00:00,ETH,crypto,1h,yahoo_finance,4512.56591796875,4512.56591796875,4473.8544921875,4480.4326171875,0,0.0,0.0,ETH-USD,ETH,Ethereum,-0.0060688133919225,-27.35693359375,38.71142578125,32.13330078125,4486.35947265625,4537.0401611328125,4562.62919921875,0.0053962026019087,0.5050568899466819,26.441506638759307,,430847590.4,0.0,4627.90673828125,4436.671875,0.2288324494636779,0,4,29,8,-75.27416591486579,-46.0864874034167,21.707334535810595,normal,0.006682821701167185,-0.019517801035092375,-0.019529639699881307,-0.025902642345317584,4627.90673828125,4436.671875,0.22883244946367792,,333679984.64,0.0,-1,-0.016716179034570615,sideways,1,2025-09-11 12:47:24.097684,2025-09-13T15:30:02.412607
2025-08-29 01:00:00+00:00,ETH,crypto,1h,yahoo_finance,4480.125,4489.27587890625,4440.68603515625,4461.45947265625,0,0.0,0.0,ETH-USD,ETH,Ethereum,-0.0042346679779239,-18.97314453125,48.58984375,18.66552734375,4481.967724609375,4531.6212158203125,4559.845537109375,0.0054129275163662,0.5066222561687687,26.21977896897242,,354768691.2,0.0,4627.90673828125,4436.671875,0.1296186125842272,1,4,29,8,-85.9944325351829,-83.84866886174981,22.601890567075195,normal,0.0008909033867692262,-0.009747792676545797,-0.023716135509356806,-0.030252970776415866,4627.90673828125,4436.671875,0.12961861258422722,,333679984.64,0.0,-1,-0.01707904617957059,sideways,1,2025-09-11 12:47:24.097684,2025-09-13T15:30:02.412607
2025-08-29 02:00:00+00:00,ETH,crypto,1h,yahoo_finance,4458.435546875,4492.61572265625,4454.689453125,4481.046875,2854834176,0.0,0.0,ETH-USD,ETH,Ethereum,0.0043903575643349,19.58740234375,37.92626953125,22.611328125,4481.18486328125,4526.48798828125,4558.075888671875,0.0055773934012158,0.5220154195527834,28.74713595251264,inf,497510400.0,5.73824019759185,4627.90673828125,4436.671875,0.2320445092416934,2,4,29,8,-74.92709600704072,-55.518163936871396,23.293523132282314,normal,-0.0017976418880254474,-0.0017440032145439321,-0.02239769070186437,-0.019363574698057273,4627.90673828125,4436.671875,0.23204450924169345,1.537743131157927,390776668.16,7.305538965369124,1,-0.016869184995739403,sideways,1,2025-09-11 12:47:24.097684,2025-09-13T15:30:02.412607
2025-08-29 03:00:00+00:00,ETH,crypto,1h,yahoo_finance,4481.44189453125,4503.751953125,4471.080078125,4496.263671875,10424320,0.0,0.0,ETH-USD,ETH,Ethereum,0.0033958129203903,15.216796875,32.671875,14.82177734375,4481.42001953125,4521.806396484375,4556.712587890625,0.0055800041276441,0.522259770157765,35.91229177708277,-0.996348537478066,456091852.8,0.0228557470079851,4627.90673828125,4436.671875,0.3116157579873815,3,4,29,8,-60.83487904907995,-6.282488348550799,23.468117859145018,normal,-0.00247000671314046,0.0005232773678627289,-0.020399557196482676,-0.014933969479939413,4627.90673828125,4436.671875,0.31161575798738156,inf,380016476.16,0.027431231680625875,-1,-0.016523440288831095,sideways,1,2025-09-11 12:47:24.097684,2025-09-13T15:30:02.412607
2025-08-29 04:00:00+00:00,ETH,crypto,1h,yahoo_finance,4491.97998046875,4496.21435546875,4471.5498046875,4473.26513671875,0,0.0,0.0,ETH-USD,ETH,Ethereum,-0.0051150325769616,-22.99853515625,24.66455078125,18.71484375,4480.494873046875,4515.467919921875,4554.622236328125,0.0056732943470095,0.5309912562658794,33.400458944024976,-1.0,432687718.4,0.0,4613.65576171875,4436.671875,0.2067604141664114,4,4,29,8,-73.01898747848878,-26.32857664720319,23.63024153408896,normal,-0.007658834484967625,-0.0020638997389379465,-0.027558386055811623,-0.02283148516116662,4613.65576171875,4436.671875,0.20676041416641147,,380016476.16,0.0,-1,-0.016275194612190364,sideways,1,2025-09-11 12:47:24.097684,2025-09-13T15:30:02.412607
2025-08-29 05:00:00+00:00,ETH,crypto,1h,yahoo_finance,4477.81201171875,4483.46533203125,4467.0556640625,4476.74169921875,0,0.0,0.0,ETH-USD,ETH,Ethereum,0.0007771867738093,3.4765625,16.40966796875,1.0703125,4483.10009765625,4509.846997070313,4551.981005859375,0.0043882355699605,0.410716344959646,43.760572820802,,432687718.4,0.0,4613.65576171875,4436.671875,0.22640379845667,5,4,29,8,-55.60778755700291,-37.337598455212635,23.90087250817106,normal,-0.0008237860680219145,0.005853530417732955,-0.0244965207584108,-0.028654190048363004,4613.65576171875,4436.671875,0.22640379845667005,,380016476.16,0.0,-1,-0.015132072852338429,sideways,1,2025-09-11 12:47:24.097684,2025-09-13T15:30:02.412607
2025-08-29 06:00:00+00:00,ETH,crypto,1h,yahoo_finance,4479.62158203125,4485.34765625,4449.37255859375,4456.8076171875,2205089792,0.0,0.0,ETH-USD,ETH,Ethereum,-0.0044528104077857,-19.93408203125,35.97509765625,22.81396484375,4483.03203125,4502.25205078125,4548.478037109375,0.0044375898619033,0.4153356535796234,43.115611602042,inf,542942208.0,4.061371099002861,4613.65576171875,4436.671875,0.1137716125507982,6,4,29,8,-73.69572566704726,-90.64604596948843,24.605974997196338,normal,-0.0010426757201899006,-0.00015270125675104218,-0.0329591229914592,-0.03781306114136196,4613.65576171875,4436.671875,0.11377161255079829,inf,389197332.48,5.665737167181932,1,-0.01438855048335396,sideways,1,2025-09-11 12:47:24.097684,2025-09-13T15:30:02.412607
2025-08-29 07:00:00+00:00,ETH,crypto,1h,yahoo_finance,4457.03125,4457.03125,4372.78466796875,4372.78466796875,784482304,0.0,0.0,ETH-USD,ETH,Ethereum,-0.0188527206996144,-84.02294921875,84.24658203125,84.24658203125,4471.398828125,4491.289501953125,4543.7005859375,0.0065725402627569,0.6151560623359841,30.581652574015777,-0.6442401997206288,528424345.6,1.4845688139316493,4613.65576171875,4372.78466796875,0.0,7,4,29,8,-100.0,-277.74825434175267,26.632166095320606,normal,-0.024160025559038623,-0.025914236373103305,-0.04774592218673446,-0.05179755277948184,4613.65576171875,4372.78466796875,0.0,-0.725209152042882,404886978.56,1.9375340416973867,1,-0.01591252690291035,sideways,1,2025-09-11 12:47:24.097684,2025-09-13T15:30:02.412607
2025-08-29 08:00:00+00:00,ETH,crypto,1h,yahoo_finance,4380.37841796875,4397.3583984375,4332.546875,4335.34814453125,0,0.0,0.0,ETH-USD,ETH,Ethereum,-0.0085612547335631,-37.4365234375,64.8115234375,45.0302734375,4454.1939453125,4477.962670898438,4538.686650390625,0.0068083423827712,0.6372259314945578,28.22501990373958,-1.0,528424345.6,0.0,4613.65576171875,4332.546875,0.0099650692795517,8,4,29,8,-98.44954745811724,-276.5779592866502,28.98698288248272,normal,-0.035788721277692837,-0.03817032960902267,-0.05791901246304909,-0.05466513774166282,4613.65576171875,4332.546875,0.00996506927955172,-1.0,404886978.56,0.0,-1,-0.0186161133355292,sideways,1,2025-09-11 12:47:24.097684,2025-09-13T15:30:02.412607
2025-08-29 09:00:00+00:00,ETH,crypto,1h,yahoo_finance,4335.083984375,4342.23095703125,4322.39697265625,4338.66650390625,2877427712,0.0,0.0,ETH-USD,ETH,Ethereum,0.0007654193537343,3.318359375,19.833984375,3.58251953125,4437.281640625,4466.280004882812,4533.93958984375,0.0067109231294155,0.6281079889800592,31.897995092276247,inf,672295731.2,4.280002948797542,4588.8271484375,4322.39697265625,0.0610648970308751,9,4,29,8,-91.47407422570674,-204.14586138483062,31.27999283556317,normal,-0.03008957186723593,-0.03751795530154889,-0.051101700951644013,-0.05186888423942415,4588.8271484375,4322.39697265625,0.061064897030875157,inf,462435532.8,6.222332645109403,1,-0.021318755423047085,downtrend,1,2025-09-11 12:47:24.097684,2025-09-13T15:30:02.412607
2025-08-29 10:00:00+00:00,ETH,crypto,1h,yahoo_finance,4339.07177734375,4361.9296875,4337.251953125,4349.697265625,2034515968,0.0,0.0,ETH-USD,ETH,Ethereum,0.0025424313458568,11.03076171875,24.677734375,10.62548828125,4424.20810546875,4455.2837890625,4529.085556640625,0.0067549463452731,0.6322283362180707,32.816854048029,-0.2929393292782745,774021529.6,2.628500487643284,4572.2978515625,4322.39697265625,0.1092444856065979,10,4,29,8,-85.6934863155309,-130.4836545089134,32.58598701363479,normal,-0.02837877235935249,-0.029179180390077275,-0.04812746798794898,-0.052848557818822806,4572.2978515625,4322.39697265625,0.10924448560659793,inf,492461342.72,4.131321164749311,1,-0.023156429672233178,downtrend,1,2025-09-11 12:47:24.097684,2025-09-13T15:30:02.412607
2025-08-29 11:00:00+00:00,ETH,crypto,1h,yahoo_finance,4347.54931640625,4356.12646484375,4337.5791015625,4346.1376953125,0,0.0,0.0,ETH-USD,ETH,Ethereum,-0.0008183489781302,-3.5595703125,18.54736328125,1.41162109375,4412.675927734375,4447.321826171875,4524.160634765625,0.0062739779078738,0.5872121570498763,24.967300817094863,-1.0,774021529.6,0.0,4526.93505859375,4322.39697265625,0.1160699365471933,11,4,29,8,-87.55885242881415,-105.70031388769615,33.79869589327272,normal,-0.024831657854874845,-0.025848442208327382,-0.035344269629214775,-0.053620538931540174,4526.93505859375,4322.39697265625,0.11606993654719332,-1.0,492461342.72,0.0,-1,-0.024642075300013156,downtrend,1,2025-09-11 12:47:24.097684,2025-09-13T15:30:02.412607
2025-08-29 12:00:00+00:00,ETH,crypto,1h,yahoo_finance,4346.7470703125,4423.47802734375,4346.7470703125,4405.95361328125,2125316096,0.0,0.0,ETH-USD,ETH,Ethereum,0.0137630057218998,59.81591796875,76.73095703125,59.20654296875,4405.1666015625,4443.175732421875,4520.606123046875,0.0074536974692281,0.6976278579829898,34.49447862650797,inf,880287334.4,2.4143436045783915,4513.22119140625,4322.39697265625,0.4378723055822808,12,4,29,8,-56.06188986971905,-44.22690794943186,32.56378135757171,normal,0.007585314126137277,-0.01675797281606206,-0.01847275007214555,-0.03877356556012734,4513.22119140625,4322.39697265625,0.4378723055822808,1.7091957143752219,534967664.64,3.9727935658133764,1,-0.02553629277628138,downtrend,1,2025-09-11 12:47:24.097684,2025-09-13T15:30:02.412607
2025-08-29 13:00:00+00:00,ETH,crypto,1h,yahoo_finance,4406.99609375,4407.548828125,4322.85546875,4331.68017578125,428847104,0.0,0.0,ETH-USD,ETH,Ethereum,-0.0168575169007932,-74.2734375,84.693359375,75.31591796875,4388.708251953125,4435.064135742187,4514.996982421875,0.0084658980689793,0.792364643205189,28.041278538812776,-0.7982196131638388,722294374.4,0.5937289825304778,4513.22119140625,4322.39697265625,0.0486479294180262,13,4,29,8,-95.11844422876452,-75.67947568100996,31.881361997678408,normal,-0.0008460609454460366,-0.03660450278377836,-0.036100379723784326,-0.06080847526011157,4513.22119140625,4322.39697265625,0.048647929418026245,inf,523084759.04,0.8198424759823796,0,-0.027970944600943678,downtrend,1,2025-09-11 12:47:24.097684,2025-09-13T15:30:02.412607
2025-08-29 14:00:00+00:00,ETH,crypto,1h,yahoo_finance,4329.5830078125,4341.6923828125,4272.45947265625,4280.7255859375,2859966464,0.0,0.0,ETH-USD,ETH,Ethereum,-0.0117632391533984,-50.95458984375,69.23291015625,48.857421875,4369.454296875,4424.974584960937,4508.29373046875,0.0087660343417042,0.820455859129706,26.482845702168177,5.66896531963056,865292697.6,3.305201201781181,4513.22119140625,4272.45947265625,0.0343331710878559,14,4,29,8,-96.42612104617606,-120.77379930564906,32.07410374777438,normal,-0.013354545207976631,-0.04304228452742298,-0.04501734930656154,-0.07261064053664001,4513.22119140625,4272.45947265625,0.034333171087855927,-0.006068353316811326,580284088.32,4.9285626153906525,1,-0.030796448034301933,downtrend,1,2025-09-11 12:47:24.097684,2025-09-13T15:30:02.412607
2025-08-29 15:00:00+00:00,ETH,crypto,1h,yahoo_finance,4281.01513671875,4346.38134765625,4281.01513671875,4323.4423828125,0,0.0,0.0,ETH-USD,ETH,Ethereum,0.0099788683057209,42.716796875,65.3662109375,42.42724609375,4354.124365234375,4418.612231445312,4502.811640625,0.0094364060390932,0.883199212107554,34.60806682603558,-1.0,865292697.6,0.0,4513.22119140625,4272.45947265625,0.2117567129066277,15,4,29,8,-77.95738536206397,-88.03432427971373,32.110478415660275,high,-0.006036025316057847,-0.03424350268701071,-0.02859041765386594,-0.05961972757210876,4513.22119140625,4272.45947265625,0.21175671290662773,-1.0,576974520.32,0.0,-1,-0.033020984943973215,downtrend,1,2025-09-11 12:47:24.097684,2025-09-13T15:30:02.412607
2025-08-29 16:00:00+00:00,ETH,crypto,1h,yahoo_finance,4318.505859375,4348.533203125,4300.64111328125,4335.58740234375,641085440,0.0,0.0,ETH-USD,ETH,Ethereum,0.0028091086814368,12.14501953125,47.89208984375,17.08154296875,4342.00234375,4412.5171875,4497.355634765625,0.0093606083607748,0.876104938133649,33.5042521122128,inf,897346969.6,0.7144231403442185,4513.22119140625,4272.45947265625,0.2622008599010302,16,4,29,8,-72.70644961757448,-66.79325379922928,32.07532991054797,high,-0.002427510057982918,-0.027198888813658728,-0.027347436765905675,-0.05919647195617539,4513.22119140625,4272.45947265625,0.26220085990103026,inf,589796229.12,1.0869608999645954,0,-0.034543252442547974,downtrend,1,2025-09-11 12:47:24.097684,2025-09-13T15:30:02.412607
2025-08-29 17:00:00+00:00,ETH,crypto,1h,yahoo_finance,4336.82177734375,4350.75,4320.30322265625,4337.7568359375,0,0.0,0.0,ETH-USD,ETH,Ethereum,0.0005003782399997,2.16943359375,30.44677734375,0.93505859375,4338.499560546875,4404.949194335937,4490.924228515625,0.0092561648912314,0.8663295650065966,31.476464264438363,-1.0,841099468.8,0.0,4513.22119140625,4272.45947265625,0.2712115681025391,17,4,29,8,-70.81745771958538,-50.81485892070692,31.967389553662468,high,-0.015478323951976791,-0.008010417775161427,-0.03371707028859183,-0.06901647002997813,4513.22119140625,4272.45947265625,0.27121156810253916,-1.0,589796229.12,0.0,-1,-0.03394060113526585,downtrend,1,2025-09-11 12:47:24.097684,2025-09-13T15:30:02.412607
2025-08-29 18:00:00+00:00,ETH,crypto,1h,yahoo_finance,4333.18603515625,4338.77783203125,4310.8486328125,4314.20947265625,1143771136,0.0,0.0,ETH-USD,ETH,Ethereum,-0.0054284654884673,-23.54736328125,27.92919921875,18.9765625,4336.385693359375,4395.289819335938,4484.509697265625,0.009263299827691,0.8669973584687914,31.436139535837956,inf,898288025.6,1.2732788408662497,4512.56591796875,4272.45947265625,0.1738812131663609,18,4,29,8,-80.38876592621476,-67.78078372850572,32.04314888876255,high,-0.0040332393934990884,-0.004875887972610737,-0.0428601033305821,-0.06919762431827992,4512.56591796875,4272.45947265625,0.17388121316636096,1.667083735279229,612671651.84,1.8668582634188815,1,-0.03303014463243693,downtrend,1,2025-09-11 12:47:24.097684,2025-09-13T15:30:02.412607
2025-08-29 19:00:00+00:00,ETH,crypto,1h,yahoo_finance,4315.56982421875,4364.14794921875,4314.52734375,4342.9541015625,0,0.0,0.0,ETH-USD,ETH,Ethereum,0.0066627800732521,28.74462890625,49.62060546875,27.38427734375,4336.814453125,4387.048046875,4478.7172265625,0.0095545335813676,0.8942553442655792,35.25494691184622,-1.0,898288025.6,0.0,4512.56591796875,4272.45947265625,0.2935974034953573,19,4,29,8,-66.88654686406954,-28.104716869716082,31.229773164043856,high,0.014536908375866187,0.0009882293677998533,-0.03656680227899778,-0.06251887347998986,4512.56591796875,4272.45947265625,0.2935974034953573,-1.0,612671651.84,0.0,-1,-0.0316837983420564,downtrend,1,2025-09-11 12:47:24.097684,2025-09-13T15:30:02.412607
2025-08-29 20:00:00+00:00,ETH,crypto,1h,yahoo_finance,4341.73486328125,4345.79833984375,4316.3544921875,4321.51708984375,833150976,0.0,0.0,ETH-USD,ETH,Ethereum,-0.0049360438119844,-21.43701171875,29.44384765625,20.2177734375,4333.996435546875,4379.102270507812,4473.193173828125,0.0095644680577145,0.8951851603042151,35.13853890771546,inf,939945574.4,0.8863821466810239,4503.751953125,4272.45947265625,0.2121020842877258,20,4,29,8,-73.42084586630264,-50.33898698615299,30.474495705376494,high,-0.00044531482052445615,-0.006478652205051949,-0.03546879083375343,-0.06007383075637229,4503.751953125,4272.45947265625,0.21210208428772587,inf,629334671.36,1.3238599650001015,0,-0.031117980572729537,downtrend,1,2025-09-11 12:47:24.097684,2025-09-13T15:30:02.412607
2025-08-29 21:00:00+00:00,ETH,crypto,1h,yahoo_finance,4321.27197265625,4378.26708984375,4313.2744140625,4363.18505859375,0,0.0,0.0,ETH-USD,ETH,Ethereum,0.0096419770843729,41.66796875,64.99267578125,41.9130859375,4335.701171875,4374.188549804688,4469.000400390625,0.0087340639997816,0.8174635990807138,48.8373055769117,-1.0,939945574.4,0.0,4503.751953125,4272.45947265625,0.3922548011661709,21,4,29,8,-39.92421254114315,49.863328106334876,28.727782894475915,normal,0.0063653788261957,0.0039224167470892635,-0.022027413823842212,-0.045844468151741036,4503.751953125,4272.45947265625,0.3922548011661709,-1.0,615566622.72,0.0,-1,-0.02982752664420745,downtrend,1,2025-09-11 12:47:24.097684,2025-09-13T15:30:02.412607
2025-08-29 22:00:00+00:00,ETH,crypto,1h,yahoo_finance,4365.072265625,4366.98828125,4348.3544921875,4363.0615234375,836161536,0.0,0.0,ETH-USD,ETH,Ethereum,-2.831306822681512e-05,-0.12353515625,18.6337890625,2.0107421875,4331.411962890625,4368.289282226562,4464.482490234375,0.0083907855653539,0.7853344980687352,53.69015373852617,inf,839011942.4,0.9966026628991164,4503.751953125,4272.45947265625,0.3917206932003623,22,4,29,8,-40.00601385125741,79.59878970486534,27.105835284353947,normal,0.005833588293920888,-0.009735029827471764,-0.02632986327832154,-0.04922589300230773,4503.751953125,4272.45947265625,0.3917206932003623,inf,632289853.44,1.3224338987108955,0,-0.029806484320372986,downtrend,1,2025-09-11 12:47:24.097684,2025-09-13T15:30:02.412607
2025-08-29 23:00:00+00:00,ETH,crypto,1h,yahoo_finance,4365.15234375,4374.44677734375,4359.88330078125,4361.2783203125,0,0.0,0.0,ETH-USD,ETH,Ethereum,-0.0004087045565186,-1.783203125,14.5634765625,3.8740234375,4334.37177734375,4361.540014648437,4461.34955078125,0.0083936666906996,0.7856041566256867,53.02321876929946,-1.0,838490726.4,0.0,4496.21435546875,4272.45947265625,0.3969470812875068,23,4,29,8,-41.18679797986329,86.92341082353917,25.362680263215672,normal,0.010910190604924486,0.006832947800886835,-0.030021671639690384,-0.03467232468408443,4496.21435546875,4272.45947265625,0.39694708128750683,-1.0,593093591.04,0.0,-1,-0.028461740554551362,downtrend,1,2025-09-11 12:47:24.097684,2025-09-13T15:30:02.412607
2025-08-30 00:00:00+00:00,ETH,crypto,1h,yahoo_finance,4359.990234375,4361.36865234375,4332.1025390625,4339.921875,83066880,0.0,0.0,ETH-USD,ETH,Ethereum,-0.0048968315580854,-21.3564453125,29.26611328125,20.068359375,4340.29140625,4354.8728515625,4457.686064453125,0.0084828888671185,0.793954894776335,48.72813950060734,inf,842644070.4,0.098578845942117,4485.34765625,4272.45947265625,0.3168912487528527,0,5,30,8,-55.3284015442018,10.82611958257009,24.519357199256625,normal,-0.0006981944758313041,0.013828564310911284,-0.029808933216187716,-0.04049755049522841,4485.34765625,4272.45947265625,0.3168912487528527,inf,580648058.88,0.14305891276072805,-1,-0.026335335531872412,downtrend,1,2025-09-11 12:47:24.097684,2025-09-13T15:30:02.412607
2025-08-30 01:00:00+00:00,ETH,crypto,1h,yahoo_finance,4341.876953125,4347.86328125,4275.796875,4284.28369140625,0,0.0,0.0,ETH-USD,ETH,Ethereum,-0.0128200887472772,-55.63818359375,72.06640625,57.59326171875,4336.375537109375,4345.249951171875,4453.409375,0.0091391564653237,0.8553781764012767,42.91272282539977,-1.0,842644070.4,0.0,4485.34765625,4272.45947265625,0.055541921352309,1,5,30,8,-92.17035365325297,-121.32416997386582,24.945358088934533,high,-0.008615816543917965,-0.009057294613644462,-0.04299064380821582,-0.04753865168875959,4485.34765625,4272.45947265625,0.055541921352309086,-1.0,580648058.88,0.0,-1,-0.026279604688402434,downtrend,1,2025-09-11 12:47:24.097684,2025-09-13T15:30:02.412607
2025-08-30 02:00:00+00:00,ETH,crypto,1h,yahoo_finance,4266.35693359375,4316.1220703125,4266.35693359375,4306.58349609375,1929789440,0.0,0.0,ETH-USD,ETH,Ethereum,0.0052050252256241,22.2998046875,49.76513671875,40.2265625,4333.475146484375,4337.738745117187,4449.731103515625,0.0083269912644485,0.7793636786632117,37.54315304948216,inf,828879052.8,2.3281918314633034,4457.03125,4266.35693359375,0.210970010320076,2,5,30,8,-71.50929758854063,-126.78689376043137,25.51049080225189,normal,-0.01297253307844859,-0.006689729339632522,-0.033706664948789045,-0.04095617285548103,4457.03125,4266.35693359375,0.210970010320076,inf,605297623.04,3.188166228553773,1,-0.026126512889598996,downtrend,1,2025-09-11 12:47:24.097684,2025-09-13T15:30:02.412607
2025-08-30 03:00:00+00:00,ETH,crypto,1h,yahoo_finance,4305.33642578125,4376.62890625,4305.19482421875,4353.064453125,0,0.0,0.0,ETH-USD,ETH,Ethereum,0.0107930003153102,46.48095703125,71.43408203125,47.72802734375,4335.005908203125,4336.752734375,4446.4063671875,0.0076829242860651,0.7190823124845919,52.88147369335251,-1.0,789654937.6,0.0,4423.47802734375,4266.35693359375,0.5518515525942869,3,5,30,8,-22.520419560892176,51.91654045467513,24.225070932339644,normal,-0.0022912971221693557,0.0035289246876817337,-0.00450976124852509,-0.036783742992972046,4423.47802734375,4266.35693359375,0.5518515525942869,-1.0,605297623.04,0.0,-1,-0.025054043599447205,downtrend,1,2025-09-11 12:47:24.097684,2025-09-13T15:30:02.412607
2025-08-30 04:00:00+00:00,ETH,crypto,1h,yahoo_finance,4352.8359375,4367.8203125,4352.20556640625,4353.70361328125,1077366784,0.0,0.0,ETH-USD,ETH,Ethereum,0.0001468299316798,0.63916015625,15.61474609375,0.86767578125,4338.955322265625,4337.6705078125,4443.24583984375,0.006849127775015,0.6410432350469875,61.3761712298008,inf,843523276.8,1.277222352520148,4423.47802734375,4266.35693359375,0.5559194987942222,4,5,30,8,-21.949282697476352,89.35508622289954,23.03146676742113,normal,-0.001736808906684817,0.009154432782023436,0.004233908820714616,-0.0350256703906473,4423.47802734375,4266.35693359375,0.5559194987942222,inf,626844958.72,1.7187133261786982,1,-0.0234716964438305,downtrend,1,2025-09-11 12:47:24.097684,2025-09-13T15:30:02.412607
2025-08-30 05:00:00+00:00,ETH,crypto,1h,yahoo_finance,4353.13623046875,4399.548828125,4350.48291015625,4381.9248046875,865394688,0.0,0.0,ETH-USD,ETH,Ethereum,0.0064821113040767,28.22119140625,49.06591796875,28.78857421875,4342.852392578125,4339.833422851562,4439.99064453125,0.0065633336066789,0.6142943665420025,59.54802872412341,-0.1967501682324002,742921625.6,1.1648532741271167,4423.47802734375,4266.35693359375,0.7355337742087861,5,5,30,8,-13.232054022149962,141.11904996134336,21.64788102618557,normal,0.009678268618026786,0.008973316828510658,0.009970413891527086,-0.03581321500026757,4423.47802734375,4266.35693359375,0.7355337742087861,9.418047337278107,644152852.48,1.3434617027126636,1,-0.021878030773053718,downtrend,1,2025-09-11 12:47:24.097684,2025-09-13T15:30:02.412607
2025-08-30 06:00:00+00:00,ETH,crypto,1h,yahoo_finance,4379.60693359375,4401.0283203125,4376.83154296875,4398.9013671875,0,0.0,0.0,ETH-USD,ETH,Ethereum,0.0038742249711449,16.9765625,24.19677734375,19.29443359375,4350.5908203125,4342.293627929687,4436.57513671875,0.0065922738563447,0.6170030254951171,60.176298024024376,-1.0,641195827.2,0.0,4423.47802734375,4266.35693359375,0.8435814086467941,6,5,30,8,-1.5793652807941785,160.41290103461927,20.39885617889642,normal,0.026753054661426523,0.017906738706556347,0.01131207496929787,-0.0373714377790586,4423.47802734375,4266.35693359375,0.8435814086467941,,644152852.48,0.0,-1,-0.019380786700671906,sideways,1,2025-09-11 12:47:24.097684,2025-09-13T15:30:02.412607
2025-08-30 07:00:00+00:00,ETH,crypto,1h,yahoo_finance,4397.75048828125,4412.4248046875,4390.89306640625,4400.927734375,0,0.0,0.0,ETH-USD,ETH,Ethereum,0.0004606530172772,2.0263671875,21.53173828125,3.17724609375,4354.365087890625,4345.033129882812,4433.196923828125,0.0065925400821333,0.617027942863628,60.15797490617296,,641195827.2,0.0,4423.47802734375,4266.35693359375,0.8564782587077046,7,5,30,8,-7.871046676048899,150.15715937478677,19.52175608369269,normal,0.021906979945198746,0.008650257844762255,0.012606604508088592,-0.036962060914652595,4423.47802734375,4266.35693359375,0.8564782587077046,-1.0,613721292.8,0.0,-1,-0.017782164269262456,sideways,1,2025-09-11 12:47:24.097684,2025-09-13T15:30:02.412607
2025-08-30 08:00:00+00:00,ETH,crypto,1h,yahoo_finance,4401.7177734375,4401.87890625,4388.06884765625,4398.5537109375,0,0.0,0.0,ETH-USD,ETH,Ethereum,-0.0005394370416393,-2.3740234375,13.81005859375,3.1640625,4357.914306640625,4344.663134765625,4429.49376953125,0.0063477157324109,0.594113639273497,64.5537006674564,,534930022.4,0.0,4412.4248046875,4266.35693359375,0.905036654220166,8,5,30,8,-9.4963345779834,114.88824477387703,18.6231170849095,normal,0.010449938957334703,0.008134697920105571,-0.001679523434255814,-0.040394714597939974,4412.4248046875,4266.35693359375,0.905036654220166,,613721292.8,0.0,-1,-0.01615973892614821,sideways,1,2025-09-11 12:47:24.097684,2025-09-13T15:30:02.412607
2025-08-30 09:00:00+00:00,ETH,crypto,1h,yahoo_finance,4397.30712890625,4397.30712890625,4380.74462890625,4391.15771484375,0,0.0,0.0,ETH-USD,ETH,Ethereum,-0.0016814609027869,-7.39599609375,16.5625,6.1494140625,4360.90224609375,4347.63701171875,4425.519013671875,0.0062059834327823,0.5808482228804775,58.979125926599664,,513487667.2,0.0,4412.4248046875,4266.35693359375,0.8544026849675912,9,5,30,8,-14.559731503240883,84.01542565604197,17.562974133916434,normal,0.008602813808511023,0.006851063458181095,0.013730824218058268,-0.04329897982001485,4412.4248046875,4266.35693359375,0.8544026849675912,-1.0,596945387.52,0.0,-1,-0.014600946776751398,sideways,1,2025-09-11 12:47:24.097684,2025-09-13T15:30:02.412607
2025-08-30 10:00:00+00:00,ETH,crypto,1h,yahoo_finance,4392.9990234375,4405.5556640625,4386.60302734375,4393.75146484375,0,0.0,0.0,ETH-USD,ETH,Ethereum,0.0005906756642404,2.59375,18.95263671875,0.75244140625,4366.285205078125,4353.288305664062,4421.393349609375,0.0059844122707469,0.5601102984074615,64.471351935109,,370489344.0,0.0,4412.4248046875,4266.35693359375,0.8721598411483318,10,5,30,8,-12.784015885166825,85.08296517855489,16.816318366716057,normal,0.0026989646521544675,0.012403354575075243,0.02640343947239887,-0.04484383662614633,4412.4248046875,4266.35693359375,0.8721598411483318,-1.0,587583733.76,0.0,-1,-0.012463976890026977,sideways,1,2025-09-11 12:47:24.097684,2025-09-13T15:30:02.412607
2025-08-30 11:00:00+00:00,ETH,crypto,1h,yahoo_finance,4392.9453125,4398.87548828125,4384.0263671875,4391.7294921875,0,0.0,0.0,ETH-USD,ETH,Ethereum,-0.0004601927697615,-2.02197265625,14.84912109375,1.2158203125,4377.02978515625,4356.702661132813,4417.444736328125,0.0054758178259235,0.5125084666200883,56.79852258111034,,370489344.0,0.0,4412.4248046875,4266.35693359375,0.8583171484253561,11,5,30,8,-14.16828515746439,65.61777898105171,16.034981014411986,normal,-0.0016303786789803043,0.025079058372528662,0.015794615338571294,-0.04302108824718576,4412.4248046875,4266.35693359375,0.8583171484253561,,587583733.76,0.0,-1,-0.009148943243027171,sideways,1,2025-09-11 12:47:24.097684,2025-09-13T15:30:02.412607
2025-08-30 12:00:00+00:00,ETH,crypto,1h,yahoo_finance,4392.0380859375,4392.0380859375,4350.01953125,4365.98046875,0,0.0,0.0,ETH-USD,ETH,Ethereum,-0.0058630713670559,-25.7490234375,42.0185546875,26.0576171875,4382.969482421875,4358.222314453125,4412.59021484375,0.0057334503609943,0.5366215506740293,50.619584594336885,,338435072.0,0.0,4412.4248046875,4266.35693359375,0.6820359221386141,12,5,30,8,-31.79640778613859,8.339878557558404,15.532595350603993,normal,-0.007940886043647621,0.01379213307024596,0.0070101380933573765,-0.05266685391133519,4412.4248046875,4266.35693359375,0.6820359221386141,,587583733.76,0.0,-1,-0.006712776618647278,sideways,1,2025-09-11 12:47:24.097684,2025-09-13T15:30:02.412607
2025-08-30 13:00:00+00:00,ETH,crypto,1h,yahoo_finance,4366.5947265625,4366.5947265625,4336.52099609375,4354.99267578125,0,0.0,0.0,ETH-USD,ETH,Ethereum,-0.0025166839493204,-10.98779296875,30.07373046875,11.60205078125,4383.1623046875,4359.0841064453125,4407.84935546875,0.005774326308702,0.5404473297534831,48.71596401946253,,338435072.0,0.0,4412.4248046875,4266.35693359375,0.6068120355544264,13,5,30,8,-39.318796444557364,-30.278785084950048,15.434435275910669,normal,-0.009903490560529193,0.0004429575249835782,0.003973445376410645,-0.051620454870009436,4412.4248046875,4266.35693359375,0.6068120355544264,,566086942.72,0.0,-1,-0.005600702018235083,sideways,1,2025-09-11 12:47:24.097684,2025-09-13T15:30:02.412607
2025-08-30 14:00:00+00:00,ETH,crypto,1h,yahoo_finance,4358.9384765625,4368.6806640625,4341.05859375,4363.568359375,0,0.0,0.0,ETH-USD,ETH,Ethereum,0.0019691614273982,8.57568359375,27.6220703125,4.6298828125,4384.148779296875,4361.55205078125,4403.08302734375,0.0056240563505966,0.5263828323110978,55.09665414989813,,281246515.2,0.0,4412.4248046875,4266.35693359375,0.6655223017446272,14,5,30,8,-33.44776982553728,-21.103905171655008,15.267105642355391,normal,-0.006282934310349986,0.002265828584117946,0.011441003741610167,-0.051786695753480716,4412.4248046875,4266.35693359375,0.6655223017446272,,566086942.72,0.0,-1,-0.004300225076222876,sideways,1,2025-09-11 12:47:24.097684,2025-09-13T15:30:02.412607
2025-08-30 15:00:00+00:00,ETH,crypto,1h,yahoo_finance,4363.58935546875,4379.2734375,4358.623046875,4374.142578125,0,0.0,0.0,ETH-USD,ETH,Ethereum,0.0024232962289409,10.57421875,20.650390625,10.55322265625,4383.370556640625,4363.111474609375,4399.119482421875,0.0041493945629976,0.3883620515671466,74.03717297318478,,281246515.2,0.0,4412.4248046875,4266.35693359375,0.7379148044272549,15,5,30,8,-26.20851955727452,-0.8950653676737943,14.719063189951795,normal,-0.004462903028459642,-0.0017759835938250257,0.0071813967712159865,-0.04334282239926457,4412.4248046875,4266.35693359375,0.7379148044272549,,566086942.72,0.0,-1,-0.003580017738590519,sideways,1,2025-09-11 12:47:24.097684,2025-09-13T15:30:02.412607
2025-08-30 16:00:00+00:00,ETH,crypto,1h,yahoo_finance,4375.22314453125,4375.22314453125,4360.935546875,4362.703125,1200924672,0.0,0.0,ETH-USD,ETH,Ethereum,-0.0026152446841144,-11.439453125,14.28759765625,12.52001953125,4379.750732421875,4365.170776367188,4394.98111328125,0.0041374223616346,0.3872415149171642,65.93799141897533,inf,299635200.0,4.007955914391901,4412.4248046875,4266.35693359375,0.6595987925668652,16,5,30,8,-46.369195881734186,-40.275411099829796,14.210166627005602,normal,-0.006609324922934201,-0.008228927899477712,0.009530457545347648,-0.045281311223865583,4412.4248046875,4266.35693359375,0.6595987925668652,inf,590105436.16,2.0351018621600763,1,-0.0034654030283202495,sideways,1,2025-09-11 12:47:24.097684,2025-09-13T15:30:02.412607
2025-08-30 17:00:00+00:00,ETH,crypto,1h,yahoo_finance,4362.37451171875,4371.8115234375,4351.9267578125,4361.80810546875,0,0.0,0.0,ETH-USD,ETH,Ethereum,-0.0002051525179701,-0.89501953125,19.884765625,0.56640625,4375.83876953125,4365.1019287109375,4392.109736328125,0.0030124892002171,0.2819535400545353,53.35082315692563,-1.0,299635200.0,0.0,4412.4248046875,4266.35693359375,0.6534713702627805,17,5,30,8,-66.68532206290085,-68.9846447437506,14.039598459546994,normal,-0.0009556532172130261,-0.008888950527565442,-0.0003155843968359884,-0.03186611223655067,4412.4248046875,4266.35693359375,0.6534713702627805,,590105436.16,0.0,-1,-0.00370459022512437,sideways,1,2025-09-11 12:47:24.097684,2025-09-13T15:30:02.412607
2025-08-30 18:00:00+00:00,ETH,crypto,1h,yahoo_finance,4362.47998046875,4365.53076171875,4347.40673828125,4350.29248046875,0,0.0,0.0,ETH-USD,ETH,Ethereum,-0.0026401035354035,-11.515625,18.1240234375,12.1875,4371.012646484375,4364.4634765625,4389.338076171875,0.0031032540638051,0.2904486658127756,48.79334526285244,,257827123.2,0.0,4412.4248046875,4266.35693359375,0.574633875653107,18,5,30,8,-81.85666222796894,-99.68366384474788,14.033160204423291,normal,-0.0010792659511549285,-0.010972068011524616,-0.0029266245502515,-0.030872544398767077,4412.4248046875,4266.35693359375,0.574633875653107,,590105436.16,0.0,-1,-0.004174987063990885,sideways,1,2025-09-11 12:47:24.097684,2025-09-13T15:30:02.412607
2025-08-30 19:00:00+00:00,ETH,crypto,1h,yahoo_finance,4350.55517578125,4354.7412109375,4340.72998046875,4353.0322265625,0,0.0,0.0,ETH-USD,ETH,Ethereum,0.0006297843434781,2.73974609375,14.01123046875,2.47705078125,4367.20009765625,4364.051171875,4386.520478515625,0.0024887731010709,0.2329363989716073,37.53181733897477,,257827123.2,0.0,4412.4248046875,4266.35693359375,0.5933905404366415,19,5,30,8,-78.24716470141716,-101.52837289775599,14.254346082510947,low,-0.00241456806557494,-0.008682331803381071,-0.0018907515513499895,-0.03134905164669388,4412.4248046875,4266.35693359375,0.5933905404366415,,518331310.08,0.0,-1,-0.004404488923282605,sideways,1,2025-09-11 12:47:24.097684,2025-09-13T15:30:02.412607
2025-08-30 20:00:00+00:00,ETH,crypto,1h,yahoo_finance,4354.3115234375,4354.412109375,4338.865234375,4342.06591796875,0,0.0,0.0,ETH-USD,ETH,Ethereum,-0.0025192344147678,-10.96630859375,15.546875,12.24560546875,4362.03154296875,4364.158374023437,4383.71146484375,0.0022002642142844,0.2059334467416837,24.13160105430188,,253673779.2,0.0,4412.4248046875,4266.35693359375,0.5183137387304569,20,5,30,8,-92.69480415050401,-106.04666425369308,14.524809250985756,low,-0.0073332452208267895,-0.011763420686981885,0.0004940280102967431,-0.031332997973681165,4412.4248046875,4266.35693359375,0.5183137387304569,,518331310.08,0.0,-1,-0.004945563148685234,sideways,1,2025-09-11 12:47:24.097684,2025-09-13T15:30:02.412607
2025-08-30 21:00:00+00:00,ETH,crypto,1h,yahoo_finance,4342.3125,4355.408203125,4341.18408203125,4350.369140625,0,0.0,0.0,ETH-USD,ETH,Ethereum,0.0019122746667408,8.30322265625,14.22412109375,8.056640625,4357.8955078125,4367.462646484375,4381.70505859375,0.00230247726268,0.2155000638876731,28.23224211438037,,253673779.2,0.0,4412.4248046875,4266.35693359375,0.5751587012405273,21,5,30,8,-79.94030399694448,-82.97050357742923,14.722964880250599,low,-0.0028271427189994203,-0.009417782137100317,0.01542508712747237,-0.022540398191467026,4412.4248046875,4266.35693359375,0.5751587012405273,-1.0,518331310.08,0.0,-1,-0.005433855191725705,sideways,1,2025-09-11 12:47:24.097684,2025-09-13T15:30:02.412607
2025-08-30 22:00:00+00:00,ETH,crypto,1h,yahoo_finance,4347.51025390625,4359.5517578125,4342.15185546875,4358.0380859375,0,0.0,0.0,ETH-USD,ETH,Ethereum,0.0017628263406166,7.6689453125,17.39990234375,10.52783203125,4357.10126953125,4370.035375976562,4379.7160546875,0.0024042195988916,0.2250226247872099,33.316846414296165,,157184307.2,0.0,4412.4248046875,4305.19482421875,0.492803052726006,22,5,30,8,-68.83147195914644,-56.85215214514888,14.677539246172412,low,-0.0008643249405041464,-0.0018191521628070362,0.011947890918734494,-0.02231081475431529,4412.4248046875,4305.19482421875,0.492803052726006,,518331310.08,0.0,-1,-0.005163527697656564,sideways,1,2025-09-11 12:47:24.097684,2025-09-13T15:30:02.412607
2025-08-30 23:00:00+00:00,ETH,crypto,1h,yahoo_finance,4358.51123046875,4374.81396484375,4358.51123046875,4374.57861328125,1395832832,0.0,0.0,ETH-USD,ETH,Ethereum,0.0037954067902992,16.54052734375,16.302734375,16.0673828125,4359.05986328125,4371.111083984375,4377.42529296875,0.0026571702373217,0.2486975073259699,43.651321940092,inf,226975948.8,6.149694887848839,4412.4248046875,4336.52099609375,0.5013927218223105,23,5,30,8,-44.8717313962782,33.916177535844646,13.836934584506631,low,0.005582643677761068,0.00449735256936723,0.004942302230513729,-0.025514615371311944,4412.4248046875,4336.52099609375,0.5013927218223105,inf,523748966.4,2.6650798790005976,1,-0.004195486720698511,sideways,1,2025-09-11 12:47:24.097684,2025-09-13T15:30:02.412607
2025-08-31 00:00:00+00:00,ETH,crypto,1h,yahoo_finance,4374.4150390625,4467.859375,4373.6123046875,4458.2265625,181116928,0.0,0.0,ETH-USD,ETH,Ethereum,0.0191213729625967,83.64794921875,94.2470703125,83.8115234375,4368.52568359375,4376.337231445313,4376.441884765625,0.0058337767141749,0.546011582823516,65.233301569649,-0.87024454229201,182163456.0,0.9942550057899648,4467.859375,4336.52099609375,0.9266565296433578,0,6,31,8,-7.334347035664229,300.52999548940585,15.518232763467788,normal,0.024165760890902055,0.02169284295079965,0.024007823798546157,-0.010908826192709054,4467.859375,4336.52099609375,0.9266565296433578,inf,527371304.96,0.3434334145535987,0,-0.0018088212708665598,sideways,1,2025-09-11 12:47:24.097684,2025-09-13T15:30:02.412607
2025-08-31 01:00:00+00:00,ETH,crypto,1h,yahoo_finance,4461.326171875,4461.326171875,4440.27978515625,4459.2890625,0,0.0,0.0,ETH-USD,ETH,Ethereum,0.0002383234645222,1.0625,21.04638671875,2.037109375,4377.04033203125,4380.2054443359375,4375.471875,0.0058227816551265,0.5449825016830507,66.03475769740685,-1.0,138893721.6,0.0,4467.859375,4336.52099609375,0.9347463203720708,1,6,31,8,-6.525367962792911,265.4857104306038,17.07943821536029,normal,0.026997090036368743,0.01946586853405652,0.017655313877075418,-0.010759261880990967,4467.859375,4336.52099609375,0.9347463203720708,,527371304.96,0.0,-1,0.00035846580118850294,sideways,1,2025-09-11 12:47:24.097684,2025-09-13T15:30:02.412607
2025-08-31 02:00:00+00:00,ETH,crypto,1h,yahoo_finance,4457.3134765625,4460.46923828125,4448.83056640625,4449.1015625,1355247616,0.0,0.0,ETH-USD,ETH,Ethereum,-0.0022845569904115,-10.1875,11.638671875,8.2119140625,4385.68017578125,4382.7154541015625,4374.84525390625,0.0055661813024292,0.5209660246058799,71.30168629590514,inf,206656102.4,6.557984982107163,4467.859375,4336.52099609375,0.8571795033849975,2,6,31,8,-14.282049661500254,169.40256712696214,18.529128992117613,normal,0.022695182565775518,0.019803877326628694,0.011411984748500137,-0.00699286371751473,4467.859375,4336.52099609375,0.8571795033849975,inf,554476257.28,2.4441941349269096,1,0.002476641171553573,sideways,1,2025-09-11 12:47:24.097684,2025-09-13T15:30:02.412607
2025-08-31 03:00:00+00:00,ETH,crypto,1h,yahoo_finance,4449.72119140625,4483.41162109375,4449.72119140625,4483.41162109375,0,0.0,0.0,ETH-USD,ETH,Ethereum,0.0077116824850522,34.31005859375,33.6904296875,33.6904296875,4397.84052734375,4386.8396484375,4375.284296875,0.0056878227126489,0.5323510367832474,79.39634012759927,-1.0,206656102.4,0.0,4483.41162109375,4336.52099609375,1.0,3,6,31,8,-0.0,149.62570464826874,20.356514064298633,normal,0.028768343159002008,0.027879153022008385,0.018742386082480023,0.004920396245229108,4483.41162109375,4336.52099609375,1.0,,554476257.28,0.0,-1,0.005155374814125934,sideways,1,2025-09-11 12:47:24.097684,2025-09-13T15:30:02.412607
2025-08-31 04:00:00+00:00,ETH,crypto,1h,yahoo_finance,4485.6044921875,4485.76611328125,4461.0498046875,4464.2353515625,0,0.0,0.0,ETH-USD,ETH,Ethereum,-0.0042771601521102,-19.17626953125,24.71630859375,21.369140625,4409.234814453125,4390.12373046875,4374.94806640625,0.0059377672077501,0.555744559722962,71.97706844502055,,206656102.4,0.0,4485.76611328125,4336.52099609375,0.8557355702853553,4,6,31,8,-14.656659564637879,113.78977485502357,22.10027916150147,normal,0.020494942760669987,0.02619200240105979,0.014932553957832884,-0.0037516955092106175,4485.76611328125,4336.52099609375,0.8557355702853553,-1.0,497379573.76,0.0,-1,0.007837064012291084,sideways,1,2025-09-11 12:47:24.097684,2025-09-13T15:30:02.412607
2025-08-31 05:00:00+00:00,ETH,crypto,1h,yahoo_finance,4465.3623046875,4465.3623046875,4450.14501953125,4458.4609375,0,0.0,0.0,ETH-USD,ETH,Ethereum,-0.0012934833421089,-5.7744140625,15.21728515625,6.9013671875,4419.777685546875,4393.4888916015625,4374.19201171875,0.0059832889782784,0.5600051639930465,68.80196333767404,,206656102.4,0.0,4485.76611328125,4336.52099609375,0.8170447630327102,5,6,31,8,-18.587482923554028,79.52528422344777,23.146992291824894,normal,5.257135246816702e-05,0.02421960267010359,0.015326988240194517,-0.008407588418682721,4485.76611328125,4336.52099609375,0.8170447630327102,-1.0,497171087.36,0.0,-1,0.010421507264884004,sideways,1,2025-09-11 12:47:24.097684,2025-09-13T15:30:02.412607
2025-08-31 06:00:00+00:00,ETH,crypto,1h,yahoo_finance,4459.05029296875,4459.99365234375,4436.13232421875,4436.20458984375,635166720,0.0,0.0,ETH-USD,ETH,Ethereum,-0.0049919351023247,-22.25634765625,23.861328125,22.845703125,4429.191552734375,4395.611547851562,4373.45080078125,0.0061371409933259,0.5744049235951778,65.63565316564562,inf,238414438.4,2.664128583246072,4485.76611328125,4336.52099609375,0.6679186269441918,6,6,31,8,-33.738071416937835,52.31960312804097,23.42380888591803,normal,-0.005176715914287033,0.021680617856450812,0.009662158940869858,-0.008284898333163593,4485.76611328125,4336.52099609375,0.6679186269441918,inf,509874421.76,1.2457316799840876,1,0.012745256433013497,sideways,1,2025-09-11 12:47:24.097684,2025-09-13T15:30:02.412607
2025-08-31 07:00:00+00:00,ETH,crypto,1h,yahoo_finance,4435.42236328125,4455.6171875,4435.0859375,4452.15185546875,0,0.0,0.0,ETH-USD,ETH,Ethereum,0.0035947994061207,15.947265625,20.53125,16.7294921875,4439.36982421875,4398.632666015625,4372.95900390625,0.0061536782126801,0.5759527225181561,68.06176517674805,-1.0,238414438.4,0.0,4485.76611328125,4336.52099609375,0.7747714736270424,7,6,31,8,-22.882271408295743,49.710180503272696,23.62922510399896,normal,0.0006855975135429127,0.023396339840054958,0.01375821607153549,-0.005492799317479369,4485.76611328125,4336.52099609375,0.7747714736270424,-1.0,509874421.76,0.0,-1,0.015186700870778247,sideways,1,2025-09-11 12:47:24.097684,2025-09-13T15:30:02.412607
2025-08-31 08:00:00+00:00,ETH,crypto,1h,yahoo_finance,4452.0390625,4471.4033203125,4451.638671875,4471.2626953125,0,0.0,0.0,ETH-USD,ETH,Ethereum,0.0042924950595015,19.11083984375,19.7646484375,19.2236328125,4450.69228515625,4403.89677734375,4373.24810546875,0.0060748103010123,0.5685710904479642,73.47187036359813,,238414438.4,0.0,4485.76611328125,4336.52099609375,0.9028214909669104,8,6,31,8,-9.872927974791676,65.49541559404163,24.265460663865362,normal,-0.0027097502544917162,0.025980637879313706,0.024114222982917433,0.0032433704495689053,4485.76611328125,4336.52099609375,0.9028214909669103,,465772625.92,0.0,-1,0.017708617901339,sideways,1,2025-09-11 12:47:24.097684,2025-09-13T15:30:02.412607
2025-08-31 09:00:00+00:00,ETH,crypto,1h,yahoo_finance,4471.85595703125,4477.4931640625,4464.78173828125,4464.9921875,890159104,0.0,0.0,ETH-USD,ETH,Ethereum,-0.0014024020147762,-6.2705078125,12.71142578125,6.86376953125,4459.733642578125,4409.396752929688,4375.092255859375,0.0061335005900031,0.5740642005134098,71.42998669119076,inf,282922393.6,3.1463013325785743,4485.76611328125,4338.865234375,0.858585422116449,9,6,31,8,-14.14145778835511,66.62083064356334,25.019912781367587,normal,0.00016953316254597617,0.020667950495678378,0.025258254125310797,0.021086681950447383,4485.76611328125,4338.865234375,0.858585422116449,inf,467886161.92,1.9025121417294681,1,0.019346194724326932,sideways,1,2025-09-11 12:47:24.097684,2025-09-13T15:30:02.412607
2025-08-31 10:00:00+00:00,ETH,crypto,1h,yahoo_finance,4462.88916015625,4470.73388671875,4450.37548828125,4452.93603515625,684165120,0.0,0.0,ETH-USD,ETH,Ethereum,-0.0027001508261317,-12.05615234375,20.3583984375,9.953125,4459.20458984375,4413.86513671875,4377.444013671875,0.0061435577034533,0.5750054947559953,71.13321271146057,-0.2314125453240323,317130649.6,2.1573604470679326,4485.76611328125,4338.865234375,0.7765154410958176,10,6,31,8,-22.706886769513414,44.61611469452606,24.953558061356237,normal,-0.001239194964630097,-0.0011866887583171781,0.02048041153961666,0.02712305602799847,4485.76611328125,4338.865234375,0.7765154410958176,inf,481569464.32,1.4206987167802991,1,0.018677697742453342,sideways,1,2025-09-11 12:47:24.097684,2025-09-13T15:30:02.412607
2025-08-31 11:00:00+00:00,ETH,crypto,1h,yahoo_finance,4454.87646484375,4480.20556640625,4442.21435546875,4477.04150390625,0,0.0,0.0,ETH-USD,ETH,Ethereum,0.0054133876075661,24.10546875,37.9912109375,22.1650390625,4460.979833984375,4419.010083007813,4380.211513671875,0.0062184065072087,0.5820109589369659,72.77339930018488,-1.0,317130649.6,0.0,4485.76611328125,4338.865234375,0.9406088687830934,11,6,31,8,-6.075030089554675,60.38529042198907,25.181344987913146,normal,0.009205372122826017,0.003981002612173601,0.02352436481971254,0.031893440040947185,4485.76611328125,4338.865234375,0.9406088687830934,-1.0,424020910.08,0.0,-1,0.018439365327541625,sideways,1,2025-09-11 12:47:24.097684,2025-09-13T15:30:02.412607
2025-08-31 12:00:00+00:00,ETH,crypto,1h,yahoo_finance,4476.25244140625,4483.1142578125,4466.1015625,4483.1142578125,1626130432,0.0,0.0,ETH-USD,ETH,Ethereum,0.0013564211770098,6.07275390625,17.0126953125,6.86181640625,4464.381103515625,4425.0306396484375,4382.879853515625,0.0062208990822438,0.582244251177471,72.61623492433473,inf,338390937.6,4.805478667759688,4485.76611328125,4338.865234375,0.9819479945355372,12,6,31,8,-2.083892900720595,99.49713256883994,25.481891286009674,normal,0.006954480293774656,0.007644845781715093,0.027600120696385844,0.030672707556425705,4485.76611328125,4338.865234375,0.9819479945355373,inf,415853199.36,3.910347292031472,1,0.018595364856881926,sideways,1,2025-09-11 12:47:24.097684,2025-09-13T15:30:02.412607
2025-08-31 13:00:00+00:00,ETH,crypto,1h,yahoo_finance,4492.90673828125,4496.72216796875,4467.515625,4472.5517578125,0,0.0,0.0,ETH-USD,ETH,Ethereum,-0.0023560630830662,-10.5625,29.20654296875,20.35498046875,4463.2951171875,4430.567822265625,4385.408134765625,0.0063041384953498,0.5900350333637134,68.10692569671177,-1.0,338390937.6,0.0,4496.72216796875,4338.865234375,0.8468840765749742,13,6,31,8,-19.633203637820323,113.4311422087316,26.166318798348033,normal,0.0002882994330328792,-0.0024222320409208464,0.02538939120336403,0.02908652954929236,4496.72216796875,4338.865234375,0.8468840765749742,,415853199.36,0.0,-1,0.017760486602015686,sideways,1,2025-09-11 12:47:24.097684,2025-09-13T15:30:02.412607
2025-08-31 14:00:00+00:00,ETH,crypto,1h,yahoo_finance,4473.8779296875,4473.8779296875,4453.716796875,4457.6220703125,1887754240,0.0,0.0,ETH-USD,ETH,Ethereum,-0.0033380692518362,-14.9296875,20.1611328125,16.255859375,4462.6337890625,4435.934301757812,4386.44150390625,0.0039034165436285,0.3653397704145,49.85024145239178,inf,432778649.6,4.361939392677471,4496.72216796875,4338.865234375,0.7523067453161393,14,6,31,8,-63.43687366811639,-5.841912608825998,26.023470526686214,normal,-0.001650645035423115,-0.001481391711950275,0.024671810073833234,0.011726963460418904,4496.72216796875,4338.865234375,0.7523067453161393,1.120693066573411,411101962.24,4.591936826849625,1,0.017369953546262727,sideways,1,2025-09-11 12:47:24.097684,2025-09-13T15:30:02.412607
2025-08-31 15:00:00+00:00,ETH,crypto,1h,yahoo_finance,4459.302734375,4488.56640625,4459.302734375,4485.40283203125,0,0.0,0.0,ETH-USD,ETH,Ethereum,0.0062321931470521,27.78076171875,29.263671875,26.10009765625,4465.327978515625,4442.55283203125,4389.51595703125,0.0042455884871051,0.3973653095479256,55.71315946339181,-1.0,432778649.6,0.0,4496.72216796875,4338.865234375,0.928293704433467,15,6,31,8,-18.36474400107739,99.9600769292529,26.349410199258443,normal,0.007291098865708445,0.006042868808077362,0.030408827359700075,0.03548799773110556,4496.72216796875,4338.865234375,0.928293704433467,-1.0,402525020.16,0.0,-1,0.017271157509505565,sideways,1,2025-09-11 12:47:24.097684,2025-09-13T15:30:02.412607
2025-08-31 16:00:00+00:00,ETH,crypto,1h,yahoo_finance,4485.0283203125,4485.0283203125,4463.08447265625,4473.154296875,1057705984,0.0,0.0,ETH-USD,ETH,Ethereum,-0.0027307547649412,-12.24853515625,21.94384765625,11.8740234375,4469.02294921875,4449.107250976563,4393.36453125,0.0042691073221389,0.3995665518943727,55.21521496087001,inf,485663948.8,2.1778556687467265,4496.72216796875,4341.18408203125,0.8484752403136792,16,6,31,8,-38.237041614183525,62.26250686669512,26.65206846664694,normal,-0.0008682535169393102,0.008329126009166243,0.03019032446370007,0.044952358443541174,4496.72216796875,4341.18408203125,0.8484752403136792,inf,366479810.56,2.8861234739882966,1,0.017221065411392896,sideways,1,2025-09-11 12:47:24.097684,2025-09-13T15:30:02.412607
2025-08-31 17:00:00+00:00,ETH,crypto,1h,yahoo_finance,4472.11962890625,4487.7255859375,4470.78173828125,4479.189453125,0,0.0,0.0,ETH-USD,ETH,Ethereum,0.0013491947403236,6.03515625,16.94384765625,7.06982421875,4471.726708984375,4455.548266601562,4396.47947265625,0.0037354479367564,0.3496187702123426,48.956596237616594,-1.0,485663948.8,0.0,4496.72216796875,4342.15185546875,0.8865712661106899,17,6,31,8,-28.445469021080402,96.02277600296452,27.020920865499836,normal,-0.0008754638989315611,0.006072927998410194,0.029611352125739954,0.03602385703847011,4496.72216796875,4342.15185546875,0.8865712661106899,-1.0,366479810.56,0.0,-1,0.017115338942470325,sideways,1,2025-09-11 12:47:24.097684,2025-09-13T15:30:02.412607
2025-08-31 18:00:00+00:00,ETH,crypto,1h,yahoo_finance,4477.6962890625,4489.87353515625,4476.14453125,4487.9130859375,214358016,0.0,0.0,ETH-USD,ETH,Ethereum,0.0019475918363787,8.7236328125,13.72900390625,10.216796875,4473.391748046875,4462.042016601563,4399.525986328125,0.0035613845782682,0.3333273325149044,56.17012505153222,inf,496381849.6,0.4318409631068025,4496.72216796875,4358.51123046875,0.9362634955627156,18,6,31,8,-14.292051873153188,115.81821483427085,27.436294211651425,normal,0.0034345780567361928,0.003723867676675763,0.02980125401360767,0.03513380528585475,4496.72216796875,4358.51123046875,0.9362634955627155,inf,357945262.08,0.5988569725839574,-1,0.016789481855157516,sideways,1,2025-09-11 12:47:24.097684,2025-09-13T15:30:02.412607
2025-08-31 19:00:00+00:00,ETH,crypto,1h,yahoo_finance,4488.4091796875,4488.72900390625,4455.51416015625,4455.51416015625,0,0.0,0.0,ETH-USD,ETH,Ethereum,-0.0072191517885605,-32.39892578125,33.21484375,32.89501953125,4472.4439453125,4466.088793945312,4401.8811328125,0.0040890895010968,0.3827178070384319,49.32567572097389,-1.0,426590208.0,0.0,4496.72216796875,4373.6123046875,0.665274522169207,19,6,31,8,-66.85679428983372,-9.110449755914098,26.550412860605157,normal,-0.00047287771888260277,-0.00212274220104669,0.018501335563905208,0.027147055188329716,4496.72216796875,4373.6123046875,0.665274522169207,-1.0,357945262.08,0.0,-1,0.01603014946814672,sideways,1,2025-09-11 12:47:24.097684,2025-09-13T15:30:02.412607
2025-08-31 20:00:00+00:00,ETH,crypto,1h,yahoo_finance,4456.00341796875,4461.41796875,4447.259765625,4456.2861328125,1817100288,0.0,0.0,ETH-USD,ETH,Ethereum,0.0001732623056511,0.77197265625,14.158203125,0.28271484375,4472.778955078125,4465.991772460938,4404.722666015625,0.0038328646705659,0.3587364769102344,55.09647198780624,inf,508389376.0,3.5742294661956118,4496.72216796875,4435.0859375,0.3439567142777923,20,6,31,8,-65.60432857222077,-105.66197922849425,25.279231948048842,normal,-0.0064914346178276405,0.0007523345563018591,-0.0004352469889757904,0.03293225817075918,4496.72216796875,4435.0859375,0.3439567142777923,inf,371411845.12,4.8924134000435835,1,0.015450754615627636,sideways,1,2025-09-11 12:47:24.097684,2025-09-13T15:30:02.412607
2025-08-31 21:00:00+00:00,ETH,crypto,1h,yahoo_finance,4455.673828125,4476.7998046875,4452.2685546875,4470.79833984375,115437568,0.0,0.0,ETH-USD,ETH,Ethereum,0.003256569842855,14.51220703125,24.53125,15.12451171875,4472.154638671875,4466.567236328125,4407.27955078125,0.0038117071175373,0.3567562384499947,54.76699305448064,-0.936471548234106,514161254.4,0.2245162719130008,4496.72216796875,4435.0859375,0.5794060096172889,21,6,31,8,-47.559839472552675,-30.503330494563457,24.742400063249026,normal,-0.0005266880762185844,-0.0013944842943833802,0.002580966872171686,0.029437160810715124,4496.72216796875,4435.0859375,0.5794060096172889,-0.890860437828439,373720596.48,0.30888735886457286,-1,0.01471998477589761,sideways,1,2025-09-11 12:47:24.097684,2025-09-13T15:30:02.412607
2025-08-31 22:00:00+00:00,ETH,crypto,1h,yahoo_finance,4468.1923828125,4472.34326171875,4437.00341796875,4442.44775390625,0,0.0,0.0,ETH-USD,ETH,Ethereum,-0.0063412804117867,-28.3505859375,35.33984375,25.74462890625,4468.08798828125,4466.234545898437,4409.6981640625,0.004010383660571,0.375351343995972,42.96574955479428,-1.0,446398873.6,0.0,4496.72216796875,4435.0859375,0.119439757270401,22,6,31,8,-90.88337257980115,-148.23093812347236,23.440967772856094,normal,-0.008202756235978437,-0.009071038917953578,-0.001495539829846293,0.027983382119836087,4496.72216796875,4435.0859375,0.11943975727040108,,357057576.96,0.0,-1,0.0132412292284779,sideways,1,2025-09-11 12:47:24.097684,2025-09-13T15:30:02.412607
2025-08-31 23:00:00+00:00,ETH,crypto,1h,yahoo_finance,4444.5791015625,4444.5791015625,4381.40283203125,4390.60986328125,856369152,0.0,0.0,ETH-USD,ETH,Ethereum,-0.0116687676471645,-51.837890625,63.17626953125,53.96923828125,4459.893798828125,4461.594458007812,4410.24666015625,0.005010908356781,0.4689953245247878,35.14648268007824,inf,489217331.2,1.7504881724026706,4496.72216796875,4381.40283203125,0.0798394404125771,23,6,31,8,-92.01605595874229,-300.8740091303795,23.373532204358842,normal,-0.021681173586258096,-0.018321061212565493,-0.020698915391993533,0.0062855011463436306,4496.72216796875,4381.40283203125,0.07983944041257716,2.9950414170655506,374184960.0,2.288625261688765,1,0.011257224934923704,sideways,1,2025-09-11 12:47:24.097684,2025-09-13T15:30:02.412607
2025-09-01 00:00:00+00:00,ETH,crypto,1h,yahoo_finance,4389.5283203125,4403.61474609375,4366.9833984375,4397.85791015625,983273472,0.0,0.0,ETH-USD,ETH,Ethereum,0.0016508064029134,7.248046875,36.63134765625,8.32958984375,4453.9173828125,4458.2755859375,4410.942587890625,0.00504469016748,0.4721571287614084,38.78602786791373,0.1481888035126235,538381004.8,1.8263524590085984,4496.72216796875,4366.9833984375,0.23797444534352,0,0,1,9,-76.20255546564799,-237.60120127973755,23.70233359232694,normal,-0.01294042571238918,-0.013407184192279487,-0.014868714612686684,0.007975222566042328,4496.72216796875,4366.9833984375,0.23797444534352008,inf,377127198.72,2.6072727592634766,1,0.009742769048922614,sideways,1,2025-09-11 12:47:24.097684,2025-09-13T15:30:02.412607
2025-09-01 01:00:00+00:00,ETH,crypto,1h,yahoo_finance,4397.06591796875,4430.3427734375,4386.07666015625,4418.7939453125,0,0.0,0.0,ETH-USD,ETH,Ethereum,0.004760507407004,20.93603515625,44.26611328125,21.72802734375,4447.256494140625,4456.292236328125,4412.092900390625,0.0049847310238625,0.4665452604100256,37.985670345430485,-1.0,538381004.8,0.0,4496.72216796875,4366.9833984375,0.3993451384053744,1,0,1,9,-60.06548615946256,-123.51813558201286,22.877023578257884,normal,-0.00841332589124777,-0.01485014595413403,-0.008897014629838274,0.01318779054574959,4496.72216796875,4366.9833984375,0.3993451384053744,-1.0,377127198.72,0.0,-1,0.007969821702278132,sideways,1,2025-09-11 12:47:24.097684,2025-09-13T15:30:02.412607
2025-09-01 02:00:00+00:00,ETH,crypto,1h,yahoo_finance,4416.90966796875,4417.6171875,4372.44140625,4386.92724609375,258306048,0.0,0.0,ETH-USD,ETH,Ethereum,-0.0072116282436194,-31.86669921875,45.17578125,29.982421875,4438.6337890625,4453.828369140625,4413.0330078125,0.0052044263012698,0.4871076117020363,32.068220339754475,inf,519537971.2,0.4971841565369688,4496.72216796875,4366.9833984375,0.1537231139797896,2,0,1,9,-84.62768860202104,-134.10236505718808,22.5099364440083,normal,-0.018759757737793925,-0.01927656527329924,-0.011107996205318327,0.010830925635902044,4496.72216796875,4366.9833984375,0.1537231139797896,1.2376255189298515,380631982.08,0.6786241308164959,-1,0.005801176017645573,sideways,1,2025-09-11 12:47:24.097684,2025-09-13T15:30:02.412607
2025-09-01 03:00:00+00:00,ETH,crypto,1h,yahoo_finance,4384.0419921875,4407.14697265625,4375.01123046875,4406.755859375,0,0.0,0.0,ETH-USD,ETH,Ethereum,0.0045199321002886,19.82861328125,32.1357421875,22.7138671875,4431.3904296875,4451.558569335937,4415.482451171875,0.0054401297051751,0.509168241539051,38.14354797837594,-1.0,519537971.2,0.0,4496.72216796875,4366.9833984375,0.3065580248772134,3,0,1,9,-67.63575824760906,-99.13736311614922,22.16906981934797,normal,-0.008034285715541878,-0.01617113866426556,-0.010196416826615762,0.028586381479455802,4496.72216796875,4366.9833984375,0.30655802487721345,,380631982.08,0.0,-1,0.003602772447074852,sideways,1,2025-09-11 12:47:24.097684,2025-09-13T15:30:02.412607
2025-09-01 04:00:00+00:00,ETH,crypto,1h,yahoo_finance,4405.64013671875,4410.91845703125,4375.62109375,4387.08154296875,1456297984,0.0,0.0,ETH-USD,ETH,Ethereum,-0.004464580529097,-19.67431640625,35.29736328125,18.55859375,4421.307275390625,4447.34951171875,4417.092412109375,0.0054848149809222,0.5133505541874465,37.50227086732425,inf,592352870.4,2.458497386898119,4496.72216796875,4366.9833984375,0.1549124028527878,4,0,1,9,-83.64543724347284,-90.26190183318046,21.684331206781707,normal,-0.0008036059732857703,-0.022467356438942043,-0.018827154224689613,0.018691857930541733,4496.72216796875,4366.9833984375,0.15491240285278787,0.7005493257188227,371162152.96,3.9236165982606117,1,0.0009542166855498666,sideways,1,2025-09-11 12:47:24.097684,2025-09-13T15:30:02.412607
2025-09-01 05:00:00+00:00,ETH,crypto,1h,yahoo_finance,4384.46337890625,4405.93701171875,4364.25927734375,4396.88525390625,386693120,0.0,0.0,ETH-USD,ETH,Ethereum,0.0022346771632755,9.8037109375,41.677734375,12.421875,4415.444384765625,4443.944165039063,4417.968828125,0.0051672151803083,0.4836248416115264,33.250301207045666,-0.7344684094543112,567179571.2,0.6817825246806067,4496.72216796875,4364.25927734375,0.2463027675793633,5,0,1,9,-74.02685242052725,-80.62580294792679,21.602543466376922,normal,-0.00022116591073895187,-0.013158729642090083,-0.01525353925241335,0.01006665562918374,4496.72216796875,4364.25927734375,0.2463027675793633,-0.6067288185722557,378896015.36,1.020578481493377,0,-0.0005714036150061829,sideways,1,2025-09-11 12:47:24.097684,2025-09-13T15:30:02.412607
2025-09-01 06:00:00+00:00,ETH,crypto,1h,yahoo_finance,4396.11083984375,4408.52783203125,4377.21533203125,4399.12060546875,0,0.0,0.0,ETH-USD,ETH,Ethereum,0.0005083943367669,2.2353515625,31.3125,3.009765625,4409.72783203125,4441.253393554687,4418.87716796875,0.0051760509902322,0.4844518281073134,35.439230652512535,-1.0,532971315.2,0.0,4496.72216796875,4364.25927734375,0.26317807168871,6,0,1,9,-72.24731592409177,-60.96248844566834,21.399649669080713,normal,-0.004452196705080458,-0.012828064814516482,-0.012085381254665073,0.010431806163596624,4496.72216796875,4364.25927734375,0.26317807168871,,357348679.68,0.0,-1,-0.0020705114873572406,sideways,1,2025-09-11 12:47:24.097684,2025-09-13T15:30:02.412607
2025-09-01 07:00:00+00:00,ETH,crypto,1h,yahoo_finance,4399.06201171875,4456.8974609375,4383.0068359375,4455.16162109375,3171442688,0.0,0.0,ETH-USD,ETH,Ethereum,0.0127391405353454,56.041015625,73.890625,56.099609375,4408.16416015625,4440.159399414062,4420.341904296875,0.006363014776309,0.5955455513235725,46.05102871147447,inf,691543449.6,4.586035324077488,4496.72216796875,4364.25927734375,0.6862476224178352,7,0,1,9,-27.63373733761438,18.23927045579383,20.470685495011264,normal,0.015554024758618334,-0.0034975227154948607,-0.004887129769382215,0.016713389588042693,4496.72216796875,4364.25927734375,0.6862476224178352,11.277849134991992,403469639.68,7.860424617117005,1,-0.0027549326283534967,sideways,1,2025-09-11 12:47:24.097684,2025-09-13T15:30:02.412607
2025-09-01 08:00:00+00:00,ETH,crypto,1h,yahoo_finance,4474.09033203125,4487.58203125,4467.66162109375,4476.6650390625,2141161472,0.0,0.0,ETH-USD,ETH,Ethereum,0.0048266302768766,21.50341796875,19.92041015625,2.57470703125,4411.585888671875,4439.836938476563,4421.897177734375,0.0064887961766523,0.6073180453452086,48.22590930234708,-0.3248620004701154,717295001.6,2.985050038302121,4496.72216796875,4364.25927734375,0.8485830347532475,8,0,1,9,-9.692288379610378,120.47900334223695,20.492131520096926,normal,0.015864091844065786,0.00770234948203119,-0.0014385577478337463,0.017677975790741485,4496.72216796875,4364.25927734375,0.8485830347532475,inf,446292869.12,4.7976600572219334,1,-0.0023318699300427705,sideways,1,2025-09-11 12:47:24.097684,2025-09-13T15:30:02.412607
2025-09-01 09:00:00+00:00,ETH,crypto,1h,yahoo_finance,4476.1455078125,4481.93994140625,4443.56884765625,4443.56884765625,209397760,0.0,0.0,ETH-USD,ETH,Ethereum,-0.0073930461889507,-33.09619140625,38.37109375,32.57666015625,4416.881787109375,4438.38779296875,4422.75,0.0065034988868075,0.6086941436151623,48.12006848409773,-0.902203657809886,727764889.6,0.2877272083228567,4489.87353515625,4364.25927734375,0.6313739514417434,9,0,1,9,-35.68942648427137,78.00342332226599,19.627562315036414,normal,0.012875827388718841,0.012061874323632482,-0.0064801732267544265,0.009689119170984473,4489.87353515625,4364.25927734375,0.6313739514417434,-0.8562122846418773,450480824.32,0.464831683604037,-1,-0.0013268244622971722,sideways,1,2025-09-11 12:47:24.097684,2025-09-13T15:30:02.412607
2025-09-01 10:00:00+00:00,ETH,crypto,1h,yahoo_finance,4441.43115234375,4443.18115234375,4392.20263671875,4406.20654296875,0,0.0,0.0,ETH-USD,ETH,Ethereum,-0.0084081750431765,-37.3623046875,50.978515625,35.224609375,4417.716650390625,4435.8170166015625,4422.903056640625,0.0068629163629989,0.642333776169632,42.932528848578905,-1.0,633377177.6,0.0,4489.87353515625,4364.25927734375,0.3339371370375265,10,0,1,9,-65.98578583730921,-12.984010468886101,19.101711834680493,normal,0.002119975510895822,0.0018983407338422076,-0.011534294862315608,0.0017398519000053625,4489.87353515625,4364.25927734375,0.33393713703752653,-1.0,450480824.32,0.0,-1,-0.0011726248989820923,sideways,1,2025-09-11 12:47:24.097684,2025-09-13T15:30:02.412607
2025-09-01 11:00:00+00:00,ETH,crypto,1h,yahoo_finance,4406.5244140625,4413.47119140625,4383.4208984375,4394.3916015625,167045120,0.0,0.0,ETH-USD,ETH,Ethereum,-0.0026814315877007,-11.81494140625,30.05029296875,12.1328125,4415.276416015625,4431.266455078125,4422.967734375,0.0067768723325479,0.634280496182949,39.134395722667776,inf,641729433.6,0.2603045945125244,4489.87353515625,4364.25927734375,0.2398798093742468,11,0,1,9,-75.5662898659751,-49.76408698110223,18.82583077469736,normal,-0.0010749884648243446,-0.005522399109803788,-0.02029053663114022,0.0007364542402605867,4489.87353515625,4364.25927734375,0.23987980937424686,inf,453821726.72,0.36808532990987425,-1,-0.0017389496874686086,sideways,1,2025-09-11 12:47:24.097684,2025-09-13T15:30:02.412607
2025-09-01 12:00:00+00:00,ETH,crypto,1h,yahoo_finance,4393.77587890625,4409.52685546875,4386.44482421875,4403.0048828125,902656000,0.0,0.0,ETH-USD,ETH,Ethereum,0.0019600622864237,8.61328125,23.08203125,9.22900390625,4416.8841796875,4427.758984375,4423.152802734375,0.0066553718903227,0.622908677886931,44.05733514013769,4.403665788021823,633976934.4,1.423799433419892,4489.87353515625,4364.25927734375,0.3084491055671738,12,0,1,9,-68.58194920119573,-36.388428042534954,18.56965550471302,normal,-0.011707036178958075,0.0036648970490829047,-0.015682314851403034,0.0021060403718304865,4489.87353515625,4364.25927734375,0.3084491055671738,-0.7153800056310524,471874846.72,1.9129139988587183,1,-0.0014172295931081432,sideways,1,2025-09-11 12:47:24.097684,2025-09-13T15:30:02.412607
2025-09-01 13:00:00+00:00,ETH,crypto,1h,yahoo_finance,4403.06689453125,4421.5341796875,4378.39013671875,4385.296875,0,0.0,0.0,ETH-USD,ETH,Ethereum,-0.004021800630207,-17.7080078125,43.14404296875,17.77001953125,4414.73828125,4423.06435546875,4423.024150390625,0.0059555043439998,0.5574046647137735,49.10775639396151,-1.0,633976934.4,0.0,4489.87353515625,4364.25927734375,0.1674777849474069,13,0,1,9,-82.94102508265199,-48.01660020606014,17.911921191236807,normal,-0.020409872810504992,-0.004869565063230774,-0.020961957315624113,-0.0014647116128038151,4489.87353515625,4364.25927734375,0.1674777849474069,-1.0,471874846.72,0.0,-1,-0.0018733492874764563,sideways,1,2025-09-11 12:47:24.097684,2025-09-13T15:30:02.412607
2025-09-01 14:00:00+00:00,ETH,crypto,1h,yahoo_finance,4385.81787109375,4401.509765625,4383.16162109375,4398.177734375,1170442240,0.0,0.0,ETH-USD,ETH,Ethereum,0.0029372833224661,12.880859375,18.34814453125,12.35986328125,4415.847900390625,4418.577587890625,4423.668095703125,0.0059938999267755,0.5609982943557622,50.0527128189528,inf,681781145.6,1.7167418717189,4488.72900390625,4364.25927734375,0.2725036679036852,14,0,1,9,-72.49618909983569,-52.36246800608274,17.301167900151757,normal,-0.010215012940598789,0.002529287704723382,-0.01999489514261721,0.0073745784836776185,4488.72900390625,4364.25927734375,0.2725036679036852,4.589564281871974,495283691.52,2.3631754084370784,1,-0.0017678078787366396,sideways,1,2025-09-11 12:47:24.097684,2025-09-13T15:30:02.412607
2025-09-01 15:00:00+00:00,ETH,crypto,1h,yahoo_finance,4396.353515625,4403.05322265625,4353.32373046875,4358.8173828125,0,0.0,0.0,ETH-USD,ETH,Ethereum,-0.0089492407855348,-39.3603515625,49.7294921875,37.5361328125,4412.04111328125,4413.742749023438,4423.74458984375,0.0062735653090085,0.5871735399120274,40.6807642817257,-1.0,681781145.6,0.0,4487.58203125,4353.32373046875,0.040918530264292,15,0,1,9,-95.9081469735708,-110.07631968554342,17.563778971334305,normal,-0.010755092775183606,-0.008657917797588621,-0.02170272024011677,0.0008782350088714086,4487.58203125,4353.32373046875,0.04091853026429203,,495283691.52,0.0,-1,-0.002645604040832227,sideways,1,2025-09-11 12:47:24.097684,2025-09-13T15:30:02.412607
2025-09-01 16:00:00+00:00,ETH,crypto,1h,yahoo_finance,4363.16015625,4368.99462890625,4353.4677734375,4356.33837890625,204021760,0.0,0.0,ETH-USD,ETH,Ethereum,-0.0005687331421648,-2.47900390625,15.52685546875,6.82177734375,4407.762890625,4408.745361328125,4423.599990234375,0.0060098185216804,0.5624881932028022,44.76937001325901,inf,601127219.2,0.3393986388963037,4487.58203125,4353.32373046875,0.0224540934896221,16,0,1,9,-97.75459065103777,-132.24291248036212,17.807632108860954,normal,-0.008659497401806271,-0.009725177006812524,-0.022428486620353016,-0.0016568963456746744,4487.58203125,4353.32373046875,0.022454093489622164,0.22135719977931712,499364126.72,0.4085631087280678,-1,-0.0035801382684548287,sideways,1,2025-09-11 12:47:24.097684,2025-09-13T15:30:02.412607
2025-09-01 17:00:00+00:00,ETH,crypto,1h,yahoo_finance,4355.24072265625,4357.06396484375,4312.94482421875,4327.80224609375,0,0.0,0.0,ETH-USD,ETH,Ethereum,-0.0065504858278857,-28.5361328125,44.119140625,27.4384765625,4395.026953125,4401.595556640625,4422.67318359375,0.0060291974718847,0.5643019635599705,36.88952456009768,-1.0,595355340.8,0.0,4487.58203125,4312.94482421875,0.0850759246988036,17,0,1,9,-91.49240753011964,-177.5842351606812,18.982103139337873,normal,-0.01707984404294205,-0.028586925869758417,-0.03198446516265763,-0.010594152157498704,4487.58203125,4312.94482421875,0.0850759246988036,-1.0,499364126.72,0.0,-1,-0.006251022700774288,sideways,1,2025-09-11 12:47:24.097684,2025-09-13T15:30:02.412607
2025-09-01 18:00:00+00:00,ETH,crypto,1h,yahoo_finance,4325.88623046875,4349.271484375,4325.0048828125,4347.96533203125,1838106624,0.0,0.0,ETH-USD,ETH,Ethereum,0.0046589665587652,20.1630859375,24.2666015625,22.0791015625,4382.156982421875,4396.871435546875,4422.378427734375,0.0061496366811859,0.575574455896674,43.51516662565245,inf,687260672.0,2.674540678504007,4487.58203125,4312.94482421875,0.2005329128187062,18,0,1,9,-79.94670871812937,-133.4663126782244,20.072683381923586,normal,-0.00851288841619191,-0.028749014256872374,-0.021268099729911616,-0.003378133360552704,4487.58203125,4312.94482421875,0.2005329128187062,inf,512107765.76,3.589296524867446,1,-0.009094980443160672,sideways,1,2025-09-11 12:47:24.097684,2025-09-13T15:30:02.412607
2025-09-01 19:00:00+00:00,ETH,crypto,1h,yahoo_finance,4347.29052734375,4368.50146484375,4345.13818359375,4368.01806640625,419010560,0.0,0.0,ETH-USD,ETH,Ethereum,0.0046119812012466,20.052734375,23.36328125,20.7275390625,4374.601904296875,4395.741845703125,4422.502626953125,0.0062662993373286,0.5864934822252014,45.37157369625874,-0.7720422991087594,665392742.4,0.6297191617820688,4487.58203125,4312.94482421875,0.3153580106079288,19,0,1,9,-68.46419893920711,-76.36169197608679,20.27395443768459,normal,-0.0068573099565827356,-0.017002275387237198,-0.005145480372541367,0.0014237125493241631,4487.58203125,4312.94482421875,0.31535801060792884,-0.6420066316130217,520487976.96,0.8050340806089386,0,-0.010831134924447037,sideways,1,2025-09-11 12:47:24.097684,2025-09-13T15:30:02.412607
2025-09-01 20:00:00+00:00,ETH,crypto,1h,yahoo_finance,4367.908203125,4367.908203125,4276.42578125,4280.66943359375,1383471104,0.0,0.0,ETH-USD,ETH,Ethereum,-0.0199973149113747,-87.3486328125,91.482421875,87.23876953125,4362.048193359375,4389.882421875,4421.110166015625,0.0081406851136993,0.7619263783954149,35.080211667285795,2.3017571299396367,685402624.0,2.018479439028235,4487.58203125,4276.42578125,0.0200972140002959,20,0,1,9,-97.99027859997041,-145.33503480835967,21.81373004647085,normal,-0.017928704590125633,-0.028490972484103594,-0.02664671732387469,-0.016004222058075945,4487.58203125,4276.42578125,0.02009721400029599,inf,548157399.04,2.523857392827139,1,-0.013359081868226224,sideways,1,2025-09-11 12:47:24.097684,2025-09-13T15:30:02.412607
2025-09-01 21:00:00+00:00,ETH,crypto,1h,yahoo_finance,4287.01953125,4288.0830078125,4236.25341796875,4258.640625,1393430528,0.0,0.0,ETH-USD,ETH,Ethereum,-0.0051461129936529,-22.02880859375,51.82958984375,28.37890625,4348.473095703125,4381.874755859375,4419.222333984375,0.006985151696158,0.6537743764882955,22.92709570748416,0.0071988666559095,755074150.4,1.845422104917552,4487.58203125,4236.25341796875,0.0890754408699081,21,0,1,9,-91.09245591300919,-179.64453768734896,23.80002823487806,normal,-0.02242657603902176,-0.03089187056388676,-0.036243672435188334,-0.021684103551201872,4487.58203125,4236.25341796875,0.08907544086990817,5.829813290503915,576026009.6,2.4190409890824482,1,-0.01600943173580094,sideways,1,2025-09-11 12:47:24.097684,2025-09-13T15:30:02.412607
2025-09-01 22:00:00+00:00,ETH,crypto,1h,yahoo_finance,4261.42333984375,4290.76806640625,4261.06103515625,4285.69287109375,1188159488,0.0,0.0,ETH-USD,ETH,Ethereum,0.0063523195488583,27.05224609375,29.70703125,24.26953125,4336.74189453125,4376.813037109375,4418.094873046875,0.0071303096071934,0.66736041254127,24.087660879232416,-0.1473134367844135,801566822.4,1.4822962413071052,4487.58203125,4236.25341796875,0.1967123937045506,22,0,1,9,-79.87701871748091,-132.14045255188944,25.542397134692983,normal,-0.009729967453574795,-0.026643625169866958,-0.023076374264045962,-0.012983001165807195,4487.58203125,4236.25341796875,0.19671239370455063,inf,599789199.36,1.9809617933564252,1,-0.018413587949848906,sideways,1,2025-09-11 12:47:24.097684,2025-09-13T15:30:02.412607
2025-09-01 23:00:00+00:00,ETH,crypto,1h,yahoo_finance,4286.0009765625,4314.833984375,4285.8232421875,4309.69921875,0,0.0,0.0,ETH-USD,ETH,Ethereum,0.005601509109103,24.00634765625,29.0107421875,23.6982421875,4329.18212890625,4371.960205078125,4417.281474609375,0.0073682405231011,0.6896295260782588,31.37630508175229,-1.0,801566822.4,0.0,4487.58203125,4236.25341796875,0.2922301596398826,23,0,1,9,-64.50654572569303,-79.04377661396768,26.267019278559275,normal,-0.008800924193057669,-0.017238891323634764,-0.022024510483947046,-0.009348614005007638,4487.58203125,4236.25341796875,0.2922301596398826,-1.0,599789199.36,0.0,-1,-0.01994424539380664,sideways,1,2025-09-11 12:47:24.097684,2025-09-13T15:30:02.412607
2025-09-02 00:00:00+00:00,ETH,crypto,1h,yahoo_finance,4314.33544921875,4316.14501953125,4293.36962890625,4302.375,0,0.0,0.0,ETH-USD,ETH,Ethereum,-0.0016994732992351,-7.32421875,22.775390625,11.96044921875,4319.60185546875,4367.724877929688,4416.168212890625,0.007145213613692,0.6687553511166433,34.2377921775651,,728751923.2,0.0,4487.58203125,4236.25341796875,0.2630881584392321,0,1,2,9,-64.31276435941021,-67.03711822148503,26.892134673075475,normal,-0.015028112386050063,-0.021782369917939248,-0.019308176093628893,-0.012772510207543442,4487.58203125,4236.25341796875,0.2630881584392321,-1.0,599789199.36,0.0,-1,-0.02186654872882824,downtrend,1,2025-09-11 12:47:24.097684,2025-09-13T15:30:02.412607
2025-09-02 01:00:00+00:00,ETH,crypto,1h,yahoo_finance,4302.75,4338.44189453125,4297.611328125,4327.091796875,0,0.0,0.0,ETH-USD,ETH,Ethereum,0.0057449192306575,24.716796875,40.83056640625,24.341796875,4316.429296875,4364.235205078125,4415.2184765625,0.007404389343426,0.6930128702770297,40.16862347889353,,709417267.2,0.0,4487.58203125,4236.25341796875,0.3614326984910271,1,1,2,9,-50.972579093700176,-30.794545696683862,26.674409352539154,normal,0.010844650352334506,-0.00727848477034132,-0.01587338604509736,-0.010855175001788675,4487.58203125,4236.25341796875,0.36143269849102716,-1.0,571872542.72,0.0,-1,-0.02237469792534777,downtrend,1,2025-09-11 12:47:24.097684,2025-09-13T15:30:02.412607
2025-09-02 02:00:00+00:00,ETH,crypto,1h,yahoo_finance,4325.1865234375,4355.1533203125,4318.146484375,4355.1533203125,0,0.0,0.0,ETH-USD,ETH,Ethereum,0.0064850769881439,28.0615234375,37.0068359375,29.966796875,4316.310791015625,4362.036840820312,4413.15701171875,0.0076420687274335,0.7152584417181037,43.385529157667385,,709417267.2,0.0,4487.58203125,4236.25341796875,0.4730854190911193,2,1,2,9,-35.82717318259082,18.316248841161276,25.91830275085565,normal,0.022662794025382293,-0.00027203088710647805,-0.009994562345390645,-0.023119785578977092,4487.58203125,4236.25341796875,0.4730854190911193,-1.0,568250204.16,0.0,-1,-0.021944884454815145,downtrend,1,2025-09-11 12:47:24.097684,2025-09-13T15:30:02.412607
2025-09-02 03:00:00+00:00,ETH,crypto,1h,yahoo_finance,4359.7607421875,4391.04541015625,4355.8896484375,4366.59375,193466368,0.0,0.0,ETH-USD,ETH,Ethereum,0.0026268718564146,11.4404296875,35.15576171875,6.8330078125,4320.18994140625,4357.608447265625,4411.30310546875,0.0076298801552696,0.7141176538707648,47.36910066981334,inf,560518451.2,0.3451561096442279,4487.58203125,4236.25341796875,0.5186052249665353,3,1,2,9,-21.858222630750046,84.22008191683916,24.167146179116905,normal,0.018876966068173573,0.008963326349133105,-0.01987983346651434,-0.02078701586750975,4487.58203125,4236.25341796875,0.5186052249665353,-0.8371713814904956,572119531.52,0.3381572509611776,-1,-0.020654478253726367,downtrend,1,2025-09-11 12:47:24.097684,2025-09-13T15:30:02.412607
2025-09-02 04:00:00+00:00,ETH,crypto,1h,yahoo_finance,4367.21826171875,4385.1552734375,4363.9248046875,4384.69140625,263430144,0.0,0.0,ETH-USD,ETH,Ethereum,0.0041445706392997,18.09765625,21.23046875,17.47314453125,4323.862548828125,4353.009765625,4410.01490234375,0.0076757007904505,0.7184062303396447,48.13036791543469,0.3616327567590456,466631884.8,0.5645352419775324,4481.93994140625,4236.25341796875,0.6041763553181256,4,1,2,9,-11.008296107211232,104.71234631219718,22.541072219645212,normal,0.01740079381264814,0.008446726552346462,-0.020545122766603252,-0.014477115288374587,4481.93994140625,4236.25341796875,0.6041763553181256,inf,550283182.08,0.4787174178288854,0,-0.01953561505423444,sideways,1,2025-09-11 12:47:24.097684,2025-09-13T15:30:02.412607
2025-09-02 05:00:00+00:00,ETH,crypto,1h,yahoo_finance,4387.48974609375,4388.27001953125,4372.0546875,4385.4501953125,623550464,0.0,0.0,ETH-USD,ETH,Ethereum,0.000173054154146,0.7587890625,16.21533203125,2.03955078125,4325.60576171875,4350.103833007813,4408.055673828125,0.0072505131597557,0.6786108486157395,54.13467719438683,1.3670429455484032,487339520.0,1.2794990728435076,4443.18115234375,4236.25341796875,0.7210090894503856,5,1,2,9,-3.614666860138669,109.72494833383946,20.940080898698533,normal,0.0193091479270171,0.003990855495840995,-0.013079273515567258,-0.0218497506051768,4443.18115234375,4236.25341796875,0.7210090894503856,inf,562754191.36,1.1080334426174143,1,-0.018704371770734078,sideways,1,2025-09-11 12:47:24.097684,2025-09-13T15:30:02.412607
2025-09-02 06:00:00+00:00,ETH,crypto,1h,yahoo_finance,4385.22119140625,4414.58740234375,4385.00927734375,4414.58740234375,406155264,0.0,0.0,ETH-USD,ETH,Ethereum,0.0066440629202433,29.13720703125,29.578125,29.3662109375,4338.99755859375,4350.522875976562,4407.06271484375,0.0074259445574355,0.6950303277657259,58.35172251564014,-0.3486409080757255,507647283.2,0.8000737469523407,4421.5341796875,4236.25341796875,0.962506753106429,6,1,2,9,-0.0,138.4575204294482,20.169487031850792,normal,0.02022041814133435,0.031284351858389625,0.001902057766305587,-0.011121266086782988,4421.5341796875,4236.25341796875,0.962506753106429,inf,570877296.64,0.7114580775772642,0,-0.015444562660918013,sideways,1,2025-09-11 12:47:24.097684,2025-09-13T15:30:02.412607
2025-09-02 07:00:00+00:00,ETH,crypto,1h,yahoo_finance,4412.40478515625,4413.43115234375,4372.6806640625,4374.86962890625,0,0.0,0.0,ETH-USD,ETH,Ethereum,-0.0089969389701999,-39.7177734375,40.75048828125,37.53515625,4350.620458984375,4349.54677734375,4405.390888671875,0.0076422891487564,0.7152790720235256,56.53883932447685,-1.0,499295027.2,0.0,4421.5341796875,4236.25341796875,0.7481414133428206,7,1,2,9,-22.271567349710317,87.73542123542832,19.06651080406294,normal,0.004527121583020488,0.027292512832366445,-0.004442474505300997,-0.018748915772854646,4421.5341796875,4236.25341796875,0.7481414133428206,,570877296.64,0.0,-1,-0.012432592492152715,sideways,1,2025-09-11 12:47:24.097684,2025-09-13T15:30:02.412607
2025-09-02 08:00:00+00:00,ETH,crypto,1h,yahoo_finance,4377.509765625,4405.095703125,4371.93310546875,4395.28369140625,0,0.0,0.0,ETH-USD,ETH,Ethereum,0.0046662104774775,20.4140625,33.16259765625,17.77392578125,4361.579541015625,4349.160717773438,4404.572470703125,0.0076425707405911,0.7153054275751504,56.56912535486618,,454162227.2,0.0,4421.5341796875,4236.25341796875,0.858320485960127,8,1,2,9,-10.824471289167315,81.30120246412896,18.018342440882233,normal,0.006570325303619118,0.025571319179605867,-0.0017536186335814774,-0.009224303705736236,4421.5341796875,4236.25341796875,0.858320485960127,-1.0,558173962.24,0.0,-1,-0.009760976797059397,sideways,1,2025-09-11 12:47:24.097684,2025-09-13T15:30:02.412607
2025-09-02 09:00:00+00:00,ETH,crypto,1h,yahoo_finance,4394.24658203125,4406.25244140625,4390.70166015625,4398.91455078125,888770560,0.0,0.0,ETH-USD,ETH,Ethereum,0.0008260807788356,3.630859375,15.55078125,4.66796875,4370.50107421875,4349.8416015625,4403.507724609375,0.0075639175599625,0.7079438932290087,54.49422560620481,inf,498600755.2,1.7825295102962573,4414.58740234375,4236.25341796875,0.912115171892626,9,1,2,9,-8.788482810737403,84.2730266020046,17.0813236511406,normal,0.0032438188263319567,0.020701057661542954,0.003105303054596442,-0.011957656974819209,4414.58740234375,4236.25341796875,0.912115171892626,2.3738377336194296,575949373.44,1.543140076169539,1,-0.007495535935173919,sideways,1,2025-09-11 12:47:24.097684,2025-09-13T15:30:02.412607
2025-09-02 10:00:00+00:00,ETH,crypto,1h,yahoo_finance,4399.6279296875,4400.24462890625,4380.2880859375,4391.32275390625,0,0.0,0.0,ETH-USD,ETH,Ethereum,-0.0017258341318886,-7.591796875,19.95654296875,8.30517578125,4379.395849609375,4349.498852539063,4401.90892578125,0.0048327912663763,0.4523244783089066,70.95877387038777,-1.0,440078643.2,0.0,4414.58740234375,4236.25341796875,0.8695445037072733,10,1,2,9,-13.045549629272672,62.726297007228524,15.878245460907001,normal,0.0013391005101430764,0.020674105326999648,-0.0015585956008947743,-0.017878605408278903,4414.58740234375,4236.25341796875,0.8695445037072733,-1.0,575949373.44,0.0,-1,-0.0051143893595844815,sideways,1,2025-09-11 12:47:24.097684,2025-09-13T15:30:02.412607
2025-09-02 11:00:00+00:00,ETH,crypto,1h,yahoo_finance,4391.24365234375,4391.39990234375,4344.39453125,4344.39453125,0,0.0,0.0,ETH-USD,ETH,Ethereum,-0.0106865801686987,-46.92822265625,47.00537109375,46.84912109375,4381.126123046875,4348.7777099609375,4399.49697265625,0.0056124362750668,0.5252952528332735,64.84258529939726,,440078643.2,0.0,4414.58740234375,4236.25341796875,0.606396552290624,11,1,2,9,-45.72040124418775,3.833921085276046,15.857402512423437,normal,-0.015900210981548146,0.0039986982452038244,-0.0033088909894164464,-0.02700960073068437,4414.58740234375,4236.25341796875,0.606396552290624,-1.0,558146191.36,0.0,-1,-0.004175670474045894,sideways,1,2025-09-11 12:47:24.097684,2025-09-13T15:30:02.412607
2025-09-02 12:00:00+00:00,ETH,crypto,1h,yahoo_finance,4348.109375,4348.109375,4277.82080078125,4281.81591796875,1796321280,0.0,0.0,ETH-USD,ETH,Ethereum,-0.0144044498792894,-62.57861328125,70.28857421875,66.29345703125,4373.7923828125,4345.051586914063,4396.0745703125,0.006825414038845,0.638823750953713,49.40245040488876,inf,519693619.2,3.4565005488526115,4414.58740234375,4236.25341796875,0.2554897214890425,12,1,2,9,-97.07887953501988,-118.62296275539865,17.255385587821564,normal,-0.021270053471459494,-0.016839224006581666,-0.017106674104643504,-0.038428604371698705,4414.58740234375,4236.25341796875,0.2554897214890425,inf,580389314.56,3.095028173221646,1,-0.005068655488802595,sideways,1,2025-09-11 12:47:24.097684,2025-09-13T15:30:02.412607
2025-09-02 13:00:00+00:00,ETH,crypto,1h,yahoo_finance,4278.560546875,4389.578125,4278.560546875,4374.15576171875,2179846144,0.0,0.0,ETH-USD,ETH,Ethereum,0.0215655800060188,92.33984375,111.017578125,95.59521484375,4374.548583984375,4347.3692626953125,4394.01685546875,0.0088686383484872,0.8300590679757844,58.20605301077795,0.2135057176408887,628685926.4,3.467305458040551,4414.58740234375,4236.25341796875,0.7732813475418095,13,1,2,9,-29.56251026426465,-36.19051869834915,17.2359073921055,normal,-0.004806954720308454,0.001731787327078349,0.010710636251191508,-0.02298074344357348,4414.58740234375,4236.25341796875,0.7732813475418095,inf,623986237.44,3.4934202282139357,1,-0.004430631953572223,sideways,1,2025-09-11 12:47:24.097684,2025-09-13T15:30:02.412607
2025-09-02 14:00:00+00:00,ETH,crypto,1h,yahoo_finance,4376.26708984375,4388.59619140625,4339.6533203125,4342.90283203125,3071582208,0.0,0.0,ETH-USD,ETH,Ethereum,-0.0071449055292031,-31.2529296875,48.94287109375,33.3642578125,4370.3697265625,4347.116137695312,4391.212626953125,0.0091166812379325,0.8532746103781987,54.86334174349288,0.409082111806144,690359705.6,4.449248968449644,4414.58740234375,4236.25341796875,0.5980319143110605,14,1,2,9,-52.41379802783312,-26.606076881256644,17.217820496083437,high,-0.012733077240623447,-0.009530562209961735,-0.0011643377104929575,-0.03127545222317507,4414.58740234375,4236.25341796875,0.5980319143110605,2.455990045394843,652895272.96,4.704555746091582,1,-0.004746502199117558,sideways,1,2025-09-11 12:47:24.097684,2025-09-13T15:30:02.412607
2025-09-02 15:00:00+00:00,ETH,crypto,1h,yahoo_finance,4348.57568359375,4351.89599609375,4286.8544921875,4290.4013671875,0,0.0,0.0,ETH-USD,ETH,Ethereum,-0.0120890259060192,-52.50146484375,65.04150390625,58.17431640625,4360.86484375,4343.235302734375,4387.569619140625,0.0095923465295128,0.8977944422940988,45.87238913864097,-1.0,669409177.6,0.0,4414.58740234375,4236.25341796875,0.3036322516345954,15,1,2,9,-90.80143378388992,-149.22276274428938,18.19397004233293,high,-0.02298200163697295,-0.021673676336946057,-0.017769317351429503,-0.04072627897638659,4414.58740234375,4236.25341796875,0.3036322516345954,,652895272.96,0.0,-1,-0.006086461915983444,sideways,1,2025-09-11 12:47:24.097684,2025-09-13T15:30:02.412607
2025-09-02 16:00:00+00:00,ETH,crypto,1h,yahoo_finance,4293.05419921875,4308.0205078125,4281.36767578125,4297.109375,1806557184,0.0,0.0,ETH-USD,ETH,Ethereum,0.0015634919063289,6.7080078125,26.65283203125,4.05517578125,4349.117041015625,4344.057299804687,4384.359365234375,0.0094023844223476,0.8800149632547771,43.140597158235856,inf,690563481.6,2.616062436163436,4414.58740234375,4236.25341796875,0.3412471113934309,16,1,2,9,-85.89672186163415,-154.2694800576671,19.191208665385926,high,-0.01088417635872374,-0.02661132663980781,0.0038405071125635626,-0.03600859220020136,4414.58740234375,4236.25341796875,0.34124711139343095,inf,651271331.84,2.773893300194922,1,-0.00803819242058563,sideways,1,2025-09-11 12:47:24.097684,2025-09-13T15:30:02.412607
2025-09-02 17:00:00+00:00,ETH,crypto,1h,yahoo_finance,4296.01416015625,4327.27880859375,4291.97021484375,4321.48583984375,0,0.0,0.0,ETH-USD,ETH,Ethereum,0.0056727587586131,24.37646484375,35.30859375,25.4716796875,4343.778662109375,4347.199560546875,4381.081025390625,0.0095251326026128,0.8915035634325112,44.82747422443748,-1.0,620891955.2,0.0,4414.58740234375,4261.06103515625,0.3935793296906705,17,1,2,9,-68.07331719612421,-93.1563970780565,19.50352888227289,high,0.00926474249126974,-0.012202372548378415,0.014757106874626169,-0.03654454200120727,4414.58740234375,4261.06103515625,0.3935793296906705,-1.0,651271331.84,0.0,-1,-0.00851441985780762,sideways,1,2025-09-11 12:47:24.097684,2025-09-13T15:30:02.412607
2025-09-02 18:00:00+00:00,ETH,crypto,1h,yahoo_finance,4320.5341796875,4320.5341796875,4269.615234375,4298.0,0,0.0,0.0,ETH-USD,ETH,Ethereum,-0.0054346677772751,-23.48583984375,50.9189453125,22.5341796875,4334.05029296875,4347.814916992187,4377.577939453125,0.00949441055835,0.8886281376427715,40.18043609075786,,561483980.8,0.0,4414.58740234375,4269.615234375,0.1957945861106152,18,1,2,9,-80.42054138893847,-105.28417977346331,20.20390411452835,high,-0.0174103909113712,-0.022133654670905778,0.002871677760499125,-0.03915677511892779,4414.58740234375,4269.615234375,0.19579458611061526,-1.0,630117212.16,0.0,-1,-0.00994331730614769,sideways,1,2025-09-11 12:47:24.097684,2025-09-13T15:30:02.412607
2025-09-02 19:00:00+00:00,ETH,crypto,1h,yahoo_finance,4297.9189453125,4312.43115234375,4264.63916015625,4271.56689453125,728190976,0.0,0.0,ETH-USD,ETH,Ethereum,-0.0061500943389367,-26.43310546875,47.7919921875,26.35205078125,4321.31552734375,4345.90830078125,4373.42548828125,0.0095647974312698,0.8952159879798539,37.80943809042947,inf,597893529.6,1.2179275070716538,4414.58740234375,4264.63916015625,0.0462008375285743,19,1,2,9,-95.37991624714256,-107.18349369776418,20.943619423297502,high,-0.016425865431263897,-0.02894979085860694,-0.008848024486917683,-0.04635270750802867,4414.58740234375,4264.63916015625,0.04620083752857431,-0.7629264246604205,644681031.68,1.1295368410365327,1,-0.011915136333551594,sideways,1,2025-09-11 12:47:24.097684,2025-09-13T15:30:02.412607
2025-09-02 20:00:00+00:00,ETH,crypto,1h,yahoo_finance,4274.0859375,4325.4423828125,4268.4541015625,4315.119140625,0,0.0,0.0,ETH-USD,ETH,Ethereum,0.0101958478397021,43.55224609375,56.98828125,41.033203125,4313.695166015625,4346.5455078125,4369.969609375,0.0098498631160728,0.9218966741620588,39.67124176710085,-1.0,597893529.6,0.0,4414.58740234375,4264.63916015625,0.336649364689639,20,1,2,9,-66.07345615405315,-62.19254565822141,21.187792176507305,high,0.0057611797410235255,-0.017353225338188616,0.0029621175804062094,-0.03850207033953834,4414.58740234375,4264.63916015625,0.336649364689639,,640393871.36,0.0,-1,-0.012877536548228699,sideways,1,2025-09-11 12:47:24.097684,2025-09-13T15:30:02.412607
2025-09-02 21:00:00+00:00,ETH,crypto,1h,yahoo_finance,4313.85302734375,4333.17724609375,4307.80078125,4329.35205078125,1275867136,0.0,0.0,ETH-USD,ETH,Ethereum,0.0032983817346439,14.23291015625,25.37646484375,15.4990234375,4312.19091796875,4346.658520507813,4367.4463671875,0.0096845889828564,0.9064278628758804,45.00932606093312,inf,661686886.4,1.9282037504801304,4414.58740234375,4264.63916015625,0.4315681843344383,21,1,2,9,-54.30309215789038,-19.66533139193005,21.152518882867437,high,0.007503340726869423,-0.0034625033156051588,0.0005223494236665793,-0.02831594847194374,4414.58740234375,4264.63916015625,0.43156818433443833,-0.2937576804654305,665911214.08,1.915971842826966,1,-0.012651660621154432,sideways,1,2025-09-11 12:47:24.097684,2025-09-13T15:30:02.412607
2025-09-02 22:00:00+00:00,ETH,crypto,1h,yahoo_finance,4330.8798828125,4331.0859375,4310.8115234375,4327.3984375,0,0.0,0.0,ETH-USD,ETH,Ethereum,-0.0004512484220121,-1.95361328125,20.2744140625,3.4814453125,4316.749169921875,4345.270776367188,4364.86861328125,0.0095621327746844,0.8949665897887387,42.24285403426939,-1.0,661686886.4,0.0,4414.58740234375,4264.63916015625,0.4185396002526914,22,1,2,9,-55.68263316139355,-12.761970414190657,21.119765110201847,high,0.00136818628485047,0.010645604669729414,-0.00637288305857131,-0.028922670463971123,4414.58740234375,4264.63916015625,0.4185396002526914,,629569208.32,0.0,-1,-0.011024259289949451,sideways,1,2025-09-11 12:47:24.097684,2025-09-13T15:30:02.412607
2025-09-02 23:00:00+00:00,ETH,crypto,1h,yahoo_finance,4329.01416015625,4336.189453125,4315.93359375,4325.58349609375,0,0.0,0.0,ETH-USD,ETH,Ethereum,-0.0004194070484756,-1.81494140625,20.255859375,3.4306640625,4311.891943359375,4343.220263671875,4361.96431640625,0.0095489308950943,0.8937309615629024,41.58565063826735,,652013568.0,0.0,4414.58740234375,4264.63916015625,0.4064358144411809,23,1,2,9,-55.05761198329253,6.489773042164011,20.899067644115195,high,0.006417751534143701,-0.011104374940208883,-0.009391818028926968,-0.032480741181244,4414.58740234375,4264.63916015625,0.4064358144411809,,627260456.96,0.0,-1,-0.011479317439288253,sideways,1,2025-09-11 12:47:24.097684,2025-09-13T15:30:02.412607
2025-09-03 00:00:00+00:00,ETH,crypto,1h,yahoo_finance,4326.29541015625,4329.685546875,4306.11962890625,4309.787109375,0,0.0,0.0,ETH-USD,ETH,Ethereum,-0.0036518510700382,-15.79638671875,23.56591796875,16.50830078125,4308.58037109375,4339.475048828125,4359.311103515625,0.0095715903937013,0.8958517744267847,40.8171188679515,,638842060.8,0.0,4414.58740234375,4264.63916015625,0.301090219932659,0,2,3,9,-64.38333474573007,-11.173056930432875,20.950062853624164,high,0.008947586632128468,-0.007625250653089388,-0.017083139937335234,-0.029862060710697413,4414.58740234375,4264.63916015625,0.30109021993265905,-1.0,627260456.96,0.0,-1,-0.0116373278293818,sideways,1,2025-09-11 12:47:24.097684,2025-09-13T15:30:02.412607
2025-09-03 01:00:00+00:00,ETH,crypto,1h,yahoo_finance,4308.6337890625,4319.03515625,4286.37548828125,4319.03515625,771280896,0.0,0.0,ETH-USD,ETH,Ethereum,0.0021458245245764,9.248046875,32.65966796875,10.4013671875,4311.44375,4336.154296875,4357.879609375,0.0092107214876404,0.8620762954799579,46.87903371191636,inf,646228582.4,1.193510960371907,4414.58740234375,4264.63916015625,0.362765146828007,1,2,3,9,-56.461944308744506,-28.447803583480287,21.481799142232298,high,0.0009075104295805936,0.006673918501305609,-0.015144406185136794,-0.016301768833945074,4414.58740234375,4264.63916015625,0.36276514682800703,inf,625558691.84,1.2329472934527965,1,-0.010655608584299358,sideways,1,2025-09-11 12:47:24.097684,2025-09-13T15:30:02.412607
2025-09-03 02:00:00+00:00,ETH,crypto,1h,yahoo_finance,4323.072265625,4351.7578125,4316.44091796875,4339.31396484375,0,0.0,0.0,ETH-USD,ETH,Ethereum,0.0046952173020413,20.27880859375,35.31689453125,16.24169921875,4315.664208984375,4332.390625,4356.70873046875,0.0083475351699521,0.7812864828620983,57.89863432695662,-1.0,625920819.2,0.0,4413.43115234375,4264.63916015625,0.5018738145087718,2,2,3,9,-40.23097215437225,79.35861159060917,20.74888573854987,normal,0.0023010173221422736,0.009821623365998233,-0.017051069701335297,-0.013311922874384097,4413.43115234375,4264.63916015625,0.5018738145087718,-1.0,605893222.4,0.0,-1,-0.009420992777719791,sideways,1,2025-09-11 12:47:24.097684,2025-09-13T15:30:02.412607
2025-09-03 03:00:00+00:00,ETH,crypto,1h,yahoo_finance,4338.56884765625,4341.99560546875,4324.49462890625,4334.99365234375,226119680,0.0,0.0,ETH-USD,ETH,Ethereum,-0.0009956210901083,-4.3203125,17.5009765625,3.5751953125,4317.014990234375,4330.396826171875,4355.032724609375,0.0058827085174089,0.5505913486670265,42.904260062708346,inf,637226803.2,0.3548496059244232,4406.25244140625,4264.63916015625,0.4968071607866935,3,2,3,9,-43.24283868528031,80.63919307753225,20.06832329227333,normal,0.0017551457194078246,0.003125733370559436,-0.009114780540893319,-0.018964517016604954,4406.25244140625,4264.63916015625,0.4968071607866935,inf,610415616.0,0.3704356082528531,-1,-0.008729609346026247,sideways,1,2025-09-11 12:47:24.097684,2025-09-13T15:30:02.412607
2025-09-03 04:00:00+00:00,ETH,crypto,1h,yahoo_finance,4335.76953125,4341.9375,4315.515625,4341.34814453125,0,0.0,0.0,ETH-USD,ETH,Ethereum,0.0014658596291288,6.3544921875,26.421875,5.57861328125,4321.3498046875,4327.700048828125,4354.121142578125,0.0055916601896036,0.52335071778086,49.69037116562031,-1.0,637226803.2,0.0,4406.25244140625,4264.63916015625,0.5416793092985408,4,2,3,9,-12.088281048897047,96.29072560248346,19.695275423181226,normal,0.0036445137290117557,0.010085654846730963,-0.012271232225682271,-0.01038975551807586,4406.25244140625,4264.63916015625,0.5416793092985408,,605249495.04,0.0,-1,-0.007526510360531759,sideways,1,2025-09-11 12:47:24.097684,2025-09-13T15:30:02.412607
2025-09-03 05:00:00+00:00,ETH,crypto,1h,yahoo_finance,4340.78564453125,4340.78564453125,4315.8046875,4315.8564453125,0,0.0,0.0,ETH-USD,ETH,Ethereum,-0.0058718394309983,-25.49169921875,24.98095703125,24.92919921875,4325.778759765625,4323.547143554688,4352.303154296875,0.0047407957250958,0.4437141674299834,55.68074830880815,,592788275.2,0.0,4400.24462890625,4264.63916015625,0.3776933602189255,5,2,3,9,-41.209736631188385,44.91758576408444,19.348873830452842,normal,0.0014082681541967013,0.010368455387635978,-0.018881500085969782,-0.020627286140465273,4400.24462890625,4264.63916015625,0.3776933602189255,,605249495.04,0.0,-1,-0.0060943352498464935,sideways,1,2025-09-11 12:47:24.097684,2025-09-13T15:30:02.412607
2025-09-03 06:00:00+00:00,ETH,crypto,1h,yahoo_finance,4315.71484375,4318.337890625,4294.947265625,4306.15576171875,1438605312,0.0,0.0,ETH-USD,ETH,Ethereum,-0.0022476844901284,-9.70068359375,23.390625,9.55908203125,4324.882421875,4319.288793945312,4350.684638671875,0.0047801495097519,0.447397479853987,51.992249078986696,inf,664718540.8,2.164232263280357,4391.39990234375,4264.63916015625,0.3275193947751593,6,2,3,9,-52.344761488406505,-51.31012263802803,19.629935879445917,normal,-0.0029820073385169454,-0.0020772031116971235,-0.01939438227621526,-0.018446381827504688,4391.39990234375,4264.63916015625,0.3275193947751593,0.865215798110472,604895641.6,2.378270255336553,1,-0.005930610683092913,sideways,1,2025-09-11 12:47:24.097684,2025-09-13T15:30:02.412607
2025-09-03 07:00:00+00:00,ETH,crypto,1h,yahoo_finance,4307.77294921875,4315.4970703125,4294.09130859375,4311.90771484375,0,0.0,0.0,ETH-USD,ETH,Ethereum,0.0013357512926341,5.751953125,21.40576171875,4.134765625,4323.13798828125,4317.664453125,4348.985087890625,0.0045294186106303,0.4239303535309114,47.70215118758112,-1.0,664718540.8,0.0,4389.578125,4264.63916015625,0.378333170493405,7,2,3,9,-45.742325649174134,-43.566236109832246,19.91481529993747,normal,-0.00631580250289332,-0.0040293179517133515,-0.007477869740551091,-0.019326758410855738,4389.578125,4264.63916015625,0.378333170493405,,597161779.2,0.0,-1,-0.005943248617095663,sideways,1,2025-09-11 12:47:24.097684,2025-09-13T15:30:02.412607
2025-09-03 08:00:00+00:00,ETH,crypto,1h,yahoo_finance,4311.13720703125,4331.599609375,4310.45751953125,4315.8525390625,0,0.0,0.0,ETH-USD,ETH,Ethereum,0.0009148674970871,3.94482421875,21.14208984375,4.71533203125,4321.9833984375,4319.366284179688,4347.3197265625,0.0042698998045697,0.3996407241857709,54.72604404183924,,574902476.8,0.0,4389.578125,4264.63916015625,0.4099071812408402,8,2,3,9,-41.21422045858345,11.945677930668094,19.46265219214388,normal,-0.004415488191292116,-0.002668092297082314,0.007949108916829983,-0.01892834361093343,4389.578125,4264.63916015625,0.40990718124084025,-1.0,597161779.2,0.0,-1,-0.005828034218461827,sideways,1,2025-09-11 12:47:24.097684,2025-09-13T15:30:02.412607
2025-09-03 09:00:00+00:00,ETH,crypto,1h,yahoo_finance,4317.78369140625,4350.6484375,4306.10595703125,4349.60986328125,0,0.0,0.0,ETH-USD,ETH,Ethereum,0.0078217047299959,33.75732421875,44.54248046875,31.826171875,4324.38603515625,4318.138989257813,4345.20869140625,0.0042780072333174,0.4003995379388558,69.88880427262364,,465910169.6,0.0,4388.59619140625,4264.63916015625,0.6854851416506476,9,2,3,9,-2.5784556228972018,101.19354157774623,18.28247003931176,normal,0.0019030306888443427,0.005554480039328125,-0.005611573929835356,-0.023692015417071888,4388.59619140625,4264.63916015625,0.6854851416506476,,533732925.44,0.0,-1,-0.004792095783841737,sideways,1,2025-09-11 12:47:24.097684,2025-09-13T15:30:02.412607
2025-09-03 10:00:00+00:00,ETH,crypto,1h,yahoo_finance,4352.17041015625,4374.4873046875,4346.37353515625,4370.84130859375,3421425664,0.0,0.0,ETH-USD,ETH,Ethereum,0.004881229806777,21.2314453125,28.11376953125,18.6708984375,4330.491455078125,4319.535913085938,4343.092216796875,0.0036121191911847,0.3380758320992617,66.0234034726103,inf,483402342.4,7.0778011687185405,4374.4873046875,4264.63916015625,0.9668087603180884,10,2,3,9,-4.137919569084471,237.42274071203994,17.59110401197505,normal,0.01274019745048971,0.014166407219034172,0.0064331341600458725,-0.023638965512351895,4374.4873046875,4264.63916015625,0.9668087603180883,inf,559338209.28,6.116917470029771,1,-0.002901334139306636,sideways,1,2025-09-11 12:47:24.097684,2025-09-13T15:30:02.412607
2025-09-03 11:00:00+00:00,ETH,crypto,1h,yahoo_finance,4372.06982421875,4386.05126953125,4369.15869140625,4374.33447265625,402165760,0.0,0.0,ETH-USD,ETH,Ethereum,0.0007991971833047,3.4931640625,16.892578125,2.2646484375,4336.02138671875,4323.732568359375,4341.707529296875,0.0035468591310662,0.3319678251483184,63.78664256254003,-0.8824566717226798,503510630.4,0.7987234741806953,4386.05126953125,4264.63916015625,0.903495648536911,11,2,3,9,-11.75490849237763,213.31351314327506,17.310393806497252,normal,0.015832848301401636,0.012803627293060504,0.019562996159441015,-0.01558080393792427,4386.05126953125,4264.63916015625,0.903495648536911,-0.7204474662748916,563193569.28,0.7140808807780569,0,-0.0013096558300520233,sideways,1,2025-09-11 12:47:24.097684,2025-09-13T15:30:02.412607
2025-09-03 12:00:00+00:00,ETH,crypto,1h,yahoo_finance,4373.21630859375,4378.5419921875,4345.3359375,4352.62060546875,0,0.0,0.0,ETH-USD,ETH,Ethereum,-0.0049639247577505,-21.7138671875,33.2060546875,20.595703125,4337.35205078125,4326.508129882813,4340.635810546875,0.0038555034735158,0.3608553527667343,56.8951478342121,-1.0,413182771.2,0.0,4386.05126953125,4264.63916015625,0.7246513199169924,12,2,3,9,-33.5394051024807,109.69211094792956,16.161976128510723,normal,0.009441967063637646,0.003066530961531644,0.012918272639674155,-0.012161467461281439,4386.05126953125,4264.63916015625,0.7246513199169924,,563193569.28,0.0,-1,-0.0007565158444406723,sideways,1,2025-09-11 12:47:24.097684,2025-09-13T15:30:02.412607
2025-09-03 13:00:00+00:00,ETH,crypto,1h,yahoo_finance,4356.1201171875,4437.0751953125,4354.12939453125,4417.74755859375,461615104,0.0,0.0,ETH-USD,ETH,Ethereum,0.0149626992628699,65.126953125,82.94580078125,61.62744140625,4345.62744140625,4331.321215820312,4341.1029296875,0.0054565711573331,0.5107070771435894,68.71655845057295,inf,436263526.4,1.058110697011961,4437.0751953125,4264.63916015625,0.8879141665416014,13,2,3,9,-12.825264958704999,200.0722004922132,16.67874770709393,normal,0.02360947660027879,0.019089741043855524,0.022275143855031265,0.00531494667497201,4437.0751953125,4264.63916015625,0.8879141665416014,inf,569084968.96,0.8111532181979773,1,0.0010422493527642153,sideways,1,2025-09-11 12:47:24.097684,2025-09-13T15:30:02.412607
2025-09-03 14:00:00+00:00,ETH,crypto,1h,yahoo_finance,4419.13623046875,4478.97314453125,4419.13623046875,4472.3515625,0,0.0,0.0,ETH-USD,ETH,Ethereum,0.0123601457942135,54.60400390625,59.8369140625,53.21533203125,4358.727783203125,4340.038793945312,4342.48986328125,0.0059451701115627,0.5564374335551777,78.51832055314571,-1.0,436263526.4,0.0,4478.97314453125,4264.63916015625,0.969106242994742,14,2,3,9,-3.4380387384646585,229.68461471071507,17.96554418216233,normal,0.028219013446451058,0.030175745783892927,0.04056574278734293,0.015749853005659897,4478.97314453125,4264.63916015625,0.969106242994742,,551031848.96,0.0,-1,0.0037393109559512652,sideways,1,2025-09-11 12:47:24.097684,2025-09-13T15:30:02.412607
2025-09-03 15:00:00+00:00,ETH,crypto,1h,yahoo_finance,4467.44482421875,4483.98974609375,4457.03466796875,4483.9521484375,1035128832,0.0,0.0,ETH-USD,ETH,Ethereum,0.0025938448208699,11.6005859375,26.955078125,16.50732421875,4375.537353515625,4350.658056640625,4344.46296875,0.0059433687856009,0.55626883868297,78.69417909585512,inf,451610419.2,2.2920835923884724,4483.98974609375,4268.4541015625,0.9998255617703896,15,2,3,9,-0.01979882338421031,193.58245783491637,19.24747624771242,normal,0.025878505271137664,0.03894839998850541,0.04972069012384184,0.022496828892000664,4483.98974609375,4268.4541015625,0.9998255617703895,-0.6974568692543717,571734425.6,1.8105063918683857,1,0.007152641186987889,sideways,1,2025-09-11 12:47:24.097684,2025-09-13T15:30:02.412607
2025-09-03 16:00:00+00:00,ETH,crypto,1h,yahoo_finance,4482.283203125,4484.25830078125,4457.40283203125,4466.140625,2255745024,0.0,0.0,ETH-USD,ETH,Ethereum,-0.0039722822295743,-17.8115234375,26.85546875,16.142578125,4391.53583984375,4358.209130859375,4345.8222265625,0.0061664068326542,0.577144056070972,72.25787986241197,1.179192535523926,564397670.4,3.996729863185488,4484.25830078125,4286.37548828125,0.9084423980417704,16,2,3,9,-9.527245276817764,139.27001490513638,20.442761301789854,normal,0.020987456015909567,0.03715259552464345,0.03499821892591504,0.015452511182942885,4484.25830078125,4286.37548828125,0.9084423980417703,4.608993227071345,593440481.28,3.801131023509809,1,0.010518979124787902,sideways,1,2025-09-11 12:47:24.097684,2025-09-13T15:30:02.412607
2025-09-03 17:00:00+00:00,ETH,crypto,1h,yahoo_finance,4467.61962890625,4488.21728515625,4467.61962890625,4474.8173828125,527507456,0.0,0.0,ETH-USD,ETH,Ethereum,0.0019427865221999,8.6767578125,20.59765625,7.19775390625,4407.826806640625,4365.482397460937,4348.1422265625,0.0061034494448555,0.5712515674402606,74.16927328187062,-0.7661493429498528,526979686.4,1.0010014989450644,4488.21728515625,4286.37548828125,0.9336118556651152,17,2,3,9,-6.9026838041099685,118.34926036648449,21.629378183808708,normal,0.02807430015614476,0.03778134383719145,0.033599792838515,0.026612723088011547,4488.21728515625,4286.37548828125,0.9336118556651152,inf,603990630.4,0.8733702634602989,1,0.01372645533844701,sideways,1,2025-09-11 12:47:24.097684,2025-09-13T15:30:02.412607
2025-09-03 18:00:00+00:00,ETH,crypto,1h,yahoo_finance,4473.580078125,4479.36328125,4461.1708984375,4468.20556640625,0,0.0,0.0,ETH-USD,ETH,Ethereum,-0.0014775611696793,-6.61181640625,18.1923828125,5.37451171875,4423.062109375,4372.52275390625,4350.3795703125,0.0061840855293769,0.578798691421747,71.9084883544432,-1.0,526979686.4,0.0,4488.21728515625,4286.37548828125,0.900854436197904,18,2,3,9,-10.308624896244687,90.23240815080689,22.451391297974677,normal,0.01142165937352968,0.03530079537352426,0.03253851729622492,0.025679177733683334,4488.21728515625,4286.37548828125,0.9008544361979041,-1.0,599910195.2,0.0,-1,0.016707171842773007,sideways,1,2025-09-11 12:47:24.097684,2025-09-13T15:30:02.412607
2025-09-03 19:00:00+00:00,ETH,crypto,1h,yahoo_finance,4469.85791015625,4478.916015625,4462.67626953125,4477.0615234375,0,0.0,0.0,ETH-USD,ETH,Ethereum,0.0019819940912819,8.85595703125,16.23974609375,7.20361328125,4435.807275390625,4380.096655273437,4353.364755859375,0.0057484171841559,0.5380223685669095,79.53763017571485,,526979686.4,0.0,4488.21728515625,4286.37548828125,0.944730170403414,19,2,3,9,-5.74666096536459,80.18743975612604,23.214689189700216,normal,0.0010531285100643384,0.02930186020410197,0.03501909684104887,0.03448846986446075,4488.21728515625,4286.37548828125,0.9447301704034139,,599910195.2,0.0,-1,0.018937654930083165,sideways,1,2025-09-11 12:47:24.097684,2025-09-13T15:30:02.412607
2025-09-03 20:00:00+00:00,ETH,crypto,1h,yahoo_finance,4476.8212890625,4480.31884765625,4465.810546875,4466.1982421875,335192064,0.0,0.0,ETH-USD,ETH,Ethereum,-0.0024264310850165,-10.86328125,14.50830078125,10.623046875,4445.34296875,4387.917211914062,4355.7294140625,0.0057602897118025,0.5391335762682049,79.20020098317835,inf,543739289.6,0.6164573177093436,4488.21728515625,4286.37548828125,0.890909398798177,20,2,3,9,-11.342656639082426,67.34800254785883,23.95766250559975,normal,-0.003959432585868838,0.021816608488224754,0.03629207866724138,0.02719269845259209,4488.21728515625,4286.37548828125,0.890909398798177,-0.6761832405417918,569851904.0,0.5882090796699347,0,0.02057371938628289,uptrend,1,2025-09-11 12:47:24.097684,2025-09-13T15:30:02.412607
2025-09-03 21:00:00+00:00,ETH,crypto,1h,yahoo_finance,4466.19287109375,4474.548828125,4445.205078125,4465.1240234375,0,0.0,0.0,ETH-USD,ETH,Ethereum,-0.0002405219588895,-1.07421875,29.34375,1.06884765625,4454.421923828125,4395.221655273437,4357.671533203125,0.005802682892276,0.5431013605536453,78.44020150055923,-1.0,505175244.8,0.0,4488.21728515625,4294.09130859375,0.8810398168875921,21,2,3,9,-12.680848553747815,49.04708784806889,23.67655365425571,normal,-0.0002276241721564931,0.020755054591451882,0.03382442186794821,0.022231125319301492,4488.21728515625,4294.09130859375,0.8810398168875921,-1.0,561471692.8,0.0,-1,0.022202313755824238,uptrend,1,2025-09-11 12:47:24.097684,2025-09-13T15:30:02.412607
2025-09-03 22:00:00+00:00,ETH,crypto,1h,yahoo_finance,4463.75927734375,4480.306640625,4462.78271484375,4470.49462890625,0,0.0,0.0,ETH-USD,ETH,Ethereum,0.0012027897636346,5.37060546875,17.52392578125,6.7353515625,4466.209326171875,4401.780688476562,4361.468037109375,0.005797091781444,0.5425780612529226,78.5537189337536,,505175244.8,0.0,4488.21728515625,4294.09130859375,0.9087053852151822,22,2,3,9,-9.731770358533264,54.502425477680035,23.585230266990784,normal,-0.0009660179480962539,0.027081161930217368,0.03023073811328225,0.04434474519868181,4488.21728515625,4294.09130859375,0.9087053852151822,-1.0,533802270.72,0.0,-1,0.02401514539859356,uptrend,1,2025-09-11 12:47:24.097684,2025-09-13T15:30:02.412607
2025-09-03 23:00:00+00:00,ETH,crypto,1h,yahoo_finance,4470.93310546875,4472.533203125,4448.49560546875,4450.55224609375,0,0.0,0.0,ETH-USD,ETH,Ethereum,-0.004460889558742,-19.9423828125,24.03759765625,20.380859375,4469.489794921875,4407.558618164063,4365.30626953125,0.0058642083804947,0.5488598307269464,69.64038701243426,,493869260.8,0.0,4488.21728515625,4294.09130859375,0.8059763060593104,23,2,3,9,-26.361060894467588,27.383260645704684,22.857448531775226,normal,-0.0039508746968189845,0.007425659131696127,0.02665715408545566,0.0450640563486735,4488.21728515625,4294.09130859375,0.8059763060593104,,505933660.16,0.0,-1,0.02386625793424845,uptrend,1,2025-09-11 12:47:24.097684,2025-09-13T15:30:02.412607
2025-09-04 00:00:00+00:00,ETH,crypto,1h,yahoo_finance,4452.36181640625,4483.349609375,4449.49951171875,4471.38525390625,490885120,0.0,0.0,ETH-USD,ETH,Ethereum,0.0046809938768352,20.8330078125,33.85009765625,19.0234375,4469.3931640625,4414.060473632812,4369.0201171875,0.0058559753141008,0.5480892579344913,69.59324188539065,inf,518413516.8,0.9468987672815248,4488.21728515625,4294.09130859375,0.9132932565334406,0,3,4,9,-11.780425875108074,42.33534397484361,22.531591212172653,normal,-0.001267856048333127,-0.00021606275361985006,0.029953163175546305,0.0433284391574027,4488.21728515625,4294.09130859375,0.9132932565334406,inf,491988172.8,0.9977579688679865,0,0.022973812017971173,uptrend,1,2025-09-11 12:47:24.097684,2025-09-13T15:30:02.412607
2025-09-04 01:00:00+00:00,ETH,crypto,1h,yahoo_finance,4471.40283203125,4478.15869140625,4454.31640625,4467.3125,303882240,0.0,0.0,ETH-USD,ETH,Ethereum,-0.0009108483557063,-4.07275390625,23.84228515625,4.09033203125,4467.72919921875,4421.633276367187,4372.1723828125,0.0058926185360521,0.5515188755900298,68.0780163255541,-0.3809503942592515,533607628.8,0.5694863109123525,4488.21728515625,4294.09130859375,0.8923133033176548,1,3,4,9,-14.630870648381354,34.527349933468955,22.22900941539883,normal,0.00024948686826631317,-0.0037109335440383973,0.03509293152046289,0.03657175901377974,4488.21728515625,4294.09130859375,0.8923133033176548,-0.09340860766918391,498065817.6,0.6101246647768345,0,0.021855683637245226,uptrend,1,2025-09-11 12:47:24.097684,2025-09-13T15:30:02.412607
2025-09-04 02:00:00+00:00,ETH,crypto,1h,yahoo_finance,4469.3662109375,4470.62841796875,4423.1708984375,4423.1708984375,0,0.0,0.0,ETH-USD,ETH,Ethereum,-0.009881019418834,-44.1416015625,47.45751953125,46.1953125,4463.4322265625,4427.484033203125,4374.58830078125,0.0064307453034572,0.6018847813190902,62.61694647662991,-1.0,461677363.2,0.0,4488.21728515625,4294.09130859375,0.6649269311064718,2,3,4,9,-48.51026175112523,-116.70310276963598,20.677034431123268,normal,-0.009395735657013682,-0.009621221132619429,0.02717392105483074,0.028076562000639127,4488.21728515625,4294.09130859375,0.6649269311064718,,498065817.6,0.0,-1,0.02030909417587553,uptrend,1,2025-09-11 12:47:24.097684,2025-09-13T15:30:02.412607
2025-09-04 03:00:00+00:00,ETH,crypto,1h,yahoo_finance,4423.11181640625,4430.01708984375,4396.57958984375,4399.46435546875,1179918336,0.0,0.0,ETH-USD,ETH,Ethereum,-0.0053596262756033,-23.70654296875,33.4375,23.6474609375,4455.896923828125,4431.861865234375,4376.035751953125,0.0052655297583071,0.4928265819210769,46.16165260926435,inf,520673280.0,2.266139595256357,4488.21728515625,4306.10595703125,0.512644652030759,3,3,4,9,-96.85198802178245,-290.6166086524112,20.141881566829273,normal,-0.01588868331889226,-0.01683935251373081,0.020305777956143745,0.016725450254144514,4488.21728515625,4306.10595703125,0.512644652030759,inf,521664184.32,2.2618350491859966,1,0.018249661657667213,sideways,1,2025-09-11 12:47:24.097684,2025-09-13T15:30:02.412607
2025-09-04 04:00:00+00:00,ETH,crypto,1h,yahoo_finance,4399.51708984375,4413.564453125,4395.23828125,4398.419921875,689889280,0.0,0.0,ETH-USD,ETH,Ethereum,-0.0002374001717849,-1.04443359375,18.326171875,1.09716796875,4448.918359375,4435.990234375,4376.901083984375,0.0038153988011813,0.3571017611068442,29.975771810660405,-0.4153076031187297,555167744.0,1.2426681619312523,4488.21728515625,4306.10595703125,0.5069095140549759,4,3,4,9,-96.57810850693988,-208.60695354176607,19.687598810241926,normal,-0.01171367536792911,-0.015618270801130207,0.019131187190754906,0.00993457597938141,4488.21728515625,4306.10595703125,0.5069095140549759,inf,535461969.92,1.2884001455847032,1,0.016453941729262643,sideways,1,2025-09-11 12:47:24.097684,2025-09-13T15:30:02.412607
2025-09-04 05:00:00+00:00,ETH,crypto,1h,yahoo_finance,4394.03662109375,4394.03662109375,4368.091796875,4371.642578125,1614688256,0.0,0.0,ETH-USD,ETH,Ethereum,-0.0060879461774048,-26.77734375,25.94482421875,22.39404296875,4438.37646484375,4437.091870117188,4377.002060546875,0.003859572619941,0.3612362040041405,21.892001544650668,1.3405034732529837,635902156.8,2.539208648269834,4488.21728515625,4345.3359375,0.1841152890599102,5,3,4,9,-97.04410670807302,-194.01210167185886,20.068521373996397,normal,-0.02230688480580234,-0.02354645893531504,0.005065446220762659,0.0011562394887318916,4488.21728515625,4345.3359375,0.18411528905991026,2.2893403980141014,563886407.68,2.863499162257374,1,0.014022018598091858,sideways,1,2025-09-11 12:47:24.097684,2025-09-13T15:30:02.412607
2025-09-04 06:00:00+00:00,ETH,crypto,1h,yahoo_finance,4375.29931640625,4383.1279296875,4358.65380859375,4366.89892578125,0,0.0,0.0,ETH-USD,ETH,Ethereum,-0.0010850961072358,-4.74365234375,24.47412109375,8.400390625,4428.446533203125,4436.894750976562,4376.6462109375,0.0038115989772118,0.3567461170701086,23.424191468941476,-1.0,464830873.6,0.0,4488.21728515625,4345.3359375,0.1509153478390136,6,3,4,9,-93.63623344614201,-156.54367142003767,20.671455685111876,normal,-0.022477400947157777,-0.02223352189526051,-0.0009019734495390175,-0.004057863785667637,4488.21728515625,4345.3359375,0.1509153478390136,-1.0,558617804.8,0.0,-1,0.011835620191591718,sideways,1,2025-09-11 12:47:24.097684,2025-09-13T15:30:02.412607
2025-09-04 07:00:00+00:00,ETH,crypto,1h,yahoo_finance,4366.7216796875,4382.775390625,4366.7216796875,4375.56787109375,762667008,0.0,0.0,ETH-USD,ETH,Ethereum,0.0019851490634053,8.6689453125,16.0537109375,8.84619140625,4419.49091796875,4436.9564208984375,4376.448564453125,0.0038146409017553,0.3570308256073409,23.420987250735536,inf,482855936.0,1.5794918341855075,4488.21728515625,4345.3359375,0.2115876850943712,7,3,4,9,-86.43574010188858,-115.281963284744,21.231323259719108,normal,-0.010762194913284007,-0.02005681183180319,0.0002819625351491162,-0.002253434374722363,4488.21728515625,4345.3359375,0.21158768509437123,inf,561400135.68,1.3585087703554153,1,0.009834995860622807,sideways,1,2025-09-11 12:47:24.097684,2025-09-13T15:30:02.412607
2025-09-04 08:00:00+00:00,ETH,crypto,1h,yahoo_finance,4372.8466796875,4391.77294921875,4369.39306640625,4370.70703125,208388096,0.0,0.0,ETH-USD,ETH,Ethereum,-0.001110904912677,-4.86083984375,22.3798828125,2.1396484375,4409.512158203125,4437.8607421875,4375.57095703125,0.0038167601002016,0.3572291717139323,23.642714017566504,-0.7267639824273086,493275340.8,0.4224579636639318,4488.21728515625,4354.12939453125,0.1236326162003117,8,3,4,9,-90.33389851082909,-91.44213648308934,21.302038352648697,normal,-0.0065365512469723885,-0.0223213773731038,0.004155295721967045,-0.0099398578155806,4488.21728515625,4354.12939453125,0.12363261620031171,-0.8233876958752508,557444792.32,0.37382732581054456,-1,0.0077569765192206045,sideways,1,2025-09-11 12:47:24.097684,2025-09-13T15:30:02.412607
2025-09-04 09:00:00+00:00,ETH,crypto,1h,yahoo_finance,4370.8984375,4395.0078125,4370.8984375,4395.0078125,0,0.0,0.0,ETH-USD,ETH,Ethereum,0.0055599199571723,24.30078125,24.109375,24.109375,4403.95771484375,4436.7237548828125,4375.973720703125,0.0041756509529157,0.3908195150116426,29.527557136591795,-1.0,470194585.6,0.0,4488.21728515625,4358.65380859375,0.2805883638720765,9,3,4,9,-70.84584751171798,-63.94901753811192,21.205379662989284,normal,-0.000775757984823211,-0.012480346375554063,-0.005147362041888259,0.004603150562634051,4488.21728515625,4358.65380859375,0.2805883638720765,-1.0,557444792.32,0.0,-1,0.00639491823459326,sideways,1,2025-09-11 12:47:24.097684,2025-09-13T15:30:02.412607
2025-09-04 10:00:00+00:00,ETH,crypto,1h,yahoo_finance,4395.2197265625,4429.9609375,4395.2197265625,4418.3955078125,0,0.0,0.0,ETH-USD,ETH,Ethereum,0.0053214229212477,23.3876953125,34.7412109375,23.17578125,4398.658740234375,4434.025952148438,4376.43595703125,0.0045161724107493,0.4226905771531395,38.77473800077969,,470194585.6,0.0,4488.21728515625,4358.65380859375,0.461099846992229,10,3,4,9,-52.090047263457556,-9.877935292004304,19.789780962383933,normal,0.010694591072345272,-0.011850856744553107,-0.012064358969432032,0.0052583218806645515,4488.21728515625,4358.65380859375,0.461099846992229,-1.0,557444792.32,0.0,-1,0.0050778266656504875,sideways,1,2025-09-11 12:47:24.097684,2025-09-13T15:30:02.412607
2025-09-04 11:00:00+00:00,ETH,crypto,1h,yahoo_finance,4411.248046875,4430.84423828125,4403.87646484375,4409.16064453125,693792768,0.0,0.0,ETH-USD,ETH,Ethereum,-0.0020900943034459,-9.23486328125,26.9677734375,2.08740234375,4392.8435546875,4430.286376953125,4376.64087890625,0.0045268833555318,0.4236930666553604,37.34349567011129,inf,453127782.4,1.5311194655187843,4488.21728515625,4358.65380859375,0.3898230988972888,11,3,4,9,-59.49596087353207,-3.675909684431621,18.50923001399778,normal,0.009677741451833421,-0.013017189970200183,-0.01667981758732917,0.0023292322757622053,4488.21728515625,4358.65380859375,0.38982309889728883,inf,553545236.48,1.2533623672960055,1,0.003702080255051492,sideways,1,2025-09-11 12:47:24.097684,2025-09-13T15:30:02.412607
2025-09-04 12:00:00+00:00,ETH,crypto,1h,yahoo_finance,4409.28955078125,4423.49853515625,4387.859375,4414.81689453125,282263552,0.0,0.0,ETH-USD,ETH,Ethereum,0.0012828405349702,5.65625,35.63916015625,5.52734375,4392.008154296875,4427.720190429687,4377.11076171875,0.0045297810450907,0.4239642755377153,37.42434402075135,-0.5931586995152996,354453708.8,0.7963340345784526,4488.21728515625,4358.65380859375,0.4334793062642738,12,3,4,9,-54.95992199767403,-7.855410840324089,17.67977019206975,normal,0.00897004105382293,-0.0018886911896623948,-0.011491740806694795,0.005350128410420485,4488.21728515625,4358.65380859375,0.43347930626427383,-0.6298993544506386,559190507.52,0.5047717159073996,0,0.0034034762630212683,sideways,1,2025-09-11 12:47:24.097684,2025-09-13T15:30:02.412607
2025-09-04 13:00:00+00:00,ETH,crypto,1h,yahoo_finance,4415.6416015625,4415.6416015625,4369.88818359375,4379.58251953125,0,0.0,0.0,ETH-USD,ETH,Ethereum,-0.0079809368863397,-35.234375,45.75341796875,36.05908203125,4390.019970703125,4422.958447265625,4377.814521484375,0.0048311842346405,0.4521740683798536,35.00616894236681,-1.0,328078336.0,0.0,4483.349609375,4358.65380859375,0.1678381373420472,13,3,4,9,-83.21618626579527,-50.694961623224096,17.535479415183495,normal,0.002030675636182311,-0.004519149226152042,-0.02128240219300148,0.008099630000944158,4483.349609375,4358.65380859375,0.16783813734204725,-1.0,559190507.52,0.0,-1,0.002788023375328249,sideways,1,2025-09-11 12:47:24.097684,2025-09-13T15:30:02.412607
2025-09-04 14:00:00+00:00,ETH,crypto,1h,yahoo_finance,4379.826171875,4379.826171875,4334.7919921875,4346.48095703125,0,0.0,0.0,ETH-USD,ETH,Ethereum,-0.0075581547675788,-33.1015625,45.0341796875,33.34521484375,4384.82607421875,4416.872216796875,4379.107822265625,0.0048047622916157,0.4497011100135884,24.911928318674327,,328078336.0,0.0,4483.349609375,4334.7919921875,0.0786830393826048,14,3,4,9,-91.84680619178175,-129.27284559443225,18.39694742879589,normal,-0.01104135818160168,-0.011808550744652146,-0.027242392402483495,0.015102246406981656,4483.349609375,4334.7919921875,0.07868303938260486,,523264081.92,0.0,-1,0.001305802959235372,sideways,1,2025-09-11 12:47:24.097684,2025-09-13T15:30:02.412607
2025-09-04 15:00:00+00:00,ETH,crypto,1h,yahoo_finance,4344.91162109375,4344.91162109375,4301.77783203125,4307.140625,401641472,0.0,0.0,ETH-USD,ETH,Ethereum,-0.0090510765882017,-39.34033203125,43.1337890625,37.77099609375,4378.37587890625,4408.376171875,4377.76751953125,0.0051420992216148,0.4812741166811359,21.820493436877182,inf,348160409.6,1.1536104075171676,4483.349609375,4301.77783203125,0.0295353884133502,15,3,4,9,-96.82394174768513,-206.24286681629295,19.917973170624276,normal,-0.025179928464027723,-0.01475462642983616,-0.0379536661598151,-0.015320701952419191,4483.349609375,4301.77783203125,0.02953538841335022,inf,487699988.48,0.8235420985999692,1,0.00013896566509888667,sideways,1,2025-09-11 12:47:24.097684,2025-09-13T15:30:02.412607
2025-09-04 16:00:00+00:00,ETH,crypto,1h,yahoo_finance,4302.2197265625,4316.88818359375,4289.81396484375,4297.5498046875,0,0.0,0.0,ETH-USD,ETH,Ethereum,-0.0022267256046463,-9.5908203125,27.07421875,4.669921875,4371.440966796875,4399.94375,4376.860458984375,0.0046950016748272,0.4394280791725613,24.840400563292132,-1.0,331400806.4,0.0,4483.349609375,4289.81396484375,0.039971137422703,16,3,4,9,-94.5147664716269,-204.35463770860946,21.558641394987973,normal,-0.02531339836351454,-0.01588063343631052,-0.037761072920354244,-0.01044302143010134,4483.349609375,4289.81396484375,0.03997113742270304,-1.0,426268344.32,0.0,-1,-0.0012382145234664554,sideways,1,2025-09-11 12:47:24.097684,2025-09-13T15:30:02.412607
2025-09-04 17:00:00+00:00,ETH,crypto,1h,yahoo_finance,4296.8955078125,4322.3076171875,4296.8955078125,4308.35400390625,460857344,0.0,0.0,ETH-USD,ETH,Ethereum,0.0025140370000984,10.80419921875,25.412109375,11.45849609375,4364.719580078125,4392.105249023438,4377.21951171875,0.0047388664904804,0.443533600963764,30.75779200422393,inf,354443673.6,1.3002273092341632,4483.349609375,4289.81396484375,0.0957965087382461,17,3,4,9,-86.85385867119066,-141.65468539154304,22.824915130281532,normal,-0.02411490514065906,-0.015361175775956748,-0.035109891395706305,0.004184372319114393,4483.349609375,4289.81396484375,0.09579650873824619,0.6327199907127932,435485491.2,1.0582610748525438,1,-0.002855678497996419,sideways,1,2025-09-11 12:47:24.097684,2025-09-13T15:30:02.412607
2025-09-04 18:00:00+00:00,ETH,crypto,1h,yahoo_finance,4309.96533203125,4318.32861328125,4274.984375,4278.24755859375,21512192,0.0,0.0,ETH-USD,ETH,Ethereum,-0.0069879228320615,-30.1064453125,43.34423828125,31.7177734375,4355.4736328125,4382.492895507812,4376.842275390625,0.0049414568920809,0.4624950235999692,27.394902411021818,-0.9533213644524235,355519283.2,0.060509212907864,4483.349609375,4274.984375,0.0156608831772634,18,3,4,9,-97.90633487990326,-139.37661798069828,24.4295353857986,normal,-0.023138041236940965,-0.02115435145736755,-0.04300353456850814,-0.004389419668018091,4483.349609375,4274.984375,0.015660883177263482,inf,399784591.36,0.05380945755517774,-1,-0.004882205305471764,sideways,1,2025-09-11 12:47:24.097684,2025-09-13T15:30:02.412607
2025-09-04 19:00:00+00:00,ETH,crypto,1h,yahoo_finance,4275.6865234375,4286.04638671875,4268.5888671875,4278.9248046875,708730880,0.0,0.0,ETH-USD,ETH,Ethereum,0.000158299884351,0.67724609375,17.45751953125,3.23828125,4343.86533203125,4373.9115234375,4375.9910546875,0.0048211213016303,0.4512322294562976,30.66026782258689,31.945544554455445,390955827.2,1.812815747180146,4483.349609375,4268.5888671875,0.0481276856967464,19,3,4,9,-93.62983337295628,-127.66061588941712,26.037337427481464,normal,-0.015542723645082357,-0.026412469047801035,-0.03856317866100489,-0.009848704064662317,4483.349609375,4268.5888671875,0.04812768569674647,inf,413959208.96,1.712079027739381,1,-0.007341359306902055,sideways,1,2025-09-11 12:47:24.097684,2025-09-13T15:30:02.412607
2025-09-04 20:00:00+00:00,ETH,crypto,1h,yahoo_finance,4277.83447265625,4308.83984375,4277.83447265625,4306.14306640625,0,0.0,0.0,ETH-USD,ETH,Ethereum,0.0063610049162192,27.21826171875,31.00537109375,28.30859375,4332.640087890625,4365.6494140625,4376.153916015625,0.0052631598895653,0.4926047743603545,38.41344631716174,-1.0,366411571.2,0.0,4478.15869140625,4268.5888671875,0.1791965964505975,20,3,4,9,-76.85488069479595,-79.99866431879447,26.44192528382681,normal,-0.00023160576368452812,-0.02540570241115081,-0.03695547981593461,0.0018946175910308227,4478.15869140625,4268.5888671875,0.17919659645059752,-1.0,413959208.96,0.0,-1,-0.009943395264446812,sideways,1,2025-09-11 12:47:24.097684,2025-09-13T15:30:02.412607
2025-09-04 21:00:00+00:00,ETH,crypto,1h,yahoo_finance,4306.4384765625,4323.8330078125,4304.91796875,4323.8330078125,808050688,0.0,0.0,ETH-USD,ETH,Ethereum,0.0041080709891538,17.68994140625,18.9150390625,17.39453125,4324.10732421875,4358.475439453125,4377.19923828125,0.0053845705481534,0.5039681893683825,40.46198856731332,inf,391619993.6,2.0633540197269435,4470.62841796875,4268.5888671875,0.2734323077406429,21,3,4,9,-65.95235014249215,-43.33020079969603,26.17386807678182,normal,0.006115857714163564,-0.019352353792004173,-0.032117630496523386,0.012235817575083408,4470.62841796875,4268.5888671875,0.2734323077406429,inf,415556403.2,1.9445030368382976,1,-0.012129197501036361,sideways,1,2025-09-11 12:47:24.097684,2025-09-13T15:30:02.412607
2025-09-04 22:00:00+00:00,ETH,crypto,1h,yahoo_finance,4318.4169921875,4347.9560546875,4318.4169921875,4347.9560546875,0,0.0,0.0,ETH-USD,ETH,Ethereum,0.0055790884688222,24.123046875,29.5390625,29.5390625,4317.421240234375,4354.714697265625,4377.8559765625,0.0056486493712077,0.5286846129187834,46.08370848280476,-1.0,391619993.6,0.0,4430.84423828125,4268.5888671875,0.489149831928474,22,3,4,9,-51.0850168071526,-9.207628907635158,24.996012881144175,normal,0.009191921263977942,-0.015144646186022404,-0.01700473381586276,0.007609735210635238,4430.84423828125,4268.5888671875,0.48914983192847405,-1.0,415556403.2,0.0,-1,-0.013804642421237984,sideways,1,2025-09-11 12:47:24.097684,2025-09-13T15:30:02.412607
2025-09-04 23:00:00+00:00,ETH,crypto,1h,yahoo_finance,4344.87939453125,4348.27978515625,4299.755859375,4299.755859375,0,0.0,0.0,ETH-USD,ETH,Ethereum,-0.0110857135413169,-48.2001953125,48.52392578125,45.12353515625,4309.43857421875,4349.729272460938,4377.264052734375,0.0060451453683763,0.5657946048852597,34.85011338572893,,332624076.8,0.0,4430.84423828125,4268.5888671875,0.1920860429914023,23,3,4,9,-80.79139570085977,-37.78839664156003,24.425755151924356,normal,0.005027362368978938,-0.01822700218576856,-0.022663780869097705,-0.006836171108078215,4430.84423828125,4268.5888671875,0.19208604299140233,-1.0,390039060.48,0.0,-1,-0.015494947916897095,sideways,1,2025-09-11 12:47:24.097684,2025-09-13T15:30:02.412607
2025-09-05 00:00:00+00:00,ETH,crypto,1h,yahoo_finance,4299.48291015625,4313.3623046875,4294.34619140625,4303.81787109375,1086525440,0.0,0.0,ETH-USD,ETH,Ethereum,0.0009447075256361,4.06201171875,19.01611328125,4.3349609375,4305.172265625,4344.999169921875,4376.79244140625,0.0057695195380697,0.5399974406730794,30.582664863853992,inf,352455884.8,3.082727475572001,4430.84423828125,4268.5888671875,0.2171207256115727,0,4,5,9,-78.28792743884273,-51.2764123268964,24.042679792926318,normal,0.005817598472162899,-0.009815546498250338,-0.0215081898639915,-0.0054491322550536125,4430.84423828125,4268.5888671875,0.21712072561157272,0.5330578512396693,411769569.28,2.63867347434111,1,-0.016363621702435188,sideways,1,2025-09-11 12:47:24.097684,2025-09-13T15:30:02.412607
2025-09-05 01:00:00+00:00,ETH,crypto,1h,yahoo_finance,4302.81689453125,4332.4580078125,4300.5078125,4325.703125,0,0.0,0.0,ETH-USD,ETH,Ethereum,0.0050850790069998,21.88525390625,31.9501953125,22.88623046875,4307.028515625,4342.702197265625,4376.794833984375,0.0060588893840274,0.5670809742661407,36.43804877893958,-1.0,271721472.0,0.0,4430.84423828125,4268.5888671875,0.3520022630221577,1,4,5,9,-63.13060471860175,-11.564297505289389,22.956811122090606,normal,0.004542361526802319,0.004309703726007363,-0.010508510772329283,2.7656131561970554e-05,4430.84423828125,4268.5888671875,0.35200226302215776,,411769569.28,0.0,-1,-0.01594004768458928,sideways,1,2025-09-11 12:47:24.097684,2025-09-13T15:30:02.412607
2025-09-05 02:00:00+00:00,ETH,crypto,1h,yahoo_finance,4326.892578125,4332.54150390625,4305.5234375,4325.86474609375,0,0.0,0.0,ETH-USD,ETH,Ethereum,3.736296483602963e-05,0.16162109375,27.01806640625,1.02783203125,4309.860009765625,4340.65048828125,4377.11638671875,0.0060263621655366,0.5640365934262218,35.282341459631354,,271721472.0,0.0,4430.84423828125,4268.5888671875,0.3529983538921272,2,4,5,9,-61.050789603007004,11.592387772426573,21.945362760326386,normal,0.00046989286533016816,0.006588624377398933,-0.009396640587498561,0.003730494409753149,4430.84423828125,4268.5888671875,0.35299835389212725,-1.0,411769569.28,0.0,-1,-0.015365453191328605,sideways,1,2025-09-11 12:47:24.097684,2025-09-13T15:30:02.412607
2025-09-05 03:00:00+00:00,ETH,crypto,1h,yahoo_finance,4324.56689453125,4329.63671875,4300.958984375,4328.18603515625,0,0.0,0.0,ETH-USD,ETH,Ethereum,0.0005366069442176,2.3212890625,28.677734375,3.619140625,4311.843212890625,4338.281396484375,4377.299404296875,0.0057378172525697,0.5370302693305588,40.45676258862356,,233588121.6,0.0,4430.84423828125,4268.5888671875,0.3673047466287891,3,4,5,9,-46.42339803523927,30.539073818324137,21.157547069023128,normal,-0.004546968571574217,0.0046031573153040295,-0.010828728369297602,0.0021187322110605145,4430.84423828125,4268.5888671875,0.36730474662878915,,396343951.36,0.0,-1,-0.014953555916690578,sideways,1,2025-09-11 12:47:24.097684,2025-09-13T15:30:02.412607
2025-09-05 04:00:00+00:00,ETH,crypto,1h,yahoo_finance,4328.85498046875,4334.17431640625,4319.2412109375,4332.82421875,0,0.0,0.0,ETH-USD,ETH,Ethereum,0.0010716229746308,4.63818359375,14.93310546875,3.96923828125,4317.30087890625,4336.387255859375,4377.169609375,0.0054135085480503,0.5066766377546663,47.16452046545295,,223168716.8,0.0,4430.84423828125,4268.5888671875,0.3958904480603312,4,4,5,9,-19.394388721072012,92.39410934576954,20.233686392460548,normal,0.007690752790742605,0.012756779360890702,-0.00866743349054111,-0.0014955696099264726,4430.84423828125,4268.5888671875,0.3958904480603312,,396343951.36,0.0,-1,-0.013677498431982972,sideways,1,2025-09-11 12:47:24.097684,2025-09-13T15:30:02.412607
2025-09-05 05:00:00+00:00,ETH,crypto,1h,yahoo_finance,4332.1435546875,4341.94921875,4329.2216796875,4339.728515625,0,0.0,0.0,ETH-USD,ETH,Ethereum,0.0015934864943567,6.904296875,12.7275390625,7.5849609375,4323.38125,4333.623291015625,4377.264306640625,0.0047877827006963,0.4481119073807386,57.8192366812882,,223168716.8,0.0,4430.84423828125,4268.5888671875,0.4384424870372767,5,4,5,9,-10.730544645756616,117.91811979911112,19.044402403841186,normal,0.008343904320961437,0.014210044278153866,-0.012577747124311811,0.0010922422639974005,4430.84423828125,4268.5888671875,0.4384424870372767,-1.0,391821557.76,0.0,-1,-0.012309756246357004,sideways,1,2025-09-11 12:47:24.097684,2025-09-13T15:30:02.412607
2025-09-05 06:00:00+00:00,ETH,crypto,1h,yahoo_finance,4339.33349609375,4340.81884765625,4325.5166015625,4330.7890625,0,0.0,0.0,ETH-USD,ETH,Ethereum,-0.0020599106816967,-8.939453125,15.30224609375,8.54443359375,4325.845849609375,4329.24296875,4377.053125,0.0047805449037388,0.4474344867034432,58.00053592331595,,223168716.8,0.0,4430.84423828125,4268.5888671875,0.3833475273774522,6,4,5,9,-21.94820075119327,85.04911103577352,18.088330753262078,normal,0.0011757481623291266,0.005723450362349114,-0.019827660325472563,-0.0024322126859489535,4430.84423828125,4268.5888671875,0.38334752737745226,,391821557.76,0.0,-1,-0.011699029901681852,sideways,1,2025-09-11 12:47:24.097684,2025-09-13T15:30:02.412607
2025-09-05 07:00:00+00:00,ETH,crypto,1h,yahoo_finance,4333.09619140625,4423.7734375,4333.09619140625,4422.04541015625,849072128,0.0,0.0,ETH-USD,ETH,Ethereum,0.0210715290768679,91.25634765625,90.67724609375,88.94921875,4335.66708984375,4329.88720703125,4379.176904296875,0.0072820165250393,0.681559402046133,69.72551677397492,inf,230932684.8,3.676708339208638,4423.7734375,4268.5888671875,0.9888646961468514,7,4,5,9,-1.1135303853148657,269.10009106693377,18.970980403785376,normal,0.022233858363082337,0.022714198759826054,0.0029222717573198498,0.024604378340499,4423.7734375,4268.5888671875,0.9888646961468514,inf,408803000.32,2.0769713708934847,1,-0.00993561470659786,sideways,1,2025-09-11 12:47:24.097684,2025-09-13T15:30:02.412607
2025-09-05 08:00:00+00:00,ETH,crypto,1h,yahoo_finance,4418.2568359375,4418.2568359375,4389.3994140625,4406.04052734375,790358016,0.0,0.0,ETH-USD,ETH,Ethereum,-0.0036193393165391,-16.0048828125,28.857421875,12.21630859375,4341.475537109375,4329.448388671875,4381.174599609375,0.0070170571777338,0.6567605659414482,73.31290529466258,-0.0691509119941339,256337408.0,3.0832722471782192,4423.7734375,4268.5888671875,0.8857301977861544,8,4,5,9,-11.426980221384566,220.68721774718077,19.790583650699865,normal,0.017987787852721038,0.013359029375108245,-0.0019879345841888885,0.023195808779832072,4423.7734375,4268.5888671875,0.8857301977861544,inf,395838054.4,1.996670121062519,1,-0.009061282904255726,sideways,1,2025-09-11 12:47:24.097684,2025-09-13T15:30:02.412607
2025-09-05 09:00:00+00:00,ETH,crypto,1h,yahoo_finance,4406.0517578125,4407.646484375,4376.33740234375,4397.4501953125,2741807104,0.0,0.0,ETH-USD,ETH,Ethereum,-0.001949671587889,-8.59033203125,31.30908203125,8.6015625,4351.244970703125,4330.341772460937,4382.88544921875,0.0070848453482959,0.6631051910648988,71.0155040638863,2.4690697740705905,393427763.2,6.969022932441591,4423.7734375,4268.5888671875,0.8303746169191172,9,4,5,9,-18.037158352934092,146.33448315760162,20.004365539149592,normal,0.01491543928388217,0.022720903030922557,0.00407976689594669,0.01983866217133312,4423.7734375,4268.5888671875,0.8303746169191172,inf,450674196.48,6.083789853989734,1,-0.0072190977569960135,sideways,1,2025-09-11 12:47:24.097684,2025-09-13T15:30:02.412607
2025-09-05 10:00:00+00:00,ETH,crypto,1h,yahoo_finance,4397.45458984375,4420.41943359375,4396.63427734375,4413.2470703125,0,0.0,0.0,ETH-USD,ETH,Ethereum,0.0035922805940675,15.796875,23.78515625,15.79248046875,4362.187890625,4333.680078125,4384.83333984375,0.0069910706647766,0.6543283615964778,69.79201819051315,-1.0,393427763.2,0.0,4423.7734375,4268.5888671875,0.9321687254969826,10,4,5,9,-8.13303806207487,137.3321293671534,20.524161938141994,normal,0.016940818860626816,0.025426075753280042,0.015360958426205329,0.02256669577296444,4423.7734375,4268.5888671875,0.9321687254969826,,450674196.48,0.0,-1,-0.005164494853881138,sideways,1,2025-09-11 12:47:24.097684,2025-09-13T15:30:02.412607
2025-09-05 11:00:00+00:00,ETH,crypto,1h,yahoo_finance,4411.29443359375,4423.30859375,4407.94482421875,4417.98046875,1213538304,0.0,0.0,ETH-USD,ETH,Ethereum,0.0010725432685019,4.7333984375,15.36376953125,6.68603515625,4371.415625,4339.2220703125,4386.200751953125,0.0069602823027229,0.65144672880161,68.27274450341167,inf,434022604.8,2.7960255769609166,4423.7734375,4268.5888671875,0.9626704591936266,11,4,5,9,-4.4758495022013305,116.77361313321552,21.079502634718505,normal,0.02013291457785016,0.021332333977496454,0.025733973742730898,0.015718790332421406,4423.7734375,4268.5888671875,0.9626704591936266,inf,474944962.56,2.5551135387538575,1,-0.0033708276910358026,sideways,1,2025-09-11 12:47:24.097684,2025-09-13T15:30:02.412607
2025-09-05 12:00:00+00:00,ETH,crypto,1h,yahoo_finance,4418.09814453125,4484.361328125,4413.39453125,4464.427734375,2334904320,0.0,0.0,ETH-USD,ETH,Ethereum,0.0105132347129053,46.447265625,70.966796875,46.32958984375,4385.271923828125,4347.565966796875,4388.07248046875,0.0072961492757942,0.6828821550391677,70.80286750854671,0.9240466595111284,550767820.8,4.23936227176183,4484.361328125,4268.5888671875,0.9076175260578138,12,4,5,9,-10.490529383195726,141.62374093985616,22.832042505335135,normal,0.0095843258690671,0.032031280776027904,0.03883094723078706,0.02141153594326206,4484.361328125,4268.5888671875,0.9076175260578138,1.7499481410370827,453214535.68,5.15187430274434,1,-0.0006382202329359422,sideways,1,2025-09-11 12:47:24.097684,2025-09-13T15:30:02.412607
2025-09-05 13:00:00+00:00,ETH,crypto,1h,yahoo_finance,4470.30419921875,4476.93212890625,4441.5595703125,4441.5595703125,2149208064,0.0,0.0,ETH-USD,ETH,Ethereum,-0.0051223057966468,-22.8681640625,35.37255859375,28.74462890625,4396.60927734375,4354.226245117187,4389.416982421875,0.0066216983200875,0.6197570044026234,77.84730745627493,-0.0795305633765754,635185356.8,3.3835919562558785,4484.361328125,4268.5888671875,0.8016347515965079,13,4,5,9,-22.525446420541126,116.58631545390999,24.45940095662201,normal,0.008061442637288474,0.026194238009955795,0.030917971523574117,0.015368074406854504,4484.361328125,4268.5888671875,0.8016347515965079,1.7192841984157217,488155381.76,4.402713038318302,1,0.0016385535825550056,sideways,1,2025-09-11 12:47:24.097684,2025-09-13T15:30:02.412607
2025-09-05 14:00:00+00:00,ETH,crypto,1h,yahoo_finance,4442.22412109375,4442.22412109375,4267.7109375,4281.69970703125,739778560,0.0,0.0,ETH-USD,ETH,Ethereum,-0.0359918314165496,-159.85986328125,174.51318359375,160.5244140625,4391.496826171875,4354.398852539062,4387.998564453125,0.0122159403305966,1.1433493673797652,47.305339351872775,-0.6557901617849131,671098675.2,1.102339473073065,4484.361328125,4267.7109375,0.064568402073473,14,4,5,9,-93.54315979265269,-61.48541593165739,24.06892340433343,high,-0.02632218288785515,-0.011799350524655972,0.0008069071249898752,-0.0162938387849364,4484.361328125,4267.7109375,0.06456840207347307,-0.7301857745861322,502950952.96,1.4708761473583192,1,0.0007972340162298418,sideways,1,2025-09-11 12:47:24.097684,2025-09-13T15:30:02.412607
2025-09-05 15:00:00+00:00,ETH,crypto,1h,yahoo_finance,4273.2890625,4303.28857421875,4265.22998046875,4279.6904296875,3612868608,0.0,0.0,ETH-USD,ETH,Ethereum,-0.0004692709627558,-2.00927734375,38.05859375,6.4013671875,4385.493017578125,4354.437133789063,4385.237421875,0.0121174695050459,1.1341330031006494,44.108961150676166,3.8837162947788055,816305561.6,4.42587773249835,4484.361328125,4265.22998046875,0.0659898703376479,15,4,5,9,-93.4010129662352,-120.77644669788772,23.745525353454735,high,-0.03026267020566853,-0.013834525759234828,0.0001789292953129351,-0.031250569905854064,4484.361328125,4265.22998046875,0.06598987033764799,inf,565976023.04,6.383430500455428,1,5.8285487998787025e-05,sideways,1,2025-09-11 12:47:24.097684,2025-09-13T15:30:02.412607
2025-09-05 16:00:00+00:00,ETH,crypto,1h,yahoo_finance,4282.12744140625,4303.36865234375,4276.7705078125,4296.48486328125,0,0.0,0.0,ETH-USD,ETH,Ethereum,0.0039242169193476,16.79443359375,26.59814453125,14.357421875,4382.06259765625,4353.9542236328125,4381.720087890625,0.0121798953120342,1.1399757384936344,46.392132125793886,-1.0,816305561.6,0.0,4484.361328125,4265.22998046875,0.1426308154756997,16,4,5,9,-85.73691845243002,-100.41586041889309,23.443217482776557,high,-0.027500258620003715,-0.00792100439981891,-0.002242889512972024,-0.03932309362559194,4484.361328125,4265.22998046875,0.14263081547569972,-1.0,565976023.04,0.0,-1,7.816787899598864e-05,sideways,1,2025-09-11 12:47:24.097684,2025-09-13T15:30:02.412607
2025-09-05 17:00:00+00:00,ETH,crypto,1h,yahoo_finance,4296.9970703125,4296.9970703125,4273.4248046875,4290.20263671875,0,0.0,0.0,ETH-USD,ETH,Ethereum,-0.0014621782136809,-6.2822265625,23.572265625,6.79443359375,4368.8783203125,4352.272705078125,4377.84509765625,0.0121795732263901,1.139945592929122,45.38055354971116,,775903027.2,0.0,4484.361328125,4265.22998046875,0.1139620438476673,17,4,5,9,-88.60379561523325,-99.75017348755651,23.222747427883,high,-0.03902518038644898,-0.029814884563304722,-0.007777907017450736,-0.043209540446649264,4484.361328125,4265.22998046875,0.11396204384766735,-1.0,545273446.4,0.0,-1,-0.0020482171350809184,sideways,1,2025-09-11 12:47:24.097684,2025-09-13T15:30:02.412607
2025-09-05 18:00:00+00:00,ETH,crypto,1h,yahoo_finance,4290.15380859375,4316.0390625,4287.12109375,4315.130859375,1249705984,0.0,0.0,ETH-USD,ETH,Ethereum,0.0058105000549149,24.92822265625,28.91796875,24.97705078125,4359.787353515625,4350.6314453125,4374.82490234375,0.0122937134591575,1.1506285333655832,47.949380784980384,inf,838388326.4,1.4906051821668114,4484.361328125,4265.22998046875,0.2277213161876282,18,4,5,9,-77.22786838123717,-71.08900106262227,22.49918125650905,high,-0.028464936456679024,-0.020632962271810107,-0.007549569245786536,-0.03381213855642984,4484.361328125,4265.22998046875,0.22772131618762825,-0.4185272217552968,525152665.6,2.3797003535575314,1,-0.003437291586245893,sideways,1,2025-09-11 12:47:24.097684,2025-09-13T15:30:02.412607
2025-09-05 19:00:00+00:00,ETH,crypto,1h,yahoo_finance,4313.97607421875,4330.0224609375,4308.017578125,4328.8388671875,0,0.0,0.0,ETH-USD,ETH,Ethereum,0.0031767305000074,13.7080078125,22.0048828125,14.86279296875,4352.926220703125,4352.085595703125,4371.90533203125,0.0123189468098628,1.1529902455862586,48.757509983598375,-1.0,838388326.4,0.0,4484.361328125,4265.22998046875,0.2902774404442256,19,4,5,9,-70.97225595557744,-48.89415771544619,21.4593067386047,high,0.011009450307512214,-0.015602525344832086,0.0067638742206930225,-0.03262222860438835,4484.361328125,4265.22998046875,0.2902774404442256,-1.0,514602516.48,0.0,-1,-0.00434115331571154,sideways,1,2025-09-11 12:47:24.097684,2025-09-13T15:30:02.412607
2025-09-05 20:00:00+00:00,ETH,crypto,1h,yahoo_finance,4331.5400390625,4342.212890625,4324.2939453125,4338.3251953125,44204032,0.0,0.0,ETH-USD,ETH,Ethereum,0.0021914255568407,9.486328125,17.9189453125,6.78515625,4345.434033203125,4353.810961914062,4369.307724609375,0.0123195315959329,1.153044978563432,50.858787970513866,inf,786272256.0,0.0562197529706555,4484.361328125,4265.22998046875,0.3335680432103854,20,4,5,9,-66.64319567896145,-33.93686036649134,20.177486844997965,high,0.01370070255975997,-0.016976587489060502,0.008017840264690435,-0.029067680339114776,4484.361328125,4265.22998046875,0.33356804321038547,-0.9877648381947468,515486597.12,0.08575204912594411,-1,-0.005463952852710666,sideways,1,2025-09-11 12:47:24.097684,2025-09-13T15:30:02.412607
2025-09-05 21:00:00+00:00,ETH,crypto,1h,yahoo_finance,4338.3818359375,4338.6279296875,4295.92919921875,4297.04443359375,0,0.0,0.0,ETH-USD,ETH,Ethereum,-0.0095153682262808,-41.28076171875,42.69873046875,41.33740234375,4333.3404296875,4352.37802734375,4365.7073828125,0.0109709115955224,1.0268210627144807,33.9243596795949,-1.0,786272256.0,0.0,4484.361328125,4265.22998046875,0.1451843995178049,21,4,5,9,-85.4815600482195,-55.63570603892155,19.629513240437145,high,0.00013023909784526388,-0.02737360113103149,-0.006625209955029021,-0.040208759451117015,4484.361328125,4265.22998046875,0.1451843995178049,,515486597.12,0.0,-1,-0.007413908053578495,sideways,1,2025-09-11 12:47:24.097684,2025-09-13T15:30:02.412607
2025-09-05 22:00:00+00:00,ETH,crypto,1h,yahoo_finance,4297.9072265625,4318.73291015625,4297.9072265625,4314.53564453125,1383702528,0.0,0.0,ETH-USD,ETH,Ethereum,0.0040705213101255,17.4912109375,20.82568359375,16.62841796875,4318.351220703125,4351.811572265625,4362.674130859375,0.0110750273039312,1.036565759080206,38.27691214408859,inf,855457382.4,1.617500247783238,4484.361328125,4265.22998046875,0.2250050692876926,22,4,5,9,-77.49949307123073,-49.52189907092861,19.12068060763067,high,0.00567176188934293,-0.03357476002794657,-0.0026189218173615636,-0.0339578741094948,4484.361328125,4265.22998046875,0.22500506928769265,inf,536456806.4,2.579336325855591,1,-0.010159573882158912,sideways,1,2025-09-11 12:47:24.097684,2025-09-13T15:30:02.412607
2025-09-05 23:00:00+00:00,ETH,crypto,1h,yahoo_finance,4314.099609375,4317.072265625,4305.74560546875,4305.86572265625,0,0.0,0.0,ETH-USD,ETH,Ethereum,-0.0020094681303628,-8.669921875,11.32666015625,8.23388671875,4304.7818359375,4350.695556640625,4359.48896484375,0.0110752505360128,1.0365866524582306,38.26910784803032,-1.0,855457382.4,0.0,4484.361328125,4265.22998046875,0.1854401144433476,23,4,5,9,-81.45598855566523,-45.43352383400451,18.6481931628818,high,-0.002147127635450663,-0.030550946240422205,-0.005156966987717393,-0.03566716175078244,4484.361328125,4265.22998046875,0.18544011444334765,-1.0,536456806.4,0.0,-1,-0.012548977494248876,sideways,1,2025-09-11 12:47:24.097684,2025-09-13T15:30:02.412607
2025-09-06 00:00:00+00:00,ETH,crypto,1h,yahoo_finance,4306.873046875,4327.2197265625,4303.86669921875,4321.19482421875,0,0.0,0.0,ETH-USD,ETH,Ethereum,0.0035600509978381,15.3291015625,23.35302734375,14.32177734375,4308.73134765625,4350.114086914063,4356.50296875,0.0110741264074893,1.0364814397933524,38.19504540439404,,855457382.4,0.0,4484.361328125,4265.22998046875,0.25539405634374,0,5,6,9,-74.460594365626,-30.400565415105035,17.888196792691765,high,-0.0017658414192063265,0.009224167944950068,-0.0026840217705865754,-0.03339670821258267,4484.361328125,4265.22998046875,0.25539405634374,,536456806.4,0.0,-1,-0.01096558901403817,sideways,1,2025-09-11 12:47:24.097684,2025-09-13T15:30:02.412607
2025-09-06 01:00:00+00:00,ETH,crypto,1h,yahoo_finance,4321.95458984375,4323.49462890625,4314.2724609375,4318.5791015625,0,0.0,0.0,ETH-USD,ETH,Ethereum,-0.0006053239353129,-2.61572265625,9.22216796875,3.37548828125,4312.62021484375,4349.056616210937,4353.863505859375,0.011053827899057,1.0345816035018591,37.18296451318007,,855457382.4,0.0,4484.361328125,4265.22998046875,0.2434572764889779,1,5,6,9,-75.65427235110221,-22.224976529417145,17.182485877515305,high,-0.004551547627488883,0.009086795532040393,-0.004873441734051465,-0.029653206441309088,4484.361328125,4265.22998046875,0.24345727648897791,-1.0,536456806.4,0.0,-1,-0.00947280293930232,sideways,1,2025-09-11 12:47:24.097684,2025-09-13T15:30:02.412607
2025-09-06 02:00:00+00:00,ETH,crypto,1h,yahoo_finance,4318.78466796875,4321.27392578125,4306.37890625,4320.9833984375,0,0.0,0.0,ETH-USD,ETH,Ethereum,0.0005567333186349,2.404296875,14.89501953125,2.19873046875,4315.070068359375,4348.566333007812,4350.85546875,0.0105244860038601,0.9850379167596156,29.13400591515924,,855457382.4,0.0,4484.361328125,4265.22998046875,0.2544292204883897,2,5,6,9,-73.66421721260431,-13.735148346380742,16.755913961261633,high,0.0055710303241451875,0.005701994987953984,-0.0022641749392522392,-0.033636523566686005,4484.361328125,4265.22998046875,0.2544292204883897,,526639104.0,0.0,-1,-0.008224911318625377,sideways,1,2025-09-11 12:47:24.097684,2025-09-13T15:30:02.412607
2025-09-06 03:00:00+00:00,ETH,crypto,1h,yahoo_finance,4321.01123046875,4323.5576171875,4317.29248046875,4319.5439453125,969064448,0.0,0.0,ETH-USD,ETH,Ethereum,-0.0003331309084687,-1.439453125,6.26513671875,1.46728515625,4318.00419921875,4343.441259765625,4347.90009765625,0.0105027183786493,0.9830005786717932,31.07104116545568,inf,861456998.4,1.124913315232056,4484.361328125,4265.22998046875,0.2478603149420318,3,5,6,9,-69.31312830359408,50.68043279130299,16.274582617730005,high,0.001160797173526129,0.006839142828039213,-0.023179649989195417,-0.0330777295493655,4484.361328125,4265.22998046875,0.24786031494203187,-0.2996583959410096,539942748.16,1.7947540758762806,1,-0.0068759395952119155,sideways,1,2025-09-11 12:47:24.097684,2025-09-13T15:30:02.412607
2025-09-06 04:00:00+00:00,ETH,crypto,1h,yahoo_finance,4320.0361328125,4320.0361328125,4304.62939453125,4308.40283203125,0,0.0,0.0,ETH-USD,ETH,Ethereum,-0.002579233692793,-11.14111328125,15.40673828125,11.63330078125,4317.331396484375,4338.559375,4345.604736328125,0.0038712651741297,0.3623305671127489,57.69187492264242,-1.0,821939097.6,0.0,4484.361328125,4265.22998046875,0.1970181447075522,4,5,6,9,-43.91891463329549,6.9689021864494105,16.21463711869823,normal,0.0005892216660752236,-0.0015591711034980138,-0.022159963056754384,-0.025947011553813626,4484.361328125,4265.22998046875,0.19701814470755225,,539942748.16,0.0,-1,-0.00650619224693691,sideways,1,2025-09-11 12:47:24.097684,2025-09-13T15:30:02.412607
2025-09-06 05:00:00+00:00,ETH,crypto,1h,yahoo_finance,4309.5087890625,4310.72412109375,4291.90673828125,4294.6298828125,0,0.0,0.0,ETH-USD,ETH,Ethereum,-0.0031967644985175,-13.77294921875,18.8173828125,14.87890625,4313.910498046875,4333.418359375,4343.508046875,0.0039880185545977,0.3732580847728661,54.03020148372956,,684848742.4,0.0,4484.361328125,4265.22998046875,0.1341656620935378,5,5,6,9,-69.17332727608286,-88.90664476039022,16.52842616187497,normal,-0.006147591693242527,-0.007902577440408676,-0.02338180262043721,-0.023828917383075465,4484.361328125,4265.22998046875,0.13416566209353784,,516344381.44,0.0,-1,-0.00681420375160119,sideways,1,2025-09-11 12:47:24.097684,2025-09-13T15:30:02.412607
2025-09-06 06:00:00+00:00,ETH,crypto,1h,yahoo_finance,4294.47802734375,4306.0791015625,4293.6103515625,4302.345703125,667222016,0.0,0.0,ETH-USD,ETH,Ethereum,0.0017966205524204,7.7158203125,12.46875,7.86767578125,4310.312548828125,4327.873291015625,4341.5865625,0.0038764733258051,0.3628180234003642,51.66250682149971,inf,718209843.2,0.929007061539532,4484.361328125,4265.22998046875,0.1693766001680106,6,5,6,9,-57.95652976334133,-86.59366206899202,16.81980170196766,normal,-0.003758967488085796,-0.008293405996022463,-0.025129199752609188,-0.021842893688296283,4484.361328125,4265.22998046875,0.16937660016801068,inf,515891036.16,1.293339037185879,0,-0.007203360619825222,sideways,1,2025-09-11 12:47:24.097684,2025-09-13T15:30:02.412607
2025-09-06 07:00:00+00:00,ETH,crypto,1h,yahoo_finance,4301.62939453125,4312.51953125,4301.35595703125,4311.93408203125,0,0.0,0.0,ETH-USD,ETH,Ethereum,0.0022286398090431,9.58837890625,11.16357421875,10.3046875,4311.801513671875,4322.570971679687,4340.392392578125,0.0038872282424267,0.3638246284412185,56.05092423904591,-1.0,657532928.0,0.0,4484.361328125,4265.22998046875,0.2131329089243974,7,5,6,9,-54.96064806608289,-43.393967422500005,16.791737244248456,normal,-0.002094272431021671,0.0034650906379032342,-0.024003362502133085,-0.013658137651170743,4484.361328125,4265.22998046875,0.21313290892439743,,483597271.04,0.0,-1,-0.006587164551098816,sideways,1,2025-09-11 12:47:24.097684,2025-09-13T15:30:02.412607
2025-09-06 08:00:00+00:00,ETH,crypto,1h,yahoo_finance,4311.87890625,4312.9150390625,4306.50537109375,4312.24462890625,0,0.0,0.0,ETH-USD,ETH,Ethereum,7.202032060149577e-05,0.310546875,6.40966796875,0.36572265625,4311.572412109375,4314.96181640625,4339.299306640625,0.0035577829388999,0.3329902375404857,49.06867919771857,,540787712.0,0.0,4476.93212890625,4265.22998046875,0.222079222079222,8,5,6,9,-59.57176274180555,-29.318836767678288,16.746656163866994,normal,-0.0016898349683815983,-0.0005309993505103749,-0.034087931202688604,-0.012515585499891624,4476.93212890625,4265.22998046875,0.22207922207922207,-1.0,483597271.04,0.0,-1,-0.006389716996202161,sideways,1,2025-09-11 12:47:24.097684,2025-09-13T15:30:02.412607
2025-09-06 09:00:00+00:00,ETH,crypto,1h,yahoo_finance,4309.1279296875,4309.1279296875,4294.20751953125,4294.3447265625,0,0.0,0.0,ETH-USD,ETH,Ethereum,-0.0041509477972937,-17.89990234375,14.92041015625,14.783203125,4310.4203125,4307.60107421875,4337.67484375,0.0035867389504267,0.3357003717229636,39.162703648022585,,433327308.8,0.0,4442.22412109375,4265.22998046875,0.164495536354708,9,5,6,9,-95.15369757442224,-124.12175388482939,17.13082680978671,normal,-0.0032629505681859294,-0.0026756515032806405,-0.03314485405846812,-0.018562880733226206,4442.22412109375,4265.22998046875,0.16449553635470807,,468343930.88,0.0,-1,-0.006283212142853388,sideways,1,2025-09-11 12:47:24.097684,2025-09-13T15:30:02.412607
2025-09-06 10:00:00+00:00,ETH,crypto,1h,yahoo_finance,4294.091796875,4301.42041015625,4289.7919921875,4300.1923828125,0,0.0,0.0,ETH-USD,ETH,Ethereum,0.0013617109529724,5.84765625,11.62841796875,6.1005859375,4308.320068359375,4308.525708007813,4336.26455078125,0.0035442880481491,0.331727184972675,37.739184496260336,,396338380.8,0.0,4342.212890625,4265.22998046875,0.4541579718509967,10,5,6,9,-78.70340745480723,-136.2248495592669,17.636473703814882,normal,0.0012952222081492604,-0.004860331982381116,0.004319003444095415,-0.016133464890995763,4342.212890625,4265.22998046875,0.45415797185099677,,464176168.96,0.0,-1,-0.006444367518314975,sideways,1,2025-09-11 12:47:24.097684,2025-09-13T15:30:02.412607
2025-09-06 11:00:00+00:00,ETH,crypto,1h,yahoo_finance,4300.46875,4300.46875,4291.259765625,4298.50146484375,0,0.0,0.0,ETH-USD,ETH,Ethereum,-0.0003932191442197,-1.69091796875,9.208984375,1.96728515625,4306.3123046875,4309.466259765625,4334.334423828125,0.0024552778322484,0.2298014135851356,50.62848044212673,,215694950.4,0.0,4342.212890625,4273.4248046875,0.3645494683343034,11,5,6,9,-76.72989615404687,-110.98496822141115,18.106002962555326,low,-0.000893521475612169,-0.00464913024552116,0.004395419590576211,-0.02195817431354108,4342.212890625,4273.4248046875,0.36454946833430346,-1.0,464176168.96,0.0,-1,-0.006465149294104529,sideways,1,2025-09-11 12:47:24.097684,2025-09-13T15:30:02.412607
2025-09-06 12:00:00+00:00,ETH,crypto,1h,yahoo_finance,4298.82177734375,4306.224609375,4293.00439453125,4299.49267578125,0,0.0,0.0,ETH-USD,ETH,Ethereum,0.0002305945329104,0.9912109375,13.22021484375,0.6708984375,4304.163232421875,4309.616650390625,4331.9563671875,0.0021663039055046,0.2027549360000927,42.43440763042347,,215694950.4,0.0,4342.212890625,4273.4248046875,0.378959099362569,12,5,6,9,-74.08156342952564,-70.36365923020716,18.196875662343096,low,-0.002885342403968094,-0.004973572141939053,0.000700063562589337,-0.026910862058638463,4342.212890625,4273.4248046875,0.37895909936256905,,464176168.96,0.0,-1,-0.006415839036640499,sideways,1,2025-09-11 12:47:24.097684,2025-09-13T15:30:02.412607
2025-09-06 13:00:00+00:00,ETH,crypto,1h,yahoo_finance,4299.587890625,4300.8994140625,4288.388671875,4293.79248046875,0,0.0,0.0,ETH-USD,ETH,Ethereum,-0.0013257832359172,-5.7001953125,12.5107421875,5.79541015625,4301.5880859375,4309.796142578125,4329.64900390625,0.0021309405452775,0.1994451068383725,43.74101375022782,,215694950.4,0.0,4342.212890625,4287.12109375,0.121095827276917,13,5,6,9,-86.08379649422831,-96.8955081109391,18.46842444205378,low,-0.004279012446049557,-0.005961616589569618,0.000836753891127584,-0.02616556151239191,4342.212890625,4287.12109375,0.12109582727691708,,450300313.6,0.0,-1,-0.006481106884976834,sideways,1,2025-09-11 12:47:24.097684,2025-09-13T15:30:02.412607
2025-09-06 14:00:00+00:00,ETH,crypto,1h,yahoo_finance,4293.5546875,4301.2177734375,4293.1962890625,4295.83203125,0,0.0,0.0,ETH-USD,ETH,Ethereum,0.0004749998493236,2.03955078125,8.021484375,2.27734375,4300.331005859375,4308.831201171875,4327.269306640625,0.0018538794523734,0.1735136094075849,34.750186428038774,,153209651.2,0.0,4342.212890625,4288.388671875,0.1382901516800929,14,5,6,9,-78.83542054258184,-68.33184561141123,18.69959004307796,low,0.0003463403108512342,-0.0029177403486486675,-0.004472362195707569,-0.02695125667128795,4342.212890625,4288.388671875,0.1382901516800929,,444655042.56,0.0,-1,-0.006225242496442245,sideways,1,2025-09-11 12:47:24.097684,2025-09-13T15:30:02.412607
2025-09-06 15:00:00+00:00,ETH,crypto,1h,yahoo_finance,4296.57421875,4296.697265625,4268.1171875,4273.47412109375,0,0.0,0.0,ETH-USD,ETH,Ethereum,-0.0052045587428948,-22.35791015625,28.580078125,23.10009765625,4298.2154296875,4306.062963867187,4325.147138671875,0.0022538367868406,0.2109475647942714,28.08307906937017,,153209651.2,0.0,4342.212890625,4268.1171875,0.0722974932124311,15,5,6,9,-90.33749625689171,-189.03089866933794,19.86302665884555,low,-0.006213271253988628,-0.004926096612752895,-0.012789745193200308,-0.024227971037033225,4342.212890625,4268.1171875,0.07229749321243113,,444655042.56,0.0,-1,-0.006226772898330859,sideways,1,2025-09-11 12:47:24.097684,2025-09-13T15:30:02.412607
2025-09-06 16:00:00+00:00,ETH,crypto,1h,yahoo_finance,4271.982421875,4295.85693359375,4248.28759765625,4293.67724609375,606281728,0.0,0.0,ETH-USD,ETH,Ethereum,0.0047275646061077,20.203125,47.5693359375,21.69482421875,4297.348583984375,4303.83056640625,4324.091064453125,0.0026756493695274,0.250427059333042,38.68830175855917,inf,181313536.0,3.3438304793746894,4338.6279296875,4248.28759765625,0.5024295064777832,16,5,6,9,-39.697573190272,-175.34081657549288,21.529516269592865,low,-0.0011223024557408534,-0.0020148211300067276,-0.010291517396388672,-0.012148612051797958,4338.6279296875,4248.28759765625,0.5024295064777832,inf,456780677.12,1.3272928527156695,1,-0.006184532210385348,sideways,1,2025-09-11 12:47:24.097684,2025-09-13T15:30:02.412607
2025-09-06 17:00:00+00:00,ETH,crypto,1h,yahoo_finance,4288.56884765625,4291.7294921875,4269.10302734375,4271.71142578125,0,0.0,0.0,ETH-USD,ETH,Ethereum,-0.0051158526953751,-21.9658203125,22.62646484375,16.857421875,4293.326318359375,4302.563916015625,4323.38248046875,0.0029508375034442,0.2761832574078008,33.065149068731,-1.0,181313536.0,0.0,4327.2197265625,4248.28759765625,0.2967591074709408,17,5,6,9,-67.35288312996373,-160.0966971372594,23.076970908143945,low,-0.006461518159221358,-0.009328216870850725,-0.005895449349894943,-0.008225688990303182,4327.2197265625,4248.28759765625,0.29675910747094086,,448747847.68,0.0,-1,-0.0069520016434252725,sideways,1,2025-09-11 12:47:24.097684,2025-09-13T15:30:02.412607
2025-09-06 18:00:00+00:00,ETH,crypto,1h,yahoo_finance,4272.56494140625,4285.43505859375,4272.17529296875,4278.89892578125,971380736,0.0,0.0,ETH-USD,ETH,Ethereum,0.001682580887047,7.1875,13.259765625,6.333984375,4289.991748046875,4300.782080078125,4323.009462890625,0.0029719241885864,0.2781568629972998,39.2534467794488,inf,160697446.4,6.044780161484881,4327.2197265625,4248.28759765625,0.3878183516544697,18,5,6,9,-52.63416366342543,-116.11384617286163,24.513893072512804,low,-0.0034686247077022614,-0.00773279486545686,-0.008259688106916019,-0.0043398866223508525,4327.2197265625,4248.28759765625,0.38781835165446976,inf,468175462.4,2.074821971703573,1,-0.007637668880251061,sideways,1,2025-09-11 12:47:24.097684,2025-09-13T15:30:02.412607
2025-09-06 19:00:00+00:00,ETH,crypto,1h,yahoo_finance,4279.67529296875,4280.95166015625,4254.1455078125,4255.25390625,0,0.0,0.0,ETH-USD,ETH,Ethereum,-0.0055259588836706,-23.64501953125,26.80615234375,24.42138671875,4286.082666015625,4298.251489257813,4321.9474609375,0.003192334227453,0.2987861122963573,36.61987721918035,-1.0,160697446.4,0.0,4327.2197265625,4248.28759765625,0.0882569454325004,19,5,6,9,-89.22081945042575,-165.3367272203303,26.35688396928503,normal,-0.009445929148256926,-0.009102860343443098,-0.011754155764761798,-0.012324915178303808,4327.2197265625,4248.28759765625,0.08825694543250048,,458958315.52,0.0,-1,-0.008298294980683353,sideways,1,2025-09-11 12:47:24.097684,2025-09-13T15:30:02.412607
2025-09-06 20:00:00+00:00,ETH,crypto,1h,yahoo_finance,4255.89697265625,4280.0419921875,4254.89404296875,4276.7373046875,955930624,0.0,0.0,ETH-USD,ETH,Ethereum,0.0050486760392713,21.4833984375,25.14794921875,20.84033203125,4283.737158203125,4296.02861328125,4321.917255859375,0.0034888374810024,0.3265372962574162,42.04268903279056,inf,208493977.6,4.584931588930462,4323.5576171875,4248.28759765625,0.3779686415444396,20,5,6,9,-55.97890553578579,-100.63317405896339,28.068232659144947,normal,0.0007635903485745388,-0.005454425299376786,-0.010288246964029857,-0.00035300760079115534,4323.5576171875,4248.28759765625,0.3779686415444396,inf,477646684.16,2.0013341570268004,1,-0.00883406492905153,sideways,1,2025-09-11 12:47:24.097684,2025-09-13T15:30:02.412607
2025-09-06 21:00:00+00:00,ETH,crypto,1h,yahoo_finance,4278.654296875,4284.65771484375,4271.46044921875,4284.65771484375,0,0.0,0.0,ETH-USD,ETH,Ethereum,0.001851974903291,7.92041015625,13.197265625,6.00341796875,4282.352783203125,4294.332543945313,4322.0319140625,0.0034682267769779,0.3246082400595412,41.43562383098764,-1.0,208493977.6,0.0,4323.5576171875,4248.28759765625,0.4831952670398889,21,5,6,9,-43.7234147041713,-40.41627050349875,29.272021374200314,normal,-0.002100654225513976,-0.0032205991118589017,-0.007854756372640437,0.0013398015664984886,4323.5576171875,4248.28759765625,0.48319526703988896,-1.0,463472066.56,0.0,-1,-0.009180665864653059,sideways,1,2025-09-11 12:47:24.097684,2025-09-13T15:30:02.412607
2025-09-06 22:00:00+00:00,ETH,crypto,1h,yahoo_finance,4284.62841796875,4286.24609375,4272.31298828125,4278.1455078125,207847424,0.0,0.0,ETH-USD,ETH,Ethereum,-0.0015198896772288,-6.51220703125,13.93310546875,6.48291015625,4280.21806640625,4292.190649414062,4321.471962890625,0.0034759679752029,0.3253327765138581,39.69471506444215,inf,218886348.8,0.9495677786188188,4323.5576171875,4248.28759765625,0.3966773270711566,22,5,6,9,-50.92414988643751,-39.94417175077718,30.25395905931334,normal,0.0015062070889007018,-0.004965043454777107,-0.009913921594906006,-0.0065017715765574025,4323.5576171875,4248.28759765625,0.3966773270711566,inf,467629015.04,0.4444707606139905,0,-0.009546260357265064,sideways,1,2025-09-11 12:47:24.097684,2025-09-13T15:30:02.412607
2025-09-06 23:00:00+00:00,ETH,crypto,1h,yahoo_finance,4277.609375,4283.57470703125,4272.26318359375,4274.40087890625,0,0.0,0.0,ETH-USD,ETH,Ethereum,-0.0008752925536104,-3.74462890625,11.3115234375,3.20849609375,4278.27890625,4289.93349609375,4320.4833203125,0.0033226165341746,0.3109798680727952,43.408716083410525,-1.0,170433126.4,0.0,4320.0361328125,4248.28759765625,0.3639556012277036,23,5,6,9,-54.928153048754794,-47.39548789411492,31.16756142382808,normal,-0.001051215967710406,-0.004516194401733897,-0.010450887171836398,-0.011432478732858908,4320.0361328125,4248.28759765625,0.36395560122770365,-1.0,451468001.28,0.0,-1,-0.0097684474012615,sideways,1,2025-09-11 12:47:24.097684,2025-09-13T15:30:02.412607
2025-09-07 00:00:00+00:00,ETH,crypto,1h,yahoo_finance,4273.78369140625,4288.0126953125,4273.56787109375,4285.1845703125,0,0.0,0.0,ETH-USD,ETH,Ethereum,0.0025228544799029,10.78369140625,14.44482421875,11.40087890625,4277.21416015625,4288.7725830078125,4319.227890625,0.0033819829061492,0.3165362560383491,45.19674949210815,,170433126.4,0.0,4312.9150390625,4248.28759765625,0.5709180474021018,0,6,7,9,-36.31536808394084,-1.7844612947034622,31.599250524228747,normal,0.007033813897342034,-0.00247855615863124,-0.005389064723969494,-0.014437009846805293,4312.9150390625,4248.28759765625,0.5709180474021018,,451468001.28,0.0,-1,-0.009727139093526979,sideways,1,2025-09-11 12:47:24.097684,2025-09-13T15:30:02.412607
2025-09-07 01:00:00+00:00,ETH,crypto,1h,yahoo_finance,4284.6240234375,4302.556640625,4284.34814453125,4294.810546875,142108672,0.0,0.0,ETH-USD,ETH,Ethereum,0.002246338845983,9.6259765625,18.20849609375,10.1865234375,4279.347802734375,4288.7816162109375,4319.128984375,0.0034460163220431,0.3225294553805328,48.8758213092763,inf,177538560.0,0.8004383498435494,4312.9150390625,4248.28759765625,0.7198637019575844,1,6,7,9,-19.700813282204713,97.81574908492492,30.767050507174762,normal,0.0042259416232302005,0.004992758860041802,4.206743478007979e-05,-0.0011501379756754249,4312.9150390625,4248.28759765625,0.7198637019575844,-0.851339973391207,454310174.72,0.3128009890766463,0,-0.009210463911714192,sideways,1,2025-09-11 12:47:24.097684,2025-09-13T15:30:02.412607
2025-09-07 02:00:00+00:00,ETH,crypto,1h,yahoo_finance,4295.6513671875,4303.56494140625,4289.8369140625,4301.1962890625,0,0.0,0.0,ETH-USD,ETH,Ethereum,0.0014868507278269,6.3857421875,13.72802734375,5.544921875,4280.09970703125,4288.724145507813,4319.076552734375,0.0034703191132099,0.3248040720006298,50.502377256665966,-1.0,144177459.2,0.0,4312.9150390625,4248.28759765625,0.8186722273850269,2,6,7,9,-4.2850328598685605,136.97345338264867,29.914563783495236,normal,0.003859952257435628,0.001751189606901793,-0.00026715985692760125,-0.0006091294078351961,4312.9150390625,4248.28759765625,0.8186722273850269,,432579665.92,0.0,-1,-0.009024347039750682,sideways,1,2025-09-11 12:47:24.097684,2025-09-13T15:30:02.412607
2025-09-07 03:00:00+00:00,ETH,crypto,1h,yahoo_finance,4300.857421875,4304.25,4294.861328125,4297.9853515625,842655744,0.0,0.0,ETH-USD,ETH,Ethereum,-0.0007465219637069,-3.2109375,9.388671875,2.8720703125,4282.727099609375,4288.026708984375,4318.522197265625,0.0034562858250099,0.3234906281926581,51.25485531242055,inf,186310246.4,4.522863129013606,4312.9150390625,4248.28759765625,0.7689884176885242,3,6,7,9,-11.194387973231192,133.29020961689434,29.065566008485856,normal,0.004637486900286536,0.006150679004831128,-0.0032349127336795958,-0.006407692029836154,4312.9150390625,4248.28759765625,0.7689884176885242,3.0542034526249413,449432780.8,1.8749316471754789,1,-0.008288737679504145,sideways,1,2025-09-11 12:47:24.097684,2025-09-13T15:30:02.412607
2025-09-07 04:00:00+00:00,ETH,crypto,1h,yahoo_finance,4297.65771484375,4302.98828125,4295.080078125,4302.0908203125,0,0.0,0.0,ETH-USD,ETH,Ethereum,0.0009552077110983,4.10546875,7.908203125,4.43310546875,4285.0462890625,4287.519018554687,4318.04671875,0.0034629343732025,0.324112898207432,51.85026935579794,-1.0,186310246.4,0.0,4309.1279296875,4248.28759765625,0.8843347966709737,4,6,7,9,-3.858268403556378,134.14788070688826,28.27721093169143,normal,0.006478087149686118,0.005420061313323954,-0.002354645774427122,-0.00549576262242546,4309.1279296875,4248.28759765625,0.8843347966709737,,449432780.8,0.0,-1,-0.007642443872643542,sideways,1,2025-09-11 12:47:24.097684,2025-09-13T15:30:02.412607
2025-09-07 05:00:00+00:00,ETH,crypto,1h,yahoo_finance,4302.3134765625,4302.81640625,4293.87451171875,4295.1474609375,207785984,0.0,0.0,ETH-USD,ETH,Ethereum,-0.0016139499757226,-6.943359375,8.94189453125,7.166015625,4289.03564453125,4287.559155273438,4317.385947265625,0.0031586822641033,0.2956364611057194,57.04974063968133,inf,196699545.6,1.0563622979716736,4306.224609375,4248.28759765625,0.8088070456365092,5,6,7,9,-16.26545445027092,90.5050913807447,27.624882249910936,normal,0.0023249618450562615,0.009375129091334644,0.00018692825707145033,-0.007633353545894228,4306.224609375,4248.28759765625,0.8088070456365092,inf,453588500.48,0.4580935887486457,1,-0.006566543524405169,sideways,1,2025-09-11 12:47:24.097684,2025-09-13T15:30:02.412607
2025-09-07 06:00:00+00:00,ETH,crypto,1h,yahoo_finance,4295.1796875,4295.3193359375,4284.43798828125,4284.626953125,0,0.0,0.0,ETH-USD,ETH,Ethereum,-0.0024493938585763,-10.5205078125,10.88134765625,10.552734375,4289.824609375,4286.780883789063,4316.422001953125,0.0029733321909825,0.2782886448008507,46.858293528779626,-1.0,196699545.6,0.0,4306.224609375,4248.28759765625,0.6272217774219375,6,6,7,9,-39.164246594032,23.62088861192009,27.613728426859392,low,-0.0023711392246184015,0.001844782102667919,-0.0036197054228814807,-0.01112375282071898,4306.224609375,4248.28759765625,0.6272217774219375,-1.0,453588500.48,0.0,-1,-0.006161907377473646,sideways,1,2025-09-11 12:47:24.097684,2025-09-13T15:30:02.412607
2025-09-07 07:00:00+00:00,ETH,crypto,1h,yahoo_finance,4284.0361328125,4304.43017578125,4281.52099609375,4294.06640625,329984000,0.0,0.0,ETH-USD,ETH,Ethereum,0.0022030980125622,9.439453125,22.9091796875,10.0302734375,4290.765478515625,4286.559130859375,4315.508759765625,0.0026592439982468,0.2488916007135982,58.49945605560485,inf,213198745.6,1.5477764612138507,4306.224609375,4248.28759765625,0.7901479077999242,7,6,7,9,-20.610197799636836,50.771741435276994,26.722988980074245,low,-0.0016576511122337045,0.0021959026910491897,-0.0010317685430663026,-0.01052188154410938,4306.224609375,4248.28759765625,0.7901479077999242,inf,460188180.48,0.7170631797970336,1,-0.005733572245452682,sideways,1,2025-09-11 12:47:24.097684,2025-09-13T15:30:02.412607
2025-09-07 08:00:00+00:00,ETH,crypto,1h,yahoo_finance,4294.94775390625,4314.8388671875,4294.94775390625,4304.82470703125,1498619904,0.0,0.0,ETH-USD,ETH,Ethereum,0.0025053876124485,10.75830078125,19.89111328125,9.876953125,4293.4333984375,4286.825732421875,4314.98947265625,0.0026991309110816,0.252624811201062,59.59651824379523,3.5414926299456946,288129740.8,5.201198251312209,4314.8388671875,4248.28759765625,0.8495271355935934,8,6,7,9,-16.49959774738536,109.12858033406678,25.021468765529736,low,0.0015912933407888907,0.006236159843097999,0.0012401535837087696,-0.005995294412644903,4314.8388671875,4248.28759765625,0.8495271355935934,0.7784485712827467,490160578.56,3.0574060207017557,1,-0.004995626143551237,sideways,1,2025-09-11 12:47:24.097684,2025-09-13T15:30:02.412607
2025-09-07 09:00:00+00:00,ETH,crypto,1h,yahoo_finance,4303.69775390625,4310.95068359375,4293.42822265625,4298.16845703125,229771264,0.0,0.0,ETH-USD,ETH,Ethereum,-0.0015462302074991,-6.65625,17.5224609375,5.529296875,4295.81015625,4287.04453125,4312.51193359375,0.0021833335645152,0.2043488247495051,68.17022191532733,-0.8466780913647868,299618304.0,0.7668799300058784,4314.8388671875,4248.28759765625,0.7495102606807194,9,6,7,9,-27.809590525141118,75.61501894841271,23.555506576818903,low,-0.0009117341881139662,0.005560446668044339,0.0010191402081971557,-0.028013496388003545,4314.8388671875,4248.28759765625,0.7495102606807194,inf,477774561.28,0.48091983672052907,0,-0.003872865188765287,sideways,1,2025-09-11 12:47:24.097684,2025-09-13T15:30:02.412607
2025-09-07 10:00:00+00:00,ETH,crypto,1h,yahoo_finance,4298.8525390625,4305.33740234375,4297.30517578125,4304.16748046875,0,0.0,0.0,ETH-USD,ETH,Ethereum,0.0013957162213329,5.9990234375,8.0322265625,5.31494140625,4297.708447265625,4287.4613037109375,4310.47447265625,0.0018130003404071,0.1696875341697513,63.36675597348397,-1.0,299618304.0,0.0,4314.8388671875,4248.28759765625,0.8396516431029296,10,6,7,9,-24.600682132847062,79.91485786181842,22.194255973015988,low,0.0021000488605531498,0.004429893239082938,0.0019403573412819508,-0.023121223293970816,4314.8388671875,4248.28759765625,0.8396516431029296,-1.0,461967400.96,0.0,-1,-0.002961628811771693,sideways,1,2025-09-11 12:47:24.097684,2025-09-13T15:30:02.412607
2025-09-07 11:00:00+00:00,ETH,crypto,1h,yahoo_finance,4306.11669921875,4307.60888671875,4303.4248046875,4307.5830078125,643510272,0.0,0.0,ETH-USD,ETH,Ethereum,0.000793539600689,3.41552734375,4.18408203125,1.46630859375,4298.985693359375,4289.166748046875,4308.67712890625,0.0017720184276666,0.1658518373066612,61.68452697960789,inf,331793817.6,1.939488434880349,4314.8388671875,4248.28759765625,0.8909733889960895,11,6,7,9,-17.042261597568668,103.07032292552722,20.723392474310288,low,0.005357772085795576,0.002973928837627815,0.007981535807222828,-0.020436203597210656,4314.8388671875,4248.28759765625,0.8909733889960895,inf,420001464.32,1.5321619724394775,1,-0.002249283308293608,sideways,1,2025-09-11 12:47:24.097684,2025-09-13T15:30:02.412607
2025-09-07 12:00:00+00:00,ETH,crypto,1h,yahoo_finance,4309.21533203125,4309.44580078125,4295.28515625,4299.2890625,0,0.0,0.0,ETH-USD,ETH,Ethereum,-0.0019254290160996,-8.2939453125,14.16064453125,9.92626953125,4298.794970703125,4289.447338867188,4306.39796875,0.0018084523952455,0.1692618698260601,60.58418068048494,-1.0,301479731.2,0.0,4314.8388671875,4254.1455078125,0.7437972646822204,12,6,7,9,-36.522736395435516,54.07194801278428,20.03660462440706,low,0.0012162495303749132,-0.00044341769924560737,0.0013069953991897698,-0.025821805576915158,4314.8388671875,4254.1455078125,0.7437972646822204,-1.0,420001464.32,0.0,-1,-0.0017655121756156773,sideways,1,2025-09-11 12:47:24.097684,2025-09-13T15:30:02.412607
2025-09-07 13:00:00+00:00,ETH,crypto,1h,yahoo_finance,4299.9365234375,4306.93798828125,4291.25537109375,4304.44384765625,0,0.0,0.0,ETH-USD,ETH,Ethereum,0.0011989854790672,5.15478515625,15.6826171875,4.50732421875,4299.4408203125,4291.083959960937,4304.127236328125,0.001784832328293,0.1670511526911746,64.8297404650804,,301479731.2,0.0,4314.8388671875,4254.1455078125,0.8287288817377313,13,6,7,9,-25.18722714527407,42.99491678614173,19.709902894616196,low,-8.847267912626133e-05,0.0015026798756776483,0.007662601382071088,-0.025698760303907275,4314.8388671875,4254.1455078125,0.8287288817377313,-1.0,395730698.24,0.0,-1,-0.0010888191167003419,sideways,1,2025-09-11 12:47:24.097684,2025-09-13T15:30:02.412607
2025-09-07 14:00:00+00:00,ETH,crypto,1h,yahoo_finance,4304.75341796875,4309.759765625,4298.845703125,4298.91357421875,166510592,0.0,0.0,ETH-USD,ETH,Ethereum,-0.0012847823396537,-5.5302734375,10.9140625,5.83984375,4299.123095703125,4292.084692382812,4300.816953125,0.0017427975401852,0.163116912093207,57.147578156378856,inf,261236224.0,0.6373947282288079,4314.8388671875,4254.1455078125,0.7376106194690265,14,6,7,9,-47.79805085366747,60.812858339167036,19.112734729666407,low,0.00017335690654030067,-0.0007385353369920855,0.004677523069523293,-0.03707399245861487,4314.8388671875,4254.1455078125,0.7376106194690265,-0.27532020714304817,352362823.68,0.47255436955862684,0,-0.00039384550431610784,sideways,1,2025-09-11 12:47:24.097684,2025-09-13T15:30:02.412607
2025-09-07 15:00:00+00:00,ETH,crypto,1h,yahoo_finance,4299.03857421875,4303.6962890625,4297.10009765625,4299.18603515625,269637632,0.0,0.0,ETH-USD,ETH,Ethereum,6.337902188446876e-05,0.2724609375,6.59619140625,0.1474609375,4299.526953125,4294.281298828125,4297.969482421875,0.0016433280995974,0.1538070825678577,52.52375614674455,0.619342221784906,274718105.6,0.9815065934991654,4314.8388671875,4254.89404296875,0.7388793405393957,15,6,7,9,-46.98028870814098,7.459619991235033,18.705017866704512,low,-0.0011573539680099776,0.0009402643926614829,0.01032420858405736,-0.03205485210822756,4314.8388671875,4254.89404296875,0.7388793405393957,inf,314771415.04,0.8566140987285501,0,0.0003623736067681459,sideways,1,2025-09-11 12:47:24.097684,2025-09-13T15:30:02.412607
2025-09-07 16:00:00+00:00,ETH,crypto,1h,yahoo_finance,4299.099609375,4300.419921875,4286.17578125,4289.640625,0,0.0,0.0,ETH-USD,ETH,Ethereum,-0.0022202831136389,-9.54541015625,14.244140625,9.458984375,4300.0283203125,4294.92646484375,4298.12830078125,0.0016959847319667,0.1587354733162148,43.56916153996653,-1.0,226921574.4,0.0,4314.8388671875,4271.46044921875,0.4191064735082565,16,6,7,9,-75.62980874917564,-127.10955101634808,19.162244706885282,low,-0.004165301697020896,0.001170153651613326,0.0030170944327951865,0.001854618145151532,4314.8388671875,4271.46044921875,0.4191064735082565,-1.0,299975843.84,0.0,-1,0.000442057425532121,sideways,1,2025-09-11 12:47:24.097684,2025-09-13T15:30:02.412607
2025-09-07 17:00:00+00:00,ETH,crypto,1h,yahoo_finance,4286.18896484375,4287.15087890625,4274.76611328125,4275.8876953125,82686976,0.0,0.0,ETH-USD,ETH,Ethereum,-0.0032060796905335,-13.7529296875,12.384765625,10.30126953125,4298.21044921875,4294.487963867187,4298.05224609375,0.001875831933082,0.1755682490220043,38.993842232749984,inf,231055923.2,0.3578656407281404,4314.8388671875,4272.26318359375,0.0851310281552841,17,6,7,9,-97.20113562977494,-222.44613948175115,20.292610130728008,low,-0.005443078343258079,-0.004233448954361951,-0.0020468425052641015,-0.0008885536086024048,4314.8388671875,4272.26318359375,0.08513102815528413,inf,229372211.2,0.3604925617074925,-1,3.6808097236086794e-05,sideways,1,2025-09-11 12:47:24.097684,2025-09-13T15:30:02.412607
2025-09-07 18:00:00+00:00,ETH,crypto,1h,yahoo_finance,4275.984375,4283.08154296875,4272.111328125,4283.08154296875,854916096,0.0,0.0,ETH-USD,ETH,Ethereum,0.0016824220299649,7.19384765625,10.97021484375,7.09716796875,4296.0361328125,4294.734765625,4297.7841796875,0.0019246791825425,0.1801401010659286,40.81465088076105,9.339186862995208,263409356.8,3.2455798320373104,4314.8388671875,4272.111328125,0.2567481087011176,18,6,7,9,-74.32518912988824,-159.7526021787529,21.490845016070356,low,-0.004962848963433797,-0.005050882566016268,0.0011537791660511942,-0.0031196014274478268,4314.8388671875,4272.111328125,0.25674810870111764,inf,246470533.12,3.468634100709166,1,-0.00040673212099894316,sideways,1,2025-09-11 12:47:24.097684,2025-09-13T15:30:02.412607
2025-09-07 19:00:00+00:00,ETH,crypto,1h,yahoo_finance,4281.88720703125,4295.61669921875,4278.9384765625,4293.248046875,0,0.0,0.0,ETH-USD,ETH,Ethereum,0.0023736423890736,10.16650390625,16.67822265625,11.36083984375,4295.544091796875,4295.6771240234375,4297.845087890625,0.0020107247820899,0.188193527911987,49.10992128866923,-1.0,263409356.8,0.0,4314.8388671875,4272.111328125,0.4946860786688912,19,6,7,9,-50.53139213311088,-57.07072037502402,21.233265111347766,low,-0.0013178974747776184,-0.0011447690348667106,0.004409312206012039,0.0007098522876716196,4314.8388671875,4272.111328125,0.49468607866889125,-1.0,246470533.12,0.0,-1,-0.0005353836740725967,sideways,1,2025-09-11 12:47:24.097684,2025-09-13T15:30:02.412607
2025-09-07 20:00:00+00:00,ETH,crypto,1h,yahoo_finance,4291.33984375,4293.962890625,4281.53515625,4293.962890625,769468416,0.0,0.0,ETH-USD,ETH,Ethereum,0.0001665041810292,0.71484375,12.427734375,2.623046875,4294.5236328125,4296.116040039063,4297.421728515625,0.001886267511432,0.1765449656383113,54.8176256563763,inf,301882777.6,2.5488980263046312,4314.8388671875,4272.111328125,0.5114163600210271,20,6,7,9,-48.85836399789729,-54.25737535418629,20.994083771248217,low,-0.0012149147509640246,-0.0023708626325662507,0.0020485279381698973,-0.004905521857815898,4314.8388671875,4272.111328125,0.5114163600210271,1.8537130010101852,236865781.76,3.248541896945039,1,-0.0006743801018862274,sideways,1,2025-09-11 12:47:24.097684,2025-09-13T15:30:02.412607
2025-09-07 21:00:00+00:00,ETH,crypto,1h,yahoo_finance,4299.33447265625,4299.33447265625,4289.9736328125,4290.43212890625,0,0.0,0.0,ETH-USD,ETH,Ethereum,-0.0008222618147116,-3.53076171875,9.36083984375,8.90234375,4292.808544921875,4295.897119140625,4296.65359375,0.0018054093920878,0.1689770603360723,48.00281210924293,-1.0,294777344.0,0.0,4314.8388671875,4272.111328125,0.4287820263753342,21,6,7,9,-57.12179736246658,-23.419875552181026,20.224399975274178,low,0.00018451520195816862,-0.003981555056546626,-0.001019467080319969,-0.00887229565701142,4314.8388671875,4272.111328125,0.42878202637533425,,236865781.76,0.0,-1,-0.0008948938387116334,sideways,1,2025-09-11 12:47:24.097684,2025-09-13T15:30:02.412607
2025-09-07 22:00:00+00:00,ETH,crypto,1h,yahoo_finance,4291.05810546875,4310.13818359375,4291.05810546875,4309.5537109375,0,0.0,0.0,ETH-USD,ETH,Ethereum,0.0044567962985408,19.12158203125,19.080078125,18.49560546875,4293.835009765625,4296.314990234375,4296.0781640625,0.0020739729683661,0.194113233788889,52.380016219005725,,294777344.0,0.0,4314.8388671875,4272.111328125,0.8763056247571596,22,6,7,9,-3.59679670115535,70.83863892646758,19.021924016720686,low,0.007873456466573447,0.0023875222829354836,0.001943045914052366,-0.006631933541101809,4314.8388671875,4272.111328125,0.8763056247571596,-1.0,235981701.12,0.0,-1,-0.0005221400103097808,sideways,1,2025-09-11 12:47:24.097684,2025-09-13T15:30:02.412607
2025-09-07 23:00:00+00:00,ETH,crypto,1h,yahoo_finance,4308.94287109375,4334.2744140625,4302.5224609375,4304.5234375,308602880,0.0,0.0,ETH-USD,ETH,Ethereum,-0.0011672376712078,-5.0302734375,31.751953125,4.41943359375,4293.84296875,4296.64189453125,4296.227744140625,0.0020534797360288,0.1921951723384896,53.25155520023984,inf,268074700.8,1.1511824095263523,4334.2744140625,4272.111328125,0.5214044458408609,23,6,7,9,-47.85955541591392,139.78491818071336,19.48574095427188,low,0.00500618405606823,1.849015728083714e-05,0.0015211978177456231,0.0017404995507563914,4334.2744140625,4272.111328125,0.5214044458408609,-0.6390255354368717,242153758.72,1.2744087955984795,1,-0.0005550858875852748,sideways,1,2025-09-11 12:47:24.097684,2025-09-13T15:30:02.412607
2025-09-08 00:00:00+00:00,ETH,crypto,1h,yahoo_finance,4305.59716796875,4317.66943359375,4295.72314453125,4299.30908203125,368936960,0.0,0.0,ETH-USD,ETH,Ethereum,-0.0012113664949118,-5.21435546875,21.9462890625,6.2880859375,4293.88251953125,4296.502807617188,4295.923212890625,0.0020458684587789,0.1914827958211583,47.49405625402966,0.195507183860371,286521548.8,1.2876412316810706,4334.2744140625,4272.111328125,0.4375225826722174,0,0,8,9,-56.24774173277826,59.69938620811768,19.33399051758695,low,0.0014117598354610461,9.200180596136143e-05,-0.0006466014776154161,-0.003529131233230176,4334.2744140625,4272.111328125,0.43752258267221744,inf,221858447.36,1.6629385285534886,1,-0.0004750302224330944,sideways,1,2025-09-11 12:47:24.097684,2025-09-13T15:30:02.412607
2025-09-08 01:00:00+00:00,ETH,crypto,1h,yahoo_finance,4296.58642578125,4300.52490234375,4287.30908203125,4293.42333984375,1209708544,0.0,0.0,ETH-USD,ETH,Ethereum,-0.0013689972214603,-5.8857421875,13.2158203125,3.1630859375,4293.30625,4296.4166015625,4295.674365234375,0.0020565546375807,0.192482967354593,42.877983368289726,2.278903105831413,336617676.8,3.593716632768348,4334.2744140625,4272.111328125,0.3428403110517634,1,0,8,9,-65.71596889482366,-18.659822226979124,18.52513303019958,low,-0.00012565334051395372,-0.001340415433381148,-0.00040141138562299616,-0.0028896355840898336,4334.2744140625,4272.111328125,0.34284031105176344,0.5721354104285938,246052618.24,4.91646279829483,1,-0.0005512790386396004,sideways,1,2025-09-11 12:47:24.097684,2025-09-13T15:30:02.412607
2025-09-08 02:00:00+00:00,ETH,crypto,1h,yahoo_finance,4293.9912109375,4307.912109375,4281.494140625,4307.912109375,0,0.0,0.0,ETH-USD,ETH,Ethereum,0.0033746426532859,14.48876953125,26.41796875,13.9208984375,4295.1333984375,4297.580859375,4295.4087109375,0.0022036465888549,0.2062500196554919,54.08278387600913,-1.0,336617676.8,0.0,4334.2744140625,4272.111328125,0.5759170528630901,2,0,8,9,-42.40829471369099,28.94452009357579,18.234384523352027,low,0.004074177132643797,0.004259444082218344,0.005434581937878269,-0.0030738523450285493,4334.2744140625,4272.111328125,0.5759170528630901,,246052618.24,0.0,-1,-6.409459926336988e-05,sideways,1,2025-09-11 12:47:24.097684,2025-09-13T15:30:02.412607
2025-09-08 03:00:00+00:00,ETH,crypto,1h,yahoo_finance,4309.2158203125,4328.81982421875,4306.5634765625,4309.86962890625,1654059008,0.0,0.0,ETH-USD,ETH,Ethereum,0.0004544009909093,1.95751953125,22.25634765625,0.65380859375,4298.531591796875,4298.371020507812,4295.234521484375,0.0021851697951088,0.2045206865162457,52.64917082288319,inf,402821427.2,4.106184270030807,4334.2744140625,4272.111328125,0.6074071164873144,3,0,8,9,-39.25928835126856,140.5778218635837,19.03959716848377,low,7.330642334224535e-05,0.007947340064848651,0.0036802464519991585,-0.0020167449643562207,4334.2744140625,4272.111328125,0.6074071164873144,inf,279133798.4,5.925685164179675,1,0.0007676112435788138,sideways,1,2025-09-11 12:47:24.097684,2025-09-13T15:30:02.412607
2025-09-08 04:00:00+00:00,ETH,crypto,1h,yahoo_finance,4311.5283203125,4311.572265625,4297.42333984375,4297.814453125,0,0.0,0.0,ETH-USD,ETH,Ethereum,-0.0027971091516078,-12.05517578125,14.14892578125,13.7138671875,4300.0048828125,4298.0205078125,4294.771142578125,0.0022931876932811,0.2146306078320505,49.49549283021574,-1.0,327890432.0,0.0,4334.2744140625,4272.111328125,0.4134789097478595,4,0,8,9,-58.652109025214045,42.290831730625804,19.079592514850564,low,-0.0015585893473254453,0.0034397921236022366,-0.0016284644284818572,-0.005361961196351239,4334.2744140625,4272.111328125,0.41347890974785956,-1.0,279133798.4,0.0,-1,0.0012186307629963383,sideways,1,2025-09-11 12:47:24.097684,2025-09-13T15:30:02.412607
2025-09-08 05:00:00+00:00,ETH,crypto,1h,yahoo_finance,4297.48583984375,4301.8544921875,4290.87548828125,4297.5341796875,1544898560,0.0,0.0,ETH-USD,ETH,Ethereum,-6.521301479089914e-05,-0.2802734375,10.97900390625,0.04833984375,4300.43349609375,4297.988793945313,4294.330947265625,0.0022931035764888,0.2146227349316723,49.241836803298895,inf,393646796.8,3.924580544179853,4334.2744140625,4272.111328125,0.4089702301468855,5,0,8,9,-59.10297698531145,1.6398381781082505,18.64061667364742,low,-0.00041283432055816416,0.0009983426919903948,-0.00014756921467617978,-0.005095391065273125,4334.2744140625,4272.111328125,0.40897023014688555,3.187432346165589,290650480.64,5.315313969542384,1,0.0014210709195599917,sideways,1,2025-09-11 12:47:24.097684,2025-09-13T15:30:02.412607
2025-09-08 06:00:00+00:00,ETH,crypto,1h,yahoo_finance,4297.3017578125,4301.51611328125,4290.26806640625,4293.748046875,206796800,0.0,0.0,ETH-USD,ETH,Ethereum,-0.0008810012100416,-3.7861328125,11.248046875,3.5537109375,4300.41201171875,4297.467822265625,4294.0378515625,0.0022212884217615,0.2079012047421373,51.99044058492263,-0.8661421498120887,403986636.8,0.5118901992354218,4334.2744140625,4272.111328125,0.3480637813211845,6,0,8,9,-65.19362186788156,-12.929719900524253,18.188330855202853,low,7.562893419721384e-05,-5.0033909344882055e-05,-0.002420777918385131,-0.003401442652320563,4334.2744140625,4272.111328125,0.3480637813211845,-0.8290523770988593,294786416.64,0.7015140058252584,0,0.0014844210453177943,sideways,1,2025-09-11 12:47:24.097684,2025-09-13T15:30:02.412607
2025-09-08 07:00:00+00:00,ETH,crypto,1h,yahoo_finance,4292.56640625,4308.70947265625,4289.150390625,4291.88427734375,0,0.0,0.0,ETH-USD,ETH,Ethereum,-0.0004340658815802,-1.86376953125,19.55908203125,0.68212890625,4300.5572265625,4296.682885742188,4293.982939453125,0.0020212808530923,0.1891815220226316,58.76145292333696,-1.0,371811123.2,0.0,4334.2744140625,4272.111328125,0.3180818474589584,7,0,8,9,-68.19181525410416,-13.286707868759647,18.181490073110606,low,-0.003720556878672121,0.0003384620462159038,-0.003644440615602207,-0.0006393113128883021,4334.2744140625,4272.111328125,0.31808184745895846,,294786416.64,0.0,-1,0.0015310463972666999,sideways,1,2025-09-11 12:47:24.097684,2025-09-13T15:30:02.412607
2025-09-08 08:00:00+00:00,ETH,crypto,1h,yahoo_finance,4291.37744140625,4303.16455078125,4289.32373046875,4298.7880859375,97011712,0.0,0.0,ETH-USD,ETH,Ethereum,0.0016085728662802,6.90380859375,13.8408203125,7.41064453125,4299.4806640625,4296.657836914063,4293.911787109375,0.0020174001683166,0.1888183098291263,58.63001497046151,inf,376661708.8,0.2575566077822668,4334.2744140625,4272.111328125,0.4291414657136124,8,0,8,9,-64.12890018353805,-23.825236330651805,18.17513791831066,low,-0.002571201433664294,-0.0024980834959028586,-0.00011652544297835465,-0.0008269017491820962,4334.2744140625,4272.111328125,0.42914146571361245,-0.9413493040267642,283382210.56,0.3423352221308891,-1,0.0012969239307252223,sideways,1,2025-09-11 12:47:24.097684,2025-09-13T15:30:02.412607
2025-09-08 09:00:00+00:00,ETH,crypto,1h,yahoo_finance,4300.99267578125,4325.8037109375,4299.0341796875,4316.85986328125,1007048704,0.0,0.0,ETH-USD,ETH,Ethereum,0.0042039237530382,18.07177734375,26.76953125,15.8671875,4300.714306640625,4297.278637695313,4294.010302734375,0.0022143612578368,0.2072528577236765,61.93664005687288,9.380692013764277,427014144.0,2.3583497599554923,4334.2744140625,4272.111328125,0.7198570418663106,9,0,8,9,-32.9944307732159,128.6784018243866,19.304449949645537,low,0.004431417494629608,0.0028659213872035405,0.002884464535821696,0.0011423600538158496,4334.2744140625,4272.111328125,0.7198570418663106,inf,303523184.64,3.317864186205186,1,0.0015612454171293753,sideways,1,2025-09-11 12:47:24.097684,2025-09-13T15:30:02.412607
2025-09-08 10:00:00+00:00,ETH,crypto,1h,yahoo_finance,4317.6328125,4335.8310546875,4316.80419921875,4328.60595703125,1373435904,0.0,0.0,ETH-USD,ETH,Ethereum,0.0027209810190762,11.74609375,19.02685546875,10.97314453125,4303.643994140625,4298.763256835938,4294.337529296875,0.0022978343531425,0.2150655113653999,65.7560104641815,0.3638227213288783,487360409.6,2.81811135444351,4335.8310546875,4272.111328125,0.8866112890619013,10,0,8,9,-13.296849445552741,196.23105557541243,20.752544621301134,low,0.007230140830668086,0.006814321659832423,0.00690695039569289,0.003794155835994406,4335.8310546875,4272.111328125,0.8866112890619013,-0.11098635239843835,330991902.72,4.1494546927386535,1,0.0021671479664231393,sideways,1,2025-09-11 12:47:24.097684,2025-09-13T15:30:02.412607
2025-09-08 11:00:00+00:00,ETH,crypto,1h,yahoo_finance,4328.380859375,4328.380859375,4301.35546875,4312.48974609375,100288512,0.0,0.0,ETH-USD,ETH,Ethereum,-0.0037231873488787,-16.1162109375,27.025390625,15.89111328125,4305.550634765625,4299.428442382812,4294.7004296875,0.0025505757358314,0.2387208086399262,59.00153034384913,-0.926979838150496,478892953.6,0.2094173890972865,4335.8310546875,4272.111328125,0.6336878726110745,11,0,8,9,-42.95663269890908,71.56358303918545,20.868596713956176,low,0.00436488098839205,0.004440840033886229,0.0030944720299865835,0.004225329051721127,4335.8310546875,4272.111328125,0.6336878726110745,-0.5150383758356029,332997672.96,0.3011688073028869,-1,0.002526417210178714,sideways,1,2025-09-11 12:47:24.097684,2025-09-13T15:30:02.412607
2025-09-08 12:00:00+00:00,ETH,crypto,1h,yahoo_finance,4312.12158203125,4321.52685546875,4307.1279296875,4317.92724609375,1148217344,0.0,0.0,ETH-USD,ETH,Ethereum,0.0012608725632159,5.4375,14.39892578125,5.8056640625,4306.5521484375,4300.8427734375,4295.055126953125,0.0022858900622133,0.2139475869888858,53.846809541541234,10.44914129347138,536303820.8,2.140982964259351,4335.8310546875,4272.111328125,0.719022513755,12,0,8,9,-32.94962347908916,70.06205281472121,20.976359371421573,low,0.006067956884922898,0.0023248238275230815,0.006594170366835739,0.004124202292003165,4335.8310546875,4272.111328125,0.719022513755,inf,355962019.84,3.225673751699993,1,0.002676804172367182,sideways,1,2025-09-11 12:47:24.097684,2025-09-13T15:30:02.412607
2025-09-08 13:00:00+00:00,ETH,crypto,1h,yahoo_finance,4318.79248046875,4356.89111328125,4318.79248046875,4318.90625,1730093056,0.0,0.0,ETH-USD,ETH,Ethereum,0.0002267300606177,0.97900390625,38.0986328125,0.11376953125,4307.455810546875,4302.993701171875,4295.46322265625,0.0022546642162711,0.2110250079456188,56.86293697169644,0.5067644336158015,618674124.8,2.796452908967691,4356.89111328125,4272.111328125,0.5519584861975823,13,0,8,9,-50.379825532824306,154.041923690723,22.443215685871767,low,0.004679961807913191,0.002096727249738972,0.010060730719064326,0.004746953170339685,4356.89111328125,4272.111328125,0.5519584861975823,16.833857586185058,390563880.96,4.429731320129906,1,0.002791919583287483,sideways,1,2025-09-11 12:47:24.097684,2025-09-13T15:30:02.412607
2025-09-08 14:00:00+00:00,ETH,crypto,1h,yahoo_finance,4317.94287109375,4354.86083984375,4316.43115234375,4350.42822265625,469377024,0.0,0.0,ETH-USD,ETH,Ethereum,0.0072986008103903,31.52197265625,38.4296875,32.4853515625,4312.7171875,4306.36103515625,4296.48193359375,0.0028905553240072,0.2705411545603456,69.49716924910608,-0.7286983943596615,599397171.2,0.7830818137835082,4356.89111328125,4278.9384765625,0.9170920844112322,14,0,8,9,-8.571817139748596,161.7463510427401,23.629239655022275,low,0.007776105882085549,0.012241982548361063,0.01572388454711038,0.011846873739759234,4356.89111328125,4278.9384765625,0.9170920844112322,-0.5339083183011574,399951421.44,1.1735850876839928,0,0.0037787320317370786,sideways,1,2025-09-11 12:47:24.097684,2025-09-13T15:30:02.412607
2025-09-08 15:00:00+00:00,ETH,crypto,1h,yahoo_finance,4347.5615234375,4381.27490234375,4346.6201171875,4369.9658203125,2279829504,0.0,0.0,ETH-USD,ETH,Ethereum,0.0044909596610516,19.53759765625,34.65478515625,22.404296875,4319.9603515625,4310.196923828125,4298.005400390625,0.0029679872838181,0.2777883889007972,76.44034691791566,3.857139117231268,713388646.4,3.1957748633999006,4381.27490234375,4281.494140625,0.8866606965466282,15,0,8,9,-11.333930345337189,225.27815190064135,25.48562603829606,low,0.009555007707288787,0.01685423258931862,0.017869401581243727,0.017740340314591485,4381.27490234375,4281.494140625,0.8866606965466282,0.6599460501652941,445548011.52,5.116910961452382,1,0.0051081720767218505,sideways,1,2025-09-11 12:47:24.097684,2025-09-13T15:30:02.412607
2025-09-08 16:00:00+00:00,ETH,crypto,1h,yahoo_finance,4369.9970703125,4369.9970703125,4335.70703125,4338.62109375,1105432576,0.0,0.0,ETH-USD,ETH,Ethereum,-0.0071727624085303,-31.3447265625,34.2900390625,31.3759765625,4324.44765625,4312.429833984375,4298.861181640625,0.0036517557813579,0.3417856136693441,59.50145032632342,-0.5151248924270435,730186854.4,1.5139036937447228,4381.27490234375,4281.494140625,0.5725247246159794,16,0,8,9,-46.30017331757398,114.4768607606122,26.44381494438207,normal,0.0060594573424597176,0.01045078714100578,0.010400230337924476,0.009960599527339742,4381.27490234375,4281.494140625,0.5725247246159794,10.022524454246565,467656663.04,2.3637695415567066,1,0.005951919247508909,sideways,1,2025-09-11 12:47:24.097684,2025-09-13T15:30:02.412607
2025-09-08 17:00:00+00:00,ETH,crypto,1h,yahoo_finance,4338.53271484375,4341.20849609375,4310.0087890625,4311.2666015625,0,0.0,0.0,ETH-USD,ETH,Ethereum,-0.0063048815732965,-27.3544921875,31.19970703125,27.26611328125,4326.385888671875,4313.471557617188,4299.61703125,0.0040817151993927,0.3820276102169033,50.37352502656845,-1.0,730186854.4,0.0,4381.27490234375,4281.494140625,0.2983787698616596,17,0,8,9,-75.99313089982031,7.242507311210441,25.80823596201943,normal,-0.001542555988472416,0.004516040733219873,0.0048560312878229706,0.008843502826472616,4381.27490234375,4281.494140625,0.2983787698616596,-1.0,467656663.04,0.0,-1,0.006225870171068043,sideways,1,2025-09-11 12:47:24.097684,2025-09-13T15:30:02.412607
2025-09-08 18:00:00+00:00,ETH,crypto,1h,yahoo_finance,4311.02587890625,4333.32666015625,4311.02587890625,4330.98681640625,128829440,0.0,0.0,ETH-USD,ETH,Ethereum,0.0045741116628239,19.72021484375,22.30078125,19.9609375,4329.60576171875,4314.543212890625,4300.36322265625,0.0041634623943578,0.3896787284377617,58.52043414243825,inf,736628326.4,0.1748906950532387,4381.27490234375,4281.494140625,0.4960142108431082,18,0,8,9,-54.58708545563441,18.338383063087488,25.21805547839698,normal,0.0027971355956730726,0.00749018789134559,0.00497339328069013,0.00868942125224792,4381.27490234375,4281.494140625,0.4960142108431082,-0.9255361209888585,458107617.28,0.28122090779655856,-1,0.0068000160796735844,sideways,1,2025-09-11 12:47:24.097684,2025-09-13T15:30:02.412607
2025-09-08 19:00:00+00:00,ETH,crypto,1h,yahoo_finance,4327.13623046875,4327.13623046875,4288.94873046875,4289.86572265625,882511872,0.0,0.0,ETH-USD,ETH,Ethereum,-0.0094946245493587,-41.12109375,38.1875,37.2705078125,4326.90634765625,4313.810327148438,4300.72630859375,0.0049586914241582,0.4641080874177685,48.37190786895647,5.850234480565932,765323776.0,1.1531222466555122,4381.27490234375,4281.494140625,0.0838997607058443,19,0,8,9,-99.00679063273466,-78.69754465807335,23.55476368054166,normal,-0.01392104337789124,-0.006253189003101345,-0.003405188764000089,0.004249888408995206,4381.27490234375,4281.494140625,0.08389976070584436,0.8801769726163673,475757854.72,1.8549601719542577,1,0.006087352968773258,sideways,1,2025-09-11 12:47:24.097684,2025-09-13T15:30:02.412607
2025-09-08 20:00:00+00:00,ETH,crypto,1h,yahoo_finance,4289.0888671875,4297.22412109375,4283.30029296875,4296.40380859375,1937061888,0.0,0.0,ETH-USD,ETH,Ethereum,0.0015240770597946,6.5380859375,13.923828125,7.31494140625,4323.6861328125,4313.665063476563,4301.07640625,0.0049717983980047,0.4653348329527122,50.55733283601361,1.1949414500341136,843730022.4,2.2958314112018967,4381.27490234375,4281.494140625,0.14942427489956,20,0,8,9,-86.62560054223232,-116.61289408015685,21.991346958552583,normal,-0.016833543955153796,-0.007439380890097436,-0.0006757535646000346,0.004090978337214057,4381.27490234375,4281.494140625,0.14942427489956006,-0.1503479165431486,495071477.76,3.9126913486602555,1,0.005256760035614496,sideways,1,2025-09-11 12:47:24.097684,2025-09-13T15:30:02.412607
2025-09-08 21:00:00+00:00,ETH,crypto,1h,yahoo_finance,4296.8486328125,4320.0751953125,4295.65576171875,4320.0751953125,0,0.0,0.0,ETH-USD,ETH,Ethereum,0.0055095814484202,23.67138671875,24.41943359375,23.2265625,4324.444677734375,4314.99765625,4302.37283203125,0.0051763229313835,0.4844772804044695,55.41999695838051,-1.0,783244595.2,0.0,4381.27490234375,4281.494140625,0.3866582497761205,21,0,8,9,-62.4648645415944,-43.189764307315,21.26960226001945,normal,-0.0042746066173458,0.0017589489286602422,0.006207600173366634,0.015233236486145385,4381.27490234375,4281.494140625,0.3866582497761205,-1.0,495071477.76,0.0,-1,0.005130156442695774,sideways,1,2025-09-11 12:47:24.097684,2025-09-13T15:30:02.412607
2025-09-08 22:00:00+00:00,ETH,crypto,1h,yahoo_finance,4320.8037109375,4329.73828125,4309.49169921875,4310.32568359375,302792704,0.0,0.0,ETH-USD,ETH,Ethereum,-0.0022567921339259,-9.74951171875,20.24658203125,10.47802734375,4323.684521484375,4315.118334960937,4303.044599609375,0.0052144541478177,0.4880461667126555,52.19421327206981,inf,798384230.4,0.379256869650716,4381.27490234375,4283.30029296875,0.2758407591252517,22,0,8,9,-72.41592408747483,-31.745486460871508,20.959650493527615,normal,-0.0002182462964385179,-0.0017604656277793174,0.0005602654273046959,0.007853739080358135,4381.27490234375,4283.30029296875,0.2758407591252517,inf,482008719.36,0.6281892667876239,-1,0.004796585626110852,sideways,1,2025-09-11 12:47:24.097684,2025-09-13T15:30:02.412607
2025-09-08 23:00:00+00:00,ETH,crypto,1h,yahoo_finance,4310.556640625,4318.36474609375,4297.7939453125,4308.83154296875,0,0.0,0.0,ETH-USD,ETH,Ethereum,-0.0003466421645786,-1.494140625,20.57080078125,1.72509765625,4322.67705078125,4315.066430664063,4303.528076171875,0.0050862004052777,0.4760422741404281,48.37042704682768,-1.0,715681280.0,0.0,4381.27490234375,4283.30029296875,0.2605904750513326,23,0,8,9,-73.94095249486674,-66.8967328112573,20.091882268172903,normal,-0.005115525485686834,-0.0023326987084403283,-0.0002408624916487856,0.0056419508240419525,4381.27490234375,4283.30029296875,0.26059047505133265,-1.0,482008719.36,0.0,-1,0.004449599089500641,sideways,1,2025-09-11 12:47:24.097684,2025-09-13T15:30:02.412607
2025-09-09 00:00:00+00:00,ETH,crypto,1h,yahoo_finance,4306.70751953125,4312.9208984375,4291.29638671875,4301.42138671875,14405632,0.0,0.0,ETH-USD,ETH,Ethereum,-0.0017197600268434,-7.41015625,21.62451171875,5.2861328125,4317.7763671875,4315.24677734375,4303.99359375,0.0050335328788346,0.4711128637626334,44.38326257848945,inf,716401561.6,0.0201083202105627,4381.27490234375,4283.30029296875,0.1849570400494388,0,1,9,9,-81.50429599505611,-84.35496791357669,18.97614271694919,normal,0.002693712300007478,-0.011264830363659661,0.000839248327979103,0.005440646855920495,4381.27490234375,4283.30029296875,0.18495704004943883,-0.9836765572712884,478139883.52,0.030128488537596407,-1,0.0032023220149570183,sideways,1,2025-09-11 12:47:24.097684,2025-09-13T15:30:02.412607
2025-09-09 01:00:00+00:00,ETH,crypto,1h,yahoo_finance,4302.42041015625,4306.16943359375,4284.66259765625,4286.7431640625,0,0.0,0.0,ETH-USD,ETH,Ethereum,-0.0034124121625402,-14.67822265625,21.5068359375,15.67724609375,4309.4541015625,4314.7072265625,4304.240439453125,0.0050185942064191,0.4697146806352172,44.648573162587816,-1.0,639156633.6,0.0,4381.27490234375,4283.30029296875,0.035140442158563,1,1,9,9,-96.4859557841437,-109.44271693990986,17.626638400040648,normal,-0.0022485420276200374,-0.01904423505171693,-0.0025109784294454762,0.0028874889150332095,4381.27490234375,4283.30029296875,0.03514044215856309,-1.0,478139883.52,0.0,-1,0.001211285053127157,sideways,1,2025-09-11 12:47:24.097684,2025-09-13T15:30:02.412607
2025-09-09 02:00:00+00:00,ETH,crypto,1h,yahoo_finance,4286.955078125,4293.33740234375,4279.30517578125,4290.9267578125,311058432,0.0,0.0,ETH-USD,ETH,Ethereum,0.0009759375800895,4.18359375,14.0322265625,3.9716796875,4304.68466796875,4314.566162109375,4304.355283203125,0.0050118442335961,0.469082917795176,44.35854273151124,inf,644369715.2,0.4827328545436891,4381.27490234375,4279.30517578125,0.1139709051208136,2,1,9,9,-88.60290948791862,-109.11533127253519,16.613623797646948,normal,-0.006747206051326948,-0.010992971017037223,-0.0006570690761776854,0.0013400093755078224,4381.27490234375,4279.30517578125,0.11397090512081366,inf,484361052.16,0.6422036425365749,-1,7.652360085385929e-05,sideways,1,2025-09-11 12:47:24.097684,2025-09-13T15:30:02.412607
2025-09-09 03:00:00+00:00,ETH,crypto,1h,yahoo_finance,4290.32470703125,4307.0517578125,4290.1572265625,4307.0517578125,0,0.0,0.0,ETH-USD,ETH,Ethereum,0.0037579294427809,16.125,16.89453125,16.72705078125,4304.26318359375,4315.324536132813,4304.600107421875,0.0051351181062635,0.4806207200858245,47.670567284701626,-1.0,644369715.2,0.0,4381.27490234375,4279.30517578125,0.2721060746813258,3,1,9,9,-72.7893925318674,-52.200238969371576,15.835269530029079,normal,-0.0007595541547386064,-0.000977634681295858,0.003533991013880966,0.0028502330437851775,4381.27490234375,4279.30517578125,0.27210607468132586,-1.0,481518878.72,0.0,-1,-7.82706452903411e-05,sideways,1,2025-09-11 12:47:24.097684,2025-09-13T15:30:02.412607
2025-09-09 04:00:00+00:00,ETH,crypto,1h,yahoo_finance,4305.97412109375,4315.0703125,4303.9140625,4315.03662109375,65830912,0.0,0.0,ETH-USD,ETH,Ethereum,0.0018539046499188,7.98486328125,11.15625,9.0625,4302.6681640625,4316.136962890625,4304.8769140625,0.0047137150743971,0.4411795574035217,42.336596815461725,inf,642810675.2,0.1024110434686197,4381.27490234375,4279.30517578125,0.3504122891866267,4,1,9,9,-64.95877108133733,-8.279691462544664,15.468213961085985,normal,0.0014400837125150279,-0.0036828085581047665,0.0037797944051727317,0.00321778665773631,4381.27490234375,4279.30517578125,0.3504122891866267,inf,482835496.96,0.13634232034405228,-1,-0.0005130808717862715,sideways,1,2025-09-11 12:47:24.097684,2025-09-13T15:30:02.412607
2025-09-09 05:00:00+00:00,ETH,crypto,1h,yahoo_finance,4312.8525390625,4318.8095703125,4304.490234375,4318.8095703125,106579968,0.0,0.0,ETH-USD,ETH,Ethereum,0.0008743724677344,3.77294921875,14.3193359375,5.95703125,4305.562548828125,4316.234448242188,4305.2933984375,0.0045095256976233,0.4220684788911885,38.111405642906426,0.6189957690393231,597787238.4,0.178290805078518,4381.27490234375,4279.30517578125,0.3874129691525326,5,1,9,9,-56.44109681969667,25.715826451580515,15.292202133084233,normal,0.004042427381664604,0.006747028818032241,0.00045164936852226667,0.004845111615475739,4381.27490234375,4279.30517578125,0.38741296915253265,6.398493033835655,468113981.44,0.22767952299168995,-1,6.251615528040421e-05,sideways,1,2025-09-11 12:47:24.097684,2025-09-13T15:30:02.412607
2025-09-09 06:00:00+00:00,ETH,crypto,1h,yahoo_finance,4317.63525390625,4372.10791015625,4317.63525390625,4371.5615234375,1533251584,0.0,0.0,ETH-USD,ETH,Ethereum,0.01221446610835,52.751953125,54.47265625,53.92626953125,4313.0783203125,4318.3822265625,4306.6828125,0.0053168485302489,0.4976297557944359,56.96251130110266,13.385926481043793,605778022.4,2.531045246450988,4381.27490234375,4279.30517578125,0.9047425227692808,6,1,9,9,-0.5887614437546038,244.33016446455602,16.893512916406074,normal,0.019786200415752964,0.017493168284931304,0.009923649052987704,0.01614812565020496,4381.27490234375,4279.30517578125,0.9047425227692809,inf,498779013.12,3.0740098193167538,1,0.0014850194664759746,sideways,1,2025-09-11 12:47:24.097684,2025-09-13T15:30:02.412607
2025-09-09 07:00:00+00:00,ETH,crypto,1h,yahoo_finance,4366.11376953125,4380.80322265625,4348.18701171875,4358.525390625,775493632,0.0,0.0,ETH-USD,ETH,Ethereum,-0.0029820311901385,-13.0361328125,32.6162109375,7.58837890625,4316.92333984375,4320.684008789062,4307.95037109375,0.005054846926992,0.4731077493643652,60.632505899257815,-0.4942163177311937,639538278.4,1.2125836063169413,4381.27490234375,4279.30517578125,0.7768993554689371,7,1,9,9,-21.94902534300614,215.83284138580362,18.5918947481211,normal,0.015753853800795525,0.008900353251772186,0.010674957447249334,0.014755705191473512,4381.27490234375,4279.30517578125,0.7768993554689371,1.4930802454504755,510133166.08,1.5201788151887887,1,0.0020828858220393416,sideways,1,2025-09-11 12:47:24.097684,2025-09-13T15:30:02.412607
2025-09-09 08:00:00+00:00,ETH,crypto,1h,yahoo_finance,4360.67041015625,4364.06640625,4345.36181640625,4357.60888671875,1109598208,0.0,0.0,ETH-USD,ETH,Ethereum,-0.0002102784368817,-0.91650390625,18.70458984375,3.0615234375,4321.65166015625,4322.6680908203125,4309.410009765625,0.0049398187262682,0.4623416996809805,56.5431843929415,0.4308282650088866,637607321.6,1.7402532411572609,4381.27490234375,4279.30517578125,0.7679113554306292,8,1,9,9,-22.85200223218581,147.91027760049326,20.004608349071606,normal,0.011738221816012473,0.010969751846124476,0.009189974347274754,0.017033439408422835,4381.27490234375,4279.30517578125,0.7679113554306292,inf,532325130.24,2.0844370197208897,1,0.0028406789706442825,sideways,1,2025-09-11 12:47:24.097684,2025-09-13T15:30:02.412607
2025-09-09 09:00:00+00:00,ETH,crypto,1h,yahoo_finance,4359.087890625,4364.40869140625,4353.39501953125,4357.3603515625,0,0.0,0.0,ETH-USD,ETH,Ethereum,-5.703475523177737e-05,-0.24853515625,11.013671875,1.7275390625,4326.504541015625,4324.590795898437,4310.675888671875,0.0040405595817654,0.3781756554672129,70.75978073139596,-1.0,551102668.8,0.0,4381.27490234375,4279.30517578125,0.7654740128523133,9,1,9,9,-23.09686916697135,119.10557194663281,21.325788825313744,normal,0.009808429032062804,0.011262637703472134,0.008903666654607179,0.01473986178238329,4381.27490234375,4279.30517578125,0.7654740128523133,-1.0,525725450.24,0.0,-1,0.0036719653141509706,sideways,1,2025-09-11 12:47:24.097684,2025-09-13T15:30:02.412607
2025-09-09 10:00:00+00:00,ETH,crypto,1h,yahoo_finance,4356.02197265625,4360.53662109375,4343.27197265625,4348.24609375,0,0.0,0.0,ETH-USD,ETH,Ethereum,-0.0020916924645059,-9.1142578125,17.2646484375,7.77587890625,4331.18701171875,4324.481689453125,4311.54431640625,0.0041275885966326,0.3863211249439224,65.6967306424286,,527633817.6,0.0,4381.27490234375,4279.30517578125,0.6760920156679467,10,1,9,9,-32.07660630784922,77.65293757856482,21.924197476573358,normal,0.00681588825769186,0.010885868372679797,-0.0005015894515592034,0.010086679405976184,4381.27490234375,4279.30517578125,0.6760920156679467,-1.0,495753052.16,0.0,-1,0.004555837507631755,sideways,1,2025-09-11 12:47:24.097684,2025-09-13T15:30:02.412607
2025-09-09 11:00:00+00:00,ETH,crypto,1h,yahoo_finance,4348.25537109375,4354.3037109375,4345.119140625,4347.62109375,701620224,0.0,0.0,ETH-USD,ETH,Ethereum,-0.0001437361148667,-0.625,9.1845703125,0.63427734375,4337.2748046875,4323.364453125,4312.533369140625,0.0039089938599544,0.365861778620196,59.693060528793616,inf,448723353.6,1.563591951190124,4380.80322265625,4279.30517578125,0.6730761829622646,11,1,9,9,-32.69238170377355,61.7130159315396,22.479862652742998,normal,-0.005476402324237406,0.014201440897571027,-0.005113249732672354,0.01150551385156895,4380.80322265625,4279.30517578125,0.6730761829622646,-0.5423971960494645,505190031.36,1.3888243639946711,1,0.005737100082266901,sideways,1,2025-09-11 12:47:24.097684,2025-09-13T15:30:02.412607
2025-09-09 12:00:00+00:00,ETH,crypto,1h,yahoo_finance,4346.85205078125,4364.8505859375,4338.66796875,4346.3935546875,477736960,0.0,0.0,ETH-USD,ETH,Ethereum,-0.0002823472966089,-1.2275390625,26.1826171875,0.45849609375,4342.821484375,4323.753076171875,4313.377890625,0.0038383701609066,0.3592517625720641,63.50160300348384,-0.3190946559716043,417338572.8,1.1447227530270598,4380.80322265625,4279.30517578125,0.6609819693266881,12,1,9,9,-33.901803067331194,55.5565579704783,23.353755545201267,normal,-0.002783472585382918,0.012926530795243973,0.0017914587998237863,0.009810509096209952,4380.80322265625,4279.30517578125,0.6609819693266881,-0.3839575977330527,514744770.56,0.928104542917962,1,0.006826110416616871,sideways,1,2025-09-11 12:47:24.097684,2025-09-13T15:30:02.412607
2025-09-09 13:00:00+00:00,ETH,crypto,1h,yahoo_finance,4345.88623046875,4356.79296875,4326.82275390625,4344.6259765625,0,0.0,0.0,ETH-USD,ETH,Ethereum,-0.0004066769616603,-1.767578125,29.97021484375,1.26025390625,4346.57890625,4325.421044921875,4314.11875,0.0038395450868409,0.3593617296140841,63.371870314364,-1.0,417338572.8,0.0,4380.80322265625,4279.30517578125,0.6435670714107029,13,1,9,9,-35.643292858929705,31.560524336863185,23.401476127387173,normal,-0.0029793656323355844,0.00872388372901356,0.007737720276428606,0.00859947879885703,4380.80322265625,4279.30517578125,0.6435670714107029,-1.0,501874565.12,0.0,-1,0.007524168464301124,sideways,1,2025-09-11 12:47:24.097684,2025-09-13T15:30:02.412607
2025-09-09 14:00:00+00:00,ETH,crypto,1h,yahoo_finance,4345.85546875,4345.85546875,4288.55615234375,4302.0595703125,1999009792,0.0,0.0,ETH-USD,ETH,Ethereum,-0.0097974846349555,-42.56640625,57.29931640625,43.7958984375,4345.281201171875,4323.974682617188,4314.17416015625,0.0047204890293701,0.4418135648498075,50.18881335070744,inf,510847590.4,3.913123658731072,4380.80322265625,4279.30517578125,0.2241855408239844,14,1,9,9,-77.58144591760156,-53.2709869948632,21.930998274826372,normal,-0.012691349071042413,-0.0030074022356640917,-0.006679135107077738,0.0006444106856329235,4380.80322265625,4279.30517578125,0.22418554082398445,inf,541854760.96,3.689198538107092,1,0.007210427734447025,sideways,1,2025-09-11 12:47:24.097684,2025-09-13T15:30:02.412607
2025-09-09 15:00:00+00:00,ETH,crypto,1h,yahoo_finance,4305.9580078125,4305.9580078125,4278.6552734375,4287.33544921875,0,0.0,0.0,ETH-USD,ETH,Ethereum,-0.0034225748976972,-14.72412109375,27.302734375,18.62255859375,4342.1337890625,4323.848168945313,4313.8319921875,0.0047210583627692,0.4418668515362275,50.17518623466579,-1.0,466721996.8,0.0,4380.80322265625,4278.6552734375,0.0849765056238318,15,1,9,9,-91.50234943761683,-111.19705833420714,20.96029762428424,normal,-0.014008095038319124,-0.007287684391111604,-0.0005898257896830295,-0.003974589759560998,4380.80322265625,4278.6552734375,0.08497650562383186,,541854760.96,0.0,-1,0.0065607091157596255,sideways,1,2025-09-11 12:47:24.097684,2025-09-13T15:30:02.412607
2025-09-09 16:00:00+00:00,ETH,crypto,1h,yahoo_finance,4285.224609375,4295.47314453125,4278.80908203125,4287.4638671875,0,0.0,0.0,ETH-USD,ETH,Ethereum,2.9952862394599933e-05,0.12841796875,16.6640625,2.2392578125,4333.7240234375,4323.401171875,4313.602998046875,0.0047130900434232,0.4411210577097347,48.95057088233727,,369868902.4,0.0,4380.80322265625,4278.6552734375,0.0862336818053623,16,1,9,9,-91.37663181946377,-120.10515067248667,20.058932734495123,normal,-0.013836814493558336,-0.019237440854743215,-0.002080796360055426,-0.0026633954913436453,4380.80322265625,4278.6552734375,0.08623368180536235,-1.0,538524549.12,0.0,-1,0.0046645519765578965,sideways,1,2025-09-11 12:47:24.097684,2025-09-13T15:30:02.412607
2025-09-09 17:00:00+00:00,ETH,crypto,1h,yahoo_finance,4287.4150390625,4295.75732421875,4280.265625,4283.4248046875,2270740480,0.0,0.0,ETH-USD,ETH,Ethereum,-0.0009420633328041,-4.0390625,15.49169921875,3.990234375,4326.21396484375,4321.56865234375,4313.2877734375,0.0045868886427538,0.4293092538114793,42.273891411673794,inf,483405926.4,4.697378240499784,4380.80322265625,4278.6552734375,0.0466923838068059,17,1,9,9,-95.33076161931942,-113.63277139097126,19.20733011220247,normal,-0.014487585904891076,-0.01723073269207931,-0.008483739048053551,-0.003666096405194774,4380.80322265625,4278.6552734375,0.04669238380680596,3.7531187036481333,578546606.08,3.9249050225799915,1,0.0029968302801063338,sideways,1,2025-09-11 12:47:24.097684,2025-09-13T15:30:02.412607
2025-09-09 18:00:00+00:00,ETH,crypto,1h,yahoo_finance,4284.53369140625,4292.08984375,4283.62548828125,4286.72900390625,0,0.0,0.0,ETH-USD,ETH,Ethereum,0.0007713919047054,3.30419921875,8.46435546875,2.1953125,4319.1259765625,4320.388818359375,4313.229541015625,0.0045552936494733,0.4263521244704749,40.450981684016334,-1.0,468266291.2,0.0,4380.80322265625,4278.6552734375,0.0790395747589615,18,1,9,9,-92.09604252410385,-99.12400316466886,18.41655624864501,normal,-0.013326112067777673,-0.016265774339805916,-0.005474454001774265,-0.0006787564153465375,4380.80322265625,4278.6552734375,0.07903957475896156,,578546606.08,0.0,-1,0.0013670581384098478,sideways,1,2025-09-11 12:47:24.097684,2025-09-13T15:30:02.412607
2025-09-09 19:00:00+00:00,ETH,crypto,1h,yahoo_finance,4287.134765625,4298.55712890625,4287.134765625,4296.76904296875,771778560,0.0,0.0,ETH-USD,ETH,Ethereum,0.0023421212428755,10.0400390625,11.42236328125,9.63427734375,4313.066845703125,4319.785693359375,4313.64716796875,0.0046049952966764,0.4310039437614638,42.86666982727287,inf,506855219.2,1.5226805027639736,4380.80322265625,4278.6552734375,0.1773287635218141,19,1,9,9,-82.2671236478186,-75.21827226811976,17.31539110956833,normal,-0.0012297661753125633,-0.01390550785454836,-0.0027994828481248124,0.0048835117159744534,4380.80322265625,4278.6552734375,0.17732876352181415,-0.6139195700348026,592328437.76,1.3029571278370897,1,-0.00013453169511271537,sideways,1,2025-09-11 12:47:24.097684,2025-09-13T15:30:02.412607
2025-09-09 20:00:00+00:00,ETH,crypto,1h,yahoo_finance,4293.67431640625,4304.12548828125,4282.87060546875,4302.19921875,0,0.0,0.0,ETH-USD,ETH,Ethereum,0.0012637811636946,5.43017578125,21.2548828125,8.52490234375,4308.462158203125,4319.8245849609375,4314.029521484375,0.0029316404447608,0.2743865111641866,17.638509203572085,-1.0,506134937.6,0.0,4380.80322265625,4278.6552734375,0.2304886734640223,20,1,9,9,-76.95113265359778,-60.16193108699291,16.174627557631812,low,0.0034669014606631965,-0.010589758262805282,0.0001808313953270968,0.0044635329935835966,4380.80322265625,4278.6552734375,0.2304886734640223,,575230115.84,0.0,-1,-0.0012905250771985475,sideways,1,2025-09-11 12:47:24.097684,2025-09-13T15:30:02.412607
2025-09-09 21:00:00+00:00,ETH,crypto,1h,yahoo_finance,4303.40625,4318.03955078125,4298.80029296875,4299.77734375,0,0.0,0.0,ETH-USD,ETH,Ethereum,-0.0005629388312481,-2.421875,19.2392578125,3.62890625,4303.677783203125,4320.476293945312,4314.160107421875,0.0028855048622732,0.270068457242555,19.57753031728211,,506134937.6,0.0,4380.80322265625,4278.6552734375,0.20677919110512,21,1,9,9,-75.49510559231396,-32.781677092548534,15.833725658820237,low,0.0028719720897794065,-0.01100458134881599,0.003040578637127256,0.001520829172624305,4380.80322265625,4278.6552734375,0.20677919110512,,575230115.84,0.0,-1,-0.0024297485391692056,sideways,1,2025-09-11 12:47:24.097684,2025-09-13T15:30:02.412607
2025-09-09 22:00:00+00:00,ETH,crypto,1h,yahoo_finance,4301.21142578125,4316.21630859375,4300.6533203125,4316.134765625,0,0.0,0.0,ETH-USD,ETH,Ethereum,0.0038042485848195,16.357421875,15.56298828125,14.92333984375,4300.651904296875,4321.7366943359375,4314.603544921875,0.0031533195150508,0.2951345352964395,31.483879406186645,,490582016.0,0.0,4380.80322265625,4278.6552734375,0.3669137997791576,22,1,9,9,-56.517946161515454,-13.192901237808966,15.517173895638061,normal,0.00763640367906171,-0.006961815280134176,0.005874723395500547,0.005163499444396091,4380.80322265625,4278.6552734375,0.36691379977915767,-1.0,559840747.52,0.0,-1,-0.0032335857697565256,sideways,1,2025-09-11 12:47:24.097684,2025-09-13T15:30:02.412607
2025-09-09 23:00:00+00:00,ETH,crypto,1h,yahoo_finance,4315.439453125,4317.10693359375,4304.7236328125,4309.13134765625,0,0.0,0.0,ETH-USD,ETH,Ethereum,-0.00162261336799,-7.00341796875,12.38330078125,6.30810546875,4297.10244140625,4321.840673828125,4314.977529296875,0.0031573534578214,0.295512091652314,29.692967487530797,,490582016.0,0.0,4380.80322265625,4278.6552734375,0.2983522865788077,23,1,9,9,-64.64300280975256,-6.856271612745372,15.270765713403504,normal,0.005225976199938476,-0.008169777812343182,0.000482833724943621,0.004358353235334178,4380.80322265625,4278.6552734375,0.29835228657880775,,559840747.52,0.0,-1,-0.004142568013219201,sideways,1,2025-09-11 12:47:24.097684,2025-09-13T15:30:02.412607
2025-09-10 00:00:00+00:00,ETH,crypto,1h,yahoo_finance,4310.13623046875,4313.20703125,4286.56298828125,4286.56298828125,1762183168,0.0,0.0,ETH-USD,ETH,Ethereum,-0.0052373338276808,-22.568359375,26.64404296875,23.5732421875,4295.552783203125,4320.4169921875,4314.51771484375,0.0033623795604415,0.3147014834128415,26.671172618585945,inf,575399628.8,3.062537895053992,4380.80322265625,4278.6552734375,0.0774143279843593,0,2,10,9,-90.82581800054382,-48.879821444416464,14.45139330578618,normal,-0.0023752858451168146,-0.0036021309742404473,-0.0065987001531594425,-0.00533482680536046,4380.80322265625,4278.6552734375,0.07741432798435939,1.283275617296236,595084410.88,2.961232281978477,1,-0.004395608708564932,sideways,1,2025-09-11 12:47:24.097684,2025-09-13T15:30:02.412607
2025-09-10 01:00:00+00:00,ETH,crypto,1h,yahoo_finance,4287.8251953125,4309.13037109375,4286.72314453125,4303.49169921875,0,0.0,0.0,ETH-USD,ETH,Ethereum,0.0039492504796454,16.9287109375,22.4072265625,15.66650390625,4297.168408203125,4319.651098632812,4314.497080078125,0.0036125704167042,0.3381180644938499,35.14235080208981,-1.0,570070630.4,0.0,4380.80322265625,4278.6552734375,0.2431416976180574,1,2,10,9,-71.18587419559503,-23.669911967113315,13.690547498712949,normal,0.00030042320288581337,0.003768366201190032,-0.003546780853465936,-0.00023968699351517575,4380.80322265625,4278.6552734375,0.24314169761805746,,588912353.28,0.0,-1,-0.004016382802763612,sideways,1,2025-09-11 12:47:24.097684,2025-09-13T15:30:02.412607
2025-09-10 02:00:00+00:00,ETH,crypto,1h,yahoo_finance,4302.822265625,4324.662109375,4302.822265625,4316.5791015625,43241472,0.0,0.0,ETH-USD,ETH,Ethereum,0.0030411124868965,13.08740234375,21.83984375,13.7568359375,4300.079931640625,4316.901977539063,4314.84248046875,0.003750281223777,0.3510070898072489,40.704316266380864,inf,495570124.8,0.0872560104736967,4380.80322265625,4278.6552734375,0.3712637249700046,2,2,10,9,-51.46538687463287,69.86489280168232,13.354254891340625,normal,0.003907587874735441,0.006790782447829491,-0.012577295682611234,0.004016929046443574,4380.80322265625,4278.6552734375,0.37126372497000465,inf,582398443.52,0.07424723139479864,-1,-0.003421341310823887,sideways,1,2025-09-11 12:47:24.097684,2025-09-13T15:30:02.412607
2025-09-10 03:00:00+00:00,ETH,crypto,1h,yahoo_finance,4315.40478515625,4321.68017578125,4310.990234375,4318.52587890625,2700666880,0.0,0.0,ETH-USD,ETH,Ethereum,0.0004510000391386,1.94677734375,10.68994140625,3.12109375,4303.5900390625,4314.902001953125,4315.34453125,0.003758654804176,0.351790813989977,41.8714777113069,61.45547977645165,591828787.2,4.563257040565937,4364.8505859375,4278.6552734375,0.4625611800960754,3,2,10,9,-40.66891430398326,114.3945937219752,13.041983184494894,normal,0.0005539941199921294,0.008194628321789965,-0.00917730382041304,0.005846742115910963,4364.8505859375,4278.6552734375,0.4625611800960754,inf,612217610.24,4.411285848084787,1,-0.002723882670868642,sideways,1,2025-09-11 12:47:24.097684,2025-09-13T15:30:02.412607
2025-09-10 04:00:00+00:00,ETH,crypto,1h,yahoo_finance,4318.76953125,4318.76953125,4308.185546875,4312.41357421875,0,0.0,0.0,ETH-USD,ETH,Ethereum,-0.0014153683129133,-6.1123046875,10.583984375,6.35595703125,4306.15849609375,4312.642236328125,4315.434560546875,0.002656700406793,0.2486535335979335,54.17189670301132,-1.0,536348876.8,0.0,4364.8505859375,4278.6552734375,0.3916489168857065,4,2,10,9,-26.623293922863024,85.8176244989681,12.556309019341171,low,0.000761690999343756,0.005991647778316622,-0.010371585352175083,0.0010449295922156931,4364.8505859375,4278.6552734375,0.3916489168857065,,612217610.24,0.0,-1,-0.0021495087743723974,sideways,1,2025-09-11 12:47:24.097684,2025-09-13T15:30:02.412607
2025-09-10 05:00:00+00:00,ETH,crypto,1h,yahoo_finance,4310.6181640625,4317.3125,4296.7353515625,4304.99951171875,293146624,0.0,0.0,ETH-USD,ETH,Ethereum,-0.0017192373533754,-7.4140625,20.5771484375,5.61865234375,4306.98154296875,4310.024194335938,4315.337158203125,0.0025144673696264,0.2353412507393134,57.56282142409165,inf,551006208.0,0.5320205466723162,4364.8505859375,4278.6552734375,0.3056342336626484,5,2,10,9,-42.88178730020126,32.44981176177178,11.968854023958936,low,0.004301003738403475,0.0019155017799870055,-0.012016642099608288,-0.0011299917646779845,4364.8505859375,4278.6552734375,0.3056342336626484,-0.8336457700179327,584999362.56,0.501105886196472,0,-0.00193626011781999,sideways,1,2025-09-11 12:47:24.097684,2025-09-13T15:30:02.412607
2025-09-10 06:00:00+00:00,ETH,crypto,1h,yahoo_finance,4307.28076171875,4316.802734375,4299.357421875,4313.85400390625,0,0.0,0.0,ETH-USD,ETH,Ethereum,0.0020567928436221,8.8544921875,17.4453125,6.5732421875,4308.147021484375,4308.30458984375,4315.65794921875,0.002555937012507,0.2392225966422742,60.51330332515046,-1.0,551006208.0,0.0,4364.8505859375,4278.6552734375,0.4083601468322306,6,2,10,9,-24.344507500769872,50.6013101310092,11.423360099675433,low,0.0024078830428280185,0.0027090296296499172,-0.007909416602060237,0.003732024952726176,4364.8505859375,4278.6552734375,0.4083601468322306,,584999362.56,0.0,-1,-0.0017403899527614509,sideways,1,2025-09-11 12:47:24.097684,2025-09-13T15:30:02.412607
2025-09-10 07:00:00+00:00,ETH,crypto,1h,yahoo_finance,4313.35595703125,4330.0556640625,4312.99658203125,4327.39794921875,1140643840,0.0,0.0,ETH-USD,ETH,Ethereum,0.0031396392414384,13.5439453125,17.05908203125,14.0419921875,4310.90908203125,4307.293432617187,4316.255224609375,0.0026180258003452,0.2450337887711676,66.28475951784222,inf,572957388.8,1.990800471897152,4364.8505859375,4278.6552734375,0.5654910269192422,7,2,10,9,-5.632534795881409,141.2661601002898,11.1763077570847,low,0.0025063475964877124,0.006423729244701137,-0.004651542555150989,0.00694904758929038,4364.8505859375,4278.6552734375,0.5654910269192422,25.378469262100975,576914268.16,1.977146177434559,1,-0.0012386066856387306,sideways,1,2025-09-11 12:47:24.097684,2025-09-13T15:30:02.412607
2025-09-10 08:00:00+00:00,ETH,crypto,1h,yahoo_finance,4328.75537109375,4332.5615234375,4324.9375,4331.40087890625,1697939456,0.0,0.0,ETH-USD,ETH,Ethereum,0.0009250200084378,4.0029296875,7.6240234375,2.6455078125,4312.435693359375,4306.543798828125,4317.00828125,0.0026185210663957,0.2450801431336018,66.45834682555102,0.4885798673142354,633967513.6,2.678275179051698,4356.79296875,4278.6552734375,0.675034056965743,8,2,10,9,-2.3357276916878753,169.07406830830732,11.10097382703976,low,0.002981341402372495,0.0035369871679711284,-0.00344945196347457,0.008769222511473052,4356.79296875,4278.6552734375,0.675034056965743,-0.3712888218187057,606737121.28,2.7984763029134436,1,-0.0010592029462822964,sideways,1,2025-09-11 12:47:24.097684,2025-09-13T15:30:02.412607
2025-09-10 09:00:00+00:00,ETH,crypto,1h,yahoo_finance,4330.58154296875,4330.58154296875,4314.49267578125,4324.3671875,0,0.0,0.0,ETH-USD,ETH,Ethereum,-0.0016238837278959,-7.03369140625,16.0888671875,6.21435546875,4313.95927734375,4305.530859375,4317.657939453125,0.002646704097959,0.2477179303556045,60.39826183581634,-1.0,633967513.6,0.0,4345.85546875,4278.6552734375,0.6802348393472164,9,2,10,9,-16.490610905303292,103.1960384426791,10.33380878024787,low,0.0027719079062160645,0.0035357102428630327,-0.0046629535365732,0.007568449673194255,4345.85546875,4278.6552734375,0.6802348393472164,,606737121.28,0.0,-1,-0.0008566362044521041,sideways,1,2025-09-11 12:47:24.097684,2025-09-13T15:30:02.412607
2025-09-10 10:00:00+00:00,ETH,crypto,1h,yahoo_finance,4324.48583984375,4331.447265625,4318.13623046875,4327.49658203125,0,0.0,0.0,ETH-USD,ETH,Ethereum,0.0007236653123019,3.12939453125,13.31103515625,3.0107421875,4318.05263671875,4306.802709960937,4318.232109375,0.0026380193903708,0.2469050862635285,59.6995532989602,,534017024.0,0.0,4332.5615234375,4278.6552734375,0.9060416666666666,10,2,10,9,-11.011092829467652,107.06551220841537,9.63031378311297,low,0.005225800897598276,0.009549280825198458,0.005912752090716067,0.006678276649100923,4332.5615234375,4278.6552734375,0.9060416666666666,-1.0,604796887.04,0.0,-1,-4.1561604773329605e-05,sideways,1,2025-09-11 12:47:24.097684,2025-09-13T15:30:02.412607
2025-09-10 11:00:00+00:00,ETH,crypto,1h,yahoo_finance,4326.67333984375,4332.51611328125,4323.7412109375,4329.92041015625,487948288,0.0,0.0,ETH-USD,ETH,Ethereum,0.0005600993736343,2.423828125,8.77490234375,3.2470703125,4320.6955078125,4308.931958007813,4318.4933203125,0.0026227930642982,0.2454799802289951,61.55732702294878,inf,558414438.4,0.8738103001027274,4332.5615234375,4278.80908203125,0.9508652404959804,11,2,10,9,-5.741733453638342,110.54508386573809,9.0558122546979,low,0.00372437412936355,0.0061412250295027615,0.009932733615527933,0.003025473906644871,4332.5615234375,4278.80908203125,0.9508652404959804,inf,594414878.72,0.8208884155974311,0,0.0005099434771941893,sideways,1,2025-09-11 12:47:24.097684,2025-09-13T15:30:02.412607
2025-09-10 12:00:00+00:00,ETH,crypto,1h,yahoo_finance,4330.6259765625,4384.8857421875,4330.25830078125,4366.4208984375,1529368576,0.0,0.0,ETH-USD,ETH,Ethereum,0.0084298289168629,36.50048828125,54.62744140625,35.794921875,4325.6796875,4312.879809570312,4319.249619140625,0.003279798343419,0.3069723050045608,66.70082964135364,2.1342841313545096,634882867.2,2.408898798521555,4384.8857421875,4280.265625,0.8235058013086781,12,2,10,9,-18.779827676110546,243.59800320240274,11.1154964034683,normal,0.00901764748162237,0.011546596437201462,0.018415789309448982,0.008736055390956565,4384.8857421875,4280.265625,0.8235058013086781,0.3407941395624423,597533532.16,2.5594690401249065,1,0.001488700336021335,sideways,1,2025-09-11 12:47:24.097684,2025-09-13T15:30:02.412607
2025-09-10 13:00:00+00:00,ETH,crypto,1h,yahoo_finance,4368.201171875,4433.42333984375,4359.90576171875,4416.703125,1308786688,0.0,0.0,ETH-USD,ETH,Ethereum,0.0115156618503025,50.2822265625,73.517578125,48.501953125,4335.497412109375,4319.543725585938,4321.33388671875,0.0042572038426876,0.398452447262886,77.74919954353199,-0.1442306919741497,586785177.6,2.230435835739829,4433.42333984375,4282.87060546875,0.8889411413670978,13,2,10,9,-11.385111547029291,298.0356482803252,14.221941151760316,normal,0.01969391623600769,0.02273397192622939,0.031114896698232863,0.024165478654331052,4433.42333984375,4282.87060546875,0.8889411413670978,-0.22919119207981942,621703495.68,2.105162182767671,1,0.003277581821241505,sideways,1,2025-09-11 12:47:24.097684,2025-09-13T15:30:02.412607
2025-09-10 14:00:00+00:00,ETH,crypto,1h,yahoo_finance,4418.99365234375,4450.41796875,4400.1142578125,4400.7021484375,0,0.0,0.0,ETH-USD,ETH,Ethereum,-0.0036228327124657,-16.0009765625,50.3037109375,18.29150390625,4344.32626953125,4325.2423828125,4322.989384765625,0.0040705242764922,0.3809801972243332,80.47591855253174,-1.0,586785177.6,0.0,4450.41796875,4282.87060546875,0.7032730367171129,14,2,10,9,-30.371039860162806,216.4140134683601,17.405209967488343,normal,0.01765228474541969,0.02047312315928429,0.026587438680493403,0.01917005489581447,4450.41796875,4282.87060546875,0.7032730367171129,,598739148.8,0.0,-1,0.004935678269490256,sideways,1,2025-09-11 12:47:24.097684,2025-09-13T15:30:02.412607
2025-09-10 15:00:00+00:00,ETH,crypto,1h,yahoo_finance,4401.8193359375,4422.822265625,4400.3486328125,4406.19384765625,1065912320,0.0,0.0,ETH-USD,ETH,Ethereum,0.0012479143176504,5.49169921875,22.4736328125,4.37451171875,4354.445703125,4330.713623046875,4324.73513671875,0.0040290360345292,0.3770971105426356,79.2059163315634,inf,601491865.6,1.772114272795246,4450.41796875,4282.87060546875,0.7360500324943099,15,2,10,9,-28.776267546117136,141.85641661332116,20.361102439235797,normal,0.018185402144918816,0.023506236333369124,0.025466764350893678,0.020210579392930805,4450.41796875,4282.87060546875,0.7360500324943099,inf,585455534.08,1.8206546149999285,1,0.006869915836924991,sideways,1,2025-09-11 12:47:24.097684,2025-09-13T15:30:02.412607
2025-09-10 16:00:00+00:00,ETH,crypto,1h,yahoo_finance,4405.56298828125,4407.04931640625,4368.30517578125,4383.1201171875,1684662272,0.0,0.0,ETH-USD,ETH,Ethereum,-0.0052366580469498,-23.07373046875,38.744140625,22.44287109375,4361.372314453125,4334.75966796875,4325.388974609375,0.0044058338482031,0.4123634535531039,67.90560782046566,0.5804886015390085,685724979.2,2.456760834300376,4450.41796875,4286.56298828125,0.5892840646651271,16,2,10,9,-43.790151933964964,75.64736538995199,21.20408361043737,normal,0.012286532312802967,0.016056666085251914,0.018809193699080184,0.007514638297213327,4450.41796875,4286.56298828125,0.5892840646651271,2.4525426432073063,609761239.04,2.7628228298871704,1,0.008319099173502667,sideways,1,2025-09-11 12:47:24.097684,2025-09-13T15:30:02.412607
2025-09-10 17:00:00+00:00,ETH,crypto,1h,yahoo_finance,4384.89306640625,4394.03369140625,4346.6533203125,4365.76318359375,339210240,0.0,0.0,ETH-USD,ETH,Ethereum,-0.0039599493351067,-17.35693359375,47.38037109375,19.1298828125,4365.208837890625,4338.0589599609375,4325.304921875,0.004609020515183,0.4313806835709675,61.73768502790585,-0.7986479274583054,702685491.2,0.4827340883625177,4450.41796875,4286.56298828125,0.4833554347016315,17,2,10,9,-55.084164172560385,35.3036122161943,20.960269245555484,normal,-0.0001506301978321245,0.00886565895376612,0.015346338791161873,-0.0009617092882546752,4450.41796875,4286.56298828125,0.4833554347016315,-0.7782024259402593,570948853.76,0.5941166844737865,-1,0.009225688532110761,sideways,1,2025-09-11 12:47:24.097684,2025-09-13T15:30:02.412607
2025-09-10 18:00:00+00:00,ETH,crypto,1h,yahoo_finance,4366.375,4369.65185546875,4330.8115234375,4344.11181640625,1174618112,0.0,0.0,ETH-USD,ETH,Ethereum,-0.0049593544764096,-21.6513671875,38.84033203125,22.26318359375,4366.479931640625,4339.4578125,4325.414736328125,0.004831262829261,0.4521814244332712,57.31183716131591,2.4628026323733625,761416396.8,1.5426750946480274,4450.41796875,4286.56298828125,0.3512180585562094,18,2,10,9,-69.17252861073514,-9.678960455999201,20.06984355263732,normal,-0.016435632311997406,0.002934601957972127,0.006481968775411628,0.0012655455587398112,4450.41796875,4286.56298828125,0.35121805855620947,-0.10251370771888535,572332564.48,2.0523349271017177,1,0.009493932447125361,sideways,1,2025-09-11 12:47:24.097684,2025-09-13T15:30:02.412607
2025-09-10 19:00:00+00:00,ETH,crypto,1h,yahoo_finance,4343.07421875,4343.07421875,4301.83154296875,4325.28173828125,1880207360,0.0,0.0,ETH-USD,ETH,Ethereum,-0.0043346209583936,-18.830078125,41.24267578125,17.79248046875,4366.57138671875,4340.26533203125,4325.6950390625,0.0049735637602007,0.4655000618008638,54.44443017821376,0.6006967207398213,855426764.8,2.1979758377557843,4450.41796875,4286.56298828125,0.2362988899649854,19,2,10,9,-82.83845984769145,-64.96510305971165,19.072336194080176,normal,-0.01713826739740354,0.00021148777187418588,0.003747945774218442,0.003250816526556344,4450.41796875,4286.56298828125,0.23629888996498546,inf,609936711.68,3.0826269742334196,1,0.009449660063208928,sideways,1,2025-09-11 12:47:24.097684,2025-09-13T15:30:02.412607
2025-09-10 20:00:00+00:00,ETH,crypto,1h,yahoo_finance,4323.3291015625,4334.89306640625,4322.9560546875,4329.47998046875,293236736,0.0,0.0,ETH-USD,ETH,Ethereum,0.0009706286067663,4.1982421875,11.93701171875,6.15087890625,4366.7697265625,4342.411181640625,4325.66490234375,0.0049532750841656,0.4636011457713266,53.49543873752643,-0.8440402147984358,781979443.2,0.3749928959769361,4450.41796875,4286.72314453125,0.2611984596431884,20,2,10,9,-81.3923530668244,-57.92265589299476,18.14607936113426,normal,-0.017410461237039265,0.00045832466875550537,0.01001198216492516,-0.0003479197701068415,4450.41796875,4286.72314453125,0.26119845964318844,-0.7248960064557655,613224857.6,0.4781879474808817,-1,0.00950254472936132,sideways,1,2025-09-11 12:47:24.097684,2025-09-13T15:30:02.412607
2025-09-10 21:00:00+00:00,ETH,crypto,1h,yahoo_finance,4332.87548828125,4349.57470703125,4332.87548828125,4349.57470703125,97247232,0.0,0.0,ETH-USD,ETH,Ethereum,0.0046413718629376,20.0947265625,16.69921875,16.69921875,4368.73515625,4344.71533203125,4326.85908203125,0.0050357808826498,0.471323265391201,54.819560935855215,-0.6683661354080821,786841804.8,0.1235918470609455,4450.41796875,4296.7353515625,0.3438212885474452,21,2,10,9,-67.86842148502325,-29.674671294311555,16.96917346452636,normal,-0.007653317559039419,0.004539182020274257,0.010708283188013645,0.013918613829718929,4450.41796875,4296.7353515625,0.3438212885474452,-0.9422749392466955,597519564.8,0.1627515444327757,-1,0.009678169181116676,sideways,1,2025-09-11 12:47:24.097684,2025-09-13T15:30:02.412607
2025-09-10 22:00:00+00:00,ETH,crypto,1h,yahoo_finance,4351.35693359375,4353.60595703125,4339.36669921875,4346.98583984375,192348160,0.0,0.0,ETH-USD,ETH,Ethereum,-0.0005952000740014,-2.5888671875,14.2392578125,4.37109375,4366.791650390625,4346.235668945313,4327.87072265625,0.0050394420334972,0.4716659303348667,53.40794553778872,0.9779294078005224,794297139.2,0.2421614664176295,4450.41796875,4296.7353515625,0.32697574521354,22,2,10,9,-69.61075237015494,-27.383749716424305,16.0252749732329,normal,-0.004301044962897627,-0.004451027293476129,0.0070441749278367105,0.011773109210271304,4450.41796875,4296.7353515625,0.32697574521354,-0.43295296745758616,562625290.24,0.34187613556786567,-1,0.00899308926457197,sideways,1,2025-09-11 12:47:24.097684,2025-09-13T15:30:02.412607
2025-09-10 23:00:00+00:00,ETH,crypto,1h,yahoo_finance,4346.732421875,4354.767578125,4343.98583984375,4347.66748046875,137986048,0.0,0.0,ETH-USD,ETH,Ethereum,0.0001568076478999,0.681640625,10.78173828125,0.93505859375,4359.8880859375,4347.6927490234375,4328.422568359375,0.0050103980302685,0.4689475605803436,55.240632667002,-0.2826235093696763,666163097.6,0.2071355325702148,4450.41796875,4296.7353515625,0.3314111240317466,23,2,10,9,-69.15200210315308,-28.198516772262774,15.193741768359569,normal,0.0008185019660569282,-0.01563058294330122,0.00674804374910476,0.006386991871389025,4450.41796875,4296.7353515625,0.33141112403174666,-0.8825268854699901,565385011.2,0.24405678478658613,-1,0.007269511486271532,sideways,1,2025-09-11 12:47:24.097684,2025-09-13T15:30:02.412607
2025-09-11 00:00:00+00:00,ETH,crypto,1h,yahoo_finance,4348.68017578125,4359.1279296875,4340.28759765625,4359.1279296875,0,0.0,0.0,ETH-USD,ETH,Ethereum,0.0026359994802349,11.46044921875,18.84033203125,10.44775390625,4355.7306640625,4350.028466796875,4329.39861328125,0.0050459731096513,0.4722772055692791,56.857439858068645,-1.0,666163097.6,0.0,4450.41796875,4296.7353515625,0.4059833133169389,0,3,11,9,-61.43901677593204,-24.247222264755447,14.597451256101976,normal,0.007825199248107095,-0.009447178506448384,0.01083253140376561,0.011322171380112822,4450.41796875,4296.7353515625,0.40598331331693893,-1.0,559329157.12,0.0,-1,0.006082149770287246,sideways,1,2025-09-11 12:47:24.097684,2025-09-13T15:30:02.412607
2025-09-11 01:00:00+00:00,ETH,crypto,1h,yahoo_finance,4358.53955078125,4379.5546875,4357.07080078125,4366.70751953125,0,0.0,0.0,ETH-USD,ETH,Ethereum,0.0017387858227628,7.57958984375,22.48388671875,8.16796875,4351.78203125,4353.1138671875,4330.5561328125,0.0050562984412918,0.4732436036589553,57.80078691240423,,651505766.4,0.0,4450.41796875,4299.357421875,0.4458483637821134,1,3,11,9,-56.337884688059674,8.591443707427707,14.808700894420388,normal,0.008598616746223975,-0.008961550374367633,0.014334033637988464,0.013431942276078024,4450.41796875,4299.357421875,0.44584836378211345,-1.0,559329157.12,0.0,-1,0.004901425541322823,sideways,1,2025-09-11 12:47:24.097684,2025-09-13T15:30:02.412607
2025-09-11 02:00:00+00:00,ETH,crypto,1h,yahoo_finance,4366.40673828125,4383.68994140625,4364.12109375,4381.38525390625,1785667584,0.0,0.0,ETH-USD,ETH,Ethereum,0.0033612817687811,14.677734375,19.56884765625,14.978515625,4351.608544921875,4356.4904296875,4332.15541015625,0.0046160990199971,0.4320431953205413,53.49686335453336,inf,740789145.6,2.410493720927436,4450.41796875,4301.83154296875,0.5354036246528976,2,3,11,9,-46.45963753471024,29.177598862373703,15.148850522446685,normal,0.007313484424943173,-0.0003958055528633375,0.015654505214791614,0.018590103130653457,4450.41796875,4301.83154296875,0.5354036246528976,17.36214303765479,594754396.16,3.002361303302788,1,0.00449040556578834,sideways,1,2025-09-11 12:47:24.097684,2025-09-13T15:30:02.412607
2025-09-11 03:00:00+00:00,ETH,crypto,1h,yahoo_finance,4378.48583984375,4406.06103515625,4375.12451171875,4406.06103515625,0,0.0,0.0,ETH-USD,ETH,Ethereum,0.0056319588029836,24.67578125,30.9365234375,27.5751953125,4355.638330078125,4360.423583984375,4334.541767578125,0.0036861146721462,0.3450014296428612,47.17509364509481,-1.0,683756953.6,0.0,4450.41796875,4301.83154296875,0.7014738502489278,3,3,11,9,-29.85261497510721,86.3269634230594,16.181031304290308,normal,0.013589921267059601,0.009230425441750123,0.018177918199481002,0.027834154398154842,4450.41796875,4301.83154296875,0.7014738502489278,-1.0,594754396.16,0.0,-1,0.004867080220059401,sideways,1,2025-09-11 12:47:24.097684,2025-09-13T15:30:02.412607
2025-09-11 04:00:00+00:00,ETH,crypto,1h,yahoo_finance,4405.173828125,4417.4814453125,4398.5205078125,4411.42431640625,1198264320,0.0,0.0,ETH-USD,ETH,Ethereum,0.001217250784137,5.36328125,18.9609375,6.25048828125,4362.369580078125,4364.424755859375,4336.95171875,0.0035618385657121,0.333369823411453,53.01652018385676,inf,658773196.8,1.8189330194679836,4450.41796875,4301.83154296875,0.7375692150966957,4,3,11,9,-9.420515034969268,129.07561354004042,17.462080778283514,normal,0.01466460722304963,0.015495112198950167,0.018475186143520173,0.02808194252543683,4450.41796875,4301.83154296875,0.7375692150966957,7.683952742816434,612498513.92,1.9563546568155568,1,0.005860766496024434,sideways,1,2025-09-11 12:47:24.097684,2025-09-13T15:30:02.412607
2025-09-11 05:00:00+00:00,ETH,crypto,1h,yahoo_finance,4411.5595703125,4422.005859375,4400.75830078125,4420.53759765625,988450816,0.0,0.0,ETH-USD,ETH,Ethereum,0.0020658364728387,9.11328125,21.24755859375,8.97802734375,4371.895166015625,4369.233276367188,4339.221435546875,0.0035873240127879,0.3357551305595694,53.95480834473177,-0.1750978481942948,708195737.6,1.3957311002036734,4450.41796875,4301.83154296875,0.7989024169829612,5,3,11,9,-1.2217766346900052,141.45700861902716,18.776999296235125,normal,0.014087603979347385,0.02202304153552137,0.022239186911379827,0.026348845155598433,4450.41796875,4301.83154296875,0.7989024169829612,inf,632267530.24,1.5633426812615188,1,0.0075298601267700625,sideways,1,2025-09-11 12:47:24.097684,2025-09-13T15:30:02.412607
2025-09-11 06:00:00+00:00,ETH,crypto,1h,yahoo_finance,4420.6240234375,4441.52685546875,4408.74853515625,4441.52685546875,0,0.0,0.0,ETH-USD,ETH,Ethereum,0.004748123355772,20.9892578125,32.7783203125,20.90283203125,4383.099853515625,4374.934790039062,4341.751240234375,0.0034029485565061,0.3184985333926514,66.29095653547682,-1.0,708195737.6,0.0,4450.41796875,4301.83154296875,0.9401620085111976,6,3,11,9,-0.0,156.81681665868751,20.502558959800158,normal,0.01713403877013775,0.02587998454906093,0.026350170653162364,0.0293138263894821,4450.41796875,4301.83154296875,0.9401620085111977,,630950912.0,0.0,-1,0.009523487411733514,sideways,1,2025-09-11 12:47:24.097684,2025-09-13T15:30:02.412607
2025-09-11 07:00:00+00:00,ETH,crypto,1h,yahoo_finance,4438.130859375,4445.86083984375,4427.876953125,4444.26416015625,2226806784,0.0,0.0,ETH-USD,ETH,Ethereum,0.000616298128228,2.7373046875,17.98388671875,6.13330078125,4392.568798828125,4380.651977539063,4344.26033203125,0.0031013184669579,0.2902675038742881,73.83995776811611,inf,795138662.4,2.80052636011779,4450.41796875,4301.83154296875,0.9585843150786216,7,3,11,9,-1.1085797974044995,136.46662010564788,22.209459770245797,normal,0.01435137578781509,0.02176981877605888,0.02640781796630609,0.029048418968533607,4450.41796875,4301.83154296875,0.9585843150786217,0.2470444129426499,673355448.32,3.307030171888875,1,0.011120067193184868,sideways,1,2025-09-11 12:47:24.097684,2025-09-13T15:30:02.412607
2025-09-11 08:00:00+00:00,ETH,crypto,1h,yahoo_finance,4441.5888671875,4441.5888671875,4429.8740234375,4432.72216796875,0,0.0,0.0,ETH-USD,ETH,Ethereum,-0.0025970535889779,-11.5419921875,11.71484375,8.86669921875,4401.142431640625,4383.967041015625,4345.483544921875,0.0027838554748483,0.2605545958727742,78.67050890729962,-1.0,718670233.6,0.0,4450.41796875,4301.83154296875,0.8809056702978919,8,3,11,9,-9.122221770201918,104.3495016043745,23.794439094231034,low,0.006051013047656095,0.0197231671056195,0.015184351457042444,0.013990571607729985,4450.41796875,4301.83154296875,0.8809056702978919,,642690416.64,0.0,-1,0.012808444939066022,sideways,1,2025-09-11 12:47:24.097684,2025-09-13T15:30:02.412607
2025-09-11 09:00:00+00:00,ETH,crypto,1h,yahoo_finance,4432.56396484375,4433.66650390625,4407.91552734375,4416.8271484375,0,0.0,0.0,ETH-USD,ETH,Ethereum,-0.0035858370836117,-15.89501953125,25.7509765625,15.73681640625,4408.0583984375,4383.9732421875,4346.649580078125,0.0026690589480226,0.2498102296781584,80.19364127406425,,653230899.2,0.0,4450.41796875,4301.83154296875,0.773930760256979,9,3,11,9,-23.622913761526206,64.66617505891118,23.914764328100862,low,0.0012247364215580703,0.015907303923181626,2.8080546504938297e-05,0.013376486904929985,4450.41796875,4301.83154296875,0.773930760256979,-1.0,627180544.0,0.0,-1,0.014127851170894516,sideways,1,2025-09-11 12:47:24.097684,2025-09-13T15:30:02.412607
2025-09-11 10:00:00+00:00,ETH,crypto,1h,yahoo_finance,4416.59228515625,4429.10986328125,4415.89208984375,4429.10986328125,76451840,0.0,0.0,ETH-USD,ETH,Ethereum,0.0027808909950426,12.28271484375,13.2177734375,12.517578125,4415.056591796875,4385.393627929688,4348.079599609375,0.0026852179332853,0.2513226278298837,81.19641131646219,inf,657053491.2,0.1163555799092906,4445.86083984375,4301.83154296875,0.8836974356888111,10,3,11,9,-14.825794964432959,66.0544874904435,24.026494902408558,low,0.001939190751266251,0.01605411328195805,0.006455268701572203,0.0164083052016033,4445.86083984375,4301.83154296875,0.8836974356888111,-0.9226548870591453,606517616.64,0.12605048543112338,-1,0.015403810039153266,sideways,1,2025-09-11 12:47:24.097684,2025-09-13T15:30:02.412607
2025-09-11 11:00:00+00:00,ETH,crypto,1h,yahoo_finance,4428.95703125,4437.67041015625,4425.1298828125,4431.28466796875,1772118016,0.0,0.0,ETH-USD,ETH,Ethereum,0.0004910252295906,2.1748046875,12.54052734375,2.32763671875,4421.514306640625,4386.648168945312,4349.5580859375,0.0025530011274288,0.2389478128551894,78.81947314761236,22.179533886954196,692363776.0,2.559518677071864,4445.86083984375,4301.83154296875,0.8987971739690547,11,3,11,9,-13.687299403943145,71.52607444181689,24.42794849766684,low,-0.0023060059824673296,0.014788521591762693,0.005694443136188054,0.016965389695103195,4445.86083984375,4301.83154296875,0.8987971739690547,inf,641959976.96,2.7604805277610307,1,0.016543340560450415,sideways,1,2025-09-11 12:47:24.097684,2025-09-13T15:30:02.412607
2025-09-11 12:00:00+00:00,ETH,crypto,1h,yahoo_finance,4431.23486328125,4468.26220703125,4390.365234375,4414.10009765625,8405831680,0.0,0.0,ETH-USD,ETH,Ethereum,-0.0038780109155969,-17.1845703125,77.89697265625,17.134765625,4424.785791015625,4388.19716796875,4350.875166015625,0.0028742952426442,0.2690192943320888,71.4618075073387,3.743381424998729,1028422246.4,8.173521828630875,4468.26220703125,4301.83154296875,0.6745665248643098,12,3,11,9,-42.322543229095125,49.06956069949003,22.98077813644236,low,-0.006787189377811309,0.007466780904699766,0.0070680199584922665,0.015144957871843001,4468.26220703125,4301.83154296875,0.6745665248643098,2.7748365688470975,810076610.56,10.376588547827732,1,0.016987530595525022,sideways,1,2025-09-11 12:47:24.097684,2025-09-13T15:30:02.412607
