ds,trend,yhat_lower,yhat_upper,trend_lower,trend_upper,day_cos,day_cos_lower,day_cos_upper,day_sin,day_sin_lower,day_sin_upper,extra_regressors_multiplicative,extra_regressors_multiplicative_lower,extra_regressors_multiplicative_upper,hour_cos,hour_cos_lower,hour_cos_upper,hour_sin,hour_sin_lower,hour_sin_upper,market_session,market_session_lower,market_session_upper,momentum_lag_10,momentum_lag_10_lower,momentum_lag_10_upper,momentum_lag_20,momentum_lag_20_lower,momentum_lag_20_upper,multiplicative_terms,multiplicative_terms_lower,multiplicative_terms_upper,return_regime,return_regime_lower,return_regime_upper,returns_lag_1,returns_lag_1_lower,returns_lag_1_upper,returns_lag_2,returns_lag_2_lower,returns_lag_2_upper,returns_lag_5,returns_lag_5_lower,returns_lag_5_upper,volatility_lag_20,volatility_lag_20_lower,volatility_lag_20_upper,volatility_lag_5,volatility_lag_5_lower,volatility_lag_5_upper,volatility_regime,volatility_regime_lower,volatility_regime_upper,weekly,weekly_lower,weekly_upper,additive_terms,additive_terms_lower,additive_terms_upper,yhat
2025-02-20 00:00:00,1.2607049824073315,1.255909564175,1.2658763484055722,1.2607049824073315,1.2607049824073315,0.001915682841023112,0.001915682841023112,0.001915682841023112,-2.3038180804481008e-05,-2.3038180804481008e-05,-2.3038180804481008e-05,-0.0006694954345883432,-0.0006694954345883432,-0.0006694954345883432,-0.0006236898176348905,-0.0006236898176348905,-0.0006236898176348905,-0.0006236898176348831,-0.0006236898176348831,-0.0006236898176348831,-0.0006236898176348831,-0.0006236898176348831,-0.0006236898176348831,0.000622855399216176,0.000622855399216176,0.000622855399216176,-0.00039444410487356,-0.00039444410487356,-0.00039444410487356,0.0005127855654524962,0.0005127855654524962,0.0005127855654524962,-1.602055375945593e-05,-1.602055375945593e-05,-1.602055375945593e-05,-1.536475020018784e-05,-1.536475020018784e-05,-1.536475020018784e-05,0.0007250273690083975,0.0007250273690083975,0.0007250273690083975,-6.057597307423451e-05,-6.057597307423451e-05,-6.057597307423451e-05,-0.0003104314785426771,-0.0003104314785426771,-0.0003104314785426771,0.00017857199679972583,0.00017857199679972583,0.00017857199679972583,-0.0014206885464765014,-0.0014206885464765014,-0.0014206885464765014,0.0011822810000408394,0.0011822810000408394,0.0011822810000408394,0.0,0.0,0.0,1.261351453724604
2025-02-21 00:00:00,1.2609126001064788,1.2571261817244554,1.2672210402667567,1.2609126001064788,1.2609126001064788,0.001915682841023112,0.001915682841023112,0.001915682841023112,0.0001261903045712298,0.0001261903045712298,0.0001261903045712298,-0.0019598809086362624,-0.0019598809086362624,-0.0019598809086362624,-0.0006236898176348905,-0.0006236898176348905,-0.0006236898176348905,-0.0006236898176348831,-0.0006236898176348831,-0.0006236898176348831,-0.0006236898176348831,-0.0006236898176348831,-0.0006236898176348831,-2.839712862873511e-06,-2.839712862873511e-06,-2.839712862873511e-06,-0.00032682029918420087,-0.00032682029918420087,-0.00032682029918420087,0.00039990247236015635,0.00039990247236015635,0.00039990247236015635,-1.602055375945593e-05,-1.602055375945593e-05,-1.602055375945593e-05,-0.0005797565454409736,-0.0005797565454409736,-0.0005797565454409736,-5.571029553465842e-05,-5.571029553465842e-05,-5.571029553465842e-05,0.000634098277014137,0.000634098277014137,0.000634098277014137,-0.00037009363504324905,-0.00037009363504324905,-0.00037009363504324905,7.146709961828268e-06,7.146709961828268e-06,7.146709961828268e-06,-0.0014206885464765014,-0.0014206885464765014,-0.0014206885464765014,0.0023597833809964187,0.0023597833809964187,0.0023597833809964187,0.0,0.0,0.0,1.2614168421726915
2025-02-24 00:00:00,1.2615354532039205,1.2567840187381443,1.2688538319586378,1.2615354532039205,1.2615354532039205,-0.0015653892524081555,-0.0015653892524081555,-0.0015653892524081555,5.1576061883374404e-05,5.1576061883374404e-05,5.1576061883374404e-05,-0.0024533274429238226,-0.0024533274429238226,-0.0024533274429238226,-0.0006236898176348905,-0.0006236898176348905,-0.0006236898176348905,-0.0006236898176348831,-0.0006236898176348831,-0.0006236898176348831,-0.0006236898176348831,-0.0006236898176348831,-0.0006236898176348831,0.0014152058604322915,0.0014152058604322915,0.0014152058604322915,-0.0004822156877172157,-0.0004822156877172157,-0.0004822156877172157,0.0009593287843573947,0.0009593287843573947,0.0009593287843573947,0.001826343128577976,0.001826343128577976,0.001826343128577976,0.0009949464665125146,0.0009949464665125146,0.0009949464665125146,-0.0011377225894642056,-0.0011377225894642056,-0.0011377225894642056,7.048925247048089e-05,7.048925247048089e-05,7.048925247048089e-05,-0.0005122865983631653,-0.0005122865983631653,-0.0005122865983631653,0.0001774839145334401,0.0001774839145334401,0.0001774839145334401,-0.0014206885464765014,-0.0014206885464765014,-0.0014206885464765014,0.0034126562272812173,0.0034126562272812173,0.0034126562272812173,0.0,0.0,0.0,1.2627456804766664
2025-02-25 00:00:00,1.2617430709030677,1.2605909483348774,1.271920797465452,1.2617430709030677,1.2617430709030677,-0.0008759202317565673,-0.0008759202317565673,-0.0008759202317565673,-8.287415764437244e-05,-8.287415764437244e-05,-8.287415764437244e-05,-0.001066288666044787,-0.001066288666044787,-0.001066288666044787,-0.0006236898176348905,-0.0006236898176348905,-0.0006236898176348905,-0.0006236898176348831,-0.0006236898176348831,-0.0006236898176348831,-0.0006236898176348831,-0.0006236898176348831,-0.0006236898176348831,0.001656817024837094,0.001656817024837094,0.001656817024837094,-4.7482604811212164e-05,-4.7482604811212164e-05,-4.7482604811212164e-05,0.0030624126718751653,0.0030624126718751653,0.0030624126718751653,-1.602055375945593e-05,-1.602055375945593e-05,-1.602055375945593e-05,-0.00031926144094040994,-0.00031926144094040994,-0.00031926144094040994,0.0018811873815686836,0.0018811873815686836,0.0018811873815686836,0.0001707113169019102,0.0001707113169019102,0.0001707113169019102,-0.00025841913097457913,-0.00025841913097457913,-0.00025841913097457913,0.00011673172991528042,0.00011673172991528042,0.00011673172991528042,-0.0014206885464765014,-0.0014206885464765014,-0.0014206885464765014,0.004128701337919953,0.004128701337919953,0.004128701337919953,0.0,0.0,0.0,1.265607048872052
2025-02-26 00:00:00,1.261950688602215,1.2584709740488442,1.2706808635746338,1.261950688602215,1.261950688602215,0.0006733025950426092,0.0006733025950426092,0.0006733025950426092,-0.00011608061958306182,-0.00011608061958306182,-0.00011608061958306182,-0.0023770281904055717,-0.0023770281904055717,-0.0023770281904055717,-0.0006236898176348905,-0.0006236898176348905,-0.0006236898176348905,-0.0006236898176348831,-0.0006236898176348831,-0.0006236898176348831,-0.0006236898176348831,-0.0006236898176348831,-0.0006236898176348831,0.0016522525543485507,0.0016522525543485507,0.0016522525543485507,6.537751527778337e-05,6.537751527778337e-05,6.537751527778337e-05,0.001983519404999503,0.001983519404999503,0.001983519404999503,-1.602055375945593e-05,-1.602055375945593e-05,-1.602055375945593e-05,-0.00046169511352973366,-0.00046169511352973366,-0.00046169511352973366,-0.0006383196783041968,-0.0006383196783041968,-0.0006383196783041968,-2.8961498808606232e-05,-2.8961498808606232e-05,-2.8961498808606232e-05,-0.00031152010485336056,-0.00031152010485336056,-0.00031152010485336056,9.639471314505826e-05,9.639471314505826e-05,9.639471314505826e-05,-0.0014206885464765014,-0.0014206885464765014,-0.0014206885464765014,0.004360547595405075,0.004360547595405075,0.004360547595405075,0.0,0.0,0.0,1.26445379228121
2025-02-27 00:00:00,1.263587247224045,1.2603075481975967,1.2706440914595212,1.263587247224045,1.263587247224045,0.001915682841023112,0.001915682841023112,0.001915682841023112,-2.3038180804481008e-05,-2.3038180804481008e-05,-2.3038180804481008e-05,0.0006024024974475093,0.0006024024974475093,0.0006024024974475093,-0.0006236898176348905,-0.0006236898176348905,-0.0006236898176348905,-0.0006236898176348831,-0.0006236898176348831,-0.0006236898176348831,-0.0006236898176348831,-0.0006236898176348831,-0.0006236898176348831,0.0013177737377922242,0.0013177737377922242,0.0013177737377922242,-0.0001917322620793379,-0.0001917322620793379,-0.0001917322620793379,0.001784683497445513,0.001784683497445513,0.001784683497445513,0.001826343128577976,0.001826343128577976,0.001826343128577976,0.0006277783352464806,0.0006277783352464806,0.0006277783352464806,-0.000911383507563859,-0.000911383507563859,-0.000911383507563859,-0.0003056849760712983,-0.0003056849760712983,-0.0003056849760712983,-0.0003547692112838692,-0.0003547692112838692,-0.0003547692112838692,-6.809408008279226e-06,-6.809408008279226e-06,-6.809408008279226e-06,-0.0014206885464765014,-0.0014206885464765014,-0.0014206885464765014,0.0011822809999980034,0.0011822809999980034,0.0011822809999980034,0.0,0.0,0.0,1.2658423505317484
2025-02-28 00:00:00,1.2652238058458751,1.26429856648226,1.275418119148528,1.2652238058458751,1.2652238058458751,0.001915682841023112,0.001915682841023112,0.001915682841023112,0.0001261903045712298,0.0001261903045712298,0.0001261903045712298,0.0013917836126759813,0.0013917836126759813,0.0013917836126759813,-0.0006236898176348905,-0.0006236898176348905,-0.0006236898176348905,-0.0006236898176348831,-0.0006236898176348831,-0.0006236898176348831,-0.0006236898176348831,-0.0006236898176348831,-0.0006236898176348831,0.0013988380924534044,0.0013988380924534044,0.0013988380924534044,-0.0001714634247022462,-0.0001714634247022462,-0.0001714634247022462,0.003751566993664705,0.003751566993664705,0.003751566993664705,-1.602055375945593e-05,-1.602055375945593e-05,-1.602055375945593e-05,2.814363471398531e-05,2.814363471398531e-05,2.814363471398531e-05,0.0011772784386693716,0.0011772784386693716,0.0011772784386693716,0.0004663979932388724,0.0004663979932388724,0.0004663979932388724,-0.00035511436520512717,-0.00035511436520512717,-0.00035511436520512717,0.00011360865105399354,0.00011360865105399354,0.00011360865105399354,-0.0014206885464765014,-0.0014206885464765014,-0.0014206885464765014,0.0023597833809887235,0.0023597833809887235,0.0023597833809887235,0.0,0.0,0.0,1.2699703777154854
2025-03-03 00:00:00,1.2701334817113654,1.2551799286891578,1.2674191101745582,1.2701334817113654,1.2701334817113654,-0.0015653892524081555,-0.0015653892524081555,-0.0015653892524081555,5.1576061883374404e-05,5.1576061883374404e-05,5.1576061883374404e-05,-0.009931045146259924,-0.009931045146259924,-0.009931045146259924,-0.0006236898176348905,-0.0006236898176348905,-0.0006236898176348905,-0.0006236898176348831,-0.0006236898176348831,-0.0006236898176348831,-0.0006236898176348831,-0.0006236898176348831,-0.0006236898176348831,-0.0004219366939270387,-0.0004219366939270387,-0.0004219366939270387,2.2062841470171564e-06,2.2062841470171564e-06,2.2062841470171564e-06,-0.006518388919041287,-0.006518388919041287,-0.006518388919041287,-0.0018583842360968877,-0.0018583842360968877,-0.0018583842360968877,-0.001088517106002485,-0.001088517106002485,-0.001088517106002485,2.7700922989646947e-05,2.7700922989646947e-05,2.7700922989646947e-05,-0.00017796322012948704,-0.00017796322012948704,-0.00017796322012948704,-0.0005755755267174,-0.0005755755267174,-0.0005755755267174,9.960693893063971e-05,9.960693893063971e-05,9.960693893063971e-05,-0.002553299866024492,-0.002553299866024492,-0.002553299866024492,0.003412656227218637,0.003412656227218637,0.003412656227218637,0.0,0.0,0.0,1.2618542576984746
2025-03-04 00:00:00,1.2720590268410643,1.265303481187776,1.2743243205155284,1.2720590268410643,1.2720590268410643,-0.0008759202317565673,-0.0008759202317565673,-0.0008759202317565673,-8.287415764437244e-05,-8.287415764437244e-05,-8.287415764437244e-05,-0.006238306257608151,-0.006238306257608151,-0.006238306257608151,-0.0006236898176348905,-0.0006236898176348905,-0.0006236898176348905,-0.0006236898176348831,-0.0006236898176348831,-0.0006236898176348831,-0.0006236898176348831,-0.0006236898176348831,-0.0006236898176348831,-0.0005669345512691901,-0.0005669345512691901,-0.0005669345512691901,-0.0004698216555962562,-0.0004698216555962562,-0.0004698216555962562,-0.002109604919685009,-0.002109604919685009,-0.002109604919685009,-1.602055375945593e-05,-1.602055375945593e-05,-1.602055375945593e-05,-5.684875216789623e-06,-5.684875216789623e-06,-5.684875216789623e-06,-0.0021130825890885627,-0.0021130825890885627,-0.0021130825890885627,-0.00024779899997351895,-0.00024779899997351895,-0.00024779899997351895,0.00013676899724879141,0.00013676899724879141,0.00013676899724879141,9.142083180918928e-05,9.142083180918928e-05,9.142083180918928e-05,-0.00021728901945676176,-0.00021728901945676176,-0.00021728901945676176,0.004128701337923141,0.004128701337923141,0.004128701337923141,0.0,0.0,0.0,1.2693754848599106
2025-03-05 00:00:00,1.2739845719707632,1.2780526657802649,1.2889974218853657,1.2739845719707632,1.2739845719707632,0.0006733025950426092,0.0006733025950426092,0.0006733025950426092,-0.00011608061958306182,-0.00011608061958306182,-0.00011608061958306182,0.0027379383669239397,0.0027379383669239397,0.0027379383669239397,-0.0006236898176348905,-0.0006236898176348905,-0.0006236898176348905,-0.0006236898176348831,-0.0006236898176348831,-0.0006236898176348831,-0.0006236898176348831,-0.0006236898176348831,-0.0006236898176348831,-1.1545825006525935e-05,-1.1545825006525935e-05,-1.1545825006525935e-05,-0.0003139638872887492,-0.0003139638872887492,-0.0003139638872887492,0.007098485962281324,0.007098485962281324,0.007098485962281324,0.001826343128577976,0.001826343128577976,0.001826343128577976,0.0011317246427460534,0.0011317246427460534,0.0011317246427460534,-3.7152719354321606e-05,-3.7152719354321606e-05,-3.7152719354321606e-05,0.00028637404023184075,0.00028637404023184075,0.00028637404023184075,0.0004957908122211135,0.0004957908122211135,0.0004957908122211135,-0.0001703184403778172,-0.0001703184403778172,-0.0001703184403778172,0.0008445340926194793,0.0008445340926194793,0.0008445340926194793,0.004360547595357383,0.004360547595357383,0.004360547595357383,0.0,0.0,0.0,1.2830279335710606
2025-03-06 00:00:00,1.275910117100462,1.2782220203135208,1.290913506194602,1.275910117100462,1.275910117100462,0.001915682841023112,0.001915682841023112,0.001915682841023112,-2.3038180804481008e-05,-2.3038180804481008e-05,-2.3038180804481008e-05,0.005827494429859986,0.005827494429859986,0.005827494429859986,-0.0006236898176348905,-0.0006236898176348905,-0.0006236898176348905,-0.0006236898176348831,-0.0006236898176348831,-0.0006236898176348831,-0.0006236898176348831,-0.0006236898176348831,-0.0006236898176348831,0.0007995196681244932,0.0007995196681244932,0.0007995196681244932,-0.0004670239759869538,-0.0004670239759869538,-0.0004670239759869538,0.00700977542986958,0.00700977542986958,0.00700977542986958,0.001826343128577976,0.001826343128577976,0.001826343128577976,0.0010650746817609197,0.0010650746817609197,0.0010650746817609197,0.00214340889058763,0.00214340889058763,0.00214340889058763,-7.629169626894574e-06,-7.629169626894574e-06,-7.629169626894574e-06,0.00030964765327804356,0.00030964765327804356,0.00030964765327804356,-0.0002832265019581845,-0.0002832265019581845,-0.0002832265019581845,0.00041980484778898297,0.00041980484778898297,0.00041980484778898297,0.0011822810000095948,0.0011822810000095948,0.0011822810000095948,0.0,0.0,0.0,1.284853960490035
2025-03-07 00:00:00,1.2778356622301608,1.2812629219605272,1.2923403258405068,1.2778356622301608,1.2778356622301608,0.001915682841023112,0.001915682841023112,0.001915682841023112,0.0001261903045712298,0.0001261903045712298,0.0001261903045712298,0.005437098218456824,0.005437098218456824,0.005437098218456824,-0.0006236898176348905,-0.0006236898176348905,-0.0006236898176348905,-0.0006236898176348831,-0.0006236898176348831,-0.0006236898176348831,-0.0006236898176348831,-0.0006236898176348831,-0.0006236898176348831,0.0020722769121209864,0.0020722769121209864,0.0020722769121209864,-0.0007049420781172096,-0.0007049420781172096,-0.0007049420781172096,0.007796881599470141,0.007796881599470141,0.007796881599470141,0.001826343128577976,0.001826343128577976,0.001826343128577976,0.0011157133338401775,0.0011157133338401775,0.0011157133338401775,0.0020156322684184995,0.0020156322684184995,0.0020156322684184995,-0.0005551322440859483,-0.0005551322440859483,-0.0005551322440859483,8.917005583992429e-05,8.917005583992429e-05,8.917005583992429e-05,-0.0003754778313705044,-0.0003754778313705044,-0.0003754778313705044,-0.00021728901945676176,-0.00021728901945676176,-0.00021728901945676176,0.002359783381013317,0.002359783381013317,0.002359783381013317,0.0,0.0,0.0,1.28779879559215
2025-03-10 00:00:00,1.2836122957353913,1.2831992752512917,1.2927436312040825,1.2836122957353913,1.2836122957353913,-0.0015653892524081555,-0.0015653892524081555,-0.0015653892524081555,5.1576061883374404e-05,5.1576061883374404e-05,5.1576061883374404e-05,-0.0002460823962641671,-0.0002460823962641671,-0.0002460823962641671,-0.0006236898176348905,-0.0006236898176348905,-0.0006236898176348905,-0.0006236898176348831,-0.0006236898176348831,-0.0006236898176348831,-0.0006236898176348831,-0.0006236898176348831,-0.0006236898176348831,0.0012144372941318216,0.0012144372941318216,0.0012144372941318216,-0.0009109240559120026,-0.0009109240559120026,-0.0009109240559120026,0.0031665738309737527,0.0031665738309737527,0.0031665738309737527,-1.602055375945593e-05,-1.602055375945593e-05,-1.602055375945593e-05,-0.0001478018780089372,-0.0001478018780089372,-0.0001478018780089372,0.00211271313415717,0.00211271313415717,0.00211271313415717,-2.4215418714136915e-05,-2.4215418714136915e-05,-2.4215418714136915e-05,0.00034309946092428813,0.00034309946092428813,0.00034309946092428813,7.691920908579108e-05,7.691920908579108e-05,7.691920908579108e-05,0.0004905930552607321,0.0004905930552607321,0.0004905930552607321,0.0034126562272379195,0.0034126562272379195,0.0034126562272379195,0.0,0.0,0.0,1.2876769488401831
2025-03-11 00:00:00,1.2855378402371347,1.2857289527981466,1.2975712692282502,1.2855378402371347,1.2855378402371347,-0.0008759202317565673,-0.0008759202317565673,-0.0008759202317565673,-8.287415764437244e-05,-8.287415764437244e-05,-8.287415764437244e-05,0.0001855186575907789,0.0001855186575907789,0.0001855186575907789,-0.0006236898176348905,-0.0006236898176348905,-0.0006236898176348905,-0.0006236898176348831,-0.0006236898176348831,-0.0006236898176348831,-0.0006236898176348831,-0.0006236898176348831,-0.0006236898176348831,0.001828765601070132,0.001828765601070132,0.001828765601070132,-0.0012256442110798993,-0.0012256442110798993,-0.0012256442110798993,0.004314219995520215,0.004314219995520215,0.004314219995520215,-1.602055375945593e-05,-1.602055375945593e-05,-1.602055375945593e-05,0.0004990997550509919,0.0004990997550509919,0.0004990997550509919,-0.00030960945152903326,-0.00030960945152903326,-0.00030960945152903326,0.0005334608613743781,0.0005334608613743781,0.0005334608613743781,0.0005186798628851609,0.0005186798628851609,0.0005186798628851609,0.0002005401283211231,0.0002005401283211231,0.0002005401283211231,0.0009861105075629779,0.0009861105075629779,0.0009861105075629779,0.004128701337929435,0.004128701337929435,0.004128701337929435,0.0,0.0,0.0,1.2910839332924835
2025-03-12 00:00:00,1.2874633847388783,1.2859515737647667,1.2983254569162335,1.2874633847388783,1.2874633847388783,0.0006733025950426092,0.0006733025950426092,0.0006733025950426092,-0.00011608061958306182,-0.00011608061958306182,-0.00011608061958306182,-0.0011344014758419597,-0.0011344014758419597,-0.0011344014758419597,-0.0006236898176348905,-0.0006236898176348905,-0.0006236898176348905,-0.0006236898176348831,-0.0006236898176348831,-0.0006236898176348831,-0.0006236898176348831,-0.0006236898176348831,-0.0006236898176348831,0.0016113132278940802,0.0016113132278940802,0.0016113132278940802,-0.001144010897244792,-0.001144010897244792,-0.001144010897244792,0.003226146119536835,0.003226146119536835,0.003226146119536835,-0.0018583842360968877,-0.0018583842360968877,-0.0018583842360968877,-0.0007513685376153218,-0.0007513685376153218,-0.0007513685376153218,0.0009305849060720068,0.0009305849060720068,0.0009305849060720068,0.0005007821280569308,0.0005007821280569308,0.0005007821280569308,0.0003904861901687025,0.0003904861901687025,0.0003904861901687025,-0.00013212624983580012,-0.00013212624983580012,-0.00013212624983580012,0.0006321694702042309,0.0006321694702042309,0.0006321694702042309,0.004360547595378795,0.004360547595378795,0.004360547595378795,0.0,0.0,0.0,1.2916169297415994
2025-03-13 00:00:00,1.2893889292406218,1.2892188171014471,1.3017212147424153,1.2893889292406218,1.2893889292406218,0.001915682841023112,0.001915682841023112,0.001915682841023112,-2.3038180804481008e-05,-2.3038180804481008e-05,-2.3038180804481008e-05,0.003685233206173102,0.003685233206173102,0.003685233206173102,-0.0006236898176348905,-0.0006236898176348905,-0.0006236898176348905,-0.0006236898176348831,-0.0006236898176348831,-0.0006236898176348831,-0.0006236898176348831,-0.0006236898176348831,-0.0006236898176348831,0.0017159244937455561,0.0017159244937455561,0.0017159244937455561,-0.0010594909590389103,-0.0010594909590389103,-0.0010594909590389103,0.004867514206157195,0.004867514206157195,0.004867514206157195,0.001826343128577976,0.001826343128577976,0.001826343128577976,0.0007671334645307727,0.0007671334645307727,0.0007671334645307727,-0.0014667250428736618,-0.0014667250428736618,-0.0014667250428736618,0.0005256104547715131,0.0005256104547715131,0.0005256104547715131,0.0004946952785703989,0.0004946952785703989,0.0004946952785703989,-5.5155119515745495e-05,-5.5155119515745495e-05,-5.5155119515745495e-05,0.0009153223000912284,0.0009153223000912284,0.0009153223000912284,0.001182280999984093,0.001182280999984093,0.001182280999984093,0.0,0.0,0.0,1.2956650481709622
2025-03-14 00:00:00,1.2896835580222104,1.292167626215809,1.3041875377042105,1.2896835580222104,1.2896835580222104,0.001915682841023112,0.001915682841023112,0.001915682841023112,0.0001261903045712298,0.0001261903045712298,0.0001261903045712298,0.004165777650389574,0.004165777650389574,0.004165777650389574,-0.0006236898176348905,-0.0006236898176348905,-0.0006236898176348905,-0.0006236898176348831,-0.0006236898176348831,-0.0006236898176348831,-0.0006236898176348831,-0.0006236898176348831,-0.0006236898176348831,0.001818686617234414,0.001818686617234414,0.001818686617234414,-0.0011270820675977498,-0.0011270820675977498,-0.0011270820675977498,0.0065255610313951955,0.0065255610313951955,0.0065255610313951955,-1.602055375945593e-05,-1.602055375945593e-05,-1.602055375945593e-05,0.00016503547793716102,0.00016503547793716102,0.00016503547793716102,0.001444440301012563,0.001444440301012563,0.001444440301012563,-9.389593413342416e-05,-9.389593413342416e-05,-9.389593413342416e-05,0.0005194236219038503,0.0005194236219038503,0.0005194236219038503,0.00015669957259605342,0.00015669957259605342,0.00015669957259605342,0.0011276869225064767,0.0011276869225064767,0.0011276869225064767,0.002359783381005623,0.002359783381005623,0.002359783381005623,0.0,0.0,0.0,1.2980994667912713
2025-03-17 00:00:00,1.290567444366976,1.2915329904579536,1.3034077016942498,1.290567444366976,1.290567444366976,-0.0015653892524081555,-0.0015653892524081555,-0.0015653892524081555,5.1576061883374404e-05,5.1576061883374404e-05,5.1576061883374404e-05,0.0014601728932517927,0.0014601728932517927,0.0014601728932517927,-0.0006236898176348905,-0.0006236898176348905,-0.0006236898176348905,-0.0006236898176348831,-0.0006236898176348831,-0.0006236898176348831,-0.0006236898176348831,-0.0006236898176348831,-0.0006236898176348831,0.002531750608121589,0.002531750608121589,0.002531750608121589,-0.000719788181627339,-0.000719788181627339,-0.000719788181627339,0.0048728291204874,0.0048728291204874,0.0048728291204874,-1.602055375945593e-05,-1.602055375945593e-05,-1.602055375945593e-05,-0.0001386277816620577,-0.0001386277816620577,-0.0001386277816620577,0.0002901403463745326,0.0002901403463745326,0.0002901403463745326,0.00022328243531981282,0.00022328243531981282,0.00022328243531981282,0.0008223040921323811,0.0008223040921323811,0.0008223040921323811,0.00015802198950129573,0.00015802198950129573,0.00015802198950129573,0.001693992582280472,0.001693992582280472,0.001693992582280472,0.003412656227235607,0.003412656227235607,0.003412656227235607,0.0,0.0,0.0,1.2968561589918404
2025-03-18 00:00:00,1.2908620731485643,1.2909801812796033,1.301148041736074,1.2908620731485643,1.2908620731485643,-0.0008759202317565673,-0.0008759202317565673,-0.0008759202317565673,-8.287415764437244e-05,-8.287415764437244e-05,-8.287415764437244e-05,0.00028364436203280434,0.00028364436203280434,0.00028364436203280434,-0.0006236898176348905,-0.0006236898176348905,-0.0006236898176348905,-0.0006236898176348831,-0.0006236898176348831,-0.0006236898176348831,-0.0006236898176348831,-0.0006236898176348831,-0.0006236898176348831,0.0022348168565364166,0.0022348168565364166,0.0022348168565364166,-0.000557294466602189,-0.000557294466602189,-0.000557294466602189,0.004412345699943365,0.004412345699943365,0.004412345699943365,-1.602055375945593e-05,-1.602055375945593e-05,-1.602055375945593e-05,-0.00040123731408862667,-0.00040123731408862667,-0.00040123731408862667,-0.0002920215186130651,-0.0002920215186130651,-0.0002920215186130651,-0.00038982699871392603,-0.00038982699871392603,-0.00038982699871392603,0.000737783736244936,0.000737783736244936,0.000737783736244936,0.00017410408852558837,0.00017410408852558837,0.00017410408852558837,0.0016232043748087225,0.0016232043748087225,0.0016232043748087225,0.004128701337910561,0.004128701337910561,0.004128701337910561,0.0,0.0,0.0,1.2965578028662414
2025-03-19 00:00:00,1.2906628258046626,1.2936599546453356,1.3047578050784534,1.2906628258046626,1.2906628258046626,0.0006733025950426092,0.0006733025950426092,0.0006733025950426092,-0.00011608061958306182,-0.00011608061958306182,-0.00011608061958306182,0.0024428331591852463,0.0024428331591852463,0.0024428331591852463,-0.0006236898176348905,-0.0006236898176348905,-0.0006236898176348905,-0.0006236898176348831,-0.0006236898176348831,-0.0006236898176348831,-0.0006236898176348831,-0.0006236898176348831,-0.0006236898176348831,0.0018269873080371942,0.0018269873080371942,0.0018269873080371942,-0.0006115504611870464,-0.0006115504611870464,-0.0006115504611870464,0.006803380754550901,0.006803380754550901,0.006803380754550901,-1.602055375945593e-05,-1.602055375945593e-05,-1.602055375945593e-05,0.0005884453028539853,0.0005884453028539853,0.0005884453028539853,-0.0007954780624265921,-0.0007954780624265921,-0.0007954780624265921,0.0003547003984020357,0.0003547003984020357,0.0003547003984020357,0.000701983148262845,0.000701983148262845,0.000701983148262845,0.0002967738040539153,0.0002967738040539153,0.0002967738040539153,0.0014108397523934744,0.0014108397523934744,0.0014108397523934744,0.004360547595365655,0.004360547595365655,0.004360547595365655,0.0,0.0,0.0,1.2994436964343563
2025-03-20 00:00:00,1.2904635784607612,1.2930384341096859,1.302713947348542,1.2904635784607612,1.2904635784607612,0.001915682841023112,0.001915682841023112,0.001915682841023112,-2.3038180804481008e-05,-2.3038180804481008e-05,-2.3038180804481008e-05,0.004464515010692399,0.004464515010692399,0.004464515010692399,-0.0006236898176348905,-0.0006236898176348905,-0.0006236898176348905,-0.0006236898176348831,-0.0006236898176348831,-0.0006236898176348831,-0.0006236898176348831,-0.0006236898176348831,-0.0006236898176348831,0.0011124713496811613,0.0011124713496811613,0.0011124713496811613,-0.0006470507337917096,-0.0006470507337917096,-0.0006470507337917096,0.005646796010707842,0.005646796010707842,0.005646796010707842,-1.602055375945593e-05,-1.602055375945593e-05,-1.602055375945593e-05,0.00011325115738293018,0.00011325115738293018,0.00011325115738293018,0.001101871912626497,0.001101871912626497,0.001101871912626497,5.948942987268755e-05,5.948942987268755e-05,5.948942987268755e-05,0.0007093674041690154,0.0007093674041690154,0.0007093674041690154,0.0004571436698603247,0.0004571436698603247,0.0004571436698603247,0.001552416167336973,0.001552416167336973,0.001552416167336973,0.0011822810000154432,0.0011822810000154432,0.0011822810000154432,0.0,0.0,0.0,1.2977505630475772
2025-03-21 00:00:00,1.2902643311168596,1.291783262488597,1.302772877609801,1.2902643311168596,1.2902643311168596,0.001915682841023112,0.001915682841023112,0.001915682841023112,0.0001261903045712298,0.0001261903045712298,0.0001261903045712298,0.003172654761732288,0.003172654761732288,0.003172654761732288,-0.0006236898176348905,-0.0006236898176348905,-0.0006236898176348905,-0.0006236898176348831,-0.0006236898176348831,-0.0006236898176348831,-0.0006236898176348831,-0.0006236898176348831,-0.0006236898176348831,0.0003146019944139845,0.0003146019944139845,0.0003146019944139845,-0.0008216621345181215,-0.0008216621345181215,-0.0008216621345181215,0.005532438142762504,0.005532438142762504,0.005532438142762504,-1.602055375945593e-05,-1.602055375945593e-05,-1.602055375945593e-05,5.2852787700793476e-05,5.2852787700793476e-05,5.2852787700793476e-05,0.00019086308553383993,0.00019086308553383993,0.00019086308553383993,-8.939783925809314e-05,-8.939783925809314e-05,-8.939783925809314e-05,0.0008598531869924958,0.0008598531869924958,0.0008598531869924958,0.00046282692229794044,0.00046282692229794044,0.00046282692229794044,0.002047933619639219,0.002047933619639219,0.002047933619639219,0.0023597833810302163,0.0023597833810302163,0.0023597833810302163,0.0,0.0,0.0,1.2974026387165765
2025-03-24 00:00:00,1.2896665890851549,1.2870305006616223,1.2982513209393802,1.2896665890851549,1.2896665890851549,-0.0015653892524081555,-0.0015653892524081555,-0.0015653892524081555,5.1576061883374404e-05,5.1576061883374404e-05,5.1576061883374404e-05,-0.0011550534159189868,-0.0011550534159189868,-0.0011550534159189868,-0.0006236898176348905,-0.0006236898176348905,-0.0006236898176348905,-0.0006236898176348831,-0.0006236898176348831,-0.0006236898176348831,-0.0006236898176348831,-0.0006236898176348831,-0.0006236898176348831,-7.774617717744818e-06,-7.774617717744818e-06,-7.774617717744818e-06,-0.0003877087446920053,-0.0003877087446920053,-0.0003877087446920053,0.0022576028113359048,0.0022576028113359048,0.0022576028113359048,-1.602055375945593e-05,-1.602055375945593e-05,-1.602055375945593e-05,-0.0005772473502167981,-0.0005772473502167981,-0.0005772473502167981,7.507157495475258e-05,7.507157495475258e-05,7.507157495475258e-05,-0.00021815630737935036,-0.00021815630737935036,-0.00021815630737935036,0.0009089842050660078,0.0009089842050660078,0.0009089842050660078,0.0003339591941440766,0.0003339591941440766,0.0003339591941440766,0.0021187218271109683,0.0021187218271109683,0.0021187218271109683,0.003412656227254891,0.003412656227254891,0.003412656227254891,0.0,0.0,0.0,1.2925781440023596
2025-03-25 00:00:00,1.2894673420387492,1.2886588327443025,1.2992790896110558,1.2894673420387492,1.2894673420387492,-0.0008759202317565673,-0.0008759202317565673,-0.0008759202317565673,-8.287415764437244e-05,-8.287415764437244e-05,-8.287415764437244e-05,-0.0022851160867555804,-0.0022851160867555804,-0.0022851160867555804,-0.0006236898176348905,-0.0006236898176348905,-0.0006236898176348905,-0.0006236898176348831,-0.0006236898176348831,-0.0006236898176348831,-0.0006236898176348831,-0.0006236898176348831,-0.0006236898176348831,-0.0008235025190787198,-0.0008235025190787198,-0.0008235025190787198,-0.00031365618171346713,-0.00031365618171346713,-0.00031365618171346713,0.0018435852511612724,0.0018435852511612724,0.0018435852511612724,-1.602055375945593e-05,-1.602055375945593e-05,-1.602055375945593e-05,-0.0005875505806437934,-0.0005875505806437934,-0.0005875505806437934,-0.001132912136684202,-0.001132912136684202,-0.001132912136684202,0.0002670889025194936,0.0002670889025194936,0.0002670889025194936,0.0008260958952775083,0.0008260958952775083,0.0008260958952775083,0.0002772713099934336,0.0002772713099934336,0.0002772713099934336,0.002047933619639219,0.002047933619639219,0.002047933619639219,0.004128701337916853,0.004128701337916853,0.004128701337916853,0.0,0.0,0.0,1.291844585012386
2025-03-26 00:00:00,1.2892680949923436,1.2883353347347324,1.3003295546834022,1.2892680949923436,1.2892680949923436,0.0006733025950426092,0.0006733025950426092,0.0006733025950426092,-0.00011608061958306182,-0.00011608061958306182,-0.00011608061958306182,0.00033397055873386023,0.00033397055873386023,0.00033397055873386023,-0.0006236898176348905,-0.0006236898176348905,-0.0006236898176348905,-0.0006236898176348831,-0.0006236898176348831,-0.0006236898176348831,-0.0006236898176348831,-0.0006236898176348831,-0.0006236898176348831,-0.0003137129303271532,-0.0003137129303271532,-0.0003137129303271532,-0.00042114557427869875,-0.00042114557427869875,-0.00042114557427869875,0.004694518154115427,0.004694518154115427,0.004694518154115427,-1.602055375945593e-05,-1.602055375945593e-05,-1.602055375945593e-05,-7.22658284566004e-05,-7.22658284566004e-05,-7.22658284566004e-05,-0.0011526647661221296,-0.0011526647661221296,-0.0011526647661221296,3.409937747949306e-05,3.409937747949306e-05,3.409937747949306e-05,0.000906977970445897,0.000906977970445897,0.000906977970445897,0.0004930403066148996,0.0004930403066148996,0.0004930403066148996,0.0021895100345827173,0.0021895100345827173,0.0021895100345827173,0.004360547595381566,0.004360547595381566,0.004360547595381566,0.0,0.0,0.0,1.2953205874698068
2025-03-27 00:00:00,1.2890688479459378,1.2892712935474362,1.3003928457794323,1.2890688479459378,1.2890688479459378,0.001915682841023112,0.001915682841023112,0.001915682841023112,-2.3038180804481008e-05,-2.3038180804481008e-05,-2.3038180804481008e-05,0.002735063524302409,0.002735063524302409,0.002735063524302409,-0.0006236898176348905,-0.0006236898176348905,-0.0006236898176348905,-0.0006236898176348831,-0.0006236898176348831,-0.0006236898176348831,-0.0006236898176348831,-0.0006236898176348831,-0.0006236898176348831,-0.0007689946095968441,-0.0007689946095968441,-0.0007689946095968441,-0.0002922076638087064,-0.0002922076638087064,-0.0002922076638087064,0.003917344524329444,0.003917344524329444,0.003917344524329444,-1.602055375945593e-05,-1.602055375945593e-05,-1.602055375945593e-05,0.00016064202444557356,0.00016064202444557356,0.00016064202444557356,-0.00016479704472281608,-0.00016479704472281608,-0.00016479704472281608,4.4858235257048e-06,4.4858235257048e-06,4.4858235257048e-06,0.0009822365629180941,0.0009822365629180941,0.0009822365629180941,0.00047705732846066857,0.00047705732846066857,0.00047705732846066857,0.0023310864495262166,0.0023310864495262166,0.0023310864495262166,0.0011822810000270345,0.0011822810000270345,0.0011822810000270345,0.0,0.0,0.0,1.2941185747389226
2025-03-28 00:00:00,1.2888696004784237,1.2850721222847366,1.2958344533406245,1.2888696004784237,1.2888696004784237,0.001915682841023112,0.001915682841023112,0.001915682841023112,0.0001261903045712298,0.0001261903045712298,0.0001261903045712298,-0.0011760745086095569,-0.0011760745086095569,-0.0011760745086095569,-0.0006236898176348905,-0.0006236898176348905,-0.0006236898176348905,-0.0006236898176348831,-0.0006236898176348831,-0.0006236898176348831,-0.0006236898176348831,-0.0006236898176348831,-0.0006236898176348831,-0.0015349920544254956,-0.0015349920544254956,-0.0015349920544254956,-4.8342845987708454e-05,-4.8342845987708454e-05,-4.8342845987708454e-05,0.0011837088723806776,0.0011837088723806776,0.0011837088723806776,-0.0018583842360968877,-0.0018583842360968877,-0.0018583842360968877,-0.0008553677461963507,-0.0008553677461963507,-0.0008553677461963507,0.00028171752603803704,0.00028171752603803704,0.00028171752603803704,-0.00030445470796070575,-0.00030445470796070575,-0.00030445470796070575,0.0007448325595716109,0.0007448325595716109,0.0007448325595716109,0.00039254430653428714,0.00039254430653428714,0.00039254430653428714,0.0018355689972239708,0.0018355689972239708,0.0018355689972239708,0.0023597833809902344,0.0023597833809902344,0.0023597833809902344,0.0,0.0,0.0,1.2903952468598519
2025-03-30 23:00:00,1.2882801600536946,1.289508065365349,1.3005908644787616,1.2882801600536946,1.2882801600536946,-0.0008759202317565668,-0.0008759202317565668,-0.0008759202317565668,0.0001860262814111213,0.0001860262814111213,0.0001860262814111213,0.002629289564525943,0.002629289564525943,0.002629289564525943,0.00019135937586524094,0.00019135937586524094,0.00019135937586524094,0.00019135937586524826,0.00019135937586524826,0.00019135937586524826,0.0001913593758652485,0.0001913593758652485,0.0001913593758652485,-0.0008094503089033578,-0.0008094503089033578,-0.0008094503089033578,-0.0005773034042357245,-0.0005773034042357245,-0.0005773034042357245,0.005224837262731027,0.005224837262731027,0.005224837262731027,0.001826343128577976,0.001826343128577976,0.001826343128577976,0.0008278834532936351,0.0008278834532936351,0.0008278834532936351,-0.001666105018260456,-0.001666105018260456,-0.001666105018260456,-0.00030950642163698366,-0.00030950642163698366,-0.00030950642163698366,0.0009878950384268792,0.0009878950384268792,0.0009878950384268792,6.347426301571652e-05,6.347426301571652e-05,6.347426301571652e-05,0.002401874656997966,0.002401874656997966,0.002401874656997966,0.0025955476982050833,0.0025955476982050833,0.0025955476982050833,0.0,0.0,0.0,1.2950112142387802
2025-03-31 23:00:00,1.2880809125861805,1.29056342344313,1.3038686656013938,1.2880809125861805,1.2880809125861805,-0.0015653892524081555,-0.0015653892524081555,-0.0015653892524081555,5.1576061883374404e-05,5.1576061883374404e-05,5.1576061883374404e-05,0.0024604184333138768,0.0024604184333138768,0.0024604184333138768,0.00019135937586524094,0.00019135937586524094,0.00019135937586524094,0.00019135937586524826,0.00019135937586524826,0.00019135937586524826,0.0001913593758652485,0.0001913593758652485,0.0001913593758652485,-0.0006830418555375412,-0.0006830418555375412,-0.0006830418555375412,-0.0005146030029661889,-0.0005146030029661889,-0.0005146030029661889,0.00695155435483366,0.00695155435483366,0.00695155435483366,-1.602055375945593e-05,-1.602055375945593e-05,-1.602055375945593e-05,-0.00023284563831604818,-0.00023284563831604818,-0.00023284563831604818,0.001560905910987378,0.001560905910987378,0.001560905910987378,-5.686031726749861e-05,-5.686031726749861e-05,-5.686031726749861e-05,0.0009543573574982205,0.0009543573574982205,0.0009543573574982205,0.0001279633535495878,0.0001279633535495878,0.0001279633535495878,0.0022602982420544667,0.0022602982420544667,0.0022602982420544667,0.004491135921519784,0.004491135921519784,0.004491135921519784,0.0,0.0,0.0,1.2970350770634471
2025-04-01 23:00:00,1.2878816651186664,1.2897119856596932,1.3008097094208075,1.2878816651186664,1.2878816651186664,-0.0008759202317565673,-0.0008759202317565673,-0.0008759202317565673,-8.287415764437244e-05,-8.287415764437244e-05,-8.287415764437244e-05,0.0014703421806862428,0.0014703421806862428,0.0014703421806862428,0.00019135937586524094,0.00019135937586524094,0.00019135937586524094,0.00019135937586524826,0.00019135937586524826,0.00019135937586524826,0.0001913593758652485,0.0001913593758652485,0.0001913593758652485,-0.0013325125724736318,-0.0013325125724736318,-0.0013325125724736318,-0.00012584455130288004,-0.00012584455130288004,-0.00012584455130288004,0.005590924886819499,0.005590924886819499,0.005590924886819499,-1.602055375945593e-05,-1.602055375945593e-05,-1.602055375945593e-05,-0.0002767299245779236,-0.0002767299245779236,-0.0002767299245779236,-0.00047264937335325826,-0.00047264937335325826,-0.00047264937335325826,5.733530265532552e-05,5.733530265532552e-05,5.733530265532552e-05,0.00122195765154165,0.00122195765154165,0.00122195765154165,0.00011449497687665535,0.00011449497687665535,0.00011449497687665535,0.0026850274868849633,0.0026850274868849633,0.0026850274868849633,0.004120582706133255,0.004120582706133255,0.004120582706133255,0.0,0.0,0.0,1.295082114771457
2025-04-02 23:00:00,1.2872555382508757,1.2881775864126783,1.2987841357360554,1.2872555382508757,1.2872555382508757,0.0006733025950426092,0.0006733025950426092,0.0006733025950426092,-0.00011608061958306182,-0.00011608061958306182,-0.00011608061958306182,0.0033155301272687334,0.0033155301272687334,0.0033155301272687334,0.00019135937586524094,0.00019135937586524094,0.00019135937586524094,0.00019135937586524826,0.00019135937586524826,0.00019135937586524826,0.0001913593758652485,0.0001913593758652485,0.0001913593758652485,-0.0014492037750924271,-0.0014492037750924271,-0.0014492037750924271,0.00017978178728409266,0.00017978178728409266,0.00017978178728409266,0.00489569712337788,0.00489569712337788,0.00489569712337788,-1.602055375945593e-05,-1.602055375945593e-05,-1.602055375945593e-05,-4.2195939972428715e-05,-4.2195939972428715e-05,-4.2195939972428715e-05,-0.0005567812435293918,-0.0005567812435293918,-0.0005567812435293918,-0.00044081821239525237,-0.00044081821239525237,-0.00044081821239525237,0.0015510453671426273,0.0015510453671426273,0.0015510453671426273,0.00013181869270722209,0.00013181869270722209,0.00013181869270722209,0.002826603901828462,0.002826603901828462,0.002826603901828462,0.0015801669961091466,0.0015801669961091466,0.0015801669961091466,0.0,0.0,0.0,1.2935575514865427
2025-04-03 23:00:00,1.2866294113830847,1.2953087253327225,1.3075606789488177,1.2866294113830847,1.2866294113830847,0.001915682841023112,0.001915682841023112,0.001915682841023112,-2.3038180804481008e-05,-2.3038180804481008e-05,-2.3038180804481008e-05,0.009523914775908903,0.009523914775908903,0.009523914775908903,0.00019135937586524094,0.00019135937586524094,0.00019135937586524094,0.00019135937586524826,0.00019135937586524826,0.00019135937586524826,0.0001913593758652485,0.0001913593758652485,0.0001913593758652485,-0.00042949785190580863,-0.00042949785190580863,-0.00042949785190580863,9.821475898947914e-05,9.821475898947914e-05,9.821475898947914e-05,0.011408525581313021,0.011408525581313021,0.011408525581313021,0.001826343128577976,0.001826343128577976,0.001826343128577976,0.001411227046926187,0.001411227046926187,0.001411227046926187,-0.00010714916732395439,-0.00010714916732395439,-0.00010714916732395439,0.00038448635254929034,0.00038448635254929034,0.00038448635254929034,0.0013169861599962424,0.0013169861599962424,0.0013169861599962424,-5.7657719128092626e-05,-5.7657719128092626e-05,-5.7657719128092626e-05,0.002614239279413214,0.002614239279413214,0.002614239279413214,0.0018846108054041194,0.0018846108054041194,0.0018846108054041194,0.0,0.0,0.0,1.3013079559365184
2025-04-06 23:00:00,1.2847510307797119,1.2909496554750326,1.302397557609267,1.2847510307797119,1.2847510307797119,-0.0008759202317565668,-0.0008759202317565668,-0.0008759202317565668,0.0001860262814111213,0.0001860262814111213,0.0001860262814111213,0.006941754603988003,0.006941754603988003,0.006941754603988003,0.00019135937586524094,0.00019135937586524094,0.00019135937586524094,0.00019135937586524826,0.00019135937586524826,0.00019135937586524826,0.0001913593758652485,0.0001913593758652485,0.0001913593758652485,0.00033060078851011973,0.00033060078851011973,0.00033060078851011973,-6.27311364554884e-05,-6.27311364554884e-05,-6.27311364554884e-05,0.009537302302215406,0.009537302302215406,0.009537302302215406,-1.602055375945593e-05,-1.602055375945593e-05,-1.602055375945593e-05,0.0004352979377291818,0.0004352979377291818,0.0004352979377291818,0.0026792512611818853,0.0026792512611818853,0.0026792512611818853,-0.00013559321830751203,-0.00013559321830751203,-0.00013559321830751203,0.0012797654109346394,0.0012797654109346394,0.0012797654109346394,3.5488649628770236e-06,3.5488649628770236e-06,3.5488649628770236e-06,0.0025434510719414645,0.0025434510719414645,0.0025434510719414645,0.002595547698227404,0.002595547698227404,0.002595547698227404,0.0,0.0,0.0,1.2970040897433408
2025-04-07 23:00:00,1.284124903911921,1.2759576688048007,1.2887837293174536,1.284124903911921,1.284124903911921,-0.0015653892524081555,-0.0015653892524081555,-0.0015653892524081555,5.1576061883374404e-05,5.1576061883374404e-05,5.1576061883374404e-05,-0.005802357789093823,-0.005802357789093823,-0.005802357789093823,0.00019135937586524094,0.00019135937586524094,0.00019135937586524094,0.00019135937586524826,0.00019135937586524826,0.00019135937586524826,0.0001913593758652485,0.0001913593758652485,0.0001913593758652485,-0.0008627886878440676,-0.0008627886878440676,-0.0008627886878440676,0.0006760006945147939,0.0006760006945147939,0.0006760006945147939,-0.0013112218675664978,-0.0013112218675664978,-0.0013112218675664978,-0.0018583842360968877,-0.0018583842360968877,-0.0018583842360968877,-0.002177292788715017,-0.002177292788715017,-0.002177292788715017,0.0008082685448148527,0.0008082685448148527,0.0008082685448148527,-0.0001571098533719829,-0.0001571098533719829,-0.0001571098533719829,0.000106745372322128,0.000106745372322128,0.000106745372322128,-0.0008268317149730906,-0.0008268317149730906,-0.0008268317149730906,-0.0005712300568155086,-0.0005712300568155086,-0.0005712300568155086,0.004491135921527324,0.004491135921527324,0.004491135921527324,0.0,0.0,0.0,1.2824411312572248
2025-04-08 23:00:00,1.288253719588627,1.26822506735667,1.2794409765452417,1.288253719588627,1.288253719588627,-0.0008759202317565673,-0.0008759202317565673,-0.0008759202317565673,-8.287415764437244e-05,-8.287415764437244e-05,-8.287415764437244e-05,-0.014975307873229763,-0.014975307873229763,-0.014975307873229763,0.00019135937586524094,0.00019135937586524094,0.00019135937586524094,0.00019135937586524826,0.00019135937586524826,0.00019135937586524826,0.0001913593758652485,0.0001913593758652485,0.0001913593758652485,-0.0024451677949955406,-0.0024451677949955406,-0.0024451677949955406,0.0010703808475092348,0.0010703808475092348,0.0010703808475092348,-0.010854725167074246,-0.010854725167074246,-0.010854725167074246,-0.0018583842360968877,-0.0018583842360968877,-0.0018583842360968877,-0.002180190278648545,-0.002180190278648545,-0.002180190278648545,-0.0042004068272516945,-0.0042004068272516945,-0.0042004068272516945,-4.211693479381936e-05,-4.211693479381936e-05,-4.211693479381936e-05,-0.0007286754684676963,-0.0007286754684676963,-0.0007286754684676963,-0.0012280018078246252,-0.0012280018078246252,-0.0012280018078246252,-0.0029780291108549876,-0.0029780291108549876,-0.0029780291108549876,0.004120582706155518,0.004120582706155518,0.004120582706155518,0.0,0.0,0.0,1.2742700795170314
2025-04-09 23:00:00,1.2923825352653329,1.280978715744252,1.2924929029705676,1.2923825352653329,1.2923825352653329,0.0006733025950426092,0.0006733025950426092,0.0006733025950426092,-0.00011608061958306182,-0.00011608061958306182,-0.00011608061958306182,-0.005724572552652065,-0.005724572552652065,-0.005724572552652065,0.00019135937586524094,0.00019135937586524094,0.00019135937586524094,0.00019135937586524826,0.00019135937586524826,0.00019135937586524826,0.0001913593758652485,0.0001913593758652485,0.0001913593758652485,-0.002104579720147562,-0.002104579720147562,-0.002104579720147562,0.0011125525082269318,0.0011125525082269318,0.0011125525082269318,-0.0041444055565682866,-0.0041444055565682866,-0.0041444055565682866,0.001826343128577976,0.001826343128577976,0.001826343128577976,0.0006143474147475538,0.0006143474147475538,0.0006143474147475538,-0.004205961691365686,-0.004205961691365686,-0.004205961691365686,0.0006705019697679038,0.0006705019697679038,0.0006705019697679038,-0.000676481859335534,-0.000676481859335534,-0.000676481859335534,-0.001326929917739195,-0.001326929917739195,-0.001326929917739195,-0.00276566448843974,-0.00276566448843974,-0.00276566448843974,0.0015801669960837797,0.0015801669960837797,0.0015801669960837797,0.0,0.0,0.0,1.2870263779049675
2025-04-10 23:00:00,1.296511350942039,1.2935873554565562,1.3034143875898359,1.296511350942039,1.296511350942039,0.001915682841023112,0.001915682841023112,0.001915682841023112,-2.3038180804481008e-05,-2.3038180804481008e-05,-2.3038180804481008e-05,-0.0006220285357860179,-0.0006220285357860179,-0.0006220285357860179,0.00019135937586524094,0.00019135937586524094,0.00019135937586524094,0.00019135937586524826,0.00019135937586524826,0.00019135937586524826,0.0001913593758652485,0.0001913593758652485,0.0001913593758652485,-0.0012000597511688442,-0.0012000597511688442,-0.0012000597511688442,0.0010616191983909592,0.0010616191983909592,0.0010616191983909592,0.0012625822696106404,0.0012625822696106404,0.0012625822696106404,-1.602055375945593e-05,-1.602055375945593e-05,-1.602055375945593e-05,0.00034956459250810857,0.00034956459250810857,0.00034956459250810857,0.001151529621586676,0.001151529621586676,0.001151529621586676,0.0001920001578419164,0.0001920001578419164,0.0001920001578419164,-0.0007072025344205659,-0.0007072025344205659,-0.0007072025344205659,-0.0010129411511959432,-0.0010129411511959432,-0.0010129411511959432,-0.002907240903383238,-0.002907240903383238,-0.002907240903383238,0.0018846108053966583,0.0018846108053966583,0.0018846108053966583,0.0,0.0,0.0,1.2981483031860872
2025-04-13 23:00:00,1.3088977998275386,1.3019171764140918,1.3145721328417639,1.3088977998275386,1.3088977998275386,-0.0008759202317565668,-0.0008759202317565668,-0.0008759202317565668,0.0001860262814111213,0.0001860262814111213,0.0001860262814111213,-0.0038635126559532686,-0.0038635126559532686,-0.0038635126559532686,0.00019135937586524094,0.00019135937586524094,0.00019135937586524094,0.00019135937586524826,0.00019135937586524826,0.00019135937586524826,0.0001913593758652485,0.0001913593758652485,0.0001913593758652485,-0.0003597848266629237,-0.0003597848266629237,-0.0003597848266629237,0.0004858844860024384,0.0004858844860024384,0.0004858844860024384,-0.0012679649577329683,-0.0012679649577329683,-0.0012679649577329683,0.001826343128577976,0.001826343128577976,0.001826343128577976,0.0019472334562380745,0.0019472334562380745,0.0019472334562380745,0.0006439065992459396,0.0006439065992459396,0.0006439065992459396,-0.0010889631668950482,-0.0010889631668950482,-0.0010889631668950482,-0.0014973431991400837,-0.0014973431991400837,-0.0014973431991400837,-0.0015235446726952057,-0.0015235446726952057,-0.0015235446726952057,-0.004181428637874727,-0.004181428637874727,-0.004181428637874727,0.0025955476982203003,0.0025955476982203003,0.0025955476982203003,0.0,0.0,0.0,1.3072381632841035
2025-04-14 23:00:00,1.313026616122705,1.3108994770032536,1.322142782956515,1.313026616122705,1.313026616122705,-0.0015653892524081555,-0.0015653892524081555,-0.0015653892524081555,5.1576061883374404e-05,5.1576061883374404e-05,5.1576061883374404e-05,-0.0017480629426116692,-0.0017480629426116692,-0.0017480629426116692,0.00019135937586524094,0.00019135937586524094,0.00019135937586524094,0.00019135937586524826,0.00019135937586524826,0.00019135937586524826,0.0001913593758652485,0.0001913593758652485,0.0001913593758652485,0.0005988438314514127,0.0005988438314514127,0.0005988438314514127,8.692748083930971e-05,8.692748083930971e-05,8.692748083930971e-05,0.0027430729788951247,0.0027430729788951247,0.0027430729788951247,0.001826343128577976,0.001826343128577976,0.001826343128577976,0.001044166158642967,0.001044166158642967,0.001044166158642967,0.003706845087653202,0.003706845087653202,0.003706845087653202,-0.0010903838174014886,-0.0010903838174014886,-0.0010903838174014886,-0.0016651482335541693,-0.0016651482335541693,-0.0016651482335541693,-0.0011344928780171076,-0.0011344928780171076,-0.0011344928780171076,-0.004181428637874727,-0.004181428637874727,-0.004181428637874727,0.004491135921506793,0.004491135921506793,0.004491135921506793,0.0,0.0,0.0,1.3166283439539614
2025-04-15 23:00:00,1.3171554324178718,1.3180932029016768,1.3283742942289394,1.3171554324178718,1.3171554324178718,-0.0008759202317565673,-0.0008759202317565673,-0.0008759202317565673,-8.287415764437244e-05,-8.287415764437244e-05,-8.287415764437244e-05,0.0003978998266281563,0.0003978998266281563,0.0003978998266281563,0.00019135937586524094,0.00019135937586524094,0.00019135937586524094,0.00019135937586524826,0.00019135937586524826,0.00019135937586524826,0.0001913593758652485,0.0001913593758652485,0.0001913593758652485,0.0015500745652503656,0.0015500745652503656,0.0015500745652503656,-2.4026579009715922e-05,-2.4026579009715922e-05,-2.4026579009715922e-05,0.004518482532770063,0.004518482532770063,0.004518482532770063,0.001826343128577976,0.001826343128577976,0.001826343128577976,0.00099042692328919,0.00099042692328919,0.00099042692328919,0.0019755479169940014,0.0019755479169940014,0.0019755479169940014,0.0002797888080320775,0.0002797888080320775,0.0002797888080320775,-0.0017692851798235252,-0.0017692851798235252,-0.0017692851798235252,0.00013517514299771587,0.00013517514299771587,0.00013517514299771587,-0.004181428637874727,-0.004181428637874727,-0.004181428637874727,0.004120582706141908,0.004120582706141908,0.004120582706141908,0.0,0.0,0.0,1.323106976232195
2025-04-16 23:00:00,1.3212842487130383,1.31622987644593,1.3286915181803831,1.3212842487130383,1.3212842487130383,0.0006733025950426092,0.0006733025950426092,0.0006733025950426092,-0.00011608061958306182,-0.00011608061958306182,-0.00011608061958306182,-0.0002612012480895263,-0.0002612012480895263,-0.0002612012480895263,0.00019135937586524094,0.00019135937586524094,0.00019135937586524094,0.00019135937586524826,0.00019135937586524826,0.00019135937586524826,0.0001913593758652485,0.0001913593758652485,0.0001913593758652485,0.002029730937531473,0.002029730937531473,0.002029730937531473,-0.00015748514511301147,-0.00015748514511301147,-0.00015748514511301147,0.0013189657479688865,0.0013189657479688865,0.0013189657479688865,-1.602055375945593e-05,-1.602055375945593e-05,-1.602055375945593e-05,0.0005967656023357322,0.0005967656023357322,0.0005967656023357322,0.0018725228308579546,0.0018725228308579546,0.0018725228308579546,0.0001499647675208777,0.0001499647675208777,0.0001499647675208777,-0.0018179766386439886,-0.0018179766386439886,-0.0018179766386439886,0.00013142548600033452,0.00013142548600033452,0.00013142548600033452,-0.004181428637874727,-0.004181428637874727,-0.004181428637874727,0.0015801669960584129,0.0015801669960584129,0.0015801669960584129,0.0,0.0,0.0,1.3230269773804215
2025-04-21 23:00:00,1.3285226614973984,1.323103640321629,1.33539915878544,1.3285226614973984,1.3285226614973984,-0.0015653892524081555,-0.0015653892524081555,-0.0015653892524081555,5.1576061883374404e-05,5.1576061883374404e-05,5.1576061883374404e-05,-0.0041501514556069275,-0.0041501514556069275,-0.0041501514556069275,0.00019135937586524094,0.00019135937586524094,0.00019135937586524094,0.00019135937586524826,0.00019135937586524826,0.00019135937586524826,0.0001913593758652485,0.0001913593758652485,0.0001913593758652485,0.0009453080494091583,0.0009453080494091583,0.0009453080494091583,-0.00013368938159412955,-0.00013368938159412955,-0.00013368938159412955,0.0003409844659010685,0.0003409844659010685,0.0003409844659010685,-1.602055375945593e-05,-1.602055375945593e-05,-1.602055375945593e-05,-3.335820441458057e-05,-3.335820441458057e-05,-3.335820441458057e-05,0.0011178230061830306,0.0011178230061830306,0.0011178230061830306,0.0009333079826664351,0.0009333079826664351,0.0009333079826664351,-0.0018197184538225675,-0.0018197184538225675,-0.0018197184538225675,-2.264019947104758e-05,-2.264019947104758e-05,-2.264019947104758e-05,-0.004181428637874727,-0.004181428637874727,-0.004181428637874727,0.004491135921507995,0.004491135921507995,0.004491135921507995,0.0,0.0,0.0,1.3289756670875665
2025-04-22 23:00:00,1.3299703440542703,1.3279386606580268,1.3398793148457542,1.3299703440542703,1.3299703440542703,-0.0008759202317565673,-0.0008759202317565673,-0.0008759202317565673,-8.287415764437244e-05,-8.287415764437244e-05,-8.287415764437244e-05,-0.0015965184537470051,-0.0015965184537470051,-0.0015965184537470051,0.00019135937586524094,0.00019135937586524094,0.00019135937586524094,0.00019135937586524826,0.00019135937586524826,0.00019135937586524826,0.0001913593758652485,0.0001913593758652485,0.0001913593758652485,0.0018496593541090145,0.0018496593541090145,0.0018496593541090145,-0.0007456905365052936,-0.0007456905365052936,-0.0007456905365052936,0.002524064252381293,0.002524064252381293,0.002524064252381293,0.001826343128577976,0.001826343128577976,0.001826343128577976,0.0016400055947782273,0.0016400055947782273,0.0016400055947782273,-9.020608167897199e-05,-9.020608167897199e-05,-9.020608167897199e-05,0.0004905305984095891,0.0004905305984095891,0.0004905305984095891,-0.0021208133401330364,-0.0021208133401330364,-0.0021208133401330364,0.0001197977283754192,0.0001197977283754192,0.0001197977283754192,-0.004181428637874727,-0.004181428637874727,-0.004181428637874727,0.0041205827061282976,0.0041205827061282976,0.0041205827061282976,0.0,0.0,0.0,1.333327274656425
2025-04-23 23:00:00,1.3314180266111424,1.3233249735411243,1.3346915108260953,1.3314180266111424,1.3314180266111424,0.0006733025950426092,0.0006733025950426092,0.0006733025950426092,-0.00011608061958306182,-0.00011608061958306182,-0.00011608061958306182,-0.0036083621502408865,-0.0036083621502408865,-0.0036083621502408865,0.00019135937586524094,0.00019135937586524094,0.00019135937586524094,0.00019135937586524826,0.00019135937586524826,0.00019135937586524826,0.0001913593758652485,0.0001913593758652485,0.0001913593758652485,0.0025054259617523105,0.0025054259617523105,0.0025054259617523105,-0.0005480121277773997,-0.0005480121277773997,-0.0005480121277773997,-0.0020281951541347054,-0.0020281951541347054,-0.0020281951541347054,-0.0018583842360968877,-0.0018583842360968877,-0.0018583842360968877,-0.0013037306570972045,-0.0013037306570972045,-0.0013037306570972045,0.003117849418438315,0.003117849418438315,0.003117849418438315,0.00046418204373899734,0.00046418204373899734,0.00046418204373899734,-0.002374009863952575,-0.002374009863952575,-0.002374009863952575,-0.0005615541544270002,-0.0005615541544270002,-0.0005615541544270002,-0.004181428637874727,-0.004181428637874727,-0.004181428637874727,0.001580166996106181,0.001580166996106181,0.001580166996106181,0.0,0.0,0.0,1.3287176510214422
2025-04-24 23:00:00,1.3328657091680145,1.3247806068658543,1.3361832497304822,1.3328657091680145,1.3328657091680145,0.001915682841023112,0.001915682841023112,0.001915682841023112,-2.3038180804481008e-05,-2.3038180804481008e-05,-2.3038180804481008e-05,-0.003550806813609072,-0.003550806813609072,-0.003550806813609072,0.00019135937586524094,0.00019135937586524094,0.00019135937586524094,0.00019135937586524826,0.00019135937586524826,0.00019135937586524826,0.0001913593758652485,0.0001913593758652485,0.0001913593758652485,0.004015119807884042,0.004015119807884042,0.004015119807884042,-0.000521286503603699,-0.000521286503603699,-0.000521286503603699,-0.0016661960082258024,-0.0016661960082258024,-0.0016661960082258024,-1.602055375945593e-05,-1.602055375945593e-05,-1.602055375945593e-05,-0.0001690915753207051,-0.0001690915753207051,-0.0001690915753207051,-0.0025256748876803146,-0.0025256748876803146,-0.0025256748876803146,0.00027116837749391917,0.00027116837749391917,0.00027116837749391917,-0.0023819329193833115,-0.0023819329193833115,-0.0023819329193833115,-0.000508382709179188,-0.000508382709179188,-0.000508382709179188,-0.004181428637874727,-0.004181428637874727,-0.004181428637874727,0.0018846108053832697,0.0018846108053832697,0.0018846108053832697,0.0,0.0,0.0,1.3306448936438977
2025-04-27 23:00:00,1.335652767444689,1.331177385138631,1.3434872031538971,1.335652767444689,1.335652767444689,-0.0008759202317565668,-0.0008759202317565668,-0.0008759202317565668,0.0001860262814111213,0.0001860262814111213,0.0001860262814111213,-0.0017571793649976,-0.0017571793649976,-0.0017571793649976,0.00019135937586524094,0.00019135937586524094,0.00019135937586524094,0.00019135937586524826,0.00019135937586524826,0.00019135937586524826,0.0001913593758652485,0.0001913593758652485,0.0001913593758652485,0.0040443228199606536,0.0040443228199606536,0.0040443228199606536,-0.0006572548893985395,-0.0006572548893985395,-0.0006572548893985395,0.000838368333267342,0.000838368333267342,0.000838368333267342,0.001826343128577976,0.001826343128577976,0.001826343128577976,0.000653249434432555,0.000653249434432555,0.000653249434432555,-0.00035042456333544064,-0.00035042456333544064,-0.00035042456333544064,-3.7783758912599275e-05,-3.7783758912599275e-05,-3.7783758912599275e-05,-0.0024216298732324644,-0.0024216298732324644,-0.0024216298732324644,-0.0005167572024653051,-0.0005167572024653051,-0.0005167572024653051,-0.004181428637874727,-0.004181428637874727,-0.004181428637874727,0.0025955476982649425,0.0025955476982649425,0.0025955476982649425,0.0,0.0,0.0,1.3367725364291554
2025-04-28 23:00:00,1.336581786870247,1.3315560643782354,1.3433823266979867,1.336581786870247,1.336581786870247,-0.0015653892524081555,-0.0015653892524081555,-0.0015653892524081555,5.1576061883374404e-05,5.1576061883374404e-05,5.1576061883374404e-05,-0.0036417448071506112,-0.0036417448071506112,-0.0036417448071506112,0.00019135937586524094,0.00019135937586524094,0.00019135937586524094,0.00019135937586524826,0.00019135937586524826,0.00019135937586524826,0.0001913593758652485,0.0001913593758652485,0.0001913593758652485,0.0034149368403621734,0.0034149368403621734,0.0034149368403621734,-0.0007584188323276304,-0.0007584188323276304,-0.0007584188323276304,0.0008493911143368513,0.0008493911143368513,0.0008493911143368513,-1.602055375945593e-05,-1.602055375945593e-05,-1.602055375945593e-05,-0.0004888552836187352,-0.0004888552836187352,-0.0004888552836187352,0.0012261098403510233,0.0012261098403510233,0.0012261098403510233,0.0007826729754745274,0.0007826729754745274,0.0007826729754745274,-0.0023244617069391664,-0.0023244617069391664,-0.0023244617069391664,-0.0005689090083048242,-0.0005689090083048242,-0.0005689090083048242,-0.00396906401545948,-0.00396906401545948,-0.00396906401545948,0.004491135921487463,0.004491135921487463,0.004491135921487463,0.0,0.0,0.0,1.337717067563599
2025-04-29 23:00:00,1.3375108062958052,1.3323308997442276,1.3437242512905083,1.3375108062958052,1.3375108062958052,-0.0008759202317565673,-0.0008759202317565673,-0.0008759202317565673,-8.287415764437244e-05,-8.287415764437244e-05,-8.287415764437244e-05,-0.0036783823762489717,-0.0036783823762489717,-0.0036783823762489717,0.00019135937586524094,0.00019135937586524094,0.00019135937586524094,0.00019135937586524826,0.00019135937586524826,0.00019135937586524826,0.0001913593758652485,0.0001913593758652485,0.0001913593758652485,0.0031818804126630593,0.0031818804126630593,0.0031818804126630593,-0.0009816868389262519,-0.0009816868389262519,-0.0009816868389262519,0.0004422003298956978,0.0004422003298956978,0.0004422003298956978,0.001826343128577976,0.001826343128577976,0.001826343128577976,0.0016367735038782952,0.0016367735038782952,0.0016367735038782952,-0.0009634530773012783,-0.0009634530773012783,-0.0009634530773012783,-0.0006606522794854266,-0.0006606522794854266,-0.0006606522794854266,-0.0025840675556344376,-0.0025840675556344376,-0.0025840675556344376,-0.0005673747703409784,-0.0005673747703409784,-0.0005673747703409784,-0.004181428637874727,-0.004181428637874727,-0.004181428637874727,0.004120582706144669,0.004120582706144669,0.004120582706144669,0.0,0.0,0.0,1.3381022540155882
2025-04-30 23:00:00,1.3371802906826034,1.3307656642250958,1.3421490283981081,1.3371802906826034,1.3371802906826034,0.0006733025950426092,0.0006733025950426092,0.0006733025950426092,-0.00011608061958306182,-0.00011608061958306182,-0.00011608061958306182,-0.002095929904488519,-0.002095929904488519,-0.002095929904488519,0.00019135937586524094,0.00019135937586524094,0.00019135937586524094,0.00019135937586524826,0.00019135937586524826,0.00019135937586524826,0.0001913593758652485,0.0001913593758652485,0.0001913593758652485,0.0021269124917427996,0.0021269124917427996,0.0021269124917427996,-0.0009462638811656243,-0.0009462638811656243,-0.0009462638811656243,-0.0005157629084077049,-0.0005157629084077049,-0.0005157629084077049,-1.602055375945593e-05,-1.602055375945593e-05,-1.602055375945593e-05,-0.0003611814376603917,-0.0003611814376603917,-0.0003611814376603917,0.0031116530808616284,0.0031116530808616284,0.0031116530808616284,-0.00010433435496034133,-0.00010433435496034133,-0.00010433435496034133,-0.002604236629032516,-0.002604236629032516,-0.002604236629032516,-0.0002523300856951757,-0.0002523300856951757,-0.0002523300856951757,-0.004181428637874727,-0.004181428637874727,-0.004181428637874727,0.001580166996080814,0.001580166996080814,0.001580166996080814,0.0,0.0,0.0,1.3364906226868154
2025-05-01 23:00:00,1.3368497750694017,1.3231845962889506,1.3334018688478741,1.3368497750694017,1.3368497750694017,0.001915682841023112,0.001915682841023112,0.001915682841023112,-2.3038180804481008e-05,-2.3038180804481008e-05,-2.3038180804481008e-05,-0.008525092774373567,-0.008525092774373567,-0.008525092774373567,0.00019135937586524094,0.00019135937586524094,0.00019135937586524094,0.00019135937586524826,0.00019135937586524826,0.00019135937586524826,0.0001913593758652485,0.0001913593758652485,0.0001913593758652485,0.0005777581032365247,0.0005777581032365247,0.0005777581032365247,-0.0007264134925712532,-0.0007264134925712532,-0.0007264134925712532,-0.006640481968966973,-0.006640481968966973,-0.006640481968966973,-0.0018583842360968877,-0.0018583842360968877,-0.0018583842360968877,-0.001073238097246207,-0.001073238097246207,-0.001073238097246207,-0.0007186857505876458,-0.0007186857505876458,-0.0007186857505876458,0.0002988626185490828,0.0002988626185490828,0.0002988626185490828,-0.0028126693081523876,-0.0028126693081523876,-0.0028126693081523876,-0.0004976167614444358,-0.0004976167614444358,-0.0004976167614444358,-0.004181428637874727,-0.004181428637874727,-0.004181428637874727,0.0018846108054065953,0.0018846108054065953,0.0018846108054065953,0.0,0.0,0.0,1.327972448242836
2025-05-04 23:00:00,1.3358582282297964,1.3182918915723234,1.329319302799231,1.3358582282297964,1.3358582282297964,-0.0008759202317565668,-0.0008759202317565668,-0.0008759202317565668,0.0001860262814111213,0.0001860262814111213,0.0001860262814111213,-0.011338239999920265,-0.011338239999920265,-0.011338239999920265,0.00019135937586524094,0.00019135937586524094,0.00019135937586524094,0.00019135937586524826,0.00019135937586524826,0.00019135937586524826,0.0001913593758652485,0.0001913593758652485,0.0001913593758652485,-0.0002494839841201313,-0.0002494839841201313,-0.0002494839841201313,-0.0005986097940094071,-0.0005986097940094071,-0.0005986097940094071,-0.008742692301662428,-0.008742692301662428,-0.008742692301662428,-1.602055375945593e-05,-1.602055375945593e-05,-1.602055375945593e-05,-0.0005052230515121821,-0.0005052230515121821,-0.0005052230515121821,-0.0020837907470512475,-0.0020837907470512475,-0.0020837907470512475,-0.0002611157362787804,-0.0002611157362787804,-0.0002611157362787804,-0.0028725017612064563,-0.0028725017612064563,-0.0028725017612064563,-0.0004542499113581678,-0.0004542499113581678,-0.0004542499113581678,-0.004181428637874727,-0.004181428637874727,-0.004181428637874727,0.002595547698257838,0.002595547698257838,0.002595547698257838,0.0,0.0,0.0,1.3241792307817393
2025-05-05 23:00:00,1.3355277126165948,1.323503194385892,1.3346866089078413,1.3355277126165948,1.3355277126165948,-0.0015653892524081555,-0.0015653892524081555,-0.0015653892524081555,5.1576061883374404e-05,5.1576061883374404e-05,5.1576061883374404e-05,-0.009065012173527419,-0.009065012173527419,-0.009065012173527419,0.00019135937586524094,0.00019135937586524094,0.00019135937586524094,0.00019135937586524826,0.00019135937586524826,0.00019135937586524826,0.0001913593758652485,0.0001913593758652485,0.0001913593758652485,-0.00040241629956808725,-0.00040241629956808725,-0.00040241629956808725,-0.00014364699032613597,-0.00014364699032613597,-0.00014364699032613597,-0.00457387625200434,-0.00457387625200434,-0.00457387625200434,-1.602055375945593e-05,-1.602055375945593e-05,-1.602055375945593e-05,-0.0002370829411102824,-0.0002370829411102824,-0.0002370829411102824,-0.0009948322118568031,-0.0009948322118568031,-0.0009948322118568031,0.0007810882688218081,0.0007810882688218081,0.0007810882688218081,-0.002637266860875764,-0.002637266860875764,-0.002637266860875764,-0.0004352472989924259,-0.0004352472989924259,-0.0004352472989924259,-0.004039852222931229,-0.004039852222931229,-0.004039852222931229,0.004491135921523079,0.004491135921523079,0.004491135921523079,0.0,0.0,0.0,1.329419174127964
2025-05-06 23:00:00,1.3349727728281375,1.3227088611311308,1.3345960717431493,1.3349727728281375,1.3349727728281375,-0.0008759202317565673,-0.0008759202317565673,-0.0008759202317565673,-8.287415764437244e-05,-8.287415764437244e-05,-8.287415764437244e-05,-0.008725600628012909,-0.008725600628012909,-0.008725600628012909,0.00019135937586524094,0.00019135937586524094,0.00019135937586524094,0.00019135937586524826,0.00019135937586524826,0.00019135937586524826,0.0001913593758652485,0.0001913593758652485,0.0001913593758652485,-0.0015036722051328267,-0.0015036722051328267,-0.0015036722051328267,-7.124719032599363e-05,-7.124719032599363e-05,-7.124719032599363e-05,-0.004605017921881849,-0.004605017921881849,-0.004605017921881849,-1.602055375945593e-05,-1.602055375945593e-05,-1.602055375945593e-05,0.0001729966847345396,0.0001729966847345396,0.0001729966847345396,-0.0004807728325444172,-0.0004807728325444172,-0.0004807728325444172,-0.000198516756444176,-0.000198516756444176,-0.000198516756444176,-0.002617980173040141,-0.002617980173040141,-0.002617980173040141,0.0003433926757642414,0.0003433926757642414,0.0003433926757642414,-0.00396906401545948,-0.00396906401545948,-0.00396906401545948,0.004120582706131061,0.004120582706131061,0.004120582706131061,0.0,0.0,0.0,1.3288251992840396
2025-05-07 23:00:00,1.3344178330396803,1.325261845866814,1.3371129078248654,1.3344178330396803,1.3344178330396803,0.0006733025950426092,0.0006733025950426092,0.0006733025950426092,-0.00011608061958306182,-0.00011608061958306182,-0.00011608061958306182,-0.004349274560395433,-0.004349274560395433,-0.004349274560395433,0.00019135937586524094,0.00019135937586524094,0.00019135937586524094,0.00019135937586524826,0.00019135937586524826,0.00019135937586524826,0.0001913593758652485,0.0001913593758652485,0.0001913593758652485,-2.0957958423583843e-05,-2.0957958423583843e-05,-2.0957958423583843e-05,-0.0008575446434032782,-0.0008575446434032782,-0.0008575446434032782,-0.0027691075643192595,-0.0027691075643192595,-0.0027691075643192595,-1.602055375945593e-05,-1.602055375945593e-05,-1.602055375945593e-05,0.0006714278868705794,0.0006714278868705794,0.0006714278868705794,0.0003054030126675536,0.0003054030126675536,0.0003054030126675536,-0.0005476408870750611,-0.0005476408870750611,-0.0005476408870750611,-0.0018130104685557399,-0.0018130104685557399,-0.0018130104685557399,5.8950888970253445e-05,5.8950888970253445e-05,5.8950888970253445e-05,-0.0032611819407419858,-0.0032611819407419858,-0.0032611819407419858,0.001580166996076173,0.001580166996076173,0.001580166996076173,0.0,0.0,0.0,1.3307226865242476
2025-05-08 23:00:00,1.3338628932512233,1.325128627366115,1.3363595768348728,1.3338628932512233,1.3338628932512233,0.001915682841023112,0.001915682841023112,0.001915682841023112,-2.3038180804481008e-05,-2.3038180804481008e-05,-2.3038180804481008e-05,-0.004020088355103989,-0.004020088355103989,-0.004020088355103989,0.00019135937586524094,0.00019135937586524094,0.00019135937586524094,0.00019135937586524826,0.00019135937586524826,0.00019135937586524826,0.0001913593758652485,0.0001913593758652485,0.0001913593758652485,-0.00048403343060331064,-0.00048403343060331064,-0.00048403343060331064,-0.0012423754732455742,-0.0012423754732455742,-0.0012423754732455742,-0.0021354775496740695,-0.0021354775496740695,-0.0021354775496740695,-0.0018583842360968877,-0.0018583842360968877,-0.0018583842360968877,-0.0007859653103695758,-0.0007859653103695758,-0.0007859653103695758,0.0012609602920911388,0.0012609602920911388,0.0012609602920911388,-0.00026914091610013294,-0.00026914091610013294,-0.00026914091610013294,-0.000946434403757246,-0.000946434403757246,-0.000946434403757246,0.00017949757877247323,0.00017949757877247323,0.00017949757877247323,-0.0023409352436092436,-0.0023409352436092436,-0.0023409352436092436,0.00188461080542992,0.00188461080542992,0.00188461080542992,0.0,0.0,0.0,1.3310144589883421
2025-05-11 23:00:00,1.3321980738858519,1.3145090840037152,1.3272651524356276,1.3321980738858519,1.3321980738858519,-0.0008759202317565668,-0.0008759202317565668,-0.0008759202317565668,0.0001860262814111213,0.0001860262814111213,0.0001860262814111213,-0.010491061141697162,-0.010491061141697162,-0.010491061141697162,0.00019135937586524094,0.00019135937586524094,0.00019135937586524094,0.00019135937586524826,0.00019135937586524826,0.00019135937586524826,0.0001913593758652485,0.0001913593758652485,0.0001913593758652485,-0.0015404568688073936,-0.0015404568688073936,-0.0015404568688073936,-0.0008646770696479708,-0.0008646770696479708,-0.0008646770696479708,-0.007895513443417003,-0.007895513443417003,-0.007895513443417003,-0.0018583842360968877,-0.0018583842360968877,-0.0018583842360968877,-0.0007540370907004263,-0.0007540370907004263,-0.0007540370907004263,-0.0015330515447222915,-0.0015330515447222915,-0.0015330515447222915,-0.00013767078423480402,-0.00013767078423480402,-0.00013767078423480402,-0.0011054991818989193,-0.0011054991818989193,-0.0011054991818989193,0.00011340773812922981,0.00011340773812922981,0.00011340773812922981,-0.0026948762809679908,-0.0026948762809679908,-0.0026948762809679908,0.0025955476982801595,0.0025955476982801595,0.0025955476982801595,0.0,0.0,0.0,1.321679686084192
2025-05-12 23:00:00,1.3316431342453272,1.3215994465389211,1.3339255823647047,1.3316431342453272,1.3316431342453272,-0.0015653892524081555,-0.0015653892524081555,-0.0015653892524081555,5.1576061883374404e-05,5.1576061883374404e-05,5.1576061883374404e-05,-0.0073666514533036,-0.0073666514533036,-0.0073666514533036,0.00019135937586524094,0.00019135937586524094,0.00019135937586524094,0.00019135937586524826,0.00019135937586524826,0.00019135937586524826,0.0001913593758652485,0.0001913593758652485,0.0001913593758652485,-0.0007527084820347658,-0.0007527084820347658,-0.0007527084820347658,-0.0009229053007638957,-0.0009229053007638957,-0.0009229053007638957,-0.0028755155318010515,-0.0028755155318010515,-0.0028755155318010515,-1.602055375945593e-05,-1.602055375945593e-05,-1.602055375945593e-05,0.0005605228821903832,0.0005605228821903832,0.0005605228821903832,-0.001471841005347664,-0.001471841005347664,-0.001471841005347664,6.339284031691292e-05,6.339284031691292e-05,6.339284031691292e-05,-0.0011254224442997344,-0.0011254224442997344,-0.0011254224442997344,3.7301617634039434e-06,3.7301617634039434e-06,3.7301617634039434e-06,-0.00276566448843974,-0.00276566448843974,-0.00276566448843974,0.004491135921502548,0.004491135921502548,0.004491135921502548,0.0,0.0,0.0,1.3278139737299886
2025-05-13 23:00:00,1.3310881946048028,1.3189060680800613,1.3293388984849162,1.3310881946048028,1.3310881946048028,-0.0008759202317565673,-0.0008759202317565673,-0.0008759202317565673,-8.287415764437244e-05,-8.287415764437244e-05,-8.287415764437244e-05,-0.008440948567122363,-0.008440948567122363,-0.008440948567122363,0.00019135937586524094,0.00019135937586524094,0.00019135937586524094,0.00019135937586524826,0.00019135937586524826,0.00019135937586524826,0.0001913593758652485,0.0001913593758652485,0.0001913593758652485,-0.003007139083591473,-0.003007139083591473,-0.003007139083591473,-8.281860630822275e-06,-8.281860630822275e-06,-8.281860630822275e-06,-0.004320365861004914,-0.004320365861004914,-0.004320365861004914,-0.0018583842360968877,-0.0018583842360968877,-0.0018583842360968877,-0.0013664065588545582,-0.0013664065588545582,-0.0013664065588545582,0.0010483410096455272,0.0010483410096455272,0.0010483410096455272,0.00030777558399670856,0.00030777558399670856,0.00030777558399670856,-0.0009182707650352644,-0.0009182707650352644,-0.0009182707650352644,-0.000266872188499895,-0.000266872188499895,-0.000266872188499895,-0.0019869942062504965,-0.0019869942062504965,-0.0019869942062504965,0.0041205827061174495,0.0041205827061174495,0.0041205827061174495,0.0,0.0,0.0,1.3253374066108454
2025-05-14 23:00:00,1.330533254964278,1.320592877222632,1.3318930054587328,1.330533254964278,1.330533254964278,0.0006733025950426092,0.0006733025950426092,0.0006733025950426092,-0.00011608061958306182,-0.00011608061958306182,-0.00011608061958306182,-0.004689362894535386,-0.004689362894535386,-0.004689362894535386,0.00019135937586524094,0.00019135937586524094,0.00019135937586524094,0.00019135937586524826,0.00019135937586524826,0.00019135937586524826,0.0001913593758652485,0.0001913593758652485,0.0001913593758652485,-0.0016685995895996768,-0.0016685995895996768,-0.0016685995895996768,-0.00011254821644946105,-0.00011254821644946105,-0.00011254821644946105,-0.0031091958984845788,-0.0031091958984845788,-0.0031091958984845788,0.001826343128577976,0.001826343128577976,0.001826343128577976,0.0014219185250356967,0.0014219185250356967,0.0014219185250356967,-0.002645832722727589,-0.002645832722727589,-0.002645832722727589,-0.00040678993003106156,-0.00040678993003106156,-0.00040678993003106156,-0.0010894360092813258,-0.0010894360092813258,-0.0010894360092813258,-0.0005924183170907371,-0.0005924183170907371,-0.0005924183170907371,-0.002553299866024492,-0.002553299866024492,-0.002553299866024492,0.0015801669960508065,0.0015801669960508065,0.0015801669960508065,0.0,0.0,0.0,1.326396366425146
2025-05-15 23:00:00,1.3313588400142542,1.3267809897198481,1.338583251601969,1.3313588400142542,1.3313588400142542,0.001915682841023112,0.001915682841023112,0.001915682841023112,-2.3038180804481008e-05,-2.3038180804481008e-05,-2.3038180804481008e-05,-0.00047605426126853443,-0.00047605426126853443,-0.00047605426126853443,0.00019135937586524094,0.00019135937586524094,0.00019135937586524094,0.00019135937586524826,0.00019135937586524826,0.00019135937586524826,0.0001913593758652485,0.0001913593758652485,0.0001913593758652485,-0.0012725250311692777,-0.0012725250311692777,-0.0012725250311692777,0.00031142739770583,0.00031142739770583,0.00031142739770583,0.00140855654412467,0.00140855654412467,0.00140855654412467,-1.602055375945593e-05,-1.602055375945593e-05,-1.602055375945593e-05,-0.0005456178562804653,-0.0005456178562804653,-0.0005456178562804653,0.0026997482117972513,0.0026997482117972513,0.0026997482117972513,-0.0003911354005992779,-0.0003911354005992779,-0.0003911354005992779,-0.0009733768413297422,-0.0009733768413297422,-0.0009733768413297422,-0.0005559181467820211,-0.0005559181467820211,-0.0005559181467820211,-0.0021993588286657447,-0.0021993588286657447,-0.0021993588286657447,0.0018846108053932045,0.0018846108053932045,0.0018846108053932045,0.0,0.0,0.0,1.3332341342209344
2025-05-18 23:00:00,1.3338355951641818,1.3261006832840705,1.3377156113449808,1.3338355951641818,1.3338355951641818,-0.0008759202317565668,-0.0008759202317565668,-0.0008759202317565668,0.0001860262814111213,0.0001860262814111213,0.0001860262814111213,-0.004151624408086169,-0.004151624408086169,-0.004151624408086169,0.00019135937586524094,0.00019135937586524094,0.00019135937586524094,0.00019135937586524826,0.00019135937586524826,0.00019135937586524826,0.0001913593758652485,0.0001913593758652485,0.0001913593758652485,-0.0005632941995816046,-0.0005632941995816046,-0.0005632941995816046,0.000354818924759598,0.000354818924759598,0.000354818924759598,-0.0015560767098587488,-0.0015560767098587488,-0.0015560767098587488,-1.602055375945593e-05,-1.602055375945593e-05,-1.602055375945593e-05,0.0004395600311113381,0.0004395600311113381,0.0004395600311113381,-0.0010722742932951404,-0.0010722742932951404,-0.0010722742932951404,0.00025339843181318726,0.00025339843181318726,0.00025339843181318726,-0.0009407750186306723,-0.0009407750186306723,-0.0009407750186306723,-0.0005042277015032145,-0.0005042277015032145,-0.0005042277015032145,-0.0019869942062504965,-0.0019869942062504965,-0.0019869942062504965,0.0025955476982274196,0.0025955476982274196,0.0025955476982274196,0.0,0.0,0.0,1.3317600446597662
2025-05-19 23:00:00,1.334661180214158,1.3297546282290102,1.3394326095471436,1.334661180214158,1.334661180214158,-0.0015653892524081555,-0.0015653892524081555,-0.0015653892524081555,5.1576061883374404e-05,5.1576061883374404e-05,5.1576061883374404e-05,-0.004386490524782084,-0.004386490524782084,-0.004386490524782084,0.00019135937586524094,0.00019135937586524094,0.00019135937586524094,0.00019135937586524826,0.00019135937586524826,0.00019135937586524826,0.0001913593758652485,0.0001913593758652485,0.0001913593758652485,-0.0004487990275652736,-0.0004487990275652736,-0.0004487990275652736,0.0003689518677421544,0.0003689518677421544,0.0003689518677421544,0.00010464539669992941,0.00010464539669992941,0.00010464539669992941,-1.602055375945593e-05,-1.602055375945593e-05,-1.602055375945593e-05,-8.45612278044116e-05,-8.45612278044116e-05,-8.45612278044116e-05,0.000816439530779313,0.000816439530779313,0.000816439530779313,-0.0006913825162130359,-0.0006913825162130359,-0.0006913825162130359,-0.0009414968316725025,-0.0009414968316725025,-0.0009414968316725025,-0.0004628924971093325,-0.0004628924971093325,-0.0004628924971093325,-0.0019869942062504965,-0.0019869942062504965,-0.0019869942062504965,0.004491135921482014,0.004491135921482014,0.004491135921482014,0.0,0.0,0.0,1.3348008463628214
2025-05-20 23:00:00,1.3354867652641336,1.3346939173039825,1.3468669493447618,1.3354867652641336,1.3354867652641336,-0.0008759202317565673,-0.0008759202317565673,-0.0008759202317565673,-8.287415764437244e-05,-8.287415764437244e-05,-8.287415764437244e-05,0.0002495765367082159,0.0002495765367082159,0.0002495765367082159,0.00019135937586524094,0.00019135937586524094,0.00019135937586524094,0.00019135937586524826,0.00019135937586524826,0.00019135937586524826,0.0001913593758652485,0.0001913593758652485,0.0001913593758652485,-0.00015241655189487664,-0.00015241655189487664,-0.00015241655189487664,0.0006648955637950759,0.0006648955637950759,0.0006648955637950759,0.004370159242847929,0.004370159242847929,0.004370159242847929,-1.602055375945593e-05,-1.602055375945593e-05,-1.602055375945593e-05,0.0005678147559859346,0.0005678147559859346,0.0005678147559859346,-0.00018836892043980677,-0.00018836892043980677,-0.00018836892043980677,0.0006757440427825889,0.0006757440427825889,0.0006757440427825889,-0.00044033355168503804,-0.00044033355168503804,-0.00044033355168503804,-4.7368344398994645e-05,-4.7368344398994645e-05,-4.7368344398994645e-05,-0.0004296536418720097,-0.0004296536418720097,-0.0004296536418720097,0.004120582706139714,0.004120582706139714,0.004120582706139714,0.0,0.0,0.0,1.341323055095054
2025-05-21 23:00:00,1.3363175408244932,1.3363198481659162,1.349873155445634,1.3363175408244932,1.3363175408244932,0.0006733025950426092,0.0006733025950426092,0.0006733025950426092,-0.00011608061958306182,-0.00011608061958306182,-0.00011608061958306182,0.0027815844213854423,0.0027815844213854423,0.0027815844213854423,0.00019135937586524094,0.00019135937586524094,0.00019135937586524094,0.00019135937586524826,0.00019135937586524826,0.00019135937586524826,0.0001913593758652485,0.0001913593758652485,0.0001913593758652485,-0.0003784744781846023,-0.0003784744781846023,-0.0003784744781846023,0.00020283593762250314,0.00020283593762250314,0.00020283593762250314,0.00436175141744745,0.00436175141744745,0.00436175141744745,-1.602055375945593e-05,-1.602055375945593e-05,-1.602055375945593e-05,0.00037029080294914284,0.00037029080294914284,0.00037029080294914284,0.0010623204777368434,0.0010623204777368434,0.0010623204777368434,-0.00028894664490959935,-0.00028894664490959935,-0.00028894664490959935,-0.00012635446160702977,-0.00012635446160702977,-0.00012635446160702977,0.00033404018322162295,0.00033404018322162295,0.00033404018322162295,0.0004905930552607321,0.0004905930552607321,0.0004905930552607321,0.001580166996062007,0.001580166996062007,0.001580166996062007,0.0,0.0,0.0,1.3421462257523442
2025-05-22 23:00:00,1.3371483163848528,1.3413689698094335,1.3522552340491256,1.3371483163848528,1.3371483163848528,0.001915682841023112,0.001915682841023112,0.001915682841023112,-2.3038180804481008e-05,-2.3038180804481008e-05,-2.3038180804481008e-05,0.005007388824412477,0.005007388824412477,0.005007388824412477,0.00019135937586524094,0.00019135937586524094,0.00019135937586524094,0.00019135937586524826,0.00019135937586524826,0.00019135937586524826,0.0001913593758652485,0.0001913593758652485,0.0001913593758652485,0.00034470319685772107,0.00034470319685772107,0.00034470319685772107,0.00010719902825556288,0.00010719902825556288,0.00010719902825556288,0.006891999629829009,0.006891999629829009,0.006891999629829009,-1.602055375945593e-05,-1.602055375945593e-05,-1.602055375945593e-05,0.00017739669066116419,0.00017739669066116419,0.00017739669066116419,0.0006836414336161,0.0006836414336161,0.0006836414336161,0.00019408987869022433,0.00019408987869022433,0.00019408987869022433,-0.00012469701282239237,-0.00012469701282239237,-0.00012469701282239237,0.0006129721123667034,0.0006129721123667034,0.0006129721123667034,0.0005613812627324815,0.0005613812627324815,0.0005613812627324815,0.0018846108054165309,0.0018846108054165309,0.0018846108054165309,0.0,0.0,0.0,1.3463639420864038
2025-05-25 23:00:00,1.3396406430659316,1.3399969942171415,1.3530325664123588,1.3396406430659316,1.3396406430659316,-0.0008759202317565668,-0.0008759202317565668,-0.0008759202317565668,0.0001860262814111213,0.0001860262814111213,0.0001860262814111213,0.0023974976987558173,0.0023974976987558173,0.0023974976987558173,0.00019135937586524094,0.00019135937586524094,0.00019135937586524094,0.00019135937586524826,0.00019135937586524826,0.00019135937586524826,0.0001913593758652485,0.0001913593758652485,0.0001913593758652485,0.0008610657258648281,0.0008610657258648281,0.0008610657258648281,0.00030577387943736317,0.00030577387943736317,0.00030577387943736317,0.004993045397005558,0.004993045397005558,0.004993045397005558,-1.602055375945593e-05,-1.602055375945593e-05,-1.602055375945593e-05,-6.61784131320573e-05,-6.61784131320573e-05,-6.61784131320573e-05,0.00031383839487210803,0.00031383839487210803,0.00031383839487210803,-6.288879906073265e-05,-6.288879906073265e-05,-6.288879906073265e-05,-3.098932476960413e-05,-3.098932476960413e-05,-3.098932476960413e-05,0.0005765431418488445,0.0005765431418488445,0.0005765431418488445,0.0006321694702042309,0.0006321694702042309,0.0006321694702042309,0.002595547698249741,0.002595547698249741,0.002595547698249741,0.0,0.0,0.0,1.3463295296124334
2025-05-26 23:00:00,1.340471418626291,1.3459967294951642,1.3568617679534873,1.340471418626291,1.340471418626291,-0.0015653892524081555,-0.0015653892524081555,-0.0015653892524081555,5.1576061883374404e-05,5.1576061883374404e-05,5.1576061883374404e-05,0.003501389293046672,0.003501389293046672,0.003501389293046672,0.00019135937586524094,0.00019135937586524094,0.00019135937586524094,0.00019135937586524826,0.00019135937586524826,0.00019135937586524826,0.0001913593758652485,0.0001913593758652485,0.0001913593758652485,0.0014010386943589274,0.0014010386943589274,0.0014010386943589274,-0.00018241563038110624,-0.00018241563038110624,-0.00018241563038110624,0.007992525214557964,0.007992525214557964,0.007992525214557964,0.001826343128577976,0.001826343128577976,0.001826343128577976,0.0012798335818749943,0.0012798335818749943,0.0012798335818749943,-0.00015312667978315442,-0.00015312667978315442,-0.00015312667978315442,0.00025697366570120783,0.00025697366570120783,0.00025697366570120783,-0.0003166932677030493,-0.0003166932677030493,-0.0003166932677030493,0.0002633070528996842,0.0002633070528996842,0.0002633070528996842,6.586381043023569e-05,6.586381043023569e-05,6.586381043023569e-05,0.004491135921511291,0.004491135921511291,0.004491135921511291,0.0,0.0,0.0,1.351185170239056
2025-05-27 23:00:00,1.3412448024474144,1.349338787588691,1.3619755697211957,1.3412448024474144,1.3412448024474144,-0.0008759202317565673,-0.0008759202317565673,-0.0008759202317565673,-8.287415764437244e-05,-8.287415764437244e-05,-8.287415764437244e-05,0.006988889190407873,0.006988889190407873,0.006988889190407873,0.00019135937586524094,0.00019135937586524094,0.00019135937586524094,0.00019135937586524826,0.00019135937586524826,0.00019135937586524826,0.0001913593758652485,0.0001913593758652485,0.0001913593758652485,0.0026282967876111703,0.0026282967876111703,0.0026282967876111703,0.00019526515432497876,0.00019526515432497876,0.00019526515432497876,0.011109471896498102,0.011109471896498102,0.011109471896498102,-1.602055375945593e-05,-1.602055375945593e-05,-1.602055375945593e-05,0.00026845283089009666,0.00026845283089009666,0.00026845283089009666,0.0024273529420953377,0.0024273529420953377,0.0024273529420953377,0.0001601269085585135,0.0001601269085585135,0.0001601269085585135,0.00025186560601571633,0.00025186560601571633,0.00025186560601571633,0.0002597906464984912,0.0002597906464984912,0.0002597906464984912,0.0011984751299782264,0.0011984751299782264,0.0011984751299782264,0.00412058270609023,0.00412058270609023,0.00412058270609023,0.0,0.0,0.0,1.3561453238865282
2025-05-28 23:00:00,1.3420181862685379,1.3393412209490796,1.3510690742739675,1.3420181862685379,1.3420181862685379,0.0006733025950426092,0.0006733025950426092,0.0006733025950426092,-0.00011608061958306182,-0.00011608061958306182,-0.00011608061958306182,0.0018158720946118425,0.0018158720946118425,0.0018158720946118425,0.00019135937586524094,0.00019135937586524094,0.00019135937586524094,0.00019135937586524826,0.00019135937586524826,0.00019135937586524826,0.0001913593758652485,0.0001913593758652485,0.0001913593758652485,0.0010642865992397511,0.0010642865992397511,0.0010642865992397511,0.00027816841360524047,0.00027816841360524047,0.00027816841360524047,0.0033960390906850497,0.0033960390906850497,0.0033960390906850497,-0.0018583842360968877,-0.0018583842360968877,-0.0018583842360968877,-0.0006615362561337798,-0.0006615362561337798,-0.0006615362561337798,0.0004884048290341153,0.0004884048290341153,0.0004884048290341153,6.555018021848351e-05,6.555018021848351e-05,6.555018021848351e-05,0.00017829020049925858,0.00017829020049925858,0.00017829020049925858,2.105338683898943e-06,2.105338683898943e-06,2.105338683898943e-06,0.0011276869225064767,0.0011276869225064767,0.0011276869225064767,0.0015801669960732075,0.0015801669960732075,0.0015801669960732075,0.0,0.0,0.0,1.346575732489516
2025-05-29 23:00:00,1.3427915700896613,1.3402769726000567,1.3528326910697104,1.3427915700896613,1.3427915700896613,0.001915682841023112,0.001915682841023112,0.001915682841023112,-2.3038180804481008e-05,-2.3038180804481008e-05,-2.3038180804481008e-05,0.00031893845155191647,0.00031893845155191647,0.00031893845155191647,0.00019135937586524094,0.00019135937586524094,0.00019135937586524094,0.00019135937586524826,0.00019135937586524826,0.00019135937586524826,0.0001913593758652485,0.0001913593758652485,0.0001913593758652485,0.0007171970373868601,0.0007171970373868601,0.0007171970373868601,0.0002601571333220904,0.0002601571333220904,0.0002601571333220904,0.0022035492569609863,0.0022035492569609863,0.0022035492569609863,-0.0018583842360968877,-0.0018583842360968877,-0.0018583842360968877,-0.0010079840304352673,-0.0010079840304352673,-0.0010079840304352673,-0.001294504904710066,-0.001294504904710066,-0.001294504904710066,-5.387563402023224e-05,-5.387563402023224e-05,-5.387563402023224e-05,0.0002104996494898052,0.0002104996494898052,0.0002104996494898052,-0.0002485762737052319,-0.0002485762737052319,-0.0002485762737052319,0.0011276869225064767,0.0011276869225064767,0.0011276869225064767,0.0018846108054090698,0.0018846108054090698,0.0018846108054090698,0.0,0.0,0.0,1.345750477456186
2025-06-01 23:00:00,1.3451117196814675,1.3470605978821464,1.3580773303163063,1.3451117196814675,1.3451117196814675,-0.0008759202317565668,-0.0008759202317565668,-0.0008759202317565668,0.0001860262814111213,0.0001860262814111213,0.0001860262814111213,0.002737479130492967,0.002737479130492967,0.002737479130492967,0.00019135937586524094,0.00019135937586524094,0.00019135937586524094,0.00019135937586524826,0.00019135937586524826,0.00019135937586524826,0.0001913593758652485,0.0001913593758652485,0.0001913593758652485,0.0009214099052009275,0.0009214099052009275,0.0009214099052009275,-7.570673607249438e-05,-7.570673607249438e-05,-7.570673607249438e-05,0.005333026828750316,0.005333026828750316,0.005333026828750316,0.001826343128577976,0.001826343128577976,0.001826343128577976,0.0007115967985102658,0.0007115967985102658,0.0007115967985102658,-0.001958690235113057,-0.001958690235113057,-0.001958690235113057,0.0006060792463244348,0.0006060792463244348,0.0006060792463244348,0.00016586966781405202,0.00016586966781405202,0.00016586966781405202,-0.00032971732956240773,-0.00032971732956240773,-0.00032971732956240773,0.0009861105075629779,0.0009861105075629779,0.0009861105075629779,0.0025955476982573496,0.0025955476982573496,0.0025955476982573496,0.0,0.0,0.0,1.3522852365701954
2025-06-02 23:00:00,1.3458851028787362,1.347793869226385,1.358738818638951,1.3458851028787362,1.3458851028787362,-0.0015653892524081555,-0.0015653892524081555,-0.0015653892524081555,5.1576061883374404e-05,5.1576061883374404e-05,5.1576061883374404e-05,0.0015374714978782593,0.0015374714978782593,0.0015374714978782593,0.00019135937586524094,0.00019135937586524094,0.00019135937586524094,0.00019135937586524826,0.00019135937586524826,0.00019135937586524826,0.0001913593758652485,0.0001913593758652485,0.0001913593758652485,0.000660129712756984,0.000660129712756984,0.000660129712756984,-2.1735391191282836e-05,-2.1735391191282836e-05,-2.1735391191282836e-05,0.006028607419369018,0.006028607419369018,0.006028607419369018,-1.602055375945593e-05,-1.602055375945593e-05,-1.602055375945593e-05,-0.00043261872143177387,-0.00043261872143177387,-0.00043261872143177387,0.0013379693070952772,0.0013379693070952772,0.0013379693070952772,0.00011019535749204677,0.00011019535749204677,0.00011019535749204677,0.00013014512181432154,0.00013014512181432154,0.00013014512181432154,6.184050355205194e-06,6.184050355205194e-06,6.184050355205194e-06,0.0007029576776759804,0.0007029576776759804,0.0007029576776759804,0.004491135921490758,0.004491135921490758,0.004491135921490758,0.0,0.0,0.0,1.3539989157955692
2025-06-03 23:00:00,1.346658486076005,1.3475927903537297,1.3599364027399568,1.346658486076005,1.346658486076005,-0.0008759202317565673,-0.0008759202317565673,-0.0008759202317565673,-8.287415764437244e-05,-8.287415764437244e-05,-8.287415764437244e-05,0.0020616078619189494,0.0020616078619189494,0.0020616078619189494,0.00019135937586524094,0.00019135937586524094,0.00019135937586524094,0.00019135937586524826,0.00019135937586524826,0.00019135937586524826,0.0001913593758652485,0.0001913593758652485,0.0001913593758652485,0.0009562329596465545,0.0009562329596465545,0.0009562329596465545,-0.00023958630796958933,-0.00023958630796958933,-0.00023958630796958933,0.006182190568061424,0.006182190568061424,0.006182190568061424,0.001826343128577976,0.001826343128577976,0.001826343128577976,0.0009622608600066947,0.0009622608600066947,0.0009622608600066947,-0.0008556402916305265,-0.0008556402916305265,-0.0008556402916305265,-0.000345781884111564,-0.000345781884111564,-0.000345781884111564,-5.276058315178031e-05,-5.276058315178031e-05,-5.276058315178031e-05,-0.00022454860543259678,-0.00022454860543259678,-0.00022454860543259678,0.00041980484778898297,0.00041980484778898297,0.00041980484778898297,0.004120582706142475,0.004120582706142475,0.004120582706142475,0.0,0.0,0.0,1.354983785467024
2025-06-04 23:00:00,1.3474318692732736,1.346159522964796,1.358916574469844,1.3474318692732736,1.3474318692732736,0.0006733025950426092,0.0006733025950426092,0.0006733025950426092,-0.00011608061958306182,-0.00011608061958306182,-0.00011608061958306182,0.002827794312202913,0.002827794312202913,0.002827794312202913,0.00019135937586524094,0.00019135937586524094,0.00019135937586524094,0.00019135937586524826,0.00019135937586524826,0.00019135937586524826,0.0001913593758652485,0.0001913593758652485,0.0001913593758652485,0.00040955748200244453,0.00040955748200244453,0.00040955748200244453,4.453983053861628e-05,4.453983053861628e-05,4.453983053861628e-05,0.004407961308287321,0.004407961308287321,0.004407961308287321,-1.602055375945593e-05,-1.602055375945593e-05,-1.602055375945593e-05,-0.0003579484669188656,-0.0003579484669188656,-0.0003579484669188656,0.0018185248333671235,0.0018185248333671235,0.0018185248333671235,-0.0005156465660630919,-0.0005156465660630919,-0.0005156465660630919,-7.584019828188259e-06,-7.584019828188259e-06,-7.584019828188259e-06,-0.00016952138545168693,-0.00016952138545168693,-0.00016952138545168693,0.0004905930552607321,0.0004905930552607321,0.0004905930552607321,0.0015801669960844084,0.0015801669960844084,0.0015801669960844084,0.0,0.0,0.0,1.3533712968185834
2025-06-05 23:00:00,1.3477266269489028,1.3497255639622017,1.361610440071211,1.3477266269489028,1.3477266269489028,0.001915682841023112,0.001915682841023112,0.001915682841023112,-2.3038180804481008e-05,-2.3038180804481008e-05,-2.3038180804481008e-05,0.003602333229858521,0.003602333229858521,0.003602333229858521,0.00019135937586524094,0.00019135937586524094,0.00019135937586524094,0.00019135937586524826,0.00019135937586524826,0.00019135937586524826,0.0001913593758652485,0.0001913593758652485,0.0001913593758652485,0.00040348914855711234,0.00040348914855711234,0.00040348914855711234,-0.00021913391137400932,-0.00021913391137400932,-0.00021913391137400932,0.005486944035290916,0.005486944035290916,0.005486944035290916,-1.602055375945593e-05,-1.602055375945593e-05,-1.602055375945593e-05,0.00016931292085940028,0.00016931292085940028,0.00016931292085940028,-0.0007124877262404751,-0.0007124877262404751,-0.0007124877262404751,0.0003274705565326746,0.0003274705565326746,0.0003274705565326746,0.00015571589527620997,0.00015571589527620997,0.00015571589527620997,0.00011194181210146728,0.00011194181210146728,0.00011194181210146728,0.0009153223000912284,0.0009153223000912284,0.0009153223000912284,0.0018846108054323945,0.0018846108054323945,0.0018846108054323945,0.0,0.0,0.0,1.3551215275258428
2025-06-08 23:00:00,1.3486108999757895,1.3498119541929912,1.360234933939286,1.3486108999757895,1.3486108999757895,-0.0008759202317565668,-0.0008759202317565668,-0.0008759202317565668,0.0001860262814111213,0.0001860262814111213,0.0001860262814111213,0.002116237082780427,0.002116237082780427,0.002116237082780427,0.00019135937586524094,0.00019135937586524094,0.00019135937586524094,0.00019135937586524826,0.00019135937586524826,0.00019135937586524826,0.0001913593758652485,0.0001913593758652485,0.0001913593758652485,0.0006375553925403462,0.0006375553925403462,0.0006375553925403462,-0.0004950588660993429,-0.0004950588660993429,-0.0004950588660993429,0.004711784781045383,0.004711784781045383,0.004711784781045383,-1.602055375945593e-05,-1.602055375945593e-05,-1.602055375945593e-05,0.0002456267392659907,0.0002456267392659907,0.0002456267392659907,0.0002983407593987338,0.0002983407593987338,0.0002983407593987338,-0.0002335427326155426,-0.0002335427326155426,-0.0002335427326155426,0.00032994360967733983,0.00032994360967733983,0.00032994360967733983,0.00019594521967209006,0.00019594521967209006,0.00019594521967209006,0.0012692633374499756,0.0012692633374499756,0.0012692633374499756,0.0025955476982649573,0.0025955476982649573,0.0025955476982649573,0.0,0.0,0.0,1.3549652642898473
2025-06-09 23:00:00,1.3489056576514185,1.3514918912191356,1.360286862713652,1.3489056576514185,1.3489056576514185,-0.0015653892524081555,-0.0015653892524081555,-0.0015653892524081555,5.1576061883374404e-05,5.1576061883374404e-05,5.1576061883374404e-05,4.279459951331266e-05,4.279459951331266e-05,4.279459951331266e-05,0.00019135937586524094,0.00019135937586524094,0.00019135937586524094,0.00019135937586524826,0.00019135937586524826,0.00019135937586524826,0.0001913593758652485,0.0001913593758652485,0.0001913593758652485,-0.0007291652297366386,-0.0007291652297366386,-0.0007291652297366386,-0.0001910722425184069,-0.0001910722425184069,-0.0001910722425184069,0.0045339305210396865,0.0045339305210396865,0.0045339305210396865,-1.602055375945593e-05,-1.602055375945593e-05,-1.602055375945593e-05,-0.0005408071250573352,-0.0005408071250573352,-0.0005408071250573352,0.00044464425000389054,0.00044464425000389054,0.00044464425000389054,0.00045037211411553797,0.00045037211411553797,0.00045037211411553797,0.00027879890006709846,0.00027879890006709846,0.00027879890006709846,0.00015809262682118887,0.00015809262682118887,0.00015809262682118887,0.0011276869225064767,0.0011276869225064767,0.0011276869225064767,0.004491135921526375,0.004491135921526375,0.004491135921526375,0.0,0.0,0.0,1.3550215021826473
2025-06-10 23:00:00,1.3484074696568358,1.3506427921301034,1.3612183111142626,1.3484074696568358,1.3484074696568358,-0.0008759202317565673,-0.0008759202317565673,-0.0008759202317565673,-8.287415764437244e-05,-8.287415764437244e-05,-8.287415764437244e-05,0.0004905505363308304,0.0004905505363308304,0.0004905505363308304,0.00019135937586524094,0.00019135937586524094,0.00019135937586524094,0.00019135937586524826,0.00019135937586524826,0.00019135937586524826,0.0001913593758652485,0.0001913593758652485,0.0001913593758652485,-0.0008224732465465651,-0.0008224732465465651,-0.0008224732465465651,-0.0006080140426793155,-0.0006080140426793155,-0.0006080140426793155,0.004611133242459695,0.004611133242459695,0.004611133242459695,-1.602055375945593e-05,-1.602055375945593e-05,-1.602055375945593e-05,0.00014415502567789913,0.00014415502567789913,0.00014415502567789913,-0.00106305149741095,-0.00106305149741095,-0.00106305149741095,-0.00019693161840172454,-0.00019693161840172454,-0.00019693161840172454,0.0008440170855160696,0.0008440170855160696,0.0008440170855160696,0.0004748638186291065,0.0004748638186291065,0.0004748638186291065,0.0021187218271109683,0.0021187218271109683,0.0021187218271109683,0.004120582706128865,0.004120582706128865,0.004120582706128865,0.0,0.0,0.0,1.3546251561645513
2025-06-11 23:00:00,1.3479092816622529,1.3474899525204038,1.357500381068014,1.3479092816622529,1.3479092816622529,0.0006733025950426092,0.0006733025950426092,0.0006733025950426092,-0.00011608061958306182,-0.00011608061958306182,-0.00011608061958306182,0.00224204265065925,0.00224204265065925,0.00224204265065925,0.00019135937586524094,0.00019135937586524094,0.00019135937586524094,0.00019135937586524826,0.00019135937586524826,0.00019135937586524826,0.0001913593758652485,0.0001913593758652485,0.0001913593758652485,-0.000793985993437643,-0.000793985993437643,-0.000793985993437643,-4.341802552011054e-05,-4.341802552011054e-05,-4.341802552011054e-05,0.0038222096467182905,0.0038222096467182905,0.0038222096467182905,-0.0018583842360968877,-0.0018583842360968877,-0.0018583842360968877,-0.0006235877158151449,-0.0006235877158151449,-0.0006235877158151449,0.0002501098104279717,0.0002501098104279717,0.0002501098104279717,6.158667665978826e-05,6.158667665978826e-05,6.158667665978826e-05,0.0011917509757730285,0.0011917509757730285,0.0011917509757730285,0.00038321998367149795,0.00038321998367149795,0.00038321998367149795,0.0025434510719414645,0.0025434510719414645,0.0025434510719414645,0.0015801669960590408,0.0015801669960590408,0.0015801669960590408,0.0,0.0,0.0,1.3530612735215233
2025-06-12 23:00:00,1.3474110936676702,1.3521586696112533,1.3638539991607066,1.3474110936676702,1.3474110936676702,0.001915682841023112,0.001915682841023112,0.001915682841023112,-2.3038180804481008e-05,-2.3038180804481008e-05,-2.3038180804481008e-05,0.006073275083854586,0.006073275083854586,0.006073275083854586,0.00019135937586524094,0.00019135937586524094,0.00019135937586524094,0.00019135937586524826,0.00019135937586524826,0.00019135937586524826,0.0001913593758652485,0.0001913593758652485,0.0001913593758652485,0.00042178980627732436,0.00042178980627732436,0.00042178980627732436,-0.0003628250358583174,-0.0003628250358583174,-0.0003628250358583174,0.007957885889250265,0.007957885889250265,0.007957885889250265,-1.602055375945593e-05,-1.602055375945593e-05,-1.602055375945593e-05,0.0006115795258506947,0.0006115795258506947,0.0006115795258506947,-0.0012217526295925185,-0.0012217526295925185,-0.0012217526295925185,9.90036365992145e-05,9.90036365992145e-05,9.90036365992145e-05,0.001224159368108706,0.001224159368108706,0.001224159368108706,0.0002363788990013556,0.0002363788990013556,0.0002363788990013556,0.002614239279413214,0.002614239279413214,0.002614239279413214,0.00188461080539568,0.00188461080539568,0.00188461080539568,0.0,0.0,0.0,1.3581336373969872
2025-06-15 23:00:00,1.3459165296839217,1.3500232285070273,1.3627068522249655,1.3459165296839217,1.3459165296839217,-0.0008759202317565668,-0.0008759202317565668,-0.0008759202317565668,0.0001860262814111213,0.0001860262814111213,0.0001860262814111213,0.0050105159743942685,0.0050105159743942685,0.0050105159743942685,0.00019135937586524094,0.00019135937586524094,0.00019135937586524094,0.00019135937586524826,0.00019135937586524826,0.00019135937586524826,0.0001913593758652485,0.0001913593758652485,0.0001913593758652485,0.000353732015987345,0.000353732015987345,0.000353732015987345,-0.0004128878598779153,-0.0004128878598779153,-0.0004128878598779153,0.0076060636726668325,0.0076060636726668325,0.0076060636726668325,-1.602055375945593e-05,-1.602055375945593e-05,-1.602055375945593e-05,0.0006209354143135705,0.0006209354143135705,0.0006209354143135705,0.0011462232194740178,0.0011462232194740178,0.0011462232194740178,-0.000286587924808658,-0.000286587924808658,-0.000286587924808658,0.001178888505664184,0.001178888505664184,0.001178888505664184,0.00014017432315292279,0.00014017432315292279,0.00014017432315292279,0.002401874656997966,0.002401874656997966,0.002401874656997966,0.002595547698272564,0.002595547698272564,0.002595547698272564,0.0,0.0,0.0,1.3561536565067924
2025-06-16 23:00:00,1.3454183415601166,1.3463765825278255,1.3583594191216077,1.3454183415601166,1.3454183415601166,-0.0015653892524081555,-0.0015653892524081555,-0.0015653892524081555,5.1576061883374404e-05,5.1576061883374404e-05,5.1576061883374404e-05,0.00042167556499097484,0.00042167556499097484,0.00042167556499097484,0.00019135937586524094,0.00019135937586524094,0.00019135937586524094,0.00019135937586524826,0.00019135937586524826,0.00019135937586524826,0.0001913593758652485,0.0001913593758652485,0.0001913593758652485,2.3208969088993438e-05,2.3208969088993438e-05,2.3208969088993438e-05,-0.00019528788517128153,-0.00019528788517128153,-0.00019528788517128153,0.004912811486496818,0.004912811486496818,0.004912811486496818,-0.0018583842360968877,-0.0018583842360968877,-0.0018583842360968877,-0.0008729162511199494,-0.0008729162511199494,-0.0008729162511199494,0.0011641596714615,0.0011641596714615,0.0011641596714615,4.925166347579039e-05,4.925166347579039e-05,4.925166347579039e-05,0.000916964183038679,0.000916964183038679,0.000916964183038679,1.5692686132205697e-05,1.5692686132205697e-05,1.5692686132205697e-05,0.0021187218271109683,0.0021187218271109683,0.0021187218271109683,0.004491135921505843,0.004491135921505843,0.004491135921505843,0.0,0.0,0.0,1.3520281282426767
2025-06-17 23:00:00,1.3449201534363115,1.3444451528095809,1.3555612079638049,1.3449201534363115,1.3449201534363115,-0.0008759202317565673,-0.0008759202317565673,-0.0008759202317565673,-8.287415764437244e-05,-8.287415764437244e-05,-8.287415764437244e-05,0.0001492834618728742,0.0001492834618728742,0.0001492834618728742,0.00019135937586524094,0.00019135937586524094,0.00019135937586524094,0.00019135937586524826,0.00019135937586524826,0.00019135937586524826,0.0001913593758652485,0.0001913593758652485,0.0001913593758652485,-0.0006767666567787307,-0.0006767666567787307,-0.0006767666567787307,-4.678815822145396e-05,-4.678815822145396e-05,-4.678815822145396e-05,0.004269866168024001,0.004269866168024001,0.004269866168024001,-1.602055375945593e-05,-1.602055375945593e-05,-1.602055375945593e-05,2.98068547455248e-05,2.98068547455248e-05,2.98068547455248e-05,-0.0016997477788879673,-0.0016997477788879673,-0.0016997477788879673,-0.0003271755682108589,-0.0003271755682108589,-0.0003271755682108589,0.0009878344668626789,0.0009878344668626789,0.0009878344668626789,2.2558875873872453e-05,2.2558875873872453e-05,2.2558875873872453e-05,0.0022602982420544667,0.0022602982420544667,0.0022602982420544667,0.004120582706151127,0.004120582706151127,0.004120582706151127,0.0,0.0,0.0,1.350662782498163
2025-06-18 23:00:00,1.3444219653125067,1.3377809506363598,1.3482903740308672,1.3444219653125067,1.3444219653125067,0.0006733025950426092,0.0006733025950426092,0.0006733025950426092,-0.00011608061958306182,-0.00011608061958306182,-0.00011608061958306182,-0.0023513828305250883,-0.0023513828305250883,-0.0023513828305250883,0.00019135937586524094,0.00019135937586524094,0.00019135937586524094,0.00019135937586524826,0.00019135937586524826,0.00019135937586524826,0.0001913593758652485,0.0001913593758652485,0.0001913593758652485,-0.0016229240614951063,-0.0016229240614951063,-0.0016229240614951063,0.0005021111648101108,0.0005021111648101108,0.0005021111648101108,-0.0007712158344182792,-0.0007712158344182792,-0.0007712158344182792,-0.0018583842360968877,-0.0018583842360968877,-0.0018583842360968877,-0.0016183470137134347,-0.0016183470137134347,-0.0016183470137134347,3.0889531571151654e-05,3.0889531571151654e-05,3.0889531571151654e-05,0.00027843170141452134,0.00027843170141452134,0.00027843170141452134,0.0003328037651031814,0.0003328037651031814,0.0003328037651031814,-0.00037179787779338913,-0.00037179787779338913,-0.00037179787779338913,0.0008445340926194793,0.0008445340926194793,0.0008445340926194793,0.001580166996106809,0.001580166996106809,0.001580166996106809,0.0,0.0,0.0,1.3433851258047178
2025-06-19 23:00:00,1.3439237771887016,1.337590327971746,1.3495332354700458,1.3439237771887016,1.3439237771887016,0.001915682841023112,0.001915682841023112,0.001915682841023112,-2.3038180804481008e-05,-2.3038180804481008e-05,-2.3038180804481008e-05,-0.0009513098929520864,-0.0009513098929520864,-0.0009513098929520864,0.00019135937586524094,0.00019135937586524094,0.00019135937586524094,0.00019135937586524826,0.00019135937586524826,0.00019135937586524826,0.0001913593758652485,0.0001913593758652485,0.0001913593758652485,-0.0019184450726535593,-0.0019184450726535593,-0.0019184450726535593,0.0006130024702218686,0.0006130024702218686,0.0006130024702218686,0.0009333009124361338,0.0009333009124361338,0.0009333009124361338,-1.602055375945593e-05,-1.602055375945593e-05,-1.602055375945593e-05,-0.00022435757324092357,-0.00022435757324092357,-0.00022435757324092357,-0.00312883526067059,-0.00312883526067059,-0.00312883526067059,0.0002830189296665273,0.0002830189296665273,0.0002830189296665273,0.0003396320090846965,0.0003396320090846965,0.0003396320090846965,-0.00021056172203449763,-0.00021056172203449763,-0.00021056172203449763,0.0008445340926194793,0.0008445340926194793,0.0008445340926194793,0.0018846108053882202,0.0018846108053882202,0.0018846108053882202,0.0,0.0,0.0,1.3451780624761964
2025-06-22 23:00:00,1.349364303325907,1.3472558509248893,1.358234885761848,1.349364303325907,1.349364303325907,-0.0008759202317565668,-0.0008759202317565668,-0.0008759202317565668,0.0001860262814111213,0.0001860262814111213,0.0001860262814111213,-0.001185542579508641,-0.001185542579508641,-0.001185542579508641,0.00019135937586524094,0.00019135937586524094,0.00019135937586524094,0.00019135937586524826,0.00019135937586524826,0.00019135937586524826,0.0001913593758652485,0.0001913593758652485,0.0001913593758652485,-0.0016314476679679562,-0.0016314476679679562,-0.0016314476679679562,0.0004214127166799736,0.0004214127166799736,0.0004214127166799736,0.0014100051187862454,0.0014100051187862454,0.0014100051187862454,-1.602055375945593e-05,-1.602055375945593e-05,-1.602055375945593e-05,0.0006279427365793355,0.0006279427365793355,0.0006279427365793355,-0.00045637665138882817,-0.00045637665138882817,-0.00045637665138882817,-0.0004494223121432793,-0.0004494223121432793,-0.0004494223121432793,0.0002278023183865756,0.0002278023183865756,0.0002278023183865756,-0.0002134221909342818,-0.0002134221909342818,-0.0002134221909342818,0.00041980484778898297,0.00041980484778898297,0.00041980484778898297,0.0025955476982948865,0.0025955476982948865,0.0025955476982948865,0.0,0.0,0.0,1.3512669139007039
2025-06-23 23:00:00,1.351177812038309,1.353227068333801,1.3623937324423396,1.351177812038309,1.351177812038309,-0.0015653892524081555,-0.0015653892524081555,-0.0015653892524081555,5.1576061883374404e-05,5.1576061883374404e-05,5.1576061883374404e-05,0.0007094641708644371,0.0007094641708644371,0.0007094641708644371,0.00019135937586524094,0.00019135937586524094,0.00019135937586524094,0.00019135937586524826,0.00019135937586524826,0.00019135937586524826,0.0001913593758652485,0.0001913593758652485,0.0001913593758652485,-0.0016287776735270493,-0.0016287776735270493,-0.0016287776735270493,0.0009229601270077185,0.0009229601270077185,0.0009229601270077185,0.005200600092377821,0.005200600092377821,0.005200600092377821,-1.602055375945593e-05,-1.602055375945593e-05,-1.602055375945593e-05,-0.0005372503626238404,-0.0005372503626238404,-0.0005372503626238404,0.001177593617353377,0.001177593617353377,0.001177593617353377,-6.813686420969841e-06,-6.813686420969841e-06,-6.813686420969841e-06,0.000637663553612391,0.000637663553612391,0.000637663553612391,-0.00016941912529866616,-0.00016941912529866616,-0.00016941912529866616,0.0012692633374499756,0.0012692633374499756,0.0012692633374499756,0.004491135921513383,0.004491135921513383,0.004491135921513383,0.0,0.0,0.0,1.3582047474924142
2025-06-24 23:00:00,1.3529913207507107,1.354568389596818,1.3656535353221415,1.3529913207507107,1.3529913207507107,-0.0008759202317565673,-0.0008759202317565673,-0.0008759202317565673,-8.287415764437244e-05,-8.287415764437244e-05,-8.287415764437244e-05,0.0006755168588219255,0.0006755168588219255,0.0006755168588219255,0.00019135937586524094,0.00019135937586524094,0.00019135937586524094,0.00019135937586524826,0.00019135937586524826,0.00019135937586524826,0.0001913593758652485,0.0001913593758652485,0.0001913593758652485,-0.0008401843751887286,-0.0008401843751887286,-0.0008401843751887286,0.000667310867901575,0.000667310867901575,0.000667310867901575,0.004796099564995314,0.004796099564995314,0.004796099564995314,0.001826343128577976,0.001826343128577976,0.001826343128577976,0.0011946587180688116,0.0011946587180688116,0.0011946587180688116,-0.0010562327223825386,-0.0010562327223825386,-0.0010562327223825386,-0.0008149098943917866,-0.0008149098943917866,-0.0008149098943917866,0.00025029113794577485,0.00025029113794577485,0.00025029113794577485,-0.0005160603802211893,-0.0005160603802211893,-0.0005160603802211893,0.0003490166403172335,0.0003490166403172335,0.0003490166403172335,0.00412058270617339,0.00412058270617339,0.00412058270617339,0.0,0.0,0.0,1.3594804018356057
2025-06-25 23:00:00,1.3548048296767865,1.3619247080870651,1.3711448513548934,1.3548048296767865,1.3548048296767865,0.0006733025950426092,0.0006733025950426092,0.0006733025950426092,-0.00011608061958306182,-0.00011608061958306182,-0.00011608061958306182,0.006598744754114571,0.006598744754114571,0.006598744754114571,0.00019135937586524094,0.00019135937586524094,0.00019135937586524094,0.00019135937586524826,0.00019135937586524826,0.00019135937586524826,0.0001913593758652485,0.0001913593758652485,0.0001913593758652485,0.00017442986908410875,0.00017442986908410875,0.00017442986908410875,0.0002837731574642727,0.0002837731574642727,0.0002837731574642727,0.008178911750180172,0.008178911750180172,0.008178911750180172,0.001826343128577976,0.001826343128577976,0.001826343128577976,0.0007280037980956913,0.0007280037980956913,0.0007280037980956913,0.0022640616778544275,0.0022640616778544275,0.0022640616778544275,-0.00013143148721463102,-0.00013143148721463102,-0.00013143148721463102,0.00019929223471041685,0.00019929223471041685,0.00019929223471041685,-1.3679745414960503e-05,-1.3679745414960503e-05,-1.3679745414960503e-05,0.00013665201790198514,0.00013665201790198514,0.00013665201790198514,0.001580166996065601,0.001580166996065601,0.001580166996065601,0.0,0.0,0.0,1.3658856588174308
2025-06-26 23:00:00,1.356618338602862,1.3644766929408647,1.375584284471781,1.356618338602862,1.356618338602862,0.001915682841023112,0.001915682841023112,0.001915682841023112,-2.3038180804481008e-05,-2.3038180804481008e-05,-2.3038180804481008e-05,0.007816162472165093,0.007816162472165093,0.007816162472165093,0.00019135937586524094,0.00019135937586524094,0.00019135937586524094,0.00019135937586524826,0.00019135937586524826,0.00019135937586524826,0.0001913593758652485,0.0001913593758652485,0.0001913593758652485,0.00032261602777280875,0.00032261602777280875,0.00032261602777280875,-0.0002177416500235969,-0.0002177416500235969,-0.0002177416500235969,0.00970077327754662,0.00970077327754662,0.00970077327754662,0.001826343128577976,0.001826343128577976,0.001826343128577976,0.0008089817954258029,0.0008089817954258029,0.0008089817954258029,0.0013694236538941238,0.0013694236538941238,0.0013694236538941238,0.0002864546468403667,0.0002864546468403667,0.0002864546468403667,0.000319102567023917,0.000319102567023917,0.000319102567023917,7.287825210684543e-05,7.287825210684543e-05,7.287825210684543e-05,0.0005613812627324815,0.0005613812627324815,0.0005613812627324815,0.0018846108053815255,0.0018846108053815255,0.0018846108053815255,0.0,0.0,0.0,1.3697785855298106
2025-06-29 23:00:00,1.3620588653810894,1.3636756049934002,1.3747232978359343,1.3620588653810894,1.3620588653810894,-0.0008759202317565668,-0.0008759202317565668,-0.0008759202317565668,0.0001860262814111213,0.0001860262814111213,0.0001860262814111213,0.0027758491159549114,0.0027758491159549114,0.0027758491159549114,0.00019135937586524094,0.00019135937586524094,0.00019135937586524094,0.00019135937586524826,0.00019135937586524826,0.00019135937586524826,0.0001913593758652485,0.0001913593758652485,0.0001913593758652485,8.495283679161829e-05,8.495283679161829e-05,8.495283679161829e-05,-0.00010533118423123872,-0.00010533118423123872,-0.00010533118423123872,0.005371396814182345,0.005371396814182345,0.005371396814182345,-1.602055375945593e-05,-1.602055375945593e-05,-1.602055375945593e-05,0.00030433868416479873,0.00030433868416479873,0.00030433868416479873,0.0015246689806118767,0.0015246689806118767,0.0015246689806118767,-0.0002848440304489357,-0.0002848440304489357,-0.0002848440304489357,0.0004067403716980678,0.0004067403716980678,0.0004067403716980678,6.18375337866592e-05,6.18375337866592e-05,6.18375337866592e-05,0.0009153223000912284,0.0009153223000912284,0.0009153223000912284,0.0025955476982274343,0.0025955476982274343,0.0025955476982274343,0.0,0.0,0.0,1.3693750240313263
2025-06-30 23:00:00,1.363872374307165,1.3671583416978774,1.3797789874903155,1.363872374307165,1.363872374307165,-0.0015653892524081555,-0.0015653892524081555,-0.0015653892524081555,5.1576061883374404e-05,5.1576061883374404e-05,5.1576061883374404e-05,0.0021422976467299327,0.0021422976467299327,0.0021422976467299327,0.00019135937586524094,0.00019135937586524094,0.00019135937586524094,0.00019135937586524826,0.00019135937586524826,0.00019135937586524826,0.0001913593758652485,0.0001913593758652485,0.0001913593758652485,0.0006458632192970862,0.0006458632192970862,0.0006458632192970862,-0.00019004224200873954,-0.00019004224200873954,-0.00019004224200873954,0.006633433568244521,0.006633433568244521,0.006633433568244521,-1.602055375945593e-05,-1.602055375945593e-05,-1.602055375945593e-05,-0.00012571432946527266,-0.00012571432946527266,-0.00012571432946527266,0.0005572026654817803,0.0005572026654817803,0.0005572026654817803,0.0005643176815983431,0.0005643176815983431,0.0005643176815983431,0.0004603936784689248,0.0004603936784689248,0.0004603936784689248,0.00027071028995508123,0.00027071028995508123,0.00027071028995508123,0.0009153223000912284,0.0009153223000912284,0.0009153223000912284,0.004491135921514588,0.004491135921514588,0.004491135921514588,0.0,0.0,0.0,1.3729195310976956
2025-07-01 23:00:00,1.3626223257704113,1.3668965755716913,1.378094228605265,1.3626223257704113,1.3626223257704113,-0.0008759202317565673,-0.0008759202317565673,-0.0008759202317565673,-8.287415764437244e-05,-8.287415764437244e-05,-8.287415764437244e-05,0.002793379873415689,0.002793379873415689,0.002793379873415689,0.00019135937586524094,0.00019135937586524094,0.00019135937586524094,0.00019135937586524826,0.00019135937586524826,0.00019135937586524826,0.0001913593758652485,0.0001913593758652485,0.0001913593758652485,0.0006649849788173573,0.0006649849788173573,0.0006649849788173573,6.030073391138462e-05,6.030073391138462e-05,6.030073391138462e-05,0.006913962579539597,0.006913962579539597,0.006913962579539597,-1.602055375945593e-05,-1.602055375945593e-05,-1.602055375945593e-05,5.5279400636268597e-05,5.5279400636268597e-05,5.5279400636268597e-05,-0.0002672647554003188,-0.0002672647554003188,-0.0002672647554003188,0.00033551497180414304,0.00033551497180414304,0.00033551497180414304,0.0006727896252340514,0.0006727896252340514,0.0006727896252340514,0.0004032483965274853,0.0004032483965274853,0.0004032483965274853,0.0012692633374499756,0.0012692633374499756,0.0012692633374499756,0.004120582706123908,0.004120582706123908,0.004120582706123908,0.0,0.0,0.0,1.372043445540833
2025-07-02 23:00:00,1.3613722772336576,1.365683180161941,1.3768489420577783,1.3613722772336576,1.3613722772336576,0.0006733025950426092,0.0006733025950426092,0.0006733025950426092,-0.00011608061958306182,-0.00011608061958306182,-0.00011608061958306182,0.006186185696211777,0.006186185696211777,0.006186185696211777,0.00019135937586524094,0.00019135937586524094,0.00019135937586524094,0.00019135937586524826,0.00019135937586524826,0.00019135937586524826,0.0001913593758652485,0.0001913593758652485,0.0001913593758652485,0.001969488825950159,0.001969488825950159,0.001969488825950159,-7.145957360684722e-05,-7.145957360684722e-05,-7.145957360684722e-05,0.007766352692288578,0.007766352692288578,0.007766352692288578,-1.602055375945593e-05,-1.602055375945593e-05,-1.602055375945593e-05,0.00011941326276717801,0.00011941326276717801,0.00011941326276717801,7.972370677334571e-05,7.972370677334571e-05,7.972370677334571e-05,0.0003752187966859299,0.0003752187966859299,0.0003752187966859299,0.0007141024102254232,0.0007141024102254232,0.0007141024102254232,0.00047357896572728487,0.00047357896572728487,0.00047357896572728487,0.0014108397523934744,0.0014108397523934744,0.0014108397523934744,0.0015801669960768016,0.0015801669960768016,0.0015801669960768016,0.0,0.0,0.0,1.3719451744841584
2025-07-03 23:00:00,1.360122228696904,1.3609953982150849,1.3718735036610066,1.360122228696904,1.360122228696904,0.001915682841023112,0.001915682841023112,0.001915682841023112,-2.3038180804481008e-05,-2.3038180804481008e-05,-2.3038180804481008e-05,0.0024226659556600494,0.0024226659556600494,0.0024226659556600494,0.00019135937586524094,0.00019135937586524094,0.00019135937586524094,0.00019135937586524826,0.00019135937586524826,0.00019135937586524826,0.0001913593758652485,0.0001913593758652485,0.0001913593758652485,0.0012632494944795813,0.0012632494944795813,0.0012632494944795813,0.00029687741870235845,0.00029687741870235845,0.00029687741870235845,0.004307276761064899,0.004307276761064899,0.004307276761064899,-0.0018583842360968877,-0.0018583842360968877,-0.0018583842360968877,-0.001165155608153008,-0.001165155608153008,-0.001165155608153008,0.0002026766410080138,0.0002026766410080138,0.0002026766410080138,0.00012779032996764362,0.00012779032996764362,0.00012779032996764362,0.0003583253416488647,0.0003583253416488647,0.0003583253416488647,0.0001691825235566327,0.0001691825235566327,0.0001691825235566327,0.0005613812627324815,0.0005613812627324815,0.0005613812627324815,0.0018846108054048501,0.0018846108054048501,0.0018846108054048501,0.0,0.0,0.0,1.3659806515647777
2025-07-06 23:00:00,1.356372083086643,1.3537357920939397,1.3657842488106322,1.356372083086643,1.356372083086643,-0.0008759202317565668,-0.0008759202317565668,-0.0008759202317565668,0.0001860262814111213,0.0001860262814111213,0.0001860262814111213,2.6637714055863845e-05,2.6637714055863845e-05,2.6637714055863845e-05,0.00019135937586524094,0.00019135937586524094,0.00019135937586524094,0.00019135937586524826,0.00019135937586524826,0.00019135937586524826,0.0001913593758652485,0.0001913593758652485,0.0001913593758652485,0.0008966068495843487,0.0008966068495843487,0.0008966068495843487,0.0003261621557618916,0.0003261621557618916,0.0003261621557618916,0.0026221854123056184,0.0026221854123056184,0.0026221854123056184,-1.602055375945593e-05,-1.602055375945593e-05,-1.602055375945593e-05,0.00013952944031876878,0.00013952944031876878,0.00013952944031876878,-0.0022600085405543075,-0.0022600085405543075,-0.0022600085405543075,-8.306632376567644e-05,-8.306632376567644e-05,-8.306632376567644e-05,0.0003691246113993688,0.0003691246113993688,0.0003691246113993688,0.00020874463508815228,0.00020874463508815228,0.00020874463508815228,0.0005613812627324815,0.0005613812627324815,0.0005613812627324815,0.002595547698249755,0.002595547698249755,0.002595547698249755,0.0,0.0,0.0,1.3599287421765713
2025-07-07 23:00:00,1.3551220345498893,1.3582160713992752,1.3688653331969343,1.3551220345498893,1.3551220345498893,-0.0015653892524081555,-0.0015653892524081555,-0.0015653892524081555,5.1576061883374404e-05,5.1576061883374404e-05,5.1576061883374404e-05,0.0017231799066678407,0.0017231799066678407,0.0017231799066678407,0.00019135937586524094,0.00019135937586524094,0.00019135937586524094,0.00019135937586524826,0.00019135937586524826,0.00019135937586524826,0.0001913593758652485,0.0001913593758652485,0.0001913593758652485,0.0011055909666745078,0.0011055909666745078,0.0011055909666745078,0.00024833911213188465,0.00024833911213188465,0.00024833911213188465,0.006214315828189969,0.006214315828189969,0.006214315828189969,-1.602055375945593e-05,-1.602055375945593e-05,-1.602055375945593e-05,-0.0002588577017720858,-0.0002588577017720858,-0.0002588577017720858,0.00024124196318532295,0.00024124196318532295,0.00024124196318532295,5.6756012211598245e-06,5.6756012211598245e-06,5.6756012211598245e-06,0.00042390317446104446,0.00042390317446104446,0.00042390317446104446,0.0002100847297785254,0.0002100847297785254,0.0002100847297785254,0.0007029576776759804,0.0007029576776759804,0.0007029576776759804,0.004491135921522128,0.004491135921522128,0.004491135921522128,0.0,0.0,0.0,1.3635431908583218
2025-07-08 23:00:00,1.3538719860131356,1.354920785126939,1.3656272976753663,1.3538719860131356,1.3538719860131356,-0.0008759202317565673,-0.0008759202317565673,-0.0008759202317565673,-8.287415764437244e-05,-8.287415764437244e-05,-8.287415764437244e-05,0.00023812930083591234,0.00023812930083591234,0.00023812930083591234,0.00019135937586524094,0.00019135937586524094,0.00019135937586524094,0.00019135937586524826,0.00019135937586524826,0.00019135937586524826,0.0001913593758652485,0.0001913593758652485,0.0001913593758652485,-8.043916277859359e-05,-8.043916277859359e-05,-8.043916277859359e-05,0.00039447255420998746,0.00039447255420998746,0.00039447255420998746,0.004358712006982083,0.004358712006982083,0.004358712006982083,-1.602055375945593e-05,-1.602055375945593e-05,-1.602055375945593e-05,-0.00038527993079202173,-0.00038527993079202173,-0.00038527993079202173,-0.0005225178737234675,-0.0005225178737234675,-0.0005225178737234675,3.712068155153529e-05,3.712068155153529e-05,3.712068155153529e-05,0.00039611558374247113,0.00039611558374247113,0.00039611558374247113,0.00023801300145817765,0.00023801300145817765,0.00023801300145817765,0.0005613812627324815,0.0005613812627324815,0.0005613812627324815,0.00412058270614617,0.00412058270614617,0.00412058270614617,0.0,0.0,0.0,1.359773124094488
2025-07-09 23:00:00,1.3526219374763822,1.3487206454308749,1.3600344588685096,1.3526219374763822,1.3526219374763822,0.0006733025950426092,0.0006733025950426092,0.0006733025950426092,-0.00011608061958306182,-0.00011608061958306182,-0.00011608061958306182,5.3981769740875894e-05,5.3981769740875894e-05,5.3981769740875894e-05,0.00019135937586524094,0.00019135937586524094,0.00019135937586524094,0.00019135937586524826,0.00019135937586524826,0.00019135937586524826,0.0001913593758652485,0.0001913593758652485,0.0001913593758652485,-0.0010056682550686506,-0.0010056682550686506,-0.0010056682550686506,0.0003616065515969944,0.0003616065515969944,0.0003616065515969944,0.0016341487658288784,0.0016341487658288784,0.0016341487658288784,-1.602055375945593e-05,-1.602055375945593e-05,-1.602055375945593e-05,-0.0005045156511644648,-0.0005045156511644648,-0.0005045156511644648,-0.0007648856883852464,-0.0007648856883852464,-0.0007648856883852464,-0.0005927083977191692,-0.0005927083977191692,-0.0005927083977191692,0.0004281040162388961,0.0004281040162388961,0.0004281040162388961,0.00031381196727070667,0.00031381196727070667,0.00031381196727070667,0.0007029576776759804,0.0007029576776759804,0.0007029576776759804,0.0015801669960880025,0.0015801669960880025,0.0015801669960880025,0.0,0.0,0.0,1.3548323229461423
2025-07-10 23:00:00,1.3513718889396282,1.3520779779234406,1.3634672589248535,1.3513718889396282,1.3513718889396282,0.001915682841023112,0.001915682841023112,0.001915682841023112,-2.3038180804481008e-05,-2.3038180804481008e-05,-2.3038180804481008e-05,0.0026324712372552696,0.0026324712372552696,0.0026324712372552696,0.00019135937586524094,0.00019135937586524094,0.00019135937586524094,0.00019135937586524826,0.00019135937586524826,0.00019135937586524826,0.0001913593758652485,0.0001913593758652485,0.0001913593758652485,-0.0015977129394215133,-0.0015977129394215133,-0.0015977129394215133,0.000524808774121468,0.000524808774121468,0.000524808774121468,0.0045170820426534255,0.0045170820426534255,0.0045170820426534255,-1.602055375945593e-05,-1.602055375945593e-05,-1.602055375945593e-05,2.0305137529239712e-05,2.0305137529239712e-05,2.0305137529239712e-05,-0.0009934760336142868,-0.0009934760336142868,-0.0009934760336142868,4.6983721107124555e-05,4.6983721107124555e-05,4.6983721107124555e-05,0.0005338639109770972,0.0005338639109770972,0.0005338639109770972,0.0005900977174664999,0.0005900977174664999,0.0005900977174664999,0.0010568987150347273,0.0010568987150347273,0.0010568987150347273,0.0018846108053981558,0.0018846108053981558,0.0018846108053981558,0.0,0.0,0.0,1.3574761466321041
2025-07-13 23:00:00,1.3476217433293673,1.345570441693228,1.3569162531593257,1.3476217433293673,1.3476217433293673,-0.0008759202317565668,-0.0008759202317565668,-0.0008759202317565668,0.0001860262814111213,0.0001860262814111213,0.0001860262814111213,0.0007469761391117932,0.0007469761391117932,0.0007469761391117932,0.00019135937586524094,0.00019135937586524094,0.00019135937586524094,0.00019135937586524826,0.00019135937586524826,0.00019135937586524826,0.0001913593758652485,0.0001913593758652485,0.0001913593758652485,-0.0019928630808492926,-0.0019928630808492926,-0.0019928630808492926,0.000757487738973446,0.000757487738973446,0.000757487738973446,0.003342523837354445,0.003342523837354445,0.003342523837354445,-1.602055375945593e-05,-1.602055375945593e-05,-1.602055375945593e-05,-0.00022205011915544615,-0.00022205011915544615,-0.00022205011915544615,1.2673506944010613e-05,1.2673506944010613e-05,1.2673506944010613e-05,-0.00014834703349588058,-0.00014834703349588058,-0.00014834703349588058,0.0006530994518151832,0.0006530994518151832,0.0006530994518151832,0.0006911251288824597,0.0006911251288824597,0.0006911251288824597,0.0011276869225064767,0.0011276869225064767,0.0011276869225064767,0.0025955476982426513,0.0025955476982426513,0.0025955476982426513,0.0,0.0,0.0,1.3521262011301827
2025-07-14 23:00:00,1.3463716947926136,1.3404668556178116,1.3517360803452003,1.3463716947926136,1.3463716947926136,-0.0015653892524081555,-0.0015653892524081555,-0.0015653892524081555,5.1576061883374404e-05,5.1576061883374404e-05,5.1576061883374404e-05,-0.004409811752582162,-0.004409811752582162,-0.004409811752582162,0.00019135937586524094,0.00019135937586524094,0.00019135937586524094,0.00019135937586524826,0.00019135937586524826,0.00019135937586524826,0.0001913593758652485,0.0001913593758652485,0.0001913593758652485,-0.0026851546118799147,-0.0026851546118799147,-0.0026851546118799147,0.000805795238316934,0.000805795238316934,0.000805795238316934,8.132416891943467e-05,8.132416891943467e-05,8.132416891943467e-05,-0.0018583842360968877,-0.0018583842360968877,-0.0018583842360968877,-0.0010479321711474887,-0.0010479321711474887,-0.0010479321711474887,-0.0004519529625449827,-0.0004519529625449827,-0.0004519529625449827,-0.00021033234071100743,-0.00021033234071100743,-0.00021033234071100743,0.0005745164694085542,0.0005745164694085542,0.0005745164694085542,0.00041725741743869703,0.00041725741743869703,0.00041725741743869703,0.0009861105075629779,0.0009861105075629779,0.0009861105075629779,0.004491135921501596,0.004491135921501596,0.004491135921501596,0.0,0.0,0.0,1.3464811873517493
2025-07-15 23:00:00,1.34512164625586,1.3374652810731615,1.3477613545626137,1.34512164625586,1.34512164625586,-0.0008759202317565673,-0.0008759202317565673,-0.0008759202317565673,-8.287415764437244e-05,-8.287415764437244e-05,-8.287415764437244e-05,-0.00635976857179196,-0.00635976857179196,-0.00635976857179196,0.00019135937586524094,0.00019135937586524094,0.00019135937586524094,0.00019135937586524826,0.00019135937586524826,0.00019135937586524826,0.0001913593758652485,0.0001913593758652485,0.0001913593758652485,-0.0033455494844881065,-0.0033455494844881065,-0.0033455494844881065,0.0010415847776629097,0.0010415847776629097,0.0010415847776629097,-0.0022391858656593995,-0.0022391858656593995,-0.0022391858656593995,-0.0018583842360968877,-0.0018583842360968877,-0.0018583842360968877,-0.0008244481516682677,-0.0008244481516682677,-0.0008244481516682677,-0.002035276003607105,-0.002035276003607105,-0.002035276003607105,-0.0002687940749771969,-0.0002687940749771969,-0.0002687940749771969,0.0004556285163081973,0.0004556285163081973,0.0004556285163081973,0.00036959329161896637,0.00036959329161896637,0.00036959329161896637,0.0004905930552607321,0.0004905930552607321,0.0004905930552607321,0.0041205827061325615,0.0041205827061325615,0.0041205827061325615,0.0,0.0,0.0,1.3421096688779712
2025-07-16 23:00:00,1.3438715977191062,1.340730758032706,1.3504489375910953,1.3438715977191062,1.3438715977191062,0.0006733025950426092,0.0006733025950426092,0.0006733025950426092,-0.00011608061958306182,-0.00011608061958306182,-0.00011608061958306182,-0.00030885692845695686,-0.00030885692845695686,-0.00030885692845695686,0.00019135937586524094,0.00019135937586524094,0.00019135937586524094,0.00019135937586524826,0.00019135937586524826,0.00019135937586524826,0.0001913593758652485,0.0001913593758652485,0.0001913593758652485,-0.0037874579788161945,-0.0037874579788161945,-0.0037874579788161945,0.0007244173232215177,0.0007244173232215177,0.0007244173232215177,0.001271310067626404,0.001271310067626404,0.001271310067626404,-1.602055375945593e-05,-1.602055375945593e-05,-1.602055375945593e-05,-0.0004692634429171805,-0.0004692634429171805,-0.0004692634429171805,-0.0016068281441371716,-0.0016068281441371716,-0.0016068281441371716,-1.1472415074059914e-05,-1.1472415074059914e-05,-1.1472415074059914e-05,0.0010264864662859754,0.0010264864662859754,0.0010264864662859754,0.0003688952641581109,0.0003688952641581109,0.0003688952641581109,0.0023310864495262166,0.0023310864495262166,0.0023310864495262166,0.0015801669960833608,0.0015801669960833608,0.0015801669960833608,0.0,0.0,0.0,1.3455800752108837
2025-07-17 23:00:00,1.3426215491823528,1.3431509332429732,1.3559173060168754,1.3426215491823528,1.3426215491823528,0.001915682841023112,0.001915682841023112,0.001915682841023112,-2.3038180804481008e-05,-2.3038180804481008e-05,-2.3038180804481008e-05,0.0029446375185270446,0.0029446375185270446,0.0029446375185270446,0.00019135937586524094,0.00019135937586524094,0.00019135937586524094,0.00019135937586524826,0.00019135937586524826,0.00019135937586524826,0.0001913593758652485,0.0001913593758652485,0.0001913593758652485,-0.00280957506815784,-0.00280957506815784,-0.00280957506815784,0.0006245367682820556,0.0006245367682820556,0.0006245367682820556,0.0048292483239485255,0.0048292483239485255,0.0048292483239485255,-1.602055375945593e-05,-1.602055375945593e-05,-1.602055375945593e-05,0.00013750523177193032,0.00013750523177193032,0.00013750523177193032,-0.0009258929768913359,-0.0009258929768913359,-0.0009258929768913359,-0.00013030013356360055,-0.00013030013356360055,-0.00013030013356360055,0.0010190594631682667,0.0010190594631682667,0.0010190594631682667,0.00031830375780818895,0.00031830375780818895,0.00031830375780818895,0.0022602982420544667,0.0022602982420544667,0.0022602982420544667,0.0018846108054214805,0.0018846108054214805,0.0018846108054214805,0.0,0.0,0.0,1.3491054020484388
2025-07-20 23:00:00,1.3388714035720917,1.338931337603597,1.348771634838815,1.3388714035720917,1.3388714035720917,-0.0008759202317565668,-0.0008759202317565668,-0.0008759202317565668,0.0001860262814111213,0.0001860262814111213,0.0001860262814111213,0.0014011643910474764,0.0014011643910474764,0.0014011643910474764,0.00019135937586524094,0.00019135937586524094,0.00019135937586524094,0.00019135937586524826,0.00019135937586524826,0.00019135937586524826,0.0001913593758652485,0.0001913593758652485,0.0001913593758652485,-0.002779250762428449,-0.002779250762428449,-0.002779250762428449,0.0007481975684108221,0.0007481975684108221,0.0007481975684108221,0.003996712089312448,0.003996712089312448,0.003996712089312448,-1.602055375945593e-05,-1.602055375945593e-05,-1.602055375945593e-05,0.00017992516166846914,0.00017992516166846914,0.00017992516166846914,0.00023736129278645213,0.00023736129278645213,0.00023736129278645213,-0.0005352332937605578,-0.0005352332937605578,-0.0005352332937605578,0.0011453811519029106,0.0011453811519029106,0.0011453811519029106,0.0002055331994507768,0.0002055331994507768,0.0002055331994507768,0.0023310864495262166,0.0023310864495262166,0.0023310864495262166,0.002595547698264972,0.002595547698264972,0.002595547698264972,0.0,0.0,0.0,1.3442224870967832
2025-07-21 23:00:00,1.337621355035338,1.340054136214005,1.3506776215343514,1.337621355035338,1.337621355035338,-0.0015653892524081555,-0.0015653892524081555,-0.0015653892524081555,5.1576061883374404e-05,5.1576061883374404e-05,5.1576061883374404e-05,0.0006239315360625829,0.0006239315360625829,0.0006239315360625829,0.00019135937586524094,0.00019135937586524094,0.00019135937586524094,0.00019135937586524826,0.00019135937586524826,0.00019135937586524826,0.0001913593758652485,0.0001913593758652485,0.0001913593758652485,-0.0027799118308226745,-0.0027799118308226745,-0.0027799118308226745,0.0006715993223832691,0.0006715993223832691,0.0006715993223832691,0.005115067457571722,0.005115067457571722,0.005115067457571722,-1.602055375945593e-05,-1.602055375945593e-05,-1.602055375945593e-05,-0.00025973832653838777,-0.00025973832653838777,-0.00025973832653838777,0.0003186858018291514,0.0003186858018291514,0.0003186858018291514,-0.0004256582157661141,-0.0004256582157661141,-0.0004256582157661141,0.0011969345032156501,0.0011969345032156501,0.0011969345032156501,0.00038511303398047227,0.00038511303398047227,0.00038511303398047227,0.0024726628644697155,0.0024726628644697155,0.0024726628644697155,0.004491135921509138,0.004491135921509138,0.004491135921509138,0.0,0.0,0.0,1.3444633784990323
2025-07-22 23:00:00,1.3363713064985845,1.3432955662691441,1.3531053442853784,1.3363713064985845,1.3363713064985845,-0.0008759202317565673,-0.0008759202317565673,-0.0008759202317565673,-8.287415764437244e-05,-8.287415764437244e-05,-8.287415764437244e-05,0.0048637444886701665,0.0048637444886701665,0.0048637444886701665,0.00019135937586524094,0.00019135937586524094,0.00019135937586524094,0.00019135937586524826,0.00019135937586524826,0.00019135937586524826,0.0001913593758652485,0.0001913593758652485,0.0001913593758652485,-0.0019041333030873177,-0.0019041333030873177,-0.0019041333030873177,0.0007856756507952299,0.0007856756507952299,0.0007856756507952299,0.0089843271948191,0.0089843271948191,0.0089843271948191,0.001826343128577976,0.001826343128577976,0.001826343128577976,0.0007813652575975563,0.0007813652575975563,0.0007813652575975563,-0.000524206145650013,-0.000524206145650013,-0.000524206145650013,-0.00025150978110610115,-0.00025150978110610115,-0.00025150978110610115,0.0014726184043606593,0.0014726184043606593,0.0014726184043606593,0.00030649184463066656,0.00030649184463066656,0.00030649184463066656,0.0027558156943567123,0.0027558156943567123,0.0027558156943567123,0.004120582706148932,0.004120582706148932,0.004120582706148932,0.0,0.0,0.0,1.3483777035699356
2025-07-23 23:00:00,1.3351212579618306,1.3423827307130884,1.3525464616918925,1.3351212579618306,1.3351212579618306,0.0006733025950426092,0.0006733025950426092,0.0006733025950426092,-0.00011608061958306182,-0.00011608061958306182,-0.00011608061958306182,0.007463148609121807,0.007463148609121807,0.007463148609121807,0.00019135937586524094,0.00019135937586524094,0.00019135937586524094,0.00019135937586524826,0.00019135937586524826,0.00019135937586524826,0.0001913593758652485,0.0001913593758652485,0.0001913593758652485,-0.001299505792254852,-0.001299505792254852,-0.001299505792254852,0.00090355756048807,0.00090355756048807,0.00090355756048807,0.00904331560521637,0.00904331560521637,0.00904331560521637,-1.602055375945593e-05,-1.602055375945593e-05,-1.602055375945593e-05,0.00030092288602449186,0.00030092288602449186,0.00030092288602449186,0.0014717244947105798,0.0014717244947105798,0.0014717244947105798,4.599124383777123e-05,4.599124383777123e-05,4.599124383777123e-05,0.0016481660039440254,0.0016481660039440254,0.0016481660039440254,0.00045040876124743,0.00045040876124743,0.00045040876124743,0.002826603901828462,0.002826603901828462,0.002826603901828462,0.0015801669960945626,0.0015801669960945626,0.0015801669960945626,0.0,0.0,0.0,1.3471951808688127
2025-07-24 23:00:00,1.3338712094250769,1.3427635758266945,1.3539037716627964,1.3338712094250769,1.3338712094250769,0.001915682841023112,0.001915682841023112,0.001915682841023112,-2.3038180804481008e-05,-2.3038180804481008e-05,-2.3038180804481008e-05,0.008769239310184765,0.008769239310184765,0.008769239310184765,0.00019135937586524094,0.00019135937586524094,0.00019135937586524094,0.00019135937586524826,0.00019135937586524826,0.00019135937586524826,0.0001913593758652485,0.0001913593758652485,0.0001913593758652485,-0.0008662635148353141,-0.0008662635148353141,-0.0008662635148353141,0.0009619475749977021,0.0009619475749977021,0.0009619475749977021,0.010653850115569529,0.010653850115569529,0.010653850115569529,-1.602055375945593e-05,-1.602055375945593e-05,-1.602055375945593e-05,0.0005974373717088623,0.0005974373717088623,0.0005974373717088623,0.0005506541372916833,0.0005506541372916833,0.0005506541372916833,6.678989932000024e-05,6.678989932000024e-05,6.678989932000024e-05,0.0017685725616018622,0.0017685725616018622,0.0017685725616018622,0.00041279514421659215,0.00041279514421659215,0.00041279514421659215,0.002826603901828462,0.002826603901828462,0.002826603901828462,0.001884610805384766,0.001884610805384766,0.001884610805384766,0.0,0.0,0.0,1.348082073363765
2025-07-27 23:00:00,1.330121063814816,1.331458801401668,1.3426459596025513,1.330121063814816,1.330121063814816,-0.0008759202317565668,-0.0008759202317565668,-0.0008759202317565668,0.0001860262814111213,0.0001860262814111213,0.0001860262814111213,0.0025452362843925427,0.0025452362843925427,0.0025452362843925427,0.00019135937586524094,0.00019135937586524094,0.00019135937586524094,0.00019135937586524826,0.00019135937586524826,0.00019135937586524826,0.0001913593758652485,0.0001913593758652485,0.0001913593758652485,-0.0013471109052287005,-0.0013471109052287005,-0.0013471109052287005,0.001284042873055217,0.001284042873055217,0.001284042873055217,0.005140783982604775,0.005140783982604775,0.005140783982604775,-0.0018583842360968877,-0.0018583842360968877,-0.0018583842360968877,-0.0008625982447217834,-0.0008625982447217834,-0.0008625982447217834,0.0011191108752246102,0.0011191108752246102,0.0011191108752246102,-0.00014877880722035644,-0.00014877880722035644,-0.00014877880722035644,0.0016732267417913051,0.0016732267417913051,0.0016732267417913051,4.5728115982133165e-05,4.5728115982133165e-05,4.5728115982133165e-05,0.0027558156943567123,0.0027558156943567123,0.0027558156943567123,0.002595547698212233,0.002595547698212233,0.002595547698212233,0.0,0.0,0.0,1.3369589288746004
2025-07-28 23:00:00,1.3288710152780623,1.3281551744556908,1.340318339522864,1.3288710152780623,1.3288710152780623,-0.0015653892524081555,-0.0015653892524081555,-0.0015653892524081555,5.1576061883374404e-05,5.1576061883374404e-05,5.1576061883374404e-05,-0.0007482241686688255,-0.0007482241686688255,-0.0007482241686688255,0.00019135937586524094,0.00019135937586524094,0.00019135937586524094,0.00019135937586524826,0.00019135937586524826,0.00019135937586524826,0.0001913593758652485,0.0001913593758652485,0.0001913593758652485,-0.001208052667582485,-0.001208052667582485,-0.001208052667582485,0.0014874610746539506,0.0014874610746539506,0.0014874610746539506,0.0037429117528197816,0.0037429117528197816,0.0037429117528197816,-0.0018583842360968877,-0.0018583842360968877,-0.0018583842360968877,-0.0008626894200202141,-0.0008626894200202141,-0.0008626894200202141,-0.0016799668219963167,-0.0016799668219963167,-0.0016799668219963167,0.0003616783015153211,0.0003616783015153211,0.0003616783015153211,0.0015328045605581654,0.0015328045605581654,0.0015328045605581654,-0.0001247909687127806,-0.0001247909687127806,-0.0001247909687127806,0.0025434510719414645,0.0025434510719414645,0.0025434510719414645,0.004491135921488608,0.004491135921488608,0.004491135921488608,0.0,0.0,0.0,1.3338448622191281
2025-07-29 23:00:00,1.3276209667413088,1.3274858628438688,1.3383814880521154,1.3276209667413088,1.3276209667413088,-0.0008759202317565673,-0.0008759202317565673,-0.0008759202317565673,-8.287415764437244e-05,-8.287415764437244e-05,-8.287415764437244e-05,-0.000633240534065449,-0.000633240534065449,-0.000633240534065449,0.00019135937586524094,0.00019135937586524094,0.00019135937586524094,0.00019135937586524826,0.00019135937586524826,0.00019135937586524826,0.0001913593758652485,0.0001913593758652485,0.0001913593758652485,-0.0013389740075128186,-0.0013389740075128186,-0.0013389740075128186,0.0017784199210852368,0.0017784199210852368,0.0017784199210852368,0.003487342172069873,0.003487342172069873,0.003487342172069873,-0.0018583842360968877,-0.0018583842360968877,-0.0018583842360968877,-0.0009988515498449754,-0.0009988515498449754,-0.0009988515498449754,-0.0016801416168722104,-0.0016801416168722104,-0.0016801416168722104,0.00012611555094536905,0.00012611555094536905,0.00012611555094536905,0.0013851114834270808,0.0013851114834270808,0.0013851114834270808,-6.369447438900742e-05,-6.369447438900742e-05,-6.369447438900742e-05,0.002401874656997966,0.002401874656997966,0.002401874656997966,0.004120582706135322,0.004120582706135322,0.004120582706135322,0.0,0.0,0.0,1.3322508353271498
2025-07-30 23:00:00,1.326370918204555,1.327016642806804,1.3399053753483463,1.326370918204555,1.326370918204555,0.0006733025950426092,0.0006733025950426092,0.0006733025950426092,-0.00011608061958306182,-0.00011608061958306182,-0.00011608061958306182,0.003928699702352145,0.003928699702352145,0.003928699702352145,0.00019135937586524094,0.00019135937586524094,0.00019135937586524094,0.00019135937586524826,0.00019135937586524826,0.00019135937586524826,0.0001913593758652485,0.0001913593758652485,0.0001913593758652485,-0.0010954930791576478,-0.0010954930791576478,-0.0010954930791576478,0.0018513796997184052,0.0018513796997184052,0.0018513796997184052,0.005508866698457907,0.005508866698457907,0.005508866698457907,-1.602055375945593e-05,-1.602055375945593e-05,-1.602055375945593e-05,-0.00014491676789111263,-0.00014491676789111263,-0.00014491676789111263,-0.001941182085001567,-0.001941182085001567,-0.001941182085001567,0.00027149774861238464,0.00027149774861238464,0.00027149774861238464,0.0014306901985516735,0.0014306901985516735,0.0014306901985516735,3.956978122621438e-05,3.956978122621438e-05,3.956978122621438e-05,0.002401874656997966,0.002401874656997966,0.002401874656997966,0.0015801669961057621,0.0015801669961057621,0.0015801669961057621,0.0,0.0,0.0,1.3336777187856552
2025-07-31 23:00:00,1.3251208696678014,1.3248406471237588,1.3375397154519442,1.3251208696678014,1.3251208696678014,0.001915682841023112,0.001915682841023112,0.001915682841023112,-2.3038180804481008e-05,-2.3038180804481008e-05,-2.3038180804481008e-05,0.00262096548268078,0.00262096548268078,0.00262096548268078,0.00019135937586524094,0.00019135937586524094,0.00019135937586524094,0.00019135937586524826,0.00019135937586524826,0.00019135937586524826,0.0001913593758652485,0.0001913593758652485,0.0001913593758652485,-0.002086760794961041,-0.002086760794961041,-0.002086760794961041,0.0018563011551403971,0.0018563011551403971,0.0018563011551403971,0.004505576288088871,0.004505576288088871,0.004505576288088871,-0.0018583842360968877,-0.0018583842360968877,-0.0018583842360968877,-0.001182985822100329,-0.001182985822100329,-0.001182985822100329,-0.00030407832112786415,-0.00030407832112786415,-0.00030407832112786415,-0.0004443633537512618,-0.0004443633537512618,-0.0004443633537512618,0.0014207232219007558,0.0014207232219007558,0.0014207232219007558,0.0004227043963364252,0.0004227043963364252,0.0004227043963364252,0.0023310864495262166,0.0023310864495262166,0.0023310864495262166,0.0018846108054080919,0.0018846108054080919,0.0018846108054080919,0.0,0.0,0.0,1.3310913028370281
2025-08-01 23:00:00,1.3238708211310477,1.3181962801127385,1.3302926582644157,1.3238708211310477,1.3238711313728682,-0.0008759202317565668,-0.0008759202317565668,-0.0008759202317565668,0.0001860262814111213,0.0001860262814111213,0.0001860262814111213,-0.001695137644790653,-0.001695137644790653,-0.001695137644790653,0.00019135937586524094,0.00019135937586524094,0.00019135937586524094,0.00019135937586524826,0.00019135937586524826,0.00019135937586524826,0.0001913593758652485,0.0001913593758652485,0.0001913593758652485,-0.0026930430226059774,-0.0026930430226059774,-0.0026930430226059774,0.002068074969322612,0.002068074969322612,0.002068074969322612,0.0001815600171217826,0.0001815600171217826,0.0001815600171217826,-0.0018583842360968877,-0.0018583842360968877,-0.0018583842360968877,-0.0006277176627304144,-0.0006277176627304144,-0.0006277176627304144,-0.002294191373928355,-0.002294191373928355,-0.002294191373928355,-0.00044440805735226197,-0.00044440805735226197,-0.00044440805735226197,0.001454141868955507,0.001454141868955507,0.001454141868955507,0.00041433103539686647,0.00041433103539686647,0.00041433103539686647,0.002401874656997966,0.002401874656997966,0.002401874656997966,0.0018766976619124355,0.0018766976619124355,0.0018766976619124355,0.0,0.0,0.0,1.3241111831399992
2025-08-02 23:00:00,1.322620772594294,1.2982972377614082,1.3114231783328305,1.322620772594294,1.3230149839000154,-0.0015653892524081555,-0.0015653892524081555,-0.0015653892524081555,5.1576061883374404e-05,5.1576061883374404e-05,5.1576061883374404e-05,0.002361133673311859,0.002361133673311859,0.002361133673311859,0.00019135937586524094,0.00019135937586524094,0.00019135937586524094,0.00019135937586524826,0.00019135937586524826,0.00019135937586524826,0.0001913593758652485,0.0001913593758652485,0.0001913593758652485,-0.0018435542125870047,-0.0018435542125870047,-0.0018435542125870047,0.0017559697241517553,0.0017559697241517553,0.0017559697241517553,-0.014187608115987464,-0.014187608115987464,-0.014187608115987464,0.001826343128577976,0.001826343128577976,0.001826343128577976,0.0008718857101483158,0.0008718857101483158,0.0008718857101483158,-0.0012296702736356812,-0.0012296702736356812,-0.0012296702736356812,-0.0005111688755539634,-0.0005111688755539634,-0.0005111688755539634,0.0010367560764758925,0.0010367560764758925,0.0010367560764758925,-0.00015810870867336138,-0.00015810870867336138,-0.00015810870867336138,0.001552416167336973,0.001552416167336973,0.001552416167336973,-0.01654874178929932,-0.01654874178929932,-0.01654874178929932,0.0,0.0,0.0,1.3038559473866616
2025-08-03 23:00:00,1.3213707240575403,1.3230874379529276,1.3347028825198977,1.3211751213534368,1.3225542872651812,-0.0008759202317565673,-0.0008759202317565673,-0.0008759202317565673,-8.287415764437244e-05,-8.287415764437244e-05,-8.287415764437244e-05,0.002677240815959591,0.002677240815959591,0.002677240815959591,0.00019135937586524094,0.00019135937586524094,0.00019135937586524094,0.00019135937586524826,0.00019135937586524826,0.00019135937586524826,0.0001913593758652485,0.0001913593758652485,0.0001913593758652485,-0.002414768912373304,-0.002414768912373304,-0.002414768912373304,0.0016439847317547495,0.0016439847317547495,0.0016439847317547495,0.005272788514179432,0.005272788514179432,0.005272788514179432,-1.602055375945593e-05,-1.602055375945593e-05,-1.602055375945593e-05,2.0436712379262688e-05,2.0436712379262688e-05,2.0436712379262688e-05,0.0016452639460950603,0.0016452639460950603,0.0016452639460950603,-9.248135349844242e-05,-9.248135349844242e-05,-9.248135349844242e-05,0.0010175435096738401,0.0010175435096738401,0.0010175435096738401,-8.20525474286419e-05,-8.20525474286419e-05,-8.20525474286419e-05,0.0013400515449217248,0.0013400515449217248,0.0013400515449217248,0.0025955476982198415,0.0025955476982198415,0.0025955476982198415,0.0,0.0,0.0,1.328338032434324
2025-08-04 23:00:00,1.3201206755207868,1.3234259382777112,1.3377912547700137,1.319603181120856,1.3220333607659436,0.0006733025950426092,0.0006733025950426092,0.0006733025950426092,-0.00011608061958306182,-0.00011608061958306182,-0.00011608061958306182,0.0016735461408255096,0.0016735461408255096,0.0016735461408255096,0.00019135937586524094,0.00019135937586524094,0.00019135937586524094,0.00019135937586524826,0.00019135937586524826,0.00019135937586524826,0.0001913593758652485,0.0001913593758652485,0.0001913593758652485,-0.0026748690387622836,-0.0026748690387622836,-0.0026748690387622836,0.0015173055499645945,0.0015173055499645945,0.0015173055499645945,0.006164682062349731,0.006164682062349731,0.006164682062349731,-1.602055375945593e-05,-1.602055375945593e-05,-1.602055375945593e-05,-4.556261383800247e-05,-4.556261383800247e-05,-4.556261383800247e-05,1.2925753001620393e-05,1.2925753001620393e-05,1.2925753001620393e-05,-0.0006014506204896745,-0.0006014506204896745,-0.0006014506204896745,0.0010258497269710796,0.0010258497269710796,0.0010258497269710796,-8.67719177111275e-05,-8.67719177111275e-05,-8.67719177111275e-05,0.0014108397523934744,0.0014108397523934744,0.0014108397523934744,0.004491135921524222,0.004491135921524222,0.004491135921524222,0.0,0.0,0.0,1.328258799769307
2025-08-05 23:00:00,1.318870626984033,1.3213674866573109,1.3359892960998803,1.3174090006348687,1.3218430344859171,0.001915682841023112,0.001915682841023112,0.001915682841023112,-2.3038180804481008e-05,-2.3038180804481008e-05,-2.3038180804481008e-05,0.0029492401055169096,0.0029492401055169096,0.0029492401055169096,0.00019135937586524094,0.00019135937586524094,0.00019135937586524094,0.00019135937586524826,0.00019135937586524826,0.00019135937586524826,0.0001913593758652485,0.0001913593758652485,0.0001913593758652485,-0.0026627975272644584,-0.0026627975272644584,-0.0026627975272644584,0.0013535682420839812,0.0013535682420839812,0.0013535682420839812,0.007069822811674495,0.007069822811674495,0.007069822811674495,-1.602055375945593e-05,-1.602055375945593e-05,-1.602055375945593e-05,0.0006135181162801467,0.0006135181162801467,0.0006135181162801467,-0.00011360351790615588,-0.00011360351790615588,-0.00011360351790615588,-0.00032920049713601473,-0.00032920049713601473,-0.00032920049713601473,0.0008481482400874582,0.0008481482400874582,0.0008481482400874582,0.00015673534511280893,0.00015673534511280893,0.00015673534511280893,0.0006321694702042309,0.0006321694702042309,0.0006321694702042309,0.004120582706157586,0.004120582706157586,0.004120582706157586,0.0,0.0,0.0,1.3281948086283322
2025-08-06 23:00:00,1.3176205784472794,1.3202877732645653,1.333601265970868,1.31454357740982,1.3217965120106872,-0.0008759202317565668,-0.0008759202317565668,-0.0008759202317565668,0.0001860262814111213,0.0001860262814111213,0.0001860262814111213,0.0047436576390368045,0.0047436576390368045,0.0047436576390368045,0.00019135937586524094,0.00019135937586524094,0.00019135937586524094,0.00019135937586524826,0.00019135937586524826,0.00019135937586524826,0.0001913593758652485,0.0001913593758652485,0.0001913593758652485,-0.0012503571490701656,-0.0012503571490701656,-0.0012503571490701656,0.0010110310656946747,0.0010110310656946747,0.0010110310656946747,0.006323824635117201,0.006323824635117201,0.006323824635117201,0.001826343128577976,0.001826343128577976,0.001826343128577976,0.0010189468250900516,0.0010189468250900516,0.0010189468250900516,0.001149939748834028,0.001149939748834028,0.001149939748834028,0.0004060608290510944,0.0004060608290510944,0.0004060608290510944,0.00047581739584907576,0.00047581739584907576,0.00047581739584907576,0.0002974042222730413,0.0002974042222730413,0.0002974042222730413,-7.571260451326285e-05,-7.571260451326285e-05,-7.571260451326285e-05,0.0015801669960803957,0.0015801669960803957,0.0015801669960803957,0.0,0.0,0.0,1.3259529799210017
2025-08-07 23:00:00,1.3163705299105257,1.3141729210425166,1.3303335257125295,1.3119456272857837,1.322433873419251,-0.0015653892524081555,-0.0015653892524081555,-0.0015653892524081555,5.1576061883374404e-05,5.1576061883374404e-05,5.1576061883374404e-05,0.002181767558194097,0.002181767558194097,0.002181767558194097,0.00019135937586524094,0.00019135937586524094,0.00019135937586524094,0.00019135937586524826,0.00019135937586524826,0.00019135937586524826,0.0001913593758652485,0.0001913593758652485,0.0001913593758652485,-0.0007150493373056346,-0.0007150493373056346,-0.0007150493373056346,0.0007630735934478621,0.0007630735934478621,0.0007630735934478621,0.004066378363594729,0.004066378363594729,0.004066378363594729,-1.602055375945593e-05,-1.602055375945593e-05,-1.602055375945593e-05,-0.00014959328541030005,-0.00014959328541030005,-0.00014959328541030005,0.0019271991826944133,0.0019271991826944133,0.0019271991826944133,-1.1407903416864153e-05,-1.1407903416864153e-05,-1.1407903416864153e-05,0.0006996694930538845,0.0006996694930538845,0.0006996694930538845,0.0002746147915020015,0.0002746147915020015,0.0002746147915020015,0.0003490166403172335,0.0003490166403172335,0.0003490166403172335,0.0018846108054006308,0.0018846108054006308,0.0018846108054006308,0.0,0.0,0.0,1.3217233905518277
2025-08-08 23:00:00,1.315120481373772,1.3128335141499448,1.3287577497266754,1.3094906359347576,1.3225033428685282,-0.0008759202317565673,-0.0008759202317565673,-0.0008759202317565673,-8.287415764437244e-05,-8.287415764437244e-05,-8.287415764437244e-05,0.0013356438169298773,0.0013356438169298773,0.0013356438169298773,0.00019135937586524094,0.00019135937586524094,0.00019135937586524094,0.00019135937586524826,0.00019135937586524826,0.00019135937586524826,0.0001913593758652485,0.0001913593758652485,0.0001913593758652485,-9.628001049907318e-05,-9.628001049907318e-05,-9.628001049907318e-05,0.0005836968977019477,0.0005836968977019477,0.0005836968977019477,0.003212341478819215,0.003212341478819215,0.003212341478819215,-1.602055375945593e-05,-1.602055375945593e-05,-1.602055375945593e-05,-0.00017457436676693487,-0.00017457436676693487,-0.00017457436676693487,-0.0003130438119291238,-0.0003130438119291238,-0.0003130438119291238,-4.3767627994441696e-05,-4.3767627994441696e-05,-4.3767627994441696e-05,0.0008472181668045542,0.0008472181668045542,0.0008472181668045542,0.0002301737075016265,0.0002301737075016265,0.0002301737075016265,0.0007029576776759804,0.0007029576776759804,0.0007029576776759804,0.0018766976618893377,0.0018766976618893377,0.0018766976618893377,0.0,0.0,0.0,1.3193450974457337
2025-08-09 23:00:00,1.3138704328370183,1.2936306986229709,1.30931959076769,1.3074713255046657,1.3238201579930569,0.0006733025950426092,0.0006733025950426092,0.0006733025950426092,-0.00011608061958306182,-0.00011608061958306182,-0.00011608061958306182,0.00587323109750548,0.00587323109750548,0.00587323109750548,0.00019135937586524094,0.00019135937586524094,0.00019135937586524094,0.00019135937586524826,0.00019135937586524826,0.00019135937586524826,0.0001913593758652485,0.0001913593758652485,0.0001913593758652485,0.0005588816910233106,0.0005588816910233106,0.0005588816910233106,0.00025327522959992996,0.00025327522959992996,0.00025327522959992996,-0.010675510691794314,-0.010675510691794314,-0.010675510691794314,0.001826343128577976,0.001826343128577976,0.001826343128577976,0.0007278395540464663,0.0007278395540464663,0.0007278395540464663,-0.00036093578585833614,-0.00036093578585833614,-0.00036093578585833614,0.0002793821997902061,0.0002793821997902061,0.0002793821997902061,0.0007418644179357862,0.0007418644179357862,0.0007418644179357862,0.00022468750407412342,0.00022468750407412342,0.00022468750407412342,0.0004905930552607321,0.0004905930552607321,0.0004905930552607321,-0.01654874178929979,-0.01654874178929979,-0.01654874178929979,0.0,0.0,0.0,1.2998441949836343
2025-08-10 23:00:00,1.3126203843002646,1.3209237817875883,1.3420554022598188,1.3055638588047334,1.3243655293137646,0.001915682841023112,0.001915682841023112,0.001915682841023112,-2.3038180804481008e-05,-2.3038180804481008e-05,-2.3038180804481008e-05,0.009952450937095566,0.009952450937095566,0.009952450937095566,0.00019135937586524094,0.00019135937586524094,0.00019135937586524094,0.00019135937586524826,0.00019135937586524826,0.00019135937586524826,0.0001913593758652485,0.0001913593758652485,0.0001913593758652485,0.002094965165990362,0.002094965165990362,0.002094965165990362,5.295206890628288e-05,5.295206890628288e-05,5.295206890628288e-05,0.012547998635323014,0.012547998635323014,0.012547998635323014,0.001826343128577976,0.001826343128577976,0.001826343128577976,0.0008632671268833447,0.0008632671268833447,0.0008632671268833447,0.0013691087767432426,0.0013691087767432426,0.0013691087767432426,0.00047816546175477115,0.00047816546175477115,0.00047816546175477115,0.0005569301757927926,0.0005569301757927926,0.0005569301757927926,0.0001781324342021901,0.0001781324342021901,0.0001781324342021901,6.586381043023569e-05,6.586381043023569e-05,6.586381043023569e-05,0.002595547698227448,0.002595547698227448,0.002595547698227448,0.0,0.0,0.0,1.3290911430911614
2025-08-11 23:00:00,1.3113703357635111,1.3107631930200991,1.3323625785452935,1.3034652431078366,1.3248465536705938,-0.0008759202317565668,-0.0008759202317565668,-0.0008759202317565668,0.0001860262814111213,0.0001860262814111213,0.0001860262814111213,0.001492681251513518,0.001492681251513518,0.001492681251513518,0.00019135937586524094,0.00019135937586524094,0.00019135937586524094,0.00019135937586524826,0.00019135937586524826,0.00019135937586524826,0.0001913593758652485,0.0001913593758652485,0.0001913593758652485,0.002046948000444124,0.002046948000444124,0.002046948000444124,0.00029353123769757796,0.00029353123769757796,0.00029353123769757796,0.005983817173017209,0.005983817173017209,0.005983817173017209,-0.0018583842360968877,-0.0018583842360968877,-0.0018583842360968877,-0.0006916824590465349,-0.0006916824590465349,-0.0006916824590465349,0.0016287410038276667,0.0016287410038276667,0.0016287410038276667,-9.477426810191809e-05,-9.477426810191809e-05,-9.477426810191809e-05,0.0004385143939916711,0.0004385143939916711,0.0004385143939916711,6.289242100428869e-05,6.289242100428869e-05,6.289242100428869e-05,-0.00021728901945676176,-0.00021728901945676176,-0.00021728901945676176,0.0044911359215036905,0.0044911359215036905,0.0044911359215036905,0.0,0.0,0.0,1.319217336098838
2025-08-12 23:00:00,1.3101202872267574,1.3063844617610936,1.3293131722645823,1.301470113673892,1.3253842442412451,-0.0015653892524081555,-0.0015653892524081555,-0.0015653892524081555,5.1576061883374404e-05,5.1576061883374404e-05,5.1576061883374404e-05,-8.542509733766015e-05,-8.542509733766015e-05,-8.542509733766015e-05,0.00019135937586524094,0.00019135937586524094,0.00019135937586524094,0.00019135937586524826,0.00019135937586524826,0.00019135937586524826,0.0001913593758652485,0.0001913593758652485,0.0001913593758652485,0.0015622211231269467,0.0015622211231269467,0.0015622211231269467,0.00015941202027311045,0.00015941202027311045,0.00015941202027311045,0.004035157608800424,0.004035157608800424,0.004035157608800424,-1.602055375945593e-05,-1.602055375945593e-05,-1.602055375945593e-05,0.00022616962874642672,0.00022616962874642672,0.00022616962874642672,-0.001352299086769321,-0.001352299086769321,-0.001352299086769321,-0.00010702258878461151,-0.00010702258878461151,-0.00010702258878461151,0.00044306728461062137,0.00044306728461062137,0.00044306728461062137,8.528295013267841e-05,8.528295013267841e-05,8.528295013267841e-05,-0.00014650081198501228,-0.00014650081198501228,-0.00014650081198501228,0.004120582706138084,0.004120582706138084,0.004120582706138084,0.0,0.0,0.0,1.3154068290722043
2025-08-13 23:00:00,1.3088702386900037,1.3036300630118989,1.3297185372087708,1.2994749842399476,1.3260892234615043,-0.0008759202317565673,-0.0008759202317565673,-0.0008759202317565673,-8.287415764437244e-05,-8.287415764437244e-05,-8.287415764437244e-05,0.001968604773563744,0.001968604773563744,0.001968604773563744,0.00019135937586524094,0.00019135937586524094,0.00019135937586524094,0.00019135937586524826,0.00019135937586524826,0.00019135937586524826,0.0001913593758652485,0.0001913593758652485,0.0001913593758652485,0.0010819069610033425,0.0010819069610033425,0.0010819069610033425,0.0005460483861185951,0.0005460483861185951,0.0005460483861185951,0.0035487717696187724,0.0035487717696187724,0.0035487717696187724,-1.602055375945593e-05,-1.602055375945593e-05,-1.602055375945593e-05,-0.000619401087259282,-0.000619401087259282,-0.000619401087259282,0.00040734244483230325,0.00040734244483230325,0.00040734244483230325,0.00033543444231238844,0.00033543444231238844,0.00033543444231238844,0.0005153506229320035,0.0005153506229320035,0.0005153506229320035,-3.399219871293397e-05,-3.399219871293397e-05,-3.399219871293397e-05,0.00013665201790198514,0.00013665201790198514,0.00013665201790198514,0.0015801669960550286,0.0015801669960550286,0.0015801669960550286,0.0,0.0,0.0,1.313515120443161
2025-08-14 23:00:00,1.30762019015325,1.3011891119044998,1.3335709014744146,1.2958829279503377,1.3267131961699252,0.0006733025950426092,0.0006733025950426092,0.0006733025950426092,-0.00011608061958306182,-0.00011608061958306182,-0.00011608061958306182,0.002472353601475642,0.002472353601475642,0.002472353601475642,0.00019135937586524094,0.00019135937586524094,0.00019135937586524094,0.00019135937586524826,0.00019135937586524826,0.00019135937586524826,0.0001913593758652485,0.0001913593758652485,0.0001913593758652485,0.0008801681335217163,0.0008801681335217163,0.0008801681335217163,0.0007158618274787154,0.0007158618274787154,0.0007158618274787154,0.0043569644068695785,0.0043569644068695785,0.0043569644068695785,-1.602055375945593e-05,-1.602055375945593e-05,-1.602055375945593e-05,-0.00031430365388313486,-0.00031430365388313486,-0.00031430365388313486,-0.0012137263194906371,-0.0012137263194906371,-0.0012137263194906371,0.00040183510438558374,0.00040183510438558374,0.00040183510438558374,0.0005356949263629571,0.0005356949263629571,0.0005356949263629571,7.331560095912769e-05,7.331560095912769e-05,7.331560095912769e-05,0.00027822843284548406,0.00027822843284548406,0.00027822843284548406,0.0018846108053939365,0.0018846108053939365,0.0018846108053939365,0.0,0.0,0.0,1.3133174447794518
2025-08-15 23:00:00,1.3063701416164966,1.2991756830967944,1.3376146826183581,1.2924260466842759,1.3290969806537494,0.001915682841023112,0.001915682841023112,0.001915682841023112,-2.3038180804481008e-05,-2.3038180804481008e-05,-2.3038180804481008e-05,0.0040693027970959625,0.0040693027970959625,0.0040693027970959625,0.00019135937586524094,0.00019135937586524094,0.00019135937586524094,0.00019135937586524826,0.00019135937586524826,0.00019135937586524826,0.0001913593758652485,0.0001913593758652485,0.0001913593758652485,0.00019209500089679423,0.00019209500089679423,0.00019209500089679423,0.0009644206826522322,0.0009644206826522322,0.0009644206826522322,0.005946000458997254,0.005946000458997254,0.005946000458997254,-1.602055375945593e-05,-1.602055375945593e-05,-1.602055375945593e-05,-0.0003030802976051285,-0.0003030802976051285,-0.0003030802976051285,-0.0006288149573073796,-0.0006288149573073796,-0.0006288149573073796,-0.00036056268384435477,-0.00036056268384435477,-0.00036056268384435477,0.0006555489791661988,0.0006555489791661988,0.0006555489791661988,0.00046682436887845704,0.00046682436887845704,0.00046682436887845704,0.0006321694702042309,0.0006321694702042309,0.0006321694702042309,0.0018766976619012921,0.0018766976619012921,0.0018766976619012921,0.0,0.0,0.0,1.3141378190781685
2025-08-16 23:00:00,1.3051200930797426,1.267974875209357,1.3086125780647995,1.289689044517647,1.3309812620315442,-0.0008759202317565668,-0.0008759202317565668,-0.0008759202317565668,0.0001860262814111213,0.0001860262814111213,0.0001860262814111213,0.0007498623156125132,0.0007498623156125132,0.0007498623156125132,0.00019135937586524094,0.00019135937586524094,0.00019135937586524094,0.00019135937586524826,0.00019135937586524826,0.00019135937586524826,0.0001913593758652485,0.0001913593758652485,0.0001913593758652485,-0.0010303719237436417,-0.0010303719237436417,-0.0010303719237436417,0.0008945693943520995,0.0008945693943520995,0.0008945693943520995,-0.015798879473687757,-0.015798879473687757,-0.015798879473687757,-1.602055375945593e-05,-1.602055375945593e-05,-1.602055375945593e-05,-0.0006095301361858648,-0.0006095301361858648,-0.0006095301361858648,-0.0006072983272387703,-0.0006072983272387703,-0.0006072983272387703,8.946374015518278e-05,8.946374015518278e-05,8.946374015518278e-05,0.0007375552362271027,0.0007375552362271027,0.0007375552362271027,0.00049198840846434,0.00049198840846434,0.00049198840846434,0.0009153223000912284,0.0009153223000912284,0.0009153223000912284,-0.016548741789300266,-0.016548741789300266,-0.016548741789300266,0.0,0.0,0.0,1.2845006580304876
2025-08-17 23:00:00,1.303870044542989,1.2912978971896476,1.3357653577982003,1.2859734152058655,1.3317822384197626,-0.0015653892524081555,-0.0015653892524081555,-0.0015653892524081555,5.1576061883374404e-05,5.1576061883374404e-05,5.1576061883374404e-05,0.0017133951339653847,0.0017133951339653847,0.0017133951339653847,0.00019135937586524094,0.00019135937586524094,0.00019135937586524094,0.00019135937586524826,0.00019135937586524826,0.00019135937586524826,0.0001913593758652485,0.0001913593758652485,0.0001913593758652485,-0.00017314179570012604,-0.00017314179570012604,-0.00017314179570012604,0.0003825474919086147,0.0003825474919086147,0.0003825474919086147,0.004308942832215155,0.004308942832215155,0.004308942832215155,0.001826343128577976,0.001826343128577976,0.001826343128577976,0.000992343143210105,0.000992343143210105,0.000992343143210105,-0.0011948024256561106,-0.0011948024256561106,-0.0011948024256561106,-0.00032512284805837803,-0.00032512284805837803,-0.00032512284805837803,0.0006028929591766325,0.0006028929591766325,0.0006028929591766325,5.1477488174982746e-05,5.1477488174982746e-05,5.1477488174982746e-05,0.0004905930552607321,0.0004905930552607321,0.0004905930552607321,0.0025955476982497706,0.0025955476982497706,0.0025955476982497706,0.0,0.0,0.0,1.3094883460255624
2025-08-18 23:00:00,1.3026199960062352,1.290364175402384,1.3418741620501773,1.2815559452865943,1.3325981596965122,-0.0008759202317565673,-0.0008759202317565673,-0.0008759202317565673,-8.287415764437244e-05,-8.287415764437244e-05,-8.287415764437244e-05,0.0001789064257034221,0.0001789064257034221,0.0001789064257034221,0.00019135937586524094,0.00019135937586524094,0.00019135937586524094,0.00019135937586524826,0.00019135937586524826,0.00019135937586524826,0.0001913593758652485,0.0001913593758652485,0.0001913593758652485,-0.000589991931485134,-0.000589991931485134,-0.000589991931485134,0.0003083038785956758,0.0003083038785956758,0.0003083038785956758,0.004670042347208313,0.004670042347208313,0.004670042347208313,-0.0018583842360968877,-0.0018583842360968877,-0.0018583842360968877,-0.0007298702432834203,-0.0007298702432834203,-0.0007298702432834203,0.0018761964730508185,0.0018761964730508185,0.0018761964730508185,-0.00017553239798503715,-0.00017553239798503715,-0.00017553239798503715,0.000722566469103903,0.000722566469103903,0.000722566469103903,2.422416804572842e-05,2.422416804572842e-05,2.422416804572842e-05,0.0009861105075629779,0.0009861105075629779,0.0009861105075629779,0.00449113592150489,0.00449113592150489,0.00449113592150489,0.0,0.0,0.0,1.3087032865499046
2025-08-19 23:00:00,1.3013699474694818,1.2840852208762874,1.3414492244588192,1.277726391293059,1.3342091904284297,0.0006733025950426092,0.0006733025950426092,0.0006733025950426092,-0.00011608061958306182,-0.00011608061958306182,-0.00011608061958306182,0.0006090389310793906,0.0006090389310793906,0.0006090389310793906,0.00019135937586524094,0.00019135937586524094,0.00019135937586524094,0.00019135937586524826,0.00019135937586524826,0.00019135937586524826,0.0001913593758652485,0.0001913593758652485,0.0001913593758652485,-0.0009694249988722887,-0.0009694249988722887,-0.0009694249988722887,0.0002069212908957498,0.0002069212908957498,0.0002069212908957498,0.004729621637239737,0.004729621637239737,0.004729621637239737,-1.602055375945593e-05,-1.602055375945593e-05,-1.602055375945593e-05,0.00022238783495968952,0.00022238783495968952,0.00022238783495968952,-0.001425510023516923,-0.001425510023516923,-0.001425510023516923,-0.00017002954304987108,-0.00017002954304987108,-0.00017002954304987108,0.0007142423814510328,0.0007142423814510328,0.0007142423814510328,-1.498601750564575e-07,-1.498601750564575e-07,-1.498601750564575e-07,0.0009153223000912284,0.0009153223000912284,0.0009153223000912284,0.004120582706160347,0.004120582706160347,0.004120582706160347,0.0,0.0,0.0,1.307524934931087
2025-08-20 23:00:00,1.300119898932728,1.2822268995182902,1.3450794126289465,1.2755311884823075,1.3374694747291112,0.001915682841023112,0.001915682841023112,0.001915682841023112,-2.3038180804481008e-05,-2.3038180804481008e-05,-2.3038180804481008e-05,0.0040797268154230525,0.0040797268154230525,0.0040797268154230525,0.00019135937586524094,0.00019135937586524094,0.00019135937586524094,0.00019135937586524826,0.00019135937586524826,0.00019135937586524826,0.0001913593758652485,0.0001913593758652485,0.0001913593758652485,-0.0014516911716759525,-0.0014516911716759525,-0.0014516911716759525,-0.00018055651093414946,-0.00018055651093414946,-0.00018055651093414946,0.005659893811489282,0.005659893811489282,0.005659893811489282,-1.602055375945593e-05,-1.602055375945593e-05,-1.602055375945593e-05,0.00022082900787699688,0.00022082900787699688,0.00022082900787699688,0.0004000922555048516,0.0004000922555048516,0.0004000922555048516,-0.0003202830826189096,-0.0003202830826189096,-0.0003202830826189096,0.0011232061728817546,0.0011232061728817546,0.0011232061728817546,1.858913109577164e-06,1.858913109577164e-06,1.858913109577164e-06,0.0018355689972239708,0.0018355689972239708,0.0018355689972239708,0.0015801669960662293,0.0015801669960662293,0.0015801669960662293,0.0,0.0,0.0,1.3074784395028916
2025-08-21 23:00:00,1.2988698503959744,1.280736108225641,1.3453702624591244,1.2730273081787378,1.3395524758349637,-0.0008759202317565668,-0.0008759202317565668,-0.0008759202317565668,0.0001860262814111213,0.0001860262814111213,0.0001860262814111213,0.003056562716633821,0.003056562716633821,0.003056562716633821,0.00019135937586524094,0.00019135937586524094,0.00019135937586524094,0.00019135937586524826,0.00019135937586524826,0.00019135937586524826,0.0001913593758652485,0.0001913593758652485,0.0001913593758652485,-0.0009207519130459024,-0.0009207519130459024,-0.0009207519130459024,-0.00035812200610970465,-0.00035812200610970465,-0.00035812200610970465,0.004941173522021064,0.004941173522021064,0.004941173522021064,-1.602055375945593e-05,-1.602055375945593e-05,-1.602055375945593e-05,1.5594223118312217e-05,1.5594223118312217e-05,1.5594223118312217e-05,0.0003971037817499059,0.0003971037817499059,0.0003971037817499059,0.0004651215737679365,0.0004651215737679365,0.0004651215737679365,0.0012762680862389803,0.0012762680862389803,0.0012762680862389803,0.00012367531284073884,0.00012367531284073884,0.00012367531284073884,0.0021895100345827173,0.0021895100345827173,0.0021895100345827173,0.0018846108053872418,0.0018846108053872418,0.0018846108053872418,0.0,0.0,0.0,1.3052877917093024
2025-08-22 23:00:00,1.2976198018592207,1.2743360920472289,1.3447809293325748,1.2705163973160527,1.3403964347747908,-0.0015653892524081555,-0.0015653892524081555,-0.0015653892524081555,5.1576061883374404e-05,5.1576061883374404e-05,5.1576061883374404e-05,0.0015165150148570255,0.0015165150148570255,0.0015165150148570255,0.00019135937586524094,0.00019135937586524094,0.00019135937586524094,0.00019135937586524826,0.00019135937586524826,0.00019135937586524826,0.0001913593758652485,0.0001913593758652485,0.0001913593758652485,-0.00120468756361188,-0.00120468756361188,-0.00120468756361188,-7.549268692720341e-05,-7.549268692720341e-05,-7.549268692720341e-05,0.003393212676805406,0.003393212676805406,0.003393212676805406,-1.602055375945593e-05,-1.602055375945593e-05,-1.602055375945593e-05,-0.0001520677338452719,-0.0001520677338452719,-0.0001520677338452719,3.6420728387384405e-06,3.6420728387384405e-06,3.6420728387384405e-06,-0.00037928630196229696,-0.00037928630196229696,-0.00037928630196229696,0.001453787884608088,0.001453787884608088,0.001453787884608088,0.0004245003034473843,0.0004245003034473843,0.0004245003034473843,0.002401874656997966,0.002401874656997966,0.002401874656997966,0.001876697661948381,0.001876697661948381,0.001876697661948381,0.0,0.0,0.0,1.3020229018205631
2025-08-23 23:00:00,1.2963697533224672,1.2493573148364432,1.3239322139572731,1.2680615026513966,1.341261486271534,-0.0008759202317565673,-0.0008759202317565673,-0.0008759202317565673,-8.287415764437244e-05,-8.287415764437244e-05,-8.287415764437244e-05,0.003458779375165423,0.003458779375165423,0.003458779375165423,0.00019135937586524094,0.00019135937586524094,0.00019135937586524094,0.00019135937586524826,0.00019135937586524826,0.00019135937586524826,0.0001913593758652485,0.0001913593758652485,0.0001913593758652485,-0.0004107223255878617,-0.0004107223255878617,-0.0004107223255878617,-0.00019081896709168707,-0.00019081896709168707,-0.00019081896709168707,-0.013089962414134668,-0.013089962414134668,-0.013089962414134668,-1.602055375945593e-05,-1.602055375945593e-05,-1.602055375945593e-05,0.0004382586924164414,0.0004382586924164414,0.0004382586924164414,-0.0003177876506062825,-0.0003177876506062825,-0.0003177876506062825,8.760951205374503e-05,8.760951205374503e-05,8.760951205374503e-05,0.0014106882951036097,0.0014106882951036097,0.0014106882951036097,0.0006527785998593986,0.0006527785998593986,0.0006527785998593986,0.0021895100345827173,0.0021895100345827173,0.0021895100345827173,-0.01654874178930009,-0.01654874178930009,-0.01654874178930009,0.0,0.0,0.0,1.2794003219766552
2025-08-24 23:00:00,1.2951197047857135,1.2585505603601135,1.3437241645620464,1.2630668670725247,1.3421265377682774,0.0006733025950426092,0.0006733025950426092,0.0006733025950426092,-0.00011608061958306182,-0.00011608061958306182,-0.00011608061958306182,-0.004373595993038401,-0.004373595993038401,-0.004373595993038401,0.00019135937586524094,0.00019135937586524094,0.00019135937586524094,0.00019135937586524826,0.00019135937586524826,0.00019135937586524826,0.0001913593758652485,0.0001913593758652485,0.0001913593758652485,-0.0016396486511732731,-0.0016396486511732731,-0.0016396486511732731,0.000335221920192116,0.000335221920192116,0.000335221920192116,-0.001778048294766308,-0.001778048294766308,-0.001778048294766308,-0.0018583842360968877,-0.0018583842360968877,-0.0018583842360968877,-0.001951385335180929,-0.001951385335180929,-0.001951385335180929,0.0008139446956695225,0.0008139446956695225,0.0008139446956695225,8.684521311387484e-05,8.684521311387484e-05,8.684521311387484e-05,0.00032864284962764523,0.00032864284962764523,0.00032864284962764523,-0.00034102042071275113,-0.00034102042071275113,-0.00034102042071275113,-0.0012791121315330024,-0.0012791121315330024,-0.0012791121315330024,0.0025955476982720918,0.0025955476982720918,0.0025955476982720918,0.0,0.0,0.0,1.292816919403101
