,ds,trend,yhat_lower,yhat_upper,trend_lower,trend_upper,adx,adx_lower,adx_upper,atr,atr_lower,atr_upper,cci,cci_lower,cci_upper,daily,daily_lower,daily_upper,extra_regressors_multiplicative,extra_regressors_multiplicative_lower,extra_regressors_multiplicative_upper,ma_20,ma_20_lower,ma_20_upper,ma_50,ma_50_lower,ma_50_upper,macd,macd_lower,macd_upper,momentum_10,momentum_10_lower,momentum_10_upper,momentum_20,momentum_20_lower,momentum_20_upper,momentum_5,momentum_5_lower,momentum_5_upper,multiplicative_terms,multiplicative_terms_lower,multiplicative_terms_upper,rsi,rsi_lower,rsi_upper,volatility_20,volatility_20_lower,volatility_20_upper,volume,volume_lower,volume_upper,weekly,weekly_lower,weekly_upper,williams_r,williams_r_lower,williams_r_upper,yearly,yearly_lower,yearly_upper,additive_terms,additive_terms_lower,additive_terms_upper,yhat
0,2024-09-10 23:00:00,0.8998518042109013,1.3572279085056522,1.3617232037366307,0.8998518042109013,0.8998518042109013,-0.0003489911962493089,-0.0003489911962493089,-0.0003489911962493089,0.0013694908111392702,0.0013694908111392702,0.0013694908111392702,6.120097538199513e-05,6.120097538199513e-05,6.120097538199513e-05,0.7256766884668849,0.7256766884668849,0.7256766884668849,-0.0016029538466267516,-0.0016029538466267516,-0.0016029538466267516,-0.0009254511764296084,-0.0009254511764296084,-0.0009254511764296084,0.00042162530210254227,0.00042162530210254227,0.00042162530210254227,-0.0019468185717022928,-0.0019468185717022928,-0.0019468185717022928,2.212784848610139e-05,2.212784848610139e-05,2.212784848610139e-05,-4.6768589171093426e-05,-4.6768589171093426e-05,-4.6768589171093426e-05,3.522786120115141e-05,3.522786120115141e-05,3.522786120115141e-05,0.5107400205520924,0.5107400205520924,0.5107400205520924,-3.081200310027459e-05,-3.081200310027459e-05,-3.081200310027459e-05,-0.00021981147933407795,-0.00021981147933407795,-0.00021981147933407795,0.0,0.0,0.0,-0.01243160845634525,-0.01243160845634525,-0.01243160845634525,6.026371048843979e-06,6.026371048843979e-06,6.026371048843979e-06,-0.20090210561182045,-0.20090210561182045,-0.20090210561182045,0.0,0.0,0.0,1.3594421331874145
1,2024-09-11 23:00:00,0.8995819443913662,1.3571142604625863,1.361627838135844,0.8995819443913662,0.8995819443913662,-0.0003489911962493089,-0.0003489911962493089,-0.0003489911962493089,0.0013694908111392702,0.0013694908111392702,0.0013694908111392702,6.120097538199513e-05,6.120097538199513e-05,6.120097538199513e-05,0.7256766884596366,0.7256766884596366,0.7256766884596366,-0.0017702180406656705,-0.0017702180406656705,-0.0017702180406656705,-0.0009254511764296084,-0.0009254511764296084,-0.0009254511764296084,0.00042162530210254227,0.00042162530210254227,0.00042162530210254227,-0.0021140827657412115,-0.0021140827657412115,-0.0021140827657412115,2.212784848610139e-05,2.212784848610139e-05,2.212784848610139e-05,-4.6768589171093426e-05,-4.6768589171093426e-05,-4.6768589171093426e-05,3.522786120115141e-05,3.522786120115141e-05,3.522786120115141e-05,0.5112075859259589,0.5112075859259589,0.5112075859259589,-3.081200310027459e-05,-3.081200310027459e-05,-3.081200310027459e-05,-0.00021981147933407795,-0.00021981147933407795,-0.00021981147933407795,0.0,0.0,0.0,-0.011442087496426818,-0.011442087496426818,-0.011442087496426818,6.026371048843979e-06,6.026371048843979e-06,6.026371048843979e-06,-0.20125679699658527,-0.20125679699658527,-0.20125679699658527,0.0,0.0,0.0,1.3594550585262568
2,2024-09-12 23:00:00,0.8993120845718313,1.3555929427607751,1.3603286965601769,0.8993120845718313,0.8993120845718313,-0.0003489911962493089,-0.0003489911962493089,-0.0003489911962493089,0.0013694908111392702,0.0013694908111392702,0.0013694908111392702,6.120097538199513e-05,6.120097538199513e-05,6.120097538199513e-05,0.7256766884637381,0.7256766884637381,0.7256766884637381,-0.0018353463461869778,-0.0018353463461869778,-0.0018353463461869778,-0.0009254511764296084,-0.0009254511764296084,-0.0009254511764296084,0.00042162530210254227,0.00042162530210254227,0.00042162530210254227,-0.002179211071262519,-0.002179211071262519,-0.002179211071262519,2.212784848610139e-05,2.212784848610139e-05,2.212784848610139e-05,-4.6768589171093426e-05,-4.6768589171093426e-05,-4.6768589171093426e-05,3.522786120115141e-05,3.522786120115141e-05,3.522786120115141e-05,0.5100964331216858,0.5100964331216858,0.5100964331216858,-3.081200310027459e-05,-3.081200310027459e-05,-3.081200310027459e-05,-0.00021981147933407795,-0.00021981147933407795,-0.00021981147933407795,0.0,0.0,0.0,-0.012409812370621599,-0.012409812370621599,-0.012409812370621599,6.026371048843979e-06,6.026371048843979e-06,6.026371048843979e-06,-0.2013350966252437,-0.2013350966252437,-0.2013350966252437,0.0,0.0,0.0,1.3580479711751505
3,2024-09-15 23:00:00,0.8985025051132263,1.3565030215195484,1.360962464235229,0.8985025051132263,0.8985025051132263,-0.0003489911962493089,-0.0003489911962493089,-0.0003489911962493089,0.0013694908111392702,0.0013694908111392702,0.0013694908111392702,6.120097538199513e-05,6.120097538199513e-05,6.120097538199513e-05,0.7256766884604418,0.7256766884604418,0.7256766884604418,-0.0018428796760735669,-0.0018428796760735669,-0.0018428796760735669,-0.0009254511764296084,-0.0009254511764296084,-0.0009254511764296084,0.00042162530210254227,0.00042162530210254227,0.00042162530210254227,-0.002186744401149108,-0.002186744401149108,-0.002186744401149108,2.212784848610139e-05,2.212784848610139e-05,2.212784848610139e-05,-4.6768589171093426e-05,-4.6768589171093426e-05,-4.6768589171093426e-05,3.522786120115141e-05,3.522786120115141e-05,3.522786120115141e-05,0.5121390105457106,0.5121390105457106,0.5121390105457106,-3.081200310027459e-05,-3.081200310027459e-05,-3.081200310027459e-05,-0.00021981147933407795,-0.00021981147933407795,-0.00021981147933407795,0.0,0.0,0.0,-0.011437184251619104,-0.011437184251619104,-0.011437184251619104,6.026371048843979e-06,6.026371048843979e-06,6.026371048843979e-06,-0.20025761398703837,-0.20025761398703837,-0.20025761398703837,0.0,0.0,0.0,1.3586606890547563
4,2024-09-16 23:00:00,0.8981991487045072,1.3556720429365559,1.3603069275579844,0.8981991487045072,0.8981991487045072,-0.0003489911962493089,-0.0003489911962493089,-0.0003489911962493089,0.0013694908111392702,0.0013694908111392702,0.0013694908111392702,6.120097538199513e-05,6.120097538199513e-05,6.120097538199513e-05,0.7256766884645431,0.7256766884645431,0.7256766884645431,-0.0017601545367351657,-0.0017601545367351657,-0.0017601545367351657,-0.0009254511764296084,-0.0009254511764296084,-0.0009254511764296084,0.00042162530210254227,0.00042162530210254227,0.00042162530210254227,-0.0021040192618107067,-0.0021040192618107067,-0.0021040192618107067,2.212784848610139e-05,2.212784848610139e-05,2.212784848610139e-05,-4.6768589171093426e-05,-4.6768589171093426e-05,-4.6768589171093426e-05,3.522786120115141e-05,3.522786120115141e-05,3.522786120115141e-05,0.5117994940104192,0.5117994940104192,0.5117994940104192,-3.081200310027459e-05,-3.081200310027459e-05,-3.081200310027459e-05,-0.00021981147933407795,-0.00021981147933407795,-0.00021981147933407795,0.0,0.0,0.0,-0.012545354456405406,-0.012545354456405406,-0.012545354456405406,6.026371048843979e-06,6.026371048843979e-06,6.026371048843979e-06,-0.19957168546098342,-0.19957168546098342,-0.19957168546098342,0.0,0.0,0.0,1.3578970185320633
5,2024-09-17 23:00:00,0.8978957922957884,1.3557757625853368,1.3602824265651148,0.8978957922957884,0.8978957922957884,-0.0003489911962493089,-0.0003489911962493089,-0.0003489911962493089,0.0013694908111392702,0.0013694908111392702,0.0013694908111392702,6.120097538199513e-05,6.120097538199513e-05,6.120097538199513e-05,0.7256766884686446,0.7256766884686446,0.7256766884686446,-0.0019999845936432945,-0.0019999845936432945,-0.0019999845936432945,-0.0009254511764296084,-0.0009254511764296084,-0.0009254511764296084,0.00042162530210254227,0.00042162530210254227,0.00042162530210254227,-0.001992067178216967,-0.001992067178216967,-0.001992067178216967,2.212784848610139e-05,2.212784848610139e-05,2.212784848610139e-05,-4.6768589171093426e-05,-4.6768589171093426e-05,-4.6768589171093426e-05,-0.00031655427930071724,-0.00031655427930071724,-0.00031655427930071724,0.5124709305039891,0.5124709305039891,0.5124709305039891,-3.081200310027459e-05,-3.081200310027459e-05,-3.081200310027459e-05,-0.00021981147933407795,-0.00021981147933407795,-0.00021981147933407795,0.0,0.0,0.0,-0.012431608456344476,-0.012431608456344476,-0.012431608456344476,6.026371048843979e-06,6.026371048843979e-06,6.026371048843979e-06,-0.19877416491466793,-0.19877416491466793,-0.19877416491466793,0.0,0.0,0.0,1.3580412844692276
6,2024-09-18 23:00:00,0.8975924358870696,1.357952527234329,1.3625701412069406,0.8975924358870696,0.8975924358870696,-0.0003489911962493089,-0.0003489911962493089,-0.0003489911962493089,0.0013694908111392702,0.0013694908111392702,0.0013694908111392702,6.120097538199513e-05,6.120097538199513e-05,6.120097538199513e-05,0.7256766884613965,0.7256766884613965,0.7256766884613965,-0.000953599395235342,-0.000953599395235342,-0.000953599395235342,-0.0009254511764296084,-0.0009254511764296084,-0.0009254511764296084,0.00042162530210254227,0.00042162530210254227,0.00042162530210254227,-0.0017181525516006095,-0.0017181525516006095,-0.0017181525516006095,2.212784848610139e-05,2.212784848610139e-05,2.212784848610139e-05,-4.6768589171093426e-05,-4.6768589171093426e-05,-4.6768589171093426e-05,0.0004559162924908779,0.0004559162924908779,0.0004559162924908779,0.5153877393769036,0.5153877393769036,0.5153877393769036,-3.081200310027459e-05,-3.081200310027459e-05,-3.081200310027459e-05,-0.00021981147933407795,-0.00021981147933407795,-0.00021981147933407795,0.0,0.0,0.0,-0.011442087496433221,-0.011442087496433221,-0.011442087496433221,6.026371048843979e-06,6.026371048843979e-06,6.026371048843979e-06,-0.1978932621928244,-0.1978932621928244,-0.1978932621928244,0.0,0.0,0.0,1.360200572300715
7,2024-09-19 23:00:00,0.8972890794783506,1.3565735223300595,1.3612151751737962,0.8972890794783506,0.8972890794783506,-0.0003489911962493089,-0.0003489911962493089,-0.0003489911962493089,0.0013694908111392702,0.0013694908111392702,0.0013694908111392702,6.120097538199513e-05,6.120097538199513e-05,6.120097538199513e-05,0.7256766884612469,0.7256766884612469,0.7256766884612469,-0.0020239229891759595,-0.0020239229891759595,-0.0020239229891759595,-0.0009254511764296084,-0.0009254511764296084,-0.0009254511764296084,0.00042162530210254227,0.00042162530210254227,0.00042162530210254227,-0.002083648298960884,-0.002083648298960884,-0.002083648298960884,2.212784848610139e-05,2.212784848610139e-05,2.212784848610139e-05,-4.6768589171093426e-05,-4.6768589171093426e-05,-4.6768589171093426e-05,-0.00024891155408946527,-0.00024891155408946527,-0.00024891155408946527,0.5142881354869834,0.5142881354869834,0.5142881354869834,-3.081200310027459e-05,-3.081200310027459e-05,-3.081200310027459e-05,-0.00021981147933407795,-0.00021981147933407795,-0.00021981147933407795,0.0,0.0,0.0,-0.012409812370573411,-0.012409812370573411,-0.012409812370573411,6.026371048843979e-06,6.026371048843979e-06,6.026371048843979e-06,-0.1969548176145141,-0.1969548176145141,-0.1969548176145141,0.0,0.0,0.0,1.3587542071561032
8,2024-09-22 23:00:00,0.8924827490804293,1.3523205268739602,1.356940101035076,0.8924827490804293,0.8924827490804293,-0.0003489911962493089,-0.0003489911962493089,-0.0003489911962493089,0.0013694908111392702,0.0013694908111392702,0.0013694908111392702,6.120097538199513e-05,6.120097538199513e-05,6.120097538199513e-05,0.7256766884622016,0.7256766884622016,0.7256766884622016,-0.0022633189252311958,-0.0022633189252311958,-0.0022633189252311958,-0.0009254511764296084,-0.0009254511764296084,-0.0009254511764296084,0.00042162530210254227,0.00042162530210254227,0.00042162530210254227,-0.0023168729775210747,-0.0023168729775210747,-0.0023168729775210747,2.212784848610139e-05,2.212784848610139e-05,2.212784848610139e-05,-4.6768589171093426e-05,-4.6768589171093426e-05,-4.6768589171093426e-05,-0.0002550828115845105,-0.0002550828115845105,-0.0002550828115845105,0.5179649420310346,0.5179649420310346,0.5179649420310346,-3.081200310027459e-05,-3.081200310027459e-05,-3.081200310027459e-05,-0.00021981147933407795,-0.00021981147933407795,-0.00021981147933407795,0.0,0.0,0.0,-0.011437184251533323,-0.011437184251533323,-0.011437184251533323,6.026371048843979e-06,6.026371048843979e-06,6.026371048843979e-06,-0.19401124325440244,-0.19401124325440244,-0.19401124325440244,0.0,0.0,0.0,1.3547575244715724
9,2024-09-23 23:00:00,0.8908806389477888,1.348792427972004,1.3531977950609713,0.8908806389477888,0.8908806389477888,-0.0003489911962493089,-0.0003489911962493089,-0.0003489911962493089,0.0013694908111392702,0.0013694908111392702,0.0013694908111392702,6.120097538199513e-05,6.120097538199513e-05,6.120097538199513e-05,0.7256766884663031,0.7256766884663031,0.7256766884663031,-0.0035221267028382294,-0.0035221267028382294,-0.0035221267028382294,-0.0009254511764296084,-0.0009254511764296084,-0.0009254511764296084,0.00042162530210254227,0.00042162530210254227,0.00042162530210254227,-0.0029040223702626873,-0.0029040223702626873,-0.0029040223702626873,2.212784848610139e-05,2.212784848610139e-05,2.212784848610139e-05,-4.6768589171093426e-05,-4.6768589171093426e-05,-4.6768589171093426e-05,-0.0009267411964499319,-0.0009267411964499319,-0.0009267411964499319,0.5165649110724001,0.5165649110724001,0.5165649110724001,-3.081200310027459e-05,-3.081200310027459e-05,-3.081200310027459e-05,-0.00021981147933407795,-0.00021981147933407795,-0.00021981147933407795,0.0,0.0,0.0,-0.012545354456422715,-0.012545354456422715,-0.012545354456422715,6.026371048843979e-06,6.026371048843979e-06,6.026371048843979e-06,-0.19304429623464187,-0.19304429623464187,-0.19304429623464187,0.0,0.0,0.0,1.3510783169819762
10,2024-09-24 23:00:00,0.8892785288151484,1.3419128057096883,1.3464304106977123,0.8892785288151484,0.8892785288151484,-0.0003489911962493089,-0.0003489911962493089,-0.0003489911962493089,0.0013694908111392702,0.0013694908111392702,0.0013694908111392702,6.120097538199513e-05,6.120097538199513e-05,6.120097538199513e-05,0.7256766884704045,0.7256766884704045,0.7256766884704045,-0.009613688530838823,-0.009613688530838823,-0.009613688530838823,-0.0009254511764296084,-0.0009254511764296084,-0.0009254511764296084,0.00042162530210254227,0.00042162530210254227,0.00042162530210254227,-0.004696066969519548,-0.004696066969519548,-0.004696066969519548,-0.0025051921997537438,-0.0025051921997537438,-0.0025051921997537438,-4.6768589171093426e-05,-4.6768589171093426e-05,-4.6768589171093426e-05,-0.002698938376953821,-0.002698938376953821,-0.002698938376953821,0.5115266267212369,0.5115266267212369,0.5115266267212369,-3.081200310027459e-05,-3.081200310027459e-05,-3.081200310027459e-05,-0.00021981147933407795,-0.00021981147933407795,-0.00021981147933407795,0.0,0.0,0.0,-0.01243160845633156,-0.01243160845633156,-0.01243160845633156,6.026371048843979e-06,6.026371048843979e-06,6.026371048843979e-06,-0.19210476476199717,-0.19210476476199717,-0.19210476476199717,0.0,0.0,0.0,1.3441681748755856
11,2024-09-25 23:00:00,0.8897369436383471,1.3456050920300127,1.3499163870015989,0.8897369436383471,0.8897369436383471,-0.0003489911962493089,-0.0003489911962493089,-0.0003489911962493089,0.0013694908111392702,0.0013694908111392702,0.0013694908111392702,6.120097538199513e-05,6.120097538199513e-05,6.120097538199513e-05,0.7256766884631561,0.7256766884631561,0.7256766884631561,-0.00824749868403774,-0.00824749868403774,-0.00824749868403774,-0.0009254511764296084,-0.0009254511764296084,-0.0009254511764296084,0.00042162530210254227,0.00042162530210254227,0.00042162530210254227,-0.005169230143206252,-0.005169230143206252,-0.005169230143206252,-0.001329196466291487,-0.001329196466291487,-0.001329196466291487,-4.6768589171093426e-05,-4.6768589171093426e-05,-4.6768589171093426e-05,-0.0020355810899282912,-0.0020355810899282912,-0.0020355810899282912,0.5147873493777978,0.5147873493777978,0.5147873493777978,-3.081200310027459e-05,-3.081200310027459e-05,-3.081200310027459e-05,-0.00021981147933407795,-0.00021981147933407795,-0.00021981147933407795,0.0,0.0,0.0,-0.011442087496440517,-0.011442087496440517,-0.011442087496440517,6.026371048843979e-06,6.026371048843979e-06,6.026371048843979e-06,-0.19119975290488012,-0.19119975290488012,-0.19119975290488012,0.0,0.0,0.0,1.347762266497435
12,2024-09-26 23:00:00,0.8901953584615456,1.3461630524292798,1.350816743877933,0.8901953584615456,0.8901953584615456,-0.0003489911962493089,-0.0003489911962493089,-0.0003489911962493089,0.0013694908111392702,0.0013694908111392702,0.0013694908111392702,6.120097538199513e-05,6.120097538199513e-05,6.120097538199513e-05,0.7256766884630066,0.7256766884630066,0.7256766884630066,-0.008055583378028768,-0.008055583378028768,-0.008055583378028768,-0.0009254511764296084,-0.0009254511764296084,-0.0009254511764296084,0.00042162530210254227,0.00042162530210254227,0.00042162530210254227,-0.005565134440309037,-0.005565134440309037,-0.005565134440309037,-0.0013793177237179908,-0.0013793177237179908,-0.0013793177237179908,-4.6768589171093426e-05,-4.6768589171093426e-05,-4.6768589171093426e-05,-0.0013976402293900292,-0.0013976402293900292,-0.0013976402293900292,0.5148782889645349,0.5148782889645349,0.5148782889645349,-3.081200310027459e-05,-3.081200310027459e-05,-3.081200310027459e-05,-0.00021981147933407795,-0.00021981147933407795,-0.00021981147933407795,0.0,0.0,0.0,-0.012409812370564696,-0.012409812370564696,-0.012409812370564696,6.026371048843979e-06,6.026371048843979e-06,6.026371048843979e-06,-0.19033300374987813,-0.19033300374987813,-0.19033300374987813,0.0,0.0,0.0,1.348537621470397
13,2024-09-29 23:00:00,0.8915706029311418,1.3472227109251464,1.3518525366452028,0.8915706029311418,0.8915706029311418,-0.0003489911962493089,-0.0003489911962493089,-0.0003489911962493089,0.0013694908111392702,0.0013694908111392702,0.0013694908111392702,-0.001698342567297104,-0.001698342567297104,-0.001698342567297104,0.7256766884639613,0.7256766884639613,0.7256766884639613,-0.012632224172288492,-0.012632224172288492,-0.012632224172288492,-0.0009254511764296084,-0.0009254511764296084,-0.0009254511764296084,0.00042162530210254227,0.00042162530210254227,0.00042162530210254227,-0.0053560901937684,-0.0053560901937684,-0.0053560901937684,-0.000980154738932656,-0.000980154738932656,-0.000980154738932656,-4.6768589171093426e-05,-4.6768589171093426e-05,-4.6768589171093426e-05,-0.0009064284936447795,-0.0009064284936447795,-0.0009064284936447795,0.5136552960792486,0.5136552960792486,0.5136552960792486,-0.0025826982421585138,-0.0025826982421585138,-0.0025826982421585138,-0.00021981147933407795,-0.00021981147933407795,-0.00021981147933407795,0.0,0.0,0.0,-0.011437184251521789,-0.011437184251521789,-0.011437184251521789,-0.001358603608544763,-0.001358603608544763,-0.001358603608544763,-0.1879519839609024,-0.1879519839609024,-0.1879519839609024,0.0,0.0,0.0,1.3495305649552916
14,2024-09-30 23:00:00,0.8920290177543403,1.3505093663501477,1.3550530257397264,0.8920290177543403,0.8920290177543403,-0.0003489911962493089,-0.0003489911962493089,-0.0003489911962493089,0.0013694908111392702,0.0013694908111392702,0.0013694908111392702,-0.0011611829897985512,-0.0011611829897985512,-0.0011611829897985512,0.7256766884638116,0.7256766884638116,0.7256766884638116,-0.009347358548711377,-0.009347358548711377,-0.009347358548711377,-0.0009254511764296084,-0.0009254511764296084,-0.0009254511764296084,0.00042162530210254227,0.00042162530210254227,0.00042162530210254227,-0.004894041575831869,-0.004894041575831869,-0.004894041575831869,-0.0008543546327581725,-0.0008543546327581725,-0.0008543546327581725,-4.6768589171093426e-05,-4.6768589171093426e-05,-4.6768589171093426e-05,-8.134015001247844e-05,-8.134015001247844e-05,-8.134015001247844e-05,0.5165704870947966,0.5165704870947966,0.5165704870947966,-0.0021090203047984053,-0.0021090203047984053,-0.0021090203047984053,-0.00021981147933407795,-0.00021981147933407795,-0.00021981147933407795,0.0,0.0,0.0,-0.012545354456372903,-0.012545354456372903,-0.012545354456372903,-0.000497512567569623,-0.000497512567569623,-0.000497512567569623,-0.18721348836393079,-0.18721348836393079,-0.18721348836393079,0.0,0.0,0.0,1.352824881958393
15,2024-10-01 23:00:00,0.8907205762163518,1.3478914927417818,1.3522797466910754,0.8907205762163518,0.8907205762163518,-0.0003489911962493089,-0.0003489911962493089,-0.0003489911962493089,0.0013694908111392702,0.0013694908111392702,0.0013694908111392702,-0.0020196837159308996,-0.0020196837159308996,-0.0020196837159308996,0.7256766884679131,0.7256766884679131,0.7256766884679131,-0.011136744403827,-0.011136744403827,-0.011136744403827,-0.0009254511764296084,-0.0009254511764296084,-0.0009254511764296084,0.00042162530210254227,0.00042162530210254227,0.00042162530210254227,-0.004978835833209191,-0.004978835833209191,-0.004978835833209191,-0.0013445702229109584,-0.0013445702229109584,-0.0013445702229109584,-4.6768589171093426e-05,-4.6768589171093426e-05,-4.6768589171093426e-05,0.0011104266627794076,0.0011104266627794076,0.0011104266627794076,0.5156209145244425,0.5156209145244425,0.5156209145244425,-0.00213102218540257,-0.00213102218540257,-0.00213102218540257,-0.00021981147933407795,-0.00021981147933407795,-0.00021981147933407795,0.0,0.0,0.0,-0.012431608456354902,-0.012431608456354902,-0.012431608456354902,-0.002023152781210513,-0.002023152781210513,-0.002023152781210513,-0.18648742108328886,-0.18648742108328886,-0.18648742108328886,0.0,0.0,0.0,1.3499947343107657
16,2024-10-02 23:00:00,0.8894121346783631,1.3486571741100097,1.3528470348052035,0.8894121346783631,0.8894121346783631,-0.0003489911962493089,-0.0003489911962493089,-0.0003489911962493089,0.0013694908111392702,0.0013694908111392702,0.0013694908111392702,-0.0007001461609483614,-0.0007001461609483614,-0.0007001461609483614,0.7256766884606649,0.7256766884606649,0.7256766884606649,-0.009828222104050042,-0.009828222104050042,-0.009828222104050042,-0.0009254511764296084,-0.0009254511764296084,-0.0009254511764296084,0.00042162530210254227,0.00042162530210254227,0.00042162530210254227,-0.004853575444264436,-0.004853575444264436,-0.004853575444264436,-0.0014487554713352167,-0.0014487554713352167,-0.0014487554713352167,-4.6768589171093426e-05,-4.6768589171093426e-05,-4.6768589171093426e-05,0.0003093859026905197,0.0003093859026905197,0.0003093859026905197,0.5186446707016873,0.5186446707016873,0.5186446707016873,-0.0018440819664252604,-0.0018440819664252604,-0.0018440819664252604,-0.00021981147933407795,-0.00021981147933407795,-0.00021981147933407795,0.0,0.0,0.0,-0.011442087496447817,-0.011442087496447817,-0.011442087496447817,-0.0015411426358250115,-0.0015411426358250115,-0.0015411426358250115,-0.1857617081584797,-0.1857617081584797,-0.1857617081584797,0.0,0.0,0.0,1.3507009983867073
17,2024-10-03 23:00:00,0.8881036931403745,1.3528314661163543,1.3569989212227211,0.8881036931403745,0.8881036931403745,-0.0003489911962493089,-0.0003489911962493089,-0.0003489911962493089,0.0013694908111392702,0.0013694908111392702,0.0013694908111392702,0.0009203570791051727,0.0009203570791051727,0.0009203570791051727,0.7256766884647663,0.7256766884647663,0.7256766884647663,-0.0025841665791358705,-0.0025841665791358705,-0.0025841665791358705,-0.0009254511764296084,-0.0009254511764296084,-0.0009254511764296084,0.00042162530210254227,0.00042162530210254227,0.00042162530210254227,-0.0040696254474136325,-0.0040696254474136325,-0.0040696254474136325,-0.0002847105648365481,-0.0002847105648365481,-0.0002847105648365481,-4.6768589171093426e-05,-4.6768589171093426e-05,-4.6768589171093426e-05,0.0010885423155691672,0.0010885423155691672,0.0010885423155691672,0.5256598451086762,0.5256598451086762,0.5256598451086762,-0.0009740761958063458,-0.0009740761958063458,-0.0009740761958063458,-0.00021981147933407795,-0.00021981147933407795,-0.00021981147933407795,0.0,0.0,0.0,-0.012409812370668197,-0.012409812370668197,-0.012409812370668197,0.00048525256218859205,0.00048525256218859205,0.00048525256218859205,-0.18502286440628607,-0.18502286440628607,-0.18502286440628607,0.0,0.0,0.0,1.354944142916987
18,2024-10-06 23:00:00,0.88552242482728,1.3557364901999998,1.3603045458988348,0.88552242482728,0.88552242482728,-0.0003489911962493089,-0.0003489911962493089,-0.0003489911962493089,0.0013694908111392702,0.0013694908111392702,0.0013694908111392702,0.0021194551281260195,0.0021194551281260195,0.0021194551281260195,0.7256766884657211,0.7256766884657211,0.7256766884657211,0.0019157555716119942,0.0019157555716119942,0.0019157555716119942,-0.0009254511764296084,-0.0009254511764296084,-0.0009254511764296084,0.00042162530210254227,0.00042162530210254227,0.00042162530210254227,-0.002966159567244704,-0.002966159567244704,-0.002966159567244704,9.291588525156121e-05,9.291588525156121e-05,9.291588525156121e-05,-4.6768589171093426e-05,-4.6768589171093426e-05,-4.6768589171093426e-05,0.0010529885114178073,0.0010529885114178073,0.0010529885114178073,0.5335742799388784,0.5335742799388784,0.5335742799388784,-0.000569563054299582,-0.000569563054299582,-0.000569563054299582,-0.00021981147933407795,-0.00021981147933407795,-0.00021981147933407795,0.0,0.0,0.0,-0.011437184251552598,-0.011437184251552598,-0.011437184251552598,0.0019360249963031682,0.0019360249963031682,0.0019360249963031682,-0.1825809798469021,-0.1825809798469021,-0.1825809798469021,0.0,0.0,0.0,1.3580144150242257
19,2024-10-07 23:00:00,0.8846620020562487,1.359941989698856,1.364590189110408,0.8846620020562487,0.8846620020562487,-0.0003489911962493089,-0.0003489911962493089,-0.0003489911962493089,0.006910416440452858,0.006910416440452858,0.006910416440452858,0.0034322277159240856,0.0034322277159240856,0.0034322277159240856,0.7256766884655714,0.7256766884655714,0.7256766884655714,0.008307216302897448,0.008307216302897448,0.008307216302897448,-0.005449780783344952,-0.005449780783344952,-0.005449780783344952,0.00042162530210254227,0.00042162530210254227,0.00042162530210254227,-0.0014990548532239762,-0.0014990548532239762,-0.0014990548532239762,0.0010366469815815554,0.0010366469815815554,0.0010366469815815554,-4.6768589171093426e-05,-4.6768589171093426e-05,-4.6768589171093426e-05,0.0013693621026916755,0.0013693621026916755,0.0013693621026916755,0.5397961995368173,0.5397961995368173,0.5397961995368173,-4.1530052306033694e-05,-4.1530052306033694e-05,-4.1530052306033694e-05,-0.00021981147933407795,-0.00021981147933407795,-0.00021981147933407795,0.0,0.0,0.0,-0.012545354456390207,-0.012545354456390207,-0.012545354456390207,0.0027428747137741723,0.0027428747137741723,0.0027428747137741723,-0.1816423507752612,-0.1816423507752612,-0.1816423507752612,0.0,0.0,0.0,1.3621991886408438
20,2024-10-08 23:00:00,0.8838015792852171,1.3640580638413902,1.3684827047909258,0.8838015792852171,0.8838015792852171,-0.0003489911962493089,-0.0003489911962493089,-0.0003489911962493089,0.006571744239669959,0.006571744239669959,0.006571744239669959,0.0038358657153049233,0.0038358657153049233,0.0038358657153049233,0.7256766884583231,0.7256766884583231,0.7256766884583231,0.013407781413811064,0.013407781413811064,0.013407781413811064,-0.005428103350197627,-0.005428103350197627,-0.005428103350197627,0.00042162530210254227,0.00042162530210254227,0.00042162530210254227,0.00016660147547067027,0.00016660147547067027,0.00016660147547067027,0.002889353829034513,0.002889353829034513,0.002889353829034513,0.00015255625775814687,0.00015255625775814687,0.00015255625775814687,0.0024130944202368893,0.0024130944202368893,0.0024130944202368893,0.5460350283265549,0.5460350283265549,0.5460350283265549,0.00018114398047424008,0.00018114398047424008,0.00018114398047424008,-0.0009363204228961442,-0.0009363204228961442,-0.0009363204228961442,0.0,0.0,0.0,-0.012431608456354128,-0.012431608456354128,-0.012431608456354128,0.003489211163102261,0.003489211163102261,0.003489211163102261,-0.18061783308922508,-0.18061783308922508,-0.18061783308922508,0.0,0.0,0.0,1.3663881996652745
21,2024-10-09 23:00:00,0.8829411565141856,1.3688945653347842,1.3734196945154236,0.8829411565141856,0.8829411565141856,-0.0003489911962493089,-0.0003489911962493089,-0.0003489911962493089,0.005638768069514957,0.005638768069514957,0.005638768069514957,0.00423103455047679,0.00423103455047679,0.00423103455047679,0.7256766884624246,0.7256766884624246,0.7256766884624246,0.018219528298687605,0.018219528298687605,0.018219528298687605,-0.005361179882428636,-0.005361179882428636,-0.005361179882428636,0.00042162530210254227,0.00042162530210254227,0.00042162530210254227,0.0023493482455044057,0.0023493482455044057,0.0023493482455044057,0.0028255563936798933,0.0028255563936798933,0.0028255563936798933,0.0011199885412161404,0.0011199885412161404,0.0011199885412161404,0.0031447951872973995,0.0031447951872973995,0.0031447951872973995,0.5529592275374893,0.5529592275374893,0.5529592275374893,0.001748535880238808,0.001748535880238808,0.001748535880238808,-0.0008820620300805833,-0.0008820620300805833,-0.0008820620300805833,0.0,0.0,0.0,-0.01144208749645511,-0.01144208749645511,-0.01144208749645511,0.003332109237415197,0.003332109237415197,0.003332109237415197,-0.17949490172716764,-0.17949490172716764,-0.17949490172716764,0.0,0.0,0.0,1.371171616381327
22,2024-10-10 23:00:00,0.8822378613462832,1.370965312780966,1.3754057305692269,0.8822378613462832,0.8822378613462832,-0.0003489911962493089,-0.0003489911962493089,-0.0003489911962493089,0.005119398356403185,0.005119398356403185,0.005119398356403185,0.0034473658007595828,0.0034473658007595828,0.0034473658007595828,0.7256766884665261,0.7256766884665261,0.7256766884665261,0.021249851982976582,0.021249851982976582,0.021249851982976582,-0.005274317174251186,-0.005274317174251186,-0.005274317174251186,0.00042162530210254227,0.00042162530210254227,0.00042162530210254227,0.004582143291084732,0.004582143291084732,0.004582143291084732,0.0033797243532241376,0.0033797243532241376,0.0033797243532241376,0.0015462088058355652,0.0015462088058355652,0.0015462088058355652,0.0030272492389187217,0.0030272492389187217,0.0030272492389187217,0.5562541090328477,0.5562541090328477,0.5562541090328477,0.002097904433580629,0.002097904433580629,0.002097904433580629,-0.0008569893767743437,-0.0008569893767743437,-0.0008569893767743437,0.0,0.0,0.0,-0.012409812370659482,-0.012409812370659482,-0.012409812370659482,0.004108530148342326,0.004108530148342326,0.004108530148342326,-0.1782626190459955,-0.1782626190459955,-0.1782626190459955,0.0,0.0,0.0,1.372986296864505
23,2024-10-13 23:00:00,0.8801279758425763,1.3754395239193804,1.3799619439623543,0.8801279758425763,0.8801279758425763,-0.0003489911962493089,-0.0003489911962493089,-0.0003489911962493089,0.004949408017403065,0.004949408017403065,0.004949408017403065,0.0030932163578027516,0.0030932163578027516,0.0030932163578027516,0.7256766884632296,0.7256766884632296,0.7256766884632296,0.02498370163204069,0.02498370163204069,0.02498370163204069,-0.005170276709290774,-0.005170276709290774,-0.005170276709290774,0.00042162530210254227,0.00042162530210254227,0.00042162530210254227,0.00682237829324411,0.00682237829324411,0.00682237829324411,0.0034020277127157945,0.0034020277127157945,0.0034020277127157945,0.0019128528525717747,0.0019128528525717747,0.0019128528525717747,0.0030900706575640166,0.0030900706575640166,0.0030900706575640166,0.5653931537571835,0.5653931537571835,0.5653931537571835,0.003078054228188379,0.003078054228188379,0.003078054228188379,-0.0008357917711894844,-0.0008357917711894844,-0.0008357917711894844,0.0,0.0,0.0,-0.011437184251583405,-0.011437184251583405,-0.011437184251583405,0.004569127887177829,0.004569127887177829,0.004569127887177829,-0.17383005208650354,-0.17383005208650354,-0.17383005208650354,0.0,0.0,0.0,1.3777463078141368
24,2024-10-14 23:00:00,0.8794246806746739,1.3782905297481025,1.3829463690293733,0.8794246806746739,0.8794246806746739,-0.0003489911962493089,-0.0003489911962493089,-0.0003489911962493089,0.004691063552143386,0.004691063552143386,0.004691063552143386,0.002810529231630814,0.002810529231630814,0.002810529231630814,0.7256766884673311,0.7256766884673311,0.7256766884673311,0.028863397785035005,0.028863397785035005,0.028863397785035005,-0.005059538229533641,-0.005059538229533641,-0.005059538229533641,0.00042162530210254227,0.00042162530210254227,0.00042162530210254227,0.008821761698610377,0.008821761698610377,0.008821761698610377,0.0034396339165216998,0.0034396339165216998,0.0034396339165216998,0.002054420157387032,0.002054420157387032,0.002054420157387032,0.002816481907663505,0.002816481907663505,0.002816481907663505,0.5699026476008464,0.5699026476008464,0.5699026476008464,0.005912586808741408,0.005912586808741408,0.005912586808741408,-0.0008317895569794393,-0.0008317895569794393,-0.0008317895569794393,0.0,0.0,0.0,-0.012545354456421392,-0.012545354456421392,-0.012545354456421392,0.004135614192996629,0.004135614192996629,0.004135614192996629,-0.17209208419509814,-0.17209208419509814,-0.17209208419509814,0.0,0.0,0.0,1.3806111345566996
25,2024-10-15 23:00:00,0.8779575517464526,1.3757014139934436,1.3802319353696981,0.8779575517464526,0.8779575517464526,-0.0003489911962493089,-0.0003489911962493089,-0.0003489911962493089,0.004640192511053295,0.004640192511053295,0.004640192511053295,0.0019228564987752435,0.0019228564987752435,0.0019228564987752435,0.7256766884600829,0.7256766884600829,0.7256766884600829,0.02654078808595873,0.02654078808595873,0.02654078808595873,-0.004962910681222189,-0.004962910681222189,-0.004962910681222189,0.00042162530210254227,0.00042162530210254227,0.00042162530210254227,0.00988622829921064,0.00988622829921064,0.00988622829921064,0.003587144777008234,0.003587144777008234,0.003587144777008234,0.0017523319886291124,0.0017523319886291124,0.0017523319886291124,0.0019477915725317097,0.0019477915725317097,0.0019477915725317097,0.5695635209573517,0.5695635209573517,0.5695635209573517,0.004996218407284498,0.004996218407284498,0.004996218407284498,-0.0007981333274130401,-0.0007981333274130401,-0.0007981333274130401,0.0,0.0,0.0,-0.012431608456359343,-0.012431608456359343,-0.012431608456359343,0.0034964339342479908,0.0034964339342479908,0.0034964339342479908,-0.17022234713233064,-0.17022234713233064,-0.17022234713233064,0.0,0.0,0.0,1.3780101461702585
26,2024-10-16 23:00:00,0.8764904228182312,1.3736055769731652,1.3779913745559491,0.8764904228182312,0.8764904228182312,-0.0003489911962493089,-0.0003489911962493089,-0.0003489911962493089,0.005581195071944902,0.005581195071944902,0.005581195071944902,0.0013998599139306421,0.0013998599139306421,0.0013998599139306421,0.7256766884641843,0.7256766884641843,0.7256766884641843,0.02368720037601113,0.02368720037601113,0.02368720037601113,-0.004889136832532823,-0.004889136832532823,-0.004889136832532823,0.00042162530210254227,0.00042162530210254227,0.00042162530210254227,0.010135260276395837,0.010135260276395837,0.010135260276395837,0.0031163456197297007,0.0031163456197297007,0.0031163456197297007,0.001262560504831553,0.001262560504831553,0.001262560504831553,0.0006571462902713236,0.0006571462902713236,0.0006571462902713236,0.5696982147350378,0.5696982147350378,0.5696982147350378,0.004412583314434756,0.004412583314434756,0.004412583314434756,-0.0007624017765454889,-0.0007624017765454889,-0.0007624017765454889,0.0,0.0,0.0,-0.011442087496461516,-0.011442087496461516,-0.011442087496461516,0.0027011538876974936,0.0027011538876974936,0.0027011538876974936,-0.16822358660869619,-0.16822358660869619,-0.16822358660869619,0.0,0.0,0.0,1.3758254519301358
27,2024-10-17 23:00:00,0.87502329389001,1.3770585567089515,1.3815670837252196,0.87502329389001,0.87502329389001,0.0015915758455148526,0.0015915758455148526,0.0015915758455148526,0.005765913758161587,0.005765913758161587,0.005765913758161587,0.0016065614269210398,0.0016065614269210398,0.0016065614269210398,0.7256766884682859,0.7256766884682859,0.7256766884682859,0.029038127790586038,0.029038127790586038,0.029038127790586038,-0.00477001394972217,-0.00477001394972217,-0.00477001394972217,0.00042162530210254227,0.00042162530210254227,0.00042162530210254227,0.010884007658054981,0.010884007658054981,0.010884007658054981,0.0030727492281513932,0.0030727492281513932,0.0030727492281513932,0.0022378157838552574,0.0022378157838552574,0.0022378157838552574,0.0007212231196580403,0.0007212231196580403,0.0007212231196580403,0.57620410880019,0.57620410880019,0.57620410880019,0.004460138347646122,0.004460138347646122,0.004460138347646122,-0.0008424687255439055,-0.0008424687255439055,-0.0008424687255439055,0.0,0.0,0.0,-0.012409812370631032,-0.012409812370631032,-0.012409812370631032,0.003888999995786303,0.003888999995786303,0.003888999995786303,-0.1661008950880509,-0.1661008950880509,-0.1661008950880509,0.0,0.0,0.0,1.3792153111253098
28,2024-10-20 23:00:00,0.870621907105346,1.3773783638169732,1.3816991937698904,0.870621907105346,0.870621907105346,0.0017687053521760119,0.0017687053521760119,0.0017687053521760119,0.006291985427753052,0.006291985427753052,0.006291985427753052,0.0016495980964060693,0.0016495980964060693,0.0016495980964060693,0.7256766884649895,0.7256766884649895,0.7256766884649895,0.029327145079952332,0.029327145079952332,0.029327145079952332,-0.004649664824348174,-0.004649664824348174,-0.004649664824348174,0.00042162530210254227,0.00042162530210254227,0.00042162530210254227,0.01138615562308104,0.01138615562308104,0.01138615562308104,0.0027189870795617447,0.0027189870795617447,0.0027189870795617447,0.002263751612532929,0.002263751612532929,0.002263751612532929,0.00023591821146912812,0.00023591821146912812,0.00023591821146912812,0.5844950446506207,0.5844950446506207,0.5844950446506207,0.00436795478503053,0.00436795478503053,0.00436795478503053,-0.0008439370035944392,-0.0008439370035944392,-0.0008439370035944392,0.0,0.0,0.0,-0.011437184251614215,-0.011437184251614215,-0.011437184251614215,0.003716065417781899,0.003716065417781899,0.003716065417781899,-0.1590716046427067,-0.1590716046427067,-0.1590716046427067,0.0,0.0,0.0,1.3794960975726938
29,2024-10-21 23:00:00,0.8691963481684964,1.3805024362121907,1.384949302107289,0.8691963481684964,0.8691963481684964,0.0019331827512185167,0.0019331827512185167,0.0019331827512185167,0.007116533516287478,0.007116533516287478,0.007116533516287478,0.0017003509593728795,0.0017003509593728795,0.0017003509593728795,0.7256766884690907,0.7256766884690907,0.7256766884690907,0.03422818196921022,0.03422818196921022,0.03422818196921022,-0.004494242845697979,-0.004494242845697979,-0.004494242845697979,0.00042162530210254227,0.00042162530210254227,0.00042162530210254227,0.012211746563688265,0.012211746563688265,0.012211746563688265,0.002648505451096361,0.002648505451096361,0.002648505451096361,0.0030221493200373083,0.0030221493200373083,0.0030221493200373083,0.00042178255850693113,0.00042178255850693113,0.00042178255850693113,0.5908152293732515,0.5908152293732515,0.5908152293732515,0.005526128923314619,0.005526128923314619,0.005526128923314619,-0.0009121549681639531,-0.0009121549681639531,-0.0009121549681639531,0.0,0.0,0.0,-0.0125453544564387,-0.0125453544564387,-0.0125453544564387,0.004632574437447256,0.004632574437447256,0.004632574437447256,-0.15654428660861078,-0.15654428660861078,-0.15654428660861078,0.0,0.0,0.0,1.3827307879820594
30,2024-10-22 23:00:00,0.8677707892316469,1.3801986900621692,1.384687478726857,0.8677707892316469,0.8677707892316469,0.002141891495250376,0.002141891495250376,0.002141891495250376,0.007986607037767268,0.007986607037767268,0.007986607037767268,0.0016545637513253138,0.0016545637513253138,0.0016545637513253138,0.7256766884618426,0.7256766884618426,0.7256766884618426,0.033848527747254595,0.033848527747254595,0.033848527747254595,-0.004292194395345586,-0.004292194395345586,-0.004292194395345586,0.00042162530210254227,0.00042162530210254227,0.00042162530210254227,0.012390191532489334,0.012390191532489334,0.012390191532489334,0.0019892182144958387,0.0019892182144958387,0.0019892182144958387,0.004056615996922565,0.004056615996922565,0.004056615996922565,0.0004913531771152402,0.0004913531771152402,0.0004913531771152402,0.5931473721647058,0.5931473721647058,0.5931473721647058,0.004952490123425263,0.004952490123425263,0.004952490123425263,-0.0015361731127646124,-0.0015361731127646124,-0.0015361731127646124,0.0,0.0,0.0,-0.01243160845634643,-0.01243160845634643,-0.01243160845634643,0.0035923386244710474,0.0035923386244710474,0.0035923386244710474,-0.15394623558804485,-0.15394623558804485,-0.15394623558804485,0.0,0.0,0.0,1.382486752505691
31,2024-10-23 23:00:00,0.8663452302947975,1.3821351998397198,1.3867510525511593,0.8663452302947975,0.8663452302947975,0.002310170088185563,0.002310170088185563,0.002310170088185563,0.008242270720435069,0.008242270720435069,0.008242270720435069,0.0017039935089200907,0.0017039935089200907,0.0017039935089200907,0.725676688461693,0.725676688461693,0.725676688461693,0.034996217704129716,0.034996217704129716,0.034996217704129716,-0.004110954281771141,-0.004110954281771141,-0.004110954281771141,0.00042162530210254227,0.00042162530210254227,0.00042162530210254227,0.01272432133010305,0.01272432133010305,0.01272432133010305,0.0015144218981114881,0.0015144218981114881,0.0015144218981114881,0.003589199135517066,0.003589199135517066,0.003589199135517066,0.0012064897353365651,0.0012064897353365651,0.0012064897353365651,0.5979393011734038,0.5979393011734038,0.5979393011734038,0.00482931977316609,0.00482931977316609,0.00482931977316609,-0.0016346864324108697,-0.0016346864324108697,-0.0016346864324108697,0.0,0.0,0.0,-0.011442087496469707,-0.011442087496469707,-0.011442087496469707,0.00420004692643421,0.00420004692643421,0.00420004692643421,-0.15129151749594905,-0.15129151749594905,-0.15129151749594905,0.0,0.0,0.0,1.3843670918721802
32,2024-10-24 23:00:00,0.8651717305905686,1.382159496971183,1.386581007857655,0.8651717305905686,0.8651717305905686,0.002526334266222419,0.002526334266222419,0.002526334266222419,0.008132502247518283,0.008132502247518283,0.008132502247518283,0.0022836823562527257,0.0022836823562527257,0.0022836823562527257,0.7256766884657944,0.7256766884657944,0.7256766884657944,0.035430110277405114,0.035430110277405114,0.035430110277405114,-0.0039179039652184645,-0.0039179039652184645,-0.0039179039652184645,0.00042162530210254227,0.00042162530210254227,0.00042162530210254227,0.01310971805406173,0.01310971805406173,0.01310971805406173,0.0012600392678640123,0.0012600392678640123,0.0012600392678640123,0.003845246026731877,0.003845246026731877,0.003845246026731877,0.0008345597043123799,0.0008345597043123799,0.0008345597043123799,0.6001024807389034,0.6001024807389034,0.6001024807389034,0.0047443749801456304,0.0047443749801456304,0.0047443749801456304,-0.0016684422973406731,-0.0016684422973406731,-0.0016684422973406731,0.0,0.0,0.0,-0.012409812370602577,-0.012409812370602577,-0.012409812370602577,0.0038583743347526513,0.0038583743347526513,0.0038583743347526513,-0.14859450563369342,-0.14859450563369342,-0.14859450563369342,0.0,0.0,0.0,1.384363432383139
33,2024-10-28 00:00:00,0.8616023356568727,1.3876227458636716,1.391925038823621,0.8616023356568727,0.8616023356568727,0.0027755835294324244,0.0027755835294324244,0.0027755835294324244,0.008088333162908154,0.008088333162908154,0.008088333162908154,0.003292985061864716,0.003292985061864716,0.003292985061864716,0.7260029999993924,0.7260029999993924,0.7260029999993924,0.03927748767119703,0.03927748767119703,0.03927748767119703,-0.0037201504111602068,-0.0037201504111602068,-0.0037201504111602068,0.00042162530210254227,0.00042162530210254227,0.00042162530210254227,0.013989932466793047,0.013989932466793047,0.013989932466793047,0.0013422216319176291,0.0013422216319176291,0.0013422216319176291,0.003936035815543243,0.003936035815543243,0.003936035815543243,0.0014208790261985473,0.0014208790261985473,0.0014208790261985473,0.6130658913053583,0.6130658913053583,0.6130658913053583,0.004765579245263321,0.004765579245263321,0.004765579245263321,-0.0016518214515037256,-0.0016518214515037256,-0.0016518214515037256,0.0,0.0,0.0,-0.01193829596188289,-0.01193829596188289,-0.01193829596188289,0.00461628429183734,0.00461628429183734,0.00461628429183734,-0.1402763004033483,-0.1402763004033483,-0.1402763004033483,0.0,0.0,0.0,1.3898213395171317
34,2024-10-29 00:00:00,0.860428835952644,1.3857632320681816,1.3901438683197818,0.860428835952644,0.860428835952644,0.0030315894130682687,0.0030315894130682687,0.0030315894130682687,0.008180692506016496,0.008180692506016496,0.008180692506016496,0.0030327295936761773,0.0030327295936761773,0.0030327295936761773,0.7260030000066169,0.7260030000066169,0.7260030000066169,0.0373864069171512,0.0373864069171512,0.0373864069171512,-0.0035347689863442612,-0.0035347689863442612,-0.0035347689863442612,0.00042162530210254227,0.00042162530210254227,0.00042162530210254227,0.01439090893889018,0.01439090893889018,0.01439090893889018,0.0009940270676509206,0.0009940270676509206,0.0009940270676509206,0.0036650153957454882,0.0036650153957454882,0.0036650153957454882,0.0008123556810286091,0.0008123556810286091,0.0008123556810286091,0.613258097961695,0.613258097961695,0.613258097961695,0.0043495880581548236,0.0043495880581548236,0.0043495880581548236,-0.0016196066209567608,-0.0016196066209567608,-0.0016196066209567608,0.0,0.0,0.0,-0.012583340943141544,-0.012583340943141544,-0.012583340943141544,0.003662250568118715,0.003662250568118715,0.003662250568118715,-0.13754796801893154,-0.13754796801893154,-0.13754796801893154,0.0,0.0,0.0,1.3880937873203576
35,2024-10-30 00:00:00,0.8592553362484153,1.3891632748997358,1.3934591962648266,0.8592553362484153,0.8592553362484153,0.0033111964348971857,0.0033111964348971857,0.0033111964348971857,0.008258339458947573,0.008258339458947573,0.008258339458947573,0.003326530043874671,0.003326530043874671,0.003326530043874671,0.7260030000067661,0.7260030000067661,0.7260030000067661,0.04028312410914212,0.04028312410914212,0.04028312410914212,-0.0033209615280312514,-0.0033209615280312514,-0.0033209615280312514,0.00042162530210254227,0.00042162530210254227,0.00042162530210254227,0.014929731693993774,0.014929731693993774,0.014929731693993774,0.0015601892419765202,0.0015601892419765202,0.0015601892419765202,0.004285513882816318,0.004285513882816318,0.004285513882816318,0.0014282652025263652,0.0014282652025263652,0.0014282652025263652,0.6192382367857561,0.6192382367857561,0.6192382367857561,0.004065094104545109,0.004065094104545109,0.004065094104545109,-0.001774384731297837,-0.001774384731297837,-0.001774384731297837,0.0,0.0,0.0,-0.012206064891441538,-0.012206064891441538,-0.012206064891441538,0.0037919850027911496,0.0037919850027911496,0.0037919850027911496,-0.13484182243871057,-0.13484182243871057,-0.13484182243871057,0.0,0.0,0.0,1.391339095615636
36,2024-10-31 00:00:00,0.8583421657637333,1.388811337954115,1.393225266606497,0.8583421657637333,0.8583421657637333,0.0034958326690974553,0.0034958326690974553,0.0034958326690974553,0.008305189326149579,0.008305189326149579,0.008305189326149579,0.0025968571764118905,0.0025968571764118905,0.0025968571764118905,0.726003000002678,0.726003000002678,0.726003000002678,0.03867141905833796,0.03867141905833796,0.03867141905833796,-0.0031148741564725408,-0.0031148741564725408,-0.0031148741564725408,0.00042162530210254227,0.00042162530210254227,0.00042162530210254227,0.015070506569778864,0.015070506569778864,0.015070506569778864,0.0018322084303818856,0.0018322084303818856,0.0018322084303818856,0.0041162255032231344,0.0041162255032231344,0.0041162255032231344,0.0010406673852768416,0.0010406673852768416,0.0010406673852768416,0.6206623648016409,0.6206623648016409,0.6206623648016409,0.003513517032196373,0.003513517032196373,0.003513517032196373,-0.0017427096100746694,-0.0017427096100746694,-0.0017427096100746694,0.0,0.0,0.0,-0.011845089999980941,-0.011845089999980941,-0.011845089999980941,0.003136373430266605,0.003136373430266605,0.003136373430266605,-0.1321669642593941,-0.1321669642593941,-0.1321669642593941,0.0,0.0,0.0,1.3910828441756142
37,2024-11-01 00:00:00,0.8574289952790515,1.391999426024891,1.3966713447955883,0.8574289952790515,0.8574289952790515,0.0036672806008548496,0.0036672806008548496,0.0036672806008548496,0.008920939556257508,0.008920939556257508,0.008920939556257508,0.0024085402485741446,0.0024085402485741446,0.0024085402485741446,0.7260029999985901,0.7260029999985901,0.7260029999985901,0.04101155672692836,0.04101155672692836,0.04101155672692836,-0.0029170182123791693,-0.0029170182123791693,-0.0029170182123791693,0.00042162530210254227,0.00042162530210254227,0.00042162530210254227,0.015477953527952117,0.015477953527952117,0.015477953527952117,0.0016565992890781448,0.0016565992890781448,0.0016565992890781448,0.003925881373182608,0.003925881373182608,0.003925881373182608,0.0012006530549176087,0.0012006530549176087,0.0012006530549176087,0.6261914998177486,0.6261914998177486,0.6261914998177486,0.0034129844150804283,0.0034129844150804283,0.0034129844150804283,-0.0017742260589161955,-0.0017742260589161955,-0.0017742260589161955,0.0,0.0,0.0,-0.011292273432770126,-0.011292273432770126,-0.011292273432770126,0.004610343630223781,0.004610343630223781,0.004610343630223781,-0.12953078347499974,-0.12953078347499974,-0.12953078347499974,0.0,0.0,0.0,1.3943437438200659
38,2024-11-04 00:00:00,0.8546894838250056,1.3898861933217008,1.3943497333558121,0.8546894838250056,0.8546894838250056,0.0035941318160018316,0.0035941318160018316,0.0035941318160018316,0.009042755593798715,0.009042755593798715,0.009042755593798715,0.0013500311326233381,0.0013500311326233381,0.0013500311326233381,0.7260029999976385,0.7260029999976385,0.7260029999976385,0.03658369657710883,0.03658369657710883,0.03658369657710883,-0.0027433957955238873,-0.0027433957955238873,-0.0027433957955238873,0.00042162530210254227,0.00042162530210254227,0.00042162530210254227,0.015298375890403131,0.015298375890403131,0.015298375890403131,0.0014007006903560997,0.0014007006903560997,0.0014007006903560997,0.0033986602015564577,0.0033986602015564577,0.0033986602015564577,0.0003064224543964508,0.0003064224543964508,0.0003064224543964508,0.628747481903225,0.628747481903225,0.628747481903225,0.002508683786738863,0.002508683786738863,0.002508683786738863,-0.0017159407490155178,-0.0017159407490155178,-0.0017159407490155178,0.0,0.0,0.0,-0.011938295961912601,-0.011938295961912601,-0.011938295961912601,0.003721646253670807,0.003721646253670807,0.003721646253670807,-0.12190091870960958,-0.12190091870960958,-0.12190091870960958,0.0,0.0,0.0,1.3920733445891451
39,2024-11-05 00:00:00,0.8546729116241472,1.3880741163055734,1.3926398895830974,0.8546729116241472,0.8546729116241472,0.003334334397351334,0.003334334397351334,0.003334334397351334,0.009349274360517575,0.009349274360517575,0.009349274360517575,0.0004568321680843662,0.0004568321680843662,0.0004568321680843662,0.726003000004863,0.726003000004863,0.726003000004863,0.03292271378162382,0.03292271378162382,0.03292271378162382,-0.0025988637284649107,-0.0025988637284649107,-0.0025988637284649107,0.00042162530210254227,0.00042162530210254227,0.00042162530210254227,0.014629468053271373,0.014629468053271373,0.014629468053271373,0.0007443435117657246,0.0007443435117657246,0.0007443435117657246,0.0027685868045938663,0.0027685868045938663,0.0027685868045938663,0.00011989047868986084,0.00011989047868986084,0.00011989047868986084,0.6268853824373983,0.6268853824373983,0.6268853824373983,0.002641171243360901,0.002641171243360901,0.002641171243360901,-0.0016847139870980268,-0.0016847139870980268,-0.0016847139870980268,0.0,0.0,0.0,-0.012583340943210834,-0.012583340943210834,-0.012583340943210834,0.00274076517744922,0.00274076517744922,0.00274076517744922,-0.11945699040587746,-0.11945699040587746,-0.11945699040587746,0.0,0.0,0.0,1.3904548666865353
40,2024-11-06 00:00:00,0.8546563394232888,1.3798652559322104,1.3841753522672577,0.8546563394232888,0.8546563394232888,0.003267284543655162,0.003267284543655162,0.003267284543655162,0.008692035828391396,0.008692035828391396,0.008692035828391396,-0.000172292345094612,-0.000172292345094612,-0.000172292345094612,0.7260030000050122,0.7260030000050122,0.7260030000050122,0.02021498407430564,0.02021498407430564,0.02021498407430564,-0.0025063269058418496,-0.0025063269058418496,-0.0025063269058418496,0.00042162530210254227,0.00042162530210254227,0.00042162530210254227,0.012675953399928726,0.012675953399928726,0.012675953399928726,0.00011202002627562878,0.00011202002627562878,0.00011202002627562878,0.001656386707612767,0.001656386707612767,0.001656386707612767,-0.001254545679597975,-0.001254545679597975,-0.001254545679597975,0.6169501897363038,0.6169501897363038,0.6169501897363038,0.0013182008803812408,0.0013182008803812408,0.0013182008803812408,-0.0014015299379375346,-0.0014015299379375346,-0.0014015299379375346,0.0,0.0,0.0,-0.0122060648914262,-0.0122060648914262,-0.0122060648914262,-0.0025938277455698497,-0.0025938277455698497,-0.0025938277455698497,-0.1170617294515877,-0.1170617294515877,-0.1170617294515877,0.0,0.0,0.0,1.3819367301898215
41,2024-11-07 00:00:00,0.8546397672224302,1.3943759847663544,1.3987342146168045,0.8546397672224302,0.8546397672224302,0.0032050239652230035,0.0032050239652230035,0.0032050239652230035,0.00871075343541718,0.00871075343541718,0.00871075343541718,0.0015625466936458317,0.0015625466936458317,0.0015625466936458317,0.7260030000009241,0.7260030000009241,0.7260030000009241,0.03455619862856782,0.03455619862856782,0.03455619862856782,-0.0023841877832469147,-0.0023841877832469147,-0.0023841877832469147,0.00042162530210254227,0.00042162530210254227,0.00042162530210254227,0.013094812059614507,0.013094812059614507,0.013094812059614507,0.0013000457413375438,0.0013000457413375438,0.0013000457413375438,0.0022743836458789385,0.0022743836458789385,0.0022743836458789385,0.0005637458433870236,0.0005637458433870236,0.0005637458433870236,0.6340018020171472,0.6340018020171472,0.6340018020171472,0.002382744995073481,0.002382744995073481,0.002382744995073481,-0.0010477525954179048,-0.0010477525954179048,-0.0010477525954179048,0.0,0.0,0.0,-0.011845089999986316,-0.011845089999986316,-0.011845089999986316,0.004472457325552595,0.004472457325552595,0.004472457325552595,-0.11471230661235846,-0.11471230661235846,-0.11471230661235846,0.0,0.0,0.0,1.3964829197169661
42,2024-11-08 00:00:00,0.8546231950215717,1.3837371881198428,1.388233727216854,0.8546231950215717,0.8546231950215717,0.0031472105709645704,0.0031472105709645704,0.0031472105709645704,0.008558156269186204,0.008558156269186204,0.008558156269186204,-0.00026042346849770577,-0.00026042346849770577,-0.00026042346849770577,0.7260030000081484,0.7260030000081484,0.7260030000081484,0.01961608550138466,0.01961608550138466,0.01961608550138466,-0.0023220193574655526,-0.0023220193574655526,-0.0023220193574655526,0.00042162530210254227,0.00042162530210254227,0.00042162530210254227,0.011760373475760267,0.011760373475760267,0.011760373475760267,7.637359911003764e-05,7.637359911003764e-05,7.637359911003764e-05,0.0010022688734388839,0.0010022688734388839,0.0010022688734388839,-0.0010725902479253545,-0.0010725902479253545,-0.0010725902479253545,0.6219220948102107,0.6219220948102107,0.6219220948102107,0.0006100820229979591,0.0006100820229979591,0.0006100820229979591,-0.0007963813107213548,-0.0007963813107213548,-0.0007963813107213548,0.0,0.0,0.0,-0.01129227343287954,-0.01129227343287954,-0.01129227343287954,-0.0015085902275658327,-0.0015085902275658327,-0.0015085902275658327,-0.11240471726644301,-0.11240471726644301,-0.11240471726644301,0.0,0.0,0.0,1.3861322427427827
43,2024-11-11 00:00:00,0.8514347613701598,1.388271185409868,1.3925537088535984,0.8514347613701598,0.8514347613701598,0.0031818730919173045,0.0031818730919173045,0.0031818730919173045,0.008187362548417863,0.008187362548417863,0.008187362548417863,0.0016378414731256328,0.0016378414731256328,0.0016378414731256328,0.7260030000001217,0.7260030000001217,0.7260030000001217,0.024742336898655657,0.024742336898655657,0.024742336898655657,-0.0022572942281289215,-0.0022572942281289215,-0.0022572942281289215,0.00042162530210254227,0.00042162530210254227,0.00042162530210254227,0.011306331023926057,0.011306331023926057,0.011306331023926057,5.334748125003448e-05,5.334748125003448e-05,5.334748125003448e-05,0.0010526930301777585,0.0010526930301777585,0.0010526930301777585,-0.0002121077064434304,-0.0002121077064434304,-0.0002121077064434304,0.6331259538485419,0.6331259538485419,0.6331259538485419,0.0006979140068537142,0.0006979140068537142,0.0006979140068537142,-0.000786624824314593,-0.000786624824314593,-0.000786624824314593,0.0,0.0,0.0,-0.011938295961832922,-0.011938295961832922,-0.011938295961832922,0.0014593756997716939,0.0014593756997716939,0.0014593756997716939,-0.10568108708840251,-0.10568108708840251,-0.10568108708840251,0.0,0.0,0.0,1.390500206802448
44,2024-11-12 00:00:00,0.8503719501530225,1.389860234090252,1.3941001909616177,0.8503719501530225,0.8503719501530225,0.003264502305075423,0.003264502305075423,0.003264502305075423,0.008151219854544069,0.008151219854544069,0.008151219854544069,0.0023836743858015952,0.0023836743858015952,0.0023836743858015952,0.7260030000073461,0.7260030000073461,0.7260030000073461,0.026990983146635082,0.026990983146635082,0.026990983146635082,-0.002196659215016199,-0.002196659215016199,-0.002196659215016199,0.00042162530210254227,0.00042162530210254227,0.00042162530210254227,0.01105262243437192,0.01105262243437192,0.01105262243437192,0.0002971709814664301,0.0002971709814664301,0.0002971709814664301,0.000964615193421154,0.000964615193421154,0.000964615193421154,0.00026990512065551886,0.00026990512065551886,0.00026990512065551886,0.6369234837634417,0.6369234837634417,0.6369234837634417,0.0011885676821815122,0.0011885676821815122,0.0011885676821815122,-0.0007927873132936125,-0.0007927873132936125,-0.0007927873132936125,0.0,0.0,0.0,-0.012583340943156933,-0.012583340943156933,-0.012583340943156933,0.0019865264153247288,0.0019865264153247288,0.0019865264153247288,-0.10348715844738259,-0.10348715844738259,-0.10348715844738259,0.0,0.0,0.0,1.3919938151391973
45,2024-11-13 00:00:00,0.849309138935885,1.3926635563807603,1.397057114852097,0.849309138935885,0.849309138935885,0.003423160453509058,0.003423160453509058,0.003423160453509058,0.007605106143669908,0.007605106143669908,0.007605106143669908,0.0037227186273002164,0.0037227186273002164,0.0037227186273002164,0.726003000003258,0.726003000003258,0.726003000003258,0.029820706285482737,0.029820706285482737,0.029820706285482737,-0.0021126091854817676,-0.0021126091854817676,-0.0021126091854817676,0.00042162530210254227,0.00042162530210254227,0.00042162530210254227,0.011150317746038295,0.011150317746038295,0.011150317746038295,0.000308982761811129,0.000308982761811129,0.000308982761811129,0.0014593757167315053,0.0014593757167315053,0.0014593757167315053,0.0016687612637821128,0.0016687612637821128,0.0016687612637821128,0.6423101264980362,0.6423101264980362,0.6423101264980362,0.0012310780035377118,0.0012310780035377118,0.0012310780035377118,-0.0008112397315626998,-0.0008112397315626998,-0.0008112397315626998,0.0,0.0,0.0,-0.012206064891410866,-0.012206064891410866,-0.012206064891410866,0.0017534291840447253,0.0017534291840447253,0.0017534291840447253,-0.10130751489929372,-0.10130751489929372,-0.10130751489929372,0.0,0.0,0.0,1.3948289994017316
46,2024-11-14 00:00:00,0.8486271059113524,1.397396122763772,1.4018994383344507,0.8486271059113524,0.8486271059113524,0.0036579666488418604,0.0036579666488418604,0.0036579666488418604,0.0069893559135622485,0.0069893559135622485,0.0069893559135622485,0.005717748751663864,0.005717748751663864,0.005717748751663864,0.7260029999991701,0.7260029999991701,0.7260029999991701,0.034212542159606,0.034212542159606,0.034212542159606,-0.0019910831841685288,-0.0019910831841685288,-0.0019910831841685288,0.00042162530210254227,0.00042162530210254227,0.00042162530210254227,0.011954279018431116,0.011954279018431116,0.011954279018431116,0.000958309196476584,0.000958309196476584,0.000958309196476584,0.0022528722915970147,0.0022528722915970147,0.0022528722915970147,0.0006269882190587285,0.0006269882190587285,0.0006269882190587285,0.6492331511559304,0.6492331511559304,0.6492331511559304,0.001578694402769332,0.001578694402769332,0.001578694402769332,-0.0008101759861086861,-0.0008101759861086861,-0.0008101759861086861,0.0,0.0,0.0,-0.011845089999995681,-0.011845089999995681,-0.011845089999995681,0.002855961585379933,0.002855961585379933,0.002855961585379933,-0.09913730100284998,-0.09913730100284998,-0.09913730100284998,0.0,0.0,0.0,1.3995839560385173
47,2024-11-15 00:00:00,0.8479450728868195,1.4031903526740488,1.4077863101776547,0.8479450728868195,0.8479450728868195,0.003995717612870642,0.003995717612870642,0.003995717612870642,0.006219684082966702,0.006219684082966702,0.006219684082966702,0.005830550397343901,0.005830550397343901,0.005830550397343901,0.7260030000063945,0.7260030000063945,0.7260030000063945,0.03979248357240568,0.03979248357240568,0.03979248357240568,-0.001855191495250842,-0.001855191495250842,-0.001855191495250842,0.00042162530210254227,0.00042162530210254227,0.00042162530210254227,0.01370605904860981,0.01370605904860981,0.01370605904860981,0.0014745562552855396,0.0014745562552855396,0.0014745562552855396,0.0025473044777894202,0.0025473044777894202,0.0025473044777894202,0.002906385540051972,0.002906385540051972,0.002906385540051972,0.6575306512424093,0.6575306512424093,0.6575306512424093,0.0018486488554348625,0.0018486488554348625,0.0018486488554348625,-0.0007363254529303734,-0.0007363254529303734,-0.0007363254529303734,0.0,0.0,0.0,-0.011292273432851021,-0.011292273432851021,-0.011292273432851021,0.0034334689481315024,0.0034334689481315024,0.0034334689481315024,-0.09697255890353976,-0.09697255890353976,-0.09697255890353976,0.0,0.0,0.0,1.4054949488798822
48,2024-11-18 00:00:00,0.8458989738132213,1.4063231575618929,1.4106463131979092,0.8458989738132213,0.8458989738132213,0.004269451901328156,0.004269451901328156,0.004269451901328156,0.005925180966793932,0.005925180966793932,0.005925180966793932,0.00401018693476361,0.00401018693476361,0.00401018693476361,0.7260029999983677,0.7260029999983677,0.7260029999983677,0.04151336194564673,0.04151336194564673,0.04151336194564673,-0.0017088188454178635,-0.0017088188454178635,-0.0017088188454178635,0.00042162530210254227,0.00042162530210254227,0.00042162530210254227,0.01535419072343677,0.01535419072343677,0.01535419072343677,0.0019853539448868264,0.0019853539448868264,0.0019853539448868264,0.0027667627823892834,0.0027667627823892834,0.0027667627823892834,0.002653771398438995,0.002653771398438995,0.002653771398438995,0.6650882996750098,0.6650882996750098,0.6650882996750098,0.0021786499310860784,0.0021786499310860784,0.0021786499310860784,-0.0007360884234126438,-0.0007360884234126438,-0.0007360884234126438,0.0,0.0,0.0,-0.011938295961862634,-0.011938295961862634,-0.011938295961862634,0.004393095329251044,0.004393095329251044,0.004393095329251044,-0.09048976630714188,-0.09048976630714188,-0.09048976630714188,0.0,0.0,0.0,1.4084964840034924
49,2024-11-19 00:00:00,0.8456818293191954,1.3996114318734911,1.4041527890705168,0.8456818293191954,0.8456818293191954,0.004140874891979242,0.004140874891979242,0.004140874891979242,0.004861037934104209,0.004861037934104209,0.004861037934104209,0.0014741813152496766,0.0014741813152496766,0.0014741813152496766,0.726003000005592,0.726003000005592,0.726003000005592,0.032660965805944665,0.032660965805944665,0.032660965805944665,-0.0016122424921239796,-0.0016122424921239796,-0.0016122424921239796,0.0016804471152292652,0.0016804471152292652,0.0016804471152292652,0.015260812631829873,0.015260812631829873,0.015260812631829873,0.0014210167433363792,0.0014210167433363792,0.0014210167433363792,0.001715281181970372,0.001715281181970372,0.001715281181970372,0.001482222694906193,0.001482222694906193,0.001482222694906193,0.6577478974081822,0.6577478974081822,0.6577478974081822,0.0009221951703064433,0.0009221951703064433,0.0009221951703064433,-0.0005805745309318695,-0.0005805745309318695,-0.0005805745309318695,0.0,0.0,0.0,-0.012583340943175982,-0.012583340943175982,-0.012583340943175982,0.001895713150088853,0.001895713150088853,0.001895713150088853,-0.08833272746017858,-0.08833272746017858,-0.08833272746017858,0.0,0.0,0.0,1.4019272744302014
50,2024-11-20 00:00:00,0.8454646848251696,1.3940331048829322,1.398701685227535,0.8454646848251696,0.8454646848251696,0.003912257330525878,0.003912257330525878,0.003912257330525878,0.004487563430743722,0.004487563430743722,0.004487563430743722,0.0002366383690094515,0.0002366383690094515,0.0002366383690094515,0.7260030000015042,0.7260030000015042,0.7260030000015042,0.02407744815866561,0.02407744815866561,0.02407744815866561,-0.0015412807126131281,-0.0015412807126131281,-0.0015412807126131281,0.001649923515537005,0.001649923515537005,0.001649923515537005,0.013729794353700616,0.013729794353700616,0.013729794353700616,0.0014322119642387037,0.0014322119642387037,0.0014322119642387037,0.001180153013330719,0.001180153013330719,0.001180153013330719,9.80760765320359e-05,9.80760765320359e-05,9.80760765320359e-05,0.6516927669590823,0.6516927669590823,0.6516927669590823,8.411976496831151e-05,8.411976496831151e-05,8.411976496831151e-05,-0.0004368878396042031,-0.0004368878396042031,-0.0004368878396042031,0.0,0.0,0.0,-0.012206064891417987,-0.012206064891417987,-0.012206064891417987,-0.0007551211077035013,-0.0007551211077035013,-0.0007551211077035013,-0.08618161630966939,-0.08618161630966939,-0.08618161630966939,0.0,0.0,0.0,1.3964479046450726
51,2024-11-21 00:00:00,0.8452475403311435,1.3931163570304541,1.3975607590345305,0.8452475403311435,0.8452475403311435,0.0036105459869847185,0.0036105459869847185,0.0036105459869847185,0.004531732515353851,0.004531732515353851,0.004531732515353851,-0.000227249426061444,-0.000227249426061444,-0.000227249426061444,0.7260030000016533,0.7260030000016533,0.7260030000016533,0.020724740709340134,0.020724740709340134,0.020724740709340134,-0.0014741524647739095,-0.0014741524647739095,-0.0014741524647739095,0.0016154937353359254,0.0016154937353359254,0.0016154937353359254,0.012595073391871107,0.012595073391871107,0.012595073391871107,0.00014738721287540566,0.00014738721287540566,0.00014738721287540566,0.001097597645469545,0.001097597645469545,0.001097597645469545,-0.0004175984309515755,-0.0004175984309515755,-0.0004175984309515755,0.6508414197099042,0.6508414197099042,0.6508414197099042,-6.911314248861925e-05,-6.911314248861925e-05,-6.911314248861925e-05,-0.00044117459842639987,-0.00044117459842639987,-0.00044117459842639987,0.0,0.0,0.0,-0.011845089999997057,-0.011845089999997057,-0.011845089999997057,-0.0002438017158484712,-0.0002438017158484712,-0.0002438017158484712,-0.0840412310010922,-0.0840412310010922,-0.0840412310010922,0.0,0.0,0.0,1.3953696494865693
52,2024-11-22 00:00:00,0.8450303958371176,1.3955406761557108,1.4001497999184007,0.8450303958371176,0.8450303958371176,0.003449618409348599,0.003449618409348599,0.003449618409348599,0.004415294000035699,0.004415294000035699,0.004415294000035699,0.00043561980897013875,0.00043561980897013875,0.00043561980897013875,0.7260030000088776,0.7260030000088776,0.7260030000088776,0.021377579063090214,0.021377579063090214,0.021377579063090214,-0.0014093761404197329,-0.0014093761404197329,-0.0014093761404197329,0.0015797737641185866,0.0015797737641185866,0.0015797737641185866,0.01176525944397323,0.01176525944397323,0.01176525944397323,0.0013119886071697828,0.0013119886071697828,0.0013119886071697828,0.0010466758306234042,0.0010466758306234042,0.0010466758306234042,-0.0012672248607587795,-0.0012672248607587795,-0.0012672248607587795,0.6541704069688893,0.6541704069688893,0.6541704069688893,0.0002650608141086608,0.0002650608141086608,0.0002650608141086608,-0.00044324553846680255,-0.00044324553846680255,-0.00044324553846680255,0.0,0.0,0.0,-0.011292273432822506,-0.011292273432822506,-0.011292273432822506,0.00022813492438743,0.00022813492438743,0.00022813492438743,-0.08191789867025627,-0.08191789867025627,-0.08191789867025627,0.0,0.0,0.0,1.3978242737829665
53,2024-11-25 00:00:00,0.8444384471243515,1.3918516623548447,1.3965693081970882,0.8444384471243515,0.8444384471243515,0.003133602403407854,0.003133602403407854,0.003133602403407854,0.004076621799252799,0.004076621799252799,0.004076621799252799,-0.0007290982818697538,-0.0007290982818697538,-0.0007290982818697538,0.7260030000079261,0.7260030000079261,0.7260030000079261,0.01254523790623959,0.01254523790623959,0.01254523790623959,-0.0013903571913982656,-0.0013903571913982656,-0.0013903571913982656,0.0015483928463492357,0.0015483928463492357,0.0015483928463492357,0.010072052601668824,0.010072052601668824,0.010072052601668824,0.0002130197123677192,0.0002130197123677192,0.0002130197123677192,8.756472211387143e-05,8.756472211387143e-05,8.756472211387143e-05,-0.0023365511178444005,-0.0023365511178444005,-0.0023365511178444005,0.6508765784948735,0.6508765784948735,0.6508765784948735,-9.064593520486372e-05,-9.064593520486372e-05,-9.064593520486372e-05,-0.00041116444888632584,-0.00041116444888632584,-0.00041116444888632584,0.0,0.0,0.0,-0.011938295961892345,-0.011938295961892345,-0.011938295961892345,-0.001628199203717106,-0.001628199203717106,-0.001628199203717106,-0.07573336345740002,-0.07573336345740002,-0.07573336345740002,0.0,0.0,0.0,1.3940636543381735
54,2024-11-26 00:00:00,0.8442411308867627,1.4074377464374022,1.4119713645802308,0.8442411308867627,0.8442411308867627,0.0032243388614153477,0.0032243388614153477,0.0032243388614153477,0.0013927914128097321,0.0013927914128097321,0.0013927914128097321,0.003696981388266461,0.003696981388266461,0.003696981388266461,0.7260030000038382,0.7260030000038382,0.7260030000038382,0.03023809862818355,0.03023809862818355,0.03023809862818355,-0.0012837094373295435,-0.0012837094373295435,-0.0012837094373295435,0.0015031375555063624,0.0015031375555063624,0.0015031375555063624,0.011722441487558168,0.011722441487558168,0.011722441487558168,0.002107176502335483,0.002107176502335483,0.002107176502335483,0.0019173583346476662,0.0019173583346476662,0.0019173583346476662,0.0010969224854953366,0.0010969224854953366,0.0010969224854953366,0.6698912129466621,0.6698912129466621,0.6698912129466621,0.0021471484816982366,0.0021471484816982366,0.0021471484816982366,0.00021274778631878816,0.00021274778631878816,0.00021274778631878816,0.0,0.0,0.0,-0.01258334094315856,-0.01258334094315856,-0.01258334094315856,0.0025007637694615136,0.0025007637694615136,0.0025007637694615136,-0.07376654474220103,-0.07376654474220103,-0.07376654474220103,0.0,0.0,0.0,1.4097908460759578
55,2024-11-27 00:00:00,0.844043814649174,1.4034189376492223,1.4077877079484105,0.844043814649174,0.844043814649174,0.0031255874732970088,0.0031255874732970088,0.0031255874732970088,0.0008720813084020225,0.0008720813084020225,0.0008720813084020225,0.001355752150351639,0.001355752150351639,0.001355752150351639,0.7260029999997502,0.7260029999997502,0.7260029999997502,0.023284390095481087,0.023284390095481087,0.023284390095481087,-0.0012119803420198344,-0.0012119803420198344,-0.0012119803420198344,0.0014623980912416368,0.0014623980912416368,0.0014623980912416368,0.012006469363678359,0.012006469363678359,0.012006469363678359,0.0012405816127516605,0.0012405816127516605,0.0012405816127516605,0.0011858053988278092,0.0011858053988278092,0.0011858053988278092,0.0014362766297777538,0.0014362766297777538,0.0014362766297777538,0.6652161544196393,0.6652161544196393,0.6652161544196393,0.0006773395113628297,0.0006773395113628297,0.0006773395113628297,0.0002718018115446236,0.0002718018115446236,0.0002718018115446236,0.0,0.0,0.0,-0.012206064891391583,-0.012206064891391583,-0.012206064891391583,0.0008622770862655783,0.0008622770862655783,0.0008622770862655783,-0.07186517078420036,-0.07186517078420036,-0.07186517078420036,0.0,0.0,0.0,1.4055153951917803
56,2024-11-28 00:00:00,0.8437557879827984,1.4008074014717236,1.4053993462087788,0.8437557879827984,0.8437557879827984,0.002987832897662136,0.002987832897662136,0.002987832897662136,0.0008493265704488576,0.0008493265704488576,0.0008493265704488576,0.00023949738418485,0.00023949738418485,0.00023949738418485,0.7260029999998993,0.7260029999998993,0.7260029999998993,0.018940464035189813,0.018940464035189813,0.018940464035189813,-0.0011514989139597932,-0.0011514989139597932,-0.0011514989139597932,0.0014256707870858396,0.0014256707870858396,0.0014256707870858396,0.011564708364595359,0.011564708364595359,0.011564708364595359,0.00031782055596089523,0.00031782055596089523,0.00031782055596089523,0.0009517854036942007,0.0009517854036942007,0.0009517854036942007,0.0008342635257082735,0.0008342635257082735,0.0008342635257082735,0.6630579076633211,0.6630579076633211,0.6630579076633211,0.0013986553424957153,0.0013986553424957153,0.0013986553424957153,0.00029299271286269834,0.00029299271286269834,0.00029299271286269834,0.0,0.0,0.0,-0.011845090000006425,-0.011845090000006425,-0.011845090000006425,-0.000770590595549218,-0.000770590595549218,-0.000770590595549218,-0.07004046637176156,-0.07004046637176156,-0.07004046637176156,0.0,0.0,0.0,1.4032147353414894
57,2024-11-29 00:00:00,0.8434677613164229,1.3975731300223402,1.4021940535192428,0.8434677613164229,0.8434677613164229,0.002788703021810406,0.002788703021810406,0.002788703021810406,0.0005267390652177581,0.0005267390652177581,0.0005267390652177581,-0.0002586264557274262,-0.0002586264557274262,-0.0002586264557274262,0.7260030000071237,0.7260030000071237,0.7260030000071237,0.013272720245704788,0.013272720245704788,0.013272720245704788,-0.0011146884774091877,-0.0011146884774091877,-0.0011146884774091877,0.0013863894377762838,0.0013863894377762838,0.0013863894377762838,0.010704246935605873,0.010704246935605873,0.010704246935605873,-0.000769569790777682,-0.000769569790777682,-0.000769569790777682,0.00045670026307702684,0.00045670026307702684,0.00045670026307702684,0.0003646007578451975,0.0003646007578451975,0.0003646007578451975,0.6596799997314154,0.6596799997314154,0.6596799997314154,0.0007446167202158209,0.0007446167202158209,0.0007446167202158209,0.00029449209079469016,0.00029449209079469016,0.00029449209079469016,0.0,0.0,0.0,-0.011292273432793987,-0.011292273432793987,-0.011292273432793987,-0.0018508833227239717,-0.0018508833227239717,-0.0018508833227239717,-0.06830344708861903,-0.06830344708861903,-0.06830344708861903,0.0,0.0,0.0,1.3998865738750983
58,2024-12-02 00:00:00,0.8426036813172965,1.399915471012768,1.4042751506533124,0.8426036813172965,0.8426036813172965,0.002705370835077588,0.002705370835077588,0.002705370835077588,0.00025366625274151207,0.00025366625274151207,0.00025366625274151207,0.0006281388117199437,0.0006281388117199437,0.0006281388117199437,0.7260030000061721,0.7260030000061721,0.7260030000061721,0.013749530125280246,0.013749530125280246,0.013749530125280246,-0.0010667327636440954,-0.0010667327636440954,-0.0010667327636440954,0.0013467634967451513,0.0013467634967451513,0.0013467634967451513,0.009987705221583642,0.009987705221583642,0.009987705221583642,-0.001002603159173683,-0.001002603159173683,-0.001002603159173683,0.0006898235873962051,0.0006898235873962051,0.0006898235873962051,0.0011617648117792042,0.0011617648117792042,0.0011617648117792042,0.6640955726854806,0.6640955726854806,0.6640955726854806,0.0006593209308009148,0.0006593209308009148,0.0006593209308009148,0.0002852018476360077,0.0002852018476360077,0.0002852018476360077,0.0,0.0,0.0,-0.011938295961812666,-0.011938295961812666,-0.011938295961812666,-0.0018988897473821457,-0.0018988897473821457,-0.0018988897473821457,-0.06371866148415918,-0.06371866148415918,-0.06371866148415918,0.0,0.0,0.0,1.4021730556086005
59,2024-12-03 00:00:00,0.8423156546509208,1.4008842366127126,1.4052249702031778,0.8423156546509208,0.8423156546509208,0.0026177311650233764,0.0026177311650233764,0.0026177311650233764,0.00035006272677697443,0.00035006272677697443,0.00035006272677697443,0.0006264237651661152,0.0006264237651661152,0.0006264237651661152,0.7260030000063213,0.7260030000063213,0.7260030000063213,0.014668781335901836,0.014668781335901836,0.014668781335901836,-0.0009939809869123283,-0.0009939809869123283,-0.0009939809869123283,0.0013013845279196612,0.0013013845279196612,0.0013013845279196612,0.009864310199205042,0.009864310199205042,0.009864310199205042,0.00015597258978186778,0.00015597258978186778,0.00015597258978186778,0.0012084431181165452,0.0012084431181165452,0.0012084431181165452,-0.0008738077527875964,-0.0008738077527875964,-0.0008738077527875964,0.6656613833716328,0.6656613833716328,0.6656613833716328,0.0007252869108710561,0.0007252869108710561,0.0007252869108710561,0.00028526440938338805,0.00028526440938338805,0.00028526440938338805,0.0,0.0,0.0,-0.012583340943141137,-0.012583340943141137,-0.012583340943141137,-0.0005983093366422653,-0.0005983093366422653,-0.0005983093366422653,-0.06242705702744912,-0.06242705702744912,-0.06242705702744912,0.0,0.0,0.0,1.4030126585614353
60,2024-12-04 00:00:00,0.8415820713608675,1.4056523514390658,1.4101844591407695,0.8415820713608675,0.8415820713608675,0.002553332833485832,0.002553332833485832,0.002553332833485832,0.0014851667129573715,0.0014851667129573715,0.0014851667129573715,0.0014033217304313369,0.0014033217304313369,0.0014033217304313369,0.7260030000022334,0.7260030000022334,0.7260030000022334,0.020495918204930682,0.020495918204930682,0.020495918204930682,-0.0008749092991192447,-0.0008749092991192447,-0.0008749092991192447,0.0012443935239053567,0.0012443935239053567,0.0012443935239053567,0.01006565255314117,0.01006565255314117,0.01006565255314117,0.0012807244656356121,0.0012807244656356121,0.0012807244656356121,0.0021869698614809313,0.0021869698614809313,0.0021869698614809313,0.0001464700867342639,0.0001464700867342639,0.0001464700867342639,0.6730288227195595,0.6730288227195595,0.6730288227195595,0.0004674993848116681,0.0004674993848116681,0.0004674993848116681,0.00015587353288676846,0.00015587353288676846,0.00015587353288676846,0.0,0.0,0.0,-0.012206064891421162,-0.012206064891421162,-0.012206064891421162,0.0003814228185796137,0.0003814228185796137,0.0003814228185796137,-0.06126403059618332,-0.06126403059618332,-0.06126403059618332,0.0,0.0,0.0,1.4079910620707605
61,2024-12-05 00:00:00,0.8408484880708139,1.4045942781677845,1.4088663088617641,0.8408484880708139,0.8408484880708139,0.0023066386977940983,0.0023066386977940983,0.0023066386977940983,0.002079502596408075,0.002079502596408075,0.002079502596408075,0.0009257918861091022,0.0009257918861091022,0.0009257918861091022,0.7260030000094578,0.7260030000094578,0.7260030000094578,0.019084674117553553,0.019084674117553553,0.019084674117553553,-0.0008110532661520354,-0.0008110532661520354,-0.0008110532661520354,0.0011921745516256927,0.0011921745516256927,0.0011921745516256927,0.010222478972843924,0.010222478972843924,0.010222478972843924,0.0012073351012657498,0.0012073351012657498,0.0012073351012657498,0.0010183150283482845,0.0010183150283482845,0.0010183150283482845,0.0006578011927786361,0.0006578011927786361,0.0006578011927786361,0.6730095447592903,0.6730095447592903,0.6730095447592903,-0.0002879747143890029,-0.0002879747143890029,-0.0002879747143890029,-0.00011580571369398849,-0.00011580571369398849,-0.00011580571369398849,0.0,0.0,0.0,-0.011845089999973203,-0.011845089999973203,-0.011845089999973203,0.0006894697846150197,0.0006894697846150197,0.0006894697846150197,-0.06023303936774788,-0.06023303936774788,-0.06023303936774788,0.0,0.0,0.0,1.4067475462388899
62,2024-12-06 00:00:00,0.8401149047807605,1.3999967939535118,1.4043279028441684,0.8401149047807605,0.8401149047807605,0.0022594647802506433,0.0022594647802506433,0.0022594647802506433,0.0013687122405999254,0.0013687122405999254,0.0013687122405999254,0.0014864667071896322,0.0014864667071896322,0.0014864667071896322,0.7260030000053698,0.7260030000053698,0.7260030000053698,0.013633515770462092,0.013633515770462092,0.013633515770462092,-0.0007322172053697444,-0.0007322172053697444,-0.0007322172053697444,0.001143941086533658,0.001143941086533658,0.001143941086533658,0.009230112694110849,0.009230112694110849,0.009230112694110849,0.00041632965203290505,0.00041632965203290505,0.00041632965203290505,0.0013393405492351284,0.0013393405492351284,0.0013393405492351284,0.00016968461542106483,0.00016968461542106483,0.00016968461542106483,0.6690087268198637,0.6690087268198637,0.6690087268198637,-0.0013044756676447579,-0.0013044756676447579,-0.0013044756676447579,-0.0002257285451806854,-0.0002257285451806854,-0.0002257285451806854,0.0,0.0,0.0,-0.011292273432780723,-0.011292273432780723,-0.011292273432780723,-0.0015181151367165272,-0.0015181151367165272,-0.0015181151367165272,-0.059335515523187415,-0.059335515523187415,-0.059335515523187415,0.0,0.0,0.0,1.402159107610528
63,2024-12-09 00:00:00,0.8395727822423911,1.4131447154789047,1.4178146661657482,0.8395727822423911,0.8395727822423911,0.0022531525199694217,0.0022531525199694217,0.0022531525199694217,0.00043305528785277136,0.00043305528785277136,0.00043305528785277136,0.0036132697920842464,0.0036132697920842464,0.0036132697920842464,0.7260030000044182,0.7260030000044182,0.7260030000044182,0.029326888942514215,0.029326888942514215,0.029326888942514215,-0.0006095155470462241,-0.0006095155470462241,-0.0006095155470462241,0.0010874714473711002,0.0010874714473711002,0.0010874714473711002,0.01071634800210504,0.01071634800210504,0.01071634800210504,0.002580186300949843,0.002580186300949843,0.002580186300949843,0.002249236944219484,0.002249236944219484,0.002249236944219484,0.001988255283231516,0.001988255283231516,0.001988255283231516,0.6859655028519844,0.6859655028519844,0.6859655028519844,0.0010517971803852264,0.0010517971803852264,0.0010517971803852264,7.827667646607227e-05,7.827667646607227e-05,7.827667646607227e-05,0.0,0.0,0.0,-0.011938295961799112,-0.011938295961799112,-0.011938295961799112,0.0038853550549257207,0.0038853550549257207,0.0038853550549257207,-0.057426090133148866,-0.057426090133148866,-0.057426090133148866,0.0,0.0,0.0,1.4154907479941325
64,2024-12-10 00:00:00,0.8393920747296014,1.4145565381012588,1.4190075769610315,0.8393920747296014,0.8393920747296014,0.0022889705279008723,0.0022889705279008723,0.0022889705279008723,0.0006030615838921928,0.0006030615838921928,0.0006030615838921928,0.004041874556631065,0.004041874556631065,0.004041874556631065,0.7260030000045673,0.7260030000045673,0.7260030000045673,0.03137811057801193,0.03137811057801193,0.03137811057801193,-0.0004814463349179278,-0.0004814463349179278,-0.0004814463349179278,0.0010304892925480547,0.0010304892925480547,0.0010304892925480547,0.012194608703014993,0.012194608703014993,0.012194608703014993,0.0008073186628421779,0.0008073186628421779,0.0008073186628421779,0.002358534471339493,0.002358534471339493,0.002358534471339493,0.0018907889152570006,0.0018907889152570006,0.0018907889152570006,0.6877636613611359,0.6877636613611359,0.6877636613611359,0.002336512249695459,0.002336512249695459,0.002336512249695459,8.132755914362241e-05,8.132755914362241e-05,8.132755914362241e-05,0.0,0.0,0.0,-0.012583340943123708,-0.012583340943123708,-0.012583340943123708,0.004226070390664927,0.004226070390664927,0.004226070390664927,-0.057034108278319694,-0.057034108278319694,-0.057034108278319694,0.0,0.0,0.0,1.4166954413631523
65,2024-12-11 00:00:00,0.8392113672168116,1.414587547130761,1.4193124910405037,0.8392113672168116,0.8392113672168116,0.0021677447949449576,0.0021677447949449576,0.0021677447949449576,0.0006699694494161918,0.0006699694494161918,0.0006699694494161918,0.002923076530969805,0.002923076530969805,0.002923076530969805,0.7260030000004795,0.7260030000004795,0.7260030000004795,0.03135844488360483,0.03135844488360483,0.03135844488360483,-0.0003644194005045464,-0.0003644194005045464,-0.0003644194005045464,0.0009704140293369768,0.0009704140293369768,0.0009704140293369768,0.013236890853916826,0.013236890853916826,0.013236890853916826,0.0013995829800498949,0.0013995829800498949,0.0013995829800498949,0.002124309047992312,0.002124309047992312,0.002124309047992312,0.0015804418919242512,0.0015804418919242512,0.0015804418919242512,0.6884043630073644,0.6884043630073644,0.6884043630073644,0.002248319306351868,0.002248319306351868,0.002248319306351868,8.013548733449222e-05,8.013548733449222e-05,8.013548733449222e-05,0.0,0.0,0.0,-0.012206064891405827,-0.012206064891405827,-0.012206064891405827,0.004321979911871797,0.004321979911871797,0.004321979911871797,-0.05675101698531385,-0.05675101698531385,-0.05675101698531385,0.0,0.0,0.0,1.41692813389424
66,2024-12-12 00:00:00,0.8390306597040218,1.412148580816554,1.416480698432097,0.8390306597040218,0.8390306597040218,0.0020719892138810615,0.0020719892138810615,0.0020719892138810615,0.00096847778243748,0.00096847778243748,0.00096847778243748,0.002222387119645572,0.002222387119645572,0.002222387119645572,0.7260030000077038,0.7260030000077038,0.7260030000077038,0.028057487156967934,0.028057487156967934,0.028057487156967934,-0.00028456126776461074,-0.00028456126776461074,-0.00028456126776461074,0.0009135024573489759,0.0009135024573489759,0.0009135024573489759,0.013396796156893022,0.013396796156893022,0.013396796156893022,0.0014185459565532203,0.0014185459565532203,0.0014185459565532203,0.001345748184986094,0.001345748184986094,0.001345748184986094,0.001089824935448236,0.001089824935448236,0.001089824935448236,0.6856493398472348,0.6856493398472348,0.6856493398472348,0.0017084693422825409,0.0017084693422825409,0.0017084693422825409,7.54707670894422e-05,7.54707670894422e-05,7.54707670894422e-05,0.0,0.0,0.0,-0.011845089999982574,-0.011845089999982574,-0.011845089999982574,0.0031308365081668993,0.0031308365081668993,0.0031308365081668993,-0.056566057317454475,-0.056566057317454475,-0.056566057317454475,0.0,0.0,0.0,1.4143114776416743
67,2024-12-13 00:00:00,0.8396597685183332,1.4200860233991388,1.4247237149531162,0.8396597685183332,0.8396597685183332,0.0020874514741119946,0.0020874514741119946,0.0020874514741119946,0.00118265316308703,0.00118265316308703,0.00118265316308703,0.0032373425243052206,0.0032373425243052206,0.0032373425243052206,0.7260030000036157,0.7260030000036157,0.7260030000036157,0.03567687608411897,0.03567687608411897,0.03567687608411897,-0.00020495850064801142,-0.00020495850064801142,-0.00020495850064801142,0.000854381642623839,0.000854381642623839,0.000854381642623839,0.014642484110167444,0.014642484110167444,0.014642484110167444,0.0025039818635986047,0.0025039818635986047,0.0025039818635986047,0.0013323833641398618,0.0013323833641398618,0.0013323833641398618,0.0028964666265927086,0.0028964666265927086,0.0028964666265927086,0.693920673322923,0.693920673322923,0.693920673322923,0.0030607444527133926,0.0030607444527133926,0.0030607444527133926,7.197322024340682e-05,7.197322024340682e-05,7.197322024340682e-05,0.0,0.0,0.0,-0.011292273432890139,-0.011292273432890139,-0.011292273432890139,0.0040119721431834815,0.0040119721431834815,0.0040119721431834815,-0.05646692933192161,-0.05646692933192161,-0.05646692933192161,0.0,0.0,0.0,1.4223170404507448
68,2024-12-16 00:00:00,0.8415470949612673,1.4202201678989954,1.4247157749280828,0.8415470949612673,0.8415470949612673,0.00214687098811253,0.00214687098811253,0.00214687098811253,0.0015280113633105933,0.0015280113633105933,0.0015280113633105933,0.00277141211699781,0.00277141211699781,0.00277141211699781,0.7260030000069014,0.7260030000069014,0.7260030000069014,0.03288402251358284,0.03288402251358284,0.03288402251358284,-0.00013338238092650242,-0.00013338238092650242,-0.00013338238092650242,0.000797231563861873,0.000797231563861873,0.000797231563861873,0.015594265872204334,0.015594265872204334,0.015594265872204334,0.0025438647566122944,0.0025438647566122944,0.0025438647566122944,0.001164281882935808,0.001164281882935808,0.001164281882935808,0.0011180911285355937,0.0011180911285355937,0.0011180911285355937,0.6904046721312237,0.6904046721312237,0.6904046721312237,0.0016561794811733367,0.0016561794811733367,0.0016561794811733367,6.54267925758338e-05,6.54267925758338e-05,6.54267925758338e-05,0.0,0.0,0.0,-0.011938295961872082,-0.011938295961872082,-0.011938295961872082,0.0036317689481893344,0.0036317689481893344,0.0036317689481893344,-0.056544054427388316,-0.056544054427388316,-0.056544054427388316,0.0,0.0,0.0,1.4225551411409847
69,2024-12-17 00:00:00,0.8421762037755786,1.4217341363449285,1.4262503823374622,0.8421762037755786,0.8421762037755786,0.0023140975232478216,0.0023140975232478216,0.0023140975232478216,0.0017903610454193255,0.0017903610454193255,0.0017903610454193255,0.0027189534575282493,0.0027189534575282493,0.0027189534575282493,0.7260030000028134,0.7260030000028134,0.7260030000028134,0.034035463904752254,0.034035463904752254,0.034035463904752254,-2.4842849066232894e-05,-2.4842849066232894e-05,-2.4842849066232894e-05,0.0007427325553149832,0.0007427325553149832,0.0007427325553149832,0.016306910526585807,0.016306910526585807,0.016306910526585807,0.0022710874390085532,0.0022710874390085532,0.0022710874390085532,0.0019354271756969045,0.0019354271756969045,0.0019354271756969045,0.0008870607870267504,0.0008870607870267504,0.0008870607870267504,0.6908110726636416,0.6908110726636416,0.6908110726636416,0.002805685959778192,0.002805685959778192,0.002805685959778192,-5.692797517516398e-05,-5.692797517516398e-05,-5.692797517516398e-05,0.0,0.0,0.0,-0.012583340943142753,-0.012583340943142753,-0.012583340943142753,0.0023449182593870657,0.0023449182593870657,0.0023449182593870657,-0.056644050300781346,-0.056644050300781346,-0.056644050300781346,0.0,0.0,0.0,1.4239608504775796
70,2024-12-18 00:00:00,0.8425046265646223,1.4297079124936682,1.4342233160953164,0.8425046265646223,0.8425046265646223,0.0024927887224660134,0.0024927887224660134,0.0024927887224660134,0.0014061953257693883,0.0014061953257693883,0.0014061953257693883,0.00321124105248539,0.00321124105248539,0.00321124105248539,0.7260029999987254,0.7260029999987254,0.7260029999987254,0.042648975490607435,0.042648975490607435,0.042648975490607435,0.00015649965454334871,0.00015649965454334871,0.00015649965454334871,0.0006846104350320614,0.0006846104350320614,0.0006846104350320614,0.01808100828021229,0.01808100828021229,0.01808100828021229,0.0029103332859748907,0.0029103332859748907,0.0029103332859748907,0.003459242233229481,0.003459242233229481,0.003459242233229481,0.001966511255266293,0.001966511255266293,0.001966511255266293,0.6996907439539831,0.6996907439539831,0.6996907439539831,0.004115884982989747,0.004115884982989747,0.004115884982989747,-0.00013221939520699803,-0.00013221939520699803,-0.00013221939520699803,0.0,0.0,0.0,-0.01220606489141295,-0.01220606489141295,-0.01220606489141295,0.004296879657845532,0.004296879657845532,0.004296879657845532,-0.05675516664393676,-0.05675516664393676,-0.05675516664393676,0.0,0.0,0.0,1.4319973155102959
71,2024-12-19 00:00:00,0.8428330493536661,1.4411325370605934,1.4454070330134887,0.8428330493536661,0.8428330493536661,0.002831655776080197,0.002831655776080197,0.002831655776080197,1.809248247403258e-05,1.809248247403258e-05,1.809248247403258e-05,0.0042156849789122194,0.0042156849789122194,0.0042156849789122194,0.7260030000059499,0.7260030000059499,0.7260030000059499,0.055103489698551764,0.055103489698551764,0.055103489698551764,0.0004085485720405139,0.0004085485720405139,0.0004085485720405139,0.0006181812418010632,0.0006181812418010632,0.0006181812418010632,0.022115966177479837,0.022115966177479837,0.022115966177479837,0.00468663346952547,0.00468663346952547,0.00468663346952547,0.004923769674464907,0.004923769674464907,0.004923769674464907,0.004604068166799747,0.004604068166799747,0.004604068166799747,0.71239939053772,0.71239939053772,0.71239939053772,0.005271394624796146,0.005271394624796146,0.005271394624796146,0.0002410987816964308,0.0002410987816964308,0.0002410987816964308,0.0,0.0,0.0,-0.01184508999999194,-0.01184508999999194,-0.01184508999999194,0.005168395752481196,0.005168395752481196,0.005168395752481196,-0.05686200916678963,-0.05686200916678963,-0.05686200916678963,0.0,0.0,0.0,1.4432668000382658
72,2024-12-20 00:00:00,0.8431614721427099,1.4378398320267871,1.4423293073594685,0.8431614721427099,0.8431614721427099,0.003146318040150511,0.003146318040150511,0.003146318040150511,-0.0006967190472222,-0.0006967190472222,-0.0006967190472222,0.002926809650835151,0.002926809650835151,0.002926809650835151,0.7260030000018618,0.7260030000018618,0.7260030000018618,0.05022408326379409,0.05022408326379409,0.05022408326379409,0.0006248609294267215,0.0006248609294267215,0.0006248609294267215,0.0005600855637444247,0.0005600855637444247,0.0005600855637444247,0.023902836562050975,0.023902836562050975,0.023902836562050975,0.0046262300833072815,0.0046262300833072815,0.0046262300833072815,0.004177937817427085,0.004177937817427085,0.004177937817427085,0.002710670691985064,0.002710670691985064,0.002710670691985064,0.7079850548905723,0.7079850548905723,0.7079850548905723,0.004082079749405225,0.004082079749405225,0.004082079749405225,0.0003720483408360804,0.0003720483408360804,0.0003720483408360804,0.0,0.0,0.0,-0.011292273432876879,-0.011292273432876879,-0.011292273432876879,0.0037909248818477795,0.0037909248818477795,0.0037909248818477795,-0.05694975494220669,-0.05694975494220669,-0.05694975494220669,0.0,0.0,0.0,1.4401071932792822
73,2024-12-23 00:00:00,0.8441467405098415,1.4349591100484673,1.4394405449275869,0.8441467405098415,0.8441467405098415,0.003431336043886866,0.003431336043886866,0.003431336043886866,-0.0007529356964567492,-0.0007529356964567492,-0.0007529356964567492,0.002219022125281209,0.002219022125281209,0.002219022125281209,0.7260030000051474,0.7260030000051474,0.7260030000051474,0.04552815640739594,0.04552815640739594,0.04552815640739594,0.0008439341609738989,0.0008439341609738989,0.0008439341609738989,0.0005088209346031693,0.0005088209346031693,0.0005088209346031693,0.02421376254823482,0.02421376254823482,0.02421376254823482,0.0025210657957304124,0.0025210657957304124,0.0025210657957304124,0.004250606546395615,0.004250606546395615,0.004250606546395615,0.0019607288515472647,0.0019607288515472647,0.0019607288515472647,0.70262859670886,0.70262859670886,0.70262859670886,0.0031815537887537153,0.0031815537887537153,0.0031815537887537153,0.0003537699989242761,0.0003537699989242761,0.0003537699989242761,0.0,0.0,0.0,-0.011938295961858532,-0.011938295961858532,-0.011938295961858532,0.002796491309521443,0.002796491309521443,0.002796491309521443,-0.05696426374182477,-0.05696426374182477,-0.05696426374182477,0.0,0.0,0.0,1.4372683802106296
74,2024-12-24 00:00:00,0.8448428707548629,1.4363644545251453,1.4409321540532465,0.8448428707548629,0.8448428707548629,0.00369599561878491,0.00369599561878491,0.00369599561878491,0.001747516395065839,0.001747516395065839,0.001747516395065839,0.0019022823863149218,0.0019022823863149218,0.0019022823863149218,0.7260030000010593,0.7260030000010593,0.7260030000010593,0.0462532891792923,0.0462532891792923,0.0462532891792923,0.0009849386475375972,0.0009849386475375972,0.0009849386475375972,0.00045833408616519794,0.00045833408616519794,0.00045833408616519794,0.024404259984090744,0.024404259984090744,0.024404259984090744,0.002378152440002491,0.002378152440002491,0.002378152440002491,0.0025911423148089895,0.0025911423148089895,0.0025911423148089895,0.00202019539892576,0.00202019539892576,0.00202019539892576,0.7028252779569029,0.7028252779569029,0.7028252779569029,0.003120607980332213,0.003120607980332213,0.003120607980332213,-0.00015351666146563175,-0.00015351666146563175,-0.00015351666146563175,0.0,0.0,0.0,-0.01258334094317557,-0.01258334094317557,-0.01258334094317557,0.0031033805887292704,0.0031033805887292704,0.0031033805887292704,-0.05684767028027323,-0.05684767028027323,-0.05684767028027323,0.0,0.0,0.0,1.4386197962230571
75,2024-12-25 00:00:00,0.8455390009998841,1.4336805358229185,1.4381344376348504,0.8455390009998841,0.8455390009998841,0.0032721806538999576,0.0032721806538999576,0.0032721806538999576,0.00030721807642348305,0.00030721807642348305,0.00030721807642348305,0.0006992686436843325,0.0006992686436843325,0.0006992686436843325,0.7260030000012085,0.7260030000012085,0.7260030000012085,0.04112311785173323,0.04112311785173323,0.04112311785173323,0.0011428655252610116,0.0011428655252610116,0.0011428655252610116,0.0004069988741889075,0.0004069988741889075,0.0004069988741889075,0.02402115809451887,0.02402115809451887,0.02402115809451887,0.0021988830454572612,0.0021988830454572612,0.0021988830454572612,0.0029497138841563836,0.0029497138841563836,0.0029497138841563836,0.0007248938156888772,0.0007248938156888772,0.0007248938156888772,0.698265301484307,0.698265301484307,0.698265301484307,0.002870869176949902,0.002870869176949902,0.002870869176949902,-0.00022527344386716956,-0.00022527344386716956,-0.00022527344386716956,0.0,0.0,0.0,-0.012206064891420069,-0.012206064891420069,-0.012206064891420069,0.0027543415053714153,0.0027543415053714153,0.0027543415053714153,-0.05665475147721479,-0.05665475147721479,-0.05665475147721479,0.0,0.0,0.0,1.435949546449808
76,2024-12-26 00:00:00,0.8462351312449053,1.4334053557674757,1.437741199349984,0.8462351312449053,0.8462351312449053,0.002908015246650011,0.002908015246650011,0.002908015246650011,0.00015195608463992785,0.00015195608463992785,0.00015195608463992785,0.0012643673323703903,0.0012643673323703903,0.0012643673323703903,0.726003000008433,0.726003000008433,0.726003000008433,0.03862924305531106,0.03862924305531106,0.03862924305531106,0.0013101994874600467,0.0013101994874600467,0.0013101994874600467,0.0003540994623098349,0.0003540994623098349,0.0003540994623098349,0.02326523834459317,0.02326523834459317,0.02326523834459317,0.0024128584573037794,0.0024128584573037794,0.0024128584573037794,0.003150443037499518,0.003150443037499518,0.003150443037499518,-0.0016110069913643525,-0.0016110069913643525,-0.0016110069913643525,0.6964086232941873,0.6964086232941873,0.6964086232941873,0.003631746235750655,0.003631746235750655,0.003631746235750655,-0.0002569116477894149,-0.0002569116477894149,-0.0002569116477894149,0.0,0.0,0.0,-0.011845089999993317,-0.011845089999993317,-0.011845089999993317,0.002048238005887499,0.002048238005887499,0.002048238005887499,-0.056378529769563465,-0.056378529769563465,-0.056378529769563465,0.0,0.0,0.0,1.4355605739783457
77,2024-12-27 00:00:00,0.8464944453674663,1.4375266474122168,1.4420172574645953,0.8464944453674663,0.8464944453674663,0.0026183767559444216,0.0026183767559444216,0.0026183767559444216,-9.836198988341814e-05,-9.836198988341814e-05,-9.836198988341814e-05,0.0016412248900816826,0.0016412248900816826,0.0016412248900816826,0.7260030000043449,0.7260030000043449,0.7260030000043449,0.04223370102991137,0.04223370102991137,0.04223370102991137,0.0015163380540362803,0.0015163380540362803,0.0015163380540362803,0.00029977722689311447,0.00029977722689311447,0.00029977722689311447,0.02346578553623327,0.02346578553623327,0.02346578553623327,0.00226036058394161,0.00226036058394161,0.00226036058394161,0.003958582885609868,0.003958582885609868,0.003958582885609868,6.132608638177192e-05,6.132608638177192e-05,6.132608638177192e-05,0.7009307665490155,0.7009307665490155,0.7009307665490155,0.0031823461298370825,0.0031823461298370825,0.0031823461298370825,-0.0002566963200537392,-0.0002566963200537392,-0.0002566963200537392,0.0,0.0,0.0,-0.011292273432833105,-0.011292273432833105,-0.011292273432833105,0.003584641190889426,0.003584641190889426,0.003584641190889426,-0.05601366105240772,-0.05601366105240772,-0.05601366105240772,0.0,0.0,0.0,1.439828445838368
78,2024-12-30 00:00:00,0.8472723877351493,1.4391873986784658,1.4438255116437682,0.8472723877351493,0.8472723877351493,0.0023419936938738487,0.0023419936938738487,0.0023419936938738487,0.0002335922973802246,0.0002335922973802246,0.0002335922973802246,0.0013767584753614204,0.0013767584753614204,0.0013767584753614204,0.7260030000033935,0.7260030000033935,0.7260030000033935,0.04155267787919992,0.04155267787919992,0.04155267787919992,0.0017161369709387444,0.0017161369709387444,0.0017161369709387444,0.00024641818380608123,0.00024641818380608123,0.00024641818380608123,0.023200060015990544,0.023200060015990544,0.023200060015990544,0.002067300673172229,0.002067300673172229,0.002067300673172229,0.0038257306753868812,0.0038257306753868812,0.0038257306753868812,0.0005724051410647812,0.0005724051410647812,0.0005724051410647812,0.7012602002609515,0.7012602002609515,0.7012602002609515,0.0028533436528340736,0.0028533436528340736,0.0028533436528340736,-0.00024387387552406574,-0.00024387387552406574,-0.00024387387552406574,0.0,0.0,0.0,-0.011938295961844984,-0.011938295961844984,-0.011938295961844984,0.003362811974915159,0.003362811974915159,0.003362811974915159,-0.054357181659796944,-0.054357181659796944,-0.054357181659796944,0.0,0.0,0.0,1.4414307920338747
79,2024-12-31 00:00:00,0.8475317018577103,1.4328887453445436,1.4373232502001423,0.8475317018577103,0.8475317018577103,0.0019564299509271174,0.0019564299509271174,0.0019564299509271174,0.000189407255730797,0.000189407255730797,0.000189407255730797,0.00041302589951827255,0.00041302589951827255,0.00041302589951827255,0.7260029999993054,0.7260029999993054,0.7260029999993054,0.03341881412618949,0.03341881412618949,0.03341881412618949,0.0018729905816869685,0.0018729905816869685,0.0018729905816869685,0.0002007917536678446,0.0002007917536678446,0.0002007917536678446,0.021685548126845568,0.021685548126845568,0.021685548126845568,0.0013048383756750139,0.0013048383756750139,0.0013048383756750139,0.002929893429378615,0.002929893429378615,0.002929893429378615,-0.00040331783788292113,-0.00040331783788292113,-0.00040331783788292113,0.6932236698613898,0.6932236698613898,0.6932236698613898,0.0018360860063435505,0.0018360860063435505,0.0018360860063435505,-0.00012674740558707906,-0.00012674740558707906,-0.00012674740558707906,0.0,0.0,0.0,-0.012583340943194615,-0.012583340943194615,-0.012583340943194615,0.001559867989885743,0.001559867989885743,0.001559867989885743,-0.053614803320910724,-0.053614803320910724,-0.053614803320910724,0.0,0.0,0.0,1.4350607385433816
80,2025-01-02 00:00:00,0.8480503301028323,1.4352069149468132,1.439643694638186,0.8480503301028323,0.8480503301028323,0.0016938247676370971,0.0016938247676370971,0.0016938247676370971,-0.0004999368393415304,-0.0004999368393415304,-0.0004999368393415304,0.0009949062852960715,0.0009949062852960715,0.0009949062852960715,0.7260030000066791,0.7260030000066791,0.7260030000066791,0.03277723489515053,0.03277723489515053,0.03277723489515053,0.00203081506937527,0.00203081506937527,0.00203081506937527,0.00015144497603725222,0.00015144497603725222,0.00015144497603725222,0.020701434529633796,0.020701434529633796,0.020701434529633796,0.0006883739725382806,0.0006883739725382806,0.0006883739725382806,0.002944637157289658,0.002944637157289658,0.002944637157289658,0.00013940154584734144,0.00013940154584734144,0.00013940154584734144,0.6950835144123285,0.6950835144123285,0.6950835144123285,0.0024950526162056605,0.0024950526162056605,0.0024950526162056605,-0.00012619213030892846,-0.00012619213030892846,-0.00012619213030892846,0.0,0.0,0.0,-0.011845090000002684,-0.011845090000002684,-0.011845090000002684,0.0015634729449405648,0.0015634729449405648,0.0015634729449405648,-0.0518516304894983,-0.0518516304894983,-0.0518516304894983,0.0,0.0,0.0,1.4375161339492444
81,2025-01-03 00:00:00,0.8484934574010659,1.4370377113165003,1.4416720413557205,0.8484934574010659,0.8484934574010659,0.0015023671635988531,0.0015023671635988531,0.0015023671635988531,-0.0007275001759117023,-0.0007275001759117023,-0.0007275001759117023,0.001535197519401901,0.001535197519401901,0.001535197519401901,0.726003000002591,0.726003000002591,0.726003000002591,0.03257972659219783,0.03257972659219783,0.03257972659219783,0.0021994782736372447,0.0021994782736372447,0.0021994782736372447,0.00010139995507720165,0.00010139995507720165,0.00010139995507720165,0.020212680463656964,0.020212680463656964,0.020212680463656964,-0.00079547458006817,-0.00079547458006817,-0.00079547458006817,0.003166329507889733,0.003166329507889733,0.003166329507889733,0.0006799448705321105,0.0006799448705321105,0.0006799448705321105,0.6964543483749603,0.6964543483749603,0.6964543483749603,0.002151120333790666,0.002151120333790666,0.002151120333790666,-0.00012458126611387108,-0.00012458126611387108,-0.00012458126611387108,0.0,0.0,0.0,-0.011292273432819841,-0.011292273432819841,-0.011292273432819841,0.002678764526706894,0.002678764526706894,0.002678764526706894,-0.050836104787008674,-0.050836104787008674,-0.050836104787008674,0.0,0.0,0.0,1.4394304153757422
82,2025-01-06 00:00:00,0.8498228392957664,1.4433546071101426,1.447657595021222,0.8498228392957664,0.8498228392957664,0.0010575078740801573,0.0010575078740801573,0.0010575078740801573,-0.001115671112410159,-0.001115671112410159,-0.001115671112410159,0.00032774745370054684,0.00032774745370054684,0.00032774745370054684,0.7260030000058766,0.7260030000058766,0.7260030000058766,0.03424967493518113,0.03424967493518113,0.03424967493518113,0.0024134387075384098,0.0024134387075384098,0.0024134387075384098,4.9552122092900815e-05,4.9552122092900815e-05,4.9552122092900815e-05,0.020281327766491965,0.020281327766491965,0.020281327766491965,0.00034573306091600366,0.00034573306091600366,0.00034573306091600366,0.0041160111744780676,0.0041160111744780676,0.0041160111744780676,0.00038745288425319724,0.00038745288425319724,0.00038745288425319724,0.7010202538347401,0.7010202538347401,0.7010202538347401,0.0023999820222096223,0.0023999820222096223,0.0023999820222096223,-0.00023977877476791083,-0.00023977877476791083,-0.00023977877476791083,0.0,0.0,0.0,-0.011938295961917951,-0.011938295961917951,-0.011938295961917951,0.004226371756598328,0.004226371756598328,0.004226371756598328,-0.04729412514439961,-0.04729412514439961,-0.04729412514439961,0.0,0.0,0.0,1.4455658618134442
83,2025-01-07 00:00:00,0.850265966594,1.430831103366136,1.435609775151915,0.850265966594,0.850265966594,0.0006444242480985112,0.0006444242480985112,0.0006444242480985112,-0.0009764619020998079,-0.0009764619020998079,-0.0009764619020998079,-0.003156281658861072,-0.003156281658861072,-0.003156281658861072,0.7260030000017887,0.7260030000017887,0.7260030000017887,0.018008342718015737,0.018008342718015737,0.018008342718015737,0.0025109859377723475,0.0025109859377723475,0.0025109859377723475,1.0403405304733623e-05,1.0403405304733623e-05,1.0403405304733623e-05,0.01815173289610506,0.01815173289610506,0.01815173289610506,-0.0003735455225290166,-0.0003735455225290166,-0.0003735455225290166,0.0016902041207877726,0.0016902041207877726,0.0016902041207877726,-0.0009938450010612827,-0.0009938450010612827,-0.0009938450010612827,0.6854679792166292,0.6854679792166292,0.6854679792166292,0.0007417149844935397,0.0007417149844935397,0.0007417149844935397,-0.00022607507131161626,-0.00022607507131161626,-0.00022607507131161626,0.0,0.0,0.0,-0.012583340943140724,-0.012583340943140724,-0.012583340943140724,-1.491371868342998e-05,-1.491371868342998e-05,-1.491371868342998e-05,-0.04596002256003457,-0.04596002256003457,-0.04596002256003457,0.0,0.0,0.0,1.433096060511863
84,2025-01-08 00:00:00,0.849905921699592,1.4333289193710281,1.4377316408118568,0.849905921699592,0.849905921699592,0.00031473720810071075,0.00031473720810071075,0.00031473720810071075,-0.0012749702351211008,-0.0012749702351211008,-0.0012749702351211008,-0.001295495755821411,-0.001295495755821411,-0.001295495755821411,0.7260030000090132,0.7260030000090132,0.7260030000090132,0.019755745898974022,0.019755745898974022,0.019755745898974022,0.0026091980937700066,0.0026091980937700066,0.0026091980937700066,-3.1511315837370794e-05,-3.1511315837370794e-05,-3.1511315837370794e-05,0.016739589950675485,0.016739589950675485,0.016739589950675485,-0.00022109760317660286,-0.00022109760317660286,-0.00022109760317660286,0.0017003964668961147,0.0017003964668961147,0.0017003964668961147,0.00016452926259044544,0.00016452926259044544,0.00016452926259044544,0.6889981579827115,0.6889981579827115,0.6889981579827115,0.00022404120133428975,0.00022404120133428975,0.00022404120133428975,-0.00022534913247867022,-0.00022534913247867022,-0.00022534913247867022,0.0,0.0,0.0,-0.012206064891423247,-0.012206064891423247,-0.012206064891423247,0.001051677758042121,0.001051677758042121,0.001051677758042121,-0.04455452303385232,-0.04455452303385232,-0.04455452303385232,0.0,0.0,0.0,1.4354895362092095
85,2025-01-09 00:00:00,0.8495458768051841,1.4331984386071634,1.4378877693188998,0.8495458768051841,0.8495458768051841,8.599242388468331e-06,8.599242388468331e-06,8.599242388468331e-06,-0.0008533214303016962,-0.0008533214303016962,-0.0008533214303016962,-0.00018731957783506045,-0.00018731957783506045,-0.00018731957783506045,0.726003000004925,0.726003000004925,0.726003000004925,0.018731335675536826,0.018731335675536826,0.018731335675536826,0.0027127784130369457,0.0027127784130369457,0.0027127784130369457,-7.253353283236519e-05,-7.253353283236519e-05,-7.253353283236519e-05,0.015665833150413824,0.015665833150413824,0.015665833150413824,8.224999818759687e-05,8.224999818759687e-05,8.224999818759687e-05,0.001809889062679033,0.001809889062679033,0.001809889062679033,-1.0307610916442288e-05,-1.0307610916442288e-05,-1.0307610916442288e-05,0.689809031573393,0.689809031573393,0.689809031573393,-0.001789259505527967,-0.001789259505527967,-0.001789259505527967,-0.00022655353433533083,-0.00022655353433533083,-0.00022655353433533083,0.0,0.0,0.0,-0.011845089999973463,-0.011845089999973463,-0.011845089999973463,0.0015912810005798196,0.0015912810005798196,0.0015912810005798196,-0.0430802141070953,-0.0430802141070953,-0.0430802141070953,0.0,0.0,0.0,1.4355702953613374
86,2025-01-10 00:00:00,0.8491858319107762,1.4383039396474715,1.4428814736086997,0.8491858319107762,0.8491858319107762,-0.0001672461121326996,-0.0001672461121326996,-0.0001672461121326996,-0.0007984451723630833,-0.0007984451723630833,-0.0007984451723630833,0.0017328087948320996,0.0017328087948320996,0.0017328087948320996,0.7260030000008371,0.7260030000008371,0.7260030000008371,0.023227764710934427,0.023227764710934427,0.023227764710934427,0.002841972696622436,0.002841972696622436,0.002841972696622436,-0.00011615393558988907,-0.00011615393558988907,-0.00011615393558988907,0.01509219587796455,0.01509219587796455,0.01509219587796455,0.0004815467265724536,0.0004815467265724536,0.0004815467265724536,0.0023387166125092376,0.0023387166125092376,0.0023387166125092376,-6.599550083111109e-05,-6.599550083111109e-05,-6.599550083111109e-05,0.6963993417274607,0.6963993417274607,0.6963993417274607,-0.00047527814871387236,-0.00047527814871387236,-0.00047527814871387236,-0.00025658402696376046,-0.00025658402696376046,-0.00025658402696376046,0.0,0.0,0.0,-0.011292273432806582,-0.011292273432806582,-0.011292273432806582,0.002620226899028067,0.002620226899028067,0.002620226899028067,-0.04153914955150432,-0.04153914955150432,-0.04153914955150432,0.0,0.0,0.0,1.4405582862577269
87,2025-01-13 00:00:00,0.8488707550769929,1.4421534398976525,1.4464049223907336,0.8488707550769929,0.8488707550769929,-0.0003114617216180358,-0.0003114617216180358,-0.0003114617216180358,-0.00021883763612868225,-0.00021883763612868225,-0.00021883763612868225,0.0022661846769240906,0.0022661846769240906,0.0022661846769240906,0.7260030000041227,0.7260030000041227,0.7260030000041227,0.023885601611198366,0.023885601611198366,0.023885601611198366,0.0029430481168161776,0.0029430481168161776,0.0029430481168161776,-0.00015854598632248162,-0.00015854598632248162,-0.00015854598632248162,0.014701806758233644,0.014701806758233644,0.014701806758233644,-4.4870347806583395e-05,-4.4870347806583395e-05,-4.4870347806583395e-05,0.0017524130694030568,0.0017524130694030568,0.0017524130694030568,-0.0004119020774805062,-0.0004119020774805062,-0.0004119020774805062,0.7014228363540186,0.7014228363540186,0.7014228363540186,0.0005314106841144248,0.0005314106841144248,0.0005314106841144248,-0.00034017773368520194,-0.00034017773368520194,-0.00034017773368520194,0.0,0.0,0.0,-0.011938295961904403,-0.011938295961904403,-0.011938295961904403,0.003176533808748462,0.003176533808748462,0.003176533808748462,-0.03652746929939819,-0.03652746929939819,-0.03652746929939819,0.0,0.0,0.0,1.4442880878010746
88,2025-01-14 00:00:00,0.848765729465732,1.4352691398883157,1.4396896491232214,0.848765729465732,0.848765729465732,-0.0006071953884725989,-0.0006071953884725989,-0.0006071953884725989,-0.0004115986701212687,-0.0004115986701212687,-0.0004115986701212687,-0.0009390333068677265,-0.0009390333068677265,-0.0009390333068677265,0.7260030000000346,0.7260030000000346,0.7260030000000346,0.015018403801638621,0.015018403801638621,0.015018403801638621,0.0030130390193869754,0.0030130390193869754,0.0030130390193869754,-0.0001977830896757335,-0.0001977830896757335,-0.0001977830896757335,0.013214081079710097,0.013214081079710097,0.013214081079710097,-0.0005885119321605295,-0.0005885119321605295,-0.0005885119321605295,0.0011174630497414063,0.0011174630497414063,0.0011174630497414063,0.0003102522772622475,0.0003102522772622475,0.0003102522772622475,0.6937092207266732,0.6937092207266732,0.6937092207266732,-0.0006403653000751582,-0.0006403653000751582,-0.0006403653000751582,-0.00024927244967139786,-0.00024927244967139786,-0.00024927244967139786,0.0,0.0,0.0,-0.012583340943159767,-0.012583340943159767,-0.012583340943159767,0.0009973285125823082,0.0009973285125823082,0.0009973285125823082,-0.034728842131840354,-0.034728842131840354,-0.034728842131840354,0.0,0.0,0.0,1.4375623422329111
89,2025-01-15 00:00:00,0.8486607038544709,1.43149513774653,1.4359530616274068,0.8486607038544709,0.8486607038544709,-0.0008376139695833112,-0.0008376139695833112,-0.0008376139695833112,3.949087209196654e-05,3.949087209196654e-05,3.949087209196654e-05,-0.0036888130418392274,-0.0036888130418392274,-0.0036888130418392274,0.726003000007259,0.726003000007259,0.726003000007259,0.008401849800976744,0.008401849800976744,0.008401849800976744,0.0030727537411127078,0.0030727537411127078,0.0030727537411127078,-0.00023762120060208045,-0.00023762120060208045,-0.00023762120060208045,0.0116605079624401,0.0116605079624401,0.0116605079624401,-7.852306391445423e-05,-7.852306391445423e-05,-7.852306391445423e-05,0.0009072202024169597,0.0009072202024169597,0.0009072202024169597,-0.00023040185712886038,-0.00023040185712886038,-0.00023040185712886038,0.6893328669714839,0.6893328669714839,0.6893328669714839,-0.0006256487869792402,-0.0006256487869792402,-0.0006256487869792402,-0.00024168445152604646,-0.00024168445152604646,-0.00024168445152604646,0.0,0.0,0.0,-0.012206064891430371,-0.012206064891430371,-0.012206064891430371,-0.0013378166055117693,-0.0013378166055117693,-0.0013378166055117693,-0.032865917945321704,-0.032865917945321704,-0.032865917945321704,0.0,0.0,0.0,1.4336704199285106
90,2025-01-16 00:00:00,0.8485556782432098,1.4289627452832538,1.4334877395482302,0.8485556782432098,0.8485556782432098,-0.0011440905604014802,-0.0011440905604014802,-0.0011440905604014802,0.00038216828972338326,0.00038216828972338326,0.00038216828972338326,-0.0026806814419114405,-0.0026806814419114405,-0.0026806814419114405,0.7260030000031711,0.7260030000031711,0.7260030000031711,0.003481667402448571,0.003481667402448571,0.003481667402448571,0.0030811899486482743,0.0030811899486482743,0.0030811899486482743,-0.00028120631194208196,-0.00028120631194208196,-0.00028120631194208196,0.009806410510314962,0.009806410510314962,0.009806410510314962,-0.0006836907696577199,-0.0006836907696577199,-0.0006836907696577199,-0.00013839840434510742,-0.00013839840434510742,-0.00013839840434510742,-0.0007903102834774673,-0.0007903102834774673,-0.0007903102834774673,0.6867013308496456,0.6867013308496456,0.6867013308496456,-0.0008926417159151326,-0.0008926417159151326,-0.0008926417159151326,-0.00035111365237805025,-0.00035111365237805025,-0.00035111365237805025,0.0,0.0,0.0,-0.01184508999998283,-0.01184508999998283,-0.01184508999998283,-0.0028259682062095684,-0.0028259682062095684,-0.0028259682062095684,-0.03093824655599118,-0.03093824655599118,-0.03093824655599118,0.0,0.0,0.0,1.4312599917928457
91,2025-01-17 00:00:00,0.8481367524598762,1.4375005987952925,1.442097006621559,0.8481367524598762,0.8481367524598762,-0.0012466917947868167,-0.0012466917947868167,-0.0012466917947868167,0.0005709241068671857,0.0005709241068671857,0.0005709241068671857,0.0018252857049509555,0.0018252857049509555,0.0018252857049509555,0.7260030000033203,0.7260030000033203,0.7260030000033203,0.011847641466871249,0.011847641466871249,0.011847641466871249,0.0030478558975754236,0.0030478558975754236,0.0030478558975754236,-0.0003207615647906475,-0.0003207615647906475,-0.0003207615647906475,0.009545424099306615,0.009545424099306615,0.009545424099306615,-0.00018588996463433834,-0.00018588996463433834,-0.00018588996463433834,-0.00097787220397894,-0.00097787220397894,-0.00097787220397894,-0.00013041510195382311,-0.00013041510195382311,-0.00013041510195382311,0.6976129309202795,0.6976129309202795,0.6976129309202795,-0.0006794769906171606,-0.0006794769906171606,-0.0006794769906171606,-0.0008686444017322667,-0.0008686444017322667,-0.0008686444017322667,0.0,0.0,0.0,-0.01129227343276281,-0.01129227343276281,-0.01129227343276281,0.0012679036806650642,0.0012679036806650642,0.0012679036806650642,-0.02894543711714912,-0.02894543711714912,-0.02894543711714912,0.0,0.0,0.0,1.439807918164618
92,2025-01-20 00:00:00,0.8468799751098756,1.4460891770161333,1.4504384364295728,0.8468799751098756,0.8468799751098756,-0.0013706717935426215,-0.0013706717935426215,-0.0013706717935426215,-0.0008318911266054381,-0.0008318911266054381,-0.0008318911266054381,0.0011252969465660823,0.0011252969465660823,0.0011252969465660823,0.7260030000023687,0.7260030000023687,0.7260030000023687,0.018613990027764146,0.018613990027764146,0.018613990027764146,0.00308425738345008,0.00308425738345008,0.00308425738345008,-0.00037440336060795944,-0.00037440336060795944,-0.00037440336060795944,0.010705187776472572,0.010705187776472572,0.010705187776472572,0.0003133343767291616,0.0003133343767291616,0.0003133343767291616,0.0004235792926220442,0.0004235792926220442,0.0004235792926220442,0.0008230776441486352,0.0008230776441486352,0.0008230776441486352,0.71010102109042,0.71010102109042,0.71010102109042,0.0005238052227318432,0.0005238052227318432,0.0005238052227318432,-0.0007830021931838016,-0.0007830021931838016,-0.0007830021931838016,0.0,0.0,0.0,-0.011938295961824724,-0.011938295961824724,-0.011938295961824724,0.004975419858983548,0.004975419858983548,0.004975419858983548,-0.02257767297788811,-0.02257767297788811,-0.02257767297788811,0.0,0.0,0.0,1.4482503101764277
93,2025-01-21 00:00:00,0.846461049326542,1.4290859734550825,1.4337354429194,0.846461049326542,0.846461049326542,-0.0015400521721007474,-0.0015400521721007474,-0.0015400521721007474,-0.0024689716531281934,-0.0024689716531281934,-0.0024689716531281934,-0.0017308656742897853,-0.0017308656742897853,-0.0017308656742897853,0.7260029999982807,0.7260029999982807,0.7260029999982807,-0.002002968267120326,-0.002002968267120326,-0.002002968267120326,0.003054246132802303,0.003054246132802303,0.003054246132802303,-0.0004092925613219645,-0.0004092925613219645,-0.0004092925613219645,0.00819902527644343,0.00819902527644343,0.00819902527644343,-0.0005350185522764838,-0.0005350185522764838,-0.0005350185522764838,-0.0009154131126917122,-0.0009154131126917122,-0.0009154131126917122,-0.0009290124133112266,-0.0009290124133112266,-0.0009290124133112266,0.6910875182710705,0.6910875182710705,0.6910875182710705,-0.0009844578900881998,-0.0009844578900881998,-0.0009844578900881998,-6.653757765702619e-05,-6.653757765702619e-05,-6.653757765702619e-05,0.0,0.0,0.0,-0.012583340943178816,-0.012583340943178816,-0.012583340943178816,-0.003676618069500719,-0.003676618069500719,-0.003676618069500719,-0.020329172516911066,-0.020329172516911066,-0.020329172516911066,0.0,0.0,0.0,1.4314397152187481
94,2025-01-22 00:00:00,0.8454698309946658,1.4302312540712707,1.4345549557215043,0.8454698309946658,0.8454698309946658,-0.0016973339521904362,-0.0016973339521904362,-0.0016973339521904362,-0.002886599284059515,-0.002886599284059515,-0.002886599284059515,-0.002560095280527509,-0.002560095280527509,-0.002560095280527509,0.7260030000055051,0.7260030000055051,0.7260030000055051,-0.0015202952541779743,-0.0015202952541779743,-0.0015202952541779743,0.0030381416429944856,0.0030381416429944856,0.0030381416429944856,-0.00044651478810325465,-0.00044651478810325465,-0.00044651478810325465,0.00688377918535966,0.00688377918535966,0.00688377918535966,-0.00035775684371881067,-0.00035775684371881067,-0.00035775684371881067,-0.0006342908762270586,-0.0006342908762270586,-0.0006342908762270586,-0.00017476362674933646,-0.00017476362674933646,-0.00017476362674933646,0.6942545444266478,0.6942545444266478,0.6942545444266478,-0.0008030634058135963,-0.0008030634058135963,-0.0008030634058135963,-3.059697219422397e-05,-3.059697219422397e-05,-3.059697219422397e-05,0.0,0.0,0.0,-0.012206064891415031,-0.012206064891415031,-0.012206064891415031,-0.00185120105294838,-0.00185120105294838,-0.00185120105294838,-0.018022095433264357,-0.018022095433264357,-0.018022095433264357,0.0,0.0,0.0,1.4324411033383422
95,2025-01-23 00:00:00,0.8444786126627898,1.4383322194826278,1.4428614099576753,0.8444786126627898,0.8444786126627898,-0.0019134271322159338,-0.0019134271322159338,-0.0019134271322159338,-0.0011892968914534218,-0.0011892968914534218,-0.0011892968914534218,0.00024270383412980766,0.00024270383412980766,0.00024270383412980766,0.726003000001417,0.726003000001417,0.726003000001417,0.007434445578952294,0.007434445578952294,0.007434445578952294,0.003054297327819848,0.003054297327819848,0.003054297327819848,-0.00048611428690811397,-0.00048611428690811397,-0.00048611428690811397,0.006722330308395897,0.006722330308395897,0.006722330308395897,0.00010138102347252816,0.00010138102347252816,0.00010138102347252816,1.6856985913105536e-05,1.6856985913105536e-05,1.6856985913105536e-05,0.0009461645495824886,0.0009461645495824886,0.0009461645495824886,0.7059314071424723,0.7059314071424723,0.7059314071424723,-0.0005504587412793154,-0.0005504587412793154,-0.0005504587412793154,2.4206896551105723e-05,2.4206896551105723e-05,2.4206896551105723e-05,0.0,0.0,0.0,-0.011845089999988203,-0.011845089999988203,-0.011845089999988203,0.00046580170494429663,0.00046580170494429663,0.00046580170494429663,-0.01566094843790898,-0.01566094843790898,-0.01566094843790898,0.0,0.0,0.0,1.4406225880015557
96,2025-01-24 00:00:00,0.8434873943309137,1.4342264939903877,1.4391392952146016,0.8434873943309137,0.8434873943309137,-0.002012060873866213,-0.002012060873866213,-0.002012060873866213,-0.0013579627961969026,-0.0013579627961969026,-0.0013579627961969026,-0.0014864534287889815,-0.0014864534287889815,-0.0014864534287889815,0.7260030000015664,0.7260030000015664,0.7260030000015664,0.0018360766595098173,0.0018360766595098173,0.0018360766595098173,0.0030669766271675006,0.0030669766271675006,0.0030669766271675006,-0.0005201992646925909,-0.0005201992646925909,-0.0005201992646925909,0.006207456590593214,0.006207456590593214,0.006207456590593214,-0.0003787993880453208,-0.0003787993880453208,-0.0003787993880453208,-5.319119050975192e-05,-5.319119050975192e-05,-5.319119050975192e-05,-0.00030028569183943325,-0.00030028569183943325,-0.00030028569183943325,0.7032950901577794,0.7032950901577794,0.7032950901577794,-0.0011314977556068416,-0.0011314977556068416,-0.0011314977556068416,2.8223883479734395e-05,2.8223883479734395e-05,2.8223883479734395e-05,0.0,0.0,0.0,-0.011292273432749547,-0.011292273432749547,-0.011292273432749547,-0.0002261300521845967,-0.0002261300521845967,-0.0002261300521845967,-0.013251713070547157,-0.013251713070547157,-0.013251713070547157,0.0,0.0,0.0,1.4367079373738239
97,2025-01-27 00:00:00,0.8405137393352855,1.4353746093394595,1.439758776116987,0.8405137393352855,0.8405137393352855,-0.002161017390641763,-0.002161017390641763,-0.002161017390641763,-0.0011357610248107501,-0.0011357610248107501,-0.0011357610248107501,-0.0006842398447955223,-0.0006842398447955223,-0.0006842398447955223,0.7260030000006147,0.7260030000006147,0.7260030000006147,0.0021729486281850986,0.0021729486281850986,0.0021729486281850986,0.0030540413527320766,0.0030540413527320766,0.0030540413527320766,-0.0005487963743779646,-0.0005487963743779646,-0.0005487963743779646,0.005838772246723307,0.005838772246723307,0.005838772246723307,-0.0004580456522274343,-0.0004580456522274343,-0.0004580456522274343,-0.0005696941977562664,-0.0005696941977562664,-0.0005696941977562664,-0.0013445294730908683,-0.0013445294730908683,-0.0013445294730908683,0.7104182977549087,0.7104182977549087,0.7104182977549087,0.00014673600648602337,0.00014673600648602337,0.00014673600648602337,-4.3355713464773305e-05,-4.3355713464773305e-05,-4.3355713464773305e-05,0.0,0.0,0.0,-0.011938295961811169,-0.011938295961811169,-0.011938295961811169,7.883869340903415e-05,7.883869340903415e-05,7.883869340903415e-05,-0.005819354912079756,-0.005819354912079756,-0.005819354912079756,0.0,0.0,0.0,1.4376300792734722
98,2025-01-28 00:00:00,0.8387510494426041,1.4387184252057605,1.4431460324788428,0.8387510494426041,0.8387510494426041,-0.0023615206500993526,-0.0023615206500993526,-0.0023615206500993526,-0.0010246521605980243,-0.0010246521605980243,-0.0010246521605980243,0.0009060133887108933,0.0009060133887108933,0.0009060133887108933,0.7260030000007638,0.7260030000007638,0.7260030000007638,0.007989266073260354,0.007989266073260354,0.007989266073260354,0.003052813891239769,0.003052813891239769,0.003052813891239769,-0.0005766423562813625,-0.0005766423562813625,-0.0005766423562813625,0.0057641225380117445,0.0057641225380117445,0.0057641225380117445,0.00036268897259825997,0.00036268897259825997,0.00036268897259825997,-0.00033408649785028393,-0.00033408649785028393,-0.00033408649785028393,0.001404674009445608,0.001404674009445608,0.001404674009445608,0.7180990712668097,0.7180990712668097,0.7180990712668097,3.135087368707222e-05,3.135087368707222e-05,3.135087368707222e-05,-3.8119883234939165e-05,-3.8119883234939165e-05,-3.8119883234939165e-05,0.0,0.0,0.0,-0.012583340943124917,-0.012583340943124917,-0.012583340943124917,0.0008026239476309698,0.0008026239476309698,0.0008026239476309698,-0.003309853864089529,-0.003309853864089529,-0.003309853864089529,0.0,0.0,0.0,1.4410573990714002
99,2025-01-29 00:00:00,0.8369883595499226,1.438520204149243,1.4431355204400986,0.8369883595499226,0.8369883595499226,-0.0024354826216592953,-0.0024354826216592953,-0.0024354826216592953,-0.0011638613709086397,-0.0011638613709086397,-0.0011638613709086397,0.0020914475810062927,0.0020914475810062927,0.0020914475810062927,0.7260030000079882,0.7260030000079882,0.7260030000079882,0.008547749395001593,0.008547749395001593,0.008547749395001593,0.0030784278555583203,0.0030784278555583203,0.0030784278555583203,-0.00061000275385764,-0.00061000275385764,-0.00061000275385764,0.005596815273777857,0.005596815273777857,0.005596815273777857,0.0004864630874480434,0.0004864630874480434,0.0004864630874480434,0.0002082860387826551,0.0002082860387826551,0.0002082860387826551,0.0007951265256796635,0.0007951265256796635,0.0007951265256796635,0.7215383233972288,0.7215383233972288,0.7215383233972288,-0.00014500309222217341,-0.00014500309222217341,-0.00014500309222217341,-0.00010705883718877324,-0.00010705883718877324,-0.00010705883718877324,0.0,0.0,0.0,-0.012206064891444615,-0.012206064891444615,-0.012206064891444615,0.0007525917085852827,0.0007525917085852827,0.0007525917085852827,-0.0008063611143165909,-0.0008063611143165909,-0.0008063611143165909,0.0,0.0,0.0,1.4409075372025706
100,2025-01-30 00:00:00,0.8352256696572412,1.4368348775919557,1.4413783626568506,0.8352256696572412,0.8352256696572412,-0.0025041615952506708,-0.0025041615952506708,-0.0025041615952506708,-0.0004129390614172096,-0.0004129390614172096,-0.0004129390614172096,0.0015059309401325948,0.0015059309401325948,0.0015059309401325948,0.7260030000039003,0.7260030000039003,0.7260030000039003,0.007259115250457821,0.007259115250457821,0.007259115250457821,0.0030909029843002502,0.0030909029843002502,0.0030909029843002502,-0.0006492399625584144,-0.0006492399625584144,-0.0006492399625584144,0.005362613134168914,0.005362613134168914,0.005362613134168914,0.0007832114866541801,0.0007832114866541801,0.0007832114866541801,-5.768461230496337e-05,-5.768461230496337e-05,-5.768461230496337e-05,3.3569205470072485e-05,3.3569205470072485e-05,3.3569205470072485e-05,0.7230928107706281,0.7230928107706281,0.7230928107706281,-0.00048564329054611143,-0.00048564329054611143,-0.00048564329054611143,-0.0001190656862560641,-0.0001190656862560641,-0.0001190656862560641,0.0,0.0,0.0,-0.011845089999993574,-0.011845089999993574,-0.011845089999993574,0.0007116217080652432,0.0007116217080652432,0.0007116217080652432,0.0016757855162635677,0.0016757855162635677,0.0016757855162635677,0.0,0.0,0.0,1.439171346757476
101,2025-01-31 00:00:00,0.8348260209948258,1.4478587207936053,1.4521806467529685,0.8348260209948258,0.8348260209948258,-0.0022949489331263936,-0.0022949489331263936,-0.0022949489331263936,-0.0011638613709086397,-0.0011638613709086397,-0.0011638613709086397,0.005096628105751281,0.005096628105751281,0.005096628105751281,0.7260029999998123,0.7260029999998123,0.7260029999998123,0.018099844355406826,0.018099844355406826,0.018099844355406826,0.00313691633472073,0.00313691633472073,0.00313691633472073,-0.0006956352188611441,-0.0006956352188611441,-0.0006956352188611441,0.006886911204133281,0.006886911204133281,0.006886911204133281,0.001073244843479833,0.001073244843479833,0.001073244843479833,0.0006171225297881485,0.0006171225297881485,0.0006171225297881485,0.0016345283048437792,0.0016345283048437792,0.0016345283048437792,0.7369306762836533,0.7369306762836533,0.7369306762836533,0.0004956766693314664,0.0004956766693314664,0.0004956766693314664,5.368825918416947e-05,5.368825918416947e-05,5.368825918416947e-05,0.0,0.0,0.0,-0.011292273432858959,-0.011292273432858959,-0.011292273432858959,0.0032595736270703162,0.0032595736270703162,0.0032595736270703162,0.00412010536129295,0.00412010536129295,0.00412010536129295,0.0,0.0,0.0,1.450034925225734
102,2025-02-03 00:00:00,0.8336270750075799,1.465706228512456,1.4702481939541983,0.8336270750075799,0.8336270750075799,-0.001738434849143877,-0.001738434849143877,-0.001738434849143877,-0.00296156545439871,-0.00296156545439871,-0.00296156545439871,0.008031094259416756,0.008031094259416756,0.008031094259416756,0.7260029999988608,0.7260029999988608,0.7260029999988608,0.0357195403590569,0.0357195403590569,0.0357195403590569,0.003278533942566124,0.003278533942566124,0.003278533942566124,-0.0007607652665371309,-0.0007607652665371309,-0.0007607652665371309,0.012248707685531945,0.012248707685531945,0.012248707685531945,0.0028122219900966927,0.0028122219900966927,0.0028122219900966927,0.002534840009051617,0.002534840009051617,0.002534840009051617,0.004817865358230777,0.004817865358230777,0.004817865358230777,0.760834167763025,0.760834167763025,0.760834167763025,0.002922154350131363,0.002922154350131363,0.002922154350131363,0.0009163167657420622,0.0009163167657420622,0.0009163167657420622,0.0,0.0,0.0,-0.011938295961840881,-0.011938295961840881,-0.011938295961840881,0.0036185715683692858,0.0036185715683692858,0.0036185715683692858,0.01104992336694827,0.01104992336694827,0.01104992336694827,0.0,0.0,0.0,1.4678790368456969
103,2025-02-04 00:00:00,0.8332274263451646,1.4414386675848003,1.4458156236321724,0.8332274263451646,0.8332274263451646,-0.0017993436905059286,-0.0017993436905059286,-0.0017993436905059286,-0.006515469362321839,-0.006515469362321839,-0.006515469362321839,-0.0005273944158677748,-0.0005273944158677748,-0.0005273944158677748,0.7260030000060852,0.7260030000060852,0.7260030000060852,0.005988575785656879,0.005988575785656879,0.005988575785656879,0.0033191279346997567,0.0033191279346997567,0.0033191279346997567,-0.0008036432853564253,-0.0008036432853564253,-0.0008036432853564253,0.01059027075655845,0.01059027075655845,0.01059027075655845,0.0013018202638976127,0.0013018202638976127,0.0013018202638976127,0.0005116730742364682,0.0005116730742364682,0.0005116730742364682,0.0002033210755806753,0.0002033210755806753,0.0002033210755806753,0.7325734926227084,0.7325734926227084,0.7325734926227084,1.680918111521561e-05,1.680918111521561e-05,1.680918111521561e-05,0.0020946227065552115,0.0020946227065552115,0.0020946227065552115,0.0,0.0,0.0,-0.012583340943194207,-0.012583340943194207,-0.012583340943194207,-0.002403218452934544,-0.002403218452934544,-0.002403218452934544,0.013165257774160687,0.013165257774160687,0.013165257774160687,0.0,0.0,0.0,1.4436277522118721
104,2025-02-05 00:00:00,0.8328277776827493,1.4319856549893994,1.4362675787340524,0.8328277776827493,0.8328277776827493,-0.0019299033902700638,-0.0019299033902700638,-0.0019299033902700638,-0.007582309134642737,-0.007582309134642737,-0.007582309134642737,-0.003397860537742646,-0.003397860537742646,-0.003397860537742646,0.7260030000062343,0.7260030000062343,0.7260030000062343,-0.007027821196608123,-0.007027821196608123,-0.007027821196608123,0.0033037395656732066,0.0033037395656732066,0.0033037395656732066,-0.0008244637468317436,-0.0008244637468317436,-0.0008244637468317436,0.007547389701196069,0.007547389701196069,0.007547389701196069,-0.00020440910713642773,-0.00020440910713642773,-0.00020440910713642773,-0.000620060970123392,-0.000620060970123392,-0.000620060970123392,-0.001010164352727406,-0.001010164352727406,-0.001010164352727406,0.7219228248361221,0.7219228248361221,0.7219228248361221,-0.00039766495462986425,-0.00039766495462986425,-0.00039766495462986425,0.0021828397062337644,0.0021828397062337644,0.0021828397062337644,0.0,0.0,0.0,-0.01220606489141821,-0.01220606489141821,-0.01220606489141821,-0.004094953975606881,-0.004094953975606881,-0.004094953975606881,0.015153710917914141,0.015153710917914141,0.015153710917914141,0.0,0.0,0.0,1.4340651595494696
105,2025-02-06 00:00:00,0.8330408610905797,1.4297254847287264,1.4344250409263295,0.8330408610905797,0.8330408610905797,-0.0020162433705345167,-0.0020162433705345167,-0.0020162433705345167,-0.007880801510624995,-0.007880801510624995,-0.007880801510624995,-0.002652059119329623,-0.002652059119329623,-0.002652059119329623,0.7260030000021462,0.7260030000021462,0.7260030000021462,-0.011983911667552385,-0.011983911667552385,-0.011983911667552385,0.003272194902356768,0.003272194902356768,0.003272194902356768,-0.0008476348274093223,-0.0008476348274093223,-0.0008476348274093223,0.004698819856287157,0.004698819856287157,0.004698819856287157,-0.0010436122999551826,-0.0010436122999551826,-0.0010436122999551826,-0.0009456829265811073,-0.0009456829265811073,-0.0009456829265811073,-0.0012708035894899003,-0.0012708035894899003,-0.0012708035894899003,0.7191726687587569,0.7191726687587569,0.7191726687587569,-0.001010155407037944,-0.001010155407037944,-0.001010155407037944,0.0021836420686996982,0.0021836420686996982,0.0021836420686996982,0.0,0.0,0.0,-0.011845089999998946,-0.011845089999998946,-0.011845089999998946,-0.004471575443933415,-0.004471575443933415,-0.004471575443933415,0.01699867042416198,0.01699867042416198,0.01699867042416198,0.0,0.0,0.0,1.4321410803461847
106,2025-02-07 00:00:00,0.8332539444984104,1.4274542282089322,1.431872576131883,0.8332539444984104,0.8332539444984104,-0.0021432534330032694,-0.0021432534330032694,-0.0021432534330032694,-0.007871418771553155,-0.007871418771553155,-0.007871418771553155,-0.0027803551446858145,-0.0027803551446858145,-0.0027803551446858145,0.7260029999980584,0.7260029999980584,0.7260029999980584,-0.017598592510173657,-0.017598592510173657,-0.017598592510173657,0.00322336948275775,0.00322336948275775,0.00322336948275775,-0.0008723612586984245,-0.0008723612586984245,-0.0008723612586984245,0.002215975338601944,0.002215975338601944,0.002215975338601944,-0.0009721598226947739,-0.0009721598226947739,-0.0009721598226947739,-0.0012925836965958998,-0.0012925836965958998,-0.0012925836965958998,-0.002763811936890306,-0.002763811936890306,-0.002763811936890306,0.7157969619903143,0.7157969619903143,0.7157969619903143,-0.0016995790240531895,-0.0016995790240531895,-0.0016995790240531895,0.002173686970973107,0.002173686970973107,0.002173686970973107,0.0,0.0,0.0,-0.011292273432845697,-0.011292273432845697,-0.011292273432845697,-0.0048161012143316285,-0.0048161012143316285,-0.0048161012143316285,0.018684827935275296,0.018684827935275296,0.018684827935275296,0.0,0.0,0.0,1.4296945865368185
107,2025-02-10 00:00:00,0.8338931947219022,1.430358832370011,1.434910443838337,0.8338931947219022,0.8338931947219022,-0.0022340356233792086,-0.0022340356233792086,-0.0022340356233792086,-0.007878136685072147,-0.007878136685072147,-0.007878136685072147,-0.0020168542843690875,-0.0020168542843690875,-0.0020168542843690875,0.7260030000013439,0.7260030000013439,0.7260030000013439,-0.01891069685369479,-0.01891069685369479,-0.01891069685369479,0.0031808837128325467,0.0031808837128325467,0.0031808837128325467,-0.0009010467549488928,-0.0009010467549488928,-0.0009010467549488928,0.0007130551480622313,0.0007130551480622313,0.0007130551480622313,-0.0007424151267031341,-0.0007424151267031341,-0.0007424151267031341,-0.0011641309148349402,-0.0011641309148349402,-0.0011641309148349402,-0.005562607066765739,-0.005562607066765739,-0.005562607066765739,0.7178186316213219,0.7178186316213219,0.7178186316213219,-0.00019679181197749303,-0.00019679181197749303,-0.00019679181197749303,0.0021814450508736275,0.0021814450508736275,0.0021814450508736275,0.0,0.0,0.0,-0.011938295961870592,-0.011938295961870592,-0.011938295961870592,-0.004290062497412553,-0.004290062497412553,-0.004290062497412553,0.022664624435543387,0.022664624435543387,0.022664624435543387,0.0,0.0,0.0,1.4324772666755103
108,2025-02-11 00:00:00,0.8331489158255837,1.4319411423451118,1.436637183634141,0.8331489158255837,0.8331489158255837,-0.002340195279012559,-0.002340195279012559,-0.002340195279012559,-0.0075796283520508595,-0.0075796283520508595,-0.0075796283520508595,-0.0021241218163522125,-0.0021241218163522125,-0.0021241218163522125,0.7260030000085683,0.7260030000085683,0.7260030000085683,-0.015446746946717577,-0.015446746946717577,-0.015446746946717577,0.003167488902168131,0.003167488902168131,0.003167488902168131,-0.0009296792613993111,-0.0009296792613993111,-0.0009296792613993111,-0.00040327181672044564,-0.00040327181672044564,-0.00040327181672044564,-0.0008755281115469564,-0.0008755281115469564,-0.0008755281115469564,-0.0005798357565087002,-0.0005798357565087002,-0.0005798357565087002,-0.00123555281636677,-0.00123555281636677,-0.00123555281636677,0.7215739364351775,0.7215739364351775,0.7215739364351775,-0.000504580428639037,-0.000504580428639037,-0.000504580428639037,0.0021499616520741552,0.0021499616520741552,0.0021499616520741552,0.0,0.0,0.0,-0.01258334094314031,-0.01258334094314031,-0.01258334094314031,-0.004191803862363009,-0.004191803862363009,-0.004191803862363009,0.023601024316467135,0.023601024316467135,0.023601024316467135,0.0,0.0,0.0,1.4343274586545507
109,2025-02-12 00:00:00,0.8324046369292655,1.427479319500487,1.4320832794080836,0.8324046369292655,0.8324046369292655,-0.002494238829412594,-0.002494238829412594,-0.002494238829412594,-0.007536783701697368,-0.007536783701697368,-0.007536783701697368,-0.002497176843489649,-0.002497176843489649,-0.002497176843489649,0.7260030000044804,0.7260030000044804,0.7260030000044804,-0.020357989546451936,-0.020357989546451936,-0.020357989546451936,0.003133541120349127,0.003133541120349127,0.003133541120349127,-0.0009510740775264161,-0.0009510740775264161,-0.0009510740775264161,-0.0022769429357605325,-0.0022769429357605325,-0.0022769429357605325,-0.0014833072828730164,-0.0014833072828730164,-0.0014833072828730164,-0.0009953747776906433,-0.0009953747776906433,-0.0009953747776906433,-0.0007646189988249047,-0.0007646189988249047,-0.0007646189988249047,0.7177725107072065,0.7177725107072065,0.7177725107072065,-0.0014271886505366046,-0.0014271886505366046,-0.0014271886505366046,0.00218110632377109,0.00218110632377109,0.00218110632377109,0.0,0.0,0.0,-0.012206064891425332,-0.012206064891425332,-0.012206064891425332,-0.005245930892760426,-0.005245930892760426,-0.005245930892760426,0.02433356514060351,0.02433356514060351,0.02433356514060351,0.0,0.0,0.0,1.4298818031023048
110,2025-02-13 00:00:00,0.831660358032947,1.4277587577253634,1.4321964791292767,0.831660358032947,0.831660358032947,-0.002599686196790689,-0.002599686196790689,-0.002599686196790689,-0.007733549952538474,-0.007733549952538474,-0.007733549952538474,-0.002875702843744139,-0.002875702843744139,-0.002875702843744139,0.7260030000003923,0.7260030000003923,0.7260030000003923,-0.01950608642437471,-0.01950608642437471,-0.01950608642437471,0.0031205040653430926,0.0031205040653430926,0.0031205040653430926,-0.0009718238508191572,-0.0009718238508191572,-0.0009718238508191572,-0.0034438371177406978,-0.0034438371177406978,-0.0034438371177406978,-0.0012844206555100803,-0.0012844206555100803,-0.0012844206555100803,-0.000573284572439174,-0.000573284572439174,-0.000573284572439174,-0.00026048618440302354,-0.00026048618440302354,-0.00026048618440302354,0.7195131311167723,0.7195131311167723,0.7195131311167723,-0.0011493346744172043,-0.0011493346744172043,-0.0011493346744172043,0.0021780387432687753,0.0021780387432687753,0.0021780387432687753,0.0,0.0,0.0,-0.011845090000008314,-0.011845090000008314,-0.011845090000008314,-0.0039125031845839405,-0.0039125031845839405,-0.0039125031845839405,0.024861307540762975,0.024861307540762975,0.024861307540762975,0.0,0.0,0.0,1.4300509062669284
111,2025-02-14 00:00:00,0.8309160791366288,1.417336520534293,1.4218259605112027,0.8309160791366288,0.8309160791366288,-0.0025834833223411595,-0.0025834833223411595,-0.0025834833223411595,-0.007931672551715084,-0.007931672551715084,-0.007931672551715084,-0.003995589844484615,-0.003995589844484615,-0.003995589844484615,0.7260029999963044,0.7260029999963044,0.7260029999963044,-0.03136054421940073,-0.03136054421940073,-0.03136054421940073,0.0030163612103475453,0.0030163612103475453,0.0030163612103475453,-0.000982340061156896,-0.000982340061156896,-0.000982340061156896,-0.00641070735552257,-0.00641070735552257,-0.00641070735552257,-0.0037039075480150294,-0.0037039075480150294,-0.0037039075480150294,-0.002407372234898066,-0.002407372234898066,-0.002407372234898066,-0.0017251938290773366,-0.0017251938290773366,-0.0017251938290773366,0.7085365009678471,0.7085365009678471,0.7085365009678471,-0.002001867078134782,-0.002001867078134782,-0.002001867078134782,0.0022442696193942643,0.0022442696193942643,0.0022442696193942643,0.0,0.0,0.0,-0.01129227343281718,-0.01129227343281718,-0.01129227343281718,-0.004879041223796999,-0.004879041223796999,-0.004879041223796999,0.025186318623760702,0.025186318623760702,0.025186318623760702,0.0,0.0,0.0,1.4196504504460186
112,2025-02-17 00:00:00,0.8311131748340712,1.413573150879247,1.4180430090448393,0.8311131748340712,0.8311131748340712,-0.002568437796066597,-0.002568437796066597,-0.002568437796066597,-0.005507527021827637,-0.005507527021827637,-0.005507527021827637,-0.0034662146350462543,-0.0034662146350462543,-0.0034662146350462543,0.72600299999959,0.72600299999959,0.72600299999959,-0.03548471509577922,-0.03548471509577922,-0.03548471509577922,0.0028679438071348867,0.0028679438071348867,0.0028679438071348867,-0.0009967005076646526,-0.0009967005076646526,-0.0009967005076646526,-0.00883865481671774,-0.00883865481671774,-0.00883865481671774,-0.006387272371604416,-0.006387272371604416,-0.006387272371604416,-0.0032830854099301083,-0.0032830854099301083,-0.0032830854099301083,-0.0022192911473733665,-0.0022192911473733665,-0.0022192911473733665,0.7035900960696709,0.7035900960696709,0.7035900960696709,-0.0022092960447976312,-0.0022092960447976312,-0.0022092960447976312,0.0021379318256432244,0.0021379318256432244,0.0021379318256432244,0.0,0.0,0.0,-0.011938295961900299,-0.011938295961900299,-0.011938295961900299,-0.005014110977528926,-0.005014110977528926,-0.005014110977528926,0.02501010712776044,0.02501010712776044,0.02501010712776044,0.0,0.0,0.0,1.4158761733603447
113,2025-02-18 00:00:00,0.8311788733998854,1.4176935383316478,1.4220469608572615,0.8311788733998854,0.8311788733998854,-0.002602424087739746,-0.002602424087739746,-0.002602424087739746,-0.003182426834488926,-0.003182426834488926,-0.003182426834488926,-0.00294377320469983,-0.00294377320469983,-0.00294377320469983,0.7260030000068144,0.7260030000068144,0.7260030000068144,-0.029673682839098003,-0.029673682839098003,-0.029673682839098003,0.002807820134733182,0.002807820134733182,0.002807820134733182,-0.0009999878768703464,-0.0009999878768703464,-0.0009999878768703464,-0.010643309251513113,-0.010643309251513113,-0.010643309251513113,-0.0029049756817941357,-0.0029049756817941357,-0.0029049756817941357,-0.0015284804621576089,-0.0015284804621576089,-0.0015284804621576089,-0.0022744568575500555,-0.0022744568575500555,-0.0022744568575500555,0.7083492321201112,0.7083492321201112,0.7083492321201112,-0.002192466647329988,-0.002192466647329988,-0.002192466647329988,0.0017882488469601876,0.0017882488469601876,0.0017882488469601876,0.0,0.0,0.0,-0.012583340943159356,-0.012583340943159356,-0.012583340943159356,-0.004997450916647619,-0.004997450916647619,-0.004997450916647619,0.0246032558955542,0.0246032558955542,0.0246032558955542,0.0,0.0,0.0,1.4199437901271534
114,2025-02-19 00:00:00,0.8312445719656997,1.4183971139966987,1.422915581887363,0.8312445719656997,0.8312445719656997,-0.0027006901858732603,-0.0027006901858732603,-0.0027006901858732603,-0.0028357601570480197,-0.0028357601570480197,-0.0028357601570480197,-0.002549186157216901,-0.002549186157216901,-0.002549186157216901,0.7260030000027264,0.7260030000027264,0.7260030000027264,-0.02875938422265102,-0.02875938422265102,-0.02875938422265102,0.0027293424390737765,0.0027293424390737765,0.0027293424390737765,-0.0010015079361643377,-0.0010015079361643377,-0.0010015079361643377,-0.011878038801196417,-0.011878038801196417,-0.011878038801196417,-0.0018530482211746673,-0.0018530482211746673,-0.0018530482211746673,-0.0018961901376206855,-0.0018961901376206855,-0.0018961901376206855,-0.0014605736861997805,-0.0014605736861997805,-0.0014605736861997805,0.70908388969277,0.70908388969277,0.70908388969277,-0.0021451747605376378,-0.0021451747605376378,-0.0021451747605376378,0.0017588345669932257,0.0017588345669932257,0.0017588345669932257,0.0,0.0,0.0,-0.012206064891409994,-0.012206064891409994,-0.012206064891409994,-0.004927391185686318,-0.004927391185686318,-0.004927391185686318,0.02404633880410467,0.02404633880410467,0.02404633880410467,0.0,0.0,0.0,1.4206667063411398
115,2025-02-20 00:00:00,0.831365966855103,1.42027141001916,1.425148414472803,0.831365966855103,0.831365966855103,-0.002806924797774917,-0.002806924797774917,-0.002806924797774917,-0.0027045773374740024,-0.0027045773374740024,-0.0027045773374740024,-0.0019580517255658168,-0.0019580517255658168,-0.0019580517255658168,0.7260030000028754,0.7260030000028754,0.7260030000028754,-0.026312535499467892,-0.026312535499467892,-0.026312535499467892,0.002651017719002503,0.002651017719002503,0.002651017719002503,-0.0010073403959850182,-0.0010073403959850182,-0.0010073403959850182,-0.011756449104668424,-0.011756449104668424,-0.011756449104668424,-0.0010075424863123681,-0.0010075424863123681,-0.0010075424863123681,-0.0018874964570510802,-0.0018874964570510802,-0.0018874964570510802,-0.0009343249024958081,-0.0009343249024958081,-0.0009343249024958081,0.7112021761500069,0.7112021761500069,0.7112021761500069,-0.002587576541880022,-0.002587576541880022,-0.002587576541880022,0.0017602637751469208,0.0017602637751469208,0.0017602637751469208,0.0,0.0,0.0,-0.01184509000000969,-0.01184509000000969,-0.01184509000000969,-0.004073533244409858,-0.004073533244409858,-0.004073533244409858,0.023356801646608985,0.023356801646608985,0.023356801646608985,0.0,0.0,0.0,1.4226352516595069
116,2025-02-21 00:00:00,0.8314873617445064,1.4150723420663556,1.4197963606311739,0.8314873617445064,0.8314873617445064,-0.002866018299412187,-0.002866018299412187,-0.002866018299412187,-0.002617563602510387,-0.002617563602510387,-0.002617563602510387,-0.0024794979772908812,-0.0024794979772908812,-0.0024794979772908812,0.7260030000100999,0.7260030000100999,0.7260030000100999,-0.032569485293872213,-0.032569485293872213,-0.032569485293872213,0.0025475397897707,0.0025475397897707,0.0025475397897707,-0.001009735261043592,-0.001009735261043592,-0.001009735261043592,-0.012776771122726892,-0.012776771122726892,-0.012776771122726892,-0.0016780502811361174,-0.0016780502811361174,-0.0016780502811361174,-0.002396499684724921,-0.002396499684724921,-0.002396499684724921,-0.0002846258016620002,-0.0002846258016620002,-0.0002846258016620002,0.7046948270761966,0.7046948270761966,0.7046948270761966,-0.006008188011967349,-0.006008188011967349,-0.006008188011967349,0.0018045622785740909,0.0018045622785740909,0.0018045622785740909,0.0,0.0,0.0,-0.01129227343291134,-0.01129227343291134,-0.01129227343291134,-0.004804637319742676,-0.004804637319742676,-0.004804637319742676,0.02255358579288014,0.02255358579288014,0.02255358579288014,0.0,0.0,0.0,1.4174322043450942
117,2025-02-24 00:00:00,0.8318515464127166,1.41813642865171,1.4226939630552633,0.8318515464127166,0.8318515464127166,-0.0030192246082685263,-0.0030192246082685263,-0.0030192246082685263,-0.0026496851224960946,-0.0026496851224960946,-0.0026496851224960946,-0.0015403618375240593,-0.0015403618375240593,-0.0015403618375240593,0.726002999997836,0.726002999997836,0.726002999997836,-0.026274026850142282,-0.026274026850142282,-0.026274026850142282,0.002458837108283752,0.002458837108283752,0.002458837108283752,-0.001009240338418109,-0.001009240338418109,-0.001009240338418109,-0.012774255591333232,-0.012774255591333232,-0.012774255591333232,-0.0015552924910209895,-0.0015552924910209895,-0.0015552924910209895,-0.0020976528334037074,-0.0020976528334037074,-0.0020976528334037074,0.00036463702686413923,0.00036463702686413923,0.00036463702686413923,0.7074549478021437,0.7074549478021437,0.7074549478021437,-0.0037277444648947623,-0.0037277444648947623,-0.0037277444648947623,0.0018297676003073077,0.0018297676003073077,0.0018297676003073077,0.0,0.0,0.0,-0.011938295961886754,-0.011938295961886754,-0.011938295961886754,-0.0025538112982379994,-0.0025538112982379994,-0.0025538112982379994,0.019664270616336688,0.019664270616336688,0.019664270616336688,0.0,0.0,0.0,1.4203490387592577
118,2025-02-25 00:00:00,0.83197294130212,1.4254284866182272,1.429982374292508,0.83197294130212,0.83197294130212,-0.003017496779312109,-0.003017496779312109,-0.003017496779312109,-0.0033497523479364653,-0.0033497523479364653,-0.0033497523479364653,0.00035535868513044154,0.00035535868513044154,0.00035535868513044154,0.7260030000050604,0.7260030000050604,0.7260030000050604,-0.01603667386158321,-0.01603667386158321,-0.01603667386158321,0.002394930489763524,0.002394930489763524,0.002394930489763524,-0.0010136677784311817,-0.0010136677784311817,-0.0010136677784311817,-0.011421473273288664,-0.011421473273288664,-0.011421473273288664,-0.0008330045914688534,-0.0008330045914688534,-0.0008330045914688534,-0.0015963319339390724,-0.0015963319339390724,-0.0015963319339390724,0.0013067439609179866,0.0013067439609179866,0.0013067439609179866,0.7159927279840805,0.7159927279840805,0.7159927279840805,-0.0014097651029781953,-0.0014097651029781953,-0.0014097651029781953,0.0018950838881925305,0.0018950838881925305,0.0018950838881925305,0.0,0.0,0.0,-0.012583340943141934,-0.012583340943141934,-0.012583340943141934,0.000652700921766849,0.000652700921766849,0.000652700921766849,0.018609742783745303,0.018609742783745303,0.018609742783745303,0.0,0.0,0.0,1.427659517153964
119,2025-02-26 00:00:00,0.8316823762218838,1.4297495217864267,1.434289992864365,0.8316823762218838,0.8316823762218838,-0.002917302206253427,-0.002917302206253427,-0.002917302206253427,-0.0033658051294096743,-0.0033658051294096743,-0.0033658051294096743,0.0015713926203338858,0.0015713926203338858,0.0015713926203338858,0.7260030000009724,0.7260030000009724,0.7260030000009724,-0.009453581038431962,-0.009453581038431962,-0.009453581038431962,0.0023442139018374393,0.0023442139018374393,0.0023442139018374393,-0.0010195003435993653,-0.0010195003435993653,-0.0010195003435993653,-0.009782859010145887,-0.009782859010145887,-0.009782859010145887,9.052877251583431e-05,9.052877251583431e-05,9.052877251583431e-05,-0.0013307872755411807,-0.0013307872755411807,-0.0013307872755411807,0.0016108687705005012,0.0016108687705005012,0.0016108687705005012,0.7218859127035783,0.7218859127035783,0.7218859127035783,-0.0006881823525022287,-0.0006881823525022287,-0.0006881823525022287,0.0019073981479603536,0.0019073981479603536,0.0019073981479603536,0.0,0.0,0.0,-0.012206064891394659,-0.012206064891394659,-0.012206064891394659,0.0021264530658717893,0.0021264530658717893,0.0021264530658717893,0.017542558632432544,0.017542558632432544,0.017542558632432544,0.0,0.0,0.0,1.4320621674602991
120,2025-02-27 00:00:00,0.8313918111416475,1.4305461210598358,1.4349869834101197,0.8313918111416475,0.8313918111416475,-0.0026607092652062457,-0.0026607092652062457,-0.0026607092652062457,-0.004765939580290417,-0.004765939580290417,-0.004765939580290417,0.0026830398482265865,0.0026830398482265865,0.0026830398482265865,0.7260030000011215,0.7260030000011215,0.7260030000011215,-0.007257699488678581,-0.007257699488678581,-0.007257699488678581,0.0023120043127573013,0.0023120043127573013,0.0023120043127573013,-0.0010218245204753817,-0.0010218245204753817,-0.0010218245204753817,-0.0077369641801740534,-0.0077369641801740534,-0.0077369641801740534,0.0003294804286593855,0.0003294804286593855,0.0003294804286593855,-0.000958102937647403,-0.000958102937647403,-0.000958102937647403,0.0013695591578667906,0.0013695591578667906,0.0013695591578667906,0.7233810914802622,0.7233810914802622,0.7233810914802622,1.3320872921414393e-05,1.3320872921414393e-05,1.3320872921414393e-05,0.0019284383668641313,0.0019284383668641313,0.0019284383668641313,0.0,0.0,0.0,-0.011845089999984463,-0.011845089999984463,-0.011845089999984463,0.0012499980078193092,0.0012499980078193092,0.0012499980078193092,0.016480880967803743,0.016480880967803743,0.016480880967803743,0.0,0.0,0.0,1.4328049269330445
121,2025-02-28 00:00:00,0.8311012460614114,1.442354828138123,1.4469265388119863,0.8311012460614114,0.8311012460614114,-0.0024024101268178477,-0.0024024101268178477,-0.0024024101268178477,-0.004409890163777403,-0.004409890163777403,-0.004409890163777403,0.0038014357844668575,0.0038014357844668575,0.0038014357844668575,0.726003000008346,0.726003000008346,0.726003000008346,0.00813894518445719,0.00813894518445719,0.00813894518445719,0.002286696909079564,0.002286696909079564,0.002286696909079564,-0.0010202780189551269,-0.0010202780189551269,-0.0010202780189551269,-0.004019156918656612,-0.004019156918656612,-0.004019156918656612,0.0029765613066444403,0.0029765613066444403,0.0029765613066444403,-0.0008157805425796014,-0.0008157805425796014,-0.0008157805425796014,0.003932013326951017,0.003932013326951017,0.003932013326951017,0.7382908497427022,0.7382908497427022,0.7382908497427022,0.001034517377756243,0.001034517377756243,0.001034517377756243,0.0019678136613809818,0.0019678136613809818,0.0019678136613809818,0.0,0.0,0.0,-0.011292273432882822,-0.011292273432882822,-0.011292273432882822,0.004807422588964677,0.004807422588964677,0.004807422588964677,0.015441177982781744,0.015441177982781744,0.015441177982781744,0.0,0.0,0.0,1.4446956912383095
122,2025-03-03 00:00:00,0.830211916525141,1.4392133340794464,1.443619393701546,0.830211916525141,0.830211916525141,-0.0022373892144946046,-0.0022373892144946046,-0.0022373892144946046,-0.001410158271543633,-0.001410158271543633,-0.001410158271543633,0.0030779756648014528,0.0030779756648014528,0.0030779756648014528,0.7260030000073945,0.7260030000073945,0.7260030000073945,0.009575317617900788,0.009575317617900788,0.009575317617900788,0.0021455906419452562,0.0021455906419452562,0.0021455906419452562,-0.001023627332499642,-0.001023627332499642,-0.001023627332499642,-0.001130376773354905,-0.001130376773354905,-0.001130376773354905,0.0030468584066313787,0.0030468584066313787,0.0030468584066313787,-0.003089974328342406,-0.003089974328342406,-0.003089974328342406,0.003356959975858408,0.003356959975858408,0.003356959975858408,0.7362263041058125,0.7362263041058125,0.7362263041058125,0.0009430755299690155,0.0009430755299690155,0.0009430755299690155,0.0011878912785301318,0.0011878912785301318,0.0011878912785301318,0.0,0.0,0.0,-0.011938295961850334,-0.011938295961850334,-0.011938295961850334,0.004708492040400336,0.004708492040400336,0.004708492040400336,0.012586282442367704,0.012586282442367704,0.012586282442367704,0.0,0.0,0.0,1.441435767453049
123,2025-03-04 00:00:00,0.8299154733463842,1.446596112868493,1.4509997408916524,0.8299154733463842,0.8299154733463842,-0.001964840660545135,-0.001964840660545135,-0.001964840660545135,0.002572080440639293,0.002572080440639293,0.002572080440639293,0.003173192491013393,0.003173192491013393,0.003173192491013393,0.7260030000075436,0.7260030000075436,0.7260030000075436,0.020400972266757588,0.020400972266757588,0.020400972266757588,0.0021824010784958618,0.0021824010784958618,0.0021824010784958618,-0.0010350007555669782,-0.0010350007555669782,-0.0010350007555669782,0.002057531524261026,0.002057531524261026,0.002057531524261026,0.003634176448906765,0.003634176448906765,0.003634176448906765,0.00043104763346458607,0.00043104763346458607,0.00043104763346458607,0.0031142186417083134,0.0031142186417083134,0.0031142186417083134,0.7455750375246545,0.7455750375246545,0.7455750375246545,0.0022956645552500757,0.0022956645552500757,0.0022956645552500757,-0.0003916658112329654,-0.0003916658112329654,-0.0003916658112329654,0.0,0.0,0.0,-0.012583340943174749,-0.012583340943174749,-0.012583340943174749,0.004332166680363352,0.004332166680363352,0.004332166680363352,0.011754406193528043,0.011754406193528043,0.011754406193528043,0.0,0.0,0.0,1.448679733528906
124,2025-03-05 00:00:00,0.8296190301676274,1.4386740334915002,1.4432691448784163,0.8296190301676274,0.8296190301676274,-0.0019137069569150976,-0.0019137069569150976,-0.0019137069569150976,0.0025894736134084383,0.0025894736134084383,0.0025894736134084383,0.001428150883005936,0.001428150883005936,0.001428150883005936,0.7260030000034556,0.7260030000034556,0.7260030000034556,0.012139381964238609,0.012139381964238609,0.012139381964238609,0.0022146612531290864,0.0022146612531290864,0.0022146612531290864,-0.0010370244813301987,-0.0010370244813301987,-0.0010370244813301987,0.002738885714706266,0.002738885714706266,0.002738885714706266,0.002444890527501293,0.002444890527501293,0.002444890527501293,0.0003433245174247968,0.0003433245174247968,0.0003433245174247968,0.0013753824509001207,0.0013753824509001207,0.0013753824509001207,0.7369278767773463,0.7369278767773463,0.7369278767773463,0.0006882419632979936,0.0006882419632979936,0.0006882419632979936,-0.0003522974887491334,-0.0003522974887491334,-0.0003522974887491334,0.0,0.0,0.0,-0.012206064891424239,-0.012206064891424239,-0.012206064891424239,0.0016193999678591094,0.0016193999678591094,0.0016193999678591094,0.01099155970107633,0.01099155970107633,0.01099155970107633,0.0,0.0,0.0,1.4409884206031383
125,2025-03-06 00:00:00,0.8293225869888705,1.4316064412964844,1.436130699402904,0.8293225869888705,0.8293225869888705,-0.0021198315710084393,-0.0021198315710084393,-0.0021198315710084393,0.0013967966296582512,0.0013967966296582512,0.0013967966296582512,-2.1327274720865296e-06,-2.1327274720865296e-06,-2.1327274720865296e-06,0.7260029999993676,0.7260029999993676,0.7260029999993676,0.00454426889497081,0.00454426889497081,0.00454426889497081,0.0022265732366778816,0.0022265732366778816,0.0022265732366778816,-0.0010349565096106747,-0.0010349565096106747,-0.0010349565096106747,0.0021042885256783717,0.0021042885256783717,0.0021042885256783717,0.001098218172990999,0.001098218172990999,0.001098218172990999,-6.805061289912705e-05,-6.805061289912705e-05,-6.805061289912705e-05,-7.285686824358642e-06,-7.285686824358642e-06,-7.285686824358642e-06,0.7290013486575331,0.7290013486575331,0.7290013486575331,0.0014241358945995312,0.0014241358945995312,0.0014241358945995312,-0.00027123293463765345,-0.00027123293463765345,-0.00027123293463765345,0.0,0.0,0.0,-0.011845089999989835,-0.011845089999989835,-0.011845089999989835,-0.0002022535221818847,-0.0002022535221818847,-0.0002022535221818847,0.01029916976318464,0.01029916976318464,0.01029916976318464,0.0,0.0,0.0,1.4338998713759115
126,2025-03-07 00:00:00,0.8302829111160308,1.427513824345364,1.4320137235816732,0.8302829111160308,0.8302829111160308,-0.0022606352666934264,-0.0022606352666934264,-0.0022606352666934264,0.0006672727097850154,0.0006672727097850154,0.0006672727097850154,-0.00010976792541930161,-0.00010976792541930161,-0.00010976792541930161,0.726003000006592,0.726003000006592,0.726003000006592,-0.002456737975594204,-0.002456737975594204,-0.002456737975594204,0.002218904954405631,0.002218904954405631,0.002218904954405631,-0.0010294333500940488,-0.0010294333500940488,-0.0010294333500940488,0.0006555985732107899,0.0006555985732107899,0.0006555985732107899,0.0013106517551069018,0.0013106517551069018,0.0013106517551069018,-0.000464821119801464,-0.000464821119801464,-0.000464821119801464,-0.0022696160994142697,-0.0022696160994142697,-0.0022696160994142697,0.7219300672551554,0.7219300672551554,0.7219300672551554,0.000835716489362018,0.000835716489362018,0.000835716489362018,-0.0002173678113337872,-0.0002173678113337872,-0.0002173678113337872,0.0,0.0,0.0,-0.01129227343286956,-0.01129227343286956,-0.01129227343286956,-0.0017932408847082632,-0.0017932408847082632,-0.0017932408847082632,0.009676078657027245,0.009676078657027245,0.009676078657027245,0.0,0.0,0.0,1.429689108978833
127,2025-03-10 00:00:00,0.8331638834975117,1.435367731365814,1.4398884777418008,0.8331638834975117,0.8331638834975117,-0.0023163006932460572,-0.0023163006932460572,-0.0023163006932460572,-0.0005106440126702795,-0.0005106440126702795,-0.0005106440126702795,0.000931510681607916,0.000931510681607916,0.000931510681607916,0.7260030000056404,0.7260030000056404,0.7260030000056404,0.0032366641388578065,0.0032366641388578065,0.0032366641388578065,0.0022385370247087716,0.0022385370247087716,0.0022385370247087716,-0.0010258807158455784,-0.0010258807158455784,-0.0010258807158455784,0.000998563552975389,0.000998563552975389,0.000998563552975389,0.0018385660695419332,0.0018385660695419332,0.0018385660695419332,8.78903733728336e-05,8.78903733728336e-05,8.78903733728336e-05,-0.001078951488211951,-0.001078951488211951,-0.001078951488211951,0.7254783345617835,0.7254783345617835,0.7254783345617835,0.0015308225905602342,0.0015308225905602342,0.0015308225905602342,-8.529138440659169e-05,-8.529138440659169e-05,-8.529138440659169e-05,0.0,0.0,0.0,-0.011938295961836784,-0.011938295961836784,-0.011938295961836784,0.0006278421404711865,0.0006278421404711865,0.0006278421404711865,0.008176966379121835,0.008176966379121835,0.008176966379121835,0.0,0.0,0.0,1.4376062301143142
128,2025-03-11 00:00:00,0.834124207624672,1.4393273269156808,1.4439524278863751,0.834124207624672,0.834124207624672,-0.0021977256597390943,-0.0021977256597390943,-0.0021977256597390943,-0.001945596723167641,-0.001945596723167641,-0.001945596723167641,0.001872632174316493,0.001872632174316493,0.001872632174316493,0.7260030000057895,0.7260030000057895,0.7260030000057895,0.007102408681759664,0.007102408681759664,0.007102408681759664,0.0022857260321395103,0.0022857260321395103,0.0022857260321395103,-0.0010281342045390179,-0.0010281342045390179,-0.0010281342045390179,0.0023525550935258386,0.0023525550935258386,0.0023525550935258386,0.0017605080407557879,0.0017605080407557879,0.0017605080407557879,0.0006451954518785318,0.0006451954518785318,0.0006451954518785318,-0.0009343321044903059,-0.0009343321044903059,-0.0009343321044903059,0.7282983907922156,0.7282983907922156,0.7282983907922156,0.001932493880396944,0.001932493880396944,0.001932493880396944,-1.5425565396403712e-05,-1.5425565396403712e-05,-1.5425565396403712e-05,0.0,0.0,0.0,-0.012583340943157318,-0.012583340943157318,-0.012583340943157318,0.0023745122660790217,0.0023745122660790217,0.0023745122660790217,0.0077763230478235775,0.0077763230478235775,0.0077763230478235775,0.0,0.0,0.0,1.4416155257585526
129,2025-03-12 00:00:00,0.8341821970608926,1.4404211404351592,1.4449278181447098,0.8341821970608926,0.8341821970608926,-0.002160047314646005,-0.002160047314646005,-0.002160047314646005,-0.0026858278163696208,-0.0026858278163696208,-0.0026858278163696208,0.001244531091896732,0.001244531091896732,0.001244531091896732,0.7260030000017016,0.7260030000017016,0.7260030000017016,0.008319809520766363,0.008319809520766363,0.008319809520766363,0.0023610345124265237,0.0023610345124265237,0.0023610345124265237,-0.0010354337338536403,-0.0010354337338536403,-0.0010354337338536403,0.00343108863912885,0.00343108863912885,0.00343108863912885,0.001499901136139374,0.001499901136139374,0.001499901136139374,0.0012195049823769022,0.0012195049823769022,0.0012195049823769022,0.00047131475385405564,0.00047131475385405564,0.00047131475385405564,0.7295266259513431,0.7295266259513431,0.7295266259513431,0.0015842499389381575,0.0015842499389381575,0.0015842499389381575,-9.147580657783852e-05,-9.147580657783852e-05,-9.147580657783852e-05,0.0,0.0,0.0,-0.012206064891408902,-0.012206064891408902,-0.012206064891408902,0.002480969137452873,0.002480969137452873,0.002480969137452873,0.007409881320284119,0.007409881320284119,0.007409881320284119,0.0,0.0,0.0,1.442740320711404
130,2025-03-13 00:00:00,0.834240186497113,1.4352666353353578,1.439758844120879,0.834240186497113,0.834240186497113,-0.0021487406292434986,-0.0021487406292434986,-0.0021487406292434986,-0.0024489136548062,-0.0024489136548062,-0.0024489136548062,-0.00021292881390327508,-0.00021292881390327508,-0.00021292881390327508,0.7260029999976136,0.7260029999976136,0.7260029999976136,0.0019168319780520785,0.0019168319780520785,0.0019168319780520785,0.002392220810620077,0.002392220810620077,0.002392220810620077,-0.0010342937683937839,-0.0010342937683937839,-0.0010342937683937839,0.0028672297743882512,0.0028672297743882512,0.0028672297743882512,0.00021217227856512857,0.00021217227856512857,0.00021217227856512857,0.0003230668114221007,0.0003230668114221007,0.0003230668114221007,0.00029407711507569345,0.00029407711507569345,0.00029407711507569345,0.7231422425267064,0.7231422425267064,0.7231422425267064,0.0015005180320552627,0.0015005180320552627,0.0015005180320552627,3.6104345538497594e-05,3.6104345538497594e-05,3.6104345538497594e-05,0.0,0.0,0.0,-0.011845089999999203,-0.011845089999999203,-0.011845089999999203,0.00013631967673382464,0.00013631967673382464,0.00013631967673382464,0.007067500551039798,0.007067500551039798,0.007067500551039798,0.0,0.0,0.0,1.437514505766533
131,2025-03-14 00:00:00,0.8342981759333334,1.441575036673054,1.446008184215502,0.8342981759333334,0.8342981759333334,-0.002064530890236248,-0.002064530890236248,-0.002064530890236248,-0.0015025335716912726,-0.0015025335716912726,-0.0015025335716912726,0.0006954402870634278,0.0006954402870634278,0.0006954402870634278,0.7260030000048381,0.7260030000048381,0.7260030000048381,0.008997942212043995,0.008997942212043995,0.008997942212043995,0.0025117014490891334,0.0025117014490891334,0.0025117014490891334,-0.0010363086449657452,-0.0010363086449657452,-0.0010363086449657452,0.0035923688941622706,0.0035923688941622706,0.0035923688941622706,-0.00031186793174082627,-0.00031186793174082627,-0.00031186793174082627,0.002132162109503493,0.002132162109503493,0.002132162109503493,0.0019412370799507632,0.0019412370799507632,0.0019412370799507632,0.7304477639767203,0.7304477639767203,0.7304477639767203,0.0017152809872566168,0.0017152809872566168,0.0017152809872566168,-0.0002041507032376941,-0.0002041507032376941,-0.0002041507032376941,0.0,0.0,0.0,-0.011292273432841043,-0.011292273432841043,-0.011292273432841043,0.0015291431468900784,0.0015291431468900784,0.0015291431468900784,0.006739095192679149,0.006739095192679149,0.006739095192679149,0.0,0.0,0.0,1.4437094130336934
132,2025-03-17 00:00:00,0.8369054282370448,1.434985661852629,1.4396386476912142,0.8369054282370448,0.8369054282370448,-0.002228216403265349,-0.002228216403265349,-0.002228216403265349,-0.002863844546106346,-0.002863844546106346,-0.002863844546106346,-0.0020367351890390397,-0.0020367351890390397,-0.0020367351890390397,0.7260030000081237,0.7260030000081237,0.7260030000081237,-0.002287001463864618,-0.002287001463864618,-0.002287001463864618,0.0026063860245914916,0.0026063860245914916,0.0026063860245914916,-0.001030051950702149,-0.001030051950702149,-0.001030051950702149,0.0030185648795420577,0.0030185648795420577,0.0030185648795420577,-0.0009623553826532881,-0.0009623553826532881,-0.0009623553826532881,0.0016265703363212952,0.0016265703363212952,0.0016265703363212952,-6.0166949773006525e-05,-6.0166949773006525e-05,-6.0166949773006525e-05,0.7175256878320525,0.7175256878320525,0.7175256878320525,0.0005021586664900922,0.0005021586664900922,0.0005021586664900922,-0.00010620300728487964,-0.00010620300728487964,-0.00010620300728487964,0.0,0.0,0.0,-0.011938295961909753,-0.011938295961909753,-0.011938295961909753,-0.0007531079419854966,-0.0007531079419854966,-0.0007531079419854966,0.005747985249703247,0.005747985249703247,0.005747985249703247,0.0,0.0,0.0,1.4374065712832087
133,2025-03-18 00:00:00,0.8377745123382819,1.4249287646865887,1.4296835247281183,0.8377745123382819,0.8377745123382819,-0.002425468620676983,-0.002425468620676983,-0.002425468620676983,-0.0037432848496186766,-0.0037432848496186766,-0.0037432848496186766,-0.0038606918380744,-0.0038606918380744,-0.0038606918380744,0.7260030000040356,0.7260030000040356,0.7260030000040356,-0.015001930604588752,-0.015001930604588752,-0.015001930604588752,0.0026626755558570377,0.0026626755558570377,0.0026626755558570377,-0.0010262078198796636,-0.0010262078198796636,-0.0010262078198796636,0.0011000278998332033,0.0011000278998332033,0.0011000278998332033,-0.0024344922252394073,-0.0024344922252394073,-0.0024344922252394073,0.0008414555565544093,0.0008414555565544093,0.0008414555565544093,-0.0020001595805800446,-0.0020001595805800446,-0.0020001595805800446,0.7038103665962374,0.7038103665962374,0.7038103665962374,-0.00050323915172098,-0.00050323915172098,-0.00050323915172098,4.4181643627751874e-05,4.4181643627751874e-05,4.4181643627751874e-05,0.0,0.0,0.0,-0.012583340943176372,-0.012583340943176372,-0.012583340943176372,-0.003656727174671001,-0.003656727174671001,-0.003656727174671001,0.0053926381399669624,0.0053926381399669624,0.0053926381399669624,0.0,0.0,0.0,1.4274088989920721
134,2025-03-19 00:00:00,0.838643596439519,1.4272462992201471,1.4316921388767854,0.838643596439519,0.838643596439519,-0.0025587292871246193,-0.0025587292871246193,-0.0025587292871246193,-0.003467531254550558,-0.003467531254550558,-0.003467531254550558,-0.002855858664052479,-0.002855858664052479,-0.002855858664052479,0.7260029999999477,0.7260029999999477,0.7260029999999477,-0.01421046906529434,-0.01421046906529434,-0.01421046906529434,0.002719066867693193,0.002719066867693193,0.002719066867693193,-0.0010204990380416,-0.0010204990380416,-0.0010204990380416,-0.00035395434837435776,-0.00035395434837435776,-0.00035395434837435776,-0.0012761380995677024,-0.0012761380995677024,-0.0012761380995677024,0.0008431951019040038,0.0008431951019040038,0.0008431951019040038,-0.001986540517294826,-0.001986540517294826,-0.001986540517294826,0.7046046079813689,0.7046046079813689,0.7046046079813689,-0.0008133384203617695,-0.0008133384203617695,-0.0008133384203617695,4.4171699201395764e-05,4.4171699201395764e-05,4.4171699201395764e-05,0.0,0.0,0.0,-0.012206064891416023,-0.012206064891416023,-0.012206064891416023,-0.0034843131047250196,-0.0034843131047250196,-0.0034843131047250196,0.005018141938131701,0.005018141938131701,0.005018141938131701,0.0,0.0,0.0,1.4295557389448719
135,2025-03-20 00:00:00,0.8395126805407561,1.4302437469492446,1.4347480781385245,0.8395126805407561,0.8395126805407561,-0.002537931261846943,-0.002537931261846943,-0.002537931261846943,-0.004020362878943706,-0.004020362878943706,-0.004020362878943706,-0.0014691887179640905,-0.0014691887179640905,-0.0014691887179640905,0.7260030000071721,0.7260030000071721,0.7260030000071721,-0.012493892880552455,-0.012493892880552455,-0.012493892880552455,0.002759251909150966,0.002759251909150966,0.002759251909150966,-0.001015373460046611,-0.001015373460046611,-0.001015373460046611,-0.0011395806710988287,-0.0011395806710988287,-0.0011395806710988287,-0.00033641978593970304,-0.00033641978593970304,-0.00033641978593970304,0.0005090065054450276,0.0005090065054450276,0.0005090065054450276,-0.0006722159665564388,-0.0006722159665564388,-0.0006722159665564388,0.7062880878891712,0.7062880878891712,0.7062880878891712,-0.001850672263997941,-0.001850672263997941,-0.001850672263997941,-2.0842547494072171e-07,-2.0842547494072171e-07,-2.0842547494072171e-07,0.0,0.0,0.0,-0.011845089999965981,-0.011845089999965981,-0.011845089999965981,-0.002720197863279243,-0.002720197863279243,-0.002720197863279243,0.0046240707625176385,0.0046240707625176385,0.0046240707625176385,0.0,0.0,0.0,1.4324504864385994
136,2025-03-21 00:00:00,0.8398720198785732,1.4310980593702463,1.4355305048317653,0.8398720198785732,0.8398720198785732,-0.0025279623656152437,-0.0025279623656152437,-0.0025279623656152437,-0.0038343038014310806,-0.0038343038014310806,-0.0038343038014310806,-0.0015875801552496407,-0.0015875801552496407,-0.0015875801552496407,0.7260030000030842,0.7260030000030842,0.7260030000030842,-0.012328511212581595,-0.012328511212581595,-0.012328511212581595,0.002834253219332617,0.002834253219332617,0.002834253219332617,-0.0010084009294185612,-0.0010084009294185612,-0.0010084009294185612,-0.001693769953304628,-0.001693769953304628,-0.001693769953304628,0.00028482717907829844,0.00028482717907829844,0.00028482717907829844,0.0012249872750126306,0.0012249872750126306,0.0012249872750126306,-0.0015519805366582407,-0.0015519805366582407,-0.0015519805366582407,0.7065948922045779,0.7065948922045779,0.7065948922045779,-0.0017785557268927357,-0.0017785557268927357,-0.0017785557268927357,-0.00011482166770548556,-0.00011482166770548556,-0.00011482166770548556,0.0,0.0,0.0,-0.011292273432827779,-0.011292273432827779,-0.011292273432827779,-0.002575203749729527,-0.002575203749729527,-0.002575203749729527,0.004212676846903254,0.004212676846903254,0.004212676846903254,0.0,0.0,0.0,1.4333212992303148
137,2025-03-24 00:00:00,0.840950037892025,1.430753907346393,1.4351375899755179,0.840950037892025,0.840950037892025,-0.0025888443095397587,-0.0025888443095397587,-0.0025888443095397587,-0.0037392796327701625,-0.0037392796327701625,-0.0037392796327701625,-0.0018059234343112435,-0.0018059234343112435,-0.0018059234343112435,0.7260030000063696,0.7260030000063696,0.7260030000063696,-0.013000155635860041,-0.013000155635860041,-0.013000155635860041,0.0028961662794907334,0.0028961662794907334,0.0028961662794907334,-0.0010011366915214617,-0.0010011366915214617,-0.0010011366915214617,-0.0019402550864093676,-0.0019402550864093676,-0.0019402550864093676,-0.0005521794345838061,-0.0005521794345838061,-0.0005521794345838061,0.0009540581564238791,0.0009540581564238791,0.0009540581564238791,-0.0005809552247753124,-0.0005809552247753124,-0.0005809552247753124,0.7040030950128201,0.7040030950128201,0.7040030950128201,-0.002323818376588618,-0.002323818376588618,-0.002323818376588618,-0.00013460456468200314,-0.00013460456468200314,-0.00013460456468200314,0.0,0.0,0.0,-0.011938295961896201,-0.011938295961896201,-0.011938295961896201,-0.0021833833165929213,-0.0021833833165929213,-0.0021833833165929213,0.002938546604206867,0.002938546604206867,0.002938546604206867,0.0,0.0,0.0,1.432981467319159
138,2025-03-25 00:00:00,0.8413093772298423,1.4292378370374565,1.4338951940883105,0.8413093772298423,0.8413093772298423,-0.0027023745412105378,-0.0027023745412105378,-0.0027023745412105378,-0.0032118835289220555,-0.0032118835289220555,-0.0032118835289220555,-0.0022902922141506254,-0.0022902922141506254,-0.0022902922141506254,0.7260030000022816,0.7260030000022816,0.7260030000022816,-0.014411231787240266,-0.014411231787240266,-0.014411231787240266,0.002916667446163295,0.002916667446163295,0.002916667446163295,-0.000997009702621185,-0.000997009702621185,-0.000997009702621185,-0.002449849744078632,-0.002449849744078632,-0.002449849744078632,-0.0014564546178595303,-0.0014564546178595303,-0.0014564546178595303,0.00010709834657617405,0.00010709834657617405,0.00010709834657617405,0.0002641382541172929,0.0002641382541172929,0.0002641382541172929,0.7015436166001493,0.7015436166001493,0.7015436166001493,-0.0015445764256364085,-0.0015445764256364085,-0.0015445764256364085,-0.0002128468489590824,-0.0002128468489590824,-0.0002128468489590824,0.0,0.0,0.0,-0.012583340943158943,-0.012583340943158943,-0.012583340943158943,-0.0028338482106589707,-0.0028338482106589707,-0.0028338482106589707,0.0025351893282668948,0.0025351893282668948,0.0025351893282668948,0.0,0.0,0.0,1.4315246004112852
139,2025-03-26 00:00:00,0.8413167401876769,1.4246553244171567,1.4291324122469053,0.8413167401876769,0.8413167401876769,-0.002860207508681027,-0.002860207508681027,-0.002860207508681027,-0.0032038571381854536,-0.0032038571381854536,-0.0032038571381854536,-0.0034984739368086413,-0.0034984739368086413,-0.0034984739368086413,0.7260030000024308,0.7260030000024308,0.7260030000024308,-0.0200852405048168,-0.0200852405048168,-0.0200852405048168,0.0029025053197000677,0.0029025053197000677,0.0029025053197000677,-0.0009900724634106675,-0.0009900724634106675,-0.0009900724634106675,-0.003664889751025978,-0.003664889751025978,-0.003664889751025978,-0.0020167423424151806,-0.0020167423424151806,-0.0020167423424151806,-0.0005965709104002652,-0.0005965709104002652,-0.0005965709104002652,-0.0004361496881757927,-0.0004361496881757927,-0.0004361496881757927,0.6958775083670453,0.6958775083670453,0.6958775083670453,-0.0013611435933829875,-0.0013611435933829875,-0.0013611435933829875,-0.00018137204879540745,-0.00018137204879540745,-0.00018137204879540745,0.0,0.0,0.0,-0.01220606489141208,-0.01220606489141208,-0.01220606489141208,-0.004178266443235463,-0.004178266443235463,-0.004178266443235463,0.002165813760843297,0.002165813760843297,0.002165813760843297,0.0,0.0,0.0,1.426770137096962
140,2025-03-27 00:00:00,0.8413241031455114,1.4281075848352096,1.4327058406790802,0.8413241031455114,0.8413241031455114,-0.002956597390251923,-0.002956597390251923,-0.002956597390251923,-0.002246785838781071,-0.002246785838781071,-0.002246785838781071,-0.0023383919755457457,-0.0023383919755457457,-0.0023383919755457457,0.7260030000096552,0.7260030000096552,0.7260030000096552,-0.01580377593319971,-0.01580377593319971,-0.01580377593319971,0.0028815440073340108,0.0028815440073340108,0.0028815440073340108,-0.0009873152029004763,-0.0009873152029004763,-0.0009873152029004763,-0.004177927734884355,-0.004177927734884355,-0.004177927734884355,-0.0009054677966324226,-0.0009054677966324226,-0.0009054677966324226,-0.0007334074866046431,-0.0007334074866046431,-0.0007334074866046431,-0.00039881841509230466,-0.00039881841509230466,-0.00039881841509230466,0.7002014385174115,0.7002014385174115,0.7002014385174115,-0.0003927693810051075,-0.0003927693810051075,-0.0003927693810051075,-0.00020081254941889872,-0.00020081254941889872,-0.00020081254941889872,0.0,0.0,0.0,-0.011845089999971355,-0.011845089999971355,-0.011845089999971355,-0.0033470261694167718,-0.0033470261694167718,-0.0033470261694167718,0.0018473044409272159,0.0018473044409272159,0.0018473044409272159,0.0,0.0,0.0,1.4304204504273696
141,2025-03-28 00:00:00,0.8413314661033461,1.42733179412522,1.4317960643966827,0.8413314661033461,0.8413314661033461,-0.0030337352630380875,-0.0030337352630380875,-0.0030337352630380875,-0.001439614965976763,-0.001439614965976763,-0.001439614965976763,-0.0017497539217338068,-0.0017497539217338068,-0.0017497539217338068,0.7260030000055673,0.7260030000055673,0.7260030000055673,-0.017088144030069717,-0.017088144030069717,-0.017088144030069717,0.002812013250456708,0.002812013250456708,0.002812013250456708,-0.000979512007116625,-0.000979512007116625,-0.000979512007116625,-0.004316190046200742,-0.004316190046200742,-0.004316190046200742,-0.001522933186633716,-0.001522933186633716,-0.001522933186633716,-0.0017054713956998573,-0.0017054713956998573,-0.0017054713956998573,-0.0002692172874843867,-0.0002692172874843867,-0.0002692172874843867,0.699220451740641,0.699220451740641,0.699220451740641,-0.0014954665346050564,-0.0014954665346050564,-0.0014954665346050564,-0.0005135413257721253,-0.0005135413257721253,-0.0005135413257721253,0.0,0.0,0.0,-0.011292273432784005,-0.011292273432784005,-0.011292273432784005,-0.0028747213462652576,-0.0028747213462652576,-0.0028747213462652576,0.0015978691979273915,0.0015978691979273915,0.0015978691979273915,0.0,0.0,0.0,1.4296076338957433
142,2025-03-30 23:00:00,0.84135324818694,1.4277586998199037,1.4321369826432206,0.84135324818694,0.84135324818694,-0.0029426591154608187,-0.0029426591154608187,-0.0029426591154608187,-0.0017287405599262136,-0.0017287405599262136,-0.0017287405599262136,-0.00039318244945161265,-0.00039318244945161265,-0.00039318244945161265,0.7256766884615087,0.7256766884615087,0.7256766884615087,-0.016196506710654566,-0.016196506710654566,-0.016196506710654566,0.002744578441976653,0.002744578441976653,0.002744578441976653,-0.0009649129484873906,-0.0009649129484873906,-0.0009649129484873906,-0.004367020561665272,-0.004367020561665272,-0.004367020561665272,-0.0008253040777543375,-0.0008253040777543375,-0.0008253040777543375,-0.001663621491901225,-0.001663621491901225,-0.001663621491901225,-0.0003925900446433358,-0.0003925900446433358,-0.0003925900446433358,0.6994917031056193,0.6994917031056193,0.6994917031056193,-0.0027315464247941977,-0.0027315464247941977,-0.0027315464247941977,-0.0005121745001784563,-0.0005121745001784563,-0.0005121745001784563,0.0,0.0,0.0,-0.011437184251528143,-0.011437184251528143,-0.011437184251528143,-0.002419332978368358,-0.002419332978368358,-0.002419332978368358,0.001448705606293418,0.001448705606293418,0.001448705606293418,0.0,0.0,0.0,1.4298728646746675
143,2025-03-31 23:00:00,0.8408080576375736,1.4377480007509154,1.4422199250223557,0.8408080576375736,0.8408080576375736,-0.002810358873251683,-0.002810358873251683,-0.002810358873251683,-0.0017033050393811665,-0.0017033050393811665,-0.0017033050393811665,0.0017747678746319851,0.0017747678746319851,0.0017747678746319851,0.725676688461359,0.725676688461359,0.725676688461359,-0.0020493068719719815,-0.0020493068719719815,-0.0020493068719719815,0.0026938106590330456,0.0026938106590330456,0.0026938106590330456,-0.0009726985512362272,-0.0009726985512362272,-0.0009726985512362272,-0.0028239056991093163,-0.0028239056991093163,-0.0028239056991093163,0.001062057793227198,0.001062057793227198,0.001062057793227198,-0.0013254607009655294,-0.0013254607009655294,-0.0013254607009655294,0.0010528788723408373,0.0010528788723408373,0.0010528788723408373,0.7127402862974214,0.7127402862974214,0.7127402862974214,-0.0011147880144597635,-0.0011147880144597635,-0.0011147880144597635,-0.00038776607813896145,-0.00038776607813896145,-0.00038776607813896145,0.0,0.0,0.0,-0.012545354456388873,-0.012545354456388873,-0.012545354456388873,0.0025054608853375994,0.0025054608853375994,0.0025054608853375994,0.0016582591644230854,0.0016582591644230854,0.0016582591644230854,0.0,0.0,0.0,1.4400858333593567
144,2025-04-01 23:00:00,0.8402628670882072,1.4282622494763073,1.432818712441407,0.8402628670882072,0.8402628670882072,-0.0027376815507201154,-0.0027376815507201154,-0.0027376815507201154,-0.0010567577235444379,-0.0010567577235444379,-0.0010567577235444379,-0.0015071467898570125,-0.0015071467898570125,-0.0015071467898570125,0.7256766884654605,0.7256766884654605,0.7256766884654605,-0.012963767749556087,-0.012963767749556087,-0.012963767749556087,0.0026401284168757876,0.0026401284168757876,0.0026401284168757876,-0.0009682268652668609,-0.0009682268652668609,-0.0009682268652668609,-0.0034843196395630124,-0.0034843196395630124,-0.0034843196395630124,-0.00018894994833953222,-0.00018894994833953222,-0.00018894994833953222,-0.001390724860354422,-0.001390724860354422,-0.001390724860354422,0.00023655519264784071,0.00023655519264784071,0.00023655519264784071,0.7023084457451538,0.7023084457451538,0.7023084457451538,-0.0014989160380907275,-0.0014989160380907275,-0.0014989160380907275,-0.0003584882105026259,-0.0003584882105026259,-0.0003584882105026259,0.0,0.0,0.0,-0.012431608456351757,-0.012431608456351757,-0.012431608456351757,-0.002649239732840968,-0.002649239732840968,-0.002649239732840968,0.0020271334856009756,0.0020271334856009756,0.0020271334856009756,0.0,0.0,0.0,1.4303865752902927
145,2025-04-02 23:00:00,0.8397176765388409,1.4184356057999519,1.422778758365898,0.8397176765388409,0.8397176765388409,-0.002525845148222838,-0.002525845148222838,-0.002525845148222838,-0.0025813730375192326,-0.0025813730375192326,-0.0025813730375192326,-0.0078566703482072,-0.0078566703482072,-0.0078566703482072,0.7256766884582122,0.7256766884582122,0.7256766884582122,-0.025062070361407597,-0.025062070361407597,-0.025062070361407597,0.0025777046254711355,0.0025777046254711355,0.0025777046254711355,-0.0009525762277428546,-0.0009525762277428546,-0.0009525762277428546,-0.005425194376198875,-0.005425194376198875,-0.005425194376198875,-0.0013419677162696281,-0.0013419677162696281,-0.0013419677162696281,-0.0015719413252651933,-0.0015719413252651933,-0.0015719413252651933,-0.0012030251299101128,-0.0012030251299101128,-0.0012030251299101128,0.6917417678295703,0.6917417678295703,0.6917417678295703,-0.0035353077749844,-0.0035353077749844,-0.0035353077749844,-0.000303739159518338,-0.000303739159518338,-0.000303739159518338,0.0,0.0,0.0,-0.011442087496437733,-0.011442087496437733,-0.011442087496437733,-0.00034213474304006124,-0.00034213474304006124,-0.00034213474304006124,0.0025692372292035227,0.0025692372292035227,0.0025692372292035227,0.0,0.0,0.0,1.420585466585558
146,2025-04-03 23:00:00,0.8391257774556644,1.4071426903887052,1.411467570446774,0.8391257774556644,0.8391257774556644,-0.002329139917332509,-0.002329139917332509,-0.002329139917332509,-0.0034889296441684876,-0.0034889296441684876,-0.0034889296441684876,-0.0063309049494480445,-0.0063309049494480445,-0.0063309049494480445,0.7256766884623138,0.7256766884623138,0.7256766884623138,-0.03717071813115993,-0.03717071813115993,-0.03717071813115993,0.002470289555603579,0.002470289555603579,0.002470289555603579,-0.0009262944457422388,-0.0009262944457422388,-0.0009262944457422388,-0.009488934183638942,-0.009488934183638942,-0.009488934183638942,-0.003029109948718571,-0.003029109948718571,-0.003029109948718571,-0.0024891456067419456,-0.0024891456067419456,-0.0024891456067419456,-0.0033824513004269622,-0.0033824513004269622,-0.0033824513004269622,0.6793917988142221,0.6793917988142221,0.6793917988142221,-0.004138689017514549,-0.004138689017514549,-0.004138689017514549,4.8374445801932724e-05,4.8374445801932724e-05,4.8374445801932724e-05,0.0,0.0,0.0,-0.012409812370574678,-0.012409812370574678,-0.012409812370574678,-0.004085783118833187,-0.004085783118833187,-0.004085783118833187,0.0032956408536428533,0.0032956408536428533,0.0032956408536428533,0.0,0.0,0.0,1.409220948832651
147,2025-04-06 23:00:00,0.8373500802061349,1.4212104350326984,1.4259299507532275,0.8373500802061349,0.8373500802061349,-0.0023015657998810895,-0.0023015657998810895,-0.0023015657998810895,-0.00446342603042034,-0.00446342603042034,-0.00446342603042034,-0.0019081218345467284,-0.0019081218345467284,-0.0019081218345467284,0.7256766884632686,0.7256766884632686,0.7256766884632686,-0.02083410688206742,-0.02083410688206742,-0.02083410688206742,0.0024042869886860573,0.0024042869886860573,0.0024042869886860573,-0.0009135689926673344,-0.0009135689926673344,-0.0009135689926673344,-0.009535174276547417,-0.009535174276547417,-0.009535174276547417,-0.0012087304203877822,-0.0012087304203877822,-0.0012087304203877822,-0.00164138927456814,-0.00164138927456814,-0.00164138927456814,-0.0010472100469082477,-0.0010472100469082477,-0.0010472100469082477,0.7000438769785665,0.7000438769785665,0.7000438769785665,-0.0010539936354666696,-0.0010539936354666696,-0.0010539936354666696,0.0004972638729377467,0.0004972638729377467,0.0004972638729377467,0.0,0.0,0.0,-0.011437184251516613,-0.011437184251516613,-0.011437184251516613,0.0003375225677025263,0.0003375225677025263,0.0003375225677025263,0.00663847964888214,0.00663847964888214,0.00663847964888214,0.0,0.0,0.0,1.4235318767419514
148,2025-04-07 23:00:00,0.8367581811229583,1.4191425849769486,1.4235364640310793,0.8367581811229583,0.8367581811229583,-0.00220141434174697,-0.00220141434174697,-0.00220141434174697,-0.003775406369604654,-0.003775406369604654,-0.003775406369604654,-0.002454834284648099,-0.002454834284648099,-0.002454834284648099,0.7256766884631187,0.7256766884631187,0.7256766884631187,-0.022662881963903987,-0.022662881963903987,-0.022662881963903987,0.002306585563934957,0.002306585563934957,0.002306585563934957,-0.0008991467071682794,-0.0008991467071682794,-0.0008991467071682794,-0.009547843251532602,-0.009547843251532602,-0.009547843251532602,-0.0010487254722240855,-0.0010487254722240855,-0.0010487254722240855,-0.002273091728031782,-0.002273091728031782,-0.002273091728031782,-0.0022851101042446454,-0.0022851101042446454,-0.0022851101042446454,0.6986080917794398,0.6986080917794398,0.6986080917794398,-0.0011412999515256655,-0.0011412999515256655,-0.0011412999515256655,0.00041108055933364063,0.00041108055933364063,0.00041108055933364063,0.0,0.0,0.0,-0.012545354456372622,-0.012545354456372622,-0.012545354456372622,0.0002463241235541951,0.0002463241235541951,0.0002463241235541951,0.00813963973659768,0.00813963973659768,0.00813963973659768,0.0,0.0,0.0,1.421324217318103
149,2025-04-08 23:00:00,0.8361662820397819,1.4226359396761166,1.4268718655754822,0.8361662820397819,0.8361662820397819,-0.002197835744541901,-0.002197835744541901,-0.002197835744541901,-0.004091307875395088,-0.004091307875395088,-0.004091307875395088,-0.0018293580444356254,-0.0018293580444356254,-0.0018293580444356254,0.7256766884672201,0.7256766884672201,0.7256766884672201,-0.01919632074101282,-0.01919632074101282,-0.01919632074101282,0.0022148660331992908,0.0022148660331992908,0.0022148660331992908,-0.0008861648382418572,-0.0008861648382418572,-0.0008861648382418572,-0.00918141504836827,-0.00918141504836827,-0.00918141504836827,-0.00034238306446718417,-0.00034238306446718417,-0.00034238306446718417,-0.0021524134171384884,-0.0021524134171384884,-0.0021524134171384884,-0.0006221715708031364,-0.0006221715708031364,-0.0006221715708031364,0.7038715201041532,0.7038715201041532,0.7038715201041532,-0.0011941886352725604,-0.0011941886352725604,-0.0011941886352725604,0.0004197665747959732,0.0004197665747959732,0.0004197665747959732,0.0,0.0,0.0,-0.012431608456338842,-0.012431608456338842,-0.012431608456338842,0.00066628488965603,0.00066628488965603,0.00066628488965603,0.009822760834284648,0.009822760834284648,0.009822760834284648,0.0,0.0,0.0,1.4247199140389613
150,2025-04-09 23:00:00,0.8348206255069142,1.4090998917711712,1.4133717747792227,0.8348206255069142,0.8348206255069142,-0.001959446379809038,-0.001959446379809038,-0.001959446379809038,-0.006573010445813296,-0.006573010445813296,-0.006573010445813296,-0.004626509868321164,-0.004626509868321164,-0.004626509868321164,0.725676688459972,0.725676688459972,0.725676688459972,-0.03544619948493748,-0.03544619948493748,-0.03544619948493748,0.002081735218442551,0.002081735218442551,0.002081735218442551,-0.000859856508667465,-0.000859856508667465,-0.000859856508667465,-0.011703414992402815,-0.011703414992402815,-0.011703414992402815,-0.002451769236630506,-0.002451769236630506,-0.002451769236630506,-0.0029977145067145244,-0.0029977145067145244,-0.0029977145067145244,-0.001753578730789919,-0.001753578730789919,-0.001753578730789919,0.6904625852882479,0.6904625852882479,0.6904625852882479,-0.002500605857455724,-0.002500605857455724,-0.002500605857455724,0.0007337478720450667,0.0007337478720450667,0.0007337478720450667,0.0,0.0,0.0,-0.011442087496444136,-0.011442087496444136,-0.011442087496444136,-0.0028357760488206484,-0.0028357760488206484,-0.0028357760488206484,0.011674183809657396,0.011674183809657396,0.011674183809657396,0.0,0.0,0.0,1.4112330328463703
151,2025-04-10 23:00:00,0.8334749689740462,1.3958947172223037,1.400467044246788,0.8334749689740462,0.8334749689740462,-0.0015541886447374813,-0.0015541886447374813,-0.0015541886447374813,-0.008970396020898793,-0.008970396020898793,-0.008970396020898793,-0.005692961061450258,-0.005692961061450258,-0.005692961061450258,0.7256766884640735,0.7256766884640735,0.7256766884640735,-0.04931738805843902,-0.04931738805843902,-0.04931738805843902,0.0018389909953858926,0.0018389909953858926,0.0018389909953858926,-0.0008119588914532717,-0.0008119588914532717,-0.0008119588914532717,-0.016433013168591158,-0.016433013168591158,-0.016433013168591158,-0.004425363622278171,-0.004425363622278171,-0.004425363622278171,-0.005189383744718363,-0.005189383744718363,-0.005189383744718363,-0.001991562838336632,-0.001991562838336632,-0.001991562838336632,0.6776253339166938,0.6776253339166938,0.6776253339166938,-0.003472936164100933,-0.003472936164100933,-0.003472936164100933,0.0009337291725186629,0.0009337291725186629,0.0009337291725186629,0.0,0.0,0.0,-0.012409812370678178,-0.012409812370678178,-0.012409812370678178,-0.0035483440697785217,-0.0035483440697785217,-0.0035483440697785217,0.013675845881737467,0.013675845881737467,0.013675845881737467,0.0,0.0,0.0,1.3982587231362902
152,2025-04-13 23:00:00,0.8294379993754427,1.3873581174107616,1.3919590430107185,0.8294379993754427,0.8294379993754427,-0.0011633629707540124,-0.0011633629707540124,-0.0011633629707540124,-0.008768284161912956,-0.008768284161912956,-0.008768284161912956,-0.004890841673879637,-0.004890841673879637,-0.004890841673879637,0.725676688460777,0.725676688460777,0.725676688460777,-0.05922950157857251,-0.05922950157857251,-0.05922950157857251,0.0015857658114139886,0.0015857658114139886,0.0015857658114139886,-0.0007374525988993825,-0.0007374525988993825,-0.0007374525988993825,-0.021443046160574606,-0.021443046160574606,-0.021443046160574606,-0.00537982419243977,-0.00537982419243977,-0.00537982419243977,-0.005420139901257313,-0.005420139901257313,-0.005420139901257313,-0.005480558598686304,-0.005480558598686304,-0.005480558598686304,0.6753516891509429,0.6753516891509429,0.6753516891509429,-0.0037460494294943966,-0.0037460494294943966,-0.0037460494294943966,0.0009679908577498615,0.0009679908577498615,0.0009679908577498615,0.0,0.0,0.0,-0.011437184251589762,-0.011437184251589762,-0.011437184251589762,-0.004753698559837989,-0.004753698559837989,-0.004753698559837989,0.020341686520328167,0.020341686520328167,0.020341686520328167,0.0,0.0,0.0,1.3896003532996268
153,2025-04-14 23:00:00,0.8282159167610075,1.38614555426831,1.3905925855740293,0.8282159167610075,0.8282159167610075,-0.000951683437584403,-0.000951683437584403,-0.000951683437584403,-0.008888743851119197,-0.008888743851119197,-0.008888743851119197,-0.0035306224991512635,-0.0035306224991512635,-0.0035306224991512635,0.7256766884648785,0.7256766884648785,0.7256766884648785,-0.059390600757591706,-0.059390600757591706,-0.059390600757591706,0.0013837685560791865,0.0013837685560791865,0.0013837685560791865,-0.0006916759432047529,-0.0006916759432047529,-0.0006916759432047529,-0.024648621794912156,-0.024648621794912156,-0.024648621794912156,-0.0060195047745802595,-0.0060195047745802595,-0.0060195047745802595,-0.004407354834512122,-0.004407354834512122,-0.004407354834512122,-0.005046550703410174,-0.005046550703410174,-0.005046550703410174,0.6764276335895665,0.6764276335895665,0.6764276335895665,-0.0032769330621254876,-0.0032769330621254876,-0.0032769330621254876,0.0009642443121236269,0.0009642443121236269,0.0009642443121236269,0.0,0.0,0.0,-0.012545354456389927,-0.012545354456389927,-0.012545354456389927,-0.004276922725194699,-0.004276922725194699,-0.004276922725194699,0.022686900338669602,0.022686900338669602,0.022686900338669602,0.0,0.0,0.0,1.388444049436869
154,2025-04-15 23:00:00,0.8269938341465721,1.3892864716141955,1.3938931640126833,0.8269938341465721,0.8269938341465721,-0.0007556639536267093,-0.0007556639536267093,-0.0007556639536267093,-0.009454947474393677,-0.009454947474393677,-0.009454947474393677,-0.0026978524891984,-0.0026978524891984,-0.0026978524891984,0.72567668846898,0.72567668846898,0.72567668846898,-0.05573198569347442,-0.05573198569347442,-0.05573198569347442,0.0012086633121083064,0.0012086633121083064,0.0012086633121083064,-0.0006583596862372761,-0.0006583596862372761,-0.0006583596862372761,-0.025814930440748222,-0.025814930440748222,-0.025814930440748222,-0.004170042556576751,-0.004170042556576751,-0.004170042556576751,-0.0038606948957253667,-0.0038606948957253667,-0.0038606948957253667,-0.004423045941230161,-0.004423045941230161,-0.004423045941230161,0.682552006745002,0.682552006745002,0.682552006745002,-0.0029259214433001134,-0.0029259214433001134,-0.0029259214433001134,0.0010564867555098133,0.0010564867555098133,0.0010564867555098133,0.0,0.0,0.0,-0.012431608456344057,-0.012431608456344057,-0.012431608456344057,-0.0032356768800558574,-0.0032356768800558574,-0.0032356768800558574,0.02503891242584059,0.02503891242584059,0.02503891242584059,0.0,0.0,0.0,1.3914601352090583
155,2025-04-16 23:00:00,0.8257717515321368,1.3850811215069638,1.3897592852778267,0.8257717515321368,0.8257717515321368,-0.000541557502387208,-0.000541557502387208,-0.000541557502387208,-0.009539280426765415,-0.009539280426765415,-0.009539280426765415,-0.002835573433978395,-0.002835573433978395,-0.002835573433978395,0.7256766884617317,0.7256766884617317,0.7256766884617317,-0.06141253772626434,-0.06141253772626434,-0.06141253772626434,0.0009738433464116481,0.0009738433464116481,0.0009738433464116481,-0.0006180974462155061,-0.0006180974462155061,-0.0006180974462155061,-0.02831132964129641,-0.02831132964129641,-0.02831132964129641,-0.0044567249235668415,-0.0044567249235668415,-0.0044567249235668415,-0.005065288156002797,-0.005065288156002797,-0.005065288156002797,-0.0036569656158733444,-0.0036569656158733444,-0.0036569656158733444,0.6801845953403886,0.6801845953403886,0.6801845953403886,-0.003484381644441321,-0.003484381644441321,-0.003484381644441321,0.0011359185679181087,0.0011359185679181087,0.0011359185679181087,0.0,0.0,0.0,-0.011442087496450537,-0.011442087496450537,-0.011442087496450537,-0.005013100850066859,-0.005013100850066859,-0.005013100850066859,0.027362532101371722,0.027362532101371722,0.027362532101371722,0.0,0.0,0.0,1.3874489761915472
156,2025-04-21 23:00:00,0.8196613384599601,1.382743706146198,1.3874614051041736,0.8196613384599601,0.8196613384599601,-0.0002676863417269357,-0.0002676863417269357,-0.0002676863417269357,-0.00964368733449818,-0.00964368733449818,-0.00964368733449818,-0.0028315957151656963,-0.0028315957151656963,-0.0028315957151656963,0.7256766884666384,0.7256766884666384,0.7256766884666384,-0.06069647339037217,-0.06069647339037217,-0.06069647339037217,0.0007241457429350446,0.0007241457429350446,0.0007241457429350446,-0.000576403638812362,-0.000576403638812362,-0.000576403638812362,-0.03045089399545825,-0.03045089399545825,-0.03045089399545825,-0.003141052278932253,-0.003141052278932253,-0.003141052278932253,-0.0053653052353254465,-0.0053653052353254465,-0.0053653052353254465,-0.0018087431889262236,-0.0018087431889262236,-0.0018087431889262236,0.6897789751549106,0.6897789751549106,0.6897789751549106,-0.0036010446628677727,-0.0036010446628677727,-0.0036010446628677727,0.001123505337127671,0.001123505337127671,0.001123505337127671,0.0,0.0,0.0,-0.01254535445642111,-0.01254535445642111,-0.01254535445642111,-0.004857712078721773,-0.004857712078721773,-0.004857712078721773,0.03734411453506557,0.03734411453506557,0.03734411453506557,0.0,0.0,0.0,1.3850464964769738
157,2025-04-22 23:00:00,0.819138673191474,1.38172215918275,1.3862399344870744,0.819138673191474,0.819138673191474,-0.00011898805202897537,-0.00011898805202897537,-0.00011898805202897537,-0.010133584396137789,-0.010133584396137789,-0.010133584396137789,-0.0023473037810177923,-0.0023473037810177923,-0.0023473037810177923,0.7256766884664887,0.7256766884664887,0.7256766884664887,-0.06256298572252271,-0.06256298572252271,-0.06256298572252271,0.00047587977155647075,0.00047587977155647075,0.00047587977155647075,-0.000533569760601849,-0.000533569760601849,-0.000533569760601849,-0.03155838695725902,-0.03155838695725902,-0.03155838695725902,-0.004902744799064864,-0.004902744799064864,-0.004902744799064864,-0.005332810153630126,-0.005332810153630126,-0.005332810153630126,-0.0004526970580603975,-0.0004526970580603975,-0.0004526970580603975,0.689479035025783,0.689479035025783,0.689479035025783,-0.004286287254281897,-0.004286287254281897,-0.004286287254281897,0.0011273817902461203,0.0011273817902461203,0.0011273817902461203,0.0,0.0,0.0,-0.012431608456349268,-0.012431608456349268,-0.012431608456349268,-0.004499875072242595,-0.004499875072242595,-0.004499875072242595,0.03879694073816633,0.03879694073816633,0.03879694073816633,0.0,0.0,0.0,1.383917615135832
158,2025-04-23 23:00:00,0.818616007922988,1.38475240773748,1.389289278147114,0.818616007922988,0.818616007922988,1.725107173655071e-05,1.725107173655071e-05,1.725107173655071e-05,-0.010049251443766049,-0.010049251443766049,-0.010049251443766049,-0.001897912691964469,-0.001897912691964469,-0.001897912691964469,0.7256766884592405,0.7256766884592405,0.7256766884592405,-0.05988708000628871,-0.05988708000628871,-0.05988708000628871,0.00024990496407135135,0.00024990496407135135,0.00024990496407135135,-0.0004926977691632576,-0.0004926977691632576,-0.0004926977691632576,-0.03157396350774687,-0.03157396350774687,-0.03157396350774687,-0.004534333710547299,-0.004534333710547299,-0.004534333710547299,-0.004887070343626684,-0.004887070343626684,-0.004887070343626684,-0.00043826589396226936,-0.00043826589396226936,-0.00043826589396226936,0.6943595608502278,0.6943595608502278,0.6943595608502278,-0.003608034275327637,-0.003608034275327637,-0.003608034275327637,0.0011697145986628002,0.0011697145986628002,0.0011697145986628002,0.0,0.0,0.0,-0.011442087496458732,-0.011442087496458732,-0.011442087496458732,-0.0038424210046548737,-0.0038424210046548737,-0.0038424210046548737,0.04001203989373476,0.04001203989373476,0.04001203989373476,0.0,0.0,0.0,1.3870298596893607
159,2025-04-24 23:00:00,0.8180933426545024,1.3833143184969416,1.387664103170023,0.8180933426545024,0.8180933426545024,0.0001437588295188252,0.0001437588295188252,0.0001437588295188252,-0.0095272009480624,-0.0095272009480624,-0.0095272009480624,-0.0017700018000411893,-0.0017700018000411893,-0.0017700018000411893,0.7256766884633419,0.7256766884633419,0.7256766884633419,-0.06054812165211011,-0.06054812165211011,-0.06054812165211011,3.773391792659753e-05,3.773391792659753e-05,3.773391792659753e-05,-0.0004549541775302108,-0.0004549541775302108,-0.0004549541775302108,-0.03155542524118387,-0.03155542524118387,-0.03155542524118387,-0.004910903652803814,-0.004910903652803814,-0.004910903652803814,-0.004620418660527957,-0.004620418660527957,-0.004620418660527957,-0.0015406663788788738,-0.0015406663788788738,-0.0015406663788788738,0.693693115801849,0.693693115801849,0.693693115801849,-0.003327241678592736,-0.003327241678592736,-0.003327241678592736,0.001162517952065825,0.001162517952065825,0.001162517952065825,0.0,0.0,0.0,-0.012409812370621274,-0.012409812370621274,-0.012409812370621274,-0.0041853198140003045,-0.0041853198140003045,-0.0041853198140003045,0.04097436136123846,0.04097436136123846,0.04097436136123846,0.0,0.0,0.0,1.385599062537254
160,2025-04-27 23:00:00,0.8159226115961439,1.385862587229222,1.3904010995878016,0.8159226115961439,0.8159226115961439,0.00030278633527555123,0.00030278633527555123,0.00030278633527555123,-0.009488377471596997,-0.009488377471596997,-0.009488377471596997,-0.001685944556481625,-0.001685944556481625,-0.001685944556481625,0.7256766884642966,0.7256766884642966,0.7256766884642966,-0.05509732915754922,-0.05509732915754922,-0.05509732915754922,-0.00017914097518821864,-0.00017914097518821864,-0.00017914097518821864,-0.00041696301923691486,-0.00041696301923691486,-0.00041696301923691486,-0.030959509718391308,-0.030959509718391308,-0.030959509718391308,-0.002937212861002908,-0.002937212861002908,-0.002937212861002908,-0.0047092130566520835,-0.0047092130566520835,-0.0047092130566520835,0.00012329555594314253,0.00012329555594314253,0.00012329555594314253,0.7014217800150241,0.7014217800150241,0.7014217800150241,-0.0023856201948771827,-0.0023856201948771827,-0.0023856201948771827,0.0011512929201595548,0.0011512929201595548,0.0011512929201595548,0.0,0.0,0.0,-0.011437184251566696,-0.011437184251566696,-0.011437184251566696,-0.003912722115500228,-0.003912722115500228,-0.003912722115500228,0.042279604959843384,0.042279604959843384,0.042279604959843384,0.0,0.0,0.0,1.3882285021764182
161,2025-04-28 23:00:00,0.8151990345766911,1.3811214450342935,1.3857086710042348,0.8151990345766911,0.8151990345766911,0.00047681657009336035,0.00047681657009336035,0.00047681657009336035,-0.009556641685456233,-0.009556641685456233,-0.009556641685456233,-0.001996772641426126,-0.001996772641426126,-0.001996772641426126,0.7256766884683982,0.7256766884683982,0.7256766884683982,-0.05826770051833003,-0.05826770051833003,-0.05826770051833003,-0.0004232144403078159,-0.0004232144403078159,-0.0004232144403078159,-0.00038497245539823537,-0.00038497245539823537,-0.00038497245539823537,-0.030937762796710316,-0.030937762796710316,-0.030937762796710316,-0.0016037490993779711,-0.0016037490993779711,-0.0016037490993779711,-0.005256676882487538,-0.005256676882487538,-0.005256676882487538,-0.00010950322872252562,-0.00010950322872252562,-0.00010950322872252562,0.6970594958337147,0.6970594958337147,0.6970594958337147,-0.004869182842273385,-0.004869182842273385,-0.004869182842273385,0.001137062288607684,0.001137062288607684,0.001137062288607684,0.0,0.0,0.0,-0.012545354456438416,-0.012545354456438416,-0.012545354456438416,-0.004743103304870933,-0.004743103304870933,-0.004743103304870933,0.04219586234008512,0.04219586234008512,0.04219586234008512,0.0,0.0,0.0,1.3834412626228505
162,2025-04-29 23:00:00,0.8144754575572383,1.3808449257225226,1.3851790842185072,0.8144754575572383,0.8144754575572383,0.0006510667830731557,0.0006510667830731557,0.0006510667830731557,-0.008960981367748623,-0.008960981367748623,-0.008960981367748623,-0.002175344148665618,-0.002175344148665618,-0.002175344148665618,0.7256766884611499,0.7256766884611499,0.7256766884611499,-0.05706424071742293,-0.05706424071742293,-0.05706424071742293,-0.0006697928045005878,-0.0006697928045005878,-0.0006697928045005878,-0.0003534060206549591,-0.0003534060206549591,-0.0003534060206549591,-0.030653239094495008,-0.030653239094495008,-0.030653239094495008,-0.0006885272206255472,-0.0006885272206255472,-0.0006885272206255472,-0.005306891732837269,-0.005306891732837269,-0.005306891732837269,-0.0003545136847819435,-0.0003545136847819435,-0.0003545136847819435,0.6980528908976148,0.6980528908976148,0.6980528908976148,-0.004869177414731697,-0.004869177414731697,-0.004869177414731697,0.0011332188511446164,0.0011332188511446164,0.0011332188511446164,0.0,0.0,0.0,-0.012431608456348497,-0.012431608456348497,-0.012431608456348497,-0.004816652862599451,-0.004816652862599451,-0.004816652862599451,0.04187205161023644,0.04187205161023644,0.04187205161023644,0.0,0.0,0.0,1.383022405270226
163,2025-04-30 23:00:00,0.8137518805377855,1.3762165502352706,1.380656025331388,0.8137518805377855,0.8137518805377855,0.0008465219084671089,0.0008465219084671089,0.0008465219084671089,-0.008523263824416719,-0.008523263824416719,-0.008523263824416719,-0.0029049005744503555,-0.0029049005744503555,-0.0029049005744503555,0.7256766884610002,0.7256766884610002,0.7256766884610002,-0.06171500124120445,-0.06171500124120445,-0.06171500124120445,-0.0009771085718411952,-0.0009771085718411952,-0.0009771085718411952,-0.00031846383014090437,-0.00031846383014090437,-0.00031846383014090437,-0.030812260337669473,-0.030812260337669473,-0.030812260337669473,-0.0014781130973709456,-0.0014781130973709456,-0.0014781130973709456,-0.006502567605041321,-0.006502567605041321,-0.006502567605041321,-0.0013293127421511448,-0.0013293127421511448,-0.0013293127421511448,0.693848062490087,0.693848062490087,0.693848062490087,-0.005283464652232508,-0.005283464652232508,-0.005283464652232508,0.000935071370728139,0.000935071370728139,0.000935071370728139,0.0,0.0,0.0,-0.011442087496465136,-0.011442087496465136,-0.011442087496465136,-0.005367139285085123,-0.005367139285085123,-0.005367139285085123,0.041328462766756335,0.041328462766756335,0.041328462766756335,0.0,0.0,0.0,1.3783720461965925
164,2025-05-01 23:00:00,0.812941627910731,1.3814902893944534,1.3859291798017102,0.812941627910731,0.812941627910731,0.0010689387889979537,0.0010689387889979537,0.0010689387889979537,-0.008386735396698245,-0.008386735396698245,-0.008386735396698245,-0.002802993069546595,-0.002802993069546595,-0.002802993069546595,0.7256766884651016,0.7256766884651016,0.7256766884651016,-0.05171609471164247,-0.05171609471164247,-0.05171609471164247,-0.001204923962100294,-0.001204923962100294,-0.001204923962100294,-0.00028817873722261893,-0.00028817873722261893,-0.00028817873722261893,-0.029523331917938538,-0.029523331917938538,-0.029523331917938538,-0.0014737269241573607,-0.0014737269241573607,-0.0014737269241573607,-0.004932105902815959,-0.004932105902815959,-0.004932105902815959,-0.00022043605539112378,-0.00022043605539112378,-0.00022043605539112378,0.702141395851828,0.702141395851828,0.702141395851828,-0.003501194031418689,-0.003501194031418689,-0.003501194031418689,0.0009722505313644348,0.0009722505313644348,0.0009722505313644348,0.0,0.0,0.0,-0.01240981237061256,-0.01240981237061256,-0.01240981237061256,-0.0014236580347154455,-0.0014236580347154455,-0.0014236580347154455,0.04059061446898152,0.04059061446898152,0.04059061446898152,0.0,0.0,0.0,1.383741597278029
165,2025-05-04 23:00:00,0.8105108700295679,1.3795695810568116,1.3839839895046537,0.8105108700295679,0.8105108700295679,0.0012754687494908798,0.0012754687494908798,0.0012754687494908798,-0.0056480287523163,-0.0056480287523163,-0.0056480287523163,-0.002775185663938333,-0.002775185663938333,-0.002775185663938333,0.7256766884618051,0.7256766884618051,0.7256766884618051,-0.04688254435172678,-0.04688254435172678,-0.04688254435172678,-0.0014064610717416013,-0.0014064610717416013,-0.0014064610717416013,-0.0002512305193278515,-0.0002512305193278515,-0.0002512305193278515,-0.02866049177791905,-0.02866049177791905,-0.02866049177791905,-0.0005676137399291363,-0.0005676137399291363,-0.0005676137399291363,-0.004420624816457086,-0.004420624816457086,-0.004420624816457086,-0.0007825278178110617,-0.0007825278178110617,-0.0007825278178110617,0.70488859300492,0.70488859300492,0.70488859300492,-0.0023691716093227496,-0.0023691716093227496,-0.0023691716093227496,0.000921203634181545,0.000921203634181545,0.000921203634181545,0.0,0.0,0.0,-0.011437184251639849,-0.011437184251639849,-0.011437184251639849,-0.0021978809666360274,-0.0021978809666360274,-0.0021978809666360274,0.03753163314648134,0.03753163314648134,0.03753163314648134,0.0,0.0,0.0,1.3818307368199036
166,2025-05-05 23:00:00,0.8097006174025136,1.3812814027524425,1.3856105753054986,0.8097006174025136,0.8097006174025136,0.001393966534469206,0.001393966534469206,0.001393966534469206,-0.004118035916118448,-0.004118035916118448,-0.004118035916118448,-0.0024280919869110675,-0.0024280919869110675,-0.0024280919869110675,0.7256766884659066,0.7256766884659066,0.7256766884659066,-0.04097447688028023,-0.04097447688028023,-0.04097447688028023,-0.0015389275701991009,-0.0015389275701991009,-0.0015389275701991009,-0.0002199379881235951,-0.0002199379881235951,-0.0002199379881235951,-0.027687682755697336,-0.027687682755697336,-0.027687682755697336,-0.00025471948042712813,-0.00025471948042712813,-0.00025471948042712813,-0.0030376235453767157,-0.0030376235453767157,-0.0030376235453767157,-0.00017049744810279123,-0.00017049744810279123,-0.00017049744810279123,0.7085097262016675,0.7085097262016675,0.7085097262016675,-0.0013612456852770884,-0.0013612456852770884,-0.0013612456852770884,0.0006679275099039012,0.0006679275099039012,0.0006679275099039012,0.0,0.0,0.0,-0.012545354456388606,-0.012545354456388606,-0.012545354456388606,-0.002219608548420072,-0.002219608548420072,-0.002219608548420072,0.0363528690724297,0.0363528690724297,0.0363528690724297,0.0,0.0,0.0,1.3833813801436898
167,2025-05-06 23:00:00,0.808827891112451,1.3725484728252915,1.3768873651963496,0.808827891112451,0.808827891112451,0.0015171533077529627,0.0015171533077529627,0.0015171533077529627,-0.0020004091529495917,-0.0020004091529495917,-0.0020004091529495917,-0.0037922973277493277,-0.0037922973277493277,-0.0037922973277493277,0.7256766884586585,0.7256766884586585,0.7256766884586585,-0.04873363643857947,-0.04873363643857947,-0.04873363643857947,-0.0017800871855695513,-0.0017800871855695513,-0.0017800871855695513,-0.00018085995951799513,-0.00018085995951799513,-0.00018085995951799513,-0.02763286574538756,-0.02763286574538756,-0.02763286574538756,-0.0010733559606732983,-0.0010733559606732983,-0.0010733559606732983,-0.005220405493935079,-0.005220405493935079,-0.005220405493935079,-0.000920572570113416,-0.000920572570113416,-0.000920572570113416,0.6996720795902212,0.6996720795902212,0.6996720795902212,-0.002608858819910744,-0.002608858819910744,-0.002608858819910744,2.6396201731471872e-05,2.6396201731471872e-05,2.6396201731471872e-05,0.0,0.0,0.0,-0.012431608456353712,-0.012431608456353712,-0.012431608456353712,-0.005067473732257343,-0.005067473732257343,-0.005067473732257343,0.035160636026495856,0.035160636026495856,0.035160636026495856,0.0,0.0,0.0,1.3747421837176725
168,2025-05-07 23:00:00,0.8079551648223885,1.3813019481304074,1.3855041550372456,0.8079551648223885,0.8079551648223885,0.0011634471181575252,0.0011634471181575252,0.0011634471181575252,-0.0026857480311733993,-0.0026857480311733993,-0.0026857480311733993,0.0009810394141215937,0.0009810394141215937,0.0009810394141215937,0.7256766884627599,0.7256766884627599,0.7256766884627599,-0.03601323305255453,-0.03601323305255453,-0.03601323305255453,-0.0019864299227515306,-0.0019864299227515306,-0.0019864299227515306,-0.00014181722232992736,-0.00014181722232992736,-0.00014181722232992736,-0.02606204990995571,-0.02606204990995571,-0.02606204990995571,-0.000598426309516409,-0.000598426309516409,-0.000598426309516409,-0.00451236023096178,-0.00451236023096178,-0.00451236023096178,0.0006362353745398929,0.0006362353745398929,0.0006362353745398929,0.7122166415669594,0.7122166415669594,0.7122166415669594,-0.002446305214647636,-0.002446305214647636,-0.002446305214647636,0.000193855670834434,0.000193855670834434,0.000193855670834434,0.0,0.0,0.0,-0.011442087496433365,-0.011442087496433365,-0.011442087496433365,-0.0005546737888715939,-0.0005546737888715939,-0.0005546737888715939,0.033995273653187406,0.033995273653187406,0.033995273653187406,0.0,0.0,0.0,1.3833942788488691
169,2025-05-08 23:00:00,0.807082438532326,1.3919553780110785,1.39660166704247,0.807082438532326,0.807082438532326,0.0007577253101887012,0.0007577253101887012,0.0007577253101887012,-0.0022480304878417607,-0.0022480304878417607,-0.0022480304878417607,0.004734053021090188,0.004734053021090188,0.004734053021090188,0.7256766884668613,0.7256766884668613,0.7256766884668613,-0.01852836076854424,-0.01852836076854424,-0.01852836076854424,-0.002154377615696719,-0.002154377615696719,-0.002154377615696719,-0.00010857165354500799,-0.00010857165354500799,-0.00010857165354500799,-0.02283532960229894,-0.02283532960229894,-0.02283532960229894,0.0007340850896708004,0.0007340850896708004,0.0007340850896708004,-0.003726644538424576,-0.003726644538424576,-0.003726644538424576,0.0011418868276520842,0.0011418868276520842,0.0011418868276520842,0.7276346077265239,0.7276346077265239,0.7276346077265239,0.000619945633862129,0.000619945633862129,0.000619945633862129,0.0004276294246396303,0.0004276294246396303,0.0004276294246396303,0.0,0.0,0.0,-0.012409812370603845,-0.012409812370603845,-0.012409812370603845,0.0041292678221592355,0.0041292678221592355,0.0041292678221592355,0.03289609239881054,0.03289609239881054,0.03289609239881054,0.0,0.0,0.0,1.3943435520967613
170,2025-05-11 23:00:00,0.8044642596621382,1.3892468970482252,1.393580577156903,0.8044642596621382,0.8044642596621382,0.00047203555390296553,0.00047203555390296553,0.00047203555390296553,8.805485637446154e-06,8.805485637446154e-06,8.805485637446154e-06,0.004424340559718125,0.004424340559718125,0.004424340559718125,0.725676688463565,0.725676688463565,0.725676688463565,-0.014947047951562655,-0.014947047951562655,-0.014947047951562655,-0.002245023269992737,-0.002245023269992737,-0.002245023269992737,-7.216249888451456e-05,-7.216249888451456e-05,-7.216249888451456e-05,-0.020078747389768878,-0.020078747389768878,-0.020078747389768878,0.0005668466442253914,0.0005668466442253914,0.0005668466442253914,-0.002173602765344311,-0.002173602765344311,-0.002173602765344311,0.001505385170308911,0.001505385170308911,0.001505385170308911,0.7296439371768745,0.7296439371768745,0.7296439371768745,0.0011148098612690787,0.0011148098612690787,0.0011148098612690787,1.9772015783149886e-05,1.9772015783149886e-05,1.9772015783149886e-05,0.0,0.0,0.0,-0.011437184251628311,-0.011437184251628311,-0.011437184251628311,0.0015104926815827182,0.0015104926815827182,0.0015104926815827182,0.030351480916500435,0.030351480916500435,0.030351480916500435,0.0,0.0,0.0,1.3914367294001002
171,2025-05-12 23:00:00,0.8036099007783185,1.3953074516245887,1.3996952900483566,0.8036099007783185,0.8036099007783185,0.00022785194454637067,0.00022785194454637067,0.00022785194454637067,0.002242886721163753,0.002242886721163753,0.002242886721163753,0.004192464340319355,0.004192464340319355,0.004192464340319355,0.7256766884676664,0.7256766884676664,0.7256766884676664,-0.003882946030229792,-0.003882946030229792,-0.003882946030229792,-0.002233161871996984,-0.002233161871996984,-0.002233161871996984,-3.068960522034065e-05,-3.068960522034065e-05,-3.068960522034065e-05,-0.016755532853915293,-0.016755532853915293,-0.016755532853915293,0.0017099856633114123,0.0017099856633114123,0.0017099856633114123,-6.280059180015284e-05,-6.280059180015284e-05,-6.280059180015284e-05,0.0022771024539973285,0.0022771024539973285,0.0022771024539973285,0.7391021331705044,0.7391021331705044,0.7391021331705044,0.0015932444206310605,0.0015932444206310605,0.0015932444206310605,-0.0004440282376406316,-0.0004440282376406316,-0.0004440282376406316,0.0,0.0,0.0,-0.012545354456405911,-0.012545354456405911,-0.012545354456405911,0.00339973158637433,0.00339973158637433,0.00339973158637433,0.029853745189473695,0.029853745189473695,0.029853745189473695,0.0,0.0,0.0,1.397559692680511
172,2025-05-13 23:00:00,0.8027555418944988,1.3914827698871535,1.3958135251766526,0.8027555418944988,0.8027555418944988,-0.00015203118127933937,-0.00015203118127933937,-0.00015203118127933937,0.002885396906073369,0.002885396906073369,0.002885396906073369,0.0020633906680527048,0.0020633906680527048,0.0020633906680527048,0.7256766884604182,0.7256766884604182,0.7256766884604182,-0.006686234872224088,-0.006686234872224088,-0.006686234872224088,-0.002203457791454524,-0.002203457791454524,-0.002203457791454524,1.4291676736009916e-05,1.4291676736009916e-05,1.4291676736009916e-05,-0.014787491286341978,-0.014787491286341978,-0.014787491286341978,0.001221933815929469,0.001221933815929469,0.001221933815929469,0.0003115392751350244,0.0003115392751350244,0.0003115392751350244,0.0024436293004952417,0.0024436293004952417,0.0024436293004952417,0.7361273715512555,0.7361273715512555,0.7361273715512555,0.0004522715837523675,0.0004522715837523675,0.0004522715837523675,-0.0005675679376763777,-0.0005675679376763777,-0.0005675679376763777,0.0,0.0,0.0,-0.012431608456358921,-0.012431608456358921,-0.012431608456358921,0.0016318600983539439,0.0016318600983539439,0.0016318600983539439,0.029568526419420316,0.029568526419420316,0.029568526419420316,0.0,0.0,0.0,1.3936858689475
173,2025-05-14 23:00:00,0.8019011830106791,1.3965606119419327,1.401057963663457,0.8019011830106791,0.8019011830106791,-0.0004502900502397553,-0.0004502900502397553,-0.0004502900502397553,0.003373985490495099,0.003373985490495099,0.003373985490495099,0.0025807126720884177,0.0025807126720884177,0.0025807126720884177,0.7256766884645197,0.7256766884645197,0.7256766884645197,0.000574275314148534,0.000574275314148534,0.000574275314148534,-0.0021630685793910726,-0.0021630685793910726,-0.0021630685793910726,5.9449731822539674e-05,5.9449731822539674e-05,5.9449731822539674e-05,-0.012203388185830758,-0.012203388185830758,-0.012203388185830758,0.0022856731701664883,0.0022856731701664883,0.0022856731701664883,0.0005333077390671302,0.0005333077390671302,0.0005333077390671302,0.0021607526456230972,0.0021607526456230972,0.0021607526456230972,0.7443182157966989,0.7443182157966989,0.7443182157966989,0.0013237680829195897,0.0013237680829195897,0.0013237680829195897,-0.0005274169158044827,-0.0005274169158044827,-0.0005274169158044827,0.0,0.0,0.0,-0.011442087496439766,-0.011442087496439766,-0.011442087496439766,0.003600789513232242,0.003600789513232242,0.003600789513232242,0.029509339514470406,0.029509339514470406,0.029509339514470406,0.0,0.0,0.0,1.3987708407944501
174,2025-05-15 23:00:00,0.8014388345053832,1.3912513570823097,1.3959225215799191,0.8014388345053832,0.8014388345053832,-0.000774009438026233,-0.000774009438026233,-0.000774009438026233,0.003715322516830846,0.003715322516830846,0.003715322516830846,0.0016104124751419517,0.0016104124751419517,0.0016104124751419517,0.7256766884643701,0.7256766884643701,0.7256766884643701,-0.00396360222677516,-0.00396360222677516,-0.00396360222677516,-0.002164244236401331,-0.002164244236401331,-0.002164244236401331,9.854545881066698e-05,9.854545881066698e-05,9.854545881066698e-05,-0.010525097730628319,-0.010525097730628319,-0.010525097730628319,0.0012576789393853424,0.0012576789393853424,0.0012576789393853424,-0.00033380053826624764,-0.00033380053826624764,-0.00033380053826624764,0.00041165645439538605,0.00041165645439538605,0.00041165645439538605,0.7389864455472187,0.7389864455472187,0.7389864455472187,0.0007535945522241369,0.0007535945522241369,0.0007535945522241369,-0.0005964758315581347,-0.0005964758315581347,-0.0005964758315581347,0.0,0.0,0.0,-0.012409812370555651,-0.012409812370555651,-0.012409812370555651,0.0025828151513167747,0.0025828151513167747,0.0025828151513167747,0.029683171680179476,0.029683171680179476,0.029683171680179476,0.0,0.0,0.0,1.3936912701400221
175,2025-05-18 23:00:00,0.8000517889894956,1.393636918242294,1.3980462670263942,0.8000517889894956,0.8000517889894956,-0.0010281423228504201,-0.0010281423228504201,-0.0010281423228504201,0.004426112872638998,0.004426112872638998,0.004426112872638998,0.001081905087962107,0.001081905087962107,0.001081905087962107,0.7256766884653246,0.7256766884653246,0.7256766884653246,-0.0010190648545105219,-0.0010190648545105219,-0.0010190648545105219,-0.002116748668329733,-0.002116748668329733,-0.002116748668329733,0.00013265698416891036,0.00013265698416891036,0.00013265698416891036,-0.009152476708914111,-0.009152476708914111,-0.009152476708914111,0.0015376486011159226,0.0015376486011159226,0.0015376486011159226,0.0006844559619326017,0.0006844559619326017,0.0006844559619326017,0.0003874365906772502,0.0003874365906772502,0.0003874365906772502,0.7447921879301557,0.7447921879301557,0.7447921879301557,0.001443853299002223,0.001443853299002223,0.001443853299002223,-0.0009105876478103693,-0.0009105876478103693,-0.0009105876478103693,0.0,0.0,0.0,-0.011437184251542533,-0.011437184251542533,-0.011437184251542533,0.0024948210958960983,0.0024948210958960983,0.0024948210958960983,0.03157174857088402,0.03157174857088402,0.03157174857088402,0.0,0.0,0.0,1.3959241113684173
176,2025-05-19 23:00:00,0.7995894404841997,1.3937207599334376,1.3981721897601098,0.7995894404841997,0.7995894404841997,-0.001263146775495058,-0.001263146775495058,-0.001263146775495058,0.004664367425498355,0.004664367425498355,0.004664367425498355,0.0008866421666302713,0.0008866421666302713,0.0008866421666302713,0.7256766884694262,0.7256766884694262,0.7256766884694262,6.645688870911574e-05,6.645688870911574e-05,6.645688870911574e-05,-0.0020540689018373084,-0.0020540689018373084,-0.0020540689018373084,0.00016219094930522006,0.00016219094930522006,0.00016219094930522006,-0.007912985494463958,-0.007912985494463958,-0.007912985494463958,0.0015967415596560783,0.0015967415596560783,0.0015967415596560783,0.001004587912678011,0.001004587912678011,0.001004587912678011,-0.00030647965139056753,-0.00030647965139056753,-0.00030647965139056753,0.7458116117046873,0.7458116117046873,0.7458116117046873,0.0015572700994759055,0.0015572700994759055,0.0015572700994759055,-0.0009436166175063483,-0.0009436166175063483,-0.0009436166175063483,0.0,0.0,0.0,-0.012545354456423219,-0.012545354456423219,-0.012545354456423219,0.002674954216158515,0.002674954216158515,0.002674954216158515,0.032613820802975216,0.032613820802975216,0.032613820802975216,0.0,0.0,0.0,1.3959325297937697
177,2025-05-20 23:00:00,0.7991270919789037,1.3901493713581243,1.3946089862719449,0.7991270919789037,0.7991270919789037,-0.0012071418604443413,-0.0012071418604443413,-0.0012071418604443413,0.004124923757025831,0.004124923757025831,0.004124923757025831,-0.0008672588237918259,-0.0008672588237918259,-0.0008672588237918259,0.7256766884621779,0.7256766884621779,0.7256766884621779,-0.004730662849704135,-0.004730662849704135,-0.004730662849704135,-0.002022268263433097,-0.002022268263433097,-0.002022268263433097,0.00020292145903116443,0.00020292145903116443,0.00020292145903116443,-0.007781171137491949,-0.007781171137491949,-0.007781171137491949,0.0016650034170762374,0.0016650034170762374,0.0016650034170762374,0.0003566506737261662,0.0003566506737261662,0.0003566506737261662,-0.00038895515696807566,-0.00038895515696807566,-0.00038895515696807566,0.7423399474225073,0.7423399474225073,0.7423399474225073,0.001359016913376311,0.001359016913376311,0.001359016913376311,-0.0008532888732016698,-0.0008532888732016698,-0.0008532888732016698,0.0,0.0,0.0,-0.01243160845634601,-0.01243160845634601,-0.01243160845634601,0.0006809050453911147,0.0006809050453911147,0.0006809050453911147,0.033825530266379515,0.033825530266379515,0.033825530266379515,0.0,0.0,0.0,1.3923510554224243
178,2025-05-21 23:00:00,0.7986647434736078,1.3841236598588684,1.3887086943605185,0.7986647434736078,0.7986647434736078,-0.001155137296468675,-0.001155137296468675,-0.001155137296468675,0.00401113411022096,0.00401113411022096,0.00401113411022096,-0.0014235876079803948,-0.0014235876079803948,-0.0014235876079803948,0.7256766884662795,0.7256766884662795,0.7256766884662795,-0.013464912313737532,-0.013464912313737532,-0.013464912313737532,-0.002029068058800407,-0.002029068058800407,-0.002029068058800407,0.0002531255547388669,0.0002531255547388669,0.0002531255547388669,-0.008535875217864858,-0.008535875217864858,-0.008535875217864858,0.00023475846340341604,0.00023475846340341604,0.00023475846340341604,-0.0004515074406080231,-0.0004515074406080231,-0.0004515074406080231,-0.0018278244493630863,-0.0018278244493630863,-0.0018278244493630863,0.7359468825912412,0.7359468825912412,0.7359468825912412,-0.00022987331667146532,-0.00022987331667146532,-0.00022987331667146532,-0.0007936455765403937,-0.0007936455765403937,-0.0007936455765403937,0.0,0.0,0.0,-0.011442087496447064,-0.011442087496447064,-0.011442087496447064,-0.001517411477803471,-0.001517411477803471,-0.001517411477803471,0.03517719393514644,0.03517719393514644,0.03517719393514644,0.0,0.0,0.0,1.386439571668543
179,2025-05-22 23:00:00,0.7982023949683119,1.3817079698384938,1.3864563073084326,0.7982023949683119,0.7982023949683119,-0.0009050279043306154,-0.0009050279043306154,-0.0009050279043306154,0.0031075827204204917,0.0031075827204204917,0.0031075827204204917,-0.002616103124917032,-0.002616103124917032,-0.002616103124917032,0.7256766884661298,0.7256766884661298,0.7256766884661298,-0.01594138783865664,-0.01594138783865664,-0.01594138783865664,-0.002029068058800407,-0.002029068058800407,-0.002029068058800407,0.000303886412063361,0.000303886412063361,0.000303886412063361,-0.009105453813288332,-0.009105453813288332,-0.009105453813288332,-0.0009282890946071308,-0.0009282890946071308,-0.0009282890946071308,-0.00030937183313622463,-0.00030937183313622463,-0.00030937183313622463,-0.0015061779128529155,-0.0015061779128529155,-0.0015061779128529155,0.7339606997426914,0.7339606997426914,0.7339606997426914,0.00012347971374043808,0.00012347971374043808,0.00012347971374043808,-0.0008016334660341231,-0.0008016334660341231,-0.0008016334660341231,0.0,0.0,0.0,-0.01240981237054694,-0.01240981237054694,-0.01240981237054694,-0.001275211476914146,-0.001275211476914146,-0.001275211476914146,0.036635211485765255,0.036635211485765255,0.036635211485765255,0.0,0.0,0.0,1.3840515833155465
180,2025-05-25 23:00:00,0.7968153494524244,1.3724131560952864,1.3767670336997082,0.7968153494524244,0.7968153494524244,-0.0005599135508790569,-0.0005599135508790569,-0.0005599135508790569,0.0016806564006594628,0.0016806564006594628,0.0016806564006594628,-0.004737778632929483,-0.004737778632929483,-0.004737778632929483,0.7256766884670844,0.7256766884670844,0.7256766884670844,-0.030417813977573236,-0.030417813977573236,-0.030417813977573236,-0.002097371354185403,-0.002097371354185403,-0.002097371354185403,0.0003590746040533955,0.0003590746040533955,0.0003590746040533955,-0.011772689273996722,-0.011772689273996722,-0.011772689273996722,-0.002428416990619717,-0.002428416990619717,-0.002428416990619717,-0.0017374502087981465,-0.0017374502087981465,-0.0017374502087981465,-0.003299626871581879,-0.003299626871581879,-0.003299626871581879,0.725097604599337,0.725097604599337,0.725097604599337,-0.0015354111045824603,-0.0015354111045824603,-0.0015354111045824603,-0.0003937590956098885,-0.0003937590956098885,-0.0003937590956098885,0.0,0.0,0.0,-0.011437184251530997,-0.011437184251530997,-0.011437184251530997,-0.0038951278991033356,-0.0038951278991033356,-0.0038951278991033356,0.04127591436135668,0.04127591436135668,0.04127591436135668,0.0,0.0,0.0,1.374584250648361
181,2025-05-26 23:00:00,0.7963530009471285,1.3712668186388624,1.3755684709961729,0.7963530009471285,0.7963530009471285,-0.0003976211264866954,-0.0003976211264866954,-0.0003976211264866954,0.0017381974841509235,0.0017381974841509235,0.0017381974841509235,-0.0038982064923506433,-0.0038982064923506433,-0.0038982064923506433,0.7256766884598362,0.7256766884598362,0.7256766884598362,-0.031115186197046077,-0.031115186197046077,-0.031115186197046077,-0.0021455830430382673,-0.0021455830430382673,-0.0021455830430382673,0.00042005122060285197,0.00042005122060285197,0.00042005122060285197,-0.013777126865171414,-0.013777126865171414,-0.013777126865171414,-0.003061182721820544,-0.003061182721820544,-0.003061182721820544,-0.0013203432954062874,-0.0013203432954062874,-0.0013203432954062874,-0.003384718614325859,-0.003384718614325859,-0.003384718614325859,0.724800921090395,0.724800921090395,0.724800921090395,-0.0009205845218180129,-0.0009205845218180129,-0.0009205845218180129,-0.00042754044390288116,-0.00042754044390288116,-0.00042754044390288116,0.0,0.0,0.0,-0.012545354456420844,-0.012545354456420844,-0.012545354456420844,-0.003940527777479247,-0.003940527777479247,-0.003940527777479247,0.04278477328402562,0.04278477328402562,0.04278477328402562,0.0,0.0,0.0,1.3735503895467074
182,2025-05-27 23:00:00,0.7958906524418325,1.3778952790628736,1.3823912235899547,0.7958906524418325,0.7958906524418325,-0.0004679496906267271,-0.0004679496906267271,-0.0004679496906267271,0.000992604825765184,0.000992604825765184,0.000992604825765184,-0.0020348208971443147,-0.0020348208971443147,-0.0020348208971443147,0.7256766884596866,0.7256766884596866,0.7256766884596866,-0.02323476421332884,-0.02323476421332884,-0.02323476421332884,-0.0021541722261620116,-0.0021541722261620116,-0.0021541722261620116,0.000469468791763534,0.000469468791763534,0.000469468791763534,-0.013798395817718594,-0.013798395817718594,-0.013798395817718594,-0.0016195135417327636,-0.0016195135417327636,-0.0016195135417327636,-0.0004895250593298506,-0.0004895250593298506,-0.0004895250593298506,-0.0015503462004974738,-0.0015503462004974738,-0.0015503462004974738,0.734224565942859,0.734224565942859,0.734224565942859,-0.0007830713532130821,-0.0007830713532130821,-0.0007830713532130821,-0.00026351103685158105,-0.00026351103685158105,-0.00026351103685158105,0.0,0.0,0.0,-0.012431608456369349,-0.012431608456369349,-0.012431608456369349,-0.0015355320075811588,-0.0015355320075811588,-0.0015355320075811588,0.04421425015287056,0.04421425015287056,0.04421425015287056,0.0,0.0,0.0,1.380253121268916
183,2025-05-28 23:00:00,0.7954283039365366,1.3823031646685222,1.3868314327238427,0.7954283039365366,0.7954283039365366,-0.0005896092223006749,-0.0005896092223006749,-0.0005896092223006749,0.0009993067822451442,0.0009993067822451442,0.0009993067822451442,-0.0015258404085315147,-0.0015258404085315147,-0.0015258404085315147,0.7256766884637881,0.7256766884637881,0.7256766884637881,-0.01917856871196405,-0.01917856871196405,-0.01917856871196405,-0.0021227299528806857,-0.0021227299528806857,-0.0021227299528806857,0.0005087058951167858,0.0005087058951167858,0.0005087058951167858,-0.01289659418138599,-0.01289659418138599,-0.01289659418138599,-0.0016876789369961623,-0.0016876789369961623,-0.0016876789369961623,0.0003518910500286201,0.0003518910500286201,0.0003518910500286201,-0.00019302646115411344,-0.00019302646115411344,-0.00019302646115411344,0.7405888637670747,0.7405888637670747,0.7405888637670747,-0.0015592523127212926,-0.0015592523127212926,-0.0015592523127212926,-0.00026033798283816494,-0.00026033798283816494,-0.00026033798283816494,0.0,0.0,0.0,-0.01144208749645436,-0.01144208749645436,-0.01144208749645436,-0.00020340298054600072,-0.00020340298054600072,-0.00020340298054600072,0.045532831511705174,0.045532831511705174,0.045532831511705174,0.0,0.0,0.0,1.3845136477570674
184,2025-05-29 23:00:00,0.7949659554312408,1.3777947023540176,1.3821816677090741,0.7949659554312408,0.7949659554312408,-0.0006087155640249322,-0.0006087155640249322,-0.0006087155640249322,0.0007476483164258621,0.0007476483164258621,0.0007476483164258621,-0.0021188008323353956,-0.0021188008323353956,-0.0021188008323353956,0.7256766884678896,0.7256766884678896,0.7256766884678896,-0.024098502927155,-0.024098502927155,-0.024098502927155,-0.0021435888752116294,-0.0021435888752116294,-0.0021435888752116294,0.0005523438909093342,0.0005523438909093342,0.0005523438909093342,-0.012930635488150207,-0.012930635488150207,-0.012930635488150207,-0.0019529762607956814,-0.0019529762607956814,-0.0019529762607956814,-0.000746253419599342,-0.000746253419599342,-0.000746253419599342,-0.0008410143393946098,-0.0008410143393946098,-0.0008410143393946098,0.7358823544802617,0.7358823544802617,0.7358823544802617,-0.0020925607805035136,-0.0020925607805035136,-0.0020925607805035136,-0.0002890495998283344,-0.0002890495998283344,-0.0002890495998283344,0.0,0.0,0.0,-0.01240981237065044,-0.01240981237065044,-0.01240981237065044,-0.0016748999746465456,-0.0016748999746465456,-0.0016748999746465456,0.046713981310177594,0.046713981310177594,0.046713981310177594,0.0,0.0,0.0,1.379967374445633
185,2025-06-01 23:00:00,0.7935789099153531,1.3716086854054257,1.3761109778630862,0.7935789099153531,0.7935789099153531,-0.0004884012091580646,-0.0004884012091580646,-0.0004884012091580646,-0.00021344415686632955,-0.00021344415686632955,-0.00021344415686632955,-0.0034066407405667428,-0.0034066407405667428,-0.0034066407405667428,0.7256766884688443,0.7256766884688443,0.7256766884688443,-0.03224951871998484,-0.03224951871998484,-0.03224951871998484,-0.002192720855451483,-0.002192720855451483,-0.002192720855451483,0.000604730787127909,0.000604730787127909,0.000604730787127909,-0.014347499893585658,-0.014347499893585658,-0.014347499893585658,-0.0029164295990250565,-0.0029164295990250565,-0.0029164295990250565,-0.0013402226544878286,-0.0013402226544878286,-0.0013402226544878286,-0.00021431000765349944,-0.00021431000765349944,-0.00021431000765349944,0.7312567765296647,0.7312567765296647,0.7312567765296647,-0.0037202440808490364,-0.0037202440808490364,-0.0037202440808490364,-0.00014818947157678192,-0.00014818947157678192,-0.00014818947157678192,0.0,0.0,0.0,-0.011437184251561806,-0.011437184251561806,-0.011437184251561806,-0.0038661468378922707,-0.0038661468378922707,-0.0038661468378922707,0.0492667910323671,0.0492667910323671,0.0492667910323671,0.0,0.0,0.0,1.3738888655019794
186,2025-06-02 23:00:00,0.7931165614100572,1.3695066187115998,1.374150771794885,0.7931165614100572,0.7931165614100572,-0.0004248578342979125,-0.0004248578342979125,-0.0004248578342979125,0.0002202522125774911,0.0002202522125774911,0.0002202522125774911,-0.0028382073672428947,-0.0028382073672428947,-0.0028382073672428947,0.7256766884615959,0.7256766884615959,0.7256766884615959,-0.033364071710919686,-0.033364071710919686,-0.033364071710919686,-0.0022495723129811337,-0.0022495723129811337,-0.0022495723129811337,0.0006588144104231516,0.0006588144104231516,0.0006588144104231516,-0.015611698876524837,-0.015611698876524837,-0.015611698876524837,-0.003161871886336184,-0.003161871886336184,-0.003161871886336184,-0.0015022215762477834,-0.0015022215762477834,-0.0015022215762477834,-0.00043068589931630593,-0.00043068589931630593,-0.00043068589931630593,0.7295394496034298,0.7295394496034298,0.7295394496034298,-0.0035086489969763063,-0.0035086489969763063,-0.0035086489969763063,-0.00014593439660315132,-0.00014593439660315132,-0.00014593439660315132,0.0,0.0,0.0,-0.012545354456438146,-0.012545354456438146,-0.012545354456438146,-0.004369439187393821,-0.004369439187393821,-0.004369439187393821,0.049772187309191675,0.049772187309191675,0.049772187309191675,0.0,0.0,0.0,1.371726381092515
187,2025-06-03 23:00:00,0.7926542129047612,1.3680949762554406,1.372842142650668,0.7926542129047612,0.7926542129047612,-0.0002900546107822315,-0.0002900546107822315,-0.0002900546107822315,5.694787301803441e-05,5.694787301803441e-05,5.694787301803441e-05,-0.002858199561120874,-0.002858199561120874,-0.002858199561120874,0.7256766884614463,0.7256766884614463,0.7256766884614463,-0.03442771029431765,-0.03442771029431765,-0.03442771029431765,-0.0022773846157320677,-0.0022773846157320677,-0.0022773846157320677,0.0007134017001876037,0.0007134017001876037,0.0007134017001876037,-0.016364482839699258,-0.016364482839699258,-0.016364482839699258,-0.0025245078981433193,-0.0025245078981433193,-0.0025245078981433193,-0.0008951508479097437,-0.0008951508479097437,-0.0008951508479097437,-0.0014955360642426023,-0.0014955360642426023,-0.0014955360642426023,0.7289371607800538,0.7289371607800538,0.7289371607800538,-0.004403355216550317,-0.004403355216550317,-0.004403355216550317,-0.00020459992824034667,-0.00020459992824034667,-0.00020459992824034667,0.0,0.0,0.0,-0.012431608456350449,-0.012431608456350449,-0.012431608456350449,-0.0038847882851025233,-0.0038847882851025233,-0.0038847882851025233,0.050119791069275485,0.050119791069275485,0.050119791069275485,0.0,0.0,0.0,1.3704493243399063
188,2025-06-04 23:00:00,0.7921918643994655,1.3659554477344786,1.3704490159880356,0.7921918643994655,0.7921918643994655,-0.00011314301536107,-0.00011314301536107,-0.00011314301536107,0.0009738712616998328,0.0009738712616998328,0.0009738712616998328,-0.0031830072051970003,-0.0031830072051970003,-0.0031830072051970003,0.7256766884655478,0.7256766884655478,0.7256766884655478,-0.03735646005636547,-0.03735646005636547,-0.03735646005636547,-0.0023566802127433727,-0.0023566802127433727,-0.0023566802127433727,0.0007696945662199821,0.0007696945662199821,0.0007696945662199821,-0.01747425605846892,-0.01747425605846892,-0.01747425605846892,-0.0023751555461264083,-0.0023751555461264083,-0.0023751555461264083,-0.0019716622737191063,-0.0019716622737191063,-0.0019716622737191063,-0.002663019019301643,-0.002663019019301643,-0.002663019019301643,0.7272113023236038,0.7272113023236038,0.7272113023236038,-0.004485606756278035,-0.004485606756278035,-0.004485606756278035,-0.00030990814552835777,-0.00030990814552835777,-0.00030990814552835777,0.0,0.0,0.0,-0.011442087496461657,-0.011442087496461657,-0.011442087496461657,-0.0041675876515613695,-0.0041675876515613695,-0.0041675876515613695,0.05033316141088312,0.05033316141088312,0.05033316141088312,0.0,0.0,0.0,1.3682827417995647
189,2025-06-05 23:00:00,0.7917295158941696,1.3638673752120674,1.368199777797135,0.7917295158941696,0.7917295158941696,-2.732984337233029e-05,-2.732984337233029e-05,-2.732984337233029e-05,0.001802456481161374,0.001802456481161374,0.001802456481161374,-0.002621640199080476,-0.002621640199080476,-0.002621640199080476,0.7256766884696493,0.7256766884696493,0.7256766884696493,-0.038329921148154734,-0.038329921148154734,-0.038329921148154734,-0.002488481785437196,-0.002488481785437196,-0.002488481785437196,0.000823274417698473,0.000823274417698473,0.000823274417698473,-0.018403145430212747,-0.018403145430212747,-0.018403145430212747,-0.002495893160565505,-0.002495893160565505,-0.002495893160565505,-0.0030544383457395937,-0.0030544383457395937,-0.0030544383457395937,-0.0021677865581097733,-0.0021677865581097733,-0.0021677865581097733,0.7253827454773776,0.7253827454773776,0.7253827454773776,-0.004555639870189434,-0.004555639870189434,-0.004555639870189434,-0.000598202616303568,-0.000598202616303568,-0.000598202616303568,0.0,0.0,0.0,-0.012409812370641727,-0.012409812370641727,-0.012409812370641727,-0.004543094238003955,-0.004543094238003955,-0.004543094238003955,0.050445790526524856,0.050445790526524856,0.050445790526524856,0.0,0.0,0.0,1.3660364458089573
190,2025-06-08 23:00:00,0.7903424703782819,1.3673203852276592,1.371747626419837,0.7903424703782819,0.7903424703782819,4.104259894057809e-05,4.104259894057809e-05,4.104259894057809e-05,0.002473082969208179,0.002473082969208179,0.002473082969208179,-0.0021436593506648158,-0.0021436593506648158,-0.0021436593506648158,0.7256766884663528,0.7256766884663528,0.7256766884663528,-0.03203080828458927,-0.03203080828458927,-0.03203080828458927,-0.0026078088388535483,-0.0026078088388535483,-0.0026078088388535483,0.0008766863452380336,0.0008766863452380336,0.0008766863452380336,-0.018487807152279847,-0.018487807152279847,-0.018487807152279847,-0.0006880796135275073,-0.0006880796135275073,-0.0006880796135275073,-0.0027947173572090856,-0.0027947173572090856,-0.0027947173572090856,-0.0005921982070448753,-0.0005921982070448753,-0.0005921982070448753,0.7328662313875648,0.7328662313875648,0.7328662313875648,-0.0041386579938929675,-0.0041386579938929675,-0.0041386579938929675,-0.0005625500868132306,-0.0005625500868132306,-0.0005625500868132306,0.0,0.0,0.0,-0.011437184251592613,-0.011437184251592613,-0.011437184251592613,-0.003406141597690176,-0.003406141597690176,-0.003406141597690176,0.050657535457393744,0.050657535457393744,0.050657535457393744,0.0,0.0,0.0,1.3695577781499513
191,2025-06-09 23:00:00,0.789880121872986,1.3675233857545381,1.3717622753042276,0.789880121872986,0.789880121872986,1.952840884887789e-05,1.952840884887789e-05,1.952840884887789e-05,0.002884024600698834,0.002884024600698834,0.002884024600698834,-0.0017507812685263163,-0.0017507812685263163,-0.0017507812685263163,0.7256766884591046,0.7256766884591046,0.7256766884591046,-0.029997574408137107,-0.029997574408137107,-0.029997574408137107,-0.0027485579597939557,-0.0027485579597939557,-0.0027485579597939557,0.00093046951742047,0.00093046951742047,0.00093046951742047,-0.01820744196316971,-0.01820744196316971,-0.01820744196316971,-0.000565526161962184,-0.000565526161962184,-0.000565526161962184,-0.003230365413243544,-0.003230365413243544,-0.003230365413243544,-0.00022693375176634751,-0.00022693375176634751,-0.00022693375176634751,0.7340227843290211,0.7340227843290211,0.7340227843290211,-0.0035871442361227433,-0.0035871442361227433,-0.0035871442361227433,-0.0006680159614757154,-0.0006680159614757154,-0.0006680159614757154,0.0,0.0,0.0,-0.012545354456388338,-0.012545354456388338,-0.012545354456388338,-0.002846830219044775,-0.002846830219044775,-0.002846830219044775,0.05088902473444199,0.05088902473444199,0.05088902473444199,0.0,0.0,0.0,1.3696701282163417
192,2025-06-10 23:00:00,0.7894177733676901,1.3644138739081841,1.3688825094569854,0.7894177733676901,0.7894177733676901,4.32605181404989e-05,4.32605181404989e-05,4.32605181404989e-05,0.003207968454265439,0.003207968454265439,0.003207968454265439,-0.0024600150474881587,-0.0024600150474881587,-0.0024600150474881587,0.725676688463206,0.725676688463206,0.725676688463206,-0.033346616263363445,-0.033346616263363445,-0.033346616263363445,-0.002883376381736498,-0.002883376381736498,-0.002883376381736498,0.0009870982313306797,0.0009870982313306797,0.0009870982313306797,-0.018385741149052826,-0.018385741149052826,-0.018385741149052826,-0.0018806315436770689,-0.0018806315436770689,-0.0018806315436770689,-0.0031157593654682542,-0.0031157593654682542,-0.0031157593654682542,-0.0007632531948265282,-0.0007632531948265282,-0.0007632531948265282,0.7312193732800029,0.7312193732800029,0.7312193732800029,-0.003423785760226688,-0.003423785760226688,-0.003423785760226688,-0.0006835733957845274,-0.0006835733957845274,-0.0006835733957845274,0.0,0.0,0.0,-0.012431608456355662,-0.012431608456355662,-0.012431608456355662,-0.003988807628839508,-0.003988807628839508,-0.003988807628839508,0.05132090953651589,0.05132090953651589,0.05132090953651589,0.0,0.0,0.0,1.3666553428657078
193,2025-06-11 23:00:00,0.7889554248623942,1.3646908379304403,1.3691486652835774,0.7889554248623942,0.7889554248623942,0.00015826345473693622,0.00015826345473693622,0.00015826345473693622,0.003284259058861276,0.003284259058861276,0.003284259058861276,-0.002983636724151739,-0.002983636724151739,-0.002983636724151739,0.7256766884673076,0.7256766884673076,0.7256766884673076,-0.03360727481088243,-0.03360727481088243,-0.03360727481088243,-0.0030435527929098412,-0.0030435527929098412,-0.0030435527929098412,0.0010511678509206456,0.0010511678509206456,0.0010511678509206456,-0.018387653937078273,-0.018387653937078273,-0.018387653937078273,-0.002423133198655816,-0.002423133198655816,-0.002423133198655816,-0.003632402426845114,-0.003632402426845114,-0.003632402426845114,-0.00025200465037909006,-0.00025200465037909006,-0.00025200465037909006,0.7326609403082068,0.7326609403082068,0.7326609403082068,-0.0034218913835753,-0.0034218913835753,-0.0034218913835753,-0.0007987457169883169,-0.0007987457169883169,-0.0007987457169883169,0.0,0.0,0.0,-0.011442087496468061,-0.011442087496468061,-0.011442087496468061,-0.0031579443448177995,-0.0031579443448177995,-0.0031579443448177995,0.05203361414824976,0.05203361414824976,0.05203361414824976,0.0,0.0,0.0,1.366992248303337
194,2025-06-12 23:00:00,0.7884930763570984,1.3597440990026632,1.3648059050366803,0.7878232053534289,0.7890763621901722,0.0003381223761897452,0.0003381223761897452,0.0003381223761897452,0.0028371587764575296,0.0028371587764575296,0.0028371587764575296,-0.0038345448835680838,-0.0038345448835680838,-0.0038345448835680838,0.7256766884600593,0.7256766884600593,0.7256766884600593,-0.03857626138760028,-0.03857626138760028,-0.03857626138760028,-0.0032266846842758344,-0.0032266846842758344,-0.0032266846842758344,0.0011126392847480727,0.0011126392847480727,0.0011126392847480727,-0.019520813167491515,-0.019520813167491515,-0.019520813167491515,-0.002730097884354791,-0.002730097884354791,-0.002730097884354791,-0.0041152541071016666,-0.0041152541071016666,-0.0041152541071016666,-0.0011282353034988994,-0.0011282353034988994,-0.0011282353034988994,0.7278016964750543,0.7278016964750543,0.7278016964750543,-0.002876902831826306,-0.002876902831826306,-0.002876902831826306,-0.000708801421342815,-0.000708801421342815,-0.000708801421342815,0.0,0.0,0.0,-0.012409812370593538,-0.012409812370593538,-0.012409812370593538,-0.004722847541535718,-0.004722847541535718,-0.004722847541535718,0.05311108177318882,0.05311108177318882,0.05311108177318882,0.0,0.0,0.0,1.3623596749886293
195,2025-06-15 23:00:00,0.7871060308412108,1.3608465076454237,1.3690412994410193,0.7850852784901816,0.7889513813172501,0.0005695766399424478,0.0005695766399424478,0.0005695766399424478,0.0026818808276346754,0.0026818808276346754,0.0026818808276346754,-0.00412238122592941,-0.00412238122592941,-0.00412238122592941,0.7256766884681125,0.7256766884681125,0.7256766884681125,-0.03920883112168787,-0.03920883112168787,-0.03920883112168787,-0.003415133543893562,-0.003415133543893562,-0.003415133543893562,0.001168534569258824,0.001168534569258824,0.001168534569258824,-0.020446611059376885,-0.020446611059376885,-0.020446611059376885,-0.0018978262940354568,-0.0018978262940354568,-0.0018978262940354568,-0.004226341950496889,-0.004226341950496889,-0.004226341950496889,-0.0016867851254861032,-0.0016867851254861032,-0.0016867851254861032,0.7344177729744197,0.7344177729744197,0.7344177729744197,-0.003004560682824371,-0.003004560682824371,-0.003004560682824371,-0.0007160661780310313,-0.0007160661780310313,-0.0007160661780310313,0.0,0.0,0.0,-0.011437184251623421,-0.011437184251623421,-0.011437184251623421,-0.0041131170984501034,-0.0041131170984501034,-0.0041131170984501034,0.05938709987961824,0.05938709987961824,0.05938709987961824,0.0,0.0,0.0,1.3651706891063478
196,2025-06-16 23:00:00,0.7866436823359149,1.356591196457939,1.3702372990123965,0.782889043724987,0.7901296107219067,0.0007844984562842431,0.0007844984562842431,0.0007844984562842431,0.002744799433349185,0.002744799433349185,0.002744799433349185,-0.0036970799965561573,-0.0036970799965561573,-0.0036970799965561573,0.7256766884608644,0.7256766884608644,0.7256766884608644,-0.04209278296162857,-0.04209278296162857,-0.04209278296162857,-0.003610637564501891,-0.003610637564501891,-0.003610637564501891,0.0012132949374762047,0.0012132949374762047,0.0012132949374762047,-0.02114220333784456,-0.02114220333784456,-0.02114220333784456,-0.0018238804207616052,-0.0018238804207616052,-0.0018238804207616052,-0.004371733810247019,-0.004371733810247019,-0.004371733810247019,-0.0019596686099738127,-0.0019596686099738127,-0.0019596686099738127,0.7338091178193749,0.7338091178193749,0.7338091178193749,-0.0050697525294979935,-0.0050697525294979935,-0.0050697525294979935,-0.0007303433664916252,-0.0007303433664916252,-0.0007303433664916252,0.0,0.0,0.0,-0.012545354456405644,-0.012545354456405644,-0.012545354456405644,-0.0044300761528635385,-0.0044300761528635385,-0.0044300761528635385,0.06277056677654459,0.06277056677654459,0.06277056677654459,0.0,0.0,0.0,1.363889988909017
197,2025-06-17 23:00:00,0.786181333830619,1.368714615217297,1.3893848176132892,0.7799687741045188,0.7915908938102988,0.0005897504620326533,0.0005897504620326533,0.0005897504620326533,0.0029763679867681496,0.0029763679867681496,0.0029763679867681496,-0.00041567048406894084,-0.00041567048406894084,-0.00041567048406894084,0.7256766884649659,0.7256766884649659,0.7256766884649659,-0.02554401145408632,-0.02554401145408632,-0.02554401145408632,-0.003726028086747015,-0.003726028086747015,-0.003726028086747015,0.0012625622830804836,0.0012625622830804836,0.0012625622830804836,-0.019388865482756406,-0.019388865482756406,-0.019388865482756406,-0.000496601397861851,-0.000496601397861851,-0.000496601397861851,-0.0027152671575884127,-0.0027152671575884127,-0.0027152671575884127,0.0001904445180614512,0.0001904445180614512,0.0001904445180614512,0.7546283992768124,0.7546283992768124,0.7546283992768124,-0.003248528337003439,-0.003248528337003439,-0.003248528337003439,-0.00029434402459769106,-0.00029434402459769106,-0.00029434402459769106,0.0,0.0,0.0,-0.012431608456342749,-0.012431608456342749,-0.012431608456342749,-0.0002778317334053009,-0.0002778317334053009,-0.0002778317334053009,0.06692733072227555,0.06692733072227555,0.06692733072227555,0.0,0.0,0.0,1.3794560953205282
198,2025-06-18 23:00:00,0.785718985325323,1.3750999719721482,1.4038368508652814,0.777192131163713,0.7933326066201974,0.00024056099649046248,0.00024056099649046248,0.00024056099649046248,0.0030152074202728476,0.0030152074202728476,0.0030152074202728476,0.0016737783238310374,0.0016737783238310374,0.0016737783238310374,0.7256766884648161,0.7256766884648161,0.7256766884648161,-0.016852184649341226,-0.016852184649341226,-0.016852184649341226,-0.0038102828963516733,-0.0038102828963516733,-0.0038102828963516733,0.0013104420965646666,0.0013104420965646666,0.0013104420965646666,-0.017580038114845088,-0.017580038114845088,-0.017580038114845088,0.00011542205722404668,0.00011542205722404668,0.00011542205722404668,-0.002072233674711441,-0.002072233674711441,-0.002072233674711441,0.0004218588477066159,0.0004218588477066159,0.0004218588477066159,0.7693057341377959,0.7693057341377959,0.7693057341377959,-0.0024247831663665805,-0.0024247831663665805,-0.0024247831663665805,-0.0003210746217166829,-0.0003210746217166829,-0.0003210746217166829,0.0,0.0,0.0,-0.011442087496476256,-0.011442087496476256,-0.011442087496476256,0.0025789580825605614,0.0025789580825605614,0.0025789580825605614,0.0719233178187972,0.0719233178187972,0.0719233178187972,0.0,0.0,0.0,1.3901771061570247
199,2025-06-19 23:00:00,0.7852566368200271,1.3773061987101298,1.4141983631645063,0.7740287067243983,0.7957387447914289,-6.196728176731266e-05,-6.196728176731266e-05,-6.196728176731266e-05,0.0036992218642400137,0.0036992218642400137,0.0036992218642400137,0.0015538355344363614,0.0015538355344363614,0.0015538355344363614,0.7256766884575679,0.7256766884575679,0.7256766884575679,-0.012524571126620167,-0.012524571126620167,-0.012524571126620167,-0.0038933620489460734,-0.0038933620489460734,-0.0038933620489460734,0.0013597094421689555,0.0013597094421689555,0.0013597094421689555,-0.01599425279199271,-0.01599425279199271,-0.01599425279199271,0.0002667923512650748,0.0002667923512650748,0.0002667923512650748,-0.002047986667986986,-0.002047986667986986,-0.002047986667986986,0.0014892817433042951,0.0014892817433042951,0.0014892817433042951,0.7785570916518575,0.7785570916518575,0.7785570916518575,-0.0011283038380095957,-0.0011283038380095957,-0.0011283038380095957,-0.0003202711961802772,-0.0003202711961802772,-0.0003202711961802772,0.0,0.0,0.0,-0.012409812370697038,-0.012409812370697038,-0.012409812370697038,0.0025527317628480923,0.0025527317628480923,0.0025527317628480923,0.07781478669160671,0.07781478669160671,0.07781478669160671,0.0,0.0,0.0,1.3966237601829463
200,2025-06-22 23:00:00,0.7838695913041396,1.3955576549107138,1.4437456180437092,0.7702702990542086,0.7972030164050105,-0.00035701890429412663,-0.00035701890429412663,-0.00035701890429412663,0.004638899990874981,0.004638899990874981,0.004638899990874981,0.0032816382703396677,0.0032816382703396677,0.0032816382703396677,0.7256766884698724,0.7256766884698724,0.7256766884698724,-0.003916880387942528,-0.003916880387942528,-0.003916880387942528,-0.003892288781970929,-0.003892288781970929,-0.003892288781970929,0.0013917001113551478,0.0013917001113551478,0.0013917001113551478,-0.01375687212191107,-0.01375687212191107,-0.01375687212191107,0.0005185248586738912,0.0005185248586738912,0.0005185248586738912,-0.00028671384159551427,-0.00028671384159551427,-0.00028671384159551427,0.002364320116422381,0.002364320116422381,0.002364320116422381,0.8115680966702267,0.8115680966702267,0.8115680966702267,0.00013498878684748585,0.00013498878684748585,0.00013498878684748585,-0.0006456921571904197,-0.0006456921571904197,-0.0006456921571904197,0.0,0.0,0.0,-0.01143718425161189,-0.01143718425161189,-0.01143718425161189,0.002691633284505977,0.002691633284505977,0.002691633284505977,0.10124547283990858,0.10124547283990858,0.10124547283990858,0.0,0.0,0.0,1.4200331435565088
201,2025-06-23 23:00:00,0.7834072427988437,1.3962278447282046,1.4540346232502241,0.7675761100344354,0.7989323026297659,-0.0006432526062834466,-0.0006432526062834466,-0.0006432526062834466,0.0045987520801526694,0.0045987520801526694,0.0045987520801526694,0.001502700184577931,0.001502700184577931,0.001502700184577931,0.7256766884626242,0.7256766884626242,0.7256766884626242,-0.0054333910482994045,-0.0054333910482994045,-0.0054333910482994045,-0.003895969947518865,-0.003895969947518865,-0.003895969947518865,0.0014113540597968134,0.0014113540597968134,0.0014113540597968134,-0.012073308561835656,-0.012073308561835656,-0.012073308561835656,0.0002773397991373201,0.0002773397991373201,0.0002773397991373201,-0.00038709370970044395,-0.00038709370970044395,-0.00038709370970044395,0.002347366005928348,0.002347366005928348,0.002347366005928348,0.8187308870533927,0.8187308870533927,0.8187308870533927,-0.00017627547336675637,-0.00017627547336675637,-0.00017627547336675637,-0.0006422135880858789,-0.0006422135880858789,-0.0006422135880858789,0.0,0.0,0.0,-0.012545354456389386,-0.012545354456389386,-0.012545354456389386,0.002247210708898559,0.002247210708898559,0.002247210708898559,0.1110329440954572,0.1110329440954572,0.1110329440954572,0.0,0.0,0.0,1.4248069496195934
202,2025-06-24 23:00:00,0.7829448942935477,1.3991134172992425,1.4662289027473325,0.7649891400030957,0.8012914500977931,-0.0009709551647709646,-0.0009709551647709646,-0.0009709551647709646,0.005514351034577825,0.005514351034577825,0.005514351034577825,0.0018763383066843933,0.0018763383066843933,0.0018763383066843933,0.7256766884667256,0.7256766884667256,0.7256766884667256,-0.004787446622343624,-0.004787446622343624,-0.004787446622343624,-0.0039386086930322224,-0.0039386086930322224,-0.0039386086930322224,0.0014243712201407383,0.0014243712201407383,0.0014243712201407383,-0.010676981386858438,-0.010676981386858438,-0.010676981386858438,0.0006414946870203566,0.0006414946870203566,0.0006414946870203566,-0.0012047832098552105,-0.0012047832098552105,-0.0012047832098552105,0.0006168728344237773,0.0006168728344237773,0.0006168728344237773,0.8302575675982005,0.8302575675982005,0.8302575675982005,0.0005981490495953787,0.0005981490495953787,0.0005981490495953787,-0.000831873850155509,-0.000831873850155509,-0.000831873850155509,0.0,0.0,0.0,-0.012431608456329835,-0.012431608456329835,-0.012431608456329835,0.0021641785498862525,0.0021641785498862525,0.0021641785498862525,0.12179993421014833,0.12179993421014833,0.12179993421014833,0.0,0.0,0.0,1.432990817793139
203,2025-06-25 23:00:00,0.7824825457882518,1.3985120539511806,1.4790397440190146,0.7610410940274739,0.8038665194589095,-0.0010379895073305905,-0.0010379895073305905,-0.0010379895073305905,0.005170317268611172,0.005170317268611172,0.005170317268611172,8.642060221295026e-05,8.642060221295026e-05,8.642060221295026e-05,0.725676688466576,0.725676688466576,0.725676688466576,-0.008022305738765926,-0.008022305738765926,-0.008022305738765926,-0.004009724667060236,-0.004009724667060236,-0.004009724667060236,0.001440985155341954,0.001440985155341954,0.001440985155341954,-0.009761809499342983,-0.009761809499342983,-0.009761809499342983,0.0004891614574680294,0.0004891614574680294,0.0004891614574680294,-0.0017983720896423423,-0.0017983720896423423,-0.0017983720896423423,0.00020071849847561304,0.00020071849847561304,0.00020071849847561304,0.8397288164997214,0.8397288164997214,0.8397288164997214,0.0005433217436454399,0.0005433217436454399,0.0005433217436454399,-0.0009030863675597429,-0.0009030863675597429,-0.0009030863675597429,0.0,0.0,0.0,-0.01144208749644359,-0.01144208749644359,-0.01144208749644359,0.0015577516664148114,0.0015577516664148114,0.0015577516664148114,0.1335165212683551,0.1335165212683551,0.1335165212683551,0.0,0.0,0.0,1.4395556878947096
204,2025-06-26 23:00:00,0.7820201972829559,1.3955835104479943,1.48720010586777,0.7570024112588394,0.806593579946091,-0.0011002356825645287,-0.0011002356825645287,-0.0011002356825645287,0.005476851992369063,0.005476851992369063,0.005476851992369063,-0.0013179096915302247,-0.0013179096915302247,-0.0013179096915302247,0.7256766884593275,0.7256766884593275,0.7256766884593275,-0.01574338176890008,-0.01574338176890008,-0.01574338176890008,-0.00409285501467216,-0.00409285501467216,-0.00409285501467216,0.0014687250522977399,0.0014687250522977399,0.0014687250522977399,-0.010269029443925683,-0.010269029443925683,-0.010269029443925683,0.0004959915901010194,0.0004959915901010194,0.0004959915901010194,-0.002055648409968021,-0.002055648409968021,-0.002055648409968021,-0.0008519943173121682,-0.0008519943173121682,-0.0008519943173121682,0.8436595532651919,0.8436595532651919,0.8436595532651919,-0.0013720178217815574,-0.0013720178217815574,-0.0013720178217815574,-0.0008213481853893013,-0.0008213481853893013,-0.0008213481853893013,0.0,0.0,0.0,-0.012409812370668585,-0.012409812370668585,-0.012409812370668585,-0.001303911836524259,-0.001303911836524259,-0.001303911836524259,0.14613605894543294,0.14613605894543294,0.14613605894543294,0.0,0.0,0.0,1.4417790075670518
205,2025-06-29 23:00:00,0.7806331517670683,1.4233340448917993,1.5293983851257535,0.7519375096363501,0.8081529335879749,-0.0012610917712958605,-0.0012610917712958605,-0.0012610917712958605,0.006183621174289398,0.006183621174289398,0.006183621174289398,-0.0005023113706247145,-0.0005023113706247145,-0.0005023113706247145,0.7256766884602823,0.7256766884602823,0.7256766884602823,-0.010057438716733823,-0.010057438716733823,-0.010057438716733823,-0.0041157592998473085,-0.0041157592998473085,-0.0041157592998473085,0.001484481774769358,0.001484481774769358,0.001484481774769358,-0.009841554181584906,-0.009841554181584906,-0.009841554181584906,0.0011458499685283274,0.0011458499685283274,0.0011458499685283274,-0.0007932971077068473,-0.0007932971077068473,-0.0007932971077068473,-0.000933808590614891,-0.000933808590614891,-0.000933808590614891,0.8928817481345407,0.8928817481345407,0.8928817481345407,-0.0007654171431149986,-0.0007654171431149986,-0.0007654171431149986,-0.0009449721187819796,-0.0009449721187819796,-0.0009449721187819796,0.0,0.0,0.0,-0.01143718425156845,-0.01143718425156845,-0.01143718425156845,0.0002868199492505983,0.0002868199492505983,0.0002868199492505983,0.1886996826425606,0.1886996826425606,0.1886996826425606,0.0,0.0,0.0,1.4776462449686243
206,2025-06-30 23:00:00,0.7801708032617723,1.4201099149395788,1.539427851154626,0.7480398998412155,0.8111591602807948,-0.001336247130071309,-0.001336247130071309,-0.001336247130071309,0.005486218774401605,0.005486218774401605,0.005486218774401605,-0.0019814588218577834,-0.0019814588218577834,-0.0019814588218577834,0.7256766884601328,0.7256766884601328,0.7256766884601328,-0.01956466575200142,-0.01956466575200142,-0.01956466575200142,-0.004169594517592721,-0.004169594517592721,-0.004169594517592721,0.0015047100778628204,0.0015047100778628204,0.0015047100778628204,-0.010865299329050206,-0.010865299329050206,-0.010865299329050206,0.0002961439238459916,0.0002961439238459916,0.0002961439238459916,-0.0014480964732165504,-0.0014480964732165504,-0.0014480964732165504,-0.0019370962778491037,-0.0019370962778491037,-0.0019370962778491037,0.8977073715597492,0.8977073715597492,0.8977073715597492,-0.001475153969155804,-0.001475153969155804,-0.001475153969155804,-0.0007690530834910023,-0.0007690530834910023,-0.0007690530834910023,0.0,0.0,0.0,-0.012545354456420575,-0.012545354456420575,-0.012545354456420575,-0.0028697389258273555,-0.0028697389258273555,-0.0028697389258273555,0.20414070330803843,0.20414070330803843,0.20414070330803843,0.0,0.0,0.0,1.4805358844255563
207,2025-07-01 23:00:00,0.7797084547564764,1.4268284534109938,1.560402501369204,0.744232577954314,0.8135016020291587,-0.0014060342489342242,-0.0014060342489342242,-0.0014060342489342242,0.005678979808394191,0.005678979808394191,0.005678979808394191,-0.0012044790407096985,-0.0012044790407096985,-0.0012044790407096985,0.7256766884642343,0.7256766884642343,0.7256766884642343,-0.016156905868232325,-0.016156905868232325,-0.016156905868232325,-0.0042057406378441095,-0.0042057406378441095,-0.0042057406378441095,0.001522631902462793,0.001522631902462793,0.001522631902462793,-0.010824284505156214,-0.010824284505156214,-0.010824284505156214,-0.0005977694974642824,-0.0005977694974642824,-0.0005977694974642824,-0.0010736962848088246,-0.0010736962848088246,-0.0010736962848088246,-0.001309333530624082,-0.001309333530624082,-0.001309333530624082,0.9171036790716337,0.9171036790716337,0.9171036790716337,-0.0007735012628620026,-0.0007735012628620026,-0.0007735012628620026,-0.0007095761271050429,-0.0007095761271050429,-0.0007095761271050429,0.0,0.0,0.0,-0.012431608456353174,-0.012431608456353174,-0.012431608456353174,-0.0012541024435808283,-0.0012541024435808283,-0.0012541024435808283,0.22001550493198496,0.22001550493198496,0.22001550493198496,0.0,0.0,0.0,1.4947819472168993
208,2025-07-02 23:00:00,0.7792461062511805,1.425963475410074,1.574433695105891,0.7398084659607291,0.8167947826694297,-0.001309115123915483,-0.001309115123915483,-0.001309115123915483,0.00559466281306175,0.00559466281306175,0.00559466281306175,-0.0028941840084609344,-0.0028941840084609344,-0.0028941840084609344,0.7256766884683358,0.7256766884683358,0.7256766884683358,-0.022722453992836417,-0.022722453992836417,-0.022722453992836417,-0.0042527760602222115,-0.0042527760602222115,-0.0042527760602222115,0.001547994632742523,0.001547994632742523,0.001547994632742523,-0.011781255663052059,-0.011781255663052059,-0.011781255663052059,-0.0014796419243870477,-0.0014796419243870477,-0.0014796419243870477,-0.001306565235101422,-0.001306565235101422,-0.001306565235101422,-0.0019655182334432147,-0.0019655182334432147,-0.0019655182334432147,0.9277023806431196,0.9277023806431196,0.9277023806431196,-0.0005953085241410867,-0.0005953085241410867,-0.0005953085241410867,-0.0006509441306702776,-0.0006509441306702776,-0.0006509441306702776,0.0,0.0,0.0,-0.011442087496450886,-0.011442087496450886,-0.011442087496450886,-0.0036298025352469506,-0.0036298025352469506,-0.0036298025352469506,0.2361902336640712,0.2361902336640712,0.2361902336640712,0.0,0.0,0.0,1.5021545741272821
209,2025-07-03 23:00:00,0.7787837577458846,1.4274569036869291,1.5923156119329467,0.7354126320951746,0.8198645545524545,-0.001219118793540938,-0.001219118793540938,-0.001219118793540938,0.005581258900102094,0.005581258900102094,0.005581258900102094,-0.00314621951323609,-0.00314621951323609,-0.00314621951323609,0.7256766884610875,0.7256766884610875,0.7256766884610875,-0.024385389956846373,-0.024385389956846373,-0.024385389956846373,-0.00430068057896976,-0.00430068057896976,-0.00430068057896976,0.0015731805898920733,0.0015731805898920733,0.0015731805898920733,-0.012687708253223604,-0.012687708253223604,-0.012687708253223604,-0.0016521012612886838,-0.0016521012612886838,-0.0016521012612886838,-0.0013259123598558793,-0.0013259123598558793,-0.0013259123598558793,-0.001128561092262657,-0.001128561092262657,-0.001128561092262657,0.9414028141196183,0.9414028141196183,0.9414028141196183,-0.000619560960803792,-0.000619560960803792,-0.000619560960803792,-0.0006499569946935691,-0.0006499569946935691,-0.0006499569946935691,0.0,0.0,0.0,-0.01240981237065987,-0.01240981237065987,-0.01240981237065987,-0.004810009638965564,-0.004810009638965564,-0.004810009638965564,0.2525213279860372,0.2525213279860372,0.2525213279860372,0.0,0.0,0.0,1.5119329788785116
210,2025-07-06 23:00:00,0.7773967122299971,1.4531393273619477,1.6399496068570263,0.7293890189776513,0.8235084541925737,-0.001403626313951374,-0.001403626313951374,-0.001403626313951374,0.004636235165322401,0.004636235165322401,0.004636235165322401,-0.001865649379555045,-0.001865649379555045,-0.001865649379555045,0.7256766884620423,0.7256766884620423,0.7256766884620423,-0.022606643843729683,-0.022606643843729683,-0.022606643843729683,-0.004345313492309755,-0.004345313492309755,-0.004345313492309755,0.0015968200455213685,0.0015968200455213685,0.0015968200455213685,-0.012697949759026987,-0.012697949759026987,-0.012697949759026987,-0.001817759242096529,-0.001817759242096529,-0.001817759242096529,-0.0012548350174779266,-0.0012548350174779266,-0.0012548350174779266,-0.0012487858768040015,-0.0012487858768040015,-0.0012487858768040015,0.9925472607116459,0.9925472607116459,0.9925472607116459,-2.2432880648897133e-05,-2.2432880648897133e-05,-2.2432880648897133e-05,-0.0006367564039059332,-0.0006367564039059332,-0.0006367564039059332,0.0,0.0,0.0,-0.011437184251556914,-0.011437184251556914,-0.011437184251556914,-0.0035465906887970026,-0.0035465906887970026,-0.0035465906887970026,0.3009144003448902,0.3009144003448902,0.3009144003448902,0.0,0.0,0.0,1.5489996894401203
211,2025-07-07 23:00:00,0.7769343637247011,1.4584354605034109,1.6641927015990239,0.7242469372364123,0.8264781154478498,-0.0015932345896116245,-0.0015932345896116245,-0.0015932345896116245,0.004293557747690716,0.004293557747690716,0.004293557747690716,-0.0004915774184676081,-0.0004915774184676081,-0.0004915774184676081,0.7256766884618925,0.7256766884618925,0.7256766884618925,-0.014675961042244348,-0.014675961042244348,-0.014675961042244348,-0.004362491858557243,-0.004362491858557243,-0.004362491858557243,0.0016113838127330806,0.0016113838127330806,0.0016113838127330806,-0.011401677034286703,-0.011401677034286703,-0.011401677034286703,-0.0008996558881983001,-0.0008996558881983001,-0.0008996558881983001,-0.0006730423146323187,-0.0006730423146323187,-0.0006730423146323187,0.0008824959726861973,0.0008824959726861973,0.0008824959726861973,1.014769143031556,1.014769143031556,1.014769143031556,-0.0007482329561916937,-0.0007482329561916937,-0.0007482329561916937,-0.0005102187599622376,-0.0005102187599622376,-0.0005102187599622376,0.0,0.0,0.0,-0.01254535445640432,-0.01254535445640432,-0.01254535445640432,-0.0007832677554466137,-0.0007832677554466137,-0.0007832677554466137,0.3163137700683122,0.3163137700683122,0.3163137700683122,0.0,0.0,0.0,1.565343382193383
212,2025-07-08 23:00:00,0.7764720152194052,1.4617471254818983,1.6838187751166438,0.7191062657125371,0.8294665745005487,-0.001834234688194038,-0.001834234688194038,-0.001834234688194038,0.004379215134319364,0.004379215134319364,0.004379215134319364,0.00023994712464166,0.00023994712464166,0.00023994712464166,0.725676688465994,0.725676688465994,0.725676688465994,-0.013078641485186636,-0.013078641485186636,-0.013078641485186636,-0.004362440663539675,-0.004362440663539675,-0.004362440663539675,0.0016253819691367324,0.0016253819691367324,0.0016253819691367324,-0.010219229738775036,-0.010219229738775036,-0.010219229738775036,-0.000835265642950589,-0.000835265642950589,-0.000835265642950589,-0.0003082855949210423,-0.0003082855949210423,-0.0003082855949210423,0.00032680871238862573,0.00032680871238862573,0.00032680871238862573,1.0312466534810891,1.0312466534810891,1.0312466534810891,-0.0009090888636570034,-0.0009090888636570034,-0.0009090888636570034,-0.0005363768472530192,-0.0005363768472530192,-0.0005363768472530192,0.0,0.0,0.0,-0.012431608456340263,-0.012431608456340263,-0.012431608456340263,-0.0006450723863826154,-0.0006450723863826154,-0.0006450723863826154,0.33108021495662215,0.33108021495662215,0.33108021495662215,0.0,0.0,0.0,1.577206182436134
213,2025-07-09 23:00:00,0.7760096667141094,1.4646717448983368,1.7085979112872678,0.7146437579294803,0.8329704199349831,-0.0020449578063428944,-0.0020449578063428944,-0.0020449578063428944,0.0046335384256912275,0.0046335384256912275,0.0046335384256912275,0.0004980290260077272,0.0004980290260077272,0.0004980290260077272,0.7256766884587458,0.7256766884587458,0.7256766884587458,-0.008754244008971764,-0.008754244008971764,-0.008754244008971764,-0.0043530847740816,-0.0043530847740816,-0.0043530847740816,0.0016347140734058337,0.0016347140734058337,0.0016347140734058337,-0.008901191238877199,-0.008901191238877199,-0.008901191238877199,-0.000453638030603811,-0.000453638030603811,-0.000453638030603811,-0.00011082403197744285,-0.00011082403197744285,-0.00011082403197744285,0.0014577573952052252,0.0014577573952052252,0.0014577573952052252,1.0505379495742688,1.0505379495742688,1.0505379495742688,-0.0006349607852889441,-0.0006349607852889441,-0.0006349607852889441,-0.0005298343830590425,-0.0005298343830590425,-0.0005298343830590425,0.0,0.0,0.0,-0.01144208749645818,-0.01144208749645818,-0.01144208749645818,5.020812094915479e-05,5.020812094915479e-05,5.020812094915479e-05,0.3450575926209532,0.3450575926209532,0.3450575926209532,0.0,0.0,0.0,1.5912372708337617
214,2025-07-10 23:00:00,0.7755473182088135,1.463292276251129,1.7265030859091075,0.7098091273030472,0.837218873757655,-0.0022464820300501656,-0.0022464820300501656,-0.0022464820300501656,0.0049173184114959505,0.0049173184114959505,0.0049173184114959505,0.0005714048444199057,0.0005714048444199057,0.0005714048444199057,0.7256766884628472,0.7256766884628472,0.7256766884628472,-0.008800727651582777,-0.008800727651582777,-0.008800727651582777,-0.004322511597169742,-0.004322511597169742,-0.004322511597169742,0.001651522374772214,0.001651522374772214,0.001651522374772214,-0.008317268874170971,-0.008317268874170971,-0.008317268874170971,6.889723429304727e-05,6.889723429304727e-05,6.889723429304727e-05,0.0003427448612160151,0.0003427448612160151,0.0003427448612160151,0.001248122246189463,0.001248122246189463,0.001248122246189463,1.0625618452666774,1.0625618452666774,1.0625618452666774,-0.0018344127733580854,-0.0018344127733580854,-0.0018344127733580854,-0.0006594051865234038,-0.0006594051865234038,-0.0006594051865234038,0.0,0.0,0.0,-0.012409812370631417,-0.012409812370631417,-0.012409812370631417,-0.00022065716269700634,-0.00022065716269700634,-0.00022065716269700634,0.35809569682604414,0.35809569682604414,0.35809569682604414,0.0,0.0,0.0,1.5996143077363936
215,2025-07-13 23:00:00,0.7741602726929258,1.476875422790354,1.7653569219321625,0.7032133746765111,0.8409292657742973,-0.0024336116663497744,-0.0024336116663497744,-0.0024336116663497744,0.005191731615268133,0.005191731615268133,0.005191731615268133,0.00104988958219113,0.00104988958219113,0.00104988958219113,0.7256766884595507,0.7256766884595507,0.7256766884595507,-0.004669735554567928,-0.004669735554567928,-0.004669735554567928,-0.00427138605856773,-0.00427138605856773,-0.00427138605856773,0.001663744266725392,0.001663744266725392,0.001663744266725392,-0.007259201123266446,-0.007259201123266446,-0.007259201123266446,-6.609613974347223e-05,-6.609613974347223e-05,-6.609613974347223e-05,0.000782124066568203,0.000782124066568203,0.000782124066568203,0.0012049538421663598,0.0012049538421663598,0.0012049538421663598,1.0997752835942227,1.0997752835942227,1.0997752835942227,-0.0011671668798140737,-0.0011671668798140737,-0.0011671668798140737,-0.000650460022181646,-0.000650460022181646,-0.000650460022181646,0.0,0.0,0.0,-0.011437184251630069,-0.011437184251630069,-0.011437184251630069,0.0012857429624359973,0.0012857429624359973,0.0012857429624359973,0.39020551494086986,0.39020551494086986,0.39020551494086986,0.0,0.0,0.0,1.6255626061411692
216,2025-07-14 23:00:00,0.7736979241876298,1.4739637669712478,1.7842091048521167,0.697542319060567,0.8446094177900935,-0.0025041741039931484,-0.0025041741039931484,-0.0025041741039931484,0.005024406101820857,0.005024406101820857,0.005024406101820857,0.0021372784356068746,0.0021372784356068746,0.0021372784356068746,0.7256766884636523,0.7256766884636523,0.7256766884636523,0.0011792125060530703,0.0011792125060530703,0.0011792125060530703,-0.00420482034645712,-0.00420482034645712,-0.00420482034645712,0.0016741014023154786,0.0016741014023154786,0.0016741014023154786,-0.005975113741482583,-0.005975113741482583,-0.005975113741482583,0.0011681413743112293,0.0011681413743112293,0.0011681413743112293,0.0011127559432721787,0.0011127559432721787,0.0011127559432721787,0.0005622465481382909,0.0005622465481382909,0.0005622465481382909,1.1124857935915273,1.1124857935915273,1.1124857935915273,-0.0007886287590415867,-0.0007886287590415867,-0.0007886287590415867,-0.0006509936761558447,-0.0006509936761558447,-0.0006509936761558447,0.0,0.0,0.0,-0.012545354456421628,-0.012545354456421628,-0.012545354456421628,0.0036240133277184437,0.0036240133277184437,0.0036240133277184437,0.39817524707824364,0.39817524707824364,0.39817524707824364,0.0,0.0,0.0,1.6344258733776225
217,2025-07-15 23:00:00,0.7732355756823341,1.4670988074377975,1.7975701252060579,0.6926382963245629,0.8479784380645715,-0.002475112615855594,-0.002475112615855594,-0.002475112615855594,0.005606678463607842,0.005606678463607842,0.005606678463607842,0.0026418747433276505,0.0026418747433276505,0.0026418747433276505,0.7256766884677537,0.7256766884677537,0.7256766884677537,0.001721459017722862,0.001721459017722862,0.001721459017722862,-0.004188051540350085,-0.004188051540350085,-0.004188051540350085,0.0016787851528325569,0.0016787851528325569,0.0016787851528325569,-0.004700156844146218,-0.004700156844146218,-0.004700156844146218,0.0008184017238348642,0.0008184017238348642,0.0008184017238348642,4.60250710157487e-05,4.60250710157487e-05,4.60250710157487e-05,0.000694711245117888,0.000694711245117888,0.000694711245117888,1.1195797989501064,1.1195797989501064,1.1195797989501064,-0.00038105882850839176,-0.00038105882850839176,-0.00038105882850839176,-0.0010334515684690417,-0.0010334515684690417,-0.0010334515684690417,0.0,0.0,0.0,-0.012431608456345479,-0.012431608456345479,-0.012431608456345479,0.0030128140153156424,0.0030128140153156424,0.0030128140153156424,0.40461325992097535,0.40461325992097535,0.40461325992097535,0.0,0.0,0.0,1.6389345060458316
218,2025-07-16 23:00:00,0.7727732271770382,1.4609527565045388,1.8083845322235002,0.6869482973484135,0.8515145387648178,-0.0023886476435275744,-0.0023886476435275744,-0.0023886476435275744,0.005298787391514443,0.005298787391514443,0.005298787391514443,0.0022188058151969606,0.0022188058151969606,0.0022188058151969606,0.7256766884605055,0.7256766884605055,0.7256766884605055,-0.0004072072422017877,-0.0004072072422017877,-0.0004072072422017877,-0.004191477340274753,-0.004191477340274753,-0.004191477340274753,0.00169159024862878,0.00169159024862878,0.00169159024862878,-0.0041864334774437935,-0.0041864334774437935,-0.0041864334774437935,0.001206896148918668,0.001206896148918668,0.001206896148918668,-0.0003819122606918207,-0.0003819122606918207,-0.0003819122606918207,3.612766276075297e-05,3.612766276075297e-05,3.612766276075297e-05,1.123271316046374,1.123271316046374,1.123271316046374,0.00033665558517266385,0.00033665558517266385,0.00033665558517266385,-0.001009807482891657,-0.001009807482891657,-0.001009807482891657,0.0,0.0,0.0,-0.011442087496426412,-0.011442087496426412,-0.011442087496426412,0.0009622081104355418,0.0009622081104355418,0.0009622081104355418,0.4094439223244968,0.4094439223244968,0.4094439223244968,0.0,0.0,0.0,1.6408072270735934
219,2025-07-17 23:00:00,0.7723108786717423,1.4540694783032735,1.822917705813469,0.6817267502501302,0.8549694300279868,-0.002308358740651556,-0.002308358740651556,-0.002308358740651556,0.005360365605933284,0.005360365605933284,0.005360365605933284,0.0021426115734670074,0.0021426115734670074,0.0021426115734670074,0.725676688464607,0.725676688464607,0.725676688464607,0.005964346728515656,0.005964346728515656,0.005964346728515656,-0.004170822588549532,-0.004170822588549532,-0.004170822588549532,0.0017082571736300356,0.0017082571736300356,0.0017082571736300356,-0.0028701740669138612,-0.0028701740669138612,-0.0028701740669138612,0.001984735896311078,0.001984735896311078,0.001984735896311078,0.00012800318263950371,0.00012800318263950371,0.00012800318263950371,0.001183117436569073,0.001183117436569073,0.001183117436569073,1.1318396841849947,1.1318396841849947,1.1318396841849947,0.0004611323752146683,0.0004611323752146683,0.0004611323752146683,-0.000933723841653114,-0.000933723841653114,-0.000933723841653114,0.0,0.0,0.0,-0.012409812370622704,-0.012409812370622704,-0.012409812370622704,0.0032792027225190708,0.0032792027225190708,0.0032792027225190708,0.4126084613624948,0.4126084613624948,0.4126084613624948,0.0,0.0,0.0,1.646442979680203
220,2025-07-20 23:00:00,0.7709238331558546,1.4395460128582602,1.8283451754359616,0.6759166826188834,0.8578862408689887,-0.002324295513243533,-0.002324295513243533,-0.002324295513243533,0.0059560418806799235,0.0059560418806799235,0.0059560418806799235,0.0014182341207665768,0.0014182341207665768,0.0014182341207665768,0.7256766884613106,0.7256766884613106,0.7256766884613106,0.005625976480957522,0.005625976480957522,0.005625976480957522,-0.004178644455874487,-0.004178644455874487,-0.004178644455874487,0.001725931536917262,0.001725931536917262,0.001725931536917262,-0.002055210546534884,-0.002055210546534884,-0.002055210546534884,0.0014414841135492894,0.0014414841135492894,0.0014414841135492894,-0.0004744758832253196,-0.0004744758832253196,-0.0004744758832253196,0.0005706525164257755,0.0005706525164257755,0.0005706525164257755,1.1316455408497883,1.1316455408497883,1.1316455408497883,0.0018542023794778358,0.0018542023794778358,0.0018542023794778358,-0.000995495109698435,-0.000995495109698435,-0.000995495109698435,0.0,0.0,0.0,-0.011437184251618535,-0.011437184251618535,-0.011437184251618535,0.002687551441717519,0.002687551441717519,0.002687551441717519,0.41178006015913887,0.41178006015913887,0.41178006015913887,0.0,0.0,0.0,1.6433363512815036
221,2025-07-21 23:00:00,0.7704614846505587,1.4179775924799163,1.8263869985459718,0.6696272388592069,0.8629361168985117,-0.002449449791788619,-0.002449449791788619,-0.002449449791788619,0.005305489347994407,0.005305489347994407,0.005305489347994407,-0.0009034452652590038,-0.0009034452652590038,-0.0009034452652590038,0.725676688465412,0.725676688465412,0.725676688465412,-0.004651370438237613,-0.004651370438237613,-0.004651370438237613,-0.004205638247808996,-0.004205638247808996,-0.004205638247808996,0.0017523017054829726,0.0017523017054829726,0.0017523017054829726,-0.0023342117020668718,-0.0023342117020668718,-0.0023342117020668718,3.433293585736321e-05,3.433293585736321e-05,3.433293585736321e-05,-0.0008796011477679292,-0.0008796011477679292,-0.0008796011477679292,-0.0004900123618566398,-0.0004900123618566398,-0.0004900123618566398,1.1165227987846038,1.1165227987846038,1.1165227987846038,0.00014823065191324976,0.00014823065191324976,0.00014823065191324976,-0.0009203806136858483,-0.0009203806136858483,-0.0009203806136858483,0.0,0.0,0.0,-0.012545354456405379,-0.012545354456405379,-0.012545354456405379,0.00029101405074830235,0.00029101405074830235,0.00029101405074830235,0.40804283521383483,0.40804283521383483,0.40804283521383483,0.0,0.0,0.0,1.6306992978483414
222,2025-07-22 23:00:00,0.7699991361452628,1.3952146808804522,1.8176619041487667,0.6645103033721956,0.8661137811653008,-0.002419847560829832,-0.002419847560829832,-0.002419847560829832,0.004471542563349111,0.004471542563349111,0.004471542563349111,-0.003867806185900319,-0.003867806185900319,-0.003867806185900319,0.7256766884652623,0.7256766884652623,0.7256766884652623,-0.016997460997885978,-0.016997460997885978,-0.016997460997885978,-0.004268165038713266,-0.004268165038713266,-0.004268165038713266,0.0017812612106199634,0.0017812612106199634,0.0017812612106199634,-0.003911263014029163,-0.003911263014029163,-0.003911263014029163,-0.0009133427149504978,-0.0009133427149504978,-0.0009133427149504978,-0.0016304089790559774,-0.0016304089790559774,-0.0016304089790559774,-0.001768205885793016,-0.001768205885793016,-0.001768205885793016,1.0988554480623933,1.0988554480623933,1.0988554480623933,-0.0001343389440053638,-0.0001343389440053638,-0.0001343389440053638,-0.0007654387942523753,-0.0007654387942523753,-0.0007654387942523753,0.0,0.0,0.0,-0.012431608456344704,-0.012431608456344704,-0.012431608456344704,-0.003571447654325244,-0.003571447654325244,-0.003571447654325244,0.40260782905136155,0.40260782905136155,0.40260782905136155,0.0,0.0,0.0,1.6161168819018215
223,2025-07-23 23:00:00,0.7695367876399669,1.377820787331304,1.819360545141834,0.6587409054490158,0.8697166772614322,-0.002462169567104475,-0.002462169567104475,-0.002462169567104475,0.005160918572500031,0.005160918572500031,0.005160918572500031,-0.0037257937688042774,-0.0037257937688042774,-0.0037257937688042774,0.725676688458014,0.725676688458014,0.725676688458014,-0.017583157618568084,-0.017583157618568084,-0.017583157618568084,-0.004324658740584534,-0.004324658740584534,-0.004324658740584534,0.001814621608196241,0.001814621608196241,0.001814621608196241,-0.005177832947766223,-0.005177832947766223,-0.005177832947766223,-0.001145879345236741,-0.001145879345236741,-0.001145879345236741,-0.0015042155969274683,-0.0015042155969274683,-0.0015042155969274683,-0.0013974523197950717,-0.0013974523197950717,-0.0013974523197950717,1.092170584142349,1.092170584142349,1.092170584142349,8.727629846284616e-05,8.727629846284616e-05,8.727629846284616e-05,-0.0007677127210091041,-0.0007677127210091041,-0.0007677127210091041,0.0,0.0,0.0,-0.011442087496433707,-0.011442087496433707,-0.011442087496433707,-0.004140259090499306,-0.004140259090499306,-0.004140259090499306,0.39551914079933653,0.39551914079933653,0.39551914079933653,0.0,0.0,0.0,1.6100022305157364
224,2025-07-24 23:00:00,0.769074439134671,1.3644067322356033,1.8267222323001693,0.6535513700985149,0.8747690911224688,-0.002542923279379281,-0.002542923279379281,-0.002542923279379281,0.004760684114337592,0.004760684114337592,0.004760684114337592,-0.0012195029778271328,-0.0012195029778271328,-0.0012195029778271328,0.7256766884621155,0.7256766884621155,0.7256766884621155,-0.011661229572063165,-0.011661229572063165,-0.011661229572063165,-0.004325936787629928,-0.004325936787629928,-0.004325936787629928,0.0018423792035345444,0.0018423792035345444,0.0018423792035345444,-0.0053880397316502125,-0.0053880397316502125,-0.0053880397316502125,-0.0002987007801619802,-0.0002987007801619802,-0.0002987007801619802,-0.00033653908137085624,-0.00033653908137085624,-0.00033653908137085624,-0.0015079501063123323,-0.0015079501063123323,-0.0015079501063123323,1.0884414780048408,1.0884414780048408,1.0884414780048408,0.00023819267096314957,0.00023819267096314957,0.00023819267096314957,-0.000855069204197664,-0.000855069204197664,-0.000855069204197664,0.0,0.0,0.0,-0.012409812370574511,-0.012409812370574511,-0.012409812370574511,-0.002027823612369063,-0.002027823612369063,-0.002027823612369063,0.3868358314853627,0.3868358314853627,0.3868358314853627,0.0,0.0,0.0,1.606166958362156
225,2025-07-27 23:00:00,0.7676873936187835,1.33345738410424,1.8154511847517445,0.6463712849136642,0.8801896501044612,-0.002533189884281242,-0.002533189884281242,-0.002533189884281242,0.0044621917383556,0.0044621917383556,0.0044621917383556,0.0012936952521716595,0.0012936952521716595,0.0012936952521716595,0.7256766884630703,0.7256766884630703,0.7256766884630703,-0.0031580227646108663,-0.0031580227646108663,-0.0031580227646108663,-0.0043153534366795684,-0.0043153534366795684,-0.0043153534366795684,0.0018645162982523658,0.0018645162982523658,0.0018645162982523658,-0.004341259465245037,-0.004341259465245037,-0.004341259465245037,0.0001305768115072104,0.0001305768115072104,0.0001305768115072104,-8.503295479441205e-05,-8.503295479441205e-05,-8.503295479441205e-05,-0.0003818747564315127,-0.0003818747564315127,-0.0003818747564315127,1.0630879685637002,1.0630879685637002,1.0630879685637002,0.00022979911470870617,0.00022979911470870617,0.00022979911470870617,-0.000776845501413478,-0.000776845501413478,-0.000776845501413478,0.0,0.0,0.0,-0.01143718425153275,-0.01143718425153275,-0.01143718425153275,0.001294754019238842,0.001294754019238842,0.001294754019238842,0.35200648711677357,0.35200648711677357,0.35200648711677357,0.0,0.0,0.0,1.5838066253929377
226,2025-07-28 23:00:00,0.7672250451134875,1.3196484980677636,1.8132377639020292,0.6420778475455539,0.8829883593714116,-0.002390396347016487,-0.002390396347016487,-0.002390396347016487,0.004535817517398861,0.004535817517398861,0.004535817517398861,0.002856058227888858,0.002856058227888858,0.002856058227888858,0.7256766884671717,0.7256766884671717,0.7256766884671717,0.004146624045745359,0.004146624045745359,0.004146624045745359,-0.004249452650332635,-0.004249452650332635,-0.004249452650332635,0.0018841878397290463,0.0018841878397290463,0.0018841878397290463,-0.002880086789160108,-0.002880086789160108,-0.002880086789160108,0.00027591183083794206,0.00027591183083794206,0.00027591183083794206,0.0010953526534266925,0.0010953526534266925,0.0010953526534266925,0.0008561478307534651,0.0008561478307534651,0.0008561478307534651,1.0550665956034988,1.0550665956034988,1.0550665956034988,0.000687312628378866,0.000687312628378866,0.000687312628378866,-0.0009706639633487217,-0.0009706639633487217,-0.0009706639633487217,0.0,0.0,0.0,-0.012545354456422683,-0.012545354456422683,-0.012545354456422683,0.0024464352671895793,0.0024464352671895793,0.0024464352671895793,0.3377886375470041,0.3377886375470041,0.3377886375470041,0.0,0.0,0.0,1.5766985615231157
227,2025-07-29 23:00:00,0.7667626966081916,1.3023012216925578,1.8082516929523464,0.637189042361172,0.883871200347059,-0.002176782624865338,-0.002176782624865338,-0.002176782624865338,0.004126200320164578,0.004126200320164578,0.004126200320164578,0.003483462036441989,0.003483462036441989,0.003483462036441989,0.7256766884670223,0.7256766884670223,0.7256766884670223,0.009712545835022927,0.009712545835022927,0.009712545835022927,-0.00418319349886286,-0.00418319349886286,-0.00418319349886286,0.0018961534211782095,0.0018961534211782095,0.0018961534211782095,-0.0009698376870538092,-0.0009698376870538092,-0.0009698376870538092,0.0006287722912438021,0.0006287722912438021,0.0006287722912438021,0.0010989648998919583,0.0010989648998919583,0.0010989648998919583,0.0025822957127619264,0.0025822957127619264,0.0025822957127619264,1.045405786093542,1.045405786093542,1.045405786093542,0.0010218759976820832,0.0010218759976820832,0.0010218759976820832,-0.0009698725387489717,-0.0009698725387489717,-0.0009698725387489717,0.0,0.0,0.0,-0.012431608456349916,-0.012431608456349916,-0.012431608456349916,0.0031745075051893583,0.0031745075051893583,0.0031745075051893583,0.3224481602478466,0.3224481602478466,0.3224481602478466,0.0,0.0,0.0,1.5683408562030823
228,2025-07-30 23:00:00,0.7663003481028957,1.2847353033413407,1.8104683641775459,0.6298131563611867,0.887616655890161,-0.0018934025832247465,-0.0018934025832247465,-0.0018934025832247465,0.004222564880121709,0.004222564880121709,0.004222564880121709,0.004294673038525358,0.004294673038525358,0.004294673038525358,0.7256766884597738,0.7256766884597738,0.7256766884597738,0.0184462175664075,0.0184462175664075,0.0184462175664075,-0.004061463936408402,-0.004061463936408402,-0.004061463936408402,0.0018992995193662914,0.0018992995193662914,0.0018992995193662914,0.0014934817388986452,0.0014934817388986452,0.0014934817388986452,0.0016245835487303521,0.0016245835487303521,0.0016245835487303521,0.002288879472218844,0.002288879472218844,0.002288879472218844,0.003421235245588032,0.003421235245588032,0.003421235245588032,1.0387845066427954,1.0387845066427954,1.0387845066427954,0.0021822661534800416,0.0021822661534800416,0.0021822661534800416,-0.001070483679050177,-0.001070483679050177,-0.001070483679050177,0.0,0.0,0.0,-0.011442087496441003,-0.011442087496441003,-0.011442087496441003,0.004044584168161555,0.004044584168161555,0.004044584168161555,0.30610368811305516,0.30610368811305516,0.30610368811305516,0.0,0.0,0.0,1.5623212771471646
229,2025-07-31 23:00:00,0.7658379995975998,1.2636090302009881,1.8022785392488643,0.6244940598153816,0.8917758506136515,-0.0018492913418814694,-0.0018492913418814694,-0.0018492913418814694,0.003288248318670495,0.003288248318670495,0.003288248318670495,0.003465484496361124,0.003465484496361124,0.003465484496361124,0.7256766884638755,0.7256766884638755,0.7256766884638755,0.01988488372757133,0.01988488372757133,0.01988488372757133,-0.003916267553050185,-0.003916267553050185,-0.003916267553050185,0.001899387905931376,0.001899387905931376,0.001899387905931376,0.003990373716195689,0.003990373716195689,0.003990373716195689,0.001431660061173656,0.001431660061173656,0.001431660061173656,0.0027929854867617186,0.0027929854867617186,0.0027929854867617186,0.0032984858254758017,0.0032984858254758017,0.0032984858254758017,1.022029754110771,1.022029754110771,1.022029754110771,0.0022238784769045214,0.0022238784769045214,0.0022238784769045214,-0.001086096318696468,-0.001086096318696468,-0.001086096318696468,0.0,0.0,0.0,-0.0124098123705658,-0.0124098123705658,-0.0124098123705658,0.004346034653725069,0.004346034653725069,0.004346034653725069,0.2888779942898901,0.2888779942898901,0.2888779942898901,0.0,0.0,0.0,1.5485472220150194
230,2025-08-03 23:00:00,0.7644509540817122,1.208749604313806,1.753081441841477,0.6177560901160715,0.894367544323955,-0.001825643748377969,-0.001825643748377969,-0.001825643748377969,0.003455557875078741,0.003455557875078741,0.003455557875078741,0.0013188082704477994,0.0013188082704477994,0.0013188082704477994,0.7256766884605789,0.7256766884605789,0.7256766884605789,0.010045232366637775,0.010045232366637775,0.010045232366637775,-0.0038267975557644478,-0.0038267975557644478,-0.0038267975557644478,0.0018957558396565924,0.0018957558396565924,0.0018957558396565924,0.004378870944036871,0.004378870944036871,0.004378870944036871,0.0005878750969629781,0.0005878750969629781,0.0005878750969629781,0.0015980424658327747,0.0015980424658327747,0.0015980424658327747,0.0011267089237901858,0.0011267089237901858,0.0011267089237901858,0.9574535313506155,0.9574535313506155,0.9574535313506155,0.0005687219061480471,0.0005687219061480471,0.0005687219061480471,-0.000811883063468396,-0.000811883063468396,-0.000811883063468396,0.0,0.0,0.0,-0.011437184251563561,-0.011437184251563561,-0.011437184251563561,0.001579215412294599,0.001579215412294599,0.001579215412294599,0.23316879477496255,0.23316879477496255,0.23316879477496255,0.0,0.0,0.0,1.4963772196115948
231,2025-08-04 23:00:00,0.7639886055764162,1.1894769896300996,1.7401597055500637,0.6134358634470303,0.8995448374886665,-0.0017564431320912567,-0.0017564431320912567,-0.0017564431320912567,0.003969566023006488,0.003969566023006488,0.003969566023006488,0.0011573380499592,0.0011573380499592,0.0011573380499592,0.7256766884646804,0.7256766884646804,0.7256766884646804,0.008827480483172754,0.008827480483172754,0.008827480483172754,-0.003774291580081952,-0.003774291580081952,-0.003774291580081952,0.0018929102979288192,0.0018929102979288192,0.0018929102979288192,0.0044148159876582355,0.0044148159876582355,0.0044148159876582355,0.001071460219080224,0.001071460219080224,0.001071460219080224,0.0008049264526104005,0.0008049264526104005,0.0008049264526104005,0.00047168522608584005,0.00047168522608584005,0.00047168522608584005,0.935630580248938,0.935630580248938,0.935630580248938,0.0002661428648982413,0.0002661428648982413,0.0002661428648982413,-0.0009077003918705204,-0.0009077003918705204,-0.0009077003918705204,0.0,0.0,0.0,-0.01254535445637287,-0.01254535445637287,-0.01254535445637287,0.0012170704659890356,0.0012170704659890356,0.0012170704659890356,0.2136717657574576,0.2136717657574576,0.2136717657574576,0.0,0.0,0.0,1.4787997079154556
232,2025-08-05 23:00:00,0.7635262570711203,1.1629498116851722,1.7369550755536038,0.6068435006260382,0.9059982040402051,-0.0017915014344292396,-0.0017915014344292396,-0.0017915014344292396,0.004012410673359974,0.004012410673359974,0.004012410673359974,0.0005569981115554634,0.0005569981115554634,0.0005569981115554634,0.725676688468782,0.725676688468782,0.725676688468782,0.009240699517649161,0.009240699517649161,0.009240699517649161,-0.0037219903844696828,-0.0037219903844696828,-0.0037219903844696828,0.0018963833948034638,0.0018963833948034638,0.0018963833948034638,0.00442194735928824,0.00442194735928824,0.00442194735928824,0.002024610771269415,0.002024610771269415,0.002024610771269415,0.0008003287565148303,0.0008003287565148303,0.0008003287565148303,-9.449617759100309e-05,-9.449617759100309e-05,-9.449617759100309e-05,0.9163994993523794,0.9163994993523794,0.9163994993523794,0.0007316442842058387,0.0007316442842058387,0.0007316442842058387,-0.000907632619637141,-0.000907632619637141,-0.000907632619637141,0.0,0.0,0.0,-0.012431608456337003,-0.012431608456337003,-0.012431608456337003,0.0013119967827790028,0.0013119967827790028,0.0013119967827790028,0.19391371982228536,0.19391371982228536,0.19391371982228536,0.0,0.0,0.0,1.4632213367934912
233,2025-08-06 23:00:00,0.7630639085658244,1.136592301968058,1.7238515335975118,0.6007174960439977,0.9114550257416998,-0.0018975184856311435,-0.0018975184856311435,-0.0018975184856311435,0.003958858849678006,0.003958858849678006,0.003958858849678006,1.039445893941093e-05,1.039445893941093e-05,1.039445893941093e-05,0.7256766884615335,0.7256766884615335,0.7256766884615335,0.003565021984913368,0.003565021984913368,0.003565021984913368,-0.003693769131042821,-0.003693769131042821,-0.003693769131042821,0.0019062722606893664,0.0019062722606893664,0.0019062722606893664,0.003754535602573164,0.003754535602573164,0.003754535602573164,0.0016586884804214047,0.0016586884804214047,0.0016586884804214047,0.00028872998335936995,0.00028872998335936995,0.00028872998335936995,-0.0013567182057667374,-0.0013567182057667374,-0.0013567182057667374,0.891809834919956,0.891809834919956,0.891809834919956,-0.00040028748861173634,-0.00040028748861173634,-0.00040028748861173634,-0.0008687293366646129,-0.0008687293366646129,-0.0008687293366646129,0.0,0.0,0.0,-0.011442087496447408,-0.011442087496447408,-0.011442087496447408,0.00020456499696969768,0.00020456499696969768,0.00020456499696969768,0.17401021196995656,0.17401021196995656,0.17401021196995656,0.0,0.0,0.0,1.4435718068972887
234,2025-08-07 23:00:00,0.7626015600605287,1.1087095428347717,1.7115999389813394,0.5931745605644128,0.914831360470327,-0.001995962890318626,-0.001995962890318626,-0.001995962890318626,0.004419331130962815,0.004419331130962815,0.004419331130962815,-0.00016822793397495845,-0.00016822793397495845,-0.00016822793397495845,0.725676688465635,0.725676688465635,0.725676688465635,0.0019500923579702776,0.0019500923579702776,0.0019500923579702776,-0.0036548115510773994,-0.0036548115510773994,-0.0036548115510773994,0.001912741124848177,0.001912741124848177,0.001912741124848177,0.003038961262859799,0.003038961262859799,0.003038961262859799,0.0010706722500523522,0.0010706722500523522,0.0010706722500523522,0.0005179429665569372,0.0005179429665569372,0.0005179429665569372,-0.0019393524642955507,-0.0019393524642955507,-0.0019393524642955507,0.8692883080326175,0.8692883080326175,0.8692883080326175,-0.0003213088293161507,-0.0003213088293161507,-0.0003213088293161507,-0.0008989230914514332,-0.0008989230914514332,-0.0008989230914514332,0.0,0.0,0.0,-0.012409812370669302,-0.012409812370669302,-0.012409812370669302,-3.096961687568404e-05,-3.096961687568404e-05,-3.096961687568404e-05,0.15407133957968158,0.15407133957968158,0.15407133957968158,0.0,0.0,0.0,1.4255221799085802
235,2025-08-10 23:00:00,0.761214514544641,1.064564820824348,1.666148478520998,0.5860471755857578,0.9181020163488548,-0.00196832244443538,-0.00196832244443538,-0.00196832244443538,0.004187746620504822,0.004187746620504822,0.004187746620504822,0.0003586163555083496,0.0003586163555083496,0.0003586163555083496,0.7256766884623387,0.7256766884623387,0.7256766884623387,0.004763236437604601,0.004763236437604601,0.004763236437604601,-0.0036196881122480917,-0.0036196881122480917,-0.0036196881122480917,0.0019103992495896427,0.0019103992495896427,0.0019103992495896427,0.0028065415897205364,0.0028065415897205364,0.0028065415897205364,0.0005420849797404499,0.0005420849797404499,0.0005420849797404499,0.00043501014903938955,0.00043501014903938955,0.00043501014903938955,-0.0004371574201188296,-0.0004371574201188296,-0.0004371574201188296,0.8140483709814138,0.8140483709814138,0.8140483709814138,0.0007786535426448925,0.0007786535426448925,0.0007786535426448925,-0.0009098446532606328,-0.0009098446532606328,-0.0009098446532606328,0.0,0.0,0.0,-0.011437184251594366,-0.011437184251594366,-0.011437184251594366,0.0006791965809194518,0.0006791965809194518,0.0006791965809194518,0.09504563033306496,0.09504563033306496,0.09504563033306496,0.0,0.0,0.0,1.3808799500771136
236,2025-08-11 23:00:00,0.760752166039345,1.0373866941566454,1.6591005490048327,0.5771788165952814,0.923217507389796,-0.0019061352089680837,-0.0019061352089680837,-0.0019061352089680837,0.00423459648770683,0.00423459648770683,0.00423459648770683,0.0006280851464454108,0.0006280851464454108,0.0006280851464454108,0.7256766884664402,0.7256766884664402,0.7256766884664402,0.00794990837723637,0.00794990837723637,0.00794990837723637,-0.003584411697830675,-0.003584411697830675,-0.003584411697830675,0.0019048318441167139,0.0019048318441167139,0.0019048318441167139,0.0029705573816592146,0.0029705573816592146,0.0029705573816592146,0.00039899644293824173,0.00039899644293824173,0.00039899644293824173,0.0004371229362420414,0.0004371229362420414,0.0004371229362420414,4.17618446052274e-05,4.17618446052274e-05,4.17618446052274e-05,0.7970131901293332,0.7970131901293332,0.7970131901293332,0.0025742677380039395,0.0025742677380039395,0.0025742677380039395,-0.0009096064177329973,-0.0009096064177329973,-0.0009096064177329973,0.0,0.0,0.0,-0.012545354456390176,-0.012545354456390176,-0.012545354456390176,0.001159841880050505,0.001159841880050505,0.001159841880050505,0.07593194774204681,0.07593194774204681,0.07593194774204681,0.0,0.0,0.0,1.3670816767921636
237,2025-08-12 23:00:00,0.7602898175340491,1.0118883708082125,1.64861475059913,0.5704135545680609,0.9271635556020434,-0.0018669343102571021,-0.0018669343102571021,-0.0018669343102571021,0.00485034671781476,0.00485034671781476,0.00485034671781476,-0.0001626558716422342,-0.0001626558716422342,-0.0001626558716422342,0.7256766884591919,0.7256766884591919,0.7256766884591919,0.006074713003346291,0.006074713003346291,0.006074713003346291,-0.003557212516361413,-0.003557212516361413,-0.003557212516361413,0.0019000067172345112,0.0019000067172345112,0.0019000067172345112,0.002964878483505748,0.002964878483505748,0.002964878483505748,-0.0001532937509040136,-0.0001532937509040136,-0.0001532937509040136,0.0002657072670974523,0.0002657072670974523,0.0002657072670974523,-6.233764234087826e-05,-6.233764234087826e-05,-6.233764234087826e-05,0.7765483927898994,0.7765483927898994,0.7765483927898994,0.0025420206380129258,0.0025420206380129258,0.0025420206380129258,-0.0009103952706762566,-0.0009103952706762566,-0.0009103952706762566,0.0,0.0,0.0,-0.012431608456354357,-0.012431608456354357,-0.012431608456354357,0.00026458254186279115,0.00026458254186279115,0.00026458254186279115,0.05722859978371545,0.05722859978371545,0.05722859978371545,0.0,0.0,0.0,1.3506916533946407
238,2025-08-13 23:00:00,0.7598274690287532,0.9894870316380409,1.6347347152619418,0.5639797004484018,0.9315167082454959,-0.001719174589861658,-0.001719174589861658,-0.001719174589861658,0.005041767360511141,0.005041767360511141,0.005041767360511141,-0.00048291328861193076,-0.00048291328861193076,-0.00048291328861193076,0.7256766884632935,0.7256766884632935,0.7256766884632935,0.001996298902390797,0.001996298902390797,0.001996298902390797,-0.0035251053173163656,-0.0035251053173163656,-0.0035251053173163656,0.001893555551458228,0.001893555551458228,0.001893555551458228,0.0025708885113566145,0.0025708885113566145,0.0025708885113566145,-0.001017125399147304,-0.001017125399147304,-0.001017125399147304,0.0003708225887248002,0.0003708225887248002,0.0003708225887248002,0.00015241092972539437,0.00015241092972539437,0.00015241092972539437,0.7552322831950842,0.7552322831950842,0.7552322831950842,0.0016395020636908943,0.0016395020636908943,0.0016395020636908943,-0.0009276556647441612,-0.0009276556647441612,-0.0009276556647441612,0.0,0.0,0.0,-0.011442087496453812,-0.011442087496453812,-0.011442087496453812,-0.002000673843394856,-0.002000673843394856,-0.002000673843394856,0.03900138332585379,0.03900138332585379,0.03900138332585379,0.0,0.0,0.0,1.3336737032976806
239,2025-08-14 23:00:00,0.7593651205234574,0.9702339226837239,1.6303254969968652,0.5555909191744165,0.935344746236971,-0.0015755055671452215,-0.0015755055671452215,-0.0015755055671452215,0.004911924932233331,0.004911924932233331,0.004911924932233331,0.0017423959672023884,0.0017423959672023884,0.0017423959672023884,0.7256766884631438,0.7256766884631438,0.7256766884631438,0.00929927241259124,0.00929927241259124,0.00929927241259124,-0.0034856363966399035,-0.0034856363966399035,-0.0034856363966399035,0.001880617928488119,0.001880617928488119,0.001880617928488119,0.003373435614948463,0.003373435614948463,0.003373435614948463,-0.0006491556278259613,-0.0006491556278259613,-0.0006491556278259613,0.0005239447286798654,0.0005239447286798654,0.0005239447286798654,0.001191651967773656,0.001191651967773656,0.001191651967773656,0.7438743317815313,0.7438743317815313,0.7438743317815313,0.0016326696404307653,0.0016326696404307653,0.0016326696404307653,-0.0008777361720471505,-0.0008777361720471505,-0.0008777361720471505,0.0,0.0,0.0,-0.012409812370640847,-0.012409812370640847,-0.012409812370640847,0.0006306653964928884,0.0006306653964928884,0.0006306653964928884,0.02130818327643706,0.02130818327643706,0.02130818327643706,0.0,0.0,0.0,1.3242373421310463
240,2025-08-17 23:00:00,0.7579780750075696,0.9267667423505807,1.5968407325244574,0.5461865435702333,0.9402881566728464,-0.0013874628202570722,-0.0013874628202570722,-0.0013874628202570722,0.005045772577359927,0.005045772577359927,0.005045772577359927,0.0016747334709118834,0.0016747334709118834,0.0016747334709118834,0.7256766884640984,0.7256766884640984,0.7256766884640984,0.010747169271724706,0.010747169271724706,0.010747169271724706,-0.0034391123149728415,-0.0034391123149728415,-0.0034391123149728415,0.001869624493907395,0.001869624493907395,0.001869624493907395,0.003977801892468531,0.003977801892468531,0.003977801892468531,0.0003633806417826483,0.0003633806417826483,0.0003633806417826483,0.0006737536802804186,0.0006737536802804186,0.0006737536802804186,0.0009093545069590545,0.0009093545069590545,0.0009093545069590545,0.6968839887717786,0.6968839887717786,0.6968839887717786,0.0011855300578726133,0.0011855300578726133,0.0011855300578726133,-0.0008865919820596088,-0.0008865919820596088,-0.0008865919820596088,0.0,0.0,0.0,-0.011437184251582832,-0.011437184251582832,-0.011437184251582832,0.0007603850674717589,0.0007603850674717589,0.0007603850674717589,-0.028102684712461936,-0.028102684712461936,-0.028102684712461936,0.0,0.0,0.0,1.286200859320399
241,2025-08-18 23:00:00,0.7575157265022737,0.9026594808237226,1.5902710154646897,0.5379239634722216,0.9461578791460129,-0.0011172555982590401,-0.0011172555982590401,-0.0011172555982590401,0.0057016707181901695,0.0057016707181901695,0.0057016707181901695,0.001974517964596875,0.001974517964596875,0.001974517964596875,0.7256766884682,0.7256766884682,0.7256766884682,0.010030579587038192,0.010030579587038192,0.010030579587038192,-0.0033745407706888913,-0.0033745407706888913,-0.0033745407706888913,0.0018605044541859953,0.0018605044541859953,0.0018605044541859953,0.0041379105500683735,0.0041379105500683735,0.0041379105500683735,0.0003309538458238304,0.0003309538458238304,0.0003309538458238304,0.0010599334867577891,0.0010599334867577891,0.0010599334867577891,0.0003891143670762353,0.0003891143670762353,0.0003891143670762353,0.6799309022395859,0.6799309022395859,0.6799309022395859,0.00016519105672619375,0.00016519105672619375,0.00016519105672619375,-0.000977192907695072,-0.000977192907695072,-0.000977192907695072,0.0,0.0,0.0,-0.012545354456421362,-0.012545354456421362,-0.012545354456421362,-0.00012022757974426658,-0.00012022757974426658,-0.00012022757974426658,-0.043231011359230846,-0.043231011359230846,-0.043231011359230846,0.0,0.0,0.0,1.27257407788364
242,2025-08-19 23:00:00,0.757053377996978,0.8892785607401923,1.5979484312582135,0.530484354608003,0.9523731584364169,-0.000801598684921488,-0.000801598684921488,-0.000801598684921488,0.00597742431325829,0.00597742431325829,0.00597742431325829,0.004165848157004017,0.004165848157004017,0.004165848157004017,0.7256766884609517,0.7256766884609517,0.7256766884609517,0.021755471658703077,0.021755471658703077,0.021755471658703077,-0.0032407450301684534,-0.0032407450301684534,-0.0032407450301684534,0.0018430333062552115,0.0018430333062552115,0.0018430333062552115,0.005412006661038573,0.005412006661038573,0.005412006661038573,0.0011025027478345803,0.0011025027478345803,0.0011025027478345803,0.002542814980057414,0.002542814980057414,0.002542814980057414,0.0014301870898631112,0.0014301870898631112,0.0014301870898631112,0.6773552048982902,0.6773552048982902,0.6773552048982902,0.0004091104444353976,0.0004091104444353976,0.0004091104444353976,-0.001118325317580727,-0.001118325317580727,-0.001118325317580727,0.0,0.0,0.0,-0.012431608456341444,-0.012431608456341444,-0.012431608456341444,0.004033212991627152,0.004033212991627152,0.004033212991627152,-0.05764534676502309,-0.05764534676502309,-0.05764534676502309,0.0,0.0,0.0,1.2698474239690638
243,2025-08-20 23:00:00,0.7565910294916821,0.8717245407239763,1.5965255653201298,0.5230787986209199,0.9584990804116794,-0.0004486112971852655,-0.0004486112971852655,-0.0004486112971852655,0.006124675871344809,0.006124675871344809,0.006124675871344809,0.004110519330256367,0.004110519330256367,0.004110519330256367,0.7256766884650532,0.7256766884650532,0.7256766884650532,0.023058585010608604,0.023058585010608604,0.023058585010608604,-0.0031020412720722287,-0.0031020412720722287,-0.0031020412720722287,0.0018247314931686164,0.0018247314931686164,0.0018247314931686164,0.00645597824142632,0.00645597824142632,0.00645597824142632,0.0015892630696187776,0.0015892630696187776,0.0015892630696187776,0.0026480502399400295,0.0026480502399400295,0.0026480502399400295,0.001804520166082047,0.001804520166082047,0.001804520166082047,0.6659643322269286,0.6659643322269286,0.6659643322269286,-9.254378325727411e-05,-9.254378325727411e-05,-9.254378325727411e-05,-0.0011268602958757906,-0.0011268602958757906,-0.0011268602958757906,0.0,0.0,0.0,-0.011442087496461112,-0.011442087496461112,-0.011442087496461112,0.003270903247162196,0.003270903247162196,0.003270903247162196,-0.07132885375227199,-0.07132885375227199,-0.07132885375227199,0.0,0.0,0.0,1.2604536692159947
244,2025-08-21 23:00:00,0.7561286809863862,0.8544020728292566,1.5965133720250009,0.5165946066047941,0.9646241354736721,-0.000382151496973901,-0.000382151496973901,-0.000382151496973901,0.006392403075676326,0.006392403075676326,0.006392403075676326,0.003122265977225278,0.003122265977225278,0.003122265977225278,0.7256766884649035,0.7256766884649035,0.7256766884649035,0.026989162496244997,0.026989162496244997,0.026989162496244997,-0.0029692170179563475,-0.0029692170179563475,-0.0029692170179563475,0.001797875251168682,0.001797875251168682,0.001797875251168682,0.0077042413743410275,0.0077042413743410275,0.0077042413743410275,0.0020237608769604794,0.0020237608769604794,0.0020237608769604794,0.0025145702083803735,0.0025145702083803735,0.0025145702083803735,0.0012866860871446589,0.0012866860871446589,0.0012866860871446589,0.6559860216094435,0.6559860216094435,0.6559860216094435,0.00279892147169276,0.00279892147169276,0.00279892147169276,-0.0011460935933604887,-0.0011460935933604887,-0.0011460935933604887,0.0,0.0,0.0,-0.012409812370612394,-0.012409812370612394,-0.012409812370612394,0.003845900281946152,0.003845900281946152,0.003845900281946152,-0.0842700169810925,-0.0842700169810925,-0.0842700169810925,0.0,0.0,0.0,1.2521385262514417
245,2025-08-24 23:00:00,0.7547416354704984,0.8203878399747689,1.5632807466795173,0.508511135188667,0.96981123428314,-0.0003951497288886601,-0.0003951497288886601,-0.0003951497288886601,0.0066319980198318905,0.0066319980198318905,0.0066319980198318905,0.0007266906000561127,0.0007266906000561127,0.0007266906000561127,0.7256766884658582,0.7256766884658582,0.7256766884658582,0.015073818864305363,0.015073818864305363,0.015073818864305363,-0.0029044413030666527,-0.0029044413030666527,-0.0029044413030666527,0.0017762418229200893,0.0017762418229200893,0.0017762418229200893,0.007207457590788573,0.007207457590788573,0.007207457590788573,0.0008616630790711935,0.0008616630790711935,0.0008616630790711935,0.0010616265631035085,0.0010616265631035085,0.0010616265631035085,0.0001650392683965458,0.0001650392683965458,0.0001650392683965458,0.6107188693115027,0.6107188693115027,0.6107188693115027,0.0008842274465686317,0.0008842274465686317,0.0008842274465686317,-0.0010034674475364676,-0.0010034674475364676,-0.0010034674475364676,0.0,0.0,0.0,-0.011437184251571303,-0.011437184251571303,-0.011437184251571303,6.193295306059725e-05,6.193295306059725e-05,6.193295306059725e-05,-0.11859445376708959,-0.11859445376708959,-0.11859445376708959,0.0,0.0,0.0,1.2156765937073555
246,2025-08-25 23:00:00,0.7542792869652026,0.8058507185426845,1.5659064147134494,0.5023754359547316,0.9766270196299832,-0.0003247868775152624,-0.0003247868775152624,-0.0003247868775152624,0.007186170035520979,0.007186170035520979,0.007186170035520979,0.0012554224798933774,0.0012554224798933774,0.0012554224798933774,0.7256766884657085,0.7256766884657085,0.7256766884657085,0.0191881701589624,0.0191881701589624,0.0191881701589624,-0.0028405346845464014,-0.0028405346845464014,-0.0028405346845464014,0.0017510735641530469,0.0017510735641530469,0.0017510735641530469,0.007295273566931784,0.007295273566931784,0.007295273566931784,0.0009799498364064447,0.0009799498364064447,0.0009799498364064447,0.001040060729365051,0.001040060729365051,0.001040060729365051,0.0008280344634997643,0.0008280344634997643,0.0008280344634997643,0.6037778737505817,0.6037778737505817,0.6037778737505817,0.001350833357690015,0.001350833357690015,0.001350833357690015,-0.0010071135536534517,-0.0010071135536534517,-0.0010071135536534517,0.0,0.0,0.0,-0.012545354456405112,-0.012545354456405112,-0.012545354456405112,0.0016737872412170489,0.0016737872412170489,0.0016737872412170489,-0.12854163041768413,-0.12854163041768413,-0.12854163041768413,0.0,0.0,0.0,1.2096964310631575
247,2025-08-26 23:00:00,0.7538169384599067,0.7889874336981163,1.563933921754186,0.49652632016497256,0.9837968093873797,-0.00026631186469450315,-0.00026631186469450315,-0.00026631186469450315,0.007800579874332971,0.007800579874332971,0.007800579874332971,0.0005858510384567697,0.0005858510384567697,0.0005858510384567697,0.7256766884584602,0.7256766884584602,0.7256766884584602,0.015013611983415363,0.015013611983415363,0.015013611983415363,-0.002810115092687156,-0.002810115092687156,-0.002810115092687156,0.0017378354900701614,0.0017378354900701614,0.0017378354900701614,0.006765082289727948,0.006765082289727948,0.006765082289727948,0.0007053873258808387,0.0007053873258808387,0.0007053873258808387,0.00033111223279010815,0.00033111223279010815,0.00033111223279010815,-0.0005410918349472496,-0.0005410918349472496,-0.0005410918349472496,0.5905055079233844,0.5905055079233844,0.5905055079233844,0.0014934882425463466,0.0014934882425463466,0.0014934882425463466,-0.0010183305137859806,-0.0010183305137859806,-0.0010183305137859806,0.0,0.0,0.0,-0.012431608456364783,-0.012431608456364783,-0.012431608456364783,0.0002301247957251075,0.0002301247957251075,0.0002301247957251075,-0.1377531840621263,-0.1377531840621263,-0.1377531840621263,0.0,0.0,0.0,1.1989499925864247
248,2025-08-27 23:00:00,0.7533545899546108,0.7674772541829473,1.554565162619311,0.48694415687978615,0.9906742106133296,-0.0005908632244104118,-0.0005908632244104118,-0.0005908632244104118,0.007752389615834757,0.007752389615834757,0.007752389615834757,-0.0023155033803789553,-0.0023155033803789553,-0.0023155033803789553,0.7256766884625617,0.7256766884625617,0.7256766884625617,0.0031955972348912858,0.0031955972348912858,0.0031955972348912858,-0.0028325080371512656,-0.0028325080371512656,-0.0028325080371512656,0.0017302886047903154,0.0017302886047903154,0.0017302886047903154,0.005259229270691155,0.005259229270691155,0.005259229270691155,0.0002708264935880417,0.0002708264935880417,0.0002708264935880417,-0.0007791054845824257,-0.0007791054845824257,-0.0007791054845824257,-0.001434270941136083,-0.001434270941136083,-0.001434270941136083,0.5711895673896525,0.5711895673896525,0.5711895673896525,0.0004494702116703268,0.0004494702116703268,0.0004494702116703268,-0.0010131714696704577,-0.0010131714696704577,-0.0010131714696704577,0.0,0.0,0.0,-0.011442087496468405,-0.011442087496468405,-0.011442087496468405,-0.0033011844243537097,-0.0033011844243537097,-0.0033011844243537097,-0.14624063081133212,-0.14624063081133212,-0.14624063081133212,0.0,0.0,0.0,1.1836628722817941
249,2025-08-28 23:00:00,0.7528922414493149,0.746991426010605,1.5479817691435185,0.48025862456091206,0.995291018446505,-0.0008549128855286001,-0.0008549128855286001,-0.0008549128855286001,0.008579634444000356,0.008579634444000356,0.008579634444000356,-0.003164227667377245,-0.003164227667377245,-0.003164227667377245,0.7256766884666632,0.7256766884666632,0.7256766884666632,-0.0037662915625012094,-0.0037662915625012094,-0.0037662915625012094,-0.0028873147413012133,-0.0028873147413012133,-0.0028873147413012133,0.001725490025481889,0.001725490025481889,0.001725490025481889,0.003394980509467439,0.003394980509467439,0.003394980509467439,-0.0008947585124878506,-0.0008947585124878506,-0.0008947585124878506,-0.0014564059994232278,-0.0014564059994232278,-0.0014564059994232278,-0.002329235347682266,-0.002329235347682266,-0.002329235347682266,0.5554824236181977,0.5554824236181977,0.5554824236181977,-0.0005014857836041155,-0.0005014857836041155,-0.0005014857836041155,-0.001030760801229861,-0.001030760801229861,-0.001030760801229861,0.0,0.0,0.0,-0.012409812370603682,-0.012409812370603682,-0.012409812370603682,-0.0043472948028165145,-0.0043472948028165145,-0.0043472948028165145,-0.15401816091536064,-0.15401816091536064,-0.15401816091536064,0.0,0.0,0.0,1.1711106484529175
250,2025-08-31 23:00:00,0.7515051959334274,0.7261285823920357,1.5364278676901282,0.47241864977668163,0.999876211247177,-0.0011001018565669177,-0.0011001018565669177,-0.0011001018565669177,0.00950057900657024,0.00950057900657024,0.00950057900657024,-0.0032136423413958864,-0.0032136423413958864,-0.0032136423413958864,0.725676688467618,0.725676688467618,0.725676688467618,-0.004870398058633558,-0.004870398058633558,-0.004870398058633558,-0.002907714127403189,-0.002907714127403189,-0.002907714127403189,0.0017255695628557051,0.0017255695628557051,0.0017255695628557051,0.0016562158636174939,0.0016562158636174939,0.0016562158636174939,-0.0010618060516974543,-0.0010618060516974543,-0.0010618060516974543,-0.0007387434510305564,-0.0007387434510305564,-0.0007387434510305564,-0.0014234445256603196,-0.0014234445256603196,-0.0014234445256603196,0.5361003546463327,0.5361003546463327,0.5361003546463327,-0.0010958070019510585,-0.0010958070019510585,-0.0010958070019510585,-0.0012464381459485504,-0.0012464381459485504,-0.0012464381459485504,0.0,0.0,0.0,-0.011437184251602108,-0.011437184251602108,-0.011437184251602108,-0.004965064990023063,-0.004965064990023063,-0.004965064990023063,-0.1732687515110495,-0.1732687515110495,-0.1732687515110495,0.0,0.0,0.0,1.1543873979918995
251,2025-09-01 23:00:00,0.7510428474281314,0.7117029294985877,1.5408453822313288,0.4644591622654758,1.006065857555258,-0.0012362660060485824,-0.0012362660060485824,-0.0012362660060485824,0.00912175889506503,0.00912175889506503,0.00912175889506503,-0.002208757444077387,-0.002208757444077387,-0.002208757444077387,0.7256766884674684,0.7256766884674684,0.7256766884674684,-0.00473270510233438,-0.00473270510233438,-0.00473270510233438,-0.002918245673871476,-0.002918245673871476,-0.002918245673871476,0.0017239081271965895,0.0017239081271965895,0.0017239081271965895,0.00042443085276957647,0.00042443085276957647,0.00042443085276957647,-0.0007872096338728995,-0.0007872096338728995,-0.0007872096338728995,-0.0005312084282084464,-0.0005312084282084464,-0.0005312084282084464,-0.0017473976971220295,-0.0017473976971220295,-0.0017473976971220295,0.5300038471324886,0.5300038471324886,0.5300038471324886,-0.0008512906616418274,-0.0008512906616418274,-0.0008512906616418274,-0.001245092748199711,-0.001245092748199711,-0.001245092748199711,0.0,0.0,0.0,-0.012545354456388857,-0.012545354456388857,-0.012545354456388857,-0.004477334684323217,-0.004477334684323217,-0.004477334684323217,-0.1783947817762565,-0.1783947817762565,-0.1783947817762565,0.0,0.0,0.0,1.1490984459263798
252,2025-09-02 23:00:00,0.7505804989228355,0.7001330186604092,1.5483806258903017,0.4565945264804603,1.0125554481705112,-0.001362704144852985,-0.001362704144852985,-0.001362704144852985,0.008866095212397226,0.008866095212397226,0.008866095212397226,-0.0014025014911421647,-0.0014025014911421647,-0.0014025014911421647,0.72567668846022,0.72567668846022,0.72567668846022,-0.0005676569106517114,-0.0005676569106517114,-0.0005676569106517114,-0.002911189903416417,-0.002911189903416417,-0.002911189903416417,0.0017187913983928496,0.0017187913983928496,0.0017187913983928496,0.00013950534135945584,0.00013950534135945584,0.00013950534135945584,-0.0011196156892492016,-0.0011196156892492016,-0.0011196156892492016,-0.00016077815832149736,-0.00016077815832149736,-0.00016077815832149736,-0.0007906236754616109,-0.0007906236754616109,-0.0007906236754616109,0.5297622610224503,0.5297622610224503,0.5297622610224503,0.000110761329594563,0.000110761329594563,0.000110761329594563,-0.0011885449057600353,-0.0011885449057600353,-0.0011885449057600353,0.0,0.0,0.0,-0.012431608456351871,-0.012431608456351871,-0.012431608456351871,-0.0024668522241918936,-0.0024668522241918936,-0.0024668522241918936,-0.18291516207076605,-0.18291516207076605,-0.18291516207076605,0.0,0.0,0.0,1.1482097211115556
253,2025-09-03 23:00:00,0.7501181504175396,0.6832314398251478,1.5609596667099057,0.4487298906954447,1.0197692546487553,-0.0013326105837991361,-0.0013326105837991361,-0.0013326105837991361,0.008729582741717786,0.008729582741717786,0.008729582741717786,-0.0006227790096483177,-0.0006227790096483177,-0.0006227790096483177,0.7256766884643215,0.7256766884643215,0.7256766884643215,0.0008934656815336194,0.0008934656815336194,0.0008934656815336194,-0.002883632966288773,-0.002883632966288773,-0.002883632966288773,0.001711624396252103,0.001711624396252103,0.001711624396252103,5.64177612189621e-05,5.64177612189621e-05,5.64177612189621e-05,-0.0010965865412135467,-0.0010965865412135467,-0.0010965865412135467,0.0002723044979735261,0.0002723044979735261,0.0002723044979735261,0.00013344413928311735,0.00013344413928311735,0.00013344413928311735,0.5282716502095633,0.5282716502095633,0.5282716502095633,-0.0008418441556311086,-0.0008418441556311086,-0.0008418441556311086,-0.0012316270662342896,-0.0012316270662342896,-0.0012316270662342896,0.0,0.0,0.0,-0.011442087496436635,-0.011442087496436635,-0.011442087496436635,-0.002000827532096703,-0.002000827532096703,-0.002000827532096703,-0.18685641643985512,-0.18685641643985512,-0.18685641643985512,0.0,0.0,0.0,1.1463843035907586
254,2025-09-04 23:00:00,0.7496558019122437,0.6719901653193419,1.5690891694586964,0.4409402736673645,1.028567760936122,-0.0014797148577976897,-0.0014797148577976897,-0.0014797148577976897,0.008136603206602321,0.008136603206602321,0.008136603206602321,-0.00088546052574144,-0.00088546052574144,-0.00088546052574144,0.7256766884684229,0.7256766884684229,0.7256766884684229,0.002896344357038318,0.002896344357038318,0.002896344357038318,-0.002841454366468887,-0.002841454366468887,-0.002841454366468887,0.001696433284588545,0.001696433284588545,0.001696433284588545,0.00038592759800200815,0.00038592759800200815,0.00038592759800200815,-0.0011658108810024984,-0.0011658108810024984,-0.0011658108810024984,0.0005813752925358644,0.0005813752925358644,0.0005813752925358644,0.0009540189919614003,0.0009540189919614003,0.0009540189919614003,0.5259165286279915,0.5259165286279915,0.5259165286279915,-0.00044958017514072,-0.00044958017514072,-0.00044958017514072,-0.001221933022246513,-0.001221933022246513,-0.001221933022246513,0.0,0.0,0.0,-0.012409812370594969,-0.012409812370594969,-0.012409812370594969,-0.0008140601882540727,-0.0008140601882540727,-0.0008140601882540727,-0.19024669182687481,-0.19024669182687481,-0.19024669182687481,0.0,0.0,0.0,1.1439121789197642
255,2025-09-07 23:00:00,0.748268756396356,0.6573309869224354,1.5774061287788883,0.43184836485900546,1.0346295839069295,-0.001593440312139332,-0.001593440312139332,-0.001593440312139332,0.00823430815785539,0.00823430815785539,0.00823430815785539,-9.641816458319664e-05,-9.641816458319664e-05,-9.641816458319664e-05,0.7256766884651266,0.7256766884651266,0.7256766884651266,0.0074905881261489934,0.0074905881261489934,0.0074905881261489934,-0.0027998894973951787,-0.0027998894973951787,-0.0027998894973951787,0.0016829477491929034,0.0016829477491929034,0.0016829477491929034,0.000979658472984526,0.000979658472984526,0.000979658472984526,-3.3804151381430554e-05,-3.3804151381430554e-05,-3.3804151381430554e-05,0.0005671249482908804,0.0005671249482908804,0.0005671249482908804,0.0014212657879498118,0.0014212657879498118,0.0014212657879498118,0.524315145075012,0.524315145075012,0.524315145075012,0.00013690496648736597,0.00013690496648736597,0.00013690496648736597,-0.001223605088189024,-0.001223605088189024,-0.001223605088189024,0.0,0.0,0.0,-0.011437184251632915,-0.011437184251632915,-0.011437184251632915,0.00021553525707627738,0.00021553525707627738,0.00021553525707627738,-0.1974149472646307,-0.1974149472646307,-0.1974149472646307,0.0,0.0,0.0,1.1405973979614104
256,2025-09-08 23:00:00,0.7478064078910601,0.6465772157345764,1.582443340916315,0.4261130924754367,1.0444975470221038,-0.0016990425197422857,-0.0016990425197422857,-0.0016990425197422857,0.008354783804100655,0.008354783804100655,0.008354783804100655,-0.0005001840291584893,-0.0005001840291584893,-0.0005001840291584893,0.7256766884578784,0.7256766884578784,0.7256766884578784,0.0004968050167437155,0.0004968050167437155,0.0004968050167437155,-0.00278899958580396,-0.00278899958580396,-0.00278899958580396,0.0016661924376265632,0.0016661924376265632,0.0016661924376265632,0.0006681140566596995,0.0006681140566596995,0.0006681140566596995,-0.0009046211763518502,-0.0009046211763518502,-0.0009046211763518502,-8.008156847318337e-05,-8.008156847318337e-05,-8.008156847318337e-05,0.0006843343199166864,0.0006843343199166864,0.0006843343199166864,0.5147172423995773,0.5147172423995773,0.5147172423995773,-0.0018378722631348728,-0.0018378722631348728,-0.0018378722631348728,-0.0011679633913396774,-0.0011679633913396774,-0.0011679633913396774,0.0,0.0,0.0,-0.012545354456420039,-0.012545354456420039,-0.012545354456420039,-0.0018978550675555698,-0.0018978550675555698,-0.0018978550675555698,-0.19891089661862466,-0.19891089661862466,-0.19891089661862466,0.0,0.0,0.0,1.13271526000948
257,2025-09-09 23:00:00,0.7473440593857642,0.6410012161087708,1.5991383058309545,0.4204649003375774,1.0514403620004447,-0.00168720482148504,-0.00168720482148504,-0.00168720482148504,0.00783809487358103,0.00783809487358103,0.00783809487358103,0.0015955299297873836,0.0015955299297873836,0.0015955299297873836,0.7256766884619799,0.7256766884619799,0.7256766884619799,0.008426024257241354,0.008426024257241354,0.008426024257241354,-0.002749633055162612,-0.002749633055162612,-0.002749633055162612,0.001648314753635381,0.001648314753635381,0.001648314753635381,0.0013777720476945714,0.0013777720476945714,0.0013777720476945714,6.65862899600515e-05,6.65862899600515e-05,6.65862899600515e-05,0.0005197487306587564,0.0005197487306587564,0.0005197487306587564,0.000904089195118717,0.000904089195118717,0.000904089195118717,0.5216547593379981,0.5216547593379981,0.5216547593379981,-0.0009093335819254239,-0.0009093335819254239,-0.0009093335819254239,-0.001076297789677521,-0.001076297789677521,-0.001076297789677521,0.0,0.0,0.0,-0.012431608456357083,-0.012431608456357083,-0.012431608456357083,0.0008983576850560601,0.0008983576850560601,0.0008983576850560601,-0.20001634492486603,-0.20001634492486603,-0.20001634492486603,0.0,0.0,0.0,1.1371996448273276
258,2025-09-10 23:00:00,0.7468817108804683,0.6348660406581312,1.619285202780943,0.4148169863259971,1.0583894463557422,-0.0015706824600170363,-0.0015706824600170363,-0.0015706824600170363,0.00817140550917991,0.00817140550917991,0.00817140550917991,0.0029941629566814427,0.0029941629566814427,0.0029941629566814427,0.7256766884660814,0.7256766884660814,0.7256766884660814,0.015599174473229598,0.015599174473229598,0.015599174473229598,-0.0026895093827609294,-0.0026895093827609294,-0.0026895093827609294,0.0016233408610335325,0.0016233408610335325,0.0016233408610335325,0.002336202275118558,0.002336202275118558,0.002336202275118558,0.001013379525905416,0.001013379525905416,0.001013379525905416,0.0009585379253496675,0.0009585379253496675,0.0009585379253496675,0.001125096339497458,0.001125096339497458,0.001125096339497458,0.5290676588979645,0.5290676588979645,0.5290676588979645,-0.00099391004325509,-0.00099391004325509,-0.00099391004325509,-0.0010829523982906993,-0.0010829523982906993,-0.0010829523982906993,0.0,0.0,0.0,-0.011442087496443036,-0.011442087496443036,-0.011442087496443036,0.0037141033647873694,0.0037141033647873694,0.0037141033647873694,-0.2007661165449035,-0.2007661165449035,-0.2007661165449035,0.0,0.0,0.0,1.142032669129704
