ds,trend,yhat_lower,yhat_upper,trend_lower,trend_upper,day_cos,day_cos_lower,day_cos_upper,day_sin,day_sin_lower,day_sin_upper,extra_regressors_multiplicative,extra_regressors_multiplicative_lower,extra_regressors_multiplicative_upper,hour_cos,hour_cos_lower,hour_cos_upper,hour_sin,hour_sin_lower,hour_sin_upper,market_session,market_session_lower,market_session_upper,momentum_lag_10,momentum_lag_10_lower,momentum_lag_10_upper,momentum_lag_20,momentum_lag_20_lower,momentum_lag_20_upper,multiplicative_terms,multiplicative_terms_lower,multiplicative_terms_upper,return_regime,return_regime_lower,return_regime_upper,returns_lag_1,returns_lag_1_lower,returns_lag_1_upper,returns_lag_2,returns_lag_2_lower,returns_lag_2_upper,returns_lag_5,returns_lag_5_lower,returns_lag_5_upper,volatility_lag_20,volatility_lag_20_lower,volatility_lag_20_upper,volatility_lag_5,volatility_lag_5_lower,volatility_lag_5_upper,volatility_regime,volatility_regime_lower,volatility_regime_upper,weekly,weekly_lower,weekly_upper,additive_terms,additive_terms_lower,additive_terms_upper,yhat
2025-08-20 22:00:00,0.8057990752534867,0.8027408808784879,0.8048386961012065,0.8057990752534867,0.8057990752534867,-3.754747288272094e-05,-3.754747288272094e-05,-3.754747288272094e-05,-0.0006035355648785417,-0.0006035355648785417,-0.0006035355648785417,-0.0027845247308888174,-0.0027845247308888174,-0.0027845247308888174,-9.831165120799493e-05,-9.831165120799493e-05,-9.831165120799493e-05,-0.00013863080964651373,-0.00013863080964651373,-0.00013863080964651373,0.00010167736328260952,0.00010167736328260952,0.00010167736328260952,-0.0007315423514143958,-0.0007315423514143958,-0.0007315423514143958,-0.0012564484208999647,-0.0012564484208999647,-0.0012564484208999647,-0.0024783536152520134,-0.0024783536152520134,-0.0024783536152520134,0.00025832184392415863,0.00025832184392415863,0.00025832184392415863,-0.0002626864830568573,-0.0002626864830568573,-0.0002626864830568573,1.4229133608574486e-05,1.4229133608574486e-05,1.4229133608574486e-05,4.61828685532025e-06,4.61828685532025e-06,4.61828685532025e-06,2.2507482728996394e-05,2.2507482728996394e-05,2.2507482728996394e-05,5.231001532133336e-06,5.231001532133336e-06,5.231001532133336e-06,-6.240708883362126e-05,-6.240708883362126e-05,-6.240708883362126e-05,0.00030617111563680443,0.00030617111563680443,0.00030617111563680443,0.0,0.0,0.0,0.8038020202021655
2025-08-20 23:00:00,0.8056453706569837,0.8032921731501782,0.8048661249271346,0.8056453706569837,0.8056453706569837,-3.754747288272094e-05,-3.754747288272094e-05,-3.754747288272094e-05,-0.0006035355648785417,-0.0006035355648785417,-0.0006035355648785417,-0.00240589791973596,-0.00240589791973596,-0.00240589791973596,-0.00010964292099379478,-0.00010964292099379478,-0.00010964292099379478,-7.579096915067973e-05,-7.579096915067973e-05,-7.579096915067973e-05,0.00010167736328260952,0.00010167736328260952,0.00010167736328260952,-0.00030102116509923203,-0.00030102116509923203,-0.00030102116509923203,-0.0011277909931139672,-0.0011277909931139672,-0.0011277909931139672,-0.002049230328650734,-0.002049230328650734,-0.002049230328650734,-0.00026719888323426715,-0.00026719888323426715,-0.00026719888323426715,0.00019406019020528058,0.00019406019020528058,0.00019406019020528058,-0.0001293087184238275,-0.0001293087184238275,-0.0001293087184238275,-5.3242177742284466e-06,-5.3242177742284466e-06,-5.3242177742284466e-06,1.8972349658262834e-05,1.8972349658262834e-05,1.8972349658262834e-05,1.573048316391374e-05,1.573048316391374e-05,1.573048316391374e-05,-7.917740049476686e-05,-7.917740049476686e-05,-7.917740049476686e-05,0.0003566675910852252,0.0003566675910852252,0.0003566675910852252,0.0,0.0,0.0,0.8039944177292964
2025-08-21 00:00:00,0.8054916660604808,0.803829291613231,0.8054492198370022,0.8054916660604808,0.8054916660604808,-0.0003652961656261313,-0.0003652961656261313,-0.0003652961656261313,-0.00012308895569287226,-0.00012308895569287226,-0.00012308895569287226,-0.0015411518712714289,-0.0015411518712714289,-0.0015411518712714289,-0.0001135078061000503,-0.0001135078061000503,-0.0001135078061000503,-8.35551381615682e-06,-8.35551381615682e-06,-8.35551381615682e-06,2.6436114453478476e-05,2.6436114453478476e-05,2.6436114453478476e-05,-0.000170678482417578,-0.000170678482417578,-0.000170678482417578,-0.0009435524732072298,-0.0009435524732072298,-0.0009435524732072298,-0.001116142871274857,-0.001116142871274857,-0.001116142871274857,-4.438519655054272e-06,-4.438519655054272e-06,-4.438519655054272e-06,9.464810801135018e-05,9.464810801135018e-05,9.464810801135018e-05,9.588589067538042e-05,9.588589067538042e-05,9.588589067538042e-05,-5.521623519623906e-07,-5.521623519623906e-07,-5.521623519623906e-07,1.7829696037601733e-05,1.7829696037601733e-05,1.7829696037601733e-05,4.387600668665957e-05,4.387600668665957e-05,4.387600668665957e-05,-9.035760826886394e-05,-9.035760826886394e-05,-9.035760826886394e-05,0.00042500899999657225,0.00042500899999657225,0.00042500899999657225,0.0,0.0,0.0,0.8045926222795362
2025-08-21 01:00:00,0.805337961463978,0.803773305476174,0.8057773103111301,0.805337961463978,0.805337961463978,-0.0003652961656261313,-0.0003652961656261313,-0.0003652961656261313,-0.00012308895569287226,-0.00012308895569287226,-0.00012308895569287226,-0.0011606794332475422,-0.0011606794332475422,-0.0011606794332475422,-0.0001096429209937948,-0.0001096429209937948,-0.0001096429209937948,5.907994151836588e-05,5.907994151836588e-05,5.907994151836588e-05,2.6436114453478476e-05,2.6436114453478476e-05,2.6436114453478476e-05,0.00015128238324551172,0.00015128238324551172,0.00015128238324551172,-0.0008920962114357551,-0.0008920962114357551,-0.0008920962114357551,-0.0006501977444012368,-0.0006501977444012368,-0.0006501977444012368,-4.438519655054272e-06,-4.438519655054272e-06,-4.438519655054272e-06,9.462028632617695e-05,9.462028632617695e-05,9.462028632617695e-05,4.687170775969664e-05,4.687170775969664e-05,4.687170775969664e-05,-5.517321055438769e-07,-5.517321055438769e-07,-5.517321055438769e-07,1.695337565601659e-05,1.695337565601659e-05,1.695337565601659e-05,4.072907934532425e-05,4.072907934532425e-05,4.072907934532425e-05,-0.00010153781604296103,-0.00010153781604296103,-0.00010153781604296103,0.0005104816888463052,0.0005104816888463052,0.0005104816888463052,0.0,0.0,0.0,0.8048143325379534
2025-08-21 02:00:00,0.8051842568674752,0.8040293232533641,0.805807962553631,0.8051842568674752,0.8051842568674752,-0.0003652961656261313,-0.0003652961656261313,-0.0003652961656261313,-0.00012308895569287226,-0.00012308895569287226,-0.00012308895569287226,-0.0010503329978596432,-0.0010503329978596432,-0.0010503329978596432,-9.831165120799497e-05,-9.831165120799497e-05,-9.831165120799497e-05,0.00012191978201419997,0.00012191978201419997,0.00012191978201419997,2.6436114453478476e-05,2.6436114453478476e-05,2.6436114453478476e-05,0.00015697252057775981,0.00015697252057775981,0.00015697252057775981,-0.0006767496850481701,-0.0006767496850481701,-0.0006767496850481701,-0.00043826218307777,-0.00043826218307777,-0.00043826218307777,-0.00026719888323426715,-0.00026719888323426715,-0.00026719888323426715,0.00020374685670753432,0.00020374685670753432,0.00020374685670753432,4.685799054207069e-05,4.685799054207069e-05,4.685799054207069e-05,5.3554655265908465e-06,5.3554655265908465e-06,5.3554655265908465e-06,1.3519479821912018e-05,1.3519479821912018e-05,1.3519479821912018e-05,2.660731295387753e-05,2.660731295387753e-05,2.660731295387753e-05,-0.0001211031796476309,-0.0001211031796476309,-0.0001211031796476309,0.0006120708147818732,0.0006120708147818732,0.0006120708147818732,0.0,0.0,0.0,0.8048313750572806
2025-08-21 03:00:00,0.8050305522709722,0.804074719472623,0.80569039759453,0.8050305522709722,0.8050305522709722,-0.0003652961656261313,-0.0003652961656261313,-0.0003652961656261313,-0.00012308895569287226,-0.00012308895569287226,-0.00012308895569287226,-0.0007083380956037779,-0.0007083380956037779,-0.0007083380956037779,-8.028620405274437e-05,-8.028620405274437e-05,-8.028620405274437e-05,0.0001758815763893009,0.0001758815763893009,0.0001758815763893009,2.6436114453478476e-05,2.6436114453478476e-05,2.6436114453478476e-05,0.0002471304746730184,0.0002471304746730184,0.0002471304746730184,-0.0007099578721026742,-0.0007099578721026742,-0.0007099578721026742,2.0134878672616323e-05,2.0134878672616323e-05,2.0134878672616323e-05,-4.438519655054272e-06,-4.438519655054272e-06,-4.438519655054272e-06,1.1911087215641217e-05,1.1911087215641217e-05,1.1911087215641217e-05,0.00010066180959093535,0.00010066180959093535,0.00010066180959093535,-3.912257536034147e-06,-3.912257536034147e-06,-3.912257536034147e-06,1.3872496868643797e-05,1.3872496868643797e-05,1.3872496868643797e-05,0.00012105644757482106,0.00012105644757482106,0.00012105644757482106,-0.00011830812770410661,-0.00011830812770410661,-0.00011830812770410661,0.0007284729742763943,0.0007284729742763943,0.0007284729742763943,0.0,0.0,0.0,0.8050467614634699
2025-08-21 04:00:00,0.8048768476744693,0.8044000387697704,0.8061903913979824,0.8048768476744693,0.8048768476744693,-0.0003652961656261313,-0.0003652961656261313,-0.0003652961656261313,-0.00012308895569287226,-0.00012308895569287226,-0.00012308895569287226,-0.0004487949736267554,-0.0004487949736267554,-0.0004487949736267554,-5.679498396321345e-05,-5.679498396321345e-05,-5.679498396321345e-05,0.0002172879175330871,0.0002172879175330871,0.0002172879175330871,2.6436114453478476e-05,2.6436114453478476e-05,2.6436114453478476e-05,0.00040064743850757483,0.00040064743850757483,0.00040064743850757483,-0.0006076650684511448,-0.0006076650684511448,-0.0006076650684511448,0.00040931791094988743,0.00040931791094988743,0.00040931791094988743,-4.438519655054272e-06,-4.438519655054272e-06,-4.438519655054272e-06,3.8347018087124386e-05,3.8347018087124386e-05,3.8347018087124386e-05,6.079005487666284e-06,6.079005487666284e-06,6.079005487666284e-06,-1.8951138964930874e-06,-1.8951138964930874e-06,-1.8951138964930874e-06,1.3651774680839724e-05,1.3651774680839724e-05,1.3651774680839724e-05,0.0001262426926124895,0.0001262426926124895,0.0001262426926124895,-0.00011830812770410661,-0.00011830812770410661,-0.00011830812770410661,0.0008581128845766427,0.0008581128845766427,0.0008581128845766427,0.0,0.0,0.0,0.8052062981843313
2025-08-21 05:00:00,0.8047231430779664,0.8040652485310658,0.8058814641656077,0.8047231430779664,0.8047231430779664,-0.0003652961656261313,-0.0003652961656261313,-0.0003652961656261313,-0.00012308895569287226,-0.00012308895569287226,-0.00012308895569287226,-0.0005857389145620546,-0.0005857389145620546,-0.0005857389145620546,-2.9438878767427e-05,-2.9438878767427e-05,-2.9438878767427e-05,0.0002433170317238236,0.0002433170317238236,0.0002433170317238236,2.6436114453478476e-05,2.6436114453478476e-05,2.6436114453478476e-05,0.0003063868469930352,0.0003063868469930352,0.0003063868469930352,-0.0005128433127938861,-0.0005128433127938861,-0.0005128433127938861,0.00041342499211147383,0.00041342499211147383,0.00041342499211147383,-0.00026719888323426715,-0.00026719888323426715,-0.00026719888323426715,0.00010111718286273422,0.00010111718286273422,0.00010111718286273422,1.9112990116954726e-05,1.9112990116954726e-05,1.9112990116954726e-05,-1.8945493742131999e-06,-1.8945493742131999e-06,-1.8945493742131999e-06,1.2672669132812352e-05,1.2672669132812352e-05,1.2672669132812352e-05,0.00012608217529153478,0.00012608217529153478,0.00012608217529153478,-0.0001211031796476309,-0.0001211031796476309,-0.0001211031796476309,0.0009991639066735283,0.0009991639066735283,0.0009991639066735283,0.0,0.0,0.0,0.8050558357370454
2025-08-21 06:00:00,0.8045694384814636,0.8043164857774063,0.8057795034173122,0.8045694384814636,0.8045694384814636,-0.0003652961656261313,-0.0003652961656261313,-0.0003652961656261313,-0.00012308895569287226,-0.00012308895569287226,-0.00012308895569287226,-0.00036931100061085944,-0.00036931100061085944,-0.00036931100061085944,-8.216182637657388e-08,-8.216182637657388e-08,-8.216182637657388e-08,0.0002521950778445568,0.0002521950778445568,0.0002521950778445568,2.6436114453478476e-05,2.6436114453478476e-05,2.6436114453478476e-05,0.00019332743277009737,0.00019332743277009737,0.00019332743277009737,-0.0004647091150796197,-0.0004647091150796197,-0.0004647091150796197,0.0007802611468696705,0.0007802611468696705,0.0007802611468696705,0.00025832184392415863,0.00025832184392415863,0.00025832184392415863,-0.00016648084533207587,-0.00016648084533207587,-0.00016648084533207587,5.006122367228403e-05,5.006122367228403e-05,5.006122367228403e-05,-4.108807062934304e-06,-4.108807062934304e-06,-4.108807062934304e-06,1.373334083695285e-05,1.373334083695285e-05,1.373334083695285e-05,7.309804032468044e-05,7.309804032468044e-05,7.309804032468044e-05,-0.00011271802381705808,-0.00011271802381705808,-0.00011271802381705808,0.00114957214748053,0.00114957214748053,0.00114957214748053,0.0,0.0,0.0,0.8051972127542694
2025-08-21 07:00:00,0.8044157338849606,0.8046010205887129,0.8063340662510022,0.8044157338849606,0.8044157338849606,-0.0003652961656261313,-0.0003652961656261313,-0.0003652961656261313,-0.00012308895569287226,-0.00012308895569287226,-0.00012308895569287226,-1.5594481666684036e-05,-1.5594481666684036e-05,-1.5594481666684036e-05,2.9274555114673858e-05,2.9274555114673858e-05,2.9274555114673858e-05,0.0002433170317238236,0.0002433170317238236,0.0002433170317238236,2.6436114453478476e-05,2.6436114453478476e-05,2.6436114453478476e-05,0.0004061305225045264,0.0004061305225045264,0.0004061305225045264,-0.0001772623384302549,-0.0001772623384302549,-0.0001772623384302549,0.0012914893498298008,0.0012914893498298008,0.0012914893498298008,-0.00026719888323426715,-0.00026719888323426715,-0.00026719888323426715,0.0003953686317297078,0.0003953686317297078,0.0003953686317297078,-8.18754424990391e-05,-8.18754424990391e-05,-8.18754424990391e-05,-2.1631941226659754e-07,-2.1631941226659754e-07,-2.1631941226659754e-07,5.158713935229808e-06,5.158713935229808e-06,5.158713935229808e-06,1.4761233414338184e-05,1.4761233414338184e-05,1.4761233414338184e-05,-0.0001211031796476309,-0.0001211031796476309,-0.0001211031796476309,0.001307083831496485,0.001307083831496485,0.001307083831496485,0.0,0.0,0.0,0.8054546282381084
2025-08-21 08:00:00,0.8044735397642448,0.8045148244872896,0.806049134908769,0.8044735397642448,0.8044735397642448,-0.0003652961656261313,-0.0003652961656261313,-0.0003652961656261313,-0.00012308895569287226,-0.00012308895569287226,-0.00012308895569287226,-0.0004831825982244339,-0.0004831825982244339,-0.0004831825982244339,5.663066031046027e-05,5.663066031046027e-05,5.663066031046027e-05,0.0002172879175330871,0.0002172879175330871,0.0002172879175330871,-9.896596692840658e-05,-9.896596692840658e-05,-9.896596692840658e-05,0.0003605463856957451,0.0003605463856957451,0.0003605463856957451,-0.00047189894114527993,-0.00047189894114527993,-0.00047189894114527993,0.0009860929914821863,0.0009860929914821863,0.0009860929914821863,0.00025832184392415863,0.00025832184392415863,0.00025832184392415863,-0.000341285246913868,-0.000341285246913868,-0.000341285246913868,0.0001951391057534159,0.0001951391057534159,0.0001951391057534159,-7.527237268722844e-07,-7.527237268722844e-07,-7.527237268722844e-07,5.641220844178266e-07,5.641220844178266e-07,5.641220844178266e-07,-4.9281453844657444e-05,-4.9281453844657444e-05,-4.9281453844657444e-05,-0.0001211031796476309,-0.0001211031796476309,-0.0001211031796476309,0.0014692755897066203,0.0014692755897066203,0.0014692755897066203,0.0,0.0,0.0,0.8052668254836393
2025-08-21 09:00:00,0.8045313456435291,0.8046685792074992,0.8063664196565239,0.8045313456435291,0.8045313456435291,-0.0003652961656261313,-0.0003652961656261313,-0.0003652961656261313,-0.00012308895569287226,-0.00012308895569287226,-0.00012308895569287226,-0.00018396905865798144,-0.00018396905865798144,-0.00018396905865798144,8.01218803999912e-05,8.01218803999912e-05,8.01218803999912e-05,0.00017588157638930092,0.00017588157638930092,0.00017588157638930092,-9.896596692840658e-05,-9.896596692840658e-05,-9.896596692840658e-05,0.00031431887395056346,0.00031431887395056346,0.00031431887395056346,4.248305397316478e-05,4.248305397316478e-05,4.248305397316478e-05,0.0014496182148225618,0.0014496182148225618,0.0014496182148225618,-4.438519655054272e-06,-4.438519655054272e-06,-4.438519655054272e-06,0.00011435208265465622,0.00011435208265465622,0.00011435208265465622,-0.00016806109241715054,-0.00016806109241715054,-0.00016806109241715054,-2.0263761425119224e-06,-2.0263761425119224e-06,-2.0263761425119224e-06,1.3605591714370467e-05,1.3605591714370467e-05,1.3605591714370467e-05,-5.29320694043678e-05,-5.29320694043678e-05,-5.29320694043678e-05,-0.00010992297187353382,-0.00010992297187353382,-0.00010992297187353382,0.0016335872734805435,0.0016335872734805435,0.0016335872734805435,0.0,0.0,0.0,0.8056976089365696
2025-08-21 10:00:00,0.8045891515228132,0.805134725810177,0.8070397633580794,0.8045891515228132,0.8045891515228132,-0.0003652961656261313,-0.0003652961656261313,-0.0003652961656261313,-0.00012308895569287226,-0.00012308895569287226,-0.00012308895569287226,5.467926398485532e-05,5.467926398485532e-05,5.467926398485532e-05,9.814732755524184e-05,9.814732755524184e-05,9.814732755524184e-05,0.00012191978201419997,0.00012191978201419997,0.00012191978201419997,-9.896596692840658e-05,-9.896596692840658e-05,-9.896596692840658e-05,0.00028357940058869124,0.00028357940058869124,0.00028357940058869124,0.0001758032226890289,0.0001758032226890289,0.0001758032226890289,0.0018520361321270671,0.0018520361321270671,0.0018520361321270671,-4.438519655054272e-06,-4.438519655054272e-06,-4.438519655054272e-06,4.164535799781408e-05,4.164535799781408e-05,4.164535799781408e-05,5.658656531040151e-05,5.658656531040151e-05,5.658656531040151e-05,3.4033829834854114e-06,3.4033829834854114e-06,3.4033829834854114e-06,1.4506637203859418e-05,1.4506637203859418e-05,1.4506637203859418e-05,-5.0380040355966014e-05,-5.0380040355966014e-05,-5.0380040355966014e-05,-9.874276409943676e-05,-9.874276409943676e-05,-9.874276409943676e-05,0.0017973568681422122,0.0017973568681422122,0.0017973568681422122,0.0,0.0,0.0,0.8060792797029509
2025-08-21 11:00:00,0.8046469574020975,0.8058685878165954,0.8075309587090452,0.8046469574020975,0.8046469574020975,-0.0003652961656261313,-0.0003652961656261313,-0.0003652961656261313,-0.00012308895569287226,-0.00012308895569287226,-0.00012308895569287226,0.0005097121338804003,0.0005097121338804003,0.0005097121338804003,0.00010947859734104165,0.00010947859734104165,0.00010947859734104165,5.9079941518365944e-05,5.9079941518365944e-05,5.9079941518365944e-05,-9.896596692840658e-05,-9.896596692840658e-05,-9.896596692840658e-05,0.0003505576067391648,0.0003505576067391648,0.0003505576067391648,0.0006964031413914224,0.0006964031413914224,0.0006964031413914224,0.0024675691862603554,0.0024675691862603554,0.0024675691862603554,-0.00026719888323426715,-0.00026719888323426715,-0.00026719888323426715,0.0002101079225376654,0.0002101079225376654,0.0002101079225376654,2.073920528248433e-05,2.073920528248433e-05,2.073920528248433e-05,-7.996952609765483e-06,-7.996952609765483e-06,-7.996952609765483e-06,2.594627915863198e-05,2.594627915863198e-05,2.594627915863198e-05,-4.323665105036051e-05,-4.323665105036051e-05,-4.323665105036051e-05,-5.681698494657272e-05,-5.681698494657272e-05,-5.681698494657272e-05,0.0019578570523799545,0.0019578570523799545,0.0019578570523799545,0.0,0.0,0.0,0.806632479440001
2025-08-21 12:00:00,0.8047047632813816,0.806110934338861,0.8077793801367513,0.8047047632813816,0.8047047632813816,-0.0003652961656261313,-0.0003652961656261313,-0.0003652961656261313,-0.00012308895569287226,-0.00012308895569287226,-0.00012308895569287226,0.0006160584056263316,0.0006160584056263316,0.0006160584056263316,0.00011334348244729716,0.00011334348244729716,0.00011334348244729716,-8.355513816156788e-06,-8.355513816156788e-06,-8.355513816156788e-06,-9.896596692840658e-05,-9.896596692840658e-05,-9.896596692840658e-05,0.0003599093133771109,0.0003599093133771109,0.0003599093133771109,0.0007165368417972557,0.0007165368417972557,0.0007165368417972557,0.00272839133224492,0.00272839133224492,0.00272839133224492,-0.00026719888323426715,-0.00026719888323426715,-0.00026719888323426715,0.00021987160169896212,0.00021987160169896212,0.00021987160169896212,0.00010379807268145723,0.00010379807268145723,0.00010379807268145723,6.950291759891884e-06,6.950291759891884e-06,6.950291759891884e-06,2.544200732967303e-05,2.544200732967303e-05,2.544200732967303e-05,-7.2756832773854405e-06,-7.2756832773854405e-06,-7.2756832773854405e-06,-5.9612036890096986e-05,-5.9612036890096986e-05,-5.9612036890096986e-05,0.0021123329266185885,0.0021123329266185885,0.0021123329266185885,0.0,0.0,0.0,0.8069003127825347
2025-08-21 13:00:00,0.8047625691606659,0.8063470717573679,0.8078851666967659,0.8047625691606659,0.8047625691606659,-0.0003652961656261313,-0.0003652961656261313,-0.0003652961656261313,-0.00012308895569287226,-0.00012308895569287226,-0.00012308895569287226,0.0006620227399941521,0.0006620227399941521,0.0006620227399941521,0.00010947859734104166,0.00010947859734104166,0.00010947859734104166,-7.579096915067954e-05,-7.579096915067954e-05,-7.579096915067954e-05,-9.896596692840658e-05,-9.896596692840658e-05,-9.896596692840658e-05,0.0002661724814020077,0.0002661724814020077,0.0002661724814020077,0.0007117464680129886,0.0007117464680129886,0.0007117464680129886,0.0029200631572696397,0.0029200631572696397,0.0029200631572696397,0.00025832184392415863,0.00025832184392415863,0.00025832184392415863,-0.00014971529505022037,-0.00014971529505022037,-0.00014971529505022037,0.00010861196195709164,0.00010861196195709164,0.00010861196195709164,-2.2949219102502905e-06,-2.2949219102502905e-06,-2.2949219102502905e-06,2.5301233659149782e-05,2.5301233659149782e-05,2.5301233659149782e-05,5.994951688989548e-05,5.994951688989548e-05,5.994951688989548e-05,-6.240708883362126e-05,-6.240708883362126e-05,-6.240708883362126e-05,0.002258040417275488,0.002258040417275488,0.002258040417275488,0.0,0.0,0.0,0.8071125266892216
2025-08-21 14:00:00,0.8048203750399501,0.8067857581160658,0.8085642742211865,0.8048203750399501,0.8048203750399501,-0.0003652961656261313,-0.0003652961656261313,-0.0003652961656261313,-0.00012308895569287226,-0.00012308895569287226,-0.00012308895569287226,0.0011928536237901688,0.0011928536237901688,0.0011928536237901688,9.814732755524185e-05,9.814732755524185e-05,9.814732755524185e-05,-0.00013863080964651356,-0.00013863080964651356,-0.00013863080964651356,-9.896596692840658e-05,-9.896596692840658e-05,-9.896596692840658e-05,0.000511132875909791,0.000511132875909791,0.000511132875909791,0.0012451135051442072,0.0012451135051442072,0.0012451135051442072,0.003585138476955926,0.003585138476955926,0.003585138476955926,-0.00026719888323426715,-0.00026719888323426715,-0.00026719888323426715,0.00046072167624953205,0.00046072167624953205,0.00046072167624953205,-7.36093471707679e-05,-7.36093471707679e-05,-7.36093471707679e-05,-8.196494488274207e-07,-8.196494488274207e-07,-8.196494488274207e-07,2.0895179036733686e-05,2.0895179036733686e-05,2.0895179036733686e-05,-4.754917693356895e-06,-4.754917693356895e-06,-4.754917693356895e-06,-7.079224466419404e-05,-7.079224466419404e-05,-7.079224466419404e-05,0.0023922848531657574,0.0023922848531657574,0.0023922848531657574,0.0,0.0,0.0,0.8077057675335438
2025-08-21 15:00:00,0.8048781809192342,0.8068438125361802,0.8085502693339676,0.8048781809192342,0.8048781809192342,-0.0003652961656261313,-0.0003652961656261313,-0.0003652961656261313,-0.00012308895569287226,-0.00012308895569287226,-0.00012308895569287226,0.0010632172647438622,0.0010632172647438622,0.0010632172647438622,8.012188039999126e-05,8.012188039999126e-05,8.012188039999126e-05,-0.0001925926040216144,-0.0001925926040216144,-0.0001925926040216144,-9.896596692840658e-05,-9.896596692840658e-05,-9.896596692840658e-05,0.0005396497849340868,0.0005396497849340868,0.0005396497849340868,0.0011571147458526154,0.0011571147458526154,0.0011571147458526154,0.0035756764720929414,0.0035756764720929414,0.0035756764720929414,-0.00026719888323426715,-0.00026719888323426715,-0.00026719888323426715,0.00015028766091159567,0.00015028766091159567,0.00015028766091159567,0.00022736080363459221,0.00022736080363459221,0.00022736080363459221,-4.237877727151157e-06,-4.237877727151157e-06,-4.237877727151157e-06,2.2586364944692854e-05,2.2586364944692854e-05,2.2586364944692854e-05,2.678618073876324e-06,2.678618073876324e-06,2.678618073876324e-06,-6.520214077714553e-05,-6.520214077714553e-05,-6.520214077714553e-05,0.0025124592073490788,0.0025124592073490788,0.0025124592073490788,0.0,0.0,0.0,0.8077561648936481
2025-08-21 16:00:00,0.8049359867985185,0.8068288580076804,0.8087750736085609,0.8049359867985185,0.8049359867985185,-0.0003652961656261313,-0.0003652961656261313,-0.0003652961656261313,-0.00012308895569287226,-0.00012308895569287226,-0.00012308895569287226,0.0012362569796682539,0.0012362569796682539,0.0012362569796682539,5.6630660310460354e-05,5.6630660310460354e-05,5.6630660310460354e-05,-0.00023399894516540066,-0.00023399894516540066,-0.00023399894516540066,-9.896596692840658e-05,-9.896596692840658e-05,-9.896596692840658e-05,0.0007519473940039778,0.0007519473940039778,0.0007519473940039778,0.0012899463380313019,0.0012899463380313019,0.0012899463380313019,0.0038523384786894295,0.0038523384786894295,0.0038523384786894295,-0.00026719888323426715,-0.00026719888323426715,-0.00026719888323426715,0.0001995747786383636,0.0001995747786383636,0.0001995747786383636,7.430426085600429e-05,7.430426085600429e-05,7.430426085600429e-05,-4.4359898970613435e-06,-4.4359898970613435e-06,-4.4359898970613435e-06,2.187235410659141e-05,2.187235410659141e-05,2.187235410659141e-05,2.9632929863636336e-06,2.9632929863636336e-06,2.9632929863636336e-06,-6.79971927206698e-05,-6.79971927206698e-05,-6.79971927206698e-05,0.002616081499021175,0.002616081499021175,0.002616081499021175,0.0,0.0,0.0,0.8080368726733443
2025-08-21 17:00:00,0.8049937926778026,0.8073689316819439,0.8090762377956088,0.8049937926778026,0.8049937926778026,-0.0003652961656261313,-0.0003652961656261313,-0.0003652961656261313,-0.00012308895569287226,-0.00012308895569287226,-0.00012308895569287226,0.0011716749898993573,0.0011716749898993573,0.0011716749898993573,2.9274555114673858e-05,2.9274555114673858e-05,2.9274555114673858e-05,-0.0002600280593561373,-0.0002600280593561373,-0.0002600280593561373,0.00010167736328260952,0.00010167736328260952,0.00010167736328260952,0.00045321233791720256,0.00045321233791720256,0.00045321233791720256,0.0011749253027612523,0.0011749253027612523,0.0011749253027612523,0.003872505850543359,0.003872505850543359,0.003872505850543359,0.00025832184392415863,0.00025832184392415863,0.00025832184392415863,-0.00011972735939701355,-0.00011972735939701355,-0.00011972735939701355,9.860480612507965e-05,9.860480612507965e-05,9.860480612507965e-05,3.0631977427369236e-06,3.0631977427369236e-06,3.0631977427369236e-06,1.9800091118323864e-05,1.9800091118323864e-05,1.9800091118323864e-05,-2.5476671406807323e-05,-2.5476671406807323e-05,-2.5476671406807323e-05,-7.358729660771831e-05,-7.358729660771831e-05,-7.358729660771831e-05,0.002700830860644001,0.002700830860644001,0.002700830860644001,0.0,0.0,0.0,0.8081111358495985
2025-08-21 18:00:00,0.8051460671160607,0.8078313958752591,0.8093919131343825,0.8051460671160607,0.8051460671160607,-0.0003652961656261313,-0.0003652961656261313,-0.0003652961656261313,-0.00012308895569287226,-0.00012308895569287226,-0.00012308895569287226,0.0014676151081708512,0.0014676151081708512,0.0014676151081708512,-8.21618263765461e-08,-8.21618263765461e-08,-8.21618263765461e-08,-0.0002689061054768704,-0.0002689061054768704,-0.0002689061054768704,0.00010167736328260952,0.00010167736328260952,0.00010167736328260952,0.0006943251530733537,0.0006943251530733537,0.0006943251530733537,0.0014366429378062109,0.0014366429378062109,0.0014366429378062109,0.004232196898274246,0.004232196898274246,0.004232196898274246,-4.438519655054272e-06,-4.438519655054272e-06,-4.438519655054272e-06,7.445519588215821e-05,7.445519588215821e-05,7.445519588215821e-05,-5.88240803205804e-05,-5.88240803205804e-05,-5.88240803205804e-05,-9.323013538865064e-06,-9.323013538865064e-06,-9.323013538865064e-06,2.6734786729546647e-05,2.6734786729546647e-05,2.6734786729546647e-05,9.375450706198011e-06,9.375450706198011e-06,9.375450706198011e-06,-4.563677717247563e-05,-4.563677717247563e-05,-4.563677717247563e-05,0.0027645817901033954,0.0027645817901033954,0.0027645817901033954,0.0,0.0,0.0,0.8085536038039669
2025-08-21 19:00:00,0.8052983415543189,0.8078794953339974,0.8099121584954403,0.8052983415543189,0.8052983415543189,-0.0003652961656261313,-0.0003652961656261313,-0.0003652961656261313,-0.00012308895569287226,-0.00012308895569287226,-0.00012308895569287226,0.0015192061670601202,0.0015192061670601202,0.0015192061670601202,-2.943887876742695e-05,-2.943887876742695e-05,-2.943887876742695e-05,-0.0002600280593561373,-0.0002600280593561373,-0.0002600280593561373,0.00010167736328260952,0.00010167736328260952,0.00010167736328260952,0.0007398859949656195,0.0007398859949656195,0.0007398859949656195,0.0014357505916872905,0.0014357505916872905,0.0014357505916872905,0.004324642296799467,0.004324642296799467,0.004324642296799467,-0.00026719888323426715,-0.00026719888323426715,-0.00026719888323426715,0.00019291068009039721,0.00019291068009039721,0.00019291068009039721,3.6915784225474823e-05,3.6915784225474823e-05,3.6915784225474823e-05,-3.0240809975009658e-06,-3.0240809975009658e-06,-3.0240809975009658e-06,2.6749011480667485e-05,2.6749011480667485e-05,2.6749011480667485e-05,7.623349023134825e-05,7.623349023134825e-05,7.623349023134825e-05,-4.284172522895136e-05,-4.284172522895136e-05,-4.284172522895136e-05,0.002805436129739347,0.002805436129739347,0.002805436129739347,0.0,0.0,0.0,0.8087809688237472
2025-08-21 20:00:00,0.8054506159925771,0.8080518960894387,0.8099989071313686,0.8054506159925771,0.8054506159925771,-0.0003652961656261313,-0.0003652961656261313,-0.0003652961656261313,-0.00012308895569287226,-0.00012308895569287226,-0.00012308895569287226,0.0016196421632210642,0.0016196421632210642,0.0016196421632210642,-5.679498396321345e-05,-5.679498396321345e-05,-5.679498396321345e-05,-0.0002339989451654007,-0.0002339989451654007,-0.0002339989451654007,0.00010167736328260952,0.00010167736328260952,0.00010167736328260952,0.0007340699227468811,0.0007340699227468811,0.0007340699227468811,0.0013868205267065477,0.0013868205267065477,0.0013868205267065477,0.004441394505015089,0.004441394505015089,0.004441394505015089,-4.438519655054272e-06,-4.438519655054272e-06,-4.438519655054272e-06,3.161695516080193e-05,3.161695516080193e-05,3.161695516080193e-05,9.531913563121577e-05,9.531913563121577e-05,9.531913563121577e-05,-4.024152556609014e-06,-4.024152556609014e-06,-4.024152556609014e-06,2.654598624249337e-05,2.654598624249337e-05,2.654598624249337e-05,7.687077328227127e-05,7.687077328227127e-05,7.687077328227127e-05,-4.563677717247563e-05,-4.563677717247563e-05,-4.563677717247563e-05,0.0028217523417940244,0.0028217523417940244,0.0028217523417940244,0.0,0.0,0.0,0.8090279399325074
2025-08-21 21:00:00,0.8056028904308351,0.8077493633091564,0.8095385147830687,0.8056028904308351,0.8056028904308351,-0.0003652961656261313,-0.0003652961656261313,-0.0003652961656261313,-0.00012308895569287226,-0.00012308895569287226,-0.00012308895569287226,0.001133707186106501,0.001133707186106501,0.001133707186106501,-8.028620405274433e-05,-8.028620405274433e-05,-8.028620405274433e-05,-0.00019259260402161457,-0.00019259260402161457,-0.00019259260402161457,0.00010167736328260952,0.00010167736328260952,0.00010167736328260952,0.0005065872011829285,0.0005065872011829285,0.0005065872011829285,0.0011719831813969002,0.0011719831813969002,0.0011719831813969002,0.003945878868723084,0.003945878868723084,0.003945878868723084,0.00025832184392415863,0.00025832184392415863,0.00025832184392415863,-0.0001821307369056094,-0.0001821307369056094,-0.0001821307369056094,1.579479651286813e-05,1.579479651286813e-05,1.579479651286813e-05,2.45472066096903e-06,2.45472066096903e-06,2.45472066096903e-06,2.246712181468628e-05,2.246712181468628e-05,2.246712181468628e-05,6.02227124639736e-05,6.02227124639736e-05,6.02227124639736e-05,-6.240708883362126e-05,-6.240708883362126e-05,-6.240708883362126e-05,0.002812171682616584,0.002812171682616584,0.002812171682616584,0.0,0.0,0.0,0.8087817018527683
2025-08-21 22:00:00,0.8057551648690934,0.8072350102742163,0.8089710256269145,0.8057551648690934,0.8057551648690934,-0.0003652961656261313,-0.0003652961656261313,-0.0003652961656261313,-0.00012308895569287226,-0.00012308895569287226,-0.00012308895569287226,0.00019260261275675592,0.00019260261275675592,0.00019260261275675592,-9.831165120799493e-05,-9.831165120799493e-05,-9.831165120799493e-05,-0.00013863080964651373,-0.00013863080964651373,-0.00013863080964651373,0.00010167736328260952,0.00010167736328260952,0.00010167736328260952,0.0002103577225921797,0.0002103577225921797,0.0002103577225921797,0.0007879936170166401,0.0007879936170166401,0.0007879936170166401,0.0029682435298550606,0.0029682435298550606,0.0029682435298550606,0.00025832184392415863,0.00025832184392415863,0.00025832184392415863,-0.00029090413006293387,-0.00029090413006293387,-0.00029090413006293387,-8.959147289763208e-05,-8.959147289763208e-05,-8.959147289763208e-05,-1.4853849846114084e-06,-1.4853849846114084e-06,-1.4853849846114084e-06,1.6657793976071535e-05,1.6657793976071535e-05,1.6657793976071535e-05,2.0850554239698626e-05,2.0850554239698626e-05,2.0850554239698626e-05,-9.59477121559125e-05,-9.59477121559125e-05,-9.59477121559125e-05,0.002775640917098305,0.002775640917098305,0.002775640917098305,0.0,0.0,0.0,0.8081468424238634
2025-08-21 23:00:00,0.8059074393073514,0.807925507796298,0.8095055395444257,0.8059074393073514,0.8059074393073514,-0.0003652961656261313,-0.0003652961656261313,-0.0003652961656261313,-0.00012308895569287226,-0.00012308895569287226,-0.00012308895569287226,0.0008189035823003584,0.0008189035823003584,0.0008189035823003584,-0.00010964292099379478,-0.00010964292099379478,-0.00010964292099379478,-7.579096915067973e-05,-7.579096915067973e-05,-7.579096915067973e-05,0.00010167736328260952,0.00010167736328260952,0.00010167736328260952,0.000512371125286887,0.000512371125286887,0.000512371125286887,0.0010667744689342746,0.0010667744689342746,0.0010667744689342746,0.0035303348392303167,0.0035303348392303167,0.0035303348392303167,-0.00026719888323426715,-0.00026719888323426715,-0.00026719888323426715,0.0003710334079389453,0.0003710334079389453,0.0003710334079389453,-0.00014322116127064353,-0.00014322116127064353,-0.00014322116127064353,-3.888933137574192e-06,-3.888933137574192e-06,-3.888933137574192e-06,1.1654995204934837e-05,1.1654995204934837e-05,1.1654995204934837e-05,-4.0966713480747574e-05,-4.0966713480747574e-05,-4.0966713480747574e-05,-0.00011551307576058235,-0.00011551307576058235,-0.00011551307576058235,0.0027114312569299585,0.0027114312569299585,0.0027114312569299585,0.0,0.0,0.0,0.8087525624175331
2025-08-22 00:00:00,0.8060597137456096,0.8087125277953366,0.8102469294687978,0.8060597137456096,0.8060597137456096,-0.00036529616562613133,-0.00036529616562613133,-0.00036529616562613133,0.0006474875761980633,0.0006474875761980633,0.0006474875761980633,0.0016465823860186022,0.0016465823860186022,0.0016465823860186022,-0.0001135078061000503,-0.0001135078061000503,-0.0001135078061000503,-8.35551381615682e-06,-8.35551381615682e-06,-8.35551381615682e-06,2.6436114453478476e-05,2.6436114453478476e-05,2.6436114453478476e-05,0.00027687747431618445,0.00027687747431618445,0.00027687747431618445,0.0010794458261543152,0.0010794458261543152,0.0010794458261543152,0.00426573564008065,0.00426573564008065,0.00426573564008065,-4.438519655054272e-06,-4.438519655054272e-06,-4.438519655054272e-06,5.4670116249258765e-05,5.4670116249258765e-05,5.4670116249258765e-05,0.00018314085479788608,0.00018314085479788608,0.00018314085479788608,-6.161658424990377e-07,-6.161658424990377e-07,-6.161658424990377e-07,1.1690760117453216e-05,1.1690760117453216e-05,1.1690760117453216e-05,-2.8234141411087275e-05,-2.8234141411087275e-05,-2.8234141411087275e-05,-0.00011271802381705808,-0.00011271802381705808,-0.00011271802381705808,0.0026191532540620474,0.0026191532540620474,0.0026191532540620474,0.0,0.0,0.0,0.8094981513945674
2025-08-22 01:00:00,0.8062119881838677,0.8085227681987016,0.8101445296333251,0.8062119881838677,0.8062119881838677,-0.00036529616562613133,-0.00036529616562613133,-0.00036529616562613133,0.0006474875761980633,0.0006474875761980633,0.0006474875761980633,0.001484324050714019,0.001484324050714019,0.001484324050714019,-0.0001096429209937948,-0.0001096429209937948,-0.0001096429209937948,5.907994151836588e-05,5.907994151836588e-05,5.907994151836588e-05,2.6436114453478476e-05,2.6436114453478476e-05,2.6436114453478476e-05,0.00022332902661723584,0.00022332902661723584,0.00022332902661723584,0.0010459407917070005,0.0010459407917070005,0.0010459407917070005,0.003983091482144382,0.003983091482144382,0.003983091482144382,-4.438519655054272e-06,-4.438519655054272e-06,-4.438519655054272e-06,5.795637879793819e-05,5.795637879793819e-05,5.795637879793819e-05,2.716093862998129e-05,2.716093862998129e-05,2.716093862998129e-05,3.720930695497702e-06,3.720930695497702e-06,3.720930695497702e-06,1.1744734758475774e-05,1.1744734758475774e-05,1.1744734758475774e-05,-2.9231804513503863e-05,-2.9231804513503863e-05,-2.9231804513503863e-05,-0.00010992297187353382,-0.00010992297187353382,-0.00010992297187353382,0.002498767431430363,0.002498767431430363,0.002498767431430363,0.0,0.0,0.0,0.8094232042868056
2025-08-22 02:00:00,0.8063642626221258,0.80905910936064,0.8107845133022946,0.8063642626221258,0.8063642626221258,-0.00036529616562613133,-0.00036529616562613133,-0.00036529616562613133,0.0006474875761980633,0.0006474875761980633,0.0006474875761980633,0.0020003162966641085,0.0020003162966641085,0.0020003162966641085,-9.831165120799497e-05,-9.831165120799497e-05,-9.831165120799497e-05,0.00012191978201419997,0.00012191978201419997,0.00012191978201419997,2.6436114453478476e-05,2.6436114453478476e-05,2.6436114453478476e-05,0.0002918782849466586,0.0002918782849466586,0.0002918782849466586,0.0014218579132606543,0.0014218579132606543,0.0014218579132606543,0.004350906783049704,0.004350906783049704,0.004350906783049704,-0.00026719888323426715,-0.00026719888323426715,-0.00026719888323426715,0.00031777131245908514,0.00031777131245908514,0.00031777131245908514,2.8781199166881793e-05,2.8781199166881793e-05,2.8781199166881793e-05,5.928022160804445e-06,5.928022160804445e-06,5.928022160804445e-06,1.1877320904012456e-05,1.1877320904012456e-05,1.1877320904012456e-05,-3.56866089013269e-05,-3.56866089013269e-05,-3.56866089013269e-05,-0.00010712791993000953,-0.00010712791993000953,-0.00010712791993000953,0.0023505904863855964,0.0023505904863855964,0.0023505904863855964,0.0,0.0,0.0,0.8098726783619772
2025-08-22 03:00:00,0.8064248368322239,0.8087559965439688,0.8103407721991166,0.8064248368322239,0.8064248368322239,-0.00036529616562613133,-0.00036529616562613133,-0.00036529616562613133,0.0006474875761980633,0.0006474875761980633,0.0006474875761980633,0.0017341052293625425,0.0017341052293625425,0.0017341052293625425,-8.028620405274437e-05,-8.028620405274437e-05,-8.028620405274437e-05,0.0001758815763893009,0.0001758815763893009,0.0001758815763893009,2.6436114453478476e-05,2.6436114453478476e-05,2.6436114453478476e-05,0.00024816975216612514,0.00024816975216612514,0.00024816975216612514,0.0009634927927465271,0.0009634927927465271,0.0009634927927465271,0.003909402187663086,0.003909402187663086,0.003909402187663086,0.00025832184392415863,0.00025832184392415863,0.00025832184392415863,-0.0001950921000076498,-0.0001950921000076498,-0.0001950921000076498,0.00015688048450175044,0.00015688048450175044,0.00015688048450175044,-7.503173173674545e-06,-7.503173173674545e-06,-7.503173173674545e-06,1.3367474940685512e-05,1.3367474940685512e-05,1.3367474940685512e-05,-6.21692705438589e-06,-6.21692705438589e-06,-6.21692705438589e-06,-0.00010153781604296103,-0.00010153781604296103,-0.00010153781604296103,0.0021752969583005433,0.0021752969583005433,0.0021752969583005433,0.0,0.0,0.0,0.8095774758535217
2025-08-22 04:00:00,0.8064854110423217,0.8087445166355268,0.8104429264126636,0.8064854110423217,0.8064854110423217,-0.00036529616562613133,-0.00036529616562613133,-0.00036529616562613133,0.0006474875761980633,0.0006474875761980633,0.0006474875761980633,0.0021436246638387568,0.0021436246638387568,0.0021436246638387568,-5.679498396321345e-05,-5.679498396321345e-05,-5.679498396321345e-05,0.0002172879175330871,0.0002172879175330871,0.0002172879175330871,2.6436114453478476e-05,2.6436114453478476e-05,2.6436114453478476e-05,0.00035680919953709445,0.00035680919953709445,0.00035680919953709445,0.0014316406663674038,0.0014316406663674038,0.0014316406663674038,0.004117540973288708,0.004117540973288708,0.004117540973288708,-0.00026719888323426715,-0.00026719888323426715,-0.00026719888323426715,0.00026177751604117505,0.00026177751604117505,0.00026177751604117505,-9.598194986883859e-05,-9.598194986883859e-05,-9.598194986883859e-05,-1.08393129147316e-06,-1.08393129147316e-06,-1.08393129147316e-06,2.0926134273478813e-05,2.0926134273478813e-05,2.0926134273478813e-05,1.6047282534899367e-05,1.6047282534899367e-05,1.6047282534899367e-05,-4.843182911599991e-05,-4.843182911599991e-05,-4.843182911599991e-05,0.001973916309449951,0.001973916309449951,0.001973916309449951,0.0,0.0,0.0,0.8098061477666482
2025-08-22 05:00:00,0.8065459852524196,0.8092134580018485,0.8108919834255199,0.8065459852524196,0.8065459852524196,-0.00036529616562613133,-0.00036529616562613133,-0.00036529616562613133,0.0006474875761980633,0.0006474875761980633,0.0006474875761980633,0.0025733078719247984,0.0025733078719247984,0.0025733078719247984,-2.9438878767427e-05,-2.9438878767427e-05,-2.9438878767427e-05,0.0002433170317238236,0.0002433170317238236,0.0002433170317238236,2.6436114453478476e-05,2.6436114453478476e-05,2.6436114453478476e-05,0.00033183064060674097,0.00033183064060674097,0.00033183064060674097,0.0014591903151767098,0.0014591903151767098,0.0014591903151767098,0.004321133297936435,0.004321133297936435,0.004321133297936435,-4.438519655054272e-06,-4.438519655054272e-06,-4.438519655054272e-06,0.00014984122671693605,0.00014984122671693605,0.00014984122671693605,0.0001292732750036421,0.0001292732750036421,0.0001292732750036421,-1.1506119549462305e-06,-1.1506119549462305e-06,-1.1506119549462305e-06,2.0765237103403753e-05,2.0765237103403753e-05,2.0765237103403753e-05,1.6717512005083722e-05,1.6717512005083722e-05,1.6717512005083722e-05,-5.1226881059524174e-05,-5.1226881059524174e-05,-5.1226881059524174e-05,0.0017478254260116367,0.0017478254260116367,0.0017478254260116367,0.0,0.0,0.0,0.8100311779656109
2025-08-22 06:00:00,0.8066065594625177,0.8087560367464219,0.81065918233916,0.8066065594625177,0.8066065594625177,-0.00036529616562613133,-0.00036529616562613133,-0.00036529616562613133,0.0006474875761980633,0.0006474875761980633,0.0006474875761980633,0.002281261746849184,0.002281261746849184,0.002281261746849184,-8.216182637657388e-08,-8.216182637657388e-08,-8.216182637657388e-08,0.0002521950778445568,0.0002521950778445568,0.0002521950778445568,2.6436114453478476e-05,2.6436114453478476e-05,2.6436114453478476e-05,0.00024041464946260454,0.00024041464946260454,0.00024041464946260454,0.0013290439556300849,0.0013290439556300849,0.0013290439556300849,0.003779998351513094,0.003779998351513094,0.003779998351513094,0.00025832184392415863,0.00025832184392415863,0.00025832184392415863,-0.00012600770121545755,-0.00012600770121545755,-0.00012600770121545755,7.408415071653278e-05,7.408415071653278e-05,7.408415071653278e-05,-6.42244641738105e-06,-6.42244641738105e-06,-6.42244641738105e-06,1.8325221363711366e-05,1.8325221363711366e-05,1.8325221363711366e-05,-7.626330768562855e-06,-7.626330768562855e-06,-7.626330768562855e-06,-5.9612036890096986e-05,-5.9612036890096986e-05,-5.9612036890096986e-05,0.0014987366046639097,0.0014987366046639097,0.0014987366046639097,0.0,0.0,0.0,0.8096555309276056
2025-08-22 07:00:00,0.8066671336726156,0.8083738525697963,0.8102587669395179,0.8066671336726156,0.8066671336726156,-0.00036529616562613133,-0.00036529616562613133,-0.00036529616562613133,0.0006474875761980633,0.0006474875761980633,0.0006474875761980633,0.002159673705292047,0.002159673705292047,0.002159673705292047,2.9274555114673858e-05,2.9274555114673858e-05,2.9274555114673858e-05,0.0002433170317238236,0.0002433170317238236,0.0002433170317238236,2.6436114453478476e-05,2.6436114453478476e-05,2.6436114453478476e-05,0.0003796110375617343,0.0003796110375617343,0.0003796110375617343,0.0012108715698885186,0.0012108715698885186,0.0012108715698885186,0.0033883548534117194,0.0033883548534117194,0.0033883548534117194,-4.438519655054272e-06,-4.438519655054272e-06,-4.438519655054272e-06,5.787960010804887e-05,5.787960010804887e-05,5.787960010804887e-05,-6.192054320385182e-05,-6.192054320385182e-05,-6.192054320385182e-05,3.9839262043339434e-06,3.9839262043339434e-06,3.9839262043339434e-06,1.9220827942949286e-05,1.9220827942949286e-05,1.9220827942949286e-05,2.726862758450879e-05,2.726862758450879e-05,2.726862758450879e-05,-5.402193300304845e-05,-5.402193300304845e-05,-5.402193300304845e-05,0.0012286811481196725,0.0012286811481196725,0.0012286811481196725,0.0,0.0,0.0,0.8094004081700829
2025-08-22 08:00:00,0.8067277078827135,0.808213522327128,0.8097037197422062,0.8067277078827135,0.8067277078827135,-0.00036529616562613133,-0.00036529616562613133,-0.00036529616562613133,0.0006474875761980633,0.0006474875761980633,0.0006474875761980633,0.0018442831622947028,0.0018442831622947028,0.0018442831622947028,5.663066031046027e-05,5.663066031046027e-05,5.663066031046027e-05,0.0002172879175330871,0.0002172879175330871,0.0002172879175330871,-9.896596692840658e-05,-9.896596692840658e-05,-9.896596692840658e-05,0.00043713204855271487,0.00043713204855271487,0.00043713204855271487,0.0008913572350428247,0.0008913572350428247,0.0008913572350428247,0.002784271910726517,0.002784271910726517,0.002784271910726517,0.00025832184392415863,0.00025832184392415863,0.00025832184392415863,-0.00019172312815733986,-0.00019172312815733986,-0.00019172312815733986,2.8743344163071285e-05,2.8743344163071285e-05,2.8743344163071285e-05,-5.286291457083475e-06,-5.286291457083475e-06,-5.286291457083475e-06,1.6858443581379077e-05,1.6858443581379077e-05,1.6858443581379077e-05,2.8117993709147454e-05,2.8117993709147454e-05,2.8117993709147454e-05,-7.638234855124258e-05,-7.638234855124258e-05,-7.638234855124258e-05,0.0009399887484318142,0.0009399887484318142,0.0009399887484318142,0.0,0.0,0.0,0.8089738571793761
2025-08-22 09:00:00,0.8067882820928115,0.8077424716658103,0.8094798821650089,0.8067882820928115,0.8067882820928115,-0.00036529616562613133,-0.00036529616562613133,-0.00036529616562613133,0.0006474875761980633,0.0006474875761980633,0.0006474875761980633,0.001515425462676344,0.001515425462676344,0.001515425462676344,8.01218803999912e-05,8.01218803999912e-05,8.01218803999912e-05,0.00017588157638930092,0.00017588157638930092,0.00017588157638930092,-9.896596692840658e-05,-9.896596692840658e-05,-9.896596692840658e-05,0.00020024926782336526,0.00020024926782336526,0.00020024926782336526,0.0009785354049862513,0.0009785354049862513,0.0009785354049862513,0.00215068835439309,0.00215068835439309,0.00215068835439309,-4.438519655054272e-06,-4.438519655054272e-06,-4.438519655054272e-06,-3.741336867636795e-05,-3.741336867636795e-05,-3.741336867636795e-05,-9.43209102963372e-05,-9.43209102963372e-05,-9.43209102963372e-05,-3.0150225221491016e-06,-3.0150225221491016e-06,-3.0150225221491016e-06,1.8728102268362745e-05,1.8728102268362745e-05,1.8728102268362745e-05,7.189354131850426e-05,7.189354131850426e-05,7.189354131850426e-05,-5.402193300304845e-05,-5.402193300304845e-05,-5.402193300304845e-05,0.0006352628917167462,0.0006352628917167462,0.0006352628917167462,0.0,0.0,0.0,0.8085234322555693
2025-08-22 10:00:00,0.8068488563029094,0.8075090883463949,0.8090281736320564,0.8068488563029094,0.8068488563029094,-0.00036529616562613133,-0.00036529616562613133,-0.00036529616562613133,0.0006474875761980633,0.0006474875761980633,0.0006474875761980633,0.0015080709862877733,0.0015080709862877733,0.0015080709862877733,9.814732755524184e-05,9.814732755524184e-05,9.814732755524184e-05,0.00012191978201419997,0.00012191978201419997,0.00012191978201419997,-9.896596692840658e-05,-9.896596692840658e-05,-9.896596692840658e-05,0.00022309639169321518,0.00022309639169321518,0.00022309639169321518,0.0006939053105993455,0.0006939053105993455,0.0006939053105993455,0.0018254235555580636,0.0018254235555580636,0.0018254235555580636,-4.438519655054272e-06,-4.438519655054272e-06,-4.438519655054272e-06,9.406442794569681e-05,9.406442794569681e-05,9.406442794569681e-05,-1.8239949009145586e-05,-1.8239949009145586e-05,-1.8239949009145586e-05,2.5821533761243668e-06,2.5821533761243668e-06,2.5821533761243668e-06,2.832768150467656e-05,2.832768150467656e-05,2.832768150467656e-05,8.639688269603487e-05,8.639688269603487e-05,8.639688269603487e-05,-9.159460760873162e-07,-9.159460760873162e-07,-9.159460760873162e-07,0.0003173525692702903,0.0003173525692702903,0.0003173525692702903,0.0,0.0,0.0,0.8083216972109798
2025-08-22 11:00:00,0.8069094305130073,0.8068391169800443,0.8084902810935194,0.8069094305130073,0.8069094305130073,-0.00036529616562613133,-0.00036529616562613133,-0.00036529616562613133,0.0006474875761980633,0.0006474875761980633,0.0006474875761980633,0.0009666715630664411,0.0009666715630664411,0.0009666715630664411,0.00010947859734104165,0.00010947859734104165,0.00010947859734104165,5.9079941518365944e-05,5.9079941518365944e-05,5.9079941518365944e-05,-9.896596692840658e-05,-9.896596692840658e-05,-9.896596692840658e-05,5.916111751297448e-05,5.916111751297448e-05,5.916111751297448e-05,0.00040280056917683157,0.00040280056917683157,0.00040280056917683157,0.0009559921904093165,0.0009559921904093165,0.0009559921904093165,0.00025832184392415863,0.00025832184392415863,0.00025832184392415863,-0.00022471015401759271,-0.00022471015401759271,-0.00022471015401759271,4.658392984708473e-05,4.658392984708473e-05,4.658392984708473e-05,-1.1490540593409414e-06,-1.1490540593409414e-06,-1.1490540593409414e-06,2.508597904235966e-05,2.508597904235966e-05,2.508597904235966e-05,6.647960687426572e-05,6.647960687426572e-05,6.647960687426572e-05,-1.7686257737232943e-05,-1.7686257737232943e-05,-1.7686257737232943e-05,-1.067937265712476e-05,-1.067937265712476e-05,-1.067937265712476e-05,0.0,0.0,0.0,0.8076808296269455
2025-08-22 12:00:00,0.8069700047231052,0.8058842698647538,0.8075975387102386,0.8069700047231052,0.8069700047231052,-0.00036529616562613133,-0.00036529616562613133,-0.00036529616562613133,0.0006474875761980633,0.0006474875761980633,0.0006474875761980633,0.00019876311791267807,0.00019876311791267807,0.00019876311791267807,0.00011334348244729716,0.00011334348244729716,0.00011334348244729716,-8.355513816156788e-06,-8.355513816156788e-06,-8.355513816156788e-06,-9.896596692840658e-05,-9.896596692840658e-05,-9.896596692840658e-05,-0.00023458759105437002,-0.00023458759105437002,-0.00023458759105437002,0.00010136822673044499,0.00010136822673044499,0.00010136822673044499,-0.00014682774990432243,-0.00014682774990432243,-0.00014682774990432243,0.00025832184392415863,0.00025832184392415863,0.00025832184392415863,-0.00018872693439460613,-0.00018872693439460613,-0.00018872693439460613,-0.00011058485008792866,-0.00011058485008792866,-0.00011058485008792866,3.9155673088187215e-06,3.9155673088187215e-06,3.9155673088187215e-06,2.464179757607381e-05,2.464179757607381e-05,2.464179757607381e-05,7.388790337265398e-05,7.388790337265398e-05,7.388790337265398e-05,-1.7686257737232943e-05,-1.7686257737232943e-05,-1.7686257737232943e-05,-0.00034559086781700045,-0.00034559086781700045,-0.00034559086781700045,0.0,0.0,0.0,0.8068515191330714
2025-08-22 13:00:00,0.8069221473501718,0.805576709695973,0.8073943565065385,0.8069221473501718,0.8069221473501718,-0.00036529616562613133,-0.00036529616562613133,-0.00036529616562613133,0.0006474875761980633,0.0006474875761980633,0.0006474875761980633,0.0001287494191018621,0.0001287494191018621,0.0001287494191018621,0.00010947859734104166,0.00010947859734104166,0.00010947859734104166,-7.579096915067954e-05,-7.579096915067954e-05,-7.579096915067954e-05,-9.896596692840658e-05,-9.896596692840658e-05,-9.896596692840658e-05,-0.0001603598083048226,-0.0001603598083048226,-0.0001603598083048226,0.0001422186328844009,0.0001422186328844009,0.0001422186328844009,-0.0005552484143696035,-0.0005552484143696035,-0.0005552484143696035,-4.438519655054272e-06,-4.438519655054272e-06,-4.438519655054272e-06,-6.710433109508227e-05,-6.710433109508227e-05,-6.710433109508227e-05,-9.284366541929118e-05,-9.284366541929118e-05,-9.284366541929118e-05,7.845097654413865e-07,7.845097654413865e-07,7.845097654413865e-07,2.5266256751171998e-05,2.5266256751171998e-05,2.5266256751171998e-05,8.040942619139502e-05,8.040942619139502e-05,8.040942619139502e-05,-1.2096153850184402e-05,-1.2096153850184402e-05,-1.2096153850184402e-05,-0.0006839978334714656,-0.0006839978334714656,-0.0006839978334714656,0.0,0.0,0.0,0.8064741051073359
2025-08-22 14:00:00,0.8068742899772381,0.8053476859540389,0.8073366422227429,0.8068742899772381,0.8068742899772381,-0.00036529616562613133,-0.00036529616562613133,-0.00036529616562613133,0.0006474875761980633,0.0006474875761980633,0.0006474875761980633,0.0001634073572437005,0.0001634073572437005,0.0001634073572437005,9.814732755524185e-05,9.814732755524185e-05,9.814732755524185e-05,-0.00013863080964651356,-0.00013863080964651356,-0.00013863080964651356,-9.896596692840658e-05,-9.896596692840658e-05,-9.896596692840658e-05,-0.00018498350634825946,-0.00018498350634825946,-0.00018498350634825946,0.00025467478717532295,0.00025467478717532295,0.00025467478717532295,-0.0008590061360929147,-0.0008590061360929147,-0.0008590061360929147,-0.00026719888323426715,-0.00026719888323426715,-0.00026719888323426715,0.0002193199340116828,0.0002193199340116828,0.0002193199340116828,-3.287879602670065e-05,-3.287879602670065e-05,-3.287879602670065e-05,-1.8832706023383303e-06,-1.8832706023383303e-06,-1.8832706023383303e-06,2.296694054988401e-05,2.296694054988401e-05,2.296694054988401e-05,2.8334447903355694e-05,2.8334447903355694e-05,2.8334447903355694e-05,-1.7686257737232943e-05,-1.7686257737232943e-05,-1.7686257737232943e-05,-0.0010224134933366153,-0.0010224134933366153,-0.0010224134933366153,0.0,0.0,0.0,0.8061811800110921
2025-08-22 15:00:00,0.8068264326043045,0.7998293588489922,0.8015650890379864,0.8068264326043045,0.8068264326043045,-0.00036529616562613133,-0.00036529616562613133,-0.00036529616562613133,0.0006474875761980633,0.0006474875761980633,0.0006474875761980633,-0.0062506521331949436,-0.0062506521331949436,-0.0062506521331949436,8.012188039999126e-05,8.012188039999126e-05,8.012188039999126e-05,-0.0001925926040216144,-0.0001925926040216144,-0.0001925926040216144,-9.896596692840658e-05,-9.896596692840658e-05,-9.896596692840658e-05,-0.001642487359151117,-0.001642487359151117,-0.001642487359151117,-0.0017296468687265766,-0.0017296468687265766,-0.0017296468687265766,-0.007607941474494631,-0.007607941474494631,-0.007607941474494631,0.00025832184392415863,0.00025832184392415863,0.00025832184392415863,-0.002363269894103204,-0.002363269894103204,-0.002363269894103204,0.00010833996744358539,0.00010833996744358539,0.00010833996744358539,4.584898117840325e-06,4.584898117840325e-06,4.584898117840325e-06,-0.00013539554633159792,-0.00013539554633159792,-0.00013539554633159792,-0.0007007507147423045,-0.0007007507147423045,-0.0007007507147423045,-0.0001211031796476309,-0.0001211031796476309,-0.0001211031796476309,-0.0013572893412996862,-0.0013572893412996862,-0.0013572893412996862,0.0,0.0,0.0,0.8006881443249757
2025-08-22 16:00:00,0.806778575231371,0.8001125152458418,0.8018890467847222,0.806778575231371,0.806778575231371,-0.00036529616562613133,-0.00036529616562613133,-0.00036529616562613133,0.0006474875761980633,0.0006474875761980633,0.0006474875761980633,-0.005364055169837218,-0.005364055169837218,-0.005364055169837218,5.6630660310460354e-05,5.6630660310460354e-05,5.6630660310460354e-05,-0.00023399894516540066,-0.00023399894516540066,-0.00023399894516540066,-9.896596692840658e-05,-9.896596692840658e-05,-9.896596692840658e-05,-0.001545165632137937,-0.001545165632137937,-0.001545165632137937,-0.0017217419657838975,-0.0017217419657838975,-0.0017217419657838975,-0.007049112414252958,-0.007049112414252958,-0.007049112414252958,-4.438519655054272e-06,-4.438519655054272e-06,-4.438519655054272e-06,4.179996116835289e-05,4.179996116835289e-05,4.179996116835289e-05,-0.0011649814180241457,-0.0011649814180241457,-0.0011649814180241457,3.8547723525322116e-06,3.8547723525322116e-06,3.8547723525322116e-06,-0.00013545666769407058,-0.00013545666769407058,-0.00013545666769407058,-0.0007226796792039518,-0.0007226796792039518,-0.0007226796792039518,-0.0001211031796476309,-0.0001211031796476309,-0.0001211031796476309,-0.001685057244415741,-0.001685057244415741,-0.001685057244415741,0.0,0.0,0.0,0.8010915023611542
2025-08-22 17:00:00,0.8067307178584374,0.8008078915539916,0.802556567005296,0.8067307178584374,0.8067307178584374,-0.00036529616562613133,-0.00036529616562613133,-0.00036529616562613133,0.0006474875761980633,0.0006474875761980633,0.0006474875761980633,-0.004182403117752803,-0.004182403117752803,-0.004182403117752803,2.9274555114673858e-05,2.9274555114673858e-05,2.9274555114673858e-05,-0.0002600280593561373,-0.0002600280593561373,-0.0002600280593561373,0.00010167736328260952,0.00010167736328260952,0.00010167736328260952,-0.0016314987968317424,-0.0016314987968317424,-0.0016314987968317424,-0.001650983865604263,-0.001650983865604263,-0.001650983865604263,-0.006184575286467801,-0.006184575286467801,-0.006184575286467801,-4.438519655054272e-06,-4.438519655054272e-06,-4.438519655054272e-06,-9.098095752983652e-05,-9.098095752983652e-05,-9.098095752983652e-05,2.0815430907306785e-05,2.0815430907306785e-05,2.0815430907306785e-05,1.3869610437269438e-06,1.3869610437269438e-06,1.3869610437269438e-06,-0.00013535831262654027,-0.00013535831262654027,-0.00013535831262654027,-0.0007289472513088958,-0.0007289472513088958,-0.0007289472513088958,-0.00011551307576058235,-0.00011551307576058235,-0.00011551307576058235,-0.0020021721687149977,-0.0020021721687149977,-0.0020021721687149977,0.0,0.0,0.0,0.8017414309979357
2025-08-22 18:00:00,0.8066828604855039,0.8006730067663936,0.8022016178407044,0.8066828604855039,0.8066828604855039,-0.00036529616562613133,-0.00036529616562613133,-0.00036529616562613133,0.0006474875761980633,0.0006474875761980633,0.0006474875761980633,-0.0042458452708276145,-0.0042458452708276145,-0.0042458452708276145,-8.21618263765461e-08,-8.21618263765461e-08,-8.21618263765461e-08,-0.0002689061054768704,-0.0002689061054768704,-0.0002689061054768704,0.00010167736328260952,0.00010167736328260952,0.00010167736328260952,-0.0016828376787580046,-0.0016828376787580046,-0.0016828376787580046,-0.0016427090068365563,-0.0016427090068365563,-0.0016427090068365563,-0.006551000270810487,-0.006551000270810487,-0.006551000270810487,0.00025832184392415863,0.00025832184392415863,0.00025832184392415863,-0.00028024455117193337,-0.00028024455117193337,-0.00028024455117193337,-4.4650939911580954e-05,-4.4650939911580954e-05,-4.4650939911580954e-05,-4.424796157407394e-06,-4.424796157407394e-06,-4.424796157407394e-06,-0.00013528170006914158,-0.00013528170006914158,-0.00013528170006914158,-0.000716180924581385,-0.000716180924581385,-0.000716180924581385,-0.00011271802381705808,-0.00011271802381705808,-0.00011271802381705808,-0.0023051549999828723,-0.0023051549999828723,-0.0023051549999828723,0.0,0.0,0.0,0.8013982808480051
2025-08-22 19:00:00,0.8066350031125703,0.8000937566804586,0.8018199557140304,0.8066350031125703,0.8066350031125703,-0.00036529616562613133,-0.00036529616562613133,-0.00036529616562613133,0.0006474875761980633,0.0006474875761980633,0.0006474875761980633,-0.004306996162599689,-0.004306996162599689,-0.004306996162599689,-2.943887876742695e-05,-2.943887876742695e-05,-2.943887876742695e-05,-0.0002600280593561373,-0.0002600280593561373,-0.0002600280593561373,0.00010167736328260952,0.00010167736328260952,0.00010167736328260952,-0.00153663664838049,-0.00153663664838049,-0.00153663664838049,-0.001764087688697517,-0.001764087688697517,-0.001764087688697517,-0.006897631091120105,-0.006897631091120105,-0.006897631091120105,-0.00026719888323426715,-0.00026719888323426715,-0.00026719888323426715,0.00021467477133817027,0.00021467477133817027,0.00021467477133817027,-0.00013796555714248092,-0.00013796555714248092,-0.00013796555714248092,4.797783469346766e-05,4.797783469346766e-05,4.797783469346766e-05,-0.00013272398317987078,-0.00013272398317987078,-0.00013272398317987078,-0.0007155148718541451,-0.0007155148718541451,-0.0007155148718541451,-0.00010992297187353382,-0.00010992297187353382,-0.00010992297187353382,-0.0025906349285204147,-0.0025906349285204147,-0.0025906349285204147,0.0,0.0,0.0,0.8010711324359153
2025-08-22 20:00:00,0.8065871457396366,0.8008129686746828,0.8023520748022511,0.8065871457396366,0.8065871457396366,-0.00036529616562613133,-0.00036529616562613133,-0.00036529616562613133,0.0006474875761980633,0.0006474875761980633,0.0006474875761980633,-0.003217969692126036,-0.003217969692126036,-0.003217969692126036,-5.679498396321345e-05,-5.679498396321345e-05,-5.679498396321345e-05,-0.0002339989451654007,-0.0002339989451654007,-0.0002339989451654007,0.00010167736328260952,0.00010167736328260952,0.00010167736328260952,-0.0015418978432493408,-0.0015418978432493408,-0.0015418978432493408,-0.0017405486979616756,-0.0017405486979616756,-0.0017405486979616756,-0.0060733605632945255,-0.0060733605632945255,-0.0060733605632945255,-4.438519655054272e-06,-4.438519655054272e-06,-4.438519655054272e-06,8.499277622533646e-05,8.499277622533646e-05,8.499277622533646e-05,0.00010604971410688834,0.00010604971410688834,0.00010604971410688834,-8.227864598951185e-07,-8.227864598951185e-07,-8.227864598951185e-07,-0.00013295095877510735,-0.00013295095877510735,-0.00013295095877510735,2.849475079041843e-05,2.849475079041843e-05,2.849475079041843e-05,-0.00010992297187353382,-0.00010992297187353382,-0.00010992297187353382,-0.002855390871168489,-0.002855390871168489,-0.002855390871168489,0.0,0.0,0.0,0.8016884511778413
2025-08-24 23:00:00,0.8041464197200244,0.8018997298289864,0.8034617500367174,0.8041464197200244,0.8041464197200244,0.0003711484621133746,0.0003711484621133746,0.0003711484621133746,0.0009564647758225443,0.0009564647758225443,0.0009564647758225443,-0.0024261656831827093,-0.0024261656831827093,-0.0024261656831827093,-0.00010964292099379478,-0.00010964292099379478,-0.00010964292099379478,-7.579096915067973e-05,-7.579096915067973e-05,-7.579096915067973e-05,0.00010167736328260952,0.00010167736328260952,0.00010167736328260952,-0.0014855390384957423,-0.0014855390384957423,-0.0014855390384957423,-0.0018845411772378281,-0.0018845411772378281,-0.0018845411772378281,-0.0017258488319390048,-0.0017258488319390048,-0.0017258488319390048,-4.438519655054272e-06,-4.438519655054272e-06,-4.438519655054272e-06,-0.0001275330942725874,-0.0001275330942725874,-0.0001275330942725874,4.2111238128368604e-05,4.2111238128368604e-05,4.2111238128368604e-05,1.8714352050528097e-06,1.8714352050528097e-06,1.8714352050528097e-06,-0.00013232278757766697,-0.00013232278757766697,-0.00013232278757766697,2.4702417635180265e-05,2.4702417635180265e-05,2.4702417635180265e-05,-0.00010433286798648528,-0.00010433286798648528,-0.00010433286798648528,0.0007003168512437043,0.0007003168512437043,0.0007003168512437043,0.0,0.0,0.0,0.8027585845608427
2025-08-25 00:00:00,0.8041912096261868,0.8017373889981266,0.8035006938449697,0.8041912096261868,0.8041912096261868,0.0005530352644323355,0.0005530352644323355,0.0005530352644323355,0.0002621993102525956,0.0002621993102525956,0.0002621993102525956,-0.0022328818257698712,-0.0022328818257698712,-0.0022328818257698712,-0.0001135078061000503,-0.0001135078061000503,-0.0001135078061000503,-8.35551381615682e-06,-8.35551381615682e-06,-8.35551381615682e-06,2.6436114453478476e-05,2.6436114453478476e-05,2.6436114453478476e-05,-0.00107825115140045,-0.00107825115140045,-0.00107825115140045,-0.0017325675356194324,-0.0017325675356194324,-0.0017325675356194324,-0.0018883200411665517,-0.0018883200411665517,-0.0018883200411665517,-0.00026719888323426715,-0.00026719888323426715,-0.00026719888323426715,0.0005135420280277961,0.0005135420280277961,0.0005135420280277961,-6.267262376257731e-05,-6.267262376257731e-05,-6.267262376257731e-05,5.711731532083656e-06,5.711731532083656e-06,5.711731532083656e-06,-0.00013654549424140492,-0.00013654549424140492,-0.00013654549424140492,-7.360408664619115e-05,-7.360408664619115e-05,-7.360408664619115e-05,-0.0001211031796476309,-0.0001211031796476309,-0.0001211031796476309,0.00034456178460331977,0.00034456178460331977,0.00034456178460331977,0.0,0.0,0.0,0.8026726392481197
2025-08-25 01:00:00,0.8042359995323491,0.8022951766666241,0.803514411866611,0.8042359995323491,0.8042359995323491,0.0005530352644323355,0.0005530352644323355,0.0005530352644323355,0.0002621993102525956,0.0002621993102525956,0.0002621993102525956,-0.0016505398260670632,-0.0016505398260670632,-0.0016505398260670632,-0.0001096429209937948,-0.0001096429209937948,-0.0001096429209937948,5.907994151836588e-05,5.907994151836588e-05,5.907994151836588e-05,2.6436114453478476e-05,2.6436114453478476e-05,2.6436114453478476e-05,-0.0009247386731375531,-0.0009247386731375531,-0.0009247386731375531,-0.0014277342854769203,-0.0014277342854769203,-0.0014277342854769203,-0.0016667046763232216,-0.0016667046763232216,-0.0016667046763232216,-0.00026719888323426715,-0.00026719888323426715,-0.00026719888323426715,0.00019759062361481065,0.00019759062361481065,0.00019759062361481065,0.00025340337639431114,0.00025340337639431114,0.00025340337639431114,-4.330542419484163e-06,-4.330542419484163e-06,-4.330542419484163e-06,-0.00013818029936813814,-0.00013818029936813814,-0.00013818029936813814,-9.355672455172029e-06,-9.355672455172029e-06,-9.355672455172029e-06,-0.0001211031796476309,-0.0001211031796476309,-0.0001211031796476309,-1.616485025615844e-05,-1.616485025615844e-05,-1.616485025615844e-05,0.0,0.0,0.0,0.8028955756310611
2025-08-25 02:00:00,0.8042807894385114,0.8016449627255445,0.8038930379014418,0.8042807894385114,0.8042807894385114,0.0005530352644323355,0.0005530352644323355,0.0005530352644323355,0.0002621993102525956,0.0002621993102525956,0.0002621993102525956,-0.0016574452357180718,-0.0016574452357180718,-0.0016574452357180718,-9.831165120799497e-05,-9.831165120799497e-05,-9.831165120799497e-05,0.00012191978201419997,0.00012191978201419997,0.00012191978201419997,2.6436114453478476e-05,2.6436114453478476e-05,2.6436114453478476e-05,-0.0009700949767160561,-0.0009700949767160561,-0.0009700949767160561,-0.001521403412071223,-0.001521403412071223,-0.001521403412071223,-0.0020354111436014523,-0.0020354111436014523,-0.0020354111436014523,-4.438519655054272e-06,-4.438519655054272e-06,-4.438519655054272e-06,0.00014111401318119533,0.00014111401318119533,0.00014111401318119533,9.762653733610305e-05,9.762653733610305e-05,9.762653733610305e-05,-1.699200173834884e-06,-1.699200173834884e-06,-1.699200173834884e-06,-0.00013674599390940684,-0.00013674599390940684,-0.00013674599390940684,-8.77437595030341e-06,-8.77437595030341e-06,-8.77437595030341e-06,-0.00011830812770410661,-0.00011830812770410661,-0.00011830812770410661,-0.00037796590788338047,-0.00037796590788338047,-0.00037796590788338047,0.0,0.0,0.0,0.8026437473571036
2025-08-25 03:00:00,0.8043255793446737,0.8024969276532498,0.8042000303116057,0.8043255793446737,0.8043255793446737,0.0005530352644323355,0.0005530352644323355,0.0005530352644323355,0.0002621993102525956,0.0002621993102525956,0.0002621993102525956,-0.0004681532835549135,-0.0004681532835549135,-0.0004681532835549135,-8.028620405274437e-05,-8.028620405274437e-05,-8.028620405274437e-05,0.0001758815763893009,0.0001758815763893009,0.0001758815763893009,2.6436114453478476e-05,2.6436114453478476e-05,2.6436114453478476e-05,0.00040741876307181574,0.00040741876307181574,0.00040741876307181574,-0.001628471200705629,-0.001628471200705629,-0.001628471200705629,-0.0012051150560317002,-0.0012051150560317002,-0.0012051150560317002,-4.438519655054272e-06,-4.438519655054272e-06,-4.438519655054272e-06,1.1917719902844522e-05,1.1917719902844522e-05,1.1917719902844522e-05,6.978128097328998e-05,6.978128097328998e-05,6.978128097328998e-05,2.613104713578371e-06,2.613104713578371e-06,2.613104713578371e-06,-0.00013573007965615968,-0.00013573007965615968,-0.00013573007965615968,-1.5792389857507297e-05,-1.5792389857507297e-05,-1.5792389857507297e-05,-0.00011271802381705808,-0.00011271802381705808,-0.00011271802381705808,-0.0007369617724767868,-0.0007369617724767868,-0.0007369617724767868,0.0,0.0,0.0,0.803356274479054
2025-08-25 04:00:00,0.804370369250836,0.8021792186762287,0.8039057974425391,0.804370369250836,0.804370369250836,0.0005530352644323355,0.0005530352644323355,0.0005530352644323355,0.0002621993102525956,0.0002621993102525956,0.0002621993102525956,-0.0007155814176404971,-0.0007155814176404971,-0.0007155814176404971,-5.679498396321345e-05,-5.679498396321345e-05,-5.679498396321345e-05,0.0002172879175330871,0.0002172879175330871,0.0002172879175330871,2.6436114453478476e-05,2.6436114453478476e-05,2.6436114453478476e-05,0.00025180254726748933,0.00025180254726748933,0.00025180254726748933,-0.001706499119021883,-0.001706499119021883,-0.001706499119021883,-0.0018049162940604582,-0.0018049162940604582,-0.0018049162940604582,0.00025832184392415863,0.00025832184392415863,0.00025832184392415863,-0.00022652237757931522,-0.00022652237757931522,-0.00022652237757931522,6.0822756710950055e-06,6.0822756710950055e-06,6.0822756710950055e-06,-1.0394776993331284e-05,-1.0394776993331284e-05,-1.0394776993331284e-05,-0.0001360037327767216,-0.0001360037327767216,-0.0001360037327767216,-4.1813677023214076e-05,-4.1813677023214076e-05,-4.1813677023214076e-05,-0.00011271802381705808,-0.00011271802381705808,-0.00011271802381705808,-0.001089334876419961,-0.001089334876419961,-0.001089334876419961,0.0,0.0,0.0,0.8029185480649158
2025-08-25 05:00:00,0.8044151591569983,0.801955796884108,0.803745319828684,0.8044151591569983,0.8044151591569983,0.0005530352644323355,0.0005530352644323355,0.0005530352644323355,0.0002621993102525956,0.0002621993102525956,0.0002621993102525956,-0.000489171669738871,-0.000489171669738871,-0.000489171669738871,-2.9438878767427e-05,-2.9438878767427e-05,-2.9438878767427e-05,0.0002433170317238236,0.0002433170317238236,0.0002433170317238236,2.6436114453478476e-05,2.6436114453478476e-05,2.6436114453478476e-05,0.00035953458413907744,0.00035953458413907744,0.00035953458413907744,-0.0016778564551102036,-0.0016778564551102036,-0.0016778564551102036,-0.0019205449064474355,-0.0019205449064474355,-0.0019205449064474355,-4.438519655054272e-06,-4.438519655054272e-06,-4.438519655054272e-06,9.477675378594573e-05,9.477675378594573e-05,9.477675378594573e-05,-0.00011147834970264452,-0.00011147834970264452,-0.00011147834970264452,-3.983892604324586e-06,-3.983892604324586e-06,-3.983892604324586e-06,-0.00013628006212084955,-0.00013628006212084955,-0.00013628006212084955,4.772345325143438e-05,4.772345325143438e-05,4.772345325143438e-05,-0.00011271802381705808,-0.00011271802381705808,-0.00011271802381705808,-0.0014313732367085647,-0.0014313732367085647,-0.0014313732367085647,0.0,0.0,0.0,0.8028702437204103
2025-08-25 06:00:00,0.8044599490631607,0.8024060423040078,0.8040251647095183,0.8044599490631607,0.8044599490631607,0.0005530352644323355,0.0005530352644323355,0.0005530352644323355,0.0002621993102525956,0.0002621993102525956,0.0002621993102525956,0.0002465066872997774,0.0002465066872997774,0.0002465066872997774,-8.216182637657388e-08,-8.216182637657388e-08,-8.216182637657388e-08,0.0002521950778445568,0.0002521950778445568,0.0002521950778445568,2.6436114453478476e-05,2.6436114453478476e-05,2.6436114453478476e-05,0.0006000839138983763,0.0006000839138983763,0.0006000839138983763,-0.0014245958523627907,-0.0014245958523627907,-0.0014245958523627907,-0.001513005799531945,-0.001513005799531945,-0.001513005799531945,-4.438519655054272e-06,-4.438519655054272e-06,-4.438519655054272e-06,0.0001345242980227956,0.0001345242980227956,0.0001345242980227956,4.693513533699107e-05,4.693513533699107e-05,4.693513533699107e-05,-2.8379409955777677e-06,-2.8379409955777677e-06,-2.8379409955777677e-06,-0.0001372271997114751,-0.0001372271997114751,-0.0001372271997114751,5.858737531402895e-05,5.858737531402895e-05,5.858737531402895e-05,-0.00011830812770410661,-0.00011830812770410661,-0.00011830812770410661,-0.0017595124868317227,-0.0017595124868317227,-0.0017595124868317227,0.0,0.0,0.0,0.803242796494737
2025-08-25 07:00:00,0.804504738969323,0.8016288609319884,0.8033954743534478,0.804504738969323,0.804504738969323,0.0005530352644323355,0.0005530352644323355,0.0005530352644323355,0.0002621993102525956,0.0002621993102525956,0.0002621993102525956,-0.000545238009838051,-0.000545238009838051,-0.000545238009838051,2.9274555114673858e-05,2.9274555114673858e-05,2.9274555114673858e-05,0.0002433170317238236,0.0002433170317238236,0.0002433170317238236,2.6436114453478476e-05,2.6436114453478476e-05,2.6436114453478476e-05,0.00027504648227700174,0.00027504648227700174,0.00027504648227700174,-0.001663970661158576,-0.001663970661158576,-0.001663970661158576,-0.0026156139122195357,-0.0026156139122195357,-0.0026156139122195357,0.00025832184392415863,0.00025832184392415863,0.00025832184392415863,-0.00034577327311786064,-0.00034577327311786064,-0.00034577327311786064,6.653228450316295e-05,6.653228450316295e-05,6.653228450316295e-05,-2.164539943265439e-07,-2.164539943265439e-07,-2.164539943265439e-07,-0.00013834632069086662,-0.00013834632069086662,-0.00013834632069086662,1.0008992089979629e-05,1.0008992089979629e-05,1.0008992089979629e-05,-0.0001211031796476309,-0.0001211031796476309,-0.0001211031796476309,-0.0020703759023814852,-0.0020703759023814852,-0.0020703759023814852,0.0,0.0,0.0,0.8024004651816282
2025-08-25 08:00:00,0.8045495288754853,0.8011820530705629,0.8029259857825313,0.8045495288754853,0.8045495288754853,0.0005530352644323355,0.0005530352644323355,0.0005530352644323355,0.0002621993102525956,0.0002621993102525956,0.0002621993102525956,-0.0007943238786056841,-0.0007943238786056841,-0.0007943238786056841,5.663066031046027e-05,5.663066031046027e-05,5.663066031046027e-05,0.0002172879175330871,0.0002172879175330871,0.0002172879175330871,-9.896596692840658e-05,-9.896596692840658e-05,-9.896596692840658e-05,0.0002615228631966051,0.0002615228631966051,0.0002615228631966051,-0.0016891143747207497,-0.0016891143747207497,-0.0016891143747207497,-0.003155135823843082,-0.003155135823843082,-0.003155135823843082,-4.438519655054272e-06,-4.438519655054272e-06,-4.438519655054272e-06,6.167458228758274e-05,6.167458228758274e-05,6.167458228758274e-05,-0.0001702738711100236,-0.0001702738711100236,-0.0001702738711100236,4.621669455390864e-06,4.621669455390864e-06,4.621669455390864e-06,-0.00013810511530846072,-0.00013810511530846072,-0.00013810511530846072,5.114777409536052e-06,5.114777409536052e-06,5.114777409536052e-06,-0.00011551307576058235,-0.00011551307576058235,-0.00011551307576058235,-0.0023608119452373983,-0.0023608119452373983,-0.0023608119452373983,0.0,0.0,0.0,0.8020110658348741
2025-08-25 09:00:00,0.8047036443048378,0.8011425938891408,0.8026846791397354,0.8047036443048378,0.8047036443048378,0.0005530352644323355,0.0005530352644323355,0.0005530352644323355,0.0002621993102525956,0.0002621993102525956,0.0002621993102525956,-0.0007719950654254384,-0.0007719950654254384,-0.0007719950654254384,8.01218803999912e-05,8.01218803999912e-05,8.01218803999912e-05,0.00017588157638930092,0.00017588157638930092,0.00017588157638930092,-9.896596692840658e-05,-9.896596692840658e-05,-9.896596692840658e-05,0.0002481763189890049,0.0002481763189890049,0.0002481763189890049,-0.0016315419142347372,-0.0016315419142347372,-0.0016315419142347372,-0.0033999239480209035,-0.0033999239480209035,-0.0033999239480209035,-4.438519655054272e-06,-4.438519655054272e-06,-4.438519655054272e-06,-0.00015054596563353505,-0.00015054596563353505,-0.00015054596563353505,3.0614424082175825e-05,3.0614424082175825e-05,3.0614424082175825e-05,-1.8977242130688232e-06,-1.8977242130688232e-06,-1.8977242130688232e-06,-0.00013786999177061219,-0.00013786999177061219,-0.00013786999177061219,1.595426628162975e-05,1.595426628162975e-05,1.595426628162975e-05,-0.00011271802381705808,-0.00011271802381705808,-0.00011271802381705808,-0.0026279288825954645,-0.0026279288825954645,-0.0026279288825954645,0.0,0.0,0.0,0.801967713113506
2025-08-25 10:00:00,0.8048577597341902,0.8012875495256341,0.8031222088094409,0.8048577597341902,0.8048577597341902,0.0005530352644323355,0.0005530352644323355,0.0005530352644323355,0.0002621993102525956,0.0002621993102525956,0.0002621993102525956,-0.0005835854028403421,-0.0005835854028403421,-0.0005835854028403421,9.814732755524184e-05,9.814732755524184e-05,9.814732755524184e-05,0.00012191978201419997,0.00012191978201419997,0.00012191978201419997,-9.896596692840658e-05,-9.896596692840658e-05,-9.896596692840658e-05,3.6136966593513855e-05,3.6136966593513855e-05,3.6136966593513855e-05,-0.0013701992550426009,-0.0013701992550426009,-0.0013701992550426009,-0.003452711476933754,-0.003452711476933754,-0.003452711476933754,-4.438519655054272e-06,-4.438519655054272e-06,-4.438519655054272e-06,0.0001479317049182857,0.0001479317049182857,0.0001479317049182857,-7.40189014122115e-05,-7.40189014122115e-05,-7.40189014122115e-05,-2.7042308697580224e-06,-2.7042308697580224e-06,-2.7042308697580224e-06,-0.00013890728610914055,-0.00013890728610914055,-0.00013890728610914055,7.3815810582881524e-06,7.3815810582881524e-06,7.3815810582881524e-06,-0.0001211031796476309,-0.0001211031796476309,-0.0001211031796476309,-0.002869126074093412,-0.002869126074093412,-0.002869126074093412,0.0,0.0,0.0,0.8020788181098568
2025-08-25 11:00:00,0.8050118751635426,0.8013211267802387,0.8031763401182482,0.8050118751635426,0.8050118751635426,0.0005530352644323355,0.0005530352644323355,0.0005530352644323355,0.0002621993102525956,0.0002621993102525956,0.0002621993102525956,-0.0003435516229745012,-0.0003435516229745012,-0.0003435516229745012,0.00010947859734104165,0.00010947859734104165,0.00010947859734104165,5.9079941518365944e-05,5.9079941518365944e-05,5.9079941518365944e-05,-9.896596692840658e-05,-9.896596692840658e-05,-9.896596692840658e-05,7.294483721035143e-06,7.294483721035143e-06,7.294483721035143e-06,-0.0012033268727893959,-0.0012033268727893959,-0.0012033268727893959,-0.0034256731869663636,-0.0034256731869663636,-0.0034256731869663636,-4.438519655054272e-06,-4.438519655054272e-06,-4.438519655054272e-06,0.00014785877260151874,0.00014785877260151874,0.00014785877260151874,7.314267913023248e-05,7.314267913023248e-05,7.314267913023248e-05,7.041357084263794e-06,7.041357084263794e-06,7.041357084263794e-06,-0.00013996702932424606,-0.00013996702932424606,-0.00013996702932424606,5.119539288843566e-06,5.119539288843566e-06,5.119539288843566e-06,-0.0001211031796476309,-0.0001211031796476309,-0.0001211031796476309,-0.003082121563991863,-0.003082121563991863,-0.003082121563991863,0.0,0.0,0.0,0.8022541675676053
2025-08-25 12:00:00,0.805165990592895,0.8008933889141767,0.8025915416275887,0.805165990592895,0.805165990592895,0.0005530352644323355,0.0005530352644323355,0.0005530352644323355,0.0002621993102525956,0.0002621993102525956,0.0002621993102525956,-0.0010618700625100704,-0.0010618700625100704,-0.0010618700625100704,0.00011334348244729716,0.00011334348244729716,0.00011334348244729716,-8.355513816156788e-06,-8.355513816156788e-06,-8.355513816156788e-06,-9.896596692840658e-05,-9.896596692840658e-05,-9.896596692840658e-05,-0.00020986309965504205,-0.00020986309965504205,-0.00020986309965504205,-0.0015547050657016104,-0.0015547050657016104,-0.0015547050657016104,-0.0043268457231575835,-0.0043268457231575835,-0.0043268457231575835,0.00025832184392415863,0.00025832184392415863,0.00025832184392415863,-0.00023332145517338714,-0.00023332145517338714,-0.00023332145517338714,7.310672054415731e-05,7.310672054415731e-05,7.310672054415731e-05,-1.2260570150851457e-06,-1.2260570150851457e-06,-1.2260570150851457e-06,-0.0001384774837438564,-0.0001384774837438564,-0.0001384774837438564,3.8551033683512296e-05,3.8551033683512296e-05,3.8551033683512296e-05,-0.00011551307576058235,-0.00011551307576058235,-0.00011551307576058235,-0.003264975660647514,-0.003264975660647514,-0.003264975660647514,0.0,0.0,0.0,0.8016821615700662
2025-08-25 13:00:00,0.8053201060222474,0.8025020831108378,0.8041308901451281,0.8053201060222474,0.8053201060222474,0.0005530352644323355,0.0005530352644323355,0.0005530352644323355,0.0002621993102525956,0.0002621993102525956,0.0002621993102525956,0.0010647291874796782,0.0010647291874796782,0.0010647291874796782,0.00010947859734104166,0.00010947859734104166,0.00010947859734104166,-7.579096915067954e-05,-7.579096915067954e-05,-7.579096915067954e-05,-9.896596692840658e-05,-9.896596692840658e-05,-9.896596692840658e-05,-0.00013868570863791752,-0.00013868570863791752,-0.00013868570863791752,0.00038438652878719796,0.00038438652878719796,0.00038438652878719796,-0.0023513810491919375,-0.0023513810491919375,-0.0023513810491919375,-4.438519655054272e-06,-4.438519655054272e-06,-4.438519655054272e-06,0.0001346458297271238,0.0001346458297271238,0.0001346458297271238,-0.00011483057033316779,-0.00011483057033316779,-0.00011483057033316779,3.0800526546018452e-06,3.0800526546018452e-06,3.0800526546018452e-06,1.8445940427115905e-05,1.8445940427115905e-05,1.8445940427115905e-05,3.0290292695454655e-05,3.0290292695454655e-05,3.0290292695454655e-05,1.8791058674369245e-06,1.8791058674369245e-06,1.8791058674369245e-06,-0.003416110236671616,-0.003416110236671616,-0.003416110236671616,0.0,0.0,0.0,0.8034264915864133
2025-08-25 14:00:00,0.8054742214515997,0.8026873520585748,0.8042705724355663,0.8054742214515997,0.8054742214515997,0.0005530352644323355,0.0005530352644323355,0.0005530352644323355,0.0002621993102525956,0.0002621993102525956,0.0002621993102525956,0.0010699803084460568,0.0010699803084460568,0.0010699803084460568,9.814732755524185e-05,9.814732755524185e-05,9.814732755524185e-05,-0.00013863080964651356,-0.00013863080964651356,-0.00013863080964651356,-9.896596692840658e-05,-9.896596692840658e-05,-9.896596692840658e-05,-2.5394855427414926e-05,-2.5394855427414926e-05,-2.5394855427414926e-05,0.000327733489989501,0.000327733489989501,0.000327733489989501,-0.0024643432287357785,-0.0024643432287357785,-0.0024643432287357785,-4.438519655054272e-06,-4.438519655054272e-06,-4.438519655054272e-06,-3.1179838660465186e-05,-3.1179838660465186e-05,-3.1179838660465186e-05,6.659220455568108e-05,6.659220455568108e-05,6.659220455568108e-05,-2.9762769324208966e-06,-2.9762769324208966e-06,-2.9762769324208966e-06,1.8313957719191708e-05,1.8313957719191708e-05,1.8313957719191708e-05,4.6460967267872554e-05,4.6460967267872554e-05,4.6460967267872554e-05,-9.159460760873162e-07,-9.159460760873162e-07,-9.159460760873162e-07,-0.0035343235371818344,-0.0035343235371818344,-0.0035343235371818344,0.0,0.0,0.0,0.8034892565080443
2025-08-25 15:00:00,0.8056283368809523,0.802662693689467,0.8045384357908825,0.8056283368809523,0.8056283368809523,0.0005530352644323355,0.0005530352644323355,0.0005530352644323355,0.0002621993102525956,0.0002621993102525956,0.0002621993102525956,0.0012377573269557276,0.0012377573269557276,0.0012377573269557276,8.012188039999126e-05,8.012188039999126e-05,8.012188039999126e-05,-0.0001925926040216144,-0.0001925926040216144,-0.0001925926040216144,-9.896596692840658e-05,-9.896596692840658e-05,-9.896596692840658e-05,6.310058676037327e-05,6.310058676037327e-05,6.310058676037327e-05,0.0005903864787189417,0.0005903864787189417,0.0005903864787189417,-0.002381043012338004,-0.002381043012338004,-0.002381043012338004,-0.00026719888323426715,-0.00026719888323426715,-0.00026719888323426715,0.0002473656333805632,0.0002473656333805632,0.0002473656333805632,-1.5166566240501416e-05,-1.5166566240501416e-05,-1.5166566240501416e-05,-2.974797082531056e-06,-2.974797082531056e-06,-2.974797082531056e-06,1.6484953180227527e-05,1.6484953180227527e-05,1.6484953180227527e-05,2.8033450905826123e-05,2.8033450905826123e-05,2.8033450905826123e-05,-2.6071413567805763e-05,-2.6071413567805763e-05,-2.6071413567805763e-05,-0.0036188003392937317,-0.0036188003392937317,-0.0036188003392937317,0.0,0.0,0.0,0.8037101011588804
2025-08-25 16:00:00,0.8057824523103047,0.8036093225815151,0.8052420440919114,0.8057824523103047,0.8057824523103047,0.0005530352644323355,0.0005530352644323355,0.0005530352644323355,0.0002621993102525956,0.0002621993102525956,0.0002621993102525956,0.0019072703576274613,0.0019072703576274613,0.0019072703576274613,5.6630660310460354e-05,5.6630660310460354e-05,5.6630660310460354e-05,-0.00023399894516540066,-0.00023399894516540066,-0.00023399894516540066,-9.896596692840658e-05,-9.896596692840658e-05,-9.896596692840658e-05,7.652739982643552e-05,7.652739982643552e-05,7.652739982643552e-05,0.000930336791992198,0.000930336791992198,0.000930336791992198,-0.001761847006566223,-0.001761847006566223,-0.001761847006566223,-4.438519655054272e-06,-4.438519655054272e-06,-4.438519655054272e-06,0.00015767557351932654,0.00015767557351932654,0.00015767557351932654,0.00012216763314103026,0.00012216763314103026,0.00012216763314103026,4.759627697698615e-06,4.759627697698615e-06,4.759627697698615e-06,2.177547530274779e-05,2.177547530274779e-05,2.177547530274779e-05,2.6941375655290784e-05,2.6941375655290784e-05,2.6941375655290784e-05,3.262467724620389e-05,3.262467724620389e-05,3.262467724620389e-05,-0.0036691173641936847,-0.0036691173641936847,-0.0036691173641936847,0.0,0.0,0.0,0.8043627869087582
2025-08-25 17:00:00,0.8059365677396572,0.8040980766193006,0.805604522575831,0.8059365677396572,0.8059365677396572,0.0005530352644323355,0.0005530352644323355,0.0005530352644323355,0.0002621993102525956,0.0002621993102525956,0.0002621993102525956,0.002226713149715239,0.002226713149715239,0.002226713149715239,2.9274555114673858e-05,2.9274555114673858e-05,2.9274555114673858e-05,-0.0002600280593561373,-0.0002600280593561373,-0.0002600280593561373,0.00010167736328260952,0.00010167736328260952,0.00010167736328260952,0.0004107190873506448,0.0004107190873506448,0.0004107190873506448,0.0009425898805198557,0.0009425898805198557,0.0009425898805198557,-0.0014585307528253758,-0.0014585307528253758,-0.0014585307528253758,-0.00026719888323426715,-0.00026719888323426715,-0.00026719888323426715,0.00023045906053096124,0.00023045906053096124,0.00023045906053096124,7.794680099729225e-05,7.794680099729225e-05,7.794680099729225e-05,-2.7066968366604153e-06,-2.7066968366604153e-06,-2.7066968366604153e-06,2.148158353790958e-05,2.148158353790958e-05,2.148158353790958e-05,9.46392058772216e-05,9.46392058772216e-05,9.46392058772216e-05,3.262467724620389e-05,3.262467724620389e-05,3.262467724620389e-05,-0.0036852439025406147,-0.0036852439025406147,-0.0036852439025406147,0.0,0.0,0.0,0.8047610844707823
2025-08-25 18:00:00,0.8060906831690096,0.8042623179011767,0.8060021634486595,0.8060906831690096,0.8060906831690096,0.0005530352644323355,0.0005530352644323355,0.0005530352644323355,0.0002621993102525956,0.0002621993102525956,0.0002621993102525956,0.0025618747915308734,0.0025618747915308734,0.0025618747915308734,-8.21618263765461e-08,-8.21618263765461e-08,-8.21618263765461e-08,-0.0002689061054768704,-0.0002689061054768704,-0.0002689061054768704,0.00010167736328260952,0.00010167736328260952,0.00010167736328260952,0.00047588232483246806,0.00047588232483246806,0.00047588232483246806,0.0010117101697627218,0.0010117101697627218,0.0010117101697627218,-0.0011056628814641594,-0.0011056628814641594,-0.0011056628814641594,-4.438519655054272e-06,-4.438519655054272e-06,-4.438519655054272e-06,0.00017403274619177408,0.00017403274619177408,0.00017403274619177408,0.00011383200797515563,0.00011383200797515563,0.00011383200797515563,6.580268958950302e-07,6.580268958950302e-07,6.580268958950302e-07,2.0798318778704293e-05,2.0798318778704293e-05,2.0798318778704293e-05,9.444147272575973e-05,9.444147272575973e-05,9.444147272575973e-05,2.703457335915537e-05,2.703457335915537e-05,2.703457335915537e-05,-0.0036675376729950323,-0.0036675376729950323,-0.0036675376729950323,0.0,0.0,0.0,0.8051994186215354
2025-08-25 19:00:00,0.8061582979335293,0.8051559721467774,0.8068030053518549,0.8061582979335293,0.8061582979335293,0.0005530352644323355,0.0005530352644323355,0.0005530352644323355,0.0002621993102525956,0.0002621993102525956,0.0002621993102525956,0.0033028125444042496,0.0033028125444042496,0.0033028125444042496,-2.943887876742695e-05,-2.943887876742695e-05,-2.943887876742695e-05,-0.0002600280593561373,-0.0002600280593561373,-0.0002600280593561373,0.00010167736328260952,0.00010167736328260952,0.00010167736328260952,0.0008385626843576675,0.0008385626843576675,0.0008385626843576675,0.001479297946445427,0.001479297946445427,0.001479297946445427,-0.00031392344852637535,-0.00031392344852637535,-0.00031392344852637535,-0.00026719888323426715,-0.00026719888323426715,-0.00026719888323426715,0.00047480815818099,0.00047480815818099,0.00047480815818099,8.601154962399104e-05,8.601154962399104e-05,8.601154962399104e-05,-4.993863848677137e-06,-4.993863848677137e-06,-4.993863848677137e-06,1.459192539539586e-05,1.459192539539586e-05,1.459192539539586e-05,8.035944120755178e-05,8.035944120755178e-05,8.035944120755178e-05,-2.6071413567805763e-05,-2.6071413567805763e-05,-2.6071413567805763e-05,-0.003616735992930625,-0.003616735992930625,-0.003616735992930625,0.0,0.0,0.0,0.8059052259405839
2025-08-25 20:00:00,0.8062259126980491,0.8053950745092614,0.8067976422411447,0.8062259126980491,0.8062259126980491,0.0005530352644323355,0.0005530352644323355,0.0005530352644323355,0.0002621993102525956,0.0002621993102525956,0.0002621993102525956,0.0032383736134825054,0.0032383736134825054,0.0032383736134825054,-5.679498396321345e-05,-5.679498396321345e-05,-5.679498396321345e-05,-0.0002339989451654007,-0.0002339989451654007,-0.0002339989451654007,0.00010167736328260952,0.00010167736328260952,0.00010167736328260952,0.0009166370491487844,0.0009166370491487844,0.0009166370491487844,0.0012999840983133604,0.0012999840983133604,0.0012999840983133604,-0.00029556878484268917,-0.00029556878484268917,-0.00029556878484268917,-0.00026719888323426715,-0.00026719888323426715,-0.00026719888323426715,0.00028255196957844637,0.00028255196957844637,0.00028255196957844637,0.00023430600975833145,0.00023430600975833145,0.00023430600975833145,-3.1739871316175226e-06,-3.1739871316175226e-06,-3.1739871316175226e-06,2.245901773159066e-05,2.245901773159066e-05,2.245901773159066e-05,8.009039351512497e-05,8.009039351512497e-05,8.009039351512497e-05,4.6599936963825244e-05,4.6599936963825244e-05,4.6599936963825244e-05,-0.003533942398325194,-0.003533942398325194,-0.003533942398325194,0.0,0.0,0.0,0.8059876174847243
2025-08-25 21:00:00,0.806293527462569,0.8041679390192432,0.8058766607994254,0.806293527462569,0.806293527462569,0.0005530352644323355,0.0005530352644323355,0.0005530352644323355,0.0002621993102525956,0.0002621993102525956,0.0002621993102525956,0.0016946868766524554,0.0016946868766524554,0.0016946868766524554,-8.028620405274433e-05,-8.028620405274433e-05,-8.028620405274433e-05,-0.00019259260402161457,-0.00019259260402161457,-0.00019259260402161457,0.00010167736328260952,0.00010167736328260952,0.00010167736328260952,0.0005490320490345009,0.0005490320490345009,0.0005490320490345009,0.0007693340752896782,0.0007693340752896782,0.0007693340752896782,-0.0017259220290567398,-0.0017259220290567398,-0.0017259220290567398,0.00025832184392415863,0.00025832184392415863,0.00025832184392415863,-0.0004859866968836675,-0.0004859866968836675,-0.0004859866968836675,0.00013951592200567178,0.00013951592200567178,0.00013951592200567178,-4.6508171571946565e-06,-4.6508171571946565e-06,-4.6508171571946565e-06,7.31486794865752e-06,7.31486794865752e-06,7.31486794865752e-06,-0.0001226154605124342,-0.0001226154605124342,-0.0001226154605124342,-5.9612036890096986e-05,-5.9612036890096986e-05,-5.9612036890096986e-05,-0.003420608905709195,-0.003420608905709195,-0.003420608905709195,0.0,0.0,0.0,0.8049019277016355
2025-08-25 22:00:00,0.8063611422270888,0.8039814470077086,0.8058000204586078,0.8063611422270888,0.8063611422270888,0.0005530352644323355,0.0005530352644323355,0.0005530352644323355,0.0002621993102525956,0.0002621993102525956,0.0002621993102525956,0.0014630566063192202,0.0014630566063192202,0.0014630566063192202,-9.831165120799493e-05,-9.831165120799493e-05,-9.831165120799493e-05,-0.00013863080964651373,-0.00013863080964651373,-0.00013863080964651373,0.00010167736328260952,0.00010167736328260952,0.00010167736328260952,0.0006510149029412583,0.0006510149029412583,0.0006510149029412583,0.0006151712278320701,0.0006151712278320701,0.0006151712278320701,-0.0018154575562789482,-0.0018154575562789482,-0.0018154575562789482,-4.438519655054272e-06,-4.438519655054272e-06,-4.438519655054272e-06,-5.747681243492706e-05,-5.747681243492706e-05,-5.747681243492706e-05,-0.0002394047679590099,-0.0002394047679590099,-0.0002394047679590099,-3.505886092879969e-06,-3.505886092879969e-06,-3.505886092879969e-06,7.283509595944284e-06,7.283509595944284e-06,7.283509595944284e-06,-0.00012594448813111616,-0.00012594448813111616,-0.00012594448813111616,-5.9612036890096986e-05,-5.9612036890096986e-05,-5.9612036890096986e-05,-0.003278514162598168,-0.003278514162598168,-0.003278514162598168,0.0,0.0,0.0,0.8048972277983428
2025-08-25 23:00:00,0.8064287569916087,0.8047329765069461,0.806582256666142,0.8064287569916087,0.8064287569916087,0.0005530352644323355,0.0005530352644323355,0.0005530352644323355,0.0002621993102525956,0.0002621993102525956,0.0002621993102525956,0.0020941727542933613,0.0020941727542933613,0.0020941727542933613,-0.00010964292099379478,-0.00010964292099379478,-0.00010964292099379478,-7.579096915067973e-05,-7.579096915067973e-05,-7.579096915067973e-05,0.00010167736328260952,0.00010167736328260952,0.00010167736328260952,0.0007408040360538144,0.0007408040360538144,0.0007408040360538144,0.0008306269777133457,0.0008306269777133457,0.0008306269777133457,-0.00101556502889367,-0.00101556502889367,-0.00101556502889367,-0.00026719888323426715,-0.00026719888323426715,-0.00026719888323426715,0.00028946536486593497,0.00028946536486593497,0.00028946536486593497,-2.813203939290974e-05,-2.813203939290974e-05,-2.813203939290974e-05,-9.608838529192903e-06,-9.608838529192903e-06,-9.608838529192903e-06,4.469943880092675e-06,4.469943880092675e-06,4.469943880092675e-06,-0.0001353247660529019,-0.0001353247660529019,-0.0001353247660529019,-6.240708883362126e-05,-6.240708883362126e-05,-6.240708883362126e-05,-0.0031097377831870313,-0.0031097377831870313,-0.0031097377831870313,0.0,0.0,0.0,0.8056097761477138
2025-08-26 00:00:00,0.8064963717561284,0.804776263853738,0.8063571017614005,0.8064963717561284,0.8064963717561284,0.0003711484621133747,0.0003711484621133747,0.0003711484621133747,-0.000432066155317353,-0.000432066155317353,-0.000432066155317353,0.0017918333498439427,0.0017918333498439427,0.0017918333498439427,-0.0001135078061000503,-0.0001135078061000503,-0.0001135078061000503,-8.35551381615682e-06,-8.35551381615682e-06,-8.35551381615682e-06,2.6436114453478476e-05,2.6436114453478476e-05,2.6436114453478476e-05,0.0008021676360189373,0.0008021676360189373,0.0008021676360189373,0.0010644041955697875,0.0010644041955697875,0.0010644041955697875,-0.0011247978622340898,-0.0011247978622340898,-0.0011247978622340898,-4.438519655054272e-06,-4.438519655054272e-06,-4.438519655054272e-06,7.462677391853275e-05,7.462677391853275e-05,7.462677391853275e-05,0.0001429245058891515,0.0001429245058891515,0.0001429245058891515,-5.707820268198213e-06,-5.707820268198213e-06,-5.707820268198213e-06,8.430753710602833e-06,8.430753710602833e-06,8.430753710602833e-06,-8.300239561358554e-05,-8.300239561358554e-05,-8.300239561358554e-05,-5.1226881059524174e-05,-5.1226881059524174e-05,-5.1226881059524174e-05,-0.0029166312120780325,-0.0029166312120780325,-0.0029166312120780325,0.0,0.0,0.0,0.8055892263612776
2025-08-26 01:00:00,0.8065639865206482,0.8030113591247752,0.8047789664542625,0.8065639865206482,0.8065639865206482,0.0003711484621133747,0.0003711484621133747,0.0003711484621133747,-0.000432066155317353,-0.000432066155317353,-0.000432066155317353,-0.0005586142055887175,-0.0005586142055887175,-0.0005586142055887175,-0.0001096429209937948,-0.0001096429209937948,-0.0001096429209937948,5.907994151836588e-05,5.907994151836588e-05,5.907994151836588e-05,2.6436114453478476e-05,2.6436114453478476e-05,2.6436114453478476e-05,0.00013739033260819536,0.00013739033260819536,0.00013739033260819536,0.0002930435587908124,0.0002930435587908124,0.0002930435587908124,-0.003260399706911024,-0.003260399706911024,-0.003260399706911024,0.00025832184392415863,0.00025832184392415863,0.00025832184392415863,-0.0008988812399004875,-0.0008988812399004875,-0.0008988812399004875,3.7000379146671325e-05,3.7000379146671325e-05,3.7000379146671325e-05,9.88638969685644e-06,9.88638969685644e-06,9.88638969685644e-06,-2.8370120586803263e-05,-2.8370120586803263e-05,-2.8370120586803263e-05,-0.00021675865026504654,-0.00021675865026504654,-0.00021675865026504654,-6.520214077714553e-05,-6.520214077714553e-05,-6.520214077714553e-05,-0.0027017855013223065,-0.0027017855013223065,-0.0027017855013223065,0.0,0.0,0.0,0.8039342655353913
2025-08-26 02:00:00,0.8066316012851681,0.8036541802803934,0.8050992038525626,0.8066316012851681,0.8066316012851681,0.0003711484621133747,0.0003711484621133747,0.0003711484621133747,-0.000432066155317353,-0.000432066155317353,-0.000432066155317353,-0.0001788036808527384,-0.0001788036808527384,-0.0001788036808527384,-9.831165120799497e-05,-9.831165120799497e-05,-9.831165120799497e-05,0.00012191978201419997,0.00012191978201419997,0.00012191978201419997,2.6436114453478476e-05,2.6436114453478476e-05,2.6436114453478476e-05,0.00020071849245831462,0.00020071849245831462,0.00020071849245831462,0.0003957810710542307,0.0003957810710542307,0.0003957810710542307,-0.002646800103364316,-0.002646800103364316,-0.002646800103364316,-0.00026719888323426715,-0.00026719888323426715,-0.00026719888323426715,0.00026686959209729105,0.00026686959209729105,0.00026686959209729105,-0.0004429785007456841,-0.0004429785007456841,-0.0004429785007456841,1.191611669673891e-06,1.191611669673891e-06,1.191611669673891e-06,-3.0071896172681264e-05,-3.0071896172681264e-05,-3.0071896172681264e-05,-0.0002270395792581756,-0.0002270395792581756,-0.0002270395792581756,-6.520214077714553e-05,-6.520214077714553e-05,-6.520214077714553e-05,-0.0024679964225115775,-0.0024679964225115775,-0.0024679964225115775,0.0,0.0,0.0,0.8044966086795097
2025-08-26 03:00:00,0.8066992160496879,0.8047347122281788,0.8064842137495466,0.8066992160496879,0.8066992160496879,0.0003711484621133747,0.0003711484621133747,0.0003711484621133747,-0.000432066155317353,-0.000432066155317353,-0.000432066155317353,0.0009191043741535599,0.0009191043741535599,0.0009191043741535599,-8.028620405274437e-05,-8.028620405274437e-05,-8.028620405274437e-05,0.0001758815763893009,0.0001758815763893009,0.0001758815763893009,2.6436114453478476e-05,2.6436114453478476e-05,2.6436114453478476e-05,0.00014688140208699122,0.00014688140208699122,0.00014688140208699122,0.0007710392825912719,0.0007710392825912719,0.0007710392825912719,-0.001299122993392947,-0.001299122993392947,-0.001299122993392947,-4.438519655054272e-06,-4.438519655054272e-06,-4.438519655054272e-06,0.0001376300842887474,0.0001376300842887474,0.0001376300842887474,0.0001317838747388751,0.0001317838747388751,0.0001317838747388751,-5.848098099866467e-06,-5.848098099866467e-06,-5.848098099866467e-06,-2.515326769732829e-05,-2.515326769732829e-05,-2.515326769732829e-05,-0.00023429214079603638,-0.00023429214079603638,-0.00023429214079603638,-5.9612036890096986e-05,-5.9612036890096986e-05,-5.9612036890096986e-05,-0.002218227367546507,-0.002218227367546507,-0.002218227367546507,0.0,0.0,0.0,0.8056512145493656
2025-08-26 04:00:00,0.8064326946720745,0.804967782121396,0.8066131123512236,0.8064326946720745,0.8064326946720745,0.0003711484621133747,0.0003711484621133747,0.0003711484621133747,-0.000432066155317353,-0.000432066155317353,-0.000432066155317353,0.0011980003029827006,0.0011980003029827006,0.0011980003029827006,-5.679498396321345e-05,-5.679498396321345e-05,-5.679498396321345e-05,0.0002172879175330871,0.0002172879175330871,0.0002172879175330871,2.6436114453478476e-05,2.6436114453478476e-05,2.6436114453478476e-05,0.0002522811706744957,0.0002522811706744957,0.0002522811706744957,0.0009993400462026262,0.0009993400462026262,0.0009993400462026262,-0.0007575702146615363,-0.0007575702146615363,-0.0007575702146615363,-0.00026719888323426715,-0.00026719888323426715,-0.00026719888323426715,0.0003557690277527083,0.0003557690277527083,0.0003557690277527083,6.806356292301757e-05,6.806356292301757e-05,6.806356292301757e-05,-1.488866428085077e-06,-1.488866428085077e-06,-1.488866428085077e-06,-2.842890107300328e-05,-2.842890107300328e-05,-2.842890107300328e-05,-0.00024394111982054402,-0.00024394111982054402,-0.00024394111982054402,-6.240708883362126e-05,-6.240708883362126e-05,-6.240708883362126e-05,-0.001955570517644237,-0.001955570517644237,-0.001955570517644237,0.0,0.0,0.0,0.8058217652824616
2025-08-26 05:00:00,0.8061661732944612,0.8046822246475879,0.8064706555570308,0.8061661732944612,0.8061661732944612,0.0003711484621133747,0.0003711484621133747,0.0003711484621133747,-0.000432066155317353,-0.000432066155317353,-0.000432066155317353,0.0009612265136537445,0.0009612265136537445,0.0009612265136537445,-2.9438878767427e-05,-2.9438878767427e-05,-2.9438878767427e-05,0.0002433170317238236,0.0002433170317238236,0.0002433170317238236,2.6436114453478476e-05,2.6436114453478476e-05,2.6436114453478476e-05,-6.598448999207844e-05,-6.598448999207844e-05,-6.598448999207844e-05,0.0010587896882948335,0.0010587896882948335,0.0010587896882948335,-0.0007219802656280986,-0.0007219802656280986,-0.0007219802656280986,-4.438519655054272e-06,-4.438519655054272e-06,-4.438519655054272e-06,-7.396361326798916e-05,-7.396361326798916e-05,-7.396361326798916e-05,0.00017561489712723547,0.00017561489712723547,0.00017561489712723547,1.8264321059594177e-05,1.8264321059594177e-05,1.8264321059594177e-05,-2.7447454308981443e-05,-2.7447454308981443e-05,-2.7447454308981443e-05,-0.0002421879048631392,-0.0002421879048631392,-0.0002421879048631392,-5.681698494657272e-05,-5.681698494657272e-05,-5.681698494657272e-05,-0.0016832067792818433,-0.0016832067792818433,-0.0016832067792818433,0.0,0.0,0.0,0.8055841372265257
2025-08-26 06:00:00,0.8058996519168478,0.8042194038029437,0.8060770617605416,0.8058996519168478,0.8058996519168478,0.0003711484621133747,0.0003711484621133747,0.0003711484621133747,-0.000432066155317353,-0.000432066155317353,-0.000432066155317353,0.0005720810104684314,0.0005720810104684314,0.0005720810104684314,-8.216182637657388e-08,-8.216182637657388e-08,-8.216182637657388e-08,0.0002521950778445568,0.0002521950778445568,0.0002521950778445568,2.6436114453478476e-05,2.6436114453478476e-05,2.6436114453478476e-05,-0.0002899942044749871,-0.0002899942044749871,-0.0002899942044749871,0.0008634533575140321,0.0008634533575140321,0.0008634533575140321,-0.00083228398954835,-0.00083228398954835,-0.00083228398954835,-4.438519655054272e-06,-4.438519655054272e-06,-4.438519655054272e-06,-0.00010369833333234016,-0.00010369833333234016,-0.00010369833333234016,-3.6260699952999006e-05,-3.6260699952999006e-05,-3.6260699952999006e-05,-5.389613393431377e-06,-5.389613393431377e-06,-5.389613393431377e-06,-2.8150576389129198e-05,-2.8150576389129198e-05,-2.8150576389129198e-05,1.5745247831232654e-05,1.5745247831232654e-05,1.5745247831232654e-05,-5.681698494657272e-05,-5.681698494657272e-05,-5.681698494657272e-05,-0.0014043650000167811,-0.0014043650000167811,-0.0014043650000167811,0.0,0.0,0.0,0.8052289145393747
2025-08-26 07:00:00,0.8056331305392344,0.805432067627064,0.8068957978747137,0.8056331305392344,0.8056331305392344,0.0003711484621133747,0.0003711484621133747,0.0003711484621133747,-0.000432066155317353,-0.000432066155317353,-0.000432066155317353,0.0017493265216062819,0.0017493265216062819,0.0017493265216062819,2.9274555114673858e-05,2.9274555114673858e-05,2.9274555114673858e-05,0.0002433170317238236,0.0002433170317238236,0.0002433170317238236,2.6436114453478476e-05,2.6436114453478476e-05,2.6436114453478476e-05,0.0002958222870694432,0.0002958222870694432,0.0002958222870694432,0.0011555322277822181,0.0011555322277822181,0.0011555322277822181,0.0006270455387526486,0.0006270455387526486,0.0006270455387526486,-0.00026719888323426715,-0.00026719888323426715,-0.00026719888323426715,0.0005241114492234484,0.0005241114492234484,0.0005241114492234484,-5.092112126212772e-05,-5.092112126212772e-05,-5.092112126212772e-05,-2.7672495378502703e-06,-2.7672495378502703e-06,-2.7672495378502703e-06,-3.534523108276736e-05,-3.534523108276736e-05,-3.534523108276736e-05,-4.281482466266705e-05,-4.281482466266705e-05,-4.281482466266705e-05,-6.520214077714553e-05,-6.520214077714553e-05,-6.520214077714553e-05,-0.0011222809828536334,-0.0011222809828536334,-0.0011222809828536334,0.0,0.0,0.0,0.8061382991996103
2025-08-26 08:00:00,0.8053666091616211,0.8050408430105753,0.8067627182950461,0.8053666091616211,0.8053666091616211,0.0003711484621133747,0.0003711484621133747,0.0003711484621133747,-0.000432066155317353,-0.000432066155317353,-0.000432066155317353,0.0014922958717351212,0.0014922958717351212,0.0014922958717351212,5.663066031046027e-05,5.663066031046027e-05,5.663066031046027e-05,0.0002172879175330871,0.0002172879175330871,0.0002172879175330871,-9.896596692840658e-05,-9.896596692840658e-05,-9.896596692840658e-05,0.00018112169537935343,0.00018112169537935343,0.00018112169537935343,0.001138509373212197,0.001138509373212197,0.001138509373212197,0.0006521390519648928,0.0006521390519648928,0.0006521390519648928,0.00025832184392415863,0.00025832184392415863,0.00025832184392415863,-0.0002552501026987465,-0.0002552501026987465,-0.0002552501026987465,0.0002586145291270948,0.0002586145291270948,0.0002586145291270948,-7.193447768827482e-06,-7.193447768827482e-06,-7.193447768827482e-06,-3.582063818827754e-05,-3.582063818827754e-05,-3.582063818827754e-05,-9.484015818584801e-05,-9.484015818584801e-05,-9.484015818584801e-05,-6.520214077714553e-05,-6.520214077714553e-05,-6.520214077714553e-05,-0.0008401568197702284,-0.0008401568197702284,-0.0008401568197702284,0.0,0.0,0.0,0.805891820178604
2025-08-26 09:00:00,0.8051000877840077,0.8049501413181867,0.80666473531999,0.8051000877840077,0.8051000877840077,0.0003711484621133747,0.0003711484621133747,0.0003711484621133747,-0.000432066155317353,-0.000432066155317353,-0.000432066155317353,0.0012684072125874087,0.0012684072125874087,0.0012684072125874087,8.01218803999912e-05,8.01218803999912e-05,8.01218803999912e-05,0.00017588157638930092,0.00017588157638930092,0.00017588157638930092,-9.896596692840658e-05,-9.896596692840658e-05,-9.896596692840658e-05,0.00018672257938153462,0.00018672257938153462,0.00018672257938153462,0.0012661901303122618,0.0012661901303122618,0.0012661901303122618,0.0007072861563903922,0.0007072861563903922,0.0007072861563903922,-0.00026719888323426715,-0.00026719888323426715,-0.00026719888323426715,0.00029912272792898074,0.00029912272792898074,0.00029912272792898074,-0.00012564228171855853,-0.00012564228171855853,-0.00012564228171855853,1.52614088084076e-06,1.52614088084076e-06,1.52614088084076e-06,-3.739083590668291e-05,-3.739083590668291e-05,-3.739083590668291e-05,-8.584002093646227e-05,-8.584002093646227e-05,-8.584002093646227e-05,-6.520214077714553e-05,-6.520214077714553e-05,-6.520214077714553e-05,-0.0005611210561970166,-0.0005611210561970166,-0.0005611210561970166,0.0,0.0,0.0,0.805669523930606
2025-08-26 10:00:00,0.8048335664063943,0.8046105980566467,0.8062410734651361,0.8048335664063943,0.8048335664063943,0.0003711484621133747,0.0003711484621133747,0.0003711484621133747,-0.000432066155317353,-0.000432066155317353,-0.000432066155317353,0.0009562747215580394,0.0009562747215580394,0.0009562747215580394,9.814732755524184e-05,9.814732755524184e-05,9.814732755524184e-05,0.00012191978201419997,0.00012191978201419997,0.00012191978201419997,-9.896596692840658e-05,-9.896596692840658e-05,-9.896596692840658e-05,-3.327095661225071e-05,-3.327095661225071e-05,-3.327095661225071e-05,0.0010538619334684298,0.0010538619334684298,0.0010538619334684298,0.0006680845325499475,0.0006680845325499475,0.0006680845325499475,0.00025832184392415863,0.00025832184392415863,0.00025832184392415863,-0.0003046986053944157,-0.0003046986053944157,-0.0003046986053944157,0.00014768597702232727,0.00014768597702232727,0.00014768597702232727,2.129480033664597e-06,2.129480033664597e-06,2.129480033664597e-06,-4.178523206447733e-05,-4.178523206447733e-05,-4.178523206447733e-05,-0.00012095102747930867,-0.00012095102747930867,-0.00012095102747930867,-6.520214077714553e-05,-6.520214077714553e-05,-6.520214077714553e-05,-0.00028819018900809196,-0.00028819018900809196,-0.00028819018900809196,0.0,0.0,0.0,0.8053712632633874
2025-08-26 11:00:00,0.804567045028781,0.8045089582689328,0.8060462110209465,0.804567045028781,0.804567045028781,0.0003711484621133747,0.0003711484621133747,0.0003711484621133747,-0.000432066155317353,-0.000432066155317353,-0.000432066155317353,0.0009720563276794352,0.0009720563276794352,0.0009720563276794352,0.00010947859734104165,0.00010947859734104165,0.00010947859734104165,5.9079941518365944e-05,5.9079941518365944e-05,5.9079941518365944e-05,-9.896596692840658e-05,-9.896596692840658e-05,-9.896596692840658e-05,0.0004872919134548353,0.0004872919134548353,0.0004872919134548353,0.0008608290712148597,0.0008608290712148597,0.0008608290712148597,0.0009478243497496124,0.0009478243497496124,0.0009478243497496124,-4.438519655054272e-06,-4.438519655054272e-06,-4.438519655054272e-06,-1.29710292833256e-06,-1.29710292833256e-06,-1.29710292833256e-06,-0.00015002239631372582,-0.00015002239631372582,-0.00015002239631372582,-1.060923825666998e-05,-1.060923825666998e-05,-1.060923825666998e-05,-4.07626515147674e-05,-4.07626515147674e-05,-4.07626515147674e-05,-0.0001152025382151109,-0.0001152025382151109,-0.0001152025382151109,-6.240708883362126e-05,-6.240708883362126e-05,-6.240708883362126e-05,-2.4231977929822833e-05,-2.4231977929822833e-05,-2.4231977929822833e-05,0.0,0.0,0.0,0.8053296332650653
2025-08-26 12:00:00,0.8043005236511676,0.8038513792538685,0.8055129032608167,0.8043005236511676,0.8043005236511676,0.0003711484621133747,0.0003711484621133747,0.0003711484621133747,-0.000432066155317353,-0.000432066155317353,-0.000432066155317353,0.0003317225782138001,0.0003317225782138001,0.0003317225782138001,0.00011334348244729716,0.00011334348244729716,0.00011334348244729716,-8.355513816156788e-06,-8.355513816156788e-06,-8.355513816156788e-06,-9.896596692840658e-05,-9.896596692840658e-05,-9.896596692840658e-05,0.00013644349889274041,0.00013644349889274041,0.00013644349889274041,0.0004759795354497924,0.0004759795354497924,0.0004759795354497924,0.0005597915505235398,0.0005597915505235398,0.0005597915505235398,0.00025832184392415863,0.00025832184392415863,0.00025832184392415863,-0.000338083218601987,-0.000338083218601987,-0.000338083218601987,-4.331672122169594e-07,-4.331672122169594e-07,-4.331672122169594e-07,5.204575946476137e-06,5.204575946476137e-06,5.204575946476137e-06,-4.5023752273590154e-05,-4.5023752273590154e-05,-4.5023752273590154e-05,-4.0588905633183244e-05,-4.0588905633183244e-05,-4.0588905633183244e-05,-6.520214077714553e-05,-6.520214077714553e-05,-6.520214077714553e-05,0.00022806897230973977,0.00022806897230973977,0.00022806897230973977,0.0,0.0,0.0,0.8047507642883891
2025-08-26 13:00:00,0.804034002273554,0.8034818740422104,0.8050422943208734,0.804034002273554,0.804034002273554,0.0003711484621133747,0.0003711484621133747,0.0003711484621133747,-0.000432066155317353,-0.000432066155317353,-0.000432066155317353,-0.00026164342631663644,-0.00026164342631663644,-0.00026164342631663644,0.00010947859734104166,0.00010947859734104166,0.00010947859734104166,-7.579096915067954e-05,-7.579096915067954e-05,-7.579096915067954e-05,-9.896596692840658e-05,-9.896596692840658e-05,-9.896596692840658e-05,1.368073492370069e-05,1.368073492370069e-05,1.368073492370069e-05,0.00023959837326992874,0.00023959837326992874,0.00023959837326992874,0.00020459950683622178,0.00020459950683622178,0.00020459950683622178,-4.438519655054272e-06,-4.438519655054272e-06,-4.438519655054272e-06,-7.404446240964943e-05,-7.404446240964943e-05,-7.404446240964943e-05,-0.00016648236277065176,-0.00016648236277065176,-0.00016648236277065176,-6.04405303861687e-06,-6.04405303861687e-06,-6.04405303861687e-06,-4.391963703920472e-05,-4.391963703920472e-05,-4.391963703920472e-05,-3.1390378821444824e-05,-3.1390378821444824e-05,-3.1390378821444824e-05,-6.240708883362126e-05,-6.240708883362126e-05,-6.240708883362126e-05,0.00046624293315285833,0.00046624293315285833,0.00046624293315285833,0.0,0.0,0.0,0.8041985072338989
2025-08-26 14:00:00,0.8038629758982491,0.8032466022403522,0.8049233005683301,0.8038629758982491,0.8038629758982491,0.0003711484621133747,0.0003711484621133747,0.0003711484621133747,-0.000432066155317353,-0.000432066155317353,-0.000432066155317353,-0.000533775719585261,-0.000533775719585261,-0.000533775719585261,9.814732755524185e-05,9.814732755524185e-05,9.814732755524185e-05,-0.00013863080964651356,-0.00013863080964651356,-0.00013863080964651356,-9.896596692840658e-05,-9.896596692840658e-05,-9.896596692840658e-05,-0.00023369961491809027,-0.00023369961491809027,-0.00023369961491809027,4.955555058912827e-05,4.955555058912827e-05,4.955555058912827e-05,0.00015428796828299466,0.00015428796828299466,0.00015428796828299466,-4.438519655054272e-06,-4.438519655054272e-06,-4.438519655054272e-06,-7.07782551681775e-05,-7.07782551681775e-05,-7.07782551681775e-05,-3.630056185439426e-05,-3.630056185439426e-05,-3.630056185439426e-05,6.20792212428598e-06,6.20792212428598e-06,6.20792212428598e-06,-4.3230405576981726e-05,-4.3230405576981726e-05,-4.3230405576981726e-05,5.888734398777636e-05,5.888734398777636e-05,5.888734398777636e-05,-5.9612036890096986e-05,-5.9612036890096986e-05,-5.9612036890096986e-05,0.0006880636878682557,0.0006880636878682557,0.0006880636878682557,0.0,0.0,0.0,0.8039870022835783
2025-08-26 15:00:00,0.8036919495229441,0.8026545249719778,0.8044271613443361,0.8036919495229441,0.8036919495229441,0.0003711484621133747,0.0003711484621133747,0.0003711484621133747,-0.000432066155317353,-0.000432066155317353,-0.000432066155317353,-0.0010680772006222928,-0.0010680772006222928,-0.0010680772006222928,8.012188039999126e-05,8.012188039999126e-05,8.012188039999126e-05,-0.0001925926040216144,-0.0001925926040216144,-0.0001925926040216144,-9.896596692840658e-05,-9.896596692840658e-05,-9.896596692840658e-05,-0.00025104336506137935,-0.00025104336506137935,-0.00025104336506137935,-0.0003996619352466058,-0.0003996619352466058,-0.0003996619352466058,-0.00017650346834116262,-0.00017650346834116262,-0.00017650346834116262,-4.438519655054272e-06,-4.438519655054272e-06,-4.438519655054272e-06,-0.0001038686946700081,-0.0001038686946700081,-0.0001038686946700081,-3.46901893962283e-05,-3.46901893962283e-05,-3.46901893962283e-05,5.168439723808164e-08,5.168439723808164e-08,5.168439723808164e-08,-3.560313902707605e-05,-3.560313902707605e-05,-3.560313902707605e-05,7.91681189633045e-05,7.91681189633045e-05,7.91681189633045e-05,-4.563677717247563e-05,-4.563677717247563e-05,-4.563677717247563e-05,0.0008915737322811304,0.0008915737322811304,0.0008915737322811304,0.0,0.0,0.0,0.8035500951063754
2025-08-26 16:00:00,0.803520923147639,0.8024552434630504,0.8040826017953933,0.803520923147639,0.803520923147639,0.0003711484621133747,0.0003711484621133747,0.0003711484621133747,-0.000432066155317353,-0.000432066155317353,-0.000432066155317353,-0.0014914890943229524,-0.0014914890943229524,-0.0014914890943229524,5.6630660310460354e-05,5.6630660310460354e-05,5.6630660310460354e-05,-0.00023399894516540066,-0.00023399894516540066,-0.00023399894516540066,-9.896596692840658e-05,-9.896596692840658e-05,-9.896596692840658e-05,-0.00033179004340821744,-0.00033179004340821744,-0.00033179004340821744,-0.0008075822621795917,-0.0008075822621795917,-0.0008075822621795917,-0.00041638335683960337,-0.00041638335683960337,-0.00041638335683960337,0.00025832184392415863,0.00025832184392415863,0.00025832184392415863,-0.0002429263531639786,-0.0002429263531639786,-0.0002429263531639786,-5.100511630158305e-05,-5.100511630158305e-05,-5.100511630158305e-05,6.885320270507512e-06,6.885320270507512e-06,6.885320270507512e-06,-3.343648440401943e-05,-3.343648440401943e-05,-3.343648440401943e-05,8.734261921252367e-05,8.734261921252367e-05,8.734261921252367e-05,-4.004667328542709e-05,-4.004667328542709e-05,-4.004667328542709e-05,0.0010751057374833492,0.0010751057374833492,0.0010751057374833492,0.0,0.0,0.0,0.8031863504083679
2025-08-26 17:00:00,0.803349896772334,0.8026734461298918,0.8043310088164588,0.803349896772334,0.803349896772334,0.0003711484621133747,0.0003711484621133747,0.0003711484621133747,-0.000432066155317353,-0.000432066155317353,-0.000432066155317353,-0.0011460457600717864,-0.0011460457600717864,-0.0011460457600717864,2.9274555114673858e-05,2.9274555114673858e-05,2.9274555114673858e-05,-0.0002600280593561373,-0.0002600280593561373,-0.0002600280593561373,0.00010167736328260952,0.00010167736328260952,0.00010167736328260952,-0.0005884987390634163,-0.0005884987390634163,-0.0005884987390634163,-0.00036706727101309386,-0.00036706727101309386,-0.00036706727101309386,9.125426016397536e-05,9.125426016397536e-05,9.125426016397536e-05,-4.438519655054272e-06,-4.438519655054272e-06,-4.438519655054272e-06,8.147970137476913e-05,8.147970137476913e-05,8.147970137476913e-05,-0.00011956617406068008,-0.00011956617406068008,-0.00011956617406068008,1.5277813688806769e-06,1.5277813688806769e-06,1.5277813688806769e-06,-2.684987172886796e-05,-2.684987172886796e-05,-2.684987172886796e-05,9.063752849279009e-05,9.063752849279009e-05,9.063752849279009e-05,-2.327636162428149e-05,-2.327636162428149e-05,-2.327636162428149e-05,0.0012373000202357616,0.0012373000202357616,0.0012373000202357616,0.0,0.0,0.0,0.8034232058728167
2025-08-26 18:00:00,0.8031788703970291,0.8030634522418423,0.8046529864483882,0.8031788703970291,0.8031788703970291,0.0003711484621133747,0.0003711484621133747,0.0003711484621133747,-0.000432066155317353,-0.000432066155317353,-0.000432066155317353,-0.0006836349906246178,-0.0006836349906246178,-0.0006836349906246178,-8.21618263765461e-08,-8.21618263765461e-08,-8.21618263765461e-08,-0.0002689061054768704,-0.0002689061054768704,-0.0002689061054768704,0.00010167736328260952,0.00010167736328260952,0.00010167736328260952,-0.00037785720948957255,-0.00037785720948957255,-0.00037785720948957255,-0.0002386490994223117,-0.0002386490994223117,-0.0002386490994223117,0.0006934828281762403,0.0006934828281762403,0.0006934828281762403,-4.438519655054272e-06,-4.438519655054272e-06,-4.438519655054272e-06,0.00010795001472159027,0.00010795001472159027,0.00010795001472159027,4.0379149940272e-05,4.0379149940272e-05,4.0379149940272e-05,1.4615076422152843e-06,1.4615076422152843e-06,1.4615076422152843e-06,-2.7401710307759565e-05,-2.7401710307759565e-05,-2.7401710307759565e-05,6.64258347948999e-05,6.64258347948999e-05,6.64258347948999e-05,-2.327636162428149e-05,-2.327636162428149e-05,-2.327636162428149e-05,0.0013771178188008585,0.0013771178188008585,0.0013771178188008585,0.0,0.0,0.0,0.8037358611516033
2025-08-26 19:00:00,0.803007844021724,0.8022850199572624,0.8037436868257845,0.803007844021724,0.803007844021724,0.0003711484621133747,0.0003711484621133747,0.0003711484621133747,-0.000432066155317353,-0.000432066155317353,-0.000432066155317353,-0.0014882749549672183,-0.0014882749549672183,-0.0014882749549672183,-2.943887876742695e-05,-2.943887876742695e-05,-2.943887876742695e-05,-0.0002600280593561373,-0.0002600280593561373,-0.0002600280593561373,0.00010167736328260952,0.00010167736328260952,0.00010167736328260952,-0.0006250581878627953,-0.0006250581878627953,-0.0006250581878627953,-0.000562033913659606,-0.000562033913659606,-0.000562033913659606,5.575271292870181e-06,5.575271292870181e-06,5.575271292870181e-06,-4.438519655054272e-06,-4.438519655054272e-06,-4.438519655054272e-06,-0.0001271152724939207,-0.0001271152724939207,-0.0001271152724939207,5.343008652246313e-05,5.343008652246313e-05,5.343008652246313e-05,2.1329367894342847e-06,2.1329367894342847e-06,2.1329367894342847e-06,-2.4094367208080265e-05,-2.4094367208080265e-05,-2.4094367208080265e-05,6.250075643898234e-05,6.250075643898234e-05,6.250075643898234e-05,-1.4891205793708675e-05,-1.4891205793708675e-05,-1.4891205793708675e-05,0.0014938502262600887,0.0014938502262600887,0.0014938502262600887,0.0,0.0,0.0,0.8030123210083047
2025-08-26 20:00:00,0.802836817646419,0.8023192050774018,0.8040098735516487,0.802836817646419,0.802836817646419,0.0003711484621133747,0.0003711484621133747,0.0003711484621133747,-0.000432066155317353,-0.000432066155317353,-0.000432066155317353,-0.0012206583782178912,-0.0012206583782178912,-0.0012206583782178912,-5.679498396321345e-05,-5.679498396321345e-05,-5.679498396321345e-05,-0.0002339989451654007,-0.0002339989451654007,-0.0002339989451654007,0.00010167736328260952,0.00010167736328260952,0.00010167736328260952,-0.00041454933122323835,-0.00041454933122323835,-0.00041454933122323835,-0.0005747292782001384,-0.0005747292782001384,-0.0005747292782001384,0.0003664643123186267,0.0003664643123186267,0.0003664643123186267,-4.438519655054272e-06,-4.438519655054272e-06,-4.438519655054272e-06,5.8272749799360425e-05,5.8272749799360425e-05,5.8272749799360425e-05,-6.246662070305206e-05,-6.246662070305206e-05,-6.246662070305206e-05,4.954518081871106e-06,4.954518081871106e-06,4.954518081871106e-06,-2.3967580615399678e-05,-2.3967580615399678e-05,-2.3967580615399678e-05,5.839609719792743e-05,5.839609719792743e-05,5.839609719792743e-05,-1.2096153850184402e-05,-1.2096153850184402e-05,-1.2096153850184402e-05,0.001587122690536518,0.001587122690536518,0.001587122690536518,0.0,0.0,0.0,0.8031310286887019
2025-08-26 21:00:00,0.8026657912711139,0.802589624422584,0.8041961346328892,0.8026657912711139,0.8026657912711139,0.0003711484621133747,0.0003711484621133747,0.0003711484621133747,-0.000432066155317353,-0.000432066155317353,-0.000432066155317353,-0.0007484277064162559,-0.0007484277064162559,-0.0007484277064162559,-8.028620405274433e-05,-8.028620405274433e-05,-8.028620405274433e-05,-0.00019259260402161457,-0.00019259260402161457,-0.00019259260402161457,0.00010167736328260952,0.00010167736328260952,0.00010167736328260952,-0.0004990719298014132,-0.0004990719298014132,-0.0004990719298014132,8.916198274155487e-06,8.916198274155487e-06,8.916198274155487e-06,0.0009084673403729378,0.0009084673403729378,0.0009084673403729378,-4.438519655054272e-06,-4.438519655054272e-06,-4.438519655054272e-06,-0.00014703577939148067,-0.00014703577939148067,-0.00014703577939148067,2.8937182884260105e-05,2.8937182884260105e-05,2.8937182884260105e-05,-1.6279173233637544e-06,-1.6279173233637544e-06,-1.6279173233637544e-06,8.131148517625328e-06,8.131148517625328e-06,8.131148517625328e-06,8.520689026378169e-05,8.520689026378169e-05,8.520689026378169e-05,4.674157810961196e-06,4.674157810961196e-06,4.674157810961196e-06,0.0016568950467891939,0.0016568950467891939,0.0016568950467891939,0.0,0.0,0.0,0.8033949869277184
2025-08-26 22:00:00,0.802494764895809,0.802619557726579,0.8041115648346352,0.802494764895809,0.802494764895809,0.0003711484621133747,0.0003711484621133747,0.0003711484621133747,-0.000432066155317353,-0.000432066155317353,-0.000432066155317353,-0.0005872377712918895,-0.0005872377712918895,-0.0005872377712918895,-9.831165120799493e-05,-9.831165120799493e-05,-9.831165120799493e-05,-0.00013863080964651373,-0.00013863080964651373,-0.00013863080964651373,0.00010167736328260952,0.00010167736328260952,0.00010167736328260952,-0.00028647422704438947,-0.00028647422704438947,-0.00028647422704438947,-0.00017613414647693263,-0.00017613414647693263,-0.00017613414647693263,0.0011162193347570464,0.0011162193347570464,0.0011162193347570464,-4.438519655054272e-06,-4.438519655054272e-06,-4.438519655054272e-06,2.84898439885775e-05,2.84898439885775e-05,2.84898439885775e-05,-7.228823742510639e-05,-7.228823742510639e-05,-7.228823742510639e-05,-2.1650192834659357e-06,-2.1650192834659357e-06,-2.1650192834659357e-06,1.1819604712904652e-05,1.1819604712904652e-05,1.1819604712904652e-05,9.148630313887189e-05,9.148630313887189e-05,9.148630313887189e-05,1.8649417528582553e-05,1.8649417528582553e-05,1.8649417528582553e-05,0.0017034571060489361,0.0017034571060489361,0.0017034571060489361,0.0,0.0,0.0,0.803390525068427
2025-08-26 23:00:00,0.8027152543781257,0.8031986304698109,0.8047774084803816,0.8027152543781257,0.8027152543781257,0.0003711484621133747,0.0003711484621133747,0.0003711484621133747,-0.000432066155317353,-0.000432066155317353,-0.000432066155317353,-9.128611988317483e-05,-9.128611988317483e-05,-9.128611988317483e-05,-0.00010964292099379478,-0.00010964292099379478,-0.00010964292099379478,-7.579096915067973e-05,-7.579096915067973e-05,-7.579096915067973e-05,0.00010167736328260952,0.00010167736328260952,0.00010167736328260952,-0.00012517769033686108,-0.00012517769033686108,-0.00012517769033686108,-0.00012455619916139604,-0.00012455619916139604,-0.00012455619916139604,0.0016361337612482126,0.0016361337612482126,0.0016361337612482126,-4.438519655054272e-06,-4.438519655054272e-06,-4.438519655054272e-06,0.00020407220902826274,0.00020407220902826274,0.00020407220902826274,1.425300405051847e-05,1.425300405051847e-05,1.425300405051847e-05,2.6046268050113305e-06,2.6046268050113305e-06,2.6046268050113305e-06,1.059293939610547e-05,1.059293939610547e-05,1.059293939610547e-05,6.577346835807213e-05,6.577346835807213e-05,6.577346835807213e-05,1.0264261698009739e-05,1.0264261698009739e-05,1.0264261698009739e-05,0.001727419881131388,0.001727419881131388,0.001727419881131388,0.0,0.0,0.0,0.8040286039064828
2025-08-27 00:00:00,0.8029357438604426,0.8028918558441946,0.8043463587199173,0.8029357438604426,0.8029357438604426,-3.754747288272094e-05,-3.754747288272094e-05,-3.754747288272094e-05,-0.0006035355648785417,-0.0006035355648785417,-0.0006035355648785417,-0.0007469424143984089,-0.0007469424143984089,-0.0007469424143984089,-0.0001135078061000503,-0.0001135078061000503,-0.0001135078061000503,-8.35551381615682e-06,-8.35551381615682e-06,-8.35551381615682e-06,2.6436114453478476e-05,2.6436114453478476e-05,2.6436114453478476e-05,-3.114051650705373e-05,-3.114051650705373e-05,-3.114051650705373e-05,-0.0003298080001521485,-0.0003298080001521485,-0.0003298080001521485,0.0009827601723989697,0.0009827601723989697,0.0009827601723989697,-4.438519655054272e-06,-4.438519655054272e-06,-4.438519655054272e-06,9.136599362246433e-05,9.136599362246433e-05,9.136599362246433e-05,0.00010082222146249352,0.00010082222146249352,0.00010082222146249352,-1.1570313532645271e-06,-1.1570313532645271e-06,-1.1570313532645271e-06,1.7208834535437448e-05,1.7208834535437448e-05,1.7208834535437448e-05,8.054954630421303e-05,8.054954630421303e-05,8.054954630421303e-05,6.616530056849513e-05,6.616530056849513e-05,6.616530056849513e-05,0.0017297025867973785,0.0017297025867973785,0.0017297025867973785,0.0,0.0,0.0,0.8037248371305044
2025-08-27 01:00:00,0.8031562333427595,0.803100543824805,0.8050001630108358,0.8031562333427595,0.8031562333427595,-3.754747288272094e-05,-3.754747288272094e-05,-3.754747288272094e-05,-0.0006035355648785417,-0.0006035355648785417,-0.0006035355648785417,-0.0004957050044561581,-0.0004957050044561581,-0.0004957050044561581,-0.0001096429209937948,-0.0001096429209937948,-0.0001096429209937948,5.907994151836588e-05,5.907994151836588e-05,5.907994151836588e-05,2.6436114453478476e-05,2.6436114453478476e-05,2.6436114453478476e-05,8.208430082667032e-05,8.208430082667032e-05,8.208430082667032e-05,-0.00020146996624958882,-0.00020146996624958882,-0.00020146996624958882,0.0012158106011392633,0.0012158106011392633,0.0012158106011392633,-4.438519655054272e-06,-4.438519655054272e-06,-4.438519655054272e-06,9.135998143058177e-05,9.135998143058177e-05,9.135998143058177e-05,4.525349243358338e-05,4.525349243358338e-05,4.525349243358338e-05,3.008828416103833e-06,3.008828416103833e-06,3.008828416103833e-06,1.672710229454235e-05,1.672710229454235e-05,1.672710229454235e-05,7.919953409229408e-05,7.919953409229408e-05,7.919953409229408e-05,5.778014473792232e-05,5.778014473792232e-05,5.778014473792232e-05,0.0017115156055954217,0.0017115156055954217,0.0017115156055954217,0.0,0.0,0.0,0.8041327192056288
2025-08-27 02:00:00,0.8033767228250764,0.8037146118113792,0.8057464425253447,0.8033767228250764,0.8033767228250764,-3.754747288272094e-05,-3.754747288272094e-05,-3.754747288272094e-05,-0.0006035355648785417,-0.0006035355648785417,-0.0006035355648785417,1.6855717219671756e-05,1.6855717219671756e-05,1.6855717219671756e-05,-9.831165120799497e-05,-9.831165120799497e-05,-9.831165120799497e-05,0.00012191978201419997,0.00012191978201419997,0.00012191978201419997,2.6436114453478476e-05,2.6436114453478476e-05,2.6436114453478476e-05,0.0002874485034136989,0.0002874485034136989,0.0002874485034136989,-3.46678173016046e-05,-3.46678173016046e-05,-3.46678173016046e-05,0.0016911953792663878,0.0016911953792663878,0.0016911953792663878,-4.438519655054272e-06,-4.438519655054272e-06,-4.438519655054272e-06,0.0001111742966197788,0.0001111742966197788,0.0001111742966197788,4.5250528179479126e-05,4.5250528179479126e-05,4.5250528179479126e-05,-5.527144765082808e-07,-5.527144765082808e-07,-5.527144765082808e-07,1.6438155895614317e-05,1.6438155895614317e-05,1.6438155895614317e-05,0.00013505203619497316,0.00013505203619497316,0.00013505203619497316,5.2190040850873784e-05,5.2190040850873784e-05,5.2190040850873784e-05,0.001674339662046716,0.001674339662046716,0.001674339662046716,0.0,0.0,0.0,0.8047353898265284
2025-08-27 03:00:00,0.8035972123073932,0.8038674474933657,0.8055136176549906,0.8035972123073932,0.8035972123073932,-3.754747288272094e-05,-3.754747288272094e-05,-3.754747288272094e-05,-0.0006035355648785417,-0.0006035355648785417,-0.0006035355648785417,-0.0002058486118775669,-0.0002058486118775669,-0.0002058486118775669,-8.028620405274437e-05,-8.028620405274437e-05,-8.028620405274437e-05,0.0001758815763893009,0.0001758815763893009,0.0001758815763893009,2.6436114453478476e-05,2.6436114453478476e-05,2.6436114453478476e-05,0.0002739485721601483,0.0002739485721601483,0.0002739485721601483,-0.0003963455179899282,-0.0003963455179899282,-0.0003963455179899282,0.0014140528851029214,0.0014140528851029214,0.0014140528851029214,-4.438519655054272e-06,-4.438519655054272e-06,-4.438519655054272e-06,5.8202351336645835e-05,5.8202351336645835e-05,5.8202351336645835e-05,5.501978808832762e-05,5.501978808832762e-05,5.501978808832762e-05,-4.1154086987705505e-06,-4.1154086987705505e-06,-4.1154086987705505e-06,3.333450732763409e-05,3.333450732763409e-05,3.333450732763409e-05,0.0001419902037633862,0.0001419902037633862,0.0001419902037633862,0.00015560696276127172,0.00015560696276127172,0.00015560696276127172,0.0016199014969804884,0.0016199014969804884,0.0016199014969804884,0.0,0.0,0.0,0.8047335412639172
2025-08-27 04:00:00,0.8038177017897101,0.8044324808236726,0.806063244083873,0.8038177017897101,0.8038177017897101,-3.754747288272094e-05,-3.754747288272094e-05,-3.754747288272094e-05,-0.0006035355648785417,-0.0006035355648785417,-0.0006035355648785417,0.00012205742302214126,0.00012205742302214126,0.00012205742302214126,-5.679498396321345e-05,-5.679498396321345e-05,-5.679498396321345e-05,0.0002172879175330871,0.0002172879175330871,0.0002172879175330871,2.6436114453478476e-05,2.6436114453478476e-05,2.6436114453478476e-05,0.000254693822683283,0.000254693822683283,0.000254693822683283,-0.0001401718666912488,-0.0001401718666912488,-0.0001401718666912488,0.001672203800610269,0.001672203800610269,0.001672203800610269,-4.438519655054272e-06,-4.438519655054272e-06,-4.438519655054272e-06,7.474987947264336e-05,7.474987947264336e-05,7.474987947264336e-05,2.890247359085908e-05,2.890247359085908e-05,2.890247359085908e-05,-1.8285174022070887e-06,-1.8285174022070887e-06,-1.8285174022070887e-06,3.653019212031159e-05,3.653019212031159e-05,3.653019212031159e-05,0.00017216698588019323,0.00017216698588019323,0.00017216698588019323,0.00015560696276127172,0.00015560696276127172,0.00015560696276127172,0.0015501463775881275,0.0015501463775881275,0.0015501463775881275,0.0,0.0,0.0,0.8051618488056407
2025-08-27 05:00:00,0.804038191272027,0.8046205269173418,0.8063168684357516,0.804038191272027,0.804038191272027,-3.754747288272094e-05,-3.754747288272094e-05,-3.754747288272094e-05,-0.0006035355648785417,-0.0006035355648785417,-0.0006035355648785417,0.0003564486506694533,0.0003564486506694533,0.0003564486506694533,-2.9438878767427e-05,-2.9438878767427e-05,-2.9438878767427e-05,0.0002433170317238236,0.0002433170317238236,0.0002433170317238236,2.6436114453478476e-05,2.6436114453478476e-05,2.6436114453478476e-05,0.0004331057940172882,0.0004331057940172882,0.0004331057940172882,-0.0002322468318143237,-0.0002322468318143237,-0.0002322468318143237,0.001823656470381487,0.001823656470381487,0.001823656470381487,-4.438519655054272e-06,-4.438519655054272e-06,-4.438519655054272e-06,0.00018051280573358786,0.00018051280573358786,0.00018051280573358786,3.706107517087635e-05,3.706107517087635e-05,3.706107517087635e-05,-1.828395410449669e-06,-1.828395410449669e-06,-1.828395410449669e-06,4.079502524258767e-05,4.079502524258767e-05,4.079502524258767e-05,0.00014864950497505666,0.00014864950497505666,0.00014864950497505666,0.00015560696276127172,0.00015560696276127172,0.00015560696276127172,0.0014672078197120338,0.0014672078197120338,0.0014672078197120338,0.0,0.0,0.0,0.8055044807219741
2025-08-27 06:00:00,0.8042586807543439,0.804789069631609,0.8065578101352151,0.8042586807543439,0.8042586807543439,-3.754747288272094e-05,-3.754747288272094e-05,-3.754747288272094e-05,-0.0006035355648785417,-0.0006035355648785417,-0.0006035355648785417,0.0003237490752896682,0.0003237490752896682,0.0003237490752896682,-8.216182637657388e-08,-8.216182637657388e-08,-8.216182637657388e-08,0.0002521950778445568,0.0002521950778445568,0.0002521950778445568,2.6436114453478476e-05,2.6436114453478476e-05,2.6436114453478476e-05,0.0003698069662464487,0.0003698069662464487,0.0003698069662464487,-3.520432666336975e-05,-3.520432666336975e-05,-3.520432666336975e-05,0.0016971240091015348,0.0016971240091015348,0.0016971240091015348,-4.438519655054272e-06,-4.438519655054272e-06,-4.438519655054272e-06,-5.0870692737591946e-05,-5.0870692737591946e-05,-5.0870692737591946e-05,8.92064814338629e-05,8.92064814338629e-05,8.92064814338629e-05,-2.230442314343921e-06,-2.230442314343921e-06,-2.230442314343921e-06,4.737544216701124e-05,4.737544216701124e-05,4.737544216701124e-05,0.00011703121134103736,0.00011703121134103736,0.00011703121134103736,0.00015560696276127172,0.00015560696276127172,0.00015560696276127172,0.0013733749338118667,0.0013733749338118667,0.0013733749338118667,0.0,0.0,0.0,0.8056236074709804
2025-08-27 07:00:00,0.8044791702366607,0.805122675723035,0.8068202412596395,0.8044791702366607,0.8044791702366607,-3.754747288272094e-05,-3.754747288272094e-05,-3.754747288272094e-05,-0.0006035355648785417,-0.0006035355648785417,-0.0006035355648785417,0.0006113207627421982,0.0006113207627421982,0.0006113207627421982,2.9274555114673858e-05,2.9274555114673858e-05,2.9274555114673858e-05,0.0002433170317238236,0.0002433170317238236,0.0002433170317238236,2.6436114453478476e-05,2.6436114453478476e-05,2.6436114453478476e-05,0.0005156462508528781,0.0005156462508528781,0.0005156462508528781,4.6868841281842474e-05,4.6868841281842474e-05,4.6868841281842474e-05,0.0018823785987990317,0.0018823785987990317,0.0018823785987990317,-4.438519655054272e-06,-4.438519655054272e-06,-4.438519655054272e-06,0.00010442861796983832,0.00010442861796983832,0.00010442861796983832,-2.4874954820669944e-05,-2.4874954820669944e-05,-2.4874954820669944e-05,-1.1556029171211097e-06,-1.1556029171211097e-06,-1.1556029171211097e-06,4.648150585663417e-05,4.648150585663417e-05,4.648150585663417e-05,0.00011760804982538976,0.00011760804982538976,0.00011760804982538976,0.00015281191081774746,0.00015281191081774746,0.00015281191081774746,0.0012710578360568335,0.0012710578360568335,0.0012710578360568335,0.0,0.0,0.0,0.8059935046098939
2025-08-27 08:00:00,0.804403423865398,0.8053760343065625,0.8068673462508854,0.804403423865398,0.804403423865398,-3.754747288272094e-05,-3.754747288272094e-05,-3.754747288272094e-05,-0.0006035355648785417,-0.0006035355648785417,-0.0006035355648785417,0.0009934542954316728,0.0009934542954316728,0.0009934542954316728,5.663066031046027e-05,5.663066031046027e-05,5.663066031046027e-05,0.0002172879175330871,0.0002172879175330871,0.0002172879175330871,-9.896596692840658e-05,-9.896596692840658e-05,-9.896596692840658e-05,0.0005673415846306779,0.0005673415846306779,0.0005673415846306779,0.0004006284486467502,0.0004006284486467502,0.0004006284486467502,0.002156205886114375,0.002156205886114375,0.002156205886114375,-4.438519655054272e-06,-4.438519655054272e-06,-4.438519655054272e-06,0.00011762588157891534,0.00011762588157891534,0.00011762588157891534,5.1693895300028356e-05,5.1693895300028356e-05,5.1693895300028356e-05,-1.4913643295472152e-06,-1.4913643295472152e-06,-1.4913643295472152e-06,5.62944010121695e-05,5.62944010121695e-05,5.62944010121695e-05,0.00011632343233258316,0.00011632343233258316,0.00011632343233258316,0.00015560696276127172,0.00015560696276127172,0.00015560696276127172,0.001162751590682702,0.001162751590682702,0.001162751590682702,0.0,0.0,0.0,0.8061378832627472
2025-08-27 09:00:00,0.8043276774941354,0.8053525405302971,0.8068339125378607,0.8043276774941354,0.8043276774941354,-3.754747288272094e-05,-3.754747288272094e-05,-3.754747288272094e-05,-0.0006035355648785417,-0.0006035355648785417,-0.0006035355648785417,0.0011119400051244112,0.0011119400051244112,0.0011119400051244112,8.01218803999912e-05,8.01218803999912e-05,8.01218803999912e-05,0.00017588157638930092,0.00017588157638930092,0.00017588157638930092,-9.896596692840658e-05,-9.896596692840658e-05,-9.896596692840658e-05,0.0005976090253725107,0.0005976090253725107,0.0005976090253725107,0.0006570392808663756,0.0006570392808663756,0.0006570392808663756,0.002162939172173012,0.002162939172173012,0.002162939172173012,-0.00026719888323426715,-0.00026719888323426715,-0.00026719888323426715,0.0002562610535248218,0.0002562610535248218,0.0002562610535248218,5.820068077566034e-05,5.820068077566034e-05,5.820068077566034e-05,-3.6373712262777194e-06,-3.6373712262777194e-06,-3.6373712262777194e-06,5.274424646994855e-05,5.274424646994855e-05,5.274424646994855e-05,9.215560965826857e-05,9.215560965826857e-05,9.215560965826857e-05,0.00015281191081774746,0.00015281191081774746,0.00015281191081774746,0.0010509991670486008,0.0010509991670486008,0.0010509991670486008,0.0,0.0,0.0,0.8060673893350503
2025-08-27 10:00:00,0.8042519311228726,0.8054457958493004,0.8071061638688074,0.8042519311228726,0.8042519311228726,-3.754747288272094e-05,-3.754747288272094e-05,-3.754747288272094e-05,-0.0006035355648785417,-0.0006035355648785417,-0.0006035355648785417,0.0015224674860882768,0.0015224674860882768,0.0015224674860882768,9.814732755524184e-05,9.814732755524184e-05,9.814732755524184e-05,0.00012191978201419997,0.00012191978201419997,0.00012191978201419997,-9.896596692840658e-05,-9.896596692840658e-05,-9.896596692840658e-05,0.0006337947621351374,0.0006337947621351374,0.0006337947621351374,0.0008313443110899968,0.0008313443110899968,0.0008313443110899968,0.0024608213939933264,0.0024608213939933264,0.0024608213939933264,-4.438519655054272e-06,-4.438519655054272e-06,-4.438519655054272e-06,0.0001537595010552904,0.0001537595010552904,0.0001537595010552904,0.00012655343555498643,0.00012655343555498643,0.00012655343555498643,1.0575686837968681e-06,1.0575686837968681e-06,1.0575686837968681e-06,5.295692631587059e-05,5.295692631587059e-05,5.295692631587059e-05,9.460948521073266e-05,9.460948521073266e-05,9.460948521073266e-05,0.00015281191081774746,0.00015281191081774746,0.00015281191081774746,0.0009383539079050498,0.0009383539079050498,0.0009383539079050498,0.0,0.0,0.0,0.8062310514811403
2025-08-27 11:00:00,0.8041761847516099,0.8052711770525677,0.8071316669986364,0.8041761847516099,0.8041761847516099,-3.754747288272094e-05,-3.754747288272094e-05,-3.754747288272094e-05,-0.0006035355648785417,-0.0006035355648785417,-0.0006035355648785417,0.0015205475557405128,0.0015205475557405128,0.0015205475557405128,0.00010947859734104165,0.00010947859734104165,0.00010947859734104165,5.9079941518365944e-05,5.9079941518365944e-05,5.9079941518365944e-05,-9.896596692840658e-05,-9.896596692840658e-05,-9.896596692840658e-05,0.0006278681522651661,0.0006278681522651661,0.0006278681522651661,0.00097496433317232,0.00097496433317232,0.00097496433317232,0.002347889566059368,0.002347889566059368,0.002347889566059368,-4.438519655054272e-06,-4.438519655054272e-06,-4.438519655054272e-06,8.114098328224432e-05,8.114098328224432e-05,8.114098328224432e-05,7.601601866352216e-05,7.601601866352216e-05,7.601601866352216e-05,-2.0935675755513947e-06,-2.0935675755513947e-06,-2.0935675755513947e-06,5.527579247579442e-05,5.527579247579442e-05,5.527579247579442e-05,0.00013049291812458556,0.00013049291812458556,0.00013049291812458556,0.00015281191081774746,0.00015281191081774746,0.00015281191081774746,0.0008273420103188555,0.0008273420103188555,0.0008273420103188555,0.0,0.0,0.0,0.8060643016250616
2025-08-27 12:00:00,0.8041004383803473,0.8048928078782607,0.8063276847550911,0.8041004383803473,0.8041004383803473,-3.754747288272094e-05,-3.754747288272094e-05,-3.754747288272094e-05,-0.0006035355648785417,-0.0006035355648785417,-0.0006035355648785417,0.001274191303025837,0.001274191303025837,0.001274191303025837,0.00011334348244729716,0.00011334348244729716,0.00011334348244729716,-8.355513816156788e-06,-8.355513816156788e-06,-8.355513816156788e-06,-9.896596692840658e-05,-9.896596692840658e-05,-9.896596692840658e-05,0.0005244073144182289,0.0005244073144182289,0.0005244073144182289,0.0011113632893168489,0.0011113632893168489,0.0011113632893168489,0.0019946168226356205,0.0019946168226356205,0.0019946168226356205,-4.438519655054272e-06,-4.438519655054272e-06,-4.438519655054272e-06,-6.721877017211794e-05,-6.721877017211794e-05,-6.721877017211794e-05,4.02121482018769e-05,4.02121482018769e-05,4.02121482018769e-05,-2.3613496776953305e-06,-2.3613496776953305e-06,-2.3613496776953305e-06,6.314792183364931e-05,6.314792183364931e-05,6.314792183364931e-05,8.853334205735789e-05,8.853334205735789e-05,8.853334205735789e-05,0.00015560696276127172,0.00015560696276127172,0.00015560696276127172,0.0007204255196097832,0.0007204255196097832,0.0007204255196097832,0.0,0.0,0.0,0.8057043106418295
2025-08-27 13:00:00,0.8040246920090847,0.8036599362075403,0.8053443340525686,0.8040246920090847,0.8040246920090847,-3.754747288272094e-05,-3.754747288272094e-05,-3.754747288272094e-05,-0.0006035355648785417,-0.0006035355648785417,-0.0006035355648785417,-0.0001291121422758773,-0.0001291121422758773,-0.0001291121422758773,0.00010947859734104166,0.00010947859734104166,0.00010947859734104166,-7.579096915067954e-05,-7.579096915067954e-05,-7.579096915067954e-05,-9.896596692840658e-05,-9.896596692840658e-05,-9.896596692840658e-05,0.00017820334633874595,0.00017820334633874595,0.00017820334633874595,0.0006298950226381167,0.0006298950226381167,0.0006298950226381167,0.0004908541878581189,0.0004908541878581189,0.0004908541878581189,0.00025832184392415863,0.00025832184392415863,0.00025832184392415863,-0.0005387422403222091,-0.0005387422403222091,-0.0005387422403222091,-3.2935219126697557e-05,-3.2935219126697557e-05,-3.2935219126697557e-05,-5.174358409992464e-06,-5.174358409992464e-06,-5.174358409992464e-06,3.3956213786374296e-05,3.3956213786374296e-05,3.3956213786374296e-05,-7.672686987461992e-05,-7.672686987461992e-05,-7.672686987461992e-05,0.00013045149526955333,0.00013045149526955333,0.00013045149526955333,0.0006199663301339963,0.0006199663301339963,0.0006199663301339963,0.0,0.0,0.0,0.8044193508962987
2025-08-27 14:00:00,0.8039489456378219,0.8030485195607155,0.8047021456521012,0.8039489456378219,0.8039489456378219,-3.754747288272094e-05,-3.754747288272094e-05,-3.754747288272094e-05,-0.0006035355648785417,-0.0006035355648785417,-0.0006035355648785417,-0.0004921669148304155,-0.0004921669148304155,-0.0004921669148304155,9.814732755524185e-05,9.814732755524185e-05,9.814732755524185e-05,-0.00013863080964651356,-0.00013863080964651356,-0.00013863080964651356,-9.896596692840658e-05,-9.896596692840658e-05,-9.896596692840658e-05,7.659852511040347e-05,7.659852511040347e-05,7.659852511040347e-05,0.0004681229425275907,0.0004681229425275907,0.0004681229425275907,3.602475709771325e-05,3.602475709771325e-05,3.602475709771325e-05,-4.438519655054272e-06,-4.438519655054272e-06,-4.438519655054272e-06,-0.0001004429377997427,-0.0001004429377997427,-0.0001004429377997427,-0.0002654153875823744,-0.0002654153875823744,-0.0002654153875823744,-3.0945271657010794e-06,-3.0945271657010794e-06,-3.0945271657010794e-06,3.311658921850195e-05,3.311658921850195e-05,3.311658921850195e-05,-4.094250408560285e-05,-4.094250408560285e-05,-4.094250408560285e-05,0.00012486139138250478,0.00012486139138250478,0.00012486139138250478,0.0005281916719281287,0.0005281916719281287,0.0005281916719281287,0.0,0.0,0.0,0.8039779077033075
2025-08-27 15:00:00,0.8038731992665593,0.8030759666362909,0.8044541991616099,0.8038731992665593,0.8038731992665593,-3.754747288272094e-05,-3.754747288272094e-05,-3.754747288272094e-05,-0.0006035355648785417,-0.0006035355648785417,-0.0006035355648785417,-0.0006622889129183847,-0.0006622889129183847,-0.0006622889129183847,8.012188039999126e-05,8.012188039999126e-05,8.012188039999126e-05,-0.0001925926040216144,-0.0001925926040216144,-0.0001925926040216144,-9.896596692840658e-05,-9.896596692840658e-05,-9.896596692840658e-05,-0.00019754837460906637,-0.00019754837460906637,-0.00019754837460906637,0.0003399805172833027,0.0003399805172833027,0.0003399805172833027,-0.00021512736941222855,-0.00021512736941222855,-0.00021512736941222855,0.00025832184392415863,0.00025832184392415863,0.00025832184392415863,-0.00029218688634506673,-0.00029218688634506673,-0.00029218688634506673,-4.931607941433335e-05,-4.931607941433335e-05,-4.931607941433335e-05,-1.6210444862713674e-06,-1.6210444862713674e-06,-1.6210444862713674e-06,2.8187373297315165e-05,2.8187373297315165e-05,2.8187373297315165e-05,-1.485782175258719e-05,-1.485782175258719e-05,-1.485782175258719e-05,0.00011927128749545622,0.00011927128749545622,0.00011927128749545622,0.00044716154350615605,0.00044716154350615605,0.00044716154350615605,0.0,0.0,0.0,0.8037002641398602
2025-08-27 16:00:00,0.8037974528952967,0.8023417403194744,0.8041620668447326,0.8037974528952967,0.8037974528952967,-3.754747288272094e-05,-3.754747288272094e-05,-3.754747288272094e-05,-0.0006035355648785417,-0.0006035355648785417,-0.0006035355648785417,-0.0009159170187148548,-0.0009159170187148548,-0.0009159170187148548,5.6630660310460354e-05,5.6630660310460354e-05,5.6630660310460354e-05,-0.00023399894516540066,-0.00023399894516540066,-0.00023399894516540066,-9.896596692840658e-05,-9.896596692840658e-05,-9.896596692840658e-05,-0.00020143543371863306,-0.00020143543371863306,-0.00020143543371863306,0.0002500513489824801,0.0002500513489824801,0.0002500513489824801,-0.0005371784946062203,-0.0005371784946062203,-0.0005371784946062203,-4.438519655054272e-06,-4.438519655054272e-06,-4.438519655054272e-06,-5.7572981350244126e-05,-5.7572981350244126e-05,-5.7572981350244126e-05,-0.0001438536120720064,-0.0001438536120720064,-0.0001438536120720064,1.3892830960495896e-06,1.3892830960495896e-06,1.3892830960495896e-06,2.793765944626794e-05,2.793765944626794e-05,2.793765944626794e-05,1.294629054896311e-05,1.294629054896311e-05,1.294629054896311e-05,0.00011647623555193196,0.00011647623555193196,0.00011647623555193196,0.00037873852410863474,0.00037873852410863474,0.00037873852410863474,0.0,0.0,0.0,0.803365670189582
2025-08-27 17:00:00,0.8037217065240341,0.8016413775890228,0.8035333802069212,0.8037217065240341,0.8037217065240341,-3.754747288272094e-05,-3.754747288272094e-05,-3.754747288272094e-05,-0.0006035355648785417,-0.0006035355648785417,-0.0006035355648785417,-0.0018877522473543938,-0.0018877522473543938,-0.0018877522473543938,2.9274555114673858e-05,2.9274555114673858e-05,2.9274555114673858e-05,-0.0002600280593561373,-0.0002600280593561373,-0.0002600280593561373,0.00010167736328260952,0.00010167736328260952,0.00010167736328260952,-0.0006179172756097647,-0.0006179172756097647,-0.0006179172756097647,-0.00011220717306017565,-0.00011220717306017565,-0.00011220717306017565,-0.0015631918789877322,-0.0015631918789877322,-0.0015631918789877322,0.00025832184392415863,0.00025832184392415863,0.00025832184392415863,-0.0006136930847367894,-0.0006136930847367894,-0.0006136930847367894,-2.8179454563200193e-05,-2.8179454563200193e-05,-2.8179454563200193e-05,1.0956838142851102e-05,1.0956838142851102e-05,1.0956838142851102e-05,8.334410205922874e-06,8.334410205922874e-06,8.334410205922874e-06,-2.508827880471691e-05,-2.508827880471691e-05,-2.508827880471691e-05,1.8791058674369245e-06,1.8791058674369245e-06,1.8791058674369245e-06,0.0003245603683666616,0.0003245603683666616,0.0003245603683666616,0.0,0.0,0.0,0.8024653352794295
2025-08-27 18:00:00,0.803540873088606,0.8014897255598029,0.8032452538408287,0.803540873088606,0.803540873088606,-3.754747288272094e-05,-3.754747288272094e-05,-3.754747288272094e-05,-0.0006035355648785417,-0.0006035355648785417,-0.0006035355648785417,-0.0018071052898183588,-0.0018071052898183588,-0.0018071052898183588,-8.21618263765461e-08,-8.21618263765461e-08,-8.21618263765461e-08,-0.0002689061054768704,-0.0002689061054768704,-0.0002689061054768704,0.00010167736328260952,0.00010167736328260952,0.00010167736328260952,-0.0006484261940417883,-0.0006484261940417883,-0.0006484261940417883,-8.38488853335746e-05,-8.38488853335746e-05,-8.38488853335746e-05,-0.0015210895408793346,-0.0015210895408793346,-0.0015210895408793346,-4.438519655054272e-06,-4.438519655054272e-06,-4.438519655054272e-06,6.502066750125208e-05,6.502066750125208e-05,6.502066750125208e-05,-0.00030236918954232864,-0.00030236918954232864,-0.00030236918954232864,2.063425684456224e-06,2.063425684456224e-06,2.063425684456224e-06,8.13915703075546e-06,8.13915703075546e-06,8.13915703075546e-06,-3.6730915547613873e-05,-3.6730915547613873e-05,-3.6730915547613873e-05,1.8791058674369245e-06,1.8791058674369245e-06,1.8791058674369245e-06,0.0002860157489390242,0.0002860157489390242,0.0002860157489390242,0.0,0.0,0.0,0.8023186154708818
2025-08-27 19:00:00,0.803360039653178,0.801564252366618,0.803014603315252,0.803360039653178,0.803360039653178,-3.754747288272094e-05,-3.754747288272094e-05,-3.754747288272094e-05,-0.0006035355648785417,-0.0006035355648785417,-0.0006035355648785417,-0.0014906017538953622,-0.0014906017538953622,-0.0014906017538953622,-2.943887876742695e-05,-2.943887876742695e-05,-2.943887876742695e-05,-0.0002600280593561373,-0.0002600280593561373,-0.0002600280593561373,0.00010167736328260952,0.00010167736328260952,0.00010167736328260952,-0.0006978043376116623,-0.0006978043376116623,-0.0006978043376116623,-0.0001094288053252409,-0.0001094288053252409,-0.0001094288053252409,-0.0012263782819721349,-0.0012263782819721349,-0.0012263782819721349,-4.438519655054272e-06,-4.438519655054272e-06,-4.438519655054272e-06,0.0001711204472120038,0.0001711204472120038,0.0001711204472120038,3.2264179615857494e-05,3.2264179615857494e-05,3.2264179615857494e-05,5.954050221161715e-06,5.954050221161715e-06,5.954050221161715e-06,8.773880565378244e-06,8.773880565378244e-06,8.773880565378244e-06,-7.843429801359872e-05,-7.843429801359872e-05,-7.843429801359872e-05,1.0264261698009739e-05,1.0264261698009739e-05,1.0264261698009739e-05,0.00026422347192322755,0.00026422347192322755,0.00026422347192322755,0.0,0.0,0.0,0.802374816347943
2025-08-27 20:00:00,0.80317920621775,0.8013118501733526,0.8029475589879439,0.80317920621775,0.80317920621775,-3.754747288272094e-05,-3.754747288272094e-05,-3.754747288272094e-05,-0.0006035355648785417,-0.0006035355648785417,-0.0006035355648785417,-0.0018381218345706334,-0.0018381218345706334,-0.0018381218345706334,-5.679498396321345e-05,-5.679498396321345e-05,-5.679498396321345e-05,-0.0002339989451654007,-0.0002339989451654007,-0.0002339989451654007,0.00010167736328260952,0.00010167736328260952,0.00010167736328260952,-0.0008050580144075187,-0.0008050580144075187,-0.0008050580144075187,-0.00020455415138813458,-0.00020455415138813458,-0.00020455415138813458,-0.0015781063906806741,-0.0015781063906806741,-0.0015781063906806741,-4.438519655054272e-06,-4.438519655054272e-06,-4.438519655054272e-06,-3.117339458417924e-05,-3.117339458417924e-05,-3.117339458417924e-05,8.45756682728575e-05,8.45756682728575e-05,8.45756682728575e-05,1.1935630070925657e-06,1.1935630070925657e-06,1.1935630070925657e-06,9.277487162367808e-06,9.277487162367808e-06,9.277487162367808e-06,-7.080418301233135e-05,-7.080418301233135e-05,-7.080418301233135e-05,1.305931364153401e-05,1.305931364153401e-05,1.305931364153401e-05,0.00026001544388995924,0.00026001544388995924,0.00026001544388995924,0.0,0.0,0.0,0.8019117039795559
2025-08-27 21:00:00,0.802998372782322,0.8005219987620188,0.8022693626743722,0.802998372782322,0.802998372782322,-3.754747288272094e-05,-3.754747288272094e-05,-3.754747288272094e-05,-0.0006035355648785417,-0.0006035355648785417,-0.0006035355648785417,-0.0023903119632137774,-0.0023903119632137774,-0.0023903119632137774,-8.028620405274433e-05,-8.028620405274433e-05,-8.028620405274433e-05,-0.00019259260402161457,-0.00019259260402161457,-0.00019259260402161457,0.00010167736328260952,0.00010167736328260952,0.00010167736328260952,-0.0009490408092347881,-0.0009490408092347881,-0.0009490408092347881,-0.00040520980558663393,-0.00040520980558663393,-0.00040520980558663393,-0.0021163883425480085,-0.0021163883425480085,-0.0021163883425480085,-4.438519655054272e-06,-4.438519655054272e-06,-4.438519655054272e-06,-0.00016712234870917947,-0.00016712234870917947,-0.00016712234870917947,-1.5163389049894082e-05,-1.5163389049894082e-05,-1.5163389049894082e-05,1.24776454305827e-05,1.24776454305827e-05,1.24776454305827e-05,8.83835210212785e-06,8.83835210212785e-06,8.83835210212785e-06,-7.142791959946002e-05,-7.142791959946002e-05,-7.142791959946002e-05,1.305931364153401e-05,1.305931364153401e-05,1.305931364153401e-05,0.0002739236206657689,0.0002739236206657689,0.0002739236206657689,0.0,0.0,0.0,0.8012989163870805
2025-08-27 22:00:00,0.8028175393468939,0.800532909682936,0.8021890813904313,0.8028175393468939,0.8028175393468939,-3.754747288272094e-05,-3.754747288272094e-05,-3.754747288272094e-05,-0.0006035355648785417,-0.0006035355648785417,-0.0006035355648785417,-0.0020723888868415478,-0.0020723888868415478,-0.0020723888868415478,-9.831165120799493e-05,-9.831165120799493e-05,-9.831165120799493e-05,-0.00013863080964651373,-0.00013863080964651373,-0.00013863080964651373,0.00010167736328260952,0.00010167736328260952,0.00010167736328260952,-0.0008896769366638862,-0.0008896769366638862,-0.0008896769366638862,-0.0004642341572175509,-0.0004642341572175509,-0.0004642341572175509,-0.0017662177712037964,-0.0017662177712037964,-0.0017662177712037964,-4.438519655054272e-06,-4.438519655054272e-06,-4.438519655054272e-06,3.513979858637056e-05,3.513979858637056e-05,3.513979858637056e-05,-8.219172964615917e-05,-8.219172964615917e-05,-8.219172964615917e-05,-1.2939515240538712e-06,-1.2939515240538712e-06,-1.2939515240538712e-06,9.612890509376368e-06,9.612890509376368e-06,9.612890509376368e-06,8.239243657398862e-05,8.239243657398862e-05,8.239243657398862e-05,1.8649417528582553e-05,1.8649417528582553e-05,1.8649417528582553e-05,0.00030617111563775116,0.00030617111563775116,0.00030617111563775116,0.0,0.0,0.0,0.8013995887418653
2025-08-27 23:00:00,0.8026367059114659,0.8005439033006365,0.802362182501815,0.8026367059114659,0.8026367059114659,-3.754747288272094e-05,-3.754747288272094e-05,-3.754747288272094e-05,-0.0006035355648785417,-0.0006035355648785417,-0.0006035355648785417,-0.0018562526676850738,-0.0018562526676850738,-0.0018562526676850738,-0.00010964292099379478,-0.00010964292099379478,-0.00010964292099379478,-7.579096915067973e-05,-7.579096915067973e-05,-7.579096915067973e-05,0.00010167736328260952,0.00010167736328260952,0.00010167736328260952,-0.0006184080345030899,-0.0006184080345030899,-0.0006184080345030899,-0.000564535700704359,-0.000564535700704359,-0.000564535700704359,-0.0014995850765999706,-0.0014995850765999706,-0.0014995850765999706,-4.438519655054272e-06,-4.438519655054272e-06,-4.438519655054272e-06,-7.100495548281319e-05,-7.100495548281319e-05,-7.100495548281319e-05,1.753170100408778e-05,1.753170100408778e-05,1.753170100408778e-05,-3.446793422916316e-06,-3.446793422916316e-06,-3.446793422916316e-06,9.973671205370546e-06,9.973671205370546e-06,9.973671205370546e-06,8.14710590247216e-05,8.14710590247216e-05,8.14710590247216e-05,2.1444469472106827e-05,2.1444469472106827e-05,2.1444469472106827e-05,0.0003566675910851029,0.0003566675910851029,0.0003566675910851029,0.0,0.0,0.0,0.8014330838853496
2025-08-28 00:00:00,0.8024558724760379,0.8005609762102219,0.8023364351169514,0.8024558724760379,0.8024558724760379,-0.0003652961656261313,-0.0003652961656261313,-0.0003652961656261313,-0.00012308895569287226,-0.00012308895569287226,-0.00012308895569287226,-0.0017381909463684991,-0.0017381909463684991,-0.0017381909463684991,-0.0001135078061000503,-0.0001135078061000503,-0.0001135078061000503,-8.35551381615682e-06,-8.35551381615682e-06,-8.35551381615682e-06,2.6436114453478476e-05,2.6436114453478476e-05,2.6436114453478476e-05,-0.0005840391871830749,-0.0005840391871830749,-0.0005840391871830749,-0.0006545319111322228,-0.0006545319111322228,-0.0006545319111322228,-0.0013131819463684503,-0.0013131819463684503,-0.0013131819463684503,-4.438519655054272e-06,-4.438519655054272e-06,-4.438519655054272e-06,-4.1182214582030435e-05,-4.1182214582030435e-05,-4.1182214582030435e-05,-3.480196183317335e-05,-3.480196183317335e-05,-3.480196183317335e-05,6.578961408881333e-07,6.578961408881333e-07,6.578961408881333e-07,1.0641231495254432e-05,1.0641231495254432e-05,1.0641231495254432e-05,0.00012628147380349086,0.00012628147380349086,0.00012628147380349086,2.703457335915537e-05,2.703457335915537e-05,2.703457335915537e-05,0.00042500900000004864,0.00042500900000004864,0.00042500900000004864,0.0,0.0,0.0,0.801402101911545
2025-08-28 01:00:00,0.8022750390406098,0.8005115121379193,0.802340898799515,0.8022750390406098,0.8022750390406098,-0.0003652961656261313,-0.0003652961656261313,-0.0003652961656261313,-0.00012308895569287226,-0.00012308895569287226,-0.00012308895569287226,-0.0014575868927710184,-0.0014575868927710184,-0.0014575868927710184,-0.0001096429209937948,-0.0001096429209937948,-0.0001096429209937948,5.907994151836588e-05,5.907994151836588e-05,5.907994151836588e-05,2.6436114453478476e-05,2.6436114453478476e-05,2.6436114453478476e-05,-0.00038648687126882186,-0.00038648687126882186,-0.00038648687126882186,-0.0007570547405206611,-0.0007570547405206611,-0.0007570547405206611,-0.0009471052039260898,-0.0009471052039260898,-0.0009471052039260898,-4.438519655054272e-06,-4.438519655054272e-06,-4.438519655054272e-06,4.8444063695403416e-05,4.8444063695403416e-05,4.8444063695403416e-05,-2.0098142686658614e-05,-2.0098142686658614e-05,-2.0098142686658614e-05,3.416399554794564e-06,3.416399554794564e-06,3.416399554794564e-06,1.281487279779256e-05,1.281487279779256e-05,1.281487279779256e-05,0.00011452314663283996,0.00011452314663283996,0.00011452314663283996,4.3804885020300985e-05,4.3804885020300985e-05,4.3804885020300985e-05,0.0005104816888449283,0.0005104816888449283,0.0005104816888449283,0.0,0.0,0.0,0.8015152001761545
2025-08-28 02:00:00,0.8020942056051819,0.8005280250790087,0.802226481298503,0.8020942056051819,0.8020942056051819,-0.0003652961656261313,-0.0003652961656261313,-0.0003652961656261313,-0.00012308895569287226,-0.00012308895569287226,-0.00012308895569287226,-0.0013861353940962176,-0.0013861353940962176,-0.0013861353940962176,-9.831165120799497e-05,-9.831165120799497e-05,-9.831165120799497e-05,0.00012191978201419997,0.00012191978201419997,0.00012191978201419997,2.6436114453478476e-05,2.6436114453478476e-05,2.6436114453478476e-05,-0.0003769819624243322,-0.0003769819624243322,-0.0003769819624243322,-0.0007495351768480122,-0.0007495351768480122,-0.0007495351768480122,-0.0007740645793152206,-0.0007740645793152206,-0.0007740645793152206,-4.438519655054272e-06,-4.438519655054272e-06,-4.438519655054272e-06,-4.1184076392269115e-05,-4.1184076392269115e-05,-4.1184076392269115e-05,2.4091242552979113e-05,2.4091242552979113e-05,2.4091242552979113e-05,-6.87646904480241e-07,-6.87646904480241e-07,-6.87646904480241e-07,1.2811225189941367e-05,1.2811225189941367e-05,1.2811225189941367e-05,0.00014432551142402905,0.00014432551142402905,0.00014432551142402905,4.3804885020300985e-05,4.3804885020300985e-05,4.3804885020300985e-05,0.0006120708147809972,0.0006120708147809972,0.0006120708147809972,0.0,0.0,0.0,0.8014733328913489
2025-08-28 03:00:00,0.8019040430883734,0.8007125117323171,0.8022578589347794,0.8019040430883734,0.8019040430883734,-0.0003652961656261313,-0.0003652961656261313,-0.0003652961656261313,-0.00012308895569287226,-0.00012308895569287226,-0.00012308895569287226,-0.0013581259086646535,-0.0013581259086646535,-0.0013581259086646535,-8.028620405274437e-05,-8.028620405274437e-05,-8.028620405274437e-05,0.0001758815763893009,0.0001758815763893009,0.0001758815763893009,2.6436114453478476e-05,2.6436114453478476e-05,2.6436114453478476e-05,-9.884668316593029e-05,-9.884668316593029e-05,-9.884668316593029e-05,-0.0009347138191570027,-0.0009347138191570027,-0.0009347138191570027,-0.0006296529343885981,-0.0006296529343885981,-0.0006296529343885981,-4.438519655054272e-06,-4.438519655054272e-06,-4.438519655054272e-06,-0.00013411640159285106,-0.00013411640159285106,-0.00013411640159285106,-2.009906063451343e-05,-2.009906063451343e-05,-2.009906063451343e-05,1.466107556910334e-06,1.466107556910334e-06,1.466107556910334e-06,1.3816113910766304e-05,1.3816113910766304e-05,1.3816113910766304e-05,0.00013296994775111636,0.00013296994775111636,0.00013296994775111636,5.2190040850873784e-05,5.2190040850873784e-05,5.2190040850873784e-05,0.0007284729742760556,0.0007284729742760556,0.0007284729742760556,0.0,0.0,0.0,0.8013991218545448
2025-08-28 04:00:00,0.801713880571565,0.8007634065038974,0.8021369978563709,0.801713880571565,0.801713880571565,-0.0003652961656261313,-0.0003652961656261313,-0.0003652961656261313,-0.00012308895569287226,-0.00012308895569287226,-0.00012308895569287226,-0.0011760391147537616,-0.0011760391147537616,-0.0011760391147537616,-5.679498396321345e-05,-5.679498396321345e-05,-5.679498396321345e-05,0.0002172879175330871,0.0002172879175330871,0.0002172879175330871,2.6436114453478476e-05,2.6436114453478476e-05,2.6436114453478476e-05,-9.498139455941654e-05,-9.498139455941654e-05,-9.498139455941654e-05,-0.0009703766582140825,-0.0009703766582140825,-0.0009703766582140825,-0.00031792623017690315,-0.00031792623017690315,-0.00031792623017690315,-4.438519655054272e-06,-4.438519655054272e-06,-4.438519655054272e-06,7.168541817311394e-05,7.168541817311394e-05,7.168541817311394e-05,-6.591846090897262e-05,-6.591846090897262e-05,-6.591846090897262e-05,8.609823971300286e-07,8.609823971300286e-07,8.609823971300286e-07,1.4573276280522127e-05,1.4573276280522127e-05,1.4573276280522127e-05,0.00011902722223425174,0.00011902722223425174,0.00011902722223425174,5.498509279439806e-05,5.498509279439806e-05,5.498509279439806e-05,0.0008581128845768584,0.0008581128845768584,0.0008581128845768584,0.0,0.0,0.0,0.8014589946998344
2025-08-28 05:00:00,0.8015237180547566,0.8005911369036378,0.8021335318307875,0.8015237180547566,0.8015237180547566,-0.0003652961656261313,-0.0003652961656261313,-0.0003652961656261313,-0.00012308895569287226,-0.00012308895569287226,-0.00012308895569287226,-0.0011762790898253482,-0.0011762790898253482,-0.0011762790898253482,-2.9438878767427e-05,-2.9438878767427e-05,-2.9438878767427e-05,0.0002433170317238236,0.0002433170317238236,0.0002433170317238236,2.6436114453478476e-05,2.6436114453478476e-05,2.6436114453478476e-05,-0.0001468739644586507,-0.0001468739644586507,-0.0001468739644586507,-0.0011059288025464034,-0.0011059288025464034,-0.0011059288025464034,-0.00017711518315544756,-0.00017711518315544756,-0.00017711518315544756,-4.438519655054272e-06,-4.438519655054272e-06,-4.438519655054272e-06,8.164432387214914e-05,8.164432387214914e-05,8.164432387214914e-05,3.5550171633214196e-05,3.5550171633214196e-05,3.5550171633214196e-05,-9.576001450843513e-07,-9.576001450843513e-07,-9.576001450843513e-07,1.9037608542859463e-05,1.9037608542859463e-05,1.9037608542859463e-05,0.00011082293461110932,0.00011082293461110932,0.00011082293461110932,8.293561222964074e-05,8.293561222964074e-05,8.293561222964074e-05,0.0009991639066699006,0.0009991639066699006,0.0009991639066699006,0.0,0.0,0.0,0.8013817560346299
2025-08-28 06:00:00,0.8013335555379483,0.8003568826236666,0.8020835634725612,0.8013335555379483,0.8013335555379483,-0.0003652961656261313,-0.0003652961656261313,-0.0003652961656261313,-0.00012308895569287226,-0.00012308895569287226,-0.00012308895569287226,-0.001172017253759727,-0.001172017253759727,-0.001172017253759727,-8.216182637657388e-08,-8.216182637657388e-08,-8.216182637657388e-08,0.0002521950778445568,0.0002521950778445568,0.0002521950778445568,2.6436114453478476e-05,2.6436114453478476e-05,2.6436114453478476e-05,-9.685382299546475e-05,-9.685382299546475e-05,-9.685382299546475e-05,-0.001182536621098306,-0.001182536621098306,-0.001182536621098306,-2.244510629696039e-05,-2.244510629696039e-05,-2.244510629696039e-05,-4.438519655054272e-06,-4.438519655054272e-06,-4.438519655054272e-06,5.507418104616269e-05,5.507418104616269e-05,5.507418104616269e-05,4.046031549903055e-05,4.046031549903055e-05,4.046031549903055e-05,8.610201746174133e-07,8.610201746174133e-07,8.610201746174133e-07,2.1016568894936903e-05,2.1016568894936903e-05,2.1016568894936903e-05,0.00011011989521795731,0.00011011989521795731,0.00011011989521795731,9.411582000373782e-05,9.411582000373782e-05,9.411582000373782e-05,0.0011495721474627666,0.0011495721474627666,0.0011495721474627666,0.0,0.0,0.0,0.8013155695211148
2025-08-28 07:00:00,0.8011433930211399,0.8006700885971852,0.8022847476382534,0.8011433930211399,0.8011433930211399,-0.0003652961656261313,-0.0003652961656261313,-0.0003652961656261313,-0.00012308895569287226,-0.00012308895569287226,-0.00012308895569287226,-0.0010715247969632013,-0.0010715247969632013,-0.0010715247969632013,2.9274555114673858e-05,2.9274555114673858e-05,2.9274555114673858e-05,0.0002433170317238236,0.0002433170317238236,0.0002433170317238236,2.6436114453478476e-05,2.6436114453478476e-05,2.6436114453478476e-05,2.623619224920876e-05,2.623619224920876e-05,2.623619224920876e-05,-0.001210501873602894,-0.001210501873602894,-0.001210501873602894,0.0002355590345287485,0.0002355590345287485,0.0002355590345287485,-4.438519655054272e-06,-4.438519655054272e-06,-4.438519655054272e-06,4.511646326955696e-05,4.511646326955696e-05,4.511646326955696e-05,2.73601589403114e-05,2.73601589403114e-05,2.73601589403114e-05,2.7466848196897055e-06,2.7466848196897055e-06,2.7466848196897055e-06,2.1594615354635384e-05,2.1594615354635384e-05,2.1594615354635384e-05,0.00011280802974111035,0.00011280802974111035,0.00011280802974111035,9.69108719472621e-05,9.69108719472621e-05,9.69108719472621e-05,0.0013070838314919496,0.0013070838314919496,0.0013070838314919496,0.0,0.0,0.0,0.801332109585319
2025-08-28 08:00:00,0.8009532305043315,0.8002352173902968,0.8019305323423216,0.8009532305043315,0.8009532305043315,-0.0003652961656261313,-0.0003652961656261313,-0.0003652961656261313,-0.00012308895569287226,-0.00012308895569287226,-0.00012308895569287226,-0.0014134148712496143,-0.0014134148712496143,-0.0014134148712496143,5.663066031046027e-05,5.663066031046027e-05,5.663066031046027e-05,0.0002172879175330871,0.0002172879175330871,0.0002172879175330871,-9.896596692840658e-05,-9.896596692840658e-05,-9.896596692840658e-05,-0.00010077271604549874,-0.00010077271604549874,-0.00010077271604549874,-0.0013010456184990465,-0.0013010456184990465,-0.0013010456184990465,5.586071846770682e-05,5.586071846770682e-05,5.586071846770682e-05,0.00025832184392415863,0.00025832184392415863,0.00025832184392415863,-0.00018385619189752433,-0.00018385619189752433,-0.00018385619189752433,2.24506007683661e-05,2.24506007683661e-05,2.24506007683661e-05,-1.4291841751580645e-06,-1.4291841751580645e-06,-1.4291841751580645e-06,2.1018611235817383e-05,2.1018611235817383e-05,2.1018611235817383e-05,9.400952578292054e-05,9.400952578292054e-05,9.400952578292054e-05,9.132076806021356e-05,9.132076806021356e-05,9.132076806021356e-05,0.001469275589717321,0.001469275589717321,0.001469275589717321,0.0,0.0,0.0,0.8009979723272466
2025-08-28 09:00:00,0.8007630679875231,0.8004204321209872,0.8020939803707875,0.8007630679875231,0.8007630679875231,-0.0003652961656261313,-0.0003652961656261313,-0.0003652961656261313,-0.00012308895569287226,-0.00012308895569287226,-0.00012308895569287226,-0.0010953126713016525,-0.0010953126713016525,-0.0010953126713016525,8.01218803999912e-05,8.01218803999912e-05,8.01218803999912e-05,0.00017588157638930092,0.00017588157638930092,0.00017588157638930092,-9.896596692840658e-05,-9.896596692840658e-05,-9.896596692840658e-05,-5.65324973854373e-05,-5.65324973854373e-05,-5.65324973854373e-05,-0.0008787326277179695,-0.0008787326277179695,-0.0008787326277179695,0.0005382746021899512,0.0005382746021899512,0.0005382746021899512,-4.438519655054272e-06,-4.438519655054272e-06,-4.438519655054272e-06,5.2765481909567634e-06,5.2765481909567634e-06,5.2765481909567634e-06,-9.044219209312702e-05,-9.044219209312702e-05,-9.044219209312702e-05,-1.6312576338792078e-06,-1.6312576338792078e-06,-1.6312576338792078e-06,3.402245087497336e-05,3.402245087497336e-05,3.402245087497336e-05,9.806156030644945e-05,9.806156030644945e-05,9.806156030644945e-05,0.00013045149526955333,0.00013045149526955333,0.00013045149526955333,0.0016335872734916032,0.0016335872734916032,0.0016335872734916032,0.0,0.0,0.0,0.8011940984093925
2025-08-28 10:00:00,0.8005729054707147,0.800358099533078,0.8017197422531648,0.8005729054707147,0.8005729054707147,-0.0003652961656261313,-0.0003652961656261313,-0.0003652961656261313,-0.00012308895569287226,-0.00012308895569287226,-0.00012308895569287226,-0.0012314922274038588,-0.0012314922274038588,-0.0012314922274038588,9.814732755524184e-05,9.814732755524184e-05,9.814732755524184e-05,0.00012191978201419997,0.00012191978201419997,0.00012191978201419997,-9.896596692840658e-05,-9.896596692840658e-05,-9.896596692840658e-05,-0.00010276553649515987,-0.00010276553649515987,-0.00010276553649515987,-0.0008946130000662431,-0.0008946130000662431,-0.0008946130000662431,0.0005658646407496226,0.0005658646407496226,0.0005658646407496226,-4.438519655054272e-06,-4.438519655054272e-06,-4.438519655054272e-06,-0.00012089985272927724,-0.00012089985272927724,-0.00012089985272927724,2.807909036001977e-06,2.807909036001977e-06,2.807909036001977e-06,-1.0921300608485683e-06,-1.0921300608485683e-06,-1.0921300608485683e-06,3.387981712179806e-05,3.387981712179806e-05,3.387981712179806e-05,9.805167274038776e-05,9.805167274038776e-05,9.805167274038776e-05,0.00012486139138250478,0.00012486139138250478,0.00012486139138250478,0.0017973568681534813,0.0017973568681534813,0.0017973568681534813,0.0,0.0,0.0,0.8010259213702627
2025-08-28 11:00:00,0.8003827429539063,0.7996987394802769,0.8015522546439203,0.8003827429539063,0.8003827429539063,-0.0003652961656261313,-0.0003652961656261313,-0.0003652961656261313,-0.00012308895569287226,-0.00012308895569287226,-0.00012308895569287226,-0.0017501569493029805,-0.0017501569493029805,-0.0017501569493029805,0.00010947859734104165,0.00010947859734104165,0.00010947859734104165,5.9079941518365944e-05,5.9079941518365944e-05,5.9079941518365944e-05,-9.896596692840658e-05,-9.896596692840658e-05,-9.896596692840658e-05,-0.00035708743267991665,-0.00035708743267991665,-0.00035708743267991665,-0.0009705998088375664,-0.0009705998088375664,-0.0009705998088375664,0.0002077001030712293,0.0002077001030712293,0.0002077001030712293,0.00025832184392415863,0.00025832184392415863,0.00025832184392415863,-0.0003900722286223689,-0.0003900722286223689,-0.0003900722286223689,-5.94021670217812e-05,-5.94021670217812e-05,-5.94021670217812e-05,-8.900807059397589e-07,-8.900807059397589e-07,-8.900807059397589e-07,3.0324118339976093e-05,3.0324118339976093e-05,3.0324118339976093e-05,4.156512013652822e-05,4.156512013652822e-05,4.156512013652822e-05,0.00011647623555193196,0.00011647623555193196,0.00011647623555193196,0.00195785705237421,0.00195785705237421,0.00195785705237421,0.0,0.0,0.0,0.8005489825321143
2025-08-28 12:00:00,0.8001925804370981,0.8000770458647277,0.8020815448163144,0.8001925804370981,0.8001925804370981,-0.0003652961656261313,-0.0003652961656261313,-0.0003652961656261313,-0.00012308895569287226,-0.00012308895569287226,-0.00012308895569287226,-0.001010523764905006,-0.001010523764905006,-0.001010523764905006,0.00011334348244729716,0.00011334348244729716,0.00011334348244729716,-8.355513816156788e-06,-8.355513816156788e-06,-8.355513816156788e-06,-9.896596692840658e-05,-9.896596692840658e-05,-9.896596692840658e-05,-2.524984552613969e-05,-2.524984552613969e-05,-2.524984552613969e-05,-0.0005137085152018606,-0.0005137085152018606,-0.0005137085152018606,0.0011018091617248057,0.0011018091617248057,0.0011018091617248057,-0.00026719888323426715,-0.00026719888323426715,-0.00026719888323426715,0.0005309891833754901,0.0005309891833754901,0.0005309891833754901,-0.00019211505037268145,-0.00019211505037268145,-0.00019211505037268145,3.755941435494737e-06,3.755941435494737e-06,3.755941435494737e-06,1.1341961667944913e-05,1.1341961667944913e-05,1.1341961667944913e-05,-0.0001058050627353966,-0.0001058050627353966,-0.0001058050627353966,2.9829625302679626e-05,2.9829625302679626e-05,2.9829625302679626e-05,0.0021123329266298117,0.0021123329266298117,0.0021123329266298117,0.0,0.0,0.0,0.8010742399533678
2025-08-28 13:00:00,0.8001010376979053,0.8011945592086074,0.8027034483164497,0.8001010376979053,0.8001010376979053,-0.0003652961656261313,-0.0003652961656261313,-0.0003652961656261313,-0.00012308895569287226,-0.00012308895569287226,-0.00012308895569287226,0.00014923576389295166,0.00014923576389295166,0.00014923576389295166,0.00010947859734104166,0.00010947859734104166,0.00010947859734104166,-7.579096915067954e-05,-7.579096915067954e-05,-7.579096915067954e-05,-9.896596692840658e-05,-9.896596692840658e-05,-9.896596692840658e-05,0.0002192839299495625,0.0002192839299495625,0.0002192839299495625,0.00018589069485966392,0.00018589069485966392,0.00018589069485966392,0.002407276181162434,0.002407276181162434,0.002407276181162434,-0.00026719888323426715,-0.00026719888323426715,-0.00026719888323426715,0.00028752265574639925,0.00028752265574639925,0.00028752265574639925,0.00026200553062644973,0.00026200553062644973,0.00026200553062644973,-8.169977751412995e-08,-8.169977751412995e-08,-8.169977751412995e-08,2.6403652155071124e-05,2.6403652155071124e-05,2.6403652155071124e-05,-0.00011622268415320054,-0.00011622268415320054,-0.00011622268415320054,0.0001052960277778349,0.0001052960277778349,0.0001052960277778349,0.0022580404172694818,0.0022580404172694818,0.0022580404172694818,0.0,0.0,0.0,0.8020271018684788
2025-08-28 14:00:00,0.8000094949587127,0.8007911108486886,0.8023155353228731,0.8000094949587127,0.8000094949587127,-0.0003652961656261313,-0.0003652961656261313,-0.0003652961656261313,-0.00012308895569287226,-0.00012308895569287226,-0.00012308895569287226,-0.0004634681946237678,-0.0004634681946237678,-0.0004634681946237678,9.814732755524185e-05,9.814732755524185e-05,9.814732755524185e-05,-0.00013863080964651356,-0.00013863080964651356,-0.00013863080964651356,-9.896596692840658e-05,-9.896596692840658e-05,-9.896596692840658e-05,0.00010575397564589489,0.00010575397564589489,0.00010575397564589489,3.910313818592854e-05,3.910313818592854e-05,3.910313818592854e-05,0.0019288166585484314,0.0019288166585484314,0.0019288166585484314,-4.438519655054272e-06,-4.438519655054272e-06,-4.438519655054272e-06,-0.00012406939246294477,-0.00012406939246294477,-0.00012406939246294477,0.0001419666716094999,0.0001419666716094999,0.0001419666716094999,2.4785114056691186e-06,2.4785114056691186e-06,2.4785114056691186e-06,2.5595054132728724e-05,2.5595054132728724e-05,2.5595054132728724e-05,-0.00012452403898111867,-0.00012452403898111867,-0.00012452403898111867,0.00010250097583431063,0.00010250097583431063,0.00010250097583431063,0.0023922848531721993,0.0023922848531721993,0.0023922848531721993,0.0,0.0,0.0,0.801552566599586
2025-08-28 15:00:00,0.79991795221952,0.8007313465109445,0.8022374432745139,0.79991795221952,0.79991795221952,-0.0003652961656261313,-0.0003652961656261313,-0.0003652961656261313,-0.00012308895569287226,-0.00012308895569287226,-0.00012308895569287226,-0.0004982937011640441,-0.0004982937011640441,-0.0004982937011640441,8.012188039999126e-05,8.012188039999126e-05,8.012188039999126e-05,-0.0001925926040216144,-0.0001925926040216144,-0.0001925926040216144,-9.896596692840658e-05,-9.896596692840658e-05,-9.896596692840658e-05,0.00012690537486230915,0.00012690537486230915,0.00012690537486230915,-2.0443116798536108e-06,-2.0443116798536108e-06,-2.0443116798536108e-06,0.002014165506195031,0.002014165506195031,0.002014165506195031,-4.438519655054272e-06,-4.438519655054272e-06,-4.438519655054272e-06,0.0001181147705810588,0.0001181147705810588,0.0001181147705810588,-6.0964878483366435e-05,-6.0964878483366435e-05,-6.0964878483366435e-05,7.940215194487413e-06,7.940215194487413e-06,7.940215194487413e-06,2.6515735963628716e-05,2.6515735963628716e-05,2.6515735963628716e-05,-0.00011579630385605542,-0.00011579630385605542,-0.00011579630385605542,0.0001052960277778349,0.0001052960277778349,0.0001052960277778349,0.002512459207359075,0.002512459207359075,0.002512459207359075,0.0,0.0,0.0,0.8015291193666666
2025-08-28 16:00:00,0.7998264094803272,0.8004810523497355,0.802154032268234,0.7998264094803272,0.7998264094803272,-0.0003652961656261313,-0.0003652961656261313,-0.0003652961656261313,-0.00012308895569287226,-0.00012308895569287226,-0.00012308895569287226,-0.0007000682350596281,-0.0007000682350596281,-0.0007000682350596281,5.6630660310460354e-05,5.6630660310460354e-05,5.6630660310460354e-05,-0.00023399894516540066,-0.00023399894516540066,-0.00023399894516540066,-9.896596692840658e-05,-9.896596692840658e-05,-9.896596692840658e-05,4.992953270466805e-05,4.992953270466805e-05,4.992953270466805e-05,-3.812486158363426e-05,-3.812486158363426e-05,-3.812486158363426e-05,0.0019160132639708394,0.0019160132639708394,0.0019160132639708394,-4.438519655054272e-06,-4.438519655054272e-06,-4.438519655054272e-06,-7.765194834886509e-05,-7.765194834886509e-05,-7.765194834886509e-05,5.844172285472856e-05,5.844172285472856e-05,5.844172285472856e-05,-1.0748792497895722e-05,-1.0748792497895722e-05,-1.0748792497895722e-05,2.6224428123531796e-05,2.6224428123531796e-05,2.6224428123531796e-05,-4.148139938906731e-05,-4.148139938906731e-05,-4.148139938906731e-05,0.00010250097583431063,0.00010250097583431063,0.00010250097583431063,0.002616081499030468,0.002616081499030468,0.002616081499030468,0.0,0.0,0.0,0.8013588874897657
2025-08-28 17:00:00,0.7997348667411346,0.7998216258597306,0.8016709665283319,0.7997348667411346,0.7997348667411346,-0.0003652961656261313,-0.0003652961656261313,-0.0003652961656261313,-0.00012308895569287226,-0.00012308895569287226,-0.00012308895569287226,-0.0011382396410164147,-0.0011382396410164147,-0.0011382396410164147,2.9274555114673858e-05,2.9274555114673858e-05,2.9274555114673858e-05,-0.0002600280593561373,-0.0002600280593561373,-0.0002600280593561373,0.00010167736328260952,0.00010167736328260952,0.00010167736328260952,-0.0002002814211701219,-0.0002002814211701219,-0.0002002814211701219,-0.00020827786268899336,-0.00020827786268899336,-0.00020827786268899336,0.0015625912196217673,0.0015625912196217673,0.0015625912196217673,0.00025832184392415863,0.00025832184392415863,0.00025832184392415863,-0.00038631150827543674,-0.00038631150827543674,-0.00038631150827543674,-3.807919853303803e-05,-3.807919853303803e-05,-3.807919853303803e-05,-5.808679115197125e-06,-5.808679115197125e-06,-5.808679115197125e-06,1.9444869642744287e-05,1.9444869642744287e-05,1.9444869642744287e-05,-2.8746775034692524e-05,-2.8746775034692524e-05,-2.8746775034692524e-05,6.89603525120194e-05,6.89603525120194e-05,6.89603525120194e-05,0.002700830860638182,0.002700830860638182,0.002700830860638182,0.0,0.0,0.0,0.8009845254219297
2025-08-28 18:00:00,0.7996433240019419,0.8002597580210759,0.8018588742439632,0.7996433240019419,0.7996433240019419,-0.0003652961656261313,-0.0003652961656261313,-0.0003652961656261313,-0.00012308895569287226,-0.00012308895569287226,-0.00012308895569287226,-0.0009222334077856237,-0.0009222334077856237,-0.0009222334077856237,-8.21618263765461e-08,-8.21618263765461e-08,-8.21618263765461e-08,-0.0002689061054768704,-0.0002689061054768704,-0.0002689061054768704,0.00010167736328260952,0.00010167736328260952,0.00010167736328260952,-5.7827597468906916e-05,-5.7827597468906916e-05,-5.7827597468906916e-05,-0.0001876046460139471,-0.0001876046460139471,-0.0001876046460139471,0.0018423483822990164,0.0018423483822990164,0.0018423483822990164,-4.438519655054272e-06,-4.438519655054272e-06,-4.438519655054272e-06,6.177080103180318e-05,6.177080103180318e-05,6.177080103180318e-05,-0.0001902608629247243,-0.0001902608629247243,-0.0001902608629247243,2.5428236781106917e-06,2.5428236781106917e-06,2.5428236781106917e-06,1.9260531216953948e-05,1.9260531216953948e-05,1.9260531216953948e-05,2.105973517776274e-05,2.105973517776274e-05,2.105973517776274e-05,6.89603525120194e-05,6.89603525120194e-05,6.89603525120194e-05,0.0027645817900846404,0.0027645817900846404,0.0027645817900846404,0.0,0.0,0.0,0.801116545586333
2025-08-28 19:00:00,0.7995517812627493,0.8005932885423802,0.8021491376450047,0.7995517812627493,0.7995517812627493,-0.0003652961656261313,-0.0003652961656261313,-0.0003652961656261313,-0.00012308895569287226,-0.00012308895569287226,-0.00012308895569287226,-0.0005199594070466817,-0.0005199594070466817,-0.0005199594070466817,-2.943887876742695e-05,-2.943887876742695e-05,-2.943887876742695e-05,-0.0002600280593561373,-0.0002600280593561373,-0.0002600280593561373,0.00010167736328260952,0.00010167736328260952,0.00010167736328260952,6.937285255250643e-05,6.937285255250643e-05,6.937285255250643e-05,4.1870880221283865e-05,4.1870880221283865e-05,4.1870880221283865e-05,0.002285476722687271,0.002285476722687271,0.002285476722687271,-0.00026719888323426715,-0.00026719888323426715,-0.00026719888323426715,0.0002246028058247874,0.0002246028058247874,0.0002246028058247874,3.066186382013382e-05,3.066186382013382e-05,3.066186382013382e-05,-2.371269592049317e-06,-2.371269592049317e-06,-2.371269592049317e-06,1.6591812852439567e-05,1.6591812852439567e-05,1.6591812852439567e-05,-1.2299866125956187e-05,-1.2299866125956187e-05,-1.2299866125956187e-05,5.498509279439806e-05,5.498509279439806e-05,5.498509279439806e-05,0.002805436129733953,0.002805436129733953,0.002805436129733953,0.0,0.0,0.0,0.8013791382474084
2025-08-28 20:00:00,0.7994602385235566,0.8008735032079582,0.8024476489275661,0.7994602385235566,0.7994602385235566,-0.0003652961656261313,-0.0003652961656261313,-0.0003652961656261313,-0.00012308895569287226,-0.00012308895569287226,-0.00012308895569287226,-4.6744920310884776e-05,-4.6744920310884776e-05,-4.6744920310884776e-05,-5.679498396321345e-05,-5.679498396321345e-05,-5.679498396321345e-05,-0.0002339989451654007,-0.0002339989451654007,-0.0002339989451654007,0.00010167736328260952,0.00010167736328260952,0.00010167736328260952,0.00020224330423352488,0.00020224330423352488,0.00020224330423352488,0.00015783616427179586,0.00015783616427179586,0.00015783616427179586,0.00277500742146769,0.00277500742146769,0.00277500742146769,-4.438519655054272e-06,-4.438519655054272e-06,-4.438519655054272e-06,0.00010820294456749839,0.00010820294456749839,0.00010820294456749839,0.00011094463721463489,0.00011094463721463489,0.00011094463721463489,1.6009798891855553e-06,1.6009798891855553e-06,1.6009798891855553e-06,1.6139015087077267e-05,1.6139015087077267e-05,1.6139015087077267e-05,-1.1166747661888677e-05,-1.1166747661888677e-05,-1.1166747661888677e-05,4.939498890734951e-05,4.939498890734951e-05,4.939498890734951e-05,0.0028217523417785745,0.0028217523417785745,0.0028217523417785745,0.0,0.0,0.0,0.8016787466186278
2025-08-28 21:00:00,0.7993686957843638,0.8006324753464769,0.8020635621424635,0.7993686957843638,0.7993686957843638,-0.0003652961656261313,-0.0003652961656261313,-0.0003652961656261313,-0.00012308895569287226,-0.00012308895569287226,-0.00012308895569287226,-0.00029330939636011813,-0.00029330939636011813,-0.00029330939636011813,-8.028620405274433e-05,-8.028620405274433e-05,-8.028620405274433e-05,-0.00019259260402161457,-0.00019259260402161457,-0.00019259260402161457,0.00010167736328260952,0.00010167736328260952,0.00010167736328260952,0.0002987203160963219,0.0002987203160963219,0.0002987203160963219,-5.3441230828768384e-05,-5.3441230828768384e-05,-5.3441230828768384e-05,0.0025188622862516875,0.0025188622862516875,0.0025188622862516875,0.00025832184392415863,0.00025832184392415863,0.00025832184392415863,-0.00022372107219171313,-0.00022372107219171313,-0.00022372107219171313,5.3554791180675515e-05,5.3554791180675515e-05,5.3554791180675515e-05,7.86390743631061e-06,7.86390743631061e-06,7.86390743631061e-06,1.3556495336304871e-05,1.3556495336304871e-05,1.3556495336304871e-05,-2.6792662335907647e-05,-2.6792662335907647e-05,-2.6792662335907647e-05,3.821478113325244e-05,3.821478113325244e-05,3.821478113325244e-05,0.002812171682611806,0.002812171682611806,0.002812171682611806,0.0,0.0,0.0,0.8013821954449852
2025-08-28 22:00:00,0.7994176755833041,0.8005623421181538,0.8020939101930298,0.7994176755833041,0.7994176755833041,-0.0003652961656261313,-0.0003652961656261313,-0.0003652961656261313,-0.00012308895569287226,-0.00012308895569287226,-0.00012308895569287226,-0.0003137845234735191,-0.0003137845234735191,-0.0003137845234735191,-9.831165120799493e-05,-9.831165120799493e-05,-9.831165120799493e-05,-0.00013863080964651373,-0.00013863080964651373,-0.00013863080964651373,0.00010167736328260952,0.00010167736328260952,0.00010167736328260952,8.244114579274194e-05,8.244114579274194e-05,8.244114579274194e-05,0.0001012351870921013,0.0001012351870921013,0.0001012351870921013,0.002461856393620376,0.002461856393620376,0.002461856393620376,-4.438519655054272e-06,-4.438519655054272e-06,-4.438519655054272e-06,0.0001580683248498432,0.0001580683248498432,0.0001580683248498432,-0.00011009719268791898,-0.00011009719268791898,-0.00011009719268791898,-1.2280093635686057e-06,-1.2280093635686057e-06,-1.2280093635686057e-06,1.2359274673384694e-05,1.2359274673384694e-05,1.2359274673384694e-05,4.169585941317468e-05,4.169585941317468e-05,4.169585941317468e-05,2.9829625302679626e-05,2.9829625302679626e-05,2.9829625302679626e-05,0.0027756409170938954,0.0027756409170938954,0.0027756409170938954,0.0,0.0,0.0,0.8013857270991119
2025-08-28 23:00:00,0.7994666553822446,0.8007082626053033,0.8023792683169373,0.7994666553822446,0.7994666553822446,-0.0003652961656261313,-0.0003652961656261313,-0.0003652961656261313,-0.00012308895569287226,-0.00012308895569287226,-0.00012308895569287226,-0.00012102210229323512,-0.00012102210229323512,-0.00012102210229323512,-0.00010964292099379478,-0.00010964292099379478,-0.00010964292099379478,-7.579096915067973e-05,-7.579096915067973e-05,-7.579096915067973e-05,0.00010167736328260952,0.00010167736328260952,0.00010167736328260952,2.6583169355971747e-05,2.6583169355971747e-05,2.6583169355971747e-05,0.00035378015559519053,0.00035378015559519053,0.00035378015559519053,0.0025904091546379675,0.0025904091546379675,0.0025904091546379675,-0.00026719888323426715,-0.00026719888323426715,-0.00026719888323426715,0.00019120915269815451,0.00019120915269815451,0.00019120915269815451,7.814044331047475e-05,7.814044331047475e-05,7.814044331047475e-05,-4.53198947879389e-06,-4.53198947879389e-06,-4.53198947879389e-06,1.1857222136835072e-05,1.1857222136835072e-05,1.1857222136835072e-05,3.424570214491247e-05,3.424570214491247e-05,3.424570214491247e-05,2.703457335915537e-05,2.703457335915537e-05,2.703457335915537e-05,0.0027114312569312023,0.0027114312569312023,0.0027114312569312023,0.0,0.0,0.0,0.8015376011251746
2025-08-29 00:00:00,0.799515635181185,0.8013311555620828,0.8029727606300393,0.799515635181185,0.799515635181185,-0.00036529616562613133,-0.00036529616562613133,-0.00036529616562613133,0.0006474875761980633,0.0006474875761980633,0.0006474875761980633,0.0006885173667209447,0.0006885173667209447,0.0006885173667209447,-0.0001135078061000503,-0.0001135078061000503,-0.0001135078061000503,-8.35551381615682e-06,-8.35551381615682e-06,-8.35551381615682e-06,2.6436114453478476e-05,2.6436114453478476e-05,2.6436114453478476e-05,8.235597856475458e-05,8.235597856475458e-05,8.235597856475458e-05,0.000276471478684241,0.000276471478684241,0.000276471478684241,0.003307670620782809,0.003307670620782809,0.003307670620782809,-4.438519655054272e-06,-4.438519655054272e-06,-4.438519655054272e-06,-2.7902739597890186e-05,-2.7902739597890186e-05,-2.7902739597890186e-05,9.44802137114763e-05,9.44802137114763e-05,9.44802137114763e-05,-2.170151414477218e-06,-2.170151414477218e-06,-2.170151414477218e-06,1.1885206794325954e-05,1.1885206794325954e-05,1.1885206794325954e-05,4.403712116520978e-05,4.403712116520978e-05,4.403712116520978e-05,2.703457335915537e-05,2.703457335915537e-05,2.703457335915537e-05,0.0026191532540618644,0.0026191532540618644,0.0026191532540618644,0.0,0.0,0.0,0.8021601695585303
2025-08-29 01:00:00,0.7995646149801253,0.8011860393035718,0.8031156971812493,0.7995646149801253,0.7995646149801253,-0.00036529616562613133,-0.00036529616562613133,-0.00036529616562613133,0.0006474875761980633,0.0006474875761980633,0.0006474875761980633,0.0007706832224894722,0.0007706832224894722,0.0007706832224894722,-0.0001096429209937948,-0.0001096429209937948,-0.0001096429209937948,5.907994151836588e-05,5.907994151836588e-05,5.907994151836588e-05,2.6436114453478476e-05,2.6436114453478476e-05,2.6436114453478476e-05,6.888718797265184e-05,6.888718797265184e-05,6.888718797265184e-05,0.00028675474852028375,0.00028675474852028375,0.00028675474852028375,0.003269450653932022,0.003269450653932022,0.003269450653932022,-4.438519655054272e-06,-4.438519655054272e-06,-4.438519655054272e-06,9.489111504428718e-05,9.489111504428718e-05,9.489111504428718e-05,-1.3550823673390455e-05,-1.3550823673390455e-05,-1.3550823673390455e-05,4.564828926349428e-06,4.564828926349428e-06,4.564828926349428e-06,1.1788624331111572e-05,1.1788624331111572e-05,1.1788624331111572e-05,4.507209794466917e-05,4.507209794466917e-05,4.507209794466917e-05,1.8649417528582553e-05,1.8649417528582553e-05,1.8649417528582553e-05,0.0024987674314425495,0.0024987674314425495,0.0024987674314425495,0.0,0.0,0.0,0.8021787520334329
2025-08-29 02:00:00,0.7996135947790658,0.801581064475724,0.8033690154471758,0.7996135947790658,0.7996135947790658,-0.00036529616562613133,-0.00036529616562613133,-0.00036529616562613133,0.0006474875761980633,0.0006474875761980633,0.0006474875761980633,0.0012993673333214066,0.0012993673333214066,0.0012993673333214066,-9.831165120799497e-05,-9.831165120799497e-05,-9.831165120799497e-05,0.00012191978201419997,0.00012191978201419997,0.00012191978201419997,2.6436114453478476e-05,2.6436114453478476e-05,2.6436114453478476e-05,0.0003035898287016113,0.0003035898287016113,0.0003035898287016113,0.0004978740843343454,0.0004978740843343454,0.0004978740843343454,0.003649957819703928,0.003649957819703928,0.003649957819703928,-0.00026719888323426715,-0.00026719888323426715,-0.00026719888323426715,0.00032703570675922947,0.00032703570675922947,0.00032703570675922947,4.6991520069219905e-05,4.6991520069219905e-05,4.6991520069219905e-05,-3.1819563425100934e-06,-3.1819563425100934e-06,-3.1819563425100934e-06,7.254531913922671e-06,7.254531913922671e-06,7.254531913922671e-06,7.804320691252128e-05,7.804320691252128e-05,7.804320691252128e-05,-2.327636162428149e-05,-2.327636162428149e-05,-2.327636162428149e-05,0.002350590486382521,0.002350590486382521,0.002350590486382521,0.0,0.0,0.0,0.8025321506720713
2025-08-29 03:00:00,0.799662574578006,0.8016891373900012,0.8033567752243885,0.799662574578006,0.799662574578006,-0.00036529616562613133,-0.00036529616562613133,-0.00036529616562613133,0.0006474875761980633,0.0006474875761980633,0.0006474875761980633,0.0015399723853942416,0.0015399723853942416,0.0015399723853942416,-8.028620405274437e-05,-8.028620405274437e-05,-8.028620405274437e-05,0.0001758815763893009,0.0001758815763893009,0.0001758815763893009,2.6436114453478476e-05,2.6436114453478476e-05,2.6436114453478476e-05,0.0005153299627724443,0.0005153299627724443,0.0005153299627724443,0.00044638040032628885,0.00044638040032628885,0.00044638040032628885,0.0037152693436926284,0.0037152693436926284,0.0037152693436926284,-4.438519655054272e-06,-4.438519655054272e-06,-4.438519655054272e-06,-2.121711443623677e-05,-2.121711443623677e-05,-2.121711443623677e-05,0.00016144820611877156,0.00016144820611877156,0.00016144820611877156,-3.854407906022642e-06,-3.854407906022642e-06,-3.854407906022642e-06,7.142530060714034e-06,7.142530060714034e-06,7.142530060714034e-06,6.102984431917554e-05,6.102984431917554e-05,6.102984431917554e-05,-2.6071413567805763e-05,-2.6071413567805763e-05,-2.6071413567805763e-05,0.0021752969582983866,0.0021752969582983866,0.0021752969582983866,0.0,0.0,0.0,0.802633536426634
2025-08-29 04:00:00,0.7997115543769465,0.801535269026332,0.8030372424361619,0.7997115543769465,0.7997115543769465,-0.00036529616562613133,-0.00036529616562613133,-0.00036529616562613133,0.0006474875761980633,0.0006474875761980633,0.0006474875761980633,0.0013059170908394742,0.0013059170908394742,0.0013059170908394742,-5.679498396321345e-05,-5.679498396321345e-05,-5.679498396321345e-05,0.0002172879175330871,0.0002172879175330871,0.0002172879175330871,2.6436114453478476e-05,2.6436114453478476e-05,2.6436114453478476e-05,0.00041531151397387406,0.00041531151397387406,0.00041531151397387406,0.000503180692005424,0.000503180692005424,0.000503180692005424,0.0032798334002835305,0.0032798334002835305,0.0032798334002835305,-4.438519655054272e-06,-4.438519655054272e-06,-4.438519655054272e-06,-0.00011068670258267618,-0.00011068670258267618,-0.00011068670258267618,-1.0254539687106686e-05,-1.0254539687106686e-05,-1.0254539687106686e-05,5.91532166237082e-07,5.91532166237082e-07,5.91532166237082e-07,8.411139657800128e-06,8.411139657800128e-06,8.411139657800128e-06,4.398261827235213e-05,4.398261827235213e-05,4.398261827235213e-05,-9.30110190666013e-06,-9.30110190666013e-06,-9.30110190666013e-06,0.001973916309444056,0.001973916309444056,0.001973916309444056,0.0,0.0,0.0,0.8023344750435847
2025-08-29 05:00:00,0.7997605341758869,0.8014057780798679,0.8029191751054953,0.7997605341758869,0.7997605341758869,-0.00036529616562613133,-0.00036529616562613133,-0.00036529616562613133,0.0006474875761980633,0.0006474875761980633,0.0006474875761980633,0.00128540706354111,0.00128540706354111,0.00128540706354111,-2.9438878767427e-05,-2.9438878767427e-05,-2.9438878767427e-05,0.0002433170317238236,0.0002433170317238236,0.0002433170317238236,2.6436114453478476e-05,2.6436114453478476e-05,2.6436114453478476e-05,0.00028427550422750134,0.00028427550422750134,0.00028427550422750134,0.0004980467462907871,0.0004980467462907871,0.0004980467462907871,0.0030332324895455125,0.0030332324895455125,0.0030332324895455125,-4.438519655054272e-06,-4.438519655054272e-06,-4.438519655054272e-06,-1.3369422508206553e-06,-1.3369422508206553e-06,-1.3369422508206553e-06,-5.436667034589113e-05,-5.436667034589113e-05,-5.436667034589113e-05,-1.900044686393417e-06,-1.900044686393417e-06,-1.900044686393417e-06,8.3921223195913e-06,8.3921223195913e-06,8.3921223195913e-06,4.6325343509767067e-05,4.6325343509767067e-05,4.6325343509767067e-05,-1.2096153850184402e-05,-1.2096153850184402e-05,-1.2096153850184402e-05,0.0017478254260044027,0.0017478254260044027,0.0017478254260044027,0.0,0.0,0.0,0.8021863938120054
2025-08-29 06:00:00,0.7998095139748272,0.8009090149716014,0.8025819259835966,0.7998095139748272,0.7998095139748272,-0.00036529616562613133,-0.00036529616562613133,-0.00036529616562613133,0.0006474875761980633,0.0006474875761980633,0.0006474875761980633,0.0011079631055956453,0.0011079631055956453,0.0011079631055956453,-8.216182637657388e-08,-8.216182637657388e-08,-8.216182637657388e-08,0.0002521950778445568,0.0002521950778445568,0.0002521950778445568,2.6436114453478476e-05,2.6436114453478476e-05,2.6436114453478476e-05,0.00015151900442064443,0.00015151900442064443,0.00015151900442064443,0.000498199272330786,0.000498199272330786,0.000498199272330786,0.0026066997102510542,0.0026066997102510542,0.0026066997102510542,-4.438519655054272e-06,-4.438519655054272e-06,-4.438519655054272e-06,-0.00012070337042040164,-0.00012070337042040164,-0.00012070337042040164,-4.528096117782033e-07,-4.528096117782033e-07,-4.528096117782033e-07,-6.610427733377243e-06,-6.610427733377243e-06,-6.610427733377243e-06,8.395065797918438e-06,8.395065797918438e-06,8.395065797918438e-06,3.3410603273501575e-05,3.3410603273501575e-05,3.3410603273501575e-05,-1.2096153850184402e-05,-1.2096153850184402e-05,-1.2096153850184402e-05,0.0014987366046554092,0.0014987366046554092,0.0014987366046554092,0.0,0.0,0.0,0.8018943772031614
2025-08-29 07:00:00,0.8000496542439025,0.8014518993359863,0.8033529728538109,0.8000496542439025,0.8000496542439025,-0.00036529616562613133,-0.00036529616562613133,-0.00036529616562613133,0.0006474875761980633,0.0006474875761980633,0.0006474875761980633,0.0016655353786166666,0.0016655353786166666,0.0016655353786166666,2.9274555114673858e-05,2.9274555114673858e-05,2.9274555114673858e-05,0.0002433170317238236,0.0002433170317238236,0.0002433170317238236,2.6436114453478476e-05,2.6436114453478476e-05,2.6436114453478476e-05,0.0002420241750383308,0.0002420241750383308,0.0002420241750383308,0.0007484773134240622,0.0007484773134240622,0.0007484773134240622,0.0028942165267266586,0.0028942165267266586,0.0028942165267266586,-4.438519655054272e-06,-4.438519655054272e-06,-4.438519655054272e-06,-6.766690442149814e-05,-6.766690442149814e-05,-6.766690442149814e-05,-5.930529328556735e-05,-5.930529328556735e-05,-5.930529328556735e-05,4.558759565132276e-07,4.558759565132276e-07,4.558759565132276e-07,1.7324016376275934e-05,1.7324016376275934e-05,1.7324016376275934e-05,0.00014407535469472543,0.00014407535469472543,0.00014407535469472543,6.337024862497086e-05,6.337024862497086e-05,6.337024862497086e-05,0.0012286811481099925,0.0012286811481099925,0.0012286811481099925,0.0,0.0,0.0,0.8023651711754172
2025-08-29 08:00:00,0.8002897945129779,0.8003878706337264,0.8020887793448176,0.8002897945129779,0.8002897945129779,-0.00036529616562613133,-0.00036529616562613133,-0.00036529616562613133,0.0006474875761980633,0.0006474875761980633,0.0006474875761980633,0.00017172930428459857,0.00017172930428459857,0.00017172930428459857,5.663066031046027e-05,5.663066031046027e-05,5.663066031046027e-05,0.0002172879175330871,0.0002172879175330871,0.0002172879175330871,-9.896596692840658e-05,-9.896596692840658e-05,-9.896596692840658e-05,-0.00012365413116866312,-0.00012365413116866312,-0.00012365413116866312,-3.0480206958156002e-05,-3.0480206958156002e-05,-3.0480206958156002e-05,0.001111718052727689,0.001111718052727689,0.001111718052727689,0.00025832184392415863,0.00025832184392415863,0.00025832184392415863,-0.00047245502931090347,-0.00047245502931090347,-0.00047245502931090347,-3.315616746200206e-05,-3.315616746200206e-05,-3.315616746200206e-05,2.2712791417104423e-06,2.2712791417104423e-06,2.2712791417104423e-06,1.812197424873271e-05,1.812197424873271e-05,1.812197424873271e-05,3.2245471757677804e-05,3.2245471757677804e-05,3.2245471757677804e-05,6.337024862497086e-05,6.337024862497086e-05,6.337024862497086e-05,0.0009399887484430904,0.0009399887484430904,0.0009399887484430904,0.0,0.0,0.0,0.8011794911249516
2025-08-29 09:00:00,0.8005299347820531,0.8002256021230304,0.8020162597684279,0.8005299347820531,0.8005299347820531,-0.00036529616562613133,-0.00036529616562613133,-0.00036529616562613133,0.0006474875761980633,0.0006474875761980633,0.0006474875761980633,4.031023359498656e-05,4.031023359498656e-05,4.031023359498656e-05,8.01218803999912e-05,8.01218803999912e-05,8.01218803999912e-05,0.00017588157638930092,0.00017588157638930092,0.00017588157638930092,-9.896596692840658e-05,-9.896596692840658e-05,-9.896596692840658e-05,-0.00018522216928550507,-0.00018522216928550507,-0.00018522216928550507,-0.00018765642827505157,-0.00018765642827505157,-0.00018765642827505157,0.0006755731253124336,0.0006755731253124336,0.0006755731253124336,-4.438519655054272e-06,-4.438519655054272e-06,-4.438519655054272e-06,8.50500362190008e-05,8.50500362190008e-05,8.50500362190008e-05,-0.00023273310778523093,-0.00023273310778523093,-0.00023273310778523093,5.24927661424138e-08,5.24927661424138e-08,5.24927661424138e-08,2.2541758761912875e-05,2.2541758761912875e-05,2.2541758761912875e-05,6.576398468692749e-06,6.576398468692749e-06,6.576398468692749e-06,9.69108719472621e-05,9.69108719472621e-05,9.69108719472621e-05,0.0006352628917174468,0.0006352628917174468,0.0006352628917174468,0.0,0.0,0.0,0.8010707512920001
2025-08-29 10:00:00,0.8007700750511285,0.8006882087820899,0.8023990994572683,0.8007700750511285,0.8007700750511285,-0.00036529616562613133,-0.00036529616562613133,-0.00036529616562613133,0.0006474875761980633,0.0006474875761980633,0.0006474875761980633,0.0005511475184358797,0.0005511475184358797,0.0005511475184358797,9.814732755524184e-05,9.814732755524184e-05,9.814732755524184e-05,0.00012191978201419997,0.00012191978201419997,0.00012191978201419997,-9.896596692840658e-05,-9.896596692840658e-05,-9.896596692840658e-05,-2.724194748542718e-05,-2.724194748542718e-05,-2.724194748542718e-05,9.845473573509117e-05,9.845473573509117e-05,9.845473573509117e-05,0.0008685000877209464,0.0008685000877209464,0.0008685000877209464,-0.00026719888323426715,-0.00026719888323426715,-0.00026719888323426715,0.0002444957528739575,0.0002444957528739575,0.0002444957528739575,4.21394696243928e-05,4.21394696243928e-05,4.21394696243928e-05,2.4745246363460733e-06,2.4745246363460733e-06,2.4745246363460733e-06,1.9857359843363802e-05,1.9857359843363802e-05,1.9857359843363802e-05,-3.967650316961242e-05,-3.967650316961242e-05,-3.967650316961242e-05,7.455045639906794e-05,7.455045639906794e-05,7.455045639906794e-05,0.0003173525692850665,0.0003173525692850665,0.0003173525692850665,0.0,0.0,0.0,0.8014655439315547
2025-08-29 11:00:00,0.8010102153202038,0.8008172023902618,0.8025521641286677,0.8010102153202038,0.8010102153202038,-0.00036529616562613133,-0.00036529616562613133,-0.00036529616562613133,0.0006474875761980633,0.0006474875761980633,0.0006474875761980633,0.0009660657142846733,0.0009660657142846733,0.0009660657142846733,0.00010947859734104165,0.00010947859734104165,0.00010947859734104165,5.9079941518365944e-05,5.9079941518365944e-05,5.9079941518365944e-05,-9.896596692840658e-05,-9.896596692840658e-05,-9.896596692840658e-05,0.00013642695225031849,0.00013642695225031849,0.00013642695225031849,0.0002994995015506307,0.0002994995015506307,0.0002994995015506307,0.0009553863416392491,0.0009553863416392491,0.0009553863416392491,-0.00026719888323426715,-0.00026719888323426715,-0.00026719888323426715,0.0003770983498775346,0.0003770983498775346,0.0003770983498775346,0.00012075266581520238,0.00012075266581520238,0.00012075266581520238,1.3983760667514241e-06,1.3983760667514241e-06,1.3983760667514241e-06,1.3281911270436513e-05,1.3281911270436513e-05,1.3281911270436513e-05,-9.121666323049757e-05,-9.121666323049757e-05,-9.121666323049757e-05,2.42395214156311e-05,2.42395214156311e-05,2.42395214156311e-05,-1.0679372645424267e-05,-1.0679372645424267e-05,-1.0679372645424267e-05,0.0,0.0,0.0,0.8017754895394341
2025-08-29 12:00:00,0.801250355589279,0.8010201415640672,0.8024267965765947,0.801250355589279,0.801250355589279,-0.00036529616562613133,-0.00036529616562613133,-0.00036529616562613133,0.0006474875761980633,0.0006474875761980633,0.0006474875761980633,0.0009983365919643298,0.0009983365919643298,0.0009983365919643298,0.00011334348244729716,0.00011334348244729716,0.00011334348244729716,-8.355513816156788e-06,-8.355513816156788e-06,-8.355513816156788e-06,-9.896596692840658e-05,-9.896596692840658e-05,-9.896596692840658e-05,1.1350876931737935e-05,1.1350876931737935e-05,1.1350876931737935e-05,0.00044623606050355304,0.00044623606050355304,0.00044623606050355304,0.0006527457241585579,0.0006527457241585579,0.0006527457241585579,-4.438519655054272e-06,-4.438519655054272e-06,-4.438519655054272e-06,0.00011137241693176952,0.00011137241693176952,0.00011137241693176952,0.00018613111681625035,0.00018613111681625035,0.00018613111681625035,9.611822294440122e-06,9.611822294440122e-06,9.611822294440122e-06,1.3399848161272332e-05,1.3399848161272332e-05,1.3399848161272332e-05,-8.777996370993588e-05,-8.777996370993588e-05,-8.777996370993588e-05,2.42395214156311e-05,2.42395214156311e-05,2.42395214156311e-05,-0.0003455908678057719,-0.0003455908678057719,-0.0003455908678057719,0.0,0.0,0.0,0.8017733683328704
2025-08-29 13:00:00,0.8014904958583544,0.8009232479026194,0.8024814414287197,0.8014904958583544,0.8014904958583544,-0.00036529616562613133,-0.00036529616562613133,-0.00036529616562613133,0.0006474875761980633,0.0006474875761980633,0.0006474875761980633,0.000903407582090676,0.000903407582090676,0.000903407582090676,0.00010947859734104166,0.00010947859734104166,0.00010947859734104166,-7.579096915067954e-05,-7.579096915067954e-05,-7.579096915067954e-05,-9.896596692840658e-05,-9.896596692840658e-05,-9.896596692840658e-05,-4.438410629276236e-05,-4.438410629276236e-05,-4.438410629276236e-05,0.000655050948833122,0.000655050948833122,0.000655050948833122,0.00021940974862988887,0.00021940974862988887,0.00021940974862988887,-4.438519655054272e-06,-4.438519655054272e-06,-4.438519655054272e-06,-0.00011731854558570303,-0.00011731854558570303,-0.00011731854558570303,5.511746942641972e-05,5.511746942641972e-05,5.511746942641972e-05,-1.7003620208606294e-06,-1.7003620208606294e-06,-1.7003620208606294e-06,2.177593369760439e-05,2.177593369760439e-05,2.177593369760439e-05,3.107092379380912e-05,3.107092379380912e-05,3.107092379380912e-05,9.132076806021356e-05,9.132076806021356e-05,9.132076806021356e-05,-0.0006839978334607871,-0.0006839978334607871,-0.0006839978334607871,0.0,0.0,0.0,0.80166635068658
2025-08-29 14:00:00,0.8017306361274297,0.7998387160164017,0.8014955882693657,0.8017306361274297,0.8017306361274297,-0.00036529616562613133,-0.00036529616562613133,-0.00036529616562613133,0.0006474875761980633,0.0006474875761980633,0.0006474875761980633,-0.00034362616406335045,-0.00034362616406335045,-0.00034362616406335045,9.814732755524185e-05,9.814732755524185e-05,9.814732755524185e-05,-0.00013863080964651356,-0.00013863080964651356,-0.00013863080964651356,-9.896596692840658e-05,-9.896596692840658e-05,-9.896596692840658e-05,-0.00026747753524528875,-0.00026747753524528875,-0.00026747753524528875,0.00022256157072911292,0.00022256157072911292,0.00022256157072911292,-0.001366039657414319,-0.001366039657414319,-0.001366039657414319,0.00025832184392415863,0.00025832184392415863,0.00025832184392415863,-0.0004953570938165076,-0.0004953570938165076,-0.0004953570938165076,-5.763643754968381e-05,-5.763643754968381e-05,-5.763643754968381e-05,-4.935631880465772e-06,-4.935631880465772e-06,-4.935631880465772e-06,7.460628571670706e-06,7.460628571670706e-06,7.460628571670706e-06,-0.00010366869317612479,-0.00010366869317612479,-0.00010366869317612479,-4.563677717247563e-05,-4.563677717247563e-05,-4.563677717247563e-05,-0.0010224134933509688,-0.0010224134933509688,-0.0010224134933509688,0.0,0.0,0.0,0.8006354402839155
2025-08-29 15:00:00,0.801970776396505,0.7987095749435705,0.8002598722701573,0.801970776396505,0.801970776396505,-0.00036529616562613133,-0.00036529616562613133,-0.00036529616562613133,0.0006474875761980633,0.0006474875761980633,0.0006474875761980633,-0.0018341319896136095,-0.0018341319896136095,-0.0018341319896136095,8.012188039999126e-05,8.012188039999126e-05,8.012188039999126e-05,-0.0001925926040216144,-0.0001925926040216144,-0.0001925926040216144,-9.896596692840658e-05,-9.896596692840658e-05,-9.896596692840658e-05,-0.0006258169844561921,-0.0006258169844561921,-0.0006258169844561921,-0.0004324737358554287,-0.0004324737358554287,-0.0004324737358554287,-0.003191421330910623,-0.003191421330910623,-0.003191421330910623,0.00025832184392415863,0.00025832184392415863,0.00025832184392415863,-0.0006192062213670888,-0.0006192062213670888,-0.0006192062213670888,-0.00024402475316727488,-0.00024402475316727488,-0.00024402475316727488,-7.626235268196876e-06,-7.626235268196876e-06,-7.626235268196876e-06,-7.109430393369044e-06,-7.109430393369044e-06,-7.109430393369044e-06,-0.00016454410421849842,-0.00016454410421849842,-0.00016454410421849842,-6.240708883362126e-05,-6.240708883362126e-05,-6.240708883362126e-05,-0.001357289341297014,-0.001357289341297014,-0.001357289341297014,0.0,0.0,0.0,0.7994113497539462
2025-08-29 16:00:00,0.8022109166655804,0.7990034802807517,0.8006543349882315,0.8022109166655804,0.8022109166655804,-0.00036529616562613133,-0.00036529616562613133,-0.00036529616562613133,0.0006474875761980633,0.0006474875761980633,0.0006474875761980633,-0.0013039756900279325,-0.0013039756900279325,-0.0013039756900279325,5.6630660310460354e-05,5.6630660310460354e-05,5.6630660310460354e-05,-0.00023399894516540066,-0.00023399894516540066,-0.00023399894516540066,-9.896596692840658e-05,-9.896596692840658e-05,-9.896596692840658e-05,-0.0004233770962448191,-0.0004233770962448191,-0.0004233770962448191,-0.000339201629843699,-0.000339201629843699,-0.000339201629843699,-0.0029890329344579433,-0.0029890329344579433,-0.0029890329344579433,-0.00026719888323426715,-0.00026719888323426715,-0.00026719888323426715,0.0002283550100313732,0.0002283550100313732,0.0002283550100313732,-0.0003050873891944546,-0.0003050873891944546,-0.0003050873891944546,-2.234462319944612e-06,-2.234462319944612e-06,-2.234462319944612e-06,-9.08539035754188e-06,-9.08539035754188e-06,-9.08539035754188e-06,-0.00012680086687601896,-0.00012680086687601896,-0.00012680086687601896,-6.520214077714553e-05,-6.520214077714553e-05,-6.520214077714553e-05,-0.00168505724443001,-0.00168505724443001,-0.00168505724443001,0.0,0.0,0.0,0.7998130818152853
2025-08-29 17:00:00,0.8021669964073278,0.7994210488981974,0.8010950429594365,0.8021669964073278,0.8021669964073278,-0.00036529616562613133,-0.00036529616562613133,-0.00036529616562613133,0.0006474875761980633,0.0006474875761980633,0.0006474875761980633,-0.0004931393388469132,-0.0004931393388469132,-0.0004931393388469132,2.9274555114673858e-05,2.9274555114673858e-05,2.9274555114673858e-05,-0.0002600280593561373,-0.0002600280593561373,-0.0002600280593561373,0.00010167736328260952,0.00010167736328260952,0.00010167736328260952,-0.00045824356287798467,-0.00045824356287798467,-0.00045824356287798467,-0.00026472851343503797,-0.00026472851343503797,-0.00026472851343503797,-0.002495311507575883,-0.002495311507575883,-0.002495311507575883,0.00025832184392415863,0.00025832184392415863,0.00025832184392415863,-0.0001277856511891368,-0.0001277856511891368,-0.0001277856511891368,0.00011279462586048001,0.00011279462586048001,0.00011279462586048001,2.4058440722175237e-06,2.4058440722175237e-06,2.4058440722175237e-06,-7.829363072493236e-06,-7.829363072493236e-06,-7.829363072493236e-06,-9.878274290857352e-05,-9.878274290857352e-05,-9.878274290857352e-05,-6.240708883362126e-05,-6.240708883362126e-05,-6.240708883362126e-05,-0.00200217216872897,-0.00200217216872897,-0.00200217216872897,0.0,0.0,0.0,0.800165339870195
2025-08-29 18:00:00,0.8021230761490752,0.7991049393223549,0.8009980590474611,0.8021230761490752,0.8021230761490752,-0.00036529616562613133,-0.00036529616562613133,-0.00036529616562613133,0.0006474875761980633,0.0006474875761980633,0.0006474875761980633,-0.0003099805443590958,-0.0003099805443590958,-0.0003099805443590958,-8.21618263765461e-08,-8.21618263765461e-08,-8.21618263765461e-08,-0.0002689061054768704,-0.0002689061054768704,-0.0002689061054768704,0.00010167736328260952,0.00010167736328260952,0.00010167736328260952,-8.273584555480567e-05,-8.273584555480567e-05,-8.273584555480567e-05,-0.00025157172102506574,-0.00025157172102506574,-0.00025157172102506574,-0.0026151355443554754,-0.0026151355443554754,-0.0026151355443554754,-4.438519655054272e-06,-4.438519655054272e-06,-4.438519655054272e-06,0.00017501675509906255,0.00017501675509906255,0.00017501675509906255,-6.279714455151146e-05,-6.279714455151146e-05,-6.279714455151146e-05,1.007652188356772e-05,1.007652188356772e-05,1.007652188356772e-05,-8.094109042801673e-06,-8.094109042801673e-06,-8.094109042801673e-06,-0.00013790989923016046,-0.00013790989923016046,-0.00013790989923016046,-6.240708883362126e-05,-6.240708883362126e-05,-6.240708883362126e-05,-0.00230515499999638,-0.00230515499999638,-0.00230515499999638,0.0,0.0,0.0,0.80002541558169
2025-08-29 19:00:00,0.8020791558908226,0.7986447153659274,0.8004858253481238,0.8020791558908226,0.8020791558908226,-0.00036529616562613133,-0.00036529616562613133,-0.00036529616562613133,0.0006474875761980633,0.0006474875761980633,0.0006474875761980633,-0.00030107616905204884,-0.00030107616905204884,-0.00030107616905204884,-2.943887876742695e-05,-2.943887876742695e-05,-2.943887876742695e-05,-0.0002600280593561373,-0.0002600280593561373,-0.0002600280593561373,0.00010167736328260952,0.00010167736328260952,0.00010167736328260952,-8.07663108029854e-05,-8.07663108029854e-05,-8.07663108029854e-05,-0.00033134507951522864,-0.00033134507951522864,-0.00033134507951522864,-0.0028917110975853447,-0.0028917110975853447,-0.0028917110975853447,-4.438519655054272e-06,-4.438519655054272e-06,-4.438519655054272e-06,8.844602016657174e-05,8.844602016657174e-05,8.844602016657174e-05,8.649670586967164e-05,8.649670586967164e-05,8.649670586967164e-05,1.2589510993020429e-05,1.2589510993020429e-05,1.2589510993020429e-05,-6.695990220644696e-06,-6.695990220644696e-06,-6.695990220644696e-06,-0.00010574240861532854,-0.00010574240861532854,-0.00010574240861532854,-5.402193300304845e-05,-5.402193300304845e-05,-5.402193300304845e-05,-0.0025906349285332955,-0.0025906349285332955,-0.0025906349285332955,0.0,0.0,0.0,0.7997597746945911
2025-08-29 20:00:00,0.8020352356325701,0.7985527923363387,0.8004634524006689,0.8020352356325701,0.8020352356325701,-0.00036529616562613133,-0.00036529616562613133,-0.00036529616562613133,0.0006474875761980633,0.0006474875761980633,0.0006474875761980633,-0.00030298553455777687,-0.00030298553455777687,-0.00030298553455777687,-5.679498396321345e-05,-5.679498396321345e-05,-5.679498396321345e-05,-0.0002339989451654007,-0.0002339989451654007,-0.0002339989451654007,0.00010167736328260952,0.00010167736328260952,0.00010167736328260952,-0.00020021715206232723,-0.00020021715206232723,-0.00020021715206232723,-0.0002797730112125211,-0.0002797730112125211,-0.0002797730112125211,-0.003158376405707874,-0.003158376405707874,-0.003158376405707874,-4.438519655054272e-06,-4.438519655054272e-06,-4.438519655054272e-06,3.853181186420599e-05,3.853181186420599e-05,3.853181186420599e-05,4.381382725488945e-05,4.381382725488945e-05,4.381382725488945e-05,-4.6081244382730494e-06,-4.6081244382730494e-06,-4.6081244382730494e-06,-6.84473794627204e-06,-6.84473794627204e-06,-6.84473794627204e-06,7.149745991469655e-05,7.149745991469655e-05,7.149745991469655e-05,-5.402193300304845e-05,-5.402193300304845e-05,-5.402193300304845e-05,-0.0028553908711500967,-0.0028553908711500967,-0.0028553908711500967,0.0,0.0,0.0,0.7995021064678018
2025-08-29 21:00:00,0.8019913153743174,0.7982262732292617,0.7998653127220305,0.8019913153743174,0.8019913153743174,-0.00036529616562613133,-0.00036529616562613133,-0.00036529616562613133,0.0006474875761980633,0.0006474875761980633,0.0006474875761980633,-0.0005684469010097857,-0.0005684469010097857,-0.0005684469010097857,-8.028620405274433e-05,-8.028620405274433e-05,-8.028620405274433e-05,-0.00019259260402161457,-0.00019259260402161457,-0.00019259260402161457,0.00010167736328260952,0.00010167736328260952,0.00010167736328260952,-0.0004100799193726017,-0.0004100799193726017,-0.0004100799193726017,-0.0003416040933707476,-0.0003416040933707476,-0.0003416040933707476,-0.003664838313552137,-0.003664838313552137,-0.003664838313552137,-4.438519655054272e-06,-4.438519655054272e-06,-4.438519655054272e-06,1.52410186881141e-05,1.52410186881141e-05,1.52410186881141e-05,1.920410093358453e-05,1.920410093358453e-05,1.920410093358453e-05,2.618229277581023e-06,2.618229277581023e-06,2.618229277581023e-06,-6.323971102445708e-06,-6.323971102445708e-06,-6.323971102445708e-06,9.437811692760114e-05,9.437811692760114e-05,9.437811692760114e-05,-4.843182911599991e-05,-4.843182911599991e-05,-4.843182911599991e-05,-0.0030963914125423514,-0.0030963914125423514,-0.0030963914125423514,0.0,0.0,0.0,0.7990521468745976
2025-08-31 23:00:00,0.7997953024616873,0.7996927719313626,0.8013745187539043,0.7997953024616873,0.7997953024616873,0.0003711484621133746,0.0003711484621133746,0.0003711484621133746,0.0009564647758225443,0.0009564647758225443,0.0009564647758225443,0.00022691178726845745,0.00022691178726845745,0.00022691178726845745,-0.00010964292099379478,-0.00010964292099379478,-0.00010964292099379478,-7.579096915067973e-05,-7.579096915067973e-05,-7.579096915067973e-05,0.00010167736328260952,0.00010167736328260952,0.00010167736328260952,-0.0004812458187457741,-0.0004812458187457741,-0.0004812458187457741,-0.0006042764846893949,-0.0006042764846893949,-0.0006042764846893949,0.0009272286385144791,0.0009272286385144791,0.0009272286385144791,-4.438519655054272e-06,-4.438519655054272e-06,-4.438519655054272e-06,-1.1335878345771488e-05,-1.1335878345771488e-05,-1.1335878345771488e-05,7.720796572678315e-06,7.720796572678315e-06,7.720796572678315e-06,-3.5258523511534515e-06,-3.5258523511534515e-06,-3.5258523511534515e-06,-6.724633900211177e-07,-6.724633900211177e-07,-6.724633900211177e-07,0.00012646607397137,0.00012646607397137,0.00012646607397137,-4.563677717247563e-05,-4.563677717247563e-05,-4.563677717247563e-05,0.0007003168512460218,0.0007003168512460218,0.0007003168512460218,0.0,0.0,0.0,0.8005368955710791
2025-09-01 00:00:00,0.7997513822034348,0.799082353468076,0.80106718766231,0.7997513822034348,0.7997513822034348,0.0005530352644323355,0.0005530352644323355,0.0005530352644323355,0.0002621993102525956,0.0002621993102525956,0.0002621993102525956,-1.213358430081715e-05,-1.213358430081715e-05,-1.213358430081715e-05,-0.0001135078061000503,-0.0001135078061000503,-0.0001135078061000503,-8.35551381615682e-06,-8.35551381615682e-06,-8.35551381615682e-06,2.6436114453478476e-05,2.6436114453478476e-05,2.6436114453478476e-05,-0.00029637225755803863,-0.00029637225755803863,-0.00029637225755803863,-0.00043142284754895055,-0.00043142284754895055,-0.00043142284754895055,0.00033242820032185574,0.00033242820032185574,0.00033242820032185574,-0.00026719888323426715,-0.00026719888323426715,-0.00026719888323426715,0.00020145097373533002,0.00020145097373533002,0.00020145097373533002,-5.38269008409443e-06,-5.38269008409443e-06,-5.38269008409443e-06,-1.769269011526644e-06,-1.769269011526644e-06,-1.769269011526644e-06,-3.154151875321324e-06,-3.154151875321324e-06,-3.154151875321324e-06,0.0001175449492263246,0.0001175449492263246,0.0001175449492263246,-4.563677717247563e-05,-4.563677717247563e-05,-4.563677717247563e-05,0.00034456178462267283,0.00034456178462267283,0.00034456178462267283,0.0,0.0,0.0,0.8000172421161256
2025-09-01 01:00:00,0.7997074619451822,0.7992920503254649,0.8011315109441677,0.7997074619451822,0.7997074619451822,0.0005530352644323355,0.0005530352644323355,0.0005530352644323355,0.0002621993102525956,0.0002621993102525956,0.0002621993102525956,0.0006615054682878482,0.0006615054682878482,0.0006615054682878482,-0.0001096429209937948,-0.0001096429209937948,-0.0001096429209937948,5.907994151836588e-05,5.907994151836588e-05,5.907994151836588e-05,2.6436114453478476e-05,2.6436114453478476e-05,2.6436114453478476e-05,5.540820537802098e-06,5.540820537802098e-06,5.540820537802098e-06,-0.00032592173976662427,-0.00032592173976662427,-0.00032592173976662427,0.0006453406180337835,0.0006453406180337835,0.0006453406180337835,-4.438519655054272e-06,-4.438519655054272e-06,-4.438519655054272e-06,2.5218623787667094e-05,2.5218623787667094e-05,2.5218623787667094e-05,9.952984629764969e-05,9.952984629764969e-05,9.952984629764969e-05,-7.564733273618887e-07,-7.564733273618887e-07,-7.564733273618887e-07,-2.947347126627123e-06,-2.947347126627123e-06,-2.947347126627123e-06,0.00011701427310636764,0.00011701427310636764,0.00011701427310636764,-4.284172522895136e-05,-4.284172522895136e-05,-4.284172522895136e-05,-1.6164850254064736e-05,-1.6164850254064736e-05,-1.6164850254064736e-05,0.0,0.0,0.0,0.8002235456529201
2025-09-01 02:00:00,0.7996635416869295,0.7991727110164969,0.8007005828018648,0.7996635416869295,0.7996635416869295,0.0005530352644323355,0.0005530352644323355,0.0005530352644323355,0.0002621993102525956,0.0002621993102525956,0.0002621993102525956,0.001103559218743526,0.001103559218743526,0.001103559218743526,-9.831165120799497e-05,-9.831165120799497e-05,-9.831165120799497e-05,0.00012191978201419997,0.00012191978201419997,0.00012191978201419997,2.6436114453478476e-05,2.6436114453478476e-05,2.6436114453478476e-05,0.00039469478655696866,0.00039469478655696866,0.00039469478655696866,-0.00028467611517448994,-0.00028467611517448994,-0.00028467611517448994,0.0007255933108454673,0.0007255933108454673,0.0007255933108454673,-4.438519655054272e-06,-4.438519655054272e-06,-4.438519655054272e-06,5.1795201945315526e-05,5.1795201945315526e-05,5.1795201945315526e-05,1.264016000031416e-05,1.264016000031416e-05,1.264016000031416e-05,-2.83886150047052e-07,-2.83886150047052e-07,-2.83886150047052e-07,-3.1638789946338476e-06,-3.1638789946338476e-06,-3.1638789946338476e-06,0.00011734942744301375,0.00011734942744301375,0.00011734942744301375,-4.563677717247563e-05,-4.563677717247563e-05,-4.563677717247563e-05,-0.0003779659078980586,-0.0003779659078980586,-0.0003779659078980586,0.0,0.0,0.0,0.8002437722037046
2025-09-01 03:00:00,0.7998987833537473,0.7986710174055102,0.8002350699413735,0.7998987833537473,0.7998987833537473,0.0005530352644323355,0.0005530352644323355,0.0005530352644323355,0.0002621993102525956,0.0002621993102525956,0.0002621993102525956,0.00022882226334503116,0.00022882226334503116,0.00022882226334503116,-8.028620405274437e-05,-8.028620405274437e-05,-8.028620405274437e-05,0.0001758815763893009,0.0001758815763893009,0.0001758815763893009,2.6436114453478476e-05,2.6436114453478476e-05,2.6436114453478476e-05,2.064043221244497e-05,2.064043221244497e-05,2.064043221244497e-05,-0.0005143842715201167,-0.0005143842715201167,-0.0005143842715201167,-0.0005081395091460611,-0.0005081395091460611,-0.0005081395091460611,0.00025832184392415863,0.00025832184392415863,0.00025832184392415863,-0.00041661080318872406,-0.00041661080318872406,-0.00041661080318872406,2.5743489438186842e-05,2.5743489438186842e-05,2.5743489438186842e-05,2.553784707870655e-07,2.553784707870655e-07,2.553784707870655e-07,-9.318539349018446e-06,-9.318539349018446e-06,-9.318539349018446e-06,-7.889187340507819e-06,-7.889187340507819e-06,-7.889187340507819e-06,-6.520214077714553e-05,-6.520214077714553e-05,-6.520214077714553e-05,-0.0007369617724910922,-0.0007369617724910922,-0.0007369617724910922,0.0,0.0,0.0,0.7994923231786074
2025-09-01 04:00:00,0.8001340250205652,0.7987737175181153,0.8003683433527248,0.8001340250205652,0.8001340250205652,0.0005530352644323355,0.0005530352644323355,0.0005530352644323355,0.0002621993102525956,0.0002621993102525956,0.0002621993102525956,0.00038182488126888454,0.00038182488126888454,0.00038182488126888454,-5.679498396321345e-05,-5.679498396321345e-05,-5.679498396321345e-05,0.0002172879175330871,0.0002172879175330871,0.0002172879175330871,2.6436114453478476e-05,2.6436114453478476e-05,2.6436114453478476e-05,0.00010552526341905178,0.00010552526341905178,0.00010552526341905178,-0.0004474340512474614,-0.0004474340512474614,-0.0004474340512474614,-0.0007075099951648421,-0.0007075099951648421,-0.0007075099951648421,-4.438519655054272e-06,-4.438519655054272e-06,-4.438519655054272e-06,1.857760739438509e-05,1.857760739438509e-05,1.857760739438509e-05,-0.00020519964250082282,-0.00020519964250082282,-0.00020519964250082282,-4.062221923258041e-06,-4.062221923258041e-06,-4.062221923258041e-06,-9.373302526373718e-06,-9.373302526373718e-06,-9.373302526373718e-06,-8.731733622719927e-06,-8.731733622719927e-06,-8.731733622719927e-06,-6.520214077714553e-05,-6.520214077714553e-05,-6.520214077714553e-05,-0.0010893348764337266,-0.0010893348764337266,-0.0010893348764337266,0.0,0.0,0.0,0.7995679222003916
2025-09-01 05:00:00,0.8003692666873831,0.7991697058353212,0.8007147373395326,0.8003692666873831,0.8003692666873831,0.0005530352644323355,0.0005530352644323355,0.0005530352644323355,0.0002621993102525956,0.0002621993102525956,0.0002621993102525956,0.0010166296500556378,0.0010166296500556378,0.0010166296500556378,-2.9438878767427e-05,-2.9438878767427e-05,-2.9438878767427e-05,0.0002433170317238236,0.0002433170317238236,0.0002433170317238236,2.6436114453478476e-05,2.6436114453478476e-05,2.6436114453478476e-05,1.4796602904183331e-05,1.4796602904183331e-05,1.4796602904183331e-05,-6.625364391205028e-05,-6.625364391205028e-05,-6.625364391205028e-05,-0.0004147435866404777,-0.0004147435866404777,-0.0004147435866404777,-4.438519655054272e-06,-4.438519655054272e-06,-4.438519655054272e-06,1.857723332452085e-05,1.857723332452085e-05,1.857723332452085e-05,9.365869943584491e-06,9.365869943584491e-06,9.365869943584491e-06,-4.863390332404047e-07,-4.863390332404047e-07,-4.863390332404047e-07,-4.288751198864832e-07,-4.288751198864832e-07,-4.288751198864832e-07,1.881494502010439e-05,1.881494502010439e-05,1.881494502010439e-05,-2.8866465511330032e-05,-2.8866465511330032e-05,-2.8866465511330032e-05,-0.0014313732366961153,-0.0014313732366961153,-0.0014313732366961153,0.0,0.0,0.0,0.8000373186670803
2025-09-01 06:00:00,0.8006045083542009,0.7989714682402803,0.8004932530444561,0.8006045083542009,0.8006045083542009,0.0005530352644323355,0.0005530352644323355,0.0005530352644323355,0.0002621993102525956,0.0002621993102525956,0.0002621993102525956,0.0007321767769499849,0.0007321767769499849,0.0007321767769499849,-8.216182637657388e-08,-8.216182637657388e-08,-8.216182637657388e-08,0.0002521950778445568,0.0002521950778445568,0.0002521950778445568,2.6436114453478476e-05,2.6436114453478476e-05,2.6436114453478476e-05,-8.361158498038825e-05,-8.361158498038825e-05,-8.361158498038825e-05,-0.00019533801372497749,-0.00019533801372497749,-0.00019533801372497749,-0.001027335709882504,-0.001027335709882504,-0.001027335709882504,-4.438519655054272e-06,-4.438519655054272e-06,-4.438519655054272e-06,-8.123497990549185e-05,-8.123497990549185e-05,-8.123497990549185e-05,9.365685511990821e-06,9.365685511990821e-06,9.365685511990821e-06,-1.025597183843144e-06,-1.025597183843144e-06,-1.025597183843144e-06,-2.5560726932164556e-07,-2.5560726932164556e-07,-2.5560726932164556e-07,2.37982545118109e-05,2.37982545118109e-05,2.37982545118109e-05,-2.8866465511330032e-05,-2.8866465511330032e-05,-2.8866465511330032e-05,-0.0017595124868324888,-0.0017595124868324888,-0.0017595124868324888,0.0,0.0,0.0,0.7997820187532758
2025-09-01 07:00:00,0.8008397500210188,0.7987768451060593,0.8004217081811555,0.8008397500210188,0.8008397500210188,0.0005530352644323355,0.0005530352644323355,0.0005530352644323355,0.0002621993102525956,0.0002621993102525956,0.0002621993102525956,0.0005511448034642621,0.0005511448034642621,0.0005511448034642621,2.9274555114673858e-05,2.9274555114673858e-05,2.9274555114673858e-05,0.0002433170317238236,0.0002433170317238236,0.0002433170317238236,2.6436114453478476e-05,2.6436114453478476e-05,2.6436114453478476e-05,-0.00011641007480696186,-0.00011641007480696186,-0.00011641007480696186,-0.0003991256893016161,-0.0003991256893016161,-0.0003991256893016161,-0.0015192310989050547,-0.0015192310989050547,-0.0015192310989050547,-4.438519655054272e-06,-4.438519655054272e-06,-4.438519655054272e-06,-1.8021211560574878e-05,-1.8021211560574878e-05,-1.8021211560574878e-05,-3.984577821061261e-05,-3.984577821061261e-05,-3.984577821061261e-05,8.478702224510387e-06,8.478702224510387e-06,8.478702224510387e-06,2.9760843926290553e-06,2.9760843926290553e-06,2.9760843926290553e-06,3.213547991636535e-05,3.213547991636535e-05,3.213547991636535e-05,-2.8866465511330032e-05,-2.8866465511330032e-05,-2.8866465511330032e-05,-0.0020703759023693166,-0.0020703759023693166,-0.0020703759023693166,0.0,0.0,0.0,0.7996230893675476
2025-09-01 08:00:00,0.8010749916878366,0.7986278940387251,0.7999903206032315,0.8010749916878366,0.8010749916878366,0.0005530352644323355,0.0005530352644323355,0.0005530352644323355,0.0002621993102525956,0.0002621993102525956,0.0002621993102525956,8.079873251662221e-05,8.079873251662221e-05,8.079873251662221e-05,5.663066031046027e-05,5.663066031046027e-05,5.663066031046027e-05,0.0002172879175330871,0.0002172879175330871,0.0002172879175330871,-9.896596692840658e-05,-9.896596692840658e-05,-9.896596692840658e-05,-0.00018589374067586793,-0.00018589374067586793,-0.00018589374067586793,-0.0007730344604743802,-0.0007730344604743802,-0.0007730344604743802,-0.002280013212720537,-0.002280013212720537,-0.002280013212720537,-4.438519655054272e-06,-4.438519655054272e-06,-4.438519655054272e-06,-0.00010456667380936696,-0.00010456667380936696,-0.00010456667380936696,-8.678830128756687e-06,-8.678830128756687e-06,-8.678830128756687e-06,-3.5158796795576066e-07,-3.5158796795576066e-07,-3.5158796795576066e-07,1.1197854415353864e-05,1.1197854415353864e-05,1.1197854415353864e-05,0.00014052313962751995,0.00014052313962751995,0.00014052313962751995,1.585436558505828e-05,1.585436558505828e-05,1.585436558505828e-05,-0.002360811945237159,-0.002360811945237159,-0.002360811945237159,0.0,0.0,0.0,0.7992485301224084
2025-09-01 09:00:00,0.8013102333546545,0.7982108398147587,0.7999322095530512,0.8013102333546545,0.8013102333546545,0.0005530352644323355,0.0005530352644323355,0.0005530352644323355,0.0002621993102525956,0.0002621993102525956,0.0002621993102525956,-5.115243408762061e-05,-5.115243408762061e-05,-5.115243408762061e-05,8.01218803999912e-05,8.01218803999912e-05,8.01218803999912e-05,0.00017588157638930092,0.00017588157638930092,0.00017588157638930092,-9.896596692840658e-05,-9.896596692840658e-05,-9.896596692840658e-05,-0.0002090952090014871,-0.0002090952090014871,-0.0002090952090014871,-0.0008993463882605889,-0.0008993463882605889,-0.0008993463882605889,-0.0026790813166832073,-0.0026790813166832073,-0.0026790813166832073,-4.438519655054272e-06,-4.438519655054272e-06,-4.438519655054272e-06,-5.134117092619284e-05,-5.134117092619284e-05,-5.134117092619284e-05,-5.1349248286879676e-05,-5.1349248286879676e-05,-5.1349248286879676e-05,-3.5158037780544153e-07,-3.5158037780544153e-07,-3.5158037780544153e-07,1.2613982419027723e-05,1.2613982419027723e-05,1.2613982419027723e-05,0.00014725895820933926,0.00014725895820933926,0.00014725895820933926,3.262467724620389e-05,3.262467724620389e-05,3.262467724620389e-05,-0.0026279288825955868,-0.0026279288825955868,-0.0026279288825955868,0.0,0.0,0.0,0.7991634580796069
2025-09-01 10:00:00,0.8015454750214723,0.7984586750759912,0.8000860807251804,0.8015454750214723,0.8015454750214723,0.0005530352644323355,0.0005530352644323355,0.0005530352644323355,0.0002621993102525956,0.0002621993102525956,0.0002621993102525956,9.275913908728139e-05,9.275913908728139e-05,9.275913908728139e-05,9.814732755524184e-05,9.814732755524184e-05,9.814732755524184e-05,0.00012191978201419997,0.00012191978201419997,0.00012191978201419997,-9.896596692840658e-05,-9.896596692840658e-05,-9.896596692840658e-05,-0.00020504026491370385,-0.00020504026491370385,-0.00020504026491370385,-0.0006464631692299575,-0.0006464631692299575,-0.0006464631692299575,-0.002776366935006626,-0.002776366935006626,-0.002776366935006626,-0.00026719888323426715,-0.00026719888323426715,-0.00026719888323426715,0.00020844273918535955,0.00020844273918535955,0.00020844273918535955,-2.510691962298581e-05,-2.510691962298581e-05,-2.510691962298581e-05,1.6736822122354375e-06,1.6736822122354375e-06,1.6736822122354375e-06,9.425892761054403e-06,9.425892761054403e-06,9.425892761054403e-06,8.160629067966726e-05,8.160629067966726e-05,8.160629067966726e-05,-9.159460760873162e-07,-9.159460760873162e-07,-9.159460760873162e-07,-0.0028691260740939077,-0.0028691260740939077,-0.0028691260740939077,0.0,0.0,0.0,0.7993200906677186
2025-09-01 11:00:00,0.8017807166882901,0.7988536078864993,0.8008809030835407,0.8017807166882901,0.8017807166882901,0.0005530352644323355,0.0005530352644323355,0.0005530352644323355,0.0002621993102525956,0.0002621993102525956,0.0002621993102525956,0.0007290503910266673,0.0007290503910266673,0.0007290503910266673,0.00010947859734104165,0.00010947859734104165,0.00010947859734104165,5.9079941518365944e-05,5.9079941518365944e-05,5.9079941518365944e-05,-9.896596692840658e-05,-9.896596692840658e-05,-9.896596692840658e-05,-0.00021081166163336307,-0.00021081166163336307,-0.00021081166163336307,-0.00025007374368329573,-0.00025007374368329573,-0.00025007374368329573,-0.0023530711729660716,-0.0023530711729660716,-0.0023530711729660716,-4.438519655054272e-06,-4.438519655054272e-06,-4.438519655054272e-06,1.5267252989608332e-05,1.5267252989608332e-05,1.5267252989608332e-05,0.00010297706984541507,0.00010297706984541507,0.00010297706984541507,3.910287566964436e-07,3.910287566964436e-07,3.910287566964436e-07,2.0782998999638372e-05,2.0782998999638372e-05,2.0782998999638372e-05,8.719320656144922e-05,8.719320656144922e-05,8.719320656144922e-05,8.293561222964074e-05,8.293561222964074e-05,8.293561222964074e-05,-0.0030821215639927385,-0.0030821215639927385,-0.0030821215639927385,0.0,0.0,0.0,0.7998940695968108
2025-09-01 12:00:00,0.8020159583551081,0.79987909591988,0.8015984459898515,0.8020159583551081,0.8020159583551081,0.0005530352644323355,0.0005530352644323355,0.0005530352644323355,0.0002621993102525956,0.0002621993102525956,0.0002621993102525956,0.0016629833938763892,0.0016629833938763892,0.0016629833938763892,0.00011334348244729716,0.00011334348244729716,0.00011334348244729716,-8.355513816156788e-06,-8.355513816156788e-06,-8.355513816156788e-06,-9.896596692840658e-05,-9.896596692840658e-05,-9.896596692840658e-05,-1.1962205121582792e-05,-1.1962205121582792e-05,-1.1962205121582792e-05,0.0005369763527211999,0.0005369763527211999,0.0005369763527211999,-0.0016019922667689914,-0.0016019922667689914,-0.0016019922667689914,-0.00026719888323426715,-0.00026719888323426715,-0.00026719888323426715,0.00039466275565214583,0.00039466275565214583,0.00039466275565214583,7.733731145858215e-06,7.733731145858215e-06,7.733731145858215e-06,2.147099295142027e-06,2.147099295142027e-06,2.147099295142027e-06,3.5863509253732424e-05,3.5863509253732424e-05,3.5863509253732424e-05,1.3052962506942793e-05,1.3052962506942793e-05,1.3052962506942793e-05,0.00013045149526955333,0.00013045149526955333,0.00013045149526955333,-0.0032649756606453807,-0.0032649756606453807,-0.0032649756606453807,0.0,0.0,0.0,0.8007311349919979
2025-09-01 13:00:00,0.8020637591312995,0.8000389871444306,0.80182594626531,0.8020637591312995,0.8020637591312995,0.0005530352644323355,0.0005530352644323355,0.0005530352644323355,0.0002621993102525956,0.0002621993102525956,0.0002621993102525956,0.001935637206965084,0.001935637206965084,0.001935637206965084,0.00010947859734104166,0.00010947859734104166,0.00010947859734104166,-7.579096915067954e-05,-7.579096915067954e-05,-7.579096915067954e-05,-9.896596692840658e-05,-9.896596692840658e-05,-9.896596692840658e-05,0.00034258889558111904,0.00034258889558111904,0.00034258889558111904,0.0005108709984480461,0.0005108709984480461,0.0005108709984480461,-0.001480473029708169,-0.001480473029708169,-0.001480473029708169,-0.00026719888323426715,-0.00026719888323426715,-0.00026719888323426715,0.00019472638975350399,0.00019472638975350399,0.00019472638975350399,0.00019479108025774287,0.00019479108025774287,0.00019479108025774287,1.0671150293188115e-06,1.0671150293188115e-06,1.0671150293188115e-06,3.669023498661122e-05,3.669023498661122e-05,3.669023498661122e-05,3.8898592983044794e-05,3.8898592983044794e-05,3.8898592983044794e-05,0.0001332465472130776,0.0001332465472130776,0.0001332465472130776,-0.0034161102366732526,-0.0034161102366732526,-0.0034161102366732526,0.0,0.0,0.0,0.8008763253677992
2025-09-01 14:00:00,0.8021115599074908,0.7997544293580213,0.8017649107749767,0.8021115599074908,0.8021115599074908,0.0005530352644323355,0.0005530352644323355,0.0005530352644323355,0.0002621993102525956,0.0002621993102525956,0.0002621993102525956,0.0017972472245442069,0.0017972472245442069,0.0017972472245442069,9.814732755524185e-05,9.814732755524185e-05,9.814732755524185e-05,-0.00013863080964651356,-0.00013863080964651356,-0.00013863080964651356,-9.896596692840658e-05,-9.896596692840658e-05,-9.896596692840658e-05,0.0002462691201691075,0.0002462691201691075,0.0002462691201691075,0.00049556517947763,0.00049556517947763,0.00049556517947763,-0.0017370763126392037,-0.0017370763126392037,-0.0017370763126392037,0.00025832184392415863,0.00025832184392415863,0.00025832184392415863,-0.00014750243299612624,-0.00014750243299612624,-0.00014750243299612624,9.621435403510837e-05,9.621435403510837e-05,9.621435403510837e-05,-4.204089942672195e-06,-4.204089942672195e-06,-4.204089942672195e-06,3.623153658360442e-05,3.623153658360442e-05,3.623153658360442e-05,1.2910144302114418e-05,1.2910144302114418e-05,1.2910144302114418e-05,0.00012765644332602904,0.00012765644332602904,0.00012765644332602904,-0.0035343235371834113,-0.0035343235371834113,-0.0035343235371834113,0.0,0.0,0.0,0.8007182309166815
2025-09-01 15:00:00,0.8021593606836822,0.7993090180892279,0.8009833801337543,0.8021593606836822,0.8021593606836822,0.0005530352644323355,0.0005530352644323355,0.0005530352644323355,0.0002621993102525956,0.0002621993102525956,0.0002621993102525956,0.0012411480210718449,0.0012411480210718449,0.0012411480210718449,8.012188039999126e-05,8.012188039999126e-05,8.012188039999126e-05,-0.0001925926040216144,-0.0001925926040216144,-0.0001925926040216144,-9.896596692840658e-05,-9.896596692840658e-05,-9.896596692840658e-05,0.000161475402680636,0.000161475402680636,0.000161475402680636,0.0002606262331462345,0.0002606262331462345,0.0002606262331462345,-0.0023776523182219046,-0.0023776523182219046,-0.0023776523182219046,0.00025832184392415863,0.00025832184392415863,0.00025832184392415863,-0.00012762892179895533,-0.00012762892179895533,-0.00012762892179895533,-7.251831655262875e-05,-7.251831655262875e-05,-7.251831655262875e-05,-2.84418463154564e-07,-2.84418463154564e-07,-2.84418463154564e-07,3.625202425321885e-05,3.625202425321885e-05,3.625202425321885e-05,-6.5501535785950215e-06,-6.5501535785950215e-06,-6.5501535785950215e-06,0.00012765644332602904,0.00012765644332602904,0.00012765644332602904,-0.0036188003392937495,-0.0036188003392937495,-0.0036188003392937495,0.0,0.0,0.0,0.8002521046201692
2025-09-01 16:00:00,0.8022071614598736,0.7998363059539105,0.8015269340316395,0.8022071614598736,0.8022071614598736,0.0005530352644323355,0.0005530352644323355,0.0005530352644323355,0.0002621993102525956,0.0002621993102525956,0.0002621993102525956,0.0017505241772150558,0.0017505241772150558,0.0017505241772150558,5.6630660310460354e-05,5.6630660310460354e-05,5.6630660310460354e-05,-0.00023399894516540066,-0.00023399894516540066,-0.00023399894516540066,-9.896596692840658e-05,-9.896596692840658e-05,-9.896596692840658e-05,0.0004777317771257325,0.0004777317771257325,0.0004777317771257325,0.0005522188152029856,0.0005522188152029856,0.0005522188152029856,-0.0019185931869770993,-0.0019185931869770993,-0.0019185931869770993,-0.00026719888323426715,-0.00026719888323426715,-0.00026719888323426715,0.00046407226584882407,0.00046407226584882407,0.00046407226584882407,-6.27198706142889e-05,-6.27198706142889e-05,-6.27198706142889e-05,-7.98262986942311e-06,-7.98262986942311e-06,-7.98262986942311e-06,2.429510816306434e-05,2.429510816306434e-05,2.429510816306434e-05,-5.452339248232076e-05,-5.452339248232076e-05,-5.452339248232076e-05,8.573066417316501e-05,8.573066417316501e-05,8.573066417316501e-05,-0.003669117364192155,-0.003669117364192155,-0.003669117364192155,0.0,0.0,0.0,0.8006680522653524
2025-09-01 17:00:00,0.8022549622360651,0.7996523132052544,0.801463784056411,0.8022549622360651,0.8022549622360651,0.0005530352644323355,0.0005530352644323355,0.0005530352644323355,0.0002621993102525956,0.0002621993102525956,0.0002621993102525956,0.0017136077308711785,0.0017136077308711785,0.0017136077308711785,2.9274555114673858e-05,2.9274555114673858e-05,2.9274555114673858e-05,-0.0002600280593561373,-0.0002600280593561373,-0.0002600280593561373,0.00010167736328260952,0.00010167736328260952,0.00010167736328260952,0.00042195693018251676,0.00042195693018251676,0.00042195693018251676,0.00043366227186949585,0.00043366227186949585,0.00043366227186949585,-0.001971636171672452,-0.001971636171672452,-0.001971636171672452,-4.438519655054272e-06,-4.438519655054272e-06,-4.438519655054272e-06,-0.0001141913780033497,-0.0001141913780033497,-0.0001141913780033497,0.00022901278001282276,0.00022901278001282276,0.00022901278001282276,-3.925775210663903e-06,-3.925775210663903e-06,-3.925775210663903e-06,2.3075079844401793e-05,2.3075079844401793e-05,2.3075079844401793e-05,-4.063770412470879e-05,-4.063770412470879e-05,-4.063770412470879e-05,8.293561222964074e-05,8.293561222964074e-05,8.293561222964074e-05,-0.0036852439025436305,-0.0036852439025436305,-0.0036852439025436305,0.0,0.0,0.0,0.8006732073336168
2025-09-01 18:00:00,0.8023027630122564,0.799614283800182,0.8015221276895698,0.8023027630122564,0.8023027630122564,0.0005530352644323355,0.0005530352644323355,0.0005530352644323355,0.0002621993102525956,0.0002621993102525956,0.0002621993102525956,0.0015246008206091731,0.0015246008206091731,0.0015246008206091731,-8.21618263765461e-08,-8.21618263765461e-08,-8.21618263765461e-08,-0.0002689061054768704,-0.0002689061054768704,-0.0002689061054768704,0.00010167736328260952,0.00010167736328260952,0.00010167736328260952,0.0004721856799395016,0.0004721856799395016,0.0004721856799395016,0.00040788932055414777,0.00040788932055414777,0.00040788932055414777,-0.0021429368523813415,-0.0021429368523813415,-0.0021429368523813415,-4.438519655054272e-06,-4.438519655054272e-06,-4.438519655054272e-06,-1.7959403882483083e-05,-1.7959403882483083e-05,-1.7959403882483083e-05,-5.609461727485588e-05,-5.609461727485588e-05,-5.609461727485588e-05,3.0182971580284163e-06,3.0182971580284163e-06,3.0182971580284163e-06,2.2970061691238142e-05,2.2970061691238142e-05,2.2970061691238142e-05,-3.103422887175972e-05,-3.103422887175972e-05,-3.103422887175972e-05,8.014056028611647e-05,8.014056028611647e-05,8.014056028611647e-05,-0.0036675376729905142,-0.0036675376729905142,-0.0036675376729905142,0.0,0.0,0.0,0.8005834788546301
2025-09-01 19:00:00,0.8023505637884478,0.7997977799571829,0.8015952032970269,0.8023505637884478,0.8023505637884478,0.0005530352644323355,0.0005530352644323355,0.0005530352644323355,0.0002621993102525956,0.0002621993102525956,0.0002621993102525956,0.0015342174016001004,0.0015342174016001004,0.0015342174016001004,-2.943887876742695e-05,-2.943887876742695e-05,-2.943887876742695e-05,-0.0002600280593561373,-0.0002600280593561373,-0.0002600280593561373,0.00010167736328260952,0.00010167736328260952,0.00010167736328260952,0.0004819126908102774,0.0004819126908102774,0.0004819126908102774,0.0003898535870320787,0.0003898535870320787,0.0003898535870320787,-0.00208251859133408,-0.00208251859133408,-0.00208251859133408,-4.438519655054272e-06,-4.438519655054272e-06,-4.438519655054272e-06,-3.456930500990328e-05,-3.456930500990328e-05,-3.456930500990328e-05,-8.648356440119171e-06,-8.648356440119171e-06,-8.648356440119171e-06,2.615049123966325e-06,2.615049123966325e-06,2.615049123966325e-06,2.284243359780177e-05,2.284243359780177e-05,2.284243359780177e-05,-2.0140686045515787e-05,-2.0140686045515787e-05,-2.0140686045515787e-05,7.734550834259221e-05,7.734550834259221e-05,7.734550834259221e-05,-0.0036167359929341805,-0.0036167359929341805,-0.0036167359929341805,0.0,0.0,0.0,0.800679653822591
2025-09-01 20:00:00,0.8023983645646392,0.7994119179660285,0.8013881956747541,0.8023983645646392,0.8023983645646392,0.0005530352644323355,0.0005530352644323355,0.0005530352644323355,0.0002621993102525956,0.0002621993102525956,0.0002621993102525956,0.0010249484367582948,0.0010249484367582948,0.0010249484367582948,-5.679498396321345e-05,-5.679498396321345e-05,-5.679498396321345e-05,-0.0002339989451654007,-0.0002339989451654007,-0.0002339989451654007,0.00010167736328260952,0.00010167736328260952,0.00010167736328260952,0.0002408054699711752,0.0002408054699711752,0.0002408054699711752,7.255608480502086e-05,7.255608480502086e-05,7.255608480502086e-05,-0.0025089939615706705,-0.0025089939615706705,-0.0025089939615706705,0.00025832184392415863,0.00025832184392415863,0.00025832184392415863,-0.00020728805757071824,-0.00020728805757071824,-0.00020728805757071824,-1.6837710431142434e-05,-1.6837710431142434e-05,-1.6837710431142434e-05,-9.390999445102696e-06,-9.390999445102696e-06,-9.390999445102696e-06,2.2059075235327656e-05,2.2059075235327656e-05,2.2059075235327656e-05,-3.3150683024894164e-05,-3.3150683024894164e-05,-3.3150683024894164e-05,7.175540445554366e-05,7.175540445554366e-05,7.175540445554366e-05,-0.0035339423983289653,-0.0035339423983289653,-0.0035339423983289653,0.0,0.0,0.0,0.8003851519131724
2025-09-01 21:00:00,0.8024461653408307,0.7994653217485014,0.8013075330166616,0.8024461653408307,0.8024461653408307,0.0005530352644323355,0.0005530352644323355,0.0005530352644323355,0.0002621993102525956,0.0002621993102525956,0.0002621993102525956,0.0008123492520552206,0.0008123492520552206,0.0008123492520552206,-8.028620405274433e-05,-8.028620405274433e-05,-8.028620405274433e-05,-0.00019259260402161457,-0.00019259260402161457,-0.00019259260402161457,0.00010167736328260952,0.00010167736328260952,0.00010167736328260952,0.00017717512096156318,0.00017717512096156318,0.00017717512096156318,-2.033903888618248e-05,-2.033903888618248e-05,-2.033903888618248e-05,-0.0026082596536455044,-0.0026082596536455044,-0.0026082596536455044,-4.438519655054272e-06,-4.438519655054272e-06,-4.438519655054272e-06,-9.444781734122271e-05,-9.444781734122271e-05,-9.444781734122271e-05,-0.00010199505090883122,-0.00010199505090883122,-0.00010199505090883122,2.3423915616241167e-06,2.3423915616241167e-06,2.3423915616241167e-06,2.157879390922408e-05,2.157879390922408e-05,2.157879390922408e-05,0.00012506999389594735,0.00012506999389594735,0.00012506999389594735,6.337024862497086e-05,6.337024862497086e-05,6.337024862497086e-05,-0.003420608905700725,-0.003420608905700725,-0.003420608905700725,0.0,0.0,0.0,0.8003531773835496
2025-09-01 22:00:00,0.8024522121031827,0.799878326767674,0.8016079584218969,0.8024522121031827,0.8024522121031827,0.0005530352644323355,0.0005530352644323355,0.0005530352644323355,0.0002621993102525956,0.0002621993102525956,0.0002621993102525956,0.00100457145493405,0.00100457145493405,0.00100457145493405,-9.831165120799493e-05,-9.831165120799493e-05,-9.831165120799493e-05,-0.00013863080964651373,-0.00013863080964651373,-0.00013863080964651373,0.00010167736328260952,0.00010167736328260952,0.00010167736328260952,3.0409426662686575e-05,3.0409426662686575e-05,3.0409426662686575e-05,4.937574252500431e-05,4.937574252500431e-05,4.937574252500431e-05,-0.002273942707654536,-0.002273942707654536,-0.002273942707654536,-4.438519655054272e-06,-4.438519655054272e-06,-4.438519655054272e-06,0.0001416009899572561,0.0001416009899572561,0.0001416009899572561,-4.6360242213556995e-05,-4.6360242213556995e-05,-4.6360242213556995e-05,3.89774633837469e-07,3.89774633837469e-07,3.89774633837469e-07,2.0593273093750007e-05,2.0593273093750007e-05,2.0593273093750007e-05,8.084149196622102e-05,8.084149196622102e-05,8.084149196622102e-05,5.2190040850873784e-05,5.2190040850873784e-05,5.2190040850873784e-05,-0.0032785141625885864,-0.0032785141625885864,-0.0032785141625885864,0.0,0.0,0.0,0.8006274817472294
2025-09-01 23:00:00,0.8024582588655349,0.8003167845171314,0.8017434457420212,0.8024582588655349,0.8024582588655349,0.0005530352644323355,0.0005530352644323355,0.0005530352644323355,0.0002621993102525956,0.0002621993102525956,0.0002621993102525956,0.001240195588733342,0.001240195588733342,0.001240195588733342,-0.00010964292099379478,-0.00010964292099379478,-0.00010964292099379478,-7.579096915067973e-05,-7.579096915067973e-05,-7.579096915067973e-05,0.00010167736328260952,0.00010167736328260952,0.00010167736328260952,-9.873394975452731e-05,-9.873394975452731e-05,-9.873394975452731e-05,0.00035108686244603534,0.00035108686244603534,0.00035108686244603534,-0.001869542194457852,-0.001869542194457852,-0.001869542194457852,-4.438519655054272e-06,-4.438519655054272e-06,-4.438519655054272e-06,-2.7949972185595908e-05,-2.7949972185595908e-05,-2.7949972185595908e-05,7.002138024745035e-05,7.002138024745035e-05,7.002138024745035e-05,7.26801639742262e-07,7.26801639742262e-07,7.26801639742262e-07,3.1521089514412665e-05,3.1521089514412665e-05,3.1521089514412665e-05,8.118782087997777e-05,8.118782087997777e-05,8.118782087997777e-05,0.0001052960277778349,0.0001052960277778349,0.0001052960277778349,-0.003109737783191194,-0.003109737783191194,-0.003109737783191194,0.0,0.0,0.0,0.8009580292912946
2025-09-02 00:00:00,0.802464305627887,0.7995447620935602,0.801317675634111,0.802464305627887,0.802464305627887,0.0003711484621133747,0.0003711484621133747,0.0003711484621133747,-0.000432066155317353,-0.000432066155317353,-0.000432066155317353,0.00032561654360008924,0.00032561654360008924,0.00032561654360008924,-0.0001135078061000503,-0.0001135078061000503,-0.0001135078061000503,-8.35551381615682e-06,-8.35551381615682e-06,-8.35551381615682e-06,2.6436114453478476e-05,2.6436114453478476e-05,2.6436114453478476e-05,-2.3621116815923098e-05,-2.3621116815923098e-05,-2.3621116815923098e-05,0.0003227010988967401,0.0003227010988967401,0.0003227010988967401,-0.0025910146684977606,-0.0025910146684977606,-0.0025910146684977606,-4.438519655054272e-06,-4.438519655054272e-06,-4.438519655054272e-06,-1.798861016039048e-05,-1.798861016039048e-05,-1.798861016039048e-05,-1.3574111252146458e-05,-1.3574111252146458e-05,-1.3574111252146458e-05,4.231391076646599e-06,4.231391076646599e-06,4.231391076646599e-06,3.14257776008103e-05,3.14257776008103e-05,3.14257776008103e-05,8.072455674180294e-05,8.072455674180294e-05,8.072455674180294e-05,0.00010250097583431063,0.00010250097583431063,0.00010250097583431063,-0.00291663121209785,-0.00291663121209785,-0.00291663121209785,0.0,0.0,0.0,0.8003851088410592
2025-09-02 01:00:00,0.8024703523902391,0.8003179007089837,0.801954764936559,0.8024703523902391,0.8024703523902391,0.0003711484621133747,0.0003711484621133747,0.0003711484621133747,-0.000432066155317353,-0.000432066155317353,-0.000432066155317353,0.0009312695873172363,0.0009312695873172363,0.0009312695873172363,-0.0001096429209937948,-0.0001096429209937948,-0.0001096429209937948,5.907994151836588e-05,5.907994151836588e-05,5.907994151836588e-05,2.6436114453478476e-05,2.6436114453478476e-05,2.6436114453478476e-05,0.00024241461745747403,0.00024241461745747403,0.00024241461745747403,0.0005652958548407216,0.0005652958548407216,0.0005652958548407216,-0.0017705159140092544,-0.0017705159140092544,-0.0017705159140092544,-0.00026719888323426715,-0.00026719888323426715,-0.00026719888323426715,0.0003310850370371163,0.0003310850370371163,0.0003310850370371163,-8.662756318041924e-06,-8.662756318041924e-06,-8.662756318041924e-06,1.941780318678698e-06,1.941780318678698e-06,1.941780318678698e-06,2.5715859777169013e-05,2.5715859777169013e-05,2.5715859777169013e-05,4.27870234346737e-05,4.27870234346737e-05,4.27870234346737e-05,8.293561222964074e-05,8.293561222964074e-05,8.293561222964074e-05,-0.0027017855013264907,-0.0027017855013264907,-0.0027017855013264907,0.0,0.0,0.0,0.8010495658608116
2025-09-02 02:00:00,0.8024763991525913,0.8004028469368234,0.8019615734471895,0.8024763991525913,0.8024763991525913,0.0003711484621133747,0.0003711484621133747,0.0003711484621133747,-0.000432066155317353,-0.000432066155317353,-0.000432066155317353,0.0009522142075408126,0.0009522142075408126,0.0009522142075408126,-9.831165120799497e-05,-9.831165120799497e-05,-9.831165120799497e-05,0.00012191978201419997,0.00012191978201419997,0.00012191978201419997,2.6436114453478476e-05,2.6436114453478476e-05,2.6436114453478476e-05,-1.982321358046674e-05,-1.982321358046674e-05,-1.982321358046674e-05,0.0006376003656091003,0.0006376003656091003,0.0006376003656091003,-0.0015157822149748836,-0.0015157822149748836,-0.0015157822149748836,-4.438519655054272e-06,-4.438519655054272e-06,-4.438519655054272e-06,1.1906867991489798e-05,1.1906867991489798e-05,1.1906867991489798e-05,0.00016344468995198595,0.00016344468995198595,0.00016344468995198595,-2.847822109470131e-06,-2.847822109470131e-06,-2.847822109470131e-06,2.652500416804454e-05,2.652500416804454e-05,2.652500416804454e-05,5.9399515049264494e-05,5.9399515049264494e-05,5.9399515049264494e-05,9.132076806021356e-05,9.132076806021356e-05,9.132076806021356e-05,-0.0024679964225156957,-0.0024679964225156957,-0.0024679964225156957,0.0,0.0,0.0,0.8012600196988188
2025-09-02 03:00:00,0.8024824459149434,0.8007142863216252,0.8021086827802194,0.8024824459149434,0.8024824459149434,0.0003711484621133747,0.0003711484621133747,0.0003711484621133747,-0.000432066155317353,-0.000432066155317353,-0.000432066155317353,0.0009913876018995717,0.0009913876018995717,0.0009913876018995717,-8.028620405274437e-05,-8.028620405274437e-05,-8.028620405274437e-05,0.0001758815763893009,0.0001758815763893009,0.0001758815763893009,2.6436114453478476e-05,2.6436114453478476e-05,2.6436114453478476e-05,5.9105265885274204e-05,5.9105265885274204e-05,5.9105265885274204e-05,0.000668591798670034,0.000668591798670034,0.000668591798670034,-0.001226839765650935,-0.001226839765650935,-0.001226839765650935,-4.438519655054272e-06,-4.438519655054272e-06,-4.438519655054272e-06,2.190159980479014e-05,2.190159980479014e-05,2.190159980479014e-05,6.076925239272366e-06,6.076925239272366e-06,6.076925239272366e-06,5.924905498838886e-07,5.924905498838886e-07,5.924905498838886e-07,2.671323708687812e-05,2.671323708687812e-05,2.671323708687812e-05,6.041024267222278e-05,6.041024267222278e-05,6.041024267222278e-05,9.132076806021356e-05,9.132076806021356e-05,9.132076806021356e-05,-0.0022182273675505067,-0.0022182273675505067,-0.0022182273675505067,0.0,0.0,0.0,0.8014979285390581
2025-09-02 04:00:00,0.8024884926772955,0.80113091778745,0.8027856625166153,0.8024884926772955,0.8024884926772955,0.0003711484621133747,0.0003711484621133747,0.0003711484621133747,-0.000432066155317353,-0.000432066155317353,-0.000432066155317353,0.0013112629646558557,0.0013112629646558557,0.0013112629646558557,-5.679498396321345e-05,-5.679498396321345e-05,-5.679498396321345e-05,0.0002172879175330871,0.0002172879175330871,0.0002172879175330871,2.6436114453478476e-05,2.6436114453478476e-05,2.6436114453478476e-05,0.00011108928111605343,0.00011108928111605343,0.00011108928111605343,0.0008054048910005567,0.0008054048910005567,0.0008054048910005567,-0.0006443075529925923,-0.0006443075529925923,-0.0006443075529925923,-4.438519655054272e-06,-4.438519655054272e-06,-4.438519655054272e-06,7.167439470413752e-05,7.167439470413752e-05,7.167439470413752e-05,1.1004732830452837e-05,1.1004732830452837e-05,1.1004732830452837e-05,3.903672505135853e-07,3.903672505135853e-07,3.903672505135853e-07,2.8064298669607005e-05,2.8064298669607005e-05,2.8064298669607005e-05,6.794634391647717e-05,6.794634391647717e-05,6.794634391647717e-05,9.411582000373782e-05,9.411582000373782e-05,9.411582000373782e-05,-0.0019555705176484478,-0.0019555705176484478,-0.0019555705176484478,0.0,0.0,0.0,0.8019714432802738
2025-09-02 05:00:00,0.8024945394396475,0.8012505588393821,0.8029026741395617,0.8024945394396475,0.8024945394396475,0.0003711484621133747,0.0003711484621133747,0.0003711484621133747,-0.000432066155317353,-0.000432066155317353,-0.000432066155317353,0.0013144307912248952,0.0013144307912248952,0.0013144307912248952,-2.9438878767427e-05,-2.9438878767427e-05,-2.9438878767427e-05,0.0002433170317238236,0.0002433170317238236,0.0002433170317238236,2.6436114453478476e-05,2.6436114453478476e-05,2.6436114453478476e-05,0.00011687154415164559,0.00011687154415164559,0.00011687154415164559,0.0008261642523502402,0.0008261642523502402,0.0008261642523502402,-0.0003687759880775285,-0.0003687759880775285,-0.0003687759880775285,-4.438519655054272e-06,-4.438519655054272e-06,-4.438519655054272e-06,-2.4599197891277756e-05,-2.4599197891277756e-05,-2.4599197891277756e-05,3.554473661653562e-05,3.554473661653562e-05,3.554473661653562e-05,-6.692591597509034e-06,-6.692591597509034e-06,-6.692591597509034e-06,2.8359210048616756e-05,2.8359210048616756e-05,2.8359210048616756e-05,6.691391104853926e-05,6.691391104853926e-05,6.691391104853926e-05,9.69108719472621e-05,9.69108719472621e-05,9.69108719472621e-05,-0.0016832067793024238,-0.0016832067793024238,-0.0016832067793024238,0.0,0.0,0.0,0.8021985987229389
2025-09-02 06:00:00,0.8025005862019998,0.8016464167468649,0.8036642387758947,0.8025005862019998,0.8025005862019998,0.0003711484621133747,0.0003711484621133747,0.0003711484621133747,-0.000432066155317353,-0.000432066155317353,-0.000432066155317353,0.0016761973704154222,0.0016761973704154222,0.0016761973704154222,-8.216182637657388e-08,-8.216182637657388e-08,-8.216182637657388e-08,0.0002521950778445568,0.0002521950778445568,0.0002521950778445568,2.6436114453478476e-05,2.6436114453478476e-05,2.6436114453478476e-05,0.0003133249726248772,0.0003133249726248772,0.0003133249726248772,0.0007663945805427005,0.0007663945805427005,0.0007663945805427005,0.00027183237041190537,0.00027183237041190537,0.00027183237041190537,-4.438519655054272e-06,-4.438519655054272e-06,-4.438519655054272e-06,0.00013144812818267993,0.00013144812818267993,0.00013144812818267993,-1.1922043811787498e-05,-1.1922043811787498e-05,-1.1922043811787498e-05,-2.1623380113188424e-07,-2.1623380113188424e-07,-2.1623380113188424e-07,2.950806955065412e-05,2.950806955065412e-05,2.950806955065412e-05,0.00013755620756754176,0.00013755620756754176,0.00013755620756754176,9.69108719472621e-05,9.69108719472621e-05,9.69108719472621e-05,-0.001404365000003517,-0.001404365000003517,-0.001404365000003517,0.0,0.0,0.0,0.802718731838604
2025-09-02 07:00:00,0.8025026737840594,0.8020964731172782,0.8035672466681221,0.8025026737840594,0.8025026737840594,0.0003711484621133747,0.0003711484621133747,0.0003711484621133747,-0.000432066155317353,-0.000432066155317353,-0.000432066155317353,0.001549881079799671,0.001549881079799671,0.001549881079799671,2.9274555114673858e-05,2.9274555114673858e-05,2.9274555114673858e-05,0.0002433170317238236,0.0002433170317238236,0.0002433170317238236,2.6436114453478476e-05,2.6436114453478476e-05,2.6436114453478476e-05,0.0003384465189669713,0.0003384465189669713,0.0003384465189669713,0.0007148500559863039,0.0007148500559863039,0.0007148500559863039,0.00042760009690751233,0.00042760009690751233,0.00042760009690751233,-4.438519655054272e-06,-4.438519655054272e-06,-4.438519655054272e-06,-5.113181693195689e-05,-5.113181693195689e-05,-5.113181693195689e-05,6.501560818077178e-05,6.501560818077178e-05,6.501560818077178e-05,-4.190341978360627e-07,-4.190341978360627e-07,-4.190341978360627e-07,2.8972737074284104e-05,2.8972737074284104e-05,2.8972737074284104e-05,0.00012635970228445164,0.00012635970228445164,0.00012635970228445164,9.411582000373782e-05,9.411582000373782e-05,9.411582000373782e-05,-0.0011222809828921587,-0.0011222809828921587,-0.0011222809828921587,0.0,0.0,0.0,0.8028458240051379
2025-09-02 08:00:00,0.802504761366119,0.8024550305993685,0.804145583848812,0.802504761366119,0.802504761366119,0.0003711484621133747,0.0003711484621133747,0.0003711484621133747,-0.000432066155317353,-0.000432066155317353,-0.000432066155317353,0.001973670290169827,0.001973670290169827,0.001973670290169827,5.663066031046027e-05,5.663066031046027e-05,5.663066031046027e-05,0.0002172879175330871,0.0002172879175330871,0.0002172879175330871,-9.896596692840658e-05,-9.896596692840658e-05,-9.896596692840658e-05,0.0006309052891335913,0.0006309052891335913,0.0006309052891335913,0.0009098621001570841,0.0009098621001570841,0.0009098621001570841,0.0011335134704121858,0.0011335134704121858,0.0011335134704121858,-0.00026719888323426715,-0.00026719888323426715,-0.00026719888323426715,0.0006458750515823461,0.0006458750515823461,0.0006458750515823461,-2.500369962455954e-05,-2.500369962455954e-05,-2.500369962455954e-05,-1.4289605009341599e-06,-1.4289605009341599e-06,-1.4289605009341599e-06,1.5452815399303627e-05,1.5452815399303627e-05,1.5452815399303627e-05,-5.3502498264860914e-05,-5.3502498264860914e-05,-5.3502498264860914e-05,4.674157810961196e-06,4.674157810961196e-06,4.674157810961196e-06,-0.0008401568197576412,-0.0008401568197576412,-0.0008401568197576412,0.0,0.0,0.0,0.8034144113231975
2025-09-02 09:00:00,0.8025068489481786,0.8031389751660196,0.8046689521883982,0.8025068489481786,0.8025068489481786,0.0003711484621133747,0.0003711484621133747,0.0003711484621133747,-0.000432066155317353,-0.000432066155317353,-0.000432066155317353,0.0021610700366120486,0.0021610700366120486,0.0021610700366120486,8.01218803999912e-05,8.01218803999912e-05,8.01218803999912e-05,0.00017588157638930092,0.00017588157638930092,0.00017588157638930092,-9.896596692840658e-05,-9.896596692840658e-05,-9.896596692840658e-05,0.0008057366758683358,0.0008057366758683358,0.0008057366758683358,0.0009710160859113925,0.0009710160859113925,0.0009710160859113925,0.0015999489804270517,0.0015999489804270517,0.0015999489804270517,-0.00026719888323426715,-0.00026719888323426715,-0.00026719888323426715,0.00027350425822797035,0.00027350425822797035,0.00027350425822797035,0.00031864891676670887,0.00031864891676670887,0.00031864891676670887,5.245008960494957e-07,5.245008960494957e-07,5.245008960494957e-07,1.4001313300321986e-05,1.4001313300321986e-05,1.4001313300321986e-05,-5.316173364880765e-05,-5.316173364880765e-05,-5.316173364880765e-05,1.8791058674369245e-06,1.8791058674369245e-06,1.8791058674369245e-06,-0.0005611210561849967,-0.0005611210561849967,-0.0005611210561849967,0.0,0.0,0.0,0.8037908189629389
2025-09-02 10:00:00,0.8025089365302382,0.8034665976157037,0.8049727444756445,0.8025089365302382,0.8025089365302382,0.0003711484621133747,0.0003711484621133747,0.0003711484621133747,-0.000432066155317353,-0.000432066155317353,-0.000432066155317353,0.0024450890934931127,0.0024450890934931127,0.0024450890934931127,9.814732755524184e-05,9.814732755524184e-05,9.814732755524184e-05,0.00012191978201419997,0.00012191978201419997,0.00012191978201419997,-9.896596692840658e-05,-9.896596692840658e-05,-9.896596692840658e-05,0.0009707958976351172,0.0009707958976351172,0.0009707958976351172,0.001292489450804249,0.001292489450804249,0.001292489450804249,0.002156898904496331,0.002156898904496331,0.002156898904496331,-0.00026719888323426715,-0.00026719888323426715,-0.00026719888323426715,0.00026661589707182724,0.00026661589707182724,0.00026661589707182724,0.0001350550338589429,0.0001350550338589429,0.0001350550338589429,-2.641813140542446e-06,-2.641813140542446e-06,-2.641813140542446e-06,1.4530973405402604e-05,1.4530973405402604e-05,1.4530973405402604e-05,-2.9415070155634718e-05,-2.9415070155634718e-05,-2.9415070155634718e-05,4.674157810961196e-06,4.674157810961196e-06,4.674157810961196e-06,-0.00028819018899678157,-0.00028819018899678157,-0.00028819018899678157,0.0,0.0,0.0,0.8042398671762889
2025-09-02 11:00:00,0.802511024112298,0.8034910531747581,0.8048489912027805,0.802511024112298,0.802511024112298,0.0003711484621133747,0.0003711484621133747,0.0003711484621133747,-0.000432066155317353,-0.000432066155317353,-0.000432066155317353,0.0021363590148860355,0.0021363590148860355,0.0021363590148860355,0.00010947859734104165,0.00010947859734104165,0.00010947859734104165,5.9079941518365944e-05,5.9079941518365944e-05,5.9079941518365944e-05,-9.896596692840658e-05,-9.896596692840658e-05,-9.896596692840658e-05,0.0006879448759496091,0.0006879448759496091,0.0006879448759496091,0.0012699819736848026,0.0012699819736848026,0.0012699819736848026,0.002112127036966683,0.002112127036966683,0.002112127036966683,0.00025832184392415863,0.00025832184392415863,0.00025832184392415863,-0.00015662279767372414,-0.00015662279767372414,-0.00015662279767372414,0.00013165879281615042,0.00013165879281615042,0.00013165879281615042,1.0628670841137028e-06,1.0628670841137028e-06,1.0628670841137028e-06,1.385143685583509e-05,1.385143685583509e-05,1.385143685583509e-05,-8.039396234937007e-05,-8.039396234937007e-05,-8.039396234937007e-05,1.8791058674369245e-06,1.8791058674369245e-06,1.8791058674369245e-06,-2.4231977919352693e-05,-2.4231977919352693e-05,-2.4231977919352693e-05,0.0,0.0,0.0,0.8042060293437894
2025-09-02 12:00:00,0.8025131116943576,0.8031756389800753,0.8046591244372399,0.8025131116943576,0.8025131116943576,0.0003711484621133747,0.0003711484621133747,0.0003711484621133747,-0.000432066155317353,-0.000432066155317353,-0.000432066155317353,0.0013437465815827054,0.0013437465815827054,0.0013437465815827054,0.00011334348244729716,0.00011334348244729716,0.00011334348244729716,-8.355513816156788e-06,-8.355513816156788e-06,-8.355513816156788e-06,-9.896596692840658e-05,-9.896596692840658e-05,-9.896596692840658e-05,0.0006016444376803772,0.0006016444376803772,0.0006016444376803772,0.0008034590455050286,0.0008034590455050286,0.0008034590455050286,0.001571815553891613,0.001571815553891613,0.001571815553891613,0.00025832184392415863,0.00025832184392415863,0.00025832184392415863,-0.0001368972608819825,-0.0001368972608819825,-0.0001368972608819825,-7.701502573223807e-05,-7.701502573223807e-05,-7.701502573223807e-05,-1.3079910539207214e-05,-1.3079910539207214e-05,-1.3079910539207214e-05,2.0219394528861072e-05,2.0219394528861072e-05,2.0219394528861072e-05,-9.622503253430028e-05,-9.622503253430028e-05,-9.622503253430028e-05,3.821478113325244e-05,3.821478113325244e-05,3.821478113325244e-05,0.00022806897230890732,0.00022806897230890732,0.00022806897230890732,0.0,0.0,0.0,0.8037745142855206
2025-09-02 13:00:00,0.8025151992764172,0.8037099610303439,0.8051541872113986,0.8025151992764172,0.8025151992764172,0.0003711484621133747,0.0003711484621133747,0.0003711484621133747,-0.000432066155317353,-0.000432066155317353,-0.000432066155317353,0.00192408997294373,0.00192408997294373,0.00192408997294373,0.00010947859734104166,0.00010947859734104166,0.00010947859734104166,-7.579096915067954e-05,-7.579096915067954e-05,-7.579096915067954e-05,-9.896596692840658e-05,-9.896596692840658e-05,-9.896596692840658e-05,0.0008107581790749737,0.0008107581790749737,0.0008107581790749737,0.0011890072396309943,0.0011890072396309943,0.0011890072396309943,0.0023903329061050306,0.0023903329061050306,0.0023903329061050306,-0.00026719888323426715,-0.00026719888323426715,-0.00026719888323426715,0.00038246741786726254,0.00038246741786726254,0.00038246741786726254,-6.728953716904305e-05,-6.728953716904305e-05,-6.728953716904305e-05,-5.524235607257167e-06,-5.524235607257167e-06,-5.524235607257167e-06,1.634526648382763e-05,1.634526648382763e-05,1.634526648382763e-05,-2.6928859689320417e-05,-2.6928859689320417e-05,-2.6928859689320417e-05,1.8649417528582553e-05,1.8649417528582553e-05,1.8649417528582553e-05,0.00046624293316130036,0.00046624293316130036,0.00046624293316130036,0.0,0.0,0.0,0.804433477764897
2025-09-02 14:00:00,0.8025172868584769,0.8030064719063474,0.8046149902949798,0.8025172868584769,0.8025172868584769,0.0003711484621133747,0.0003711484621133747,0.0003711484621133747,-0.000432066155317353,-0.000432066155317353,-0.000432066155317353,0.0008952588619602824,0.0008952588619602824,0.0008952588619602824,9.814732755524185e-05,9.814732755524185e-05,9.814732755524185e-05,-0.00013863080964651356,-0.00013863080964651356,-0.00013863080964651356,-9.896596692840658e-05,-9.896596692840658e-05,-9.896596692840658e-05,0.0004905903602881149,0.0004905903602881149,0.0004905903602881149,0.0008300397908797451,0.0008300397908797451,0.0008300397908797451,0.0015833225498186267,0.0015833225498186267,0.0015833225498186267,0.00025832184392415863,0.00025832184392415863,0.00025832184392415863,-0.00048037718606846927,-0.00048037718606846927,-0.00048037718606846927,0.00018877828479349783,0.00018877828479349783,0.00018877828479349783,-5.384465736368937e-06,-5.384465736368937e-06,-5.384465736368937e-06,1.944244675505502e-06,1.944244675505502e-06,1.944244675505502e-06,-0.00010910946807747807,-0.00010910946807747807,-0.00010910946807747807,-7.917740049476686e-05,-7.917740049476686e-05,-7.917740049476686e-05,0.0006880636878583439,0.0006880636878583439,0.0006880636878583439,0.0,0.0,0.0,0.8037879305753791
2025-09-02 15:00:00,0.8025193744405364,0.802411709426369,0.8041587053643487,0.8025193744405364,0.8025193744405364,0.0003711484621133747,0.0003711484621133747,0.0003711484621133747,-0.000432066155317353,-0.000432066155317353,-0.000432066155317353,9.167420798749499e-05,9.167420798749499e-05,9.167420798749499e-05,8.012188039999126e-05,8.012188039999126e-05,8.012188039999126e-05,-0.0001925926040216144,-0.0001925926040216144,-0.0001925926040216144,-9.896596692840658e-05,-9.896596692840658e-05,-9.896596692840658e-05,0.0003006016226448391,0.0003006016226448391,0.0003006016226448391,0.000583477070250888,0.000583477070250888,0.000583477070250888,0.0009832479402584488,0.0009832479402584488,0.0009832479402584488,0.00025832184392415863,0.00025832184392415863,0.00025832184392415863,-0.00035218859567140036,-0.00035218859567140036,-0.00035218859567140036,-0.00023663905193037587,-0.00023663905193037587,-0.00023663905193037587,3.203356007955963e-06,3.203356007955963e-06,3.203356007955963e-06,-4.837954631698979e-06,-4.837954631698979e-06,-4.837954631698979e-06,-9.196198669695107e-05,-9.196198669695107e-05,-9.196198669695107e-05,-9.59477121559125e-05,-9.59477121559125e-05,-9.59477121559125e-05,0.000891573732270954,0.000891573732270954,0.000891573732270954,0.0,0.0,0.0,0.8033084499624726
2025-09-02 16:00:00,0.8025214620225962,0.8030272396089263,0.8047586258798027,0.8025214620225962,0.8025214620225962,0.0003711484621133747,0.0003711484621133747,0.0003711484621133747,-0.000432066155317353,-0.000432066155317353,-0.000432066155317353,0.0005282021022237008,0.0005282021022237008,0.0005282021022237008,5.6630660310460354e-05,5.6630660310460354e-05,5.6630660310460354e-05,-0.00023399894516540066,-0.00023399894516540066,-0.00023399894516540066,-9.896596692840658e-05,-9.896596692840658e-05,-9.896596692840658e-05,0.00036199058722770084,0.00036199058722770084,0.00036199058722770084,0.0009286024088730174,0.0009286024088730174,0.0009286024088730174,0.0016033078396966633,0.0016033078396966633,0.0016033078396966633,-0.00026719888323426715,-0.00026719888323426715,-0.00026719888323426715,0.0002372984758796278,0.0002372984758796278,0.0002372984758796278,-0.00017343688496269501,-0.00017343688496269501,-0.00017343688496269501,2.8031104824837668e-06,2.8031104824837668e-06,2.8031104824837668e-06,-3.5707429482260853e-06,-3.5707429482260853e-06,-3.5707429482260853e-06,-0.00012788136389422724,-0.00012788136389422724,-0.00012788136389422724,-9.315266021238821e-05,-9.315266021238821e-05,-9.315266021238821e-05,0.0010751057374729625,0.0010751057374729625,0.0010751057374729625,0.0,0.0,0.0,0.8038081509741819
2025-09-02 17:00:00,0.8025971414304771,0.8040241834074134,0.805467843297717,0.8025971414304771,0.8025971414304771,0.0003711484621133747,0.0003711484621133747,0.0003711484621133747,-0.000432066155317353,-0.000432066155317353,-0.000432066155317353,0.0012842840606335994,0.0012842840606335994,0.0012842840606335994,2.9274555114673858e-05,2.9274555114673858e-05,2.9274555114673858e-05,-0.0002600280593561373,-0.0002600280593561373,-0.0002600280593561373,0.00010167736328260952,0.00010167736328260952,0.00010167736328260952,0.0005080332820910061,0.0005080332820910061,0.0005080332820910061,0.0011577079333984664,0.0011577079333984664,0.0011577079333984664,0.0025215840808697964,0.0025215840808697964,0.0025215840808697964,-0.00026719888323426715,-0.00026719888323426715,-0.00026719888323426715,0.00020068331197470963,0.00020068331197470963,0.00020068331197470963,0.00011720411675245617,0.00011720411675245617,0.00011720411675245617,-7.735177572861776e-06,-7.735177572861776e-06,-7.735177572861776e-06,-3.2343305653181857e-06,-3.2343305653181857e-06,-3.2343305653181857e-06,-0.00014082474977889563,-0.00014082474977889563,-0.00014082474977889563,-9.035760826886394e-05,-9.035760826886394e-05,-9.035760826886394e-05,0.0012373000202361973,0.0012373000202361973,0.0012373000202361973,0.0,0.0,0.0,0.8046209576056599
2025-09-02 18:00:00,0.8026728208383579,0.8038916185009286,0.8055608222921841,0.8026728208383579,0.8026728208383579,0.0003711484621133747,0.0003711484621133747,0.0003711484621133747,-0.000432066155317353,-0.000432066155317353,-0.000432066155317353,0.0012843464719156873,0.0012843464719156873,0.0012843464719156873,-8.21618263765461e-08,-8.21618263765461e-08,-8.21618263765461e-08,-0.0002689061054768704,-0.0002689061054768704,-0.0002689061054768704,0.00010167736328260952,0.00010167736328260952,0.00010167736328260952,0.0002382397839410556,0.0002382397839410556,0.0002382397839410556,0.0011880456896805143,0.0011880456896805143,0.0011880456896805143,0.002661464290719028,0.002661464290719028,0.002661464290719028,-4.438519655054272e-06,-4.438519655054272e-06,-4.438519655054272e-06,0.00018068174233534977,0.00018068174233534977,0.00018068174233534977,9.915135795778146e-05,9.915135795778146e-05,9.915135795778146e-05,9.772568631930544e-06,9.772568631930544e-06,9.772568631930544e-06,-3.5335014976683403e-06,-3.5335014976683403e-06,-3.5335014976683403e-06,-0.00010498644398474227,-0.00010498644398474227,-0.00010498644398474227,-9.035760826886394e-05,-9.035760826886394e-05,-9.035760826886394e-05,0.001377117818803341,0.001377117818803341,0.001377117818803341,0.0,0.0,0.0,0.8048091058881499
2025-09-02 19:00:00,0.8027485002462388,0.8041715059309684,0.8057799077090043,0.8027485002462388,0.8027485002462388,0.0003711484621133747,0.0003711484621133747,0.0003711484621133747,-0.000432066155317353,-0.000432066155317353,-0.000432066155317353,0.0012731663839971653,0.0012731663839971653,0.0012731663839971653,-2.943887876742695e-05,-2.943887876742695e-05,-2.943887876742695e-05,-0.0002600280593561373,-0.0002600280593561373,-0.0002600280593561373,0.00010167736328260952,0.00010167736328260952,0.00010167736328260952,0.00020927569610489636,0.00020927569610489636,0.00020927569610489636,0.0013832909336048433,0.0013832909336048433,0.0013832909336048433,0.0027670166102626284,0.0027670166102626284,0.0027670166102626284,-0.00026719888323426715,-0.00026719888323426715,-0.00026719888323426715,0.00022356272901315275,0.00022356272901315275,0.00022356272901315275,8.928977402081182e-05,8.928977402081182e-05,8.928977402081182e-05,7.171528656962903e-06,7.171528656962903e-06,7.171528656962903e-06,-3.890872711511129e-06,-3.890872711511129e-06,-3.890872711511129e-06,-2.647459320040222e-05,-2.647459320040222e-05,-2.647459320040222e-05,-9.315266021238821e-05,-9.315266021238821e-05,-9.315266021238821e-05,0.001493850226265463,0.001493850226265463,0.001493850226265463,0.0,0.0,0.0,0.8049697186802836
2025-09-02 20:00:00,0.8028241796541196,0.8040262765815906,0.8057534863808594,0.8028241796541196,0.8028241796541196,0.0003711484621133747,0.0003711484621133747,0.0003711484621133747,-0.000432066155317353,-0.000432066155317353,-0.000432066155317353,0.000989095078742269,0.000989095078742269,0.000989095078742269,-5.679498396321345e-05,-5.679498396321345e-05,-5.679498396321345e-05,-0.0002339989451654007,-0.0002339989451654007,-0.0002339989451654007,0.00010167736328260952,0.00010167736328260952,0.00010167736328260952,-1.318409403585974e-05,-1.318409403585974e-05,-1.318409403585974e-05,0.0013064595391922846,0.0013064595391922846,0.0013064595391922846,0.0025762177692781104,0.0025762177692781104,0.0025762177692781104,-4.438519655054272e-06,-4.438519655054272e-06,-4.438519655054272e-06,-0.00011696193804876923,-0.00011696193804876923,-0.00011696193804876923,0.00011043183722124601,0.00011043183722124601,0.00011043183722124601,-4.789593881957641e-06,-4.789593881957641e-06,-4.789593881957641e-06,-5.21276985343448e-06,-5.21276985343448e-06,-5.21276985343448e-06,6.277258900970917e-05,6.277258900970917e-05,6.277258900970917e-05,-9.59477121559125e-05,-9.59477121559125e-05,-9.59477121559125e-05,0.0015871226905358412,0.0015871226905358412,0.0015871226905358412,0.0,0.0,0.0,0.8048924295713507
2025-09-02 21:00:00,0.8028998590620005,0.8038741577885784,0.8055483185387511,0.8028998590620005,0.8028998590620005,0.0003711484621133747,0.0003711484621133747,0.0003711484621133747,-0.000432066155317353,-0.000432066155317353,-0.000432066155317353,0.000666296904852602,0.000666296904852602,0.000666296904852602,-8.028620405274433e-05,-8.028620405274433e-05,-8.028620405274433e-05,-0.00019259260402161457,-0.00019259260402161457,-0.00019259260402161457,0.00010167736328260952,0.00010167736328260952,0.00010167736328260952,-1.1313647121582846e-05,-1.1313647121582846e-05,-1.1313647121582846e-05,0.0009303634486123879,0.0009303634486123879,0.0009303634486123879,0.0023231919516397896,0.0023231919516397896,0.0023231919516397896,0.00025832184392415863,0.00025832184392415863,0.00025832184392415863,-0.00015339766661686045,-0.00015339766661686045,-0.00015339766661686045,-5.746061559063573e-05,-5.746061559063573e-05,-5.746061559063573e-05,-4.046645506351959e-06,-4.046645506351959e-06,-4.046645506351959e-06,-4.45485342083587e-06,-4.45485342083587e-06,-4.45485342083587e-06,3.0761786836913854e-05,3.0761786836913854e-05,3.0761786836913854e-05,-9.035760826886394e-05,-9.035760826886394e-05,-9.035760826886394e-05,0.001656895046787188,0.001656895046787188,0.001656895046787188,0.0,0.0,0.0,0.804765149552546
2025-09-02 22:00:00,0.8029755384698812,0.8039921895803841,0.8056689326447583,0.8029755384698812,0.8029755384698812,0.0003711484621133747,0.0003711484621133747,0.0003711484621133747,-0.000432066155317353,-0.000432066155317353,-0.000432066155317353,0.0004587629098168667,0.0004587629098168667,0.0004587629098168667,-9.831165120799493e-05,-9.831165120799493e-05,-9.831165120799493e-05,-0.00013863080964651373,-0.00013863080964651373,-0.00013863080964651373,0.00010167736328260952,0.00010167736328260952,0.00010167736328260952,2.126756056165525e-05,2.126756056165525e-05,2.126756056165525e-05,0.0008584595718806899,0.0008584595718806899,0.0008584595718806899,0.0021622200158625134,0.0021622200158625134,0.0021622200158625134,-4.438519655054272e-06,-4.438519655054272e-06,-4.438519655054272e-06,-8.071888769892966e-05,-8.071888769892966e-05,-8.071888769892966e-05,-7.542490549675406e-05,-7.542490549675406e-05,-7.542490549675406e-05,-3.640799073116949e-06,-3.640799073116949e-06,-3.640799073116949e-06,-5.188040014412831e-06,-5.188040014412831e-06,-5.188040014412831e-06,3.7782380301055037e-05,3.7782380301055037e-05,3.7782380301055037e-05,-9.315266021238821e-05,-9.315266021238821e-05,-9.315266021238821e-05,0.0017034571060456462,0.0017034571060456462,0.0017034571060456462,0.0,0.0,0.0,0.8047117482514087
2025-09-02 23:00:00,0.803051217877762,0.8043243860021945,0.8059291987949516,0.803051217877762,0.803051217877762,0.0003711484621133747,0.0003711484621133747,0.0003711484621133747,-0.000432066155317353,-0.000432066155317353,-0.000432066155317353,0.0008348946658766725,0.0008348946658766725,0.0008348946658766725,-0.00010964292099379478,-0.00010964292099379478,-0.00010964292099379478,-7.579096915067973e-05,-7.579096915067973e-05,-7.579096915067973e-05,0.00010167736328260952,0.00010167736328260952,0.00010167736328260952,-1.1319366668054168e-05,-1.1319366668054168e-05,-1.1319366668054168e-05,0.0010947429688521434,0.0010947429688521434,0.0010947429688521434,0.0025623145470035505,0.0025623145470035505,0.0025623145470035505,-0.00026719888323426715,-0.00026719888323426715,-0.00026719888323426715,0.00032627918271656173,0.00032627918271656173,0.00032627918271656173,-3.959132384998015e-05,-3.959132384998015e-05,-3.959132384998015e-05,-4.510885561856205e-06,-4.510885561856205e-06,-4.510885561856205e-06,-8.11906037881809e-06,-8.11906037881809e-06,-8.11906037881809e-06,2.0042778838444774e-06,2.0042778838444774e-06,2.0042778838444774e-06,-0.00011271802381705808,-0.00011271802381705808,-0.00011271802381705808,0.0017274198811268774,0.0017274198811268774,0.0017274198811268774,0.0,0.0,0.0,0.8051088876953191
2025-09-03 00:00:00,0.8031268972856429,0.8044603247339743,0.8063323949239256,0.8031268972856429,0.8031268972856429,-3.754747288272094e-05,-3.754747288272094e-05,-3.754747288272094e-05,-0.0006035355648785417,-0.0006035355648785417,-0.0006035355648785417,0.0009615908346530273,0.0009615908346530273,0.0009615908346530273,-0.0001135078061000503,-0.0001135078061000503,-0.0001135078061000503,-8.35551381615682e-06,-8.35551381615682e-06,-8.35551381615682e-06,2.6436114453478476e-05,2.6436114453478476e-05,2.6436114453478476e-05,0.0003508653928549019,0.0003508653928549019,0.0003508653928549019,0.0011509831810512941,0.0011509831810512941,0.0011509831810512941,0.0026912934214557696,0.0026912934214557696,0.0026912934214557696,-4.438519655054272e-06,-4.438519655054272e-06,-4.438519655054272e-06,0.00014412239600695759,0.00014412239600695759,0.00014412239600695759,0.0001610752091249545,0.0001610752091249545,0.0001610752091249545,2.3986082452529985e-06,2.3986082452529985e-06,2.3986082452529985e-06,-8.344031314719545e-06,-8.344031314719545e-06,-8.344031314719545e-06,1.4156865380489163e-05,1.4156865380489163e-05,1.4156865380489163e-05,-0.00011271802381705808,-0.00011271802381705808,-0.00011271802381705808,0.0017297025868027423,0.0017297025868027423,0.0017297025868027423,0.0,0.0,0.0,0.8052883474209019
2025-09-03 01:00:00,0.8032025766935237,0.8048547290518419,0.806506282851529,0.8032025766935237,0.8032025766935237,-3.754747288272094e-05,-3.754747288272094e-05,-3.754747288272094e-05,-0.0006035355648785417,-0.0006035355648785417,-0.0006035355648785417,0.0012826508481262474,0.0012826508481262474,0.0012826508481262474,-0.0001096429209937948,-0.0001096429209937948,-0.0001096429209937948,5.907994151836588e-05,5.907994151836588e-05,5.907994151836588e-05,2.6436114453478476e-05,2.6436114453478476e-05,2.6436114453478476e-05,0.0006137479435160276,0.0006137479435160276,0.0006137479435160276,0.0012485524814408175,0.0012485524814408175,0.0012485524814408175,0.002994166453714968,0.002994166453714968,0.002994166453714968,-4.438519655054272e-06,-4.438519655054272e-06,-4.438519655054272e-06,0.00010108846446505677,0.00010108846446505677,0.00010108846446505677,7.126453555209123e-05,7.126453555209123e-05,7.126453555209123e-05,3.137915747029247e-06,3.137915747029247e-06,3.137915747029247e-06,-7.941181925605459e-06,-7.941181925605459e-06,-7.941181925605459e-06,2.678197975558336e-05,2.678197975558336e-05,2.678197975558336e-05,-0.00010433286798648528,-0.00010433286798648528,-0.00010433286798648528,0.00171151560558872,0.00171151560558872,0.00171151560558872,0.0,0.0,0.0,0.8056074989041969
2025-09-03 02:00:00,0.8032806328725579,0.8046424682781512,0.8062234924457179,0.8032806328725579,0.8032806328725579,-3.754747288272094e-05,-3.754747288272094e-05,-3.754747288272094e-05,-0.0006035355648785417,-0.0006035355648785417,-0.0006035355648785417,0.0009899105609092562,0.0009899105609092562,0.0009899105609092562,-9.831165120799497e-05,-9.831165120799497e-05,-9.831165120799497e-05,0.00012191978201419997,0.00012191978201419997,0.00012191978201419997,2.6436114453478476e-05,2.6436114453478476e-05,2.6436114453478476e-05,0.00046962862714438757,0.00046962862714438757,0.00046962862714438757,0.0011378168481843483,0.0011378168481843483,0.0011378168481843483,0.0026642502229483277,0.0026642502229483277,0.0026642502229483277,-4.438519655054272e-06,-4.438519655054272e-06,-4.438519655054272e-06,-1.1200254330970299e-05,-1.1200254330970299e-05,-1.1200254330970299e-05,5.004706433907479e-05,5.004706433907479e-05,5.004706433907479e-05,1.6632103250270717e-06,1.6632103250270717e-06,1.6632103250270717e-06,-8.129364957757764e-06,-8.129364957757764e-06,-8.129364957757764e-06,5.548471423531368e-05,5.548471423531368e-05,5.548471423531368e-05,-0.00010992297187353382,-0.00010992297187353382,-0.00010992297187353382,0.0016743396620390715,0.0016743396620390715,0.0016743396620390715,0.0,0.0,0.0,0.8054207734777787
2025-09-03 03:00:00,0.8033586890515922,0.8044678691513474,0.8061771612266309,0.8033586890515922,0.8033586890515922,-3.754747288272094e-05,-3.754747288272094e-05,-3.754747288272094e-05,-0.0006035355648785417,-0.0006035355648785417,-0.0006035355648785417,0.0009775612382852943,0.0009775612382852943,0.0009775612382852943,-8.028620405274437e-05,-8.028620405274437e-05,-8.028620405274437e-05,0.0001758815763893009,0.0001758815763893009,0.0001758815763893009,2.6436114453478476e-05,2.6436114453478476e-05,2.6436114453478476e-05,0.0003563109398502969,0.0003563109398502969,0.0003563109398502969,0.0011816196890782422,0.0011816196890782422,0.0011816196890782422,0.002597462735257314,0.002597462735257314,0.002597462735257314,-4.438519655054272e-06,-4.438519655054272e-06,-4.438519655054272e-06,5.294504201233577e-06,5.294504201233577e-06,5.294504201233577e-06,-5.315821951745516e-06,-5.315821951745516e-06,-5.315821951745516e-06,-6.595077308890105e-06,-6.595077308890105e-06,-6.595077308890105e-06,-7.667829490975576e-06,-7.667829490975576e-06,-7.667829490975576e-06,7.335261668932707e-05,7.335261668932707e-05,7.335261668932707e-05,-9.59477121559125e-05,-9.59477121559125e-05,-9.59477121559125e-05,0.001619901496972019,0.001619901496972019,0.001619901496972019,0.0,0.0,0.0,0.805445383309449
2025-09-03 04:00:00,0.8034367452306265,0.8044313314274498,0.8061766814117348,0.8034367452306265,0.8034367452306265,-3.754747288272094e-05,-3.754747288272094e-05,-3.754747288272094e-05,-0.0006035355648785417,-0.0006035355648785417,-0.0006035355648785417,0.0007615507621124365,0.0007615507621124365,0.0007615507621124365,-5.679498396321345e-05,-5.679498396321345e-05,-5.679498396321345e-05,0.0002172879175330871,0.0002172879175330871,0.0002172879175330871,2.6436114453478476e-05,2.6436114453478476e-05,2.6436114453478476e-05,0.0002948147041900043,0.0002948147041900043,0.0002948147041900043,0.0007381841461168428,0.0007381841461168428,0.0007381841461168428,0.0023116971396913992,0.0023116971396913992,0.0023116971396913992,-4.438519655054272e-06,-4.438519655054272e-06,-4.438519655054272e-06,7.46464317395968e-05,7.46464317395968e-05,7.46464317395968e-05,2.8167620763238435e-06,2.8167620763238435e-06,2.8167620763238435e-06,-2.8989832768414565e-06,-2.8989832768414565e-06,-2.8989832768414565e-06,7.928001952926965e-06,7.928001952926965e-06,7.928001952926965e-06,0.000133518674217878,0.000133518674217878,0.000133518674217878,-2.8866465511330032e-05,-2.8866465511330032e-05,-2.8866465511330032e-05,0.0015501463775789632,0.0015501463775789632,0.0015501463775789632,0.0,0.0,0.0,0.8052940476564991
2025-09-03 05:00:00,0.8035148014096607,0.8040674944764652,0.8057932381410843,0.8035148014096607,0.8035148014096607,-3.754747288272094e-05,-3.754747288272094e-05,-3.754747288272094e-05,-0.0006035355648785417,-0.0006035355648785417,-0.0006035355648785417,0.00026461234172289966,0.00026461234172289966,0.00026461234172289966,-2.9438878767427e-05,-2.9438878767427e-05,-2.9438878767427e-05,0.0002433170317238236,0.0002433170317238236,0.0002433170317238236,2.6436114453478476e-05,2.6436114453478476e-05,2.6436114453478476e-05,6.482925423857094e-05,6.482925423857094e-05,6.482925423857094e-05,0.00039157688012104357,0.00039157688012104357,0.00039157688012104357,0.0017318201614578295,0.0017318201614578295,0.0017318201614578295,0.00025832184392415863,0.00025832184392415863,0.00025832184392415863,-0.0001729912771997889,-0.0001729912771997889,-0.0001729912771997889,3.701007124863813e-05,3.701007124863813e-05,3.701007124863813e-05,-2.0257934252814364e-06,-2.0257934252814364e-06,-2.0257934252814364e-06,8.589446337915871e-06,8.589446337915871e-06,8.589446337915871e-06,9.775694456626347e-05,9.775694456626347e-05,9.775694456626347e-05,-1.7686257737232943e-05,-1.7686257737232943e-05,-1.7686257737232943e-05,0.0014672078197349296,0.0014672078197349296,0.0014672078197349296,0.0,0.0,0.0,0.8049063445427717
2025-09-03 06:00:00,0.8035928575886949,0.8039372923953164,0.8055662153763755,0.8035928575886949,0.8035928575886949,-3.754747288272094e-05,-3.754747288272094e-05,-3.754747288272094e-05,-0.0006035355648785417,-0.0006035355648785417,-0.0006035355648785417,7.62605059890383e-05,7.62605059890383e-05,7.62605059890383e-05,-8.216182637657388e-08,-8.216182637657388e-08,-8.216182637657388e-08,0.0002521950778445568,0.0002521950778445568,0.0002521950778445568,2.6436114453478476e-05,2.6436114453478476e-05,2.6436114453478476e-05,0.00015681680256935434,0.00015681680256935434,0.00015681680256935434,0.00021693811687601314,0.00021693811687601314,0.00021693811687601314,0.0014496354398075627,0.0014496354398075627,0.0014496354398075627,-4.438519655054272e-06,-4.438519655054272e-06,-4.438519655054272e-06,4.164822976829022e-05,4.164822976829022e-05,4.164822976829022e-05,-8.508534909572102e-05,-8.508534909572102e-05,-8.508534909572102e-05,2.526265606289867e-07,2.526265606289867e-07,2.526265606289867e-07,1.1656772537114253e-05,1.1656772537114253e-05,1.1656772537114253e-05,0.00010751188368115236,0.00010751188368115236,0.00010751188368115236,-6.506049963135859e-06,-6.506049963135859e-06,-6.506049963135859e-06,0.0013733749338185244,0.0013733749338185244,0.0013733749338185244,0.0,0.0,0.0,0.8047577742742317
2025-09-03 07:00:00,0.8036709137677293,0.804010904603728,0.8057770868342873,0.8036709137677293,0.8036709137677293,-3.754747288272094e-05,-3.754747288272094e-05,-3.754747288272094e-05,-0.0006035355648785417,-0.0006035355648785417,-0.0006035355648785417,0.00014271049931020288,0.00014271049931020288,0.00014271049931020288,2.9274555114673858e-05,2.9274555114673858e-05,2.9274555114673858e-05,0.0002433170317238236,0.0002433170317238236,0.0002433170317238236,2.6436114453478476e-05,2.6436114453478476e-05,2.6436114453478476e-05,0.00018753549390158894,0.00018753549390158894,0.00018753549390158894,0.00026055909494490583,0.00026055909494490583,0.00026055909494490583,0.001413768335390772,0.001413768335390772,0.001413768335390772,-4.438519655054272e-06,-4.438519655054272e-06,-4.438519655054272e-06,-0.00010043075016197692,-0.00010043075016197692,-0.00010043075016197692,2.0740621181641686e-05,2.0740621181641686e-05,2.0740621181641686e-05,-8.206411805626598e-08,-8.206411805626598e-08,-8.206411805626598e-08,1.2479244960556695e-05,1.2479244960556695e-05,1.2479244960556695e-05,0.00010093350497139833,0.00010093350497139833,0.00010093350497139833,7.469209754485468e-06,7.469209754485468e-06,7.469209754485468e-06,0.0012710578360805693,0.0012710578360805693,0.0012710578360805693,0.0,0.0,0.0,0.8048071182576886
2025-09-03 08:00:00,0.8037489699467635,0.8043540973562034,0.8058418702615562,0.8037489699467635,0.8037489699467635,-3.754747288272094e-05,-3.754747288272094e-05,-3.754747288272094e-05,-0.0006035355648785417,-0.0006035355648785417,-0.0006035355648785417,0.0004701311169608768,0.0004701311169608768,0.0004701311169608768,5.663066031046027e-05,5.663066031046027e-05,5.663066031046027e-05,0.0002172879175330871,0.0002172879175330871,0.0002172879175330871,-9.896596692840658e-05,-9.896596692840658e-05,-9.896596692840658e-05,0.0003025981553178294,0.0003025981553178294,0.0003025981553178294,0.00045818230078970083,0.00045818230078970083,0.00045818230078970083,0.0016328827076501915,0.0016328827076501915,0.0016328827076501915,-4.438519655054272e-06,-4.438519655054272e-06,-4.438519655054272e-06,0.00011767870379987577,0.00011767870379987577,0.00011767870379987577,-4.931007041529038e-05,-4.931007041529038e-05,-4.931007041529038e-05,-1.4892652996090553e-06,-1.4892652996090553e-06,-1.4892652996090553e-06,1.3311402236573871e-05,1.3311402236573871e-05,1.3311402236573871e-05,8.387447144791405e-05,8.387447144791405e-05,8.387447144791405e-05,1.585436558505828e-05,1.585436558505828e-05,1.585436558505828e-05,0.0011627515906893152,0.0011627515906893152,0.0011627515906893152,0.0,0.0,0.0,0.8050613977410812
2025-09-03 09:00:00,0.8038270261257977,0.803328051227466,0.8048645625088262,0.8038270261257977,0.8038270261257977,-3.754747288272094e-05,-3.754747288272094e-05,-3.754747288272094e-05,-0.0006035355648785417,-0.0006035355648785417,-0.0006035355648785417,-0.0007212492880378681,-0.0007212492880378681,-0.0007212492880378681,8.01218803999912e-05,8.01218803999912e-05,8.01218803999912e-05,0.00017588157638930092,0.00017588157638930092,0.00017588157638930092,-9.896596692840658e-05,-9.896596692840658e-05,-9.896596692840658e-05,-0.0001039047354660764,-0.0001039047354660764,-0.0001039047354660764,-0.00012954503268455274,-0.00012954503268455274,-0.00012954503268455274,0.0003297498790172293,0.0003297498790172293,0.0003297498790172293,0.00025832184392415863,0.00025832184392415863,0.00025832184392415863,-0.00037463624437476453,-0.00037463624437476453,-0.00037463624437476453,5.822672427000257e-05,5.822672427000257e-05,5.822672427000257e-05,3.5354843935233206e-06,3.5354843935233206e-06,3.5354843935233206e-06,1.287854271506753e-05,1.287854271506753e-05,1.287854271506753e-05,2.4860363443616585e-05,2.4860363443616585e-05,2.4860363443616585e-05,1.305931364153401e-05,1.305931364153401e-05,1.305931364153401e-05,0.0010509991670550976,0.0010509991670550976,0.0010509991670550976,0.0,0.0,0.0,0.8040920879904134
2025-09-03 10:00:00,0.8039050823048319,0.8033430959761693,0.8047330538737848,0.8039050823048319,0.8039050823048319,-3.754747288272094e-05,-3.754747288272094e-05,-3.754747288272094e-05,-0.0006035355648785417,-0.0006035355648785417,-0.0006035355648785417,-0.0006948487092545328,-0.0006948487092545328,-0.0006948487092545328,9.814732755524184e-05,9.814732755524184e-05,9.814732755524184e-05,0.00012191978201419997,0.00012191978201419997,0.00012191978201419997,-9.896596692840658e-05,-9.896596692840658e-05,-9.896596692840658e-05,-0.0002976243225890452,-0.0002976243225890452,-0.0002976243225890452,9.594775374770932e-05,9.594775374770932e-05,9.594775374770932e-05,0.00024350519865683586,0.00024350519865683586,0.00024350519865683586,0.00025832184392415863,0.00025832184392415863,0.00025832184392415863,-0.0001898999448487471,-0.0001898999448487471,-0.0001898999448487471,-0.00018450448494945876,-0.00018450448494945876,-0.00018450448494945876,-8.197077191444921e-07,-8.197077191444921e-07,-8.197077191444921e-07,2.34714236679766e-05,2.34714236679766e-05,2.34714236679766e-05,2.3329752684983568e-05,2.3329752684983568e-05,2.3329752684983568e-05,9.69108719472621e-05,9.69108719472621e-05,9.69108719472621e-05,0.0009383539079113687,0.0009383539079113687,0.0009383539079113687,0.0,0.0,0.0,0.8041008373715999
2025-09-03 11:00:00,0.8039831384838663,0.8037475335839526,0.8053967094543492,0.8039831384838663,0.8039831384838663,-3.754747288272094e-05,-3.754747288272094e-05,-3.754747288272094e-05,-0.0006035355648785417,-0.0006035355648785417,-0.0006035355648785417,-4.62904276998851e-05,-4.62904276998851e-05,-4.62904276998851e-05,0.00010947859734104165,0.00010947859734104165,0.00010947859734104165,5.9079941518365944e-05,5.9079941518365944e-05,5.9079941518365944e-05,-9.896596692840658e-05,-9.896596692840658e-05,-9.896596692840658e-05,-0.00016308993300819083,-0.00016308993300819083,-0.00016308993300819083,0.0006278954076982574,0.0006278954076982574,0.0006278954076982574,0.0007810515826090262,0.0007810515826090262,0.0007810515826090262,-0.00026719888323426715,-0.00026719888323426715,-0.00026719888323426715,0.0003330603182191379,0.0003330603182191379,0.0003330603182191379,-9.342200708252197e-05,-9.342200708252197e-05,-9.342200708252197e-05,2.0631783883986645e-06,2.0631783883986645e-06,2.0631783883986645e-06,2.6042099961391096e-05,2.6042099961391096e-05,2.6042099961391096e-05,-4.544617058966349e-05,-4.544617058966349e-05,-4.544617058966349e-05,0.0001052960277778349,0.0001052960277778349,0.0001052960277778349,0.0008273420103089113,0.0008273420103089113,0.0008273420103089113,0.0,0.0,0.0,0.80461109078657
2025-09-03 12:00:00,0.8040089447914375,0.8038608043344942,0.8053678489090214,0.8040089447914375,0.8040089447914375,-3.754747288272094e-05,-3.754747288272094e-05,-3.754747288272094e-05,-0.0006035355648785417,-0.0006035355648785417,-0.0006035355648785417,-7.638628179327015e-05,-7.638628179327015e-05,-7.638628179327015e-05,0.00011334348244729716,0.00011334348244729716,0.00011334348244729716,-8.355513816156788e-06,-8.355513816156788e-06,-8.355513816156788e-06,-9.896596692840658e-05,-9.896596692840658e-05,-9.896596692840658e-05,-0.00015543515864681185,-0.00015543515864681185,-0.00015543515864681185,0.000445235874046787,0.000445235874046787,0.000445235874046787,0.0006440392378095532,0.0006440392378095532,0.0006440392378095532,-4.438519655054272e-06,-4.438519655054272e-06,-4.438519655054272e-06,1.9985434203742403e-06,1.9985434203742403e-06,1.9985434203742403e-06,0.0001644185835776787,0.0001644185835776787,0.0001644185835776787,-2.362421479076866e-06,-2.362421479076866e-06,-2.362421479076866e-06,2.851725122653313e-05,2.851725122653313e-05,2.851725122653313e-05,-4.412078960767611e-05,-4.412078960767611e-05,-4.412078960767611e-05,0.00012486139138250478,0.00012486139138250478,0.00012486139138250478,0.0007204255196028235,0.0007204255196028235,0.0007204255196028235,0.0,0.0,0.0,0.804526758099433
2025-09-03 13:00:00,0.8040347510990087,0.8034429835940062,0.8049898992640035,0.8040347510990087,0.8040347510990087,-3.754747288272094e-05,-3.754747288272094e-05,-3.754747288272094e-05,-0.0006035355648785417,-0.0006035355648785417,-0.0006035355648785417,-0.0001927153153378629,-0.0001927153153378629,-0.0001927153153378629,0.00010947859734104166,0.00010947859734104166,0.00010947859734104166,-7.579096915067954e-05,-7.579096915067954e-05,-7.579096915067954e-05,-9.896596692840658e-05,-9.896596692840658e-05,-9.896596692840658e-05,-2.1183855718281313e-05,-2.1183855718281313e-05,-2.1183855718281313e-05,0.00047325578612869915,0.00047325578612869915,0.00047325578612869915,0.0004272510147752675,0.0004272510147752675,0.0004272510147752675,-0.00026719888323426715,-0.00026719888323426715,-0.00026719888323426715,0.00023677824383284255,0.00023677824383284255,0.00023677824383284255,1.191719918160267e-06,1.191719918160267e-06,1.191719918160267e-06,7.627007818100598e-06,7.627007818100598e-06,7.627007818100598e-06,2.7670821450702376e-05,2.7670821450702376e-05,2.7670821450702376e-05,-6.097101458644423e-05,-6.097101458644423e-05,-6.097101458644423e-05,0.00011647623555193196,0.00011647623555193196,0.00011647623555193196,0.0006199663301131304,0.0006199663301131304,0.0006199663301131304,0.0,0.0,0.0,0.8043782757623303
2025-09-03 14:00:00,0.80406055740658,0.8033162225119039,0.8048187733947233,0.80406055740658,0.80406055740658,-3.754747288272094e-05,-3.754747288272094e-05,-3.754747288272094e-05,-0.0006035355648785417,-0.0006035355648785417,-0.0006035355648785417,-0.0005182474711404293,-0.0005182474711404293,-0.0005182474711404293,9.814732755524185e-05,9.814732755524185e-05,9.814732755524185e-05,-0.00013863080964651356,-0.00013863080964651356,-0.00013863080964651356,-9.896596692840658e-05,-9.896596692840658e-05,-9.896596692840658e-05,-0.00018596188694949294,-0.00018596188694949294,-0.00018596188694949294,0.00017038478785412343,0.00017038478785412343,0.00017038478785412343,9.944200792729027e-06,9.944200792729027e-06,9.944200792729027e-06,0.00025832184392415863,0.00025832184392415863,0.00025832184392415863,-0.00020947323076260472,-0.00020947323076260472,-0.00020947323076260472,0.00011694762128292169,0.00011694762128292169,0.00011694762128292169,3.878573590012278e-06,3.878573590012278e-06,3.878573590012278e-06,2.6062414606412606e-05,2.6062414606412606e-05,2.6062414606412606e-05,-2.037608373932993e-05,-2.037608373932993e-05,-2.037608373932993e-05,0.00010250097583431063,0.00010250097583431063,0.00010250097583431063,0.0005281916719331583,0.0005281916719331583,0.0005281916719331583,0.0,0.0,0.0,0.8040685531462124
2025-09-03 15:00:00,0.8040863637141512,0.8025347424478821,0.804012405244813,0.8040863637141512,0.8040863637141512,-3.754747288272094e-05,-3.754747288272094e-05,-3.754747288272094e-05,-0.0006035355648785417,-0.0006035355648785417,-0.0006035355648785417,-0.0015017203276100376,-0.0015017203276100376,-0.0015017203276100376,8.012188039999126e-05,8.012188039999126e-05,8.012188039999126e-05,-0.0001925926040216144,-0.0001925926040216144,-0.0001925926040216144,-9.896596692840658e-05,-9.896596692840658e-05,-9.896596692840658e-05,-0.00027434813149447985,-0.00027434813149447985,-0.00027434813149447985,-0.000255759794378614,-0.000255759794378614,-0.000255759794378614,-0.00105455878411111,-0.00105455878411111,-0.00105455878411111,0.00025832184392415863,0.00025832184392415863,0.00025832184392415863,-0.00032539187200190755,-0.00032539187200190755,-0.00032539187200190755,-0.00010307242979644606,-0.00010307242979644606,-0.00010307242979644606,-6.732671493077935e-06,-6.732671493077935e-06,-6.732671493077935e-06,2.3018433044725772e-05,2.3018433044725772e-05,2.3018433044725772e-05,-5.096664127626941e-05,-5.096664127626941e-05,-5.096664127626941e-05,8.573066417316501e-05,8.573066417316501e-05,8.573066417316501e-05,0.00044716154349892746,0.00044716154349892746,0.00044716154349892746,0.0,0.0,0.0,0.8032384073761125
2025-09-03 16:00:00,0.8041121700217225,0.8022950758810353,0.8039429012896283,0.8041121700217225,0.8041121700217225,-3.754747288272094e-05,-3.754747288272094e-05,-3.754747288272094e-05,-0.0006035355648785417,-0.0006035355648785417,-0.0006035355648785417,-0.001638726222452778,-0.001638726222452778,-0.001638726222452778,5.6630660310460354e-05,5.6630660310460354e-05,5.6630660310460354e-05,-0.00023399894516540066,-0.00023399894516540066,-0.00023399894516540066,-9.896596692840658e-05,-9.896596692840658e-05,-9.896596692840658e-05,-0.00035111973876407113,-0.00035111973876407113,-0.00035111973876407113,-0.00023539306279132276,-0.00023539306279132276,-0.00023539306279132276,-0.0012599876983495851,-0.0012599876983495851,-0.0012599876983495851,-4.438519655054272e-06,-4.438519655054272e-06,-4.438519655054272e-06,-9.072574620537239e-05,-9.072574620537239e-05,-9.072574620537239e-05,-0.00016022501487113645,-0.00016022501487113645,-0.00016022501487113645,-1.518667038026188e-08,-1.518667038026188e-08,-1.518667038026188e-08,2.3282834956386913e-05,2.3282834956386913e-05,2.3282834956386913e-05,6.004733032568087e-06,6.004733032568087e-06,6.004733032568087e-06,9.132076806021356e-05,9.132076806021356e-05,9.132076806021356e-05,0.00037873852410319313,0.00037873852410319313,0.00037873852410319313,0.0,0.0,0.0,0.803098998579402
2025-09-03 17:00:00,0.8041379763292937,0.802799664038252,0.8045373952481979,0.8041379763292937,0.8041379763292937,-3.754747288272094e-05,-3.754747288272094e-05,-3.754747288272094e-05,-0.0006035355648785417,-0.0006035355648785417,-0.0006035355648785417,-0.001063518293286372,-0.001063518293286372,-0.001063518293286372,2.9274555114673858e-05,2.9274555114673858e-05,2.9274555114673858e-05,-0.0002600280593561373,-0.0002600280593561373,-0.0002600280593561373,0.00010167736328260952,0.00010167736328260952,0.00010167736328260952,-0.00028212601921769417,-0.00028212601921769417,-0.00028212601921769417,-0.00010192672639324591,-0.00010192672639324591,-0.00010192672639324591,-0.0007389579249249073,-0.0007389579249249073,-0.0007389579249249073,-4.438519655054272e-06,-4.438519655054272e-06,-4.438519655054272e-06,1.8532148992841666e-05,1.8532148992841666e-05,1.8532148992841666e-05,-4.452511039203587e-05,-4.452511039203587e-05,-4.452511039203587e-05,-4.7790379943723556e-06,-4.7790379943723556e-06,-4.7790379943723556e-06,2.4397215954106696e-05,2.4397215954106696e-05,2.4397215954106696e-05,4.5960621919366834e-06,4.5960621919366834e-06,4.5960621919366834e-06,9.69108719472621e-05,9.69108719472621e-05,9.69108719472621e-05,0.0003245603683614648,0.0003245603683614648,0.0003245603683614648,0.0,0.0,0.0,0.8035437521989521
2025-09-03 18:00:00,0.804163782636865,0.8029358148451501,0.8044901193938826,0.804163782636865,0.804163782636865,-3.754747288272094e-05,-3.754747288272094e-05,-3.754747288272094e-05,-0.0006035355648785417,-0.0006035355648785417,-0.0006035355648785417,-0.0007327870269952506,-0.0007327870269952506,-0.0007327870269952506,-8.21618263765461e-08,-8.21618263765461e-08,-8.21618263765461e-08,-0.0002689061054768704,-0.0002689061054768704,-0.0002689061054768704,0.00010167736328260952,0.00010167736328260952,0.00010167736328260952,-0.0001917113553603763,-0.0001917113553603763,-0.0001917113553603763,0.0001731072997173428,0.0001731072997173428,0.0001731072997173428,-0.00044677127806028356,-0.00044677127806028356,-0.00044677127806028356,-0.00026719888323426715,-0.00026719888323426715,-0.00026719888323426715,0.0002735768146611816,0.0002735768146611816,0.0002735768146611816,9.343457110464696e-06,9.343457110464696e-06,9.343457110464696e-06,4.275729834150047e-06,4.275729834150047e-06,4.275729834150047e-06,2.05129179796628e-05,2.05129179796628e-05,2.05129179796628e-05,-6.874262602955588e-06,-6.874262602955588e-06,-6.874262602955588e-06,6.0575196681446596e-05,6.0575196681446596e-05,6.0575196681446596e-05,0.00028601574893496714,0.00028601574893496714,0.00028601574893496714,0.0,0.0,0.0,0.8038045053559266
2025-09-03 19:00:00,0.8041895889444363,0.8029601605333504,0.8047002374150861,0.8041895889444363,0.8041895889444363,-3.754747288272094e-05,-3.754747288272094e-05,-3.754747288272094e-05,-0.0006035355648785417,-0.0006035355648785417,-0.0006035355648785417,-0.0005676100527699486,-0.0005676100527699486,-0.0005676100527699486,-2.943887876742695e-05,-2.943887876742695e-05,-2.943887876742695e-05,-0.0002600280593561373,-0.0002600280593561373,-0.0002600280593561373,0.00010167736328260952,0.00010167736328260952,0.00010167736328260952,3.247286789337298e-05,3.247286789337298e-05,3.247286789337298e-05,-7.092856700994087e-05,-7.092856700994087e-05,-7.092856700994087e-05,-0.0003033865808495774,-0.0003033865808495774,-0.0003033865808495774,-4.438519655054272e-06,-4.438519655054272e-06,-4.438519655054272e-06,1.1914956493743992e-05,1.1914956493743992e-05,1.1914956493743992e-05,0.00013509080711920105,0.00013509080711920105,0.00013509080711920105,6.627803593393547e-06,6.627803593393547e-06,6.627803593393547e-06,2.6632064595350324e-05,2.6632064595350324e-05,2.6632064595350324e-05,4.619859306745793e-06,4.619859306745793e-06,4.619859306745793e-06,0.00011927128749545622,0.00011927128749545622,0.00011927128749545622,0.00026422347192037133,0.00026422347192037133,0.00026422347192037133,0.0,0.0,0.0,0.8039456086146916
2025-09-03 20:00:00,0.8042153952520074,0.8032812889134129,0.8051143275289953,0.8042153952520074,0.8042153952520074,-3.754747288272094e-05,-3.754747288272094e-05,-3.754747288272094e-05,-0.0006035355648785417,-0.0006035355648785417,-0.0006035355648785417,-0.000405898579967873,-0.000405898579967873,-0.000405898579967873,-5.679498396321345e-05,-5.679498396321345e-05,-5.679498396321345e-05,-0.0002339989451654007,-0.0002339989451654007,-0.0002339989451654007,0.00010167736328260952,0.00010167736328260952,0.00010167736328260952,0.00020133132763082507,0.00020133132763082507,0.00020133132763082507,-0.00010420550376869857,-0.00010420550376869857,-0.00010420550376869857,-0.00014588313607613292,-0.00014588313607613292,-0.00014588313607613292,-4.438519655054272e-06,-4.438519655054272e-06,-4.438519655054272e-06,0.00010125542478865293,0.00010125542478865293,0.00010125542478865293,6.0809131984846844e-06,6.0809131984846844e-06,6.0809131984846844e-06,1.8662567811779594e-06,1.8662567811779594e-06,1.8662567811779594e-06,2.7306468285793188e-05,2.7306468285793188e-05,2.7306468285793188e-05,7.303831693923278e-05,7.303831693923278e-05,7.303831693923278e-05,0.00012206633943898051,0.00012206633943898051,0.00012206633943898051,0.00026001544389173993,0.00026001544389173993,0.00026001544389173993,0.0,0.0,0.0,0.8040980737880673
2025-09-03 21:00:00,0.8041646953939345,0.8028454985168092,0.8045412641263061,0.8041646953939345,0.8041646953939345,-3.754747288272094e-05,-3.754747288272094e-05,-3.754747288272094e-05,-0.0006035355648785417,-0.0006035355648785417,-0.0006035355648785417,-0.0007937212578307804,-0.0007937212578307804,-0.0007937212578307804,-8.028620405274433e-05,-8.028620405274433e-05,-8.028620405274433e-05,-0.00019259260402161457,-0.00019259260402161457,-0.00019259260402161457,0.00010167736328260952,0.00010167736328260952,0.00010167736328260952,-7.124728695747932e-05,-7.124728695747932e-05,-7.124728695747932e-05,-0.00028897946330203657,-0.00028897946330203657,-0.00028897946330203657,-0.00051979763716237,-0.00051979763716237,-0.00051979763716237,0.00025832184392415863,0.00025832184392415863,0.00025832184392415863,-0.00013693524735160418,-0.00013693524735160418,-0.00013693524735160418,5.012938254084467e-05,5.012938254084467e-05,5.012938254084467e-05,-3.506655838399332e-07,-3.506655838399332e-07,-3.506655838399332e-07,2.7187222313681298e-05,2.7187222313681298e-05,2.7187222313681298e-05,6.116615164305081e-05,6.116615164305081e-05,6.116615164305081e-05,0.00011927128749545622,0.00011927128749545622,0.00011927128749545622,0.00027392362066841047,0.00027392362066841047,0.00027392362066841047,0.0,0.0,0.0,0.8037466924853793
2025-09-03 22:00:00,0.8041139955358617,0.8024345985935379,0.8042882626293227,0.8041139955358617,0.8041139955358617,-3.754747288272094e-05,-3.754747288272094e-05,-3.754747288272094e-05,-0.0006035355648785417,-0.0006035355648785417,-0.0006035355648785417,-0.0011077491748203753,-0.0011077491748203753,-0.0011077491748203753,-9.831165120799493e-05,-9.831165120799493e-05,-9.831165120799493e-05,-0.00013863080964651373,-0.00013863080964651373,-0.00013863080964651373,0.00010167736328260952,0.00010167736328260952,0.00010167736328260952,-0.00015571344041175983,-0.00015571344041175983,-0.00015571344041175983,-0.0003917924759539292,-0.0003917924759539292,-0.0003917924759539292,-0.0008015780591821077,-0.0008015780591821077,-0.0008015780591821077,0.00025832184392415863,0.00025832184392415863,0.00025832184392415863,-0.00014364280714665228,-0.00014364280714665228,-0.00014364280714665228,-6.730826603709677e-05,-6.730826603709677e-05,-6.730826603709677e-05,-5.525707830195565e-06,-5.525707830195565e-06,-5.525707830195565e-06,2.6315040677906242e-05,2.6315040677906242e-05,2.6315040677906242e-05,3.985369356899619e-05,3.985369356899619e-05,3.985369356899619e-05,0.00010809107972135916,0.00010809107972135916,0.00010809107972135916,0.00030617111563826767,0.00030617111563826767,0.00030617111563826767,0.0,0.0,0.0,0.8034694353999589
2025-09-03 23:00:00,0.8040632956777889,0.8029288031426904,0.8046844618464392,0.8040632956777889,0.8040632956777889,-3.754747288272094e-05,-3.754747288272094e-05,-3.754747288272094e-05,-0.0006035355648785417,-0.0006035355648785417,-0.0006035355648785417,-0.0008470516846688713,-0.0008470516846688713,-0.0008470516846688713,-0.00010964292099379478,-0.00010964292099379478,-0.00010964292099379478,-7.579096915067973e-05,-7.579096915067973e-05,-7.579096915067973e-05,0.00010167736328260952,0.00010167736328260952,0.00010167736328260952,-0.00017858120600231458,-0.00017858120600231458,-0.00017858120600231458,-0.00024270418761983576,-0.00024270418761983576,-0.00024270418761983576,-0.0004903840935861597,-0.0004903840935861597,-0.0004903840935861597,-4.438519655054272e-06,-4.438519655054272e-06,-4.438519655054272e-06,0.000197348340506402,0.000197348340506402,0.000197348340506402,-7.061536468604196e-05,-7.061536468604196e-05,-7.061536468604196e-05,-2.1639792274080134e-07,-2.1639792274080134e-07,-2.1639792274080134e-07,2.3518242842233207e-05,2.3518242842233207e-05,2.3518242842233207e-05,6.215620443139493e-05,6.215620443139493e-05,6.215620443139493e-05,9.132076806021356e-05,9.132076806021356e-05,9.132076806021356e-05,0.0003566675910827116,0.0003566675910827116,0.0003566675910827116,0.0,0.0,0.0,0.8036689958273521
2025-09-04 00:00:00,0.8040125958197161,0.8028248815231382,0.8045901478973112,0.8040125958197161,0.8040125958197161,-0.0003652961656261313,-0.0003652961656261313,-0.0003652961656261313,-0.00012308895569287226,-0.00012308895569287226,-0.00012308895569287226,-0.0007788339226295535,-0.0007788339226295535,-0.0007788339226295535,-0.0001135078061000503,-0.0001135078061000503,-0.0001135078061000503,-8.35551381615682e-06,-8.35551381615682e-06,-8.35551381615682e-06,2.6436114453478476e-05,2.6436114453478476e-05,2.6436114453478476e-05,-8.280788987747961e-05,-8.280788987747961e-05,-8.280788987747961e-05,-0.0003350678807477956,-0.0003350678807477956,-0.0003350678807477956,-0.00035382492263140745,-0.00035382492263140745,-0.00035382492263140745,-4.438519655054272e-06,-4.438519655054272e-06,-4.438519655054272e-06,-4.433542658576649e-05,-4.433542658576649e-05,-4.433542658576649e-05,9.750708195069269e-05,9.750708195069269e-05,9.750708195069269e-05,-2.0291811719955707e-06,-2.0291811719955707e-06,-2.0291811719955707e-06,2.4003656661744143e-05,2.4003656661744143e-05,2.4003656661744143e-05,6.08257955176198e-05,6.08257955176198e-05,6.08257955176198e-05,9.132076806021356e-05,9.132076806021356e-05,9.132076806021356e-05,0.0004250089999981465,0.0004250089999981465,0.0004250089999981465,0.0,0.0,0.0,0.8037281161252056
2025-09-04 01:00:00,0.8039618959616432,0.8033594131402088,0.8050548707412359,0.8039618959616432,0.8039618959616432,-0.0003652961656261313,-0.0003652961656261313,-0.0003652961656261313,-0.00012308895569287226,-0.00012308895569287226,-0.00012308895569287226,-0.00020243427463213543,-0.00020243427463213543,-0.00020243427463213543,-0.0001096429209937948,-0.0001096429209937948,-0.0001096429209937948,5.907994151836588e-05,5.907994151836588e-05,5.907994151836588e-05,2.6436114453478476e-05,2.6436114453478476e-05,2.6436114453478476e-05,0.00016655513854332545,0.00016655513854332545,0.00016655513854332545,-0.00011959839806518383,-0.00011959839806518383,-0.00011959839806518383,0.0003080474142113956,0.0003080474142113956,0.0003080474142113956,-4.438519655054272e-06,-4.438519655054272e-06,-4.438519655054272e-06,0.0001045740582016941,0.0001045740582016941,0.0001045740582016941,-2.1652803916080934e-05,-2.1652803916080934e-05,-2.1652803916080934e-05,2.8038812556523283e-06,2.8038812556523283e-06,2.8038812556523283e-06,2.460478927566943e-05,2.460478927566943e-05,2.460478927566943e-05,6.0318694121534204e-05,6.0318694121534204e-05,6.0318694121534204e-05,9.69108719472621e-05,9.69108719472621e-05,9.69108719472621e-05,0.0005104816888435314,0.0005104816888435314,0.0005104816888435314,0.0,0.0,0.0,0.8042095543448188
2025-09-04 02:00:00,0.8039111961035704,0.8034317658921358,0.8052247367305484,0.8039111961035704,0.8039111961035704,-0.0003652961656261313,-0.0003652961656261313,-0.0003652961656261313,-0.00012308895569287226,-0.00012308895569287226,-0.00012308895569287226,-0.0001577764522042868,-0.0001577764522042868,-0.0001577764522042868,-9.831165120799497e-05,-9.831165120799497e-05,-9.831165120799497e-05,0.00012191978201419997,0.00012191978201419997,0.00012191978201419997,2.6436114453478476e-05,2.6436114453478476e-05,2.6436114453478476e-05,0.00021073421872105789,0.00021073421872105789,0.00021073421872105789,-0.0001632239121468873,-0.0001632239121468873,-0.0001632239121468873,0.0004542943625747297,0.0004542943625747297,0.0004542943625747297,-4.438519655054272e-06,-4.438519655054272e-06,-4.438519655054272e-06,-1.4549660983537019e-05,-1.4549660983537019e-05,-1.4549660983537019e-05,5.17656032249622e-05,5.17656032249622e-05,5.17656032249622e-05,2.9399825350826146e-06,2.9399825350826146e-06,2.9399825350826146e-06,2.4762880807470842e-05,2.4762880807470842e-05,2.4762880807470842e-05,7.566295940467624e-05,7.566295940467624e-05,7.566295940467624e-05,9.69108719472621e-05,9.69108719472621e-05,9.69108719472621e-05,0.0006120708147790161,0.0006120708147790161,0.0006120708147790161,0.0,0.0,0.0,0.804276408427971
2025-09-04 03:00:00,0.8038604962454975,0.8035667681520491,0.8053876175095448,0.8038604962454975,0.8038604962454975,-0.0003652961656261313,-0.0003652961656261313,-0.0003652961656261313,-0.00012308895569287226,-0.00012308895569287226,-0.00012308895569287226,0.0001452033955197084,0.0001452033955197084,0.0001452033955197084,-8.028620405274437e-05,-8.028620405274437e-05,-8.028620405274437e-05,0.0001758815763893009,0.0001758815763893009,0.0001758815763893009,2.6436114453478476e-05,2.6436114453478476e-05,2.6436114453478476e-05,0.0002452703127422705,0.0002452703127422705,0.0002452703127422705,-2.4647933458902107e-05,-2.4647933458902107e-05,-2.4647933458902107e-05,0.0008736763698026805,0.0008736763698026805,0.0008736763698026805,-4.438519655054272e-06,-4.438519655054272e-06,-4.438519655054272e-06,7.808124849435704e-05,7.808124849435704e-05,7.808124849435704e-05,-6.967215089328713e-06,-6.967215089328713e-06,-6.967215089328713e-06,-3.9789765033808255e-06,-3.9789765033808255e-06,-3.9789765033808255e-06,2.4846786527090916e-05,2.4846786527090916e-05,2.4846786527090916e-05,0.00010648045504436235,0.00010648045504436235,0.00010648045504436235,9.69108719472621e-05,9.69108719472621e-05,9.69108719472621e-05,0.0007284729742829724,0.0007284729742829724,0.0007284729742829724,0.0,0.0,0.0,0.8045628101656851
2025-09-04 04:00:00,0.8038097963874247,0.8035713859673176,0.8053936318500653,0.8038097963874247,0.8038097963874247,-0.0003652961656261313,-0.0003652961656261313,-0.0003652961656261313,-0.00012308895569287226,-0.00012308895569287226,-0.00012308895569287226,9.917550884116084e-05,9.917550884116084e-05,9.917550884116084e-05,-5.679498396321345e-05,-5.679498396321345e-05,-5.679498396321345e-05,0.0002172879175330871,0.0002172879175330871,0.0002172879175330871,2.6436114453478476e-05,2.6436114453478476e-05,2.6436114453478476e-05,0.00012037675745267533,0.00012037675745267533,0.00012037675745267533,-7.079837032011913e-05,-7.079837032011913e-05,-7.079837032011913e-05,0.0009572883934149071,0.0009572883934149071,0.0009572883934149071,-4.438519655054272e-06,-4.438519655054272e-06,-4.438519655054272e-06,5.82282362588294e-05,5.82282362588294e-05,5.82282362588294e-05,3.8703575025887785e-05,3.8703575025887785e-05,3.8703575025887785e-05,9.249633680250234e-07,9.249633680250234e-07,9.249633680250234e-07,2.5498109866501254e-05,2.5498109866501254e-05,2.5498109866501254e-05,0.00013522595819280483,0.00013522595819280483,0.00013522595819280483,9.69108719472621e-05,9.69108719472621e-05,9.69108719472621e-05,0.0008581128845737464,0.0008581128845737464,0.0008581128845737464,0.0,0.0,0.0,0.8045792741760195
2025-09-04 05:00:00,0.8037590965293518,0.8039464835223539,0.8058225134686972,0.8037590965293518,0.8037590965293518,-0.0003652961656261313,-0.0003652961656261313,-0.0003652961656261313,-0.00012308895569287226,-0.00012308895569287226,-0.00012308895569287226,0.00047911554848199323,0.00047911554848199323,0.00047911554848199323,-2.9438878767427e-05,-2.9438878767427e-05,-2.9438878767427e-05,0.0002433170317238236,0.0002433170317238236,0.0002433170317238236,2.6436114453478476e-05,2.6436114453478476e-05,2.6436114453478476e-05,0.0001242058006773574,0.0001242058006773574,0.0001242058006773574,0.00023440030112793423,0.00023440030112793423,0.00023440030112793423,0.0014782794551606816,0.0014782794551606816,0.0014782794551606816,-4.438519655054272e-06,-4.438519655054272e-06,-4.438519655054272e-06,1.85172108147493e-05,1.85172108147493e-05,1.85172108147493e-05,2.8915235905888235e-05,2.8915235905888235e-05,2.8915235905888235e-05,-2.0965186639115495e-06,-2.0965186639115495e-06,-2.0965186639115495e-06,3.454334287562372e-05,3.454334287562372e-05,3.454334287562372e-05,0.00014871279432136016,0.00014871279432136016,0.00014871279432136016,0.00014442675498717466,0.00014442675498717466,0.00014442675498717466,0.0009991639066786883,0.0009991639066786883,0.0009991639066786883,0.0,0.0,0.0,0.8049472770886497
2025-09-04 06:00:00,0.803708396671279,0.8041482101646499,0.8057658983958513,0.803708396671279,0.803708396671279,-0.0003652961656261313,-0.0003652961656261313,-0.0003652961656261313,-0.00012308895569287226,-0.00012308895569287226,-0.00012308895569287226,0.00041581425770203796,0.00041581425770203796,0.00041581425770203796,-8.216182637657388e-08,-8.216182637657388e-08,-8.216182637657388e-08,0.0002521950778445568,0.0002521950778445568,0.0002521950778445568,2.6436114453478476e-05,2.6436114453478476e-05,2.6436114453478476e-05,2.635319986589488e-05,2.635319986589488e-05,2.635319986589488e-05,0.0003294425508353206,0.0003294425508353206,0.0003294425508353206,0.00156538640517436,0.00156538640517436,0.00156538640517436,-4.438519655054272e-06,-4.438519655054272e-06,-4.438519655054272e-06,-6.746760042157465e-05,-6.746760042157465e-05,-6.746760042157465e-05,9.33609198363818e-06,9.33609198363818e-06,9.33609198363818e-06,3.205884640149514e-07,3.205884640149514e-07,3.205884640149514e-07,3.697617769637168e-05,3.697617769637168e-05,3.697617769637168e-05,0.0001395208970194997,0.0001395208970194997,0.0001395208970194997,0.00015560696276127172,0.00015560696276127172,0.00015560696276127172,0.0011495721474723219,0.0011495721474723219,0.0011495721474723219,0.0,0.0,0.0,0.8049665108691527
2025-09-04 07:00:00,0.8036576968132061,0.8043317873751556,0.8058790339311281,0.8036576968132061,0.8036576968132061,-0.0003652961656261313,-0.0003652961656261313,-0.0003652961656261313,-0.00012308895569287226,-0.00012308895569287226,-0.00012308895569287226,0.00047446465841445595,0.00047446465841445595,0.00047446465841445595,2.9274555114673858e-05,2.9274555114673858e-05,2.9274555114673858e-05,0.0002433170317238236,0.0002433170317238236,0.0002433170317238236,2.6436114453478476e-05,2.6436114453478476e-05,2.6436114453478476e-05,0.0002258688404860433,0.0002258688404860433,0.0002258688404860433,0.0002316468263517445,0.0002316468263517445,0.0002316468263517445,0.0017815484899166025,0.0017815484899166025,0.0017815484899166025,-0.00026719888323426715,-0.00026719888323426715,-0.00026719888323426715,0.00020708097892170626,0.00020708097892170626,0.00020708097892170626,-3.30579025178173e-05,-3.30579025178173e-05,-3.30579025178173e-05,-1.5589602362500337e-06,-1.5589602362500337e-06,-1.5589602362500337e-06,4.154924886471871e-05,4.154924886471871e-05,4.154924886471871e-05,0.00010388496704433346,0.00010388496704433346,0.00010388496704433346,0.00015560696276127172,0.00015560696276127172,0.00015560696276127172,0.0013070838315021463,0.0013070838315021463,0.0013070838315021463,0.0,0.0,0.0,0.8050894519693735
2025-09-04 08:00:00,0.8036069969551333,0.8046616958952917,0.8062222527762977,0.8036069969551333,0.8036069969551333,-0.0003652961656261313,-0.0003652961656261313,-0.0003652961656261313,-0.00012308895569287226,-0.00012308895569287226,-0.00012308895569287226,0.0009165540122762445,0.0009165540122762445,0.0009165540122762445,5.663066031046027e-05,5.663066031046027e-05,5.663066031046027e-05,0.0002172879175330871,0.0002172879175330871,0.0002172879175330871,-9.896596692840658e-05,-9.896596692840658e-05,-9.896596692840658e-05,0.00038318364700148667,0.00038318364700148667,0.00038318364700148667,0.0003291556795620474,0.0003291556795620474,0.0003291556795620474,0.002385829602004266,0.002385829602004266,0.002385829602004266,-4.438519655054272e-06,-4.438519655054272e-06,-4.438519655054272e-06,0.00012760833840836692,0.00012760833840836692,0.00012760833840836692,0.00010230566688133868,0.00010230566688133868,0.00010230566688133868,-1.156128141067639e-06,-1.156128141067639e-06,-1.156128141067639e-06,4.0662642859480273e-05,4.0662642859480273e-05,4.0662642859480273e-05,9.985328494576183e-05,9.985328494576183e-05,9.985328494576183e-05,0.00015281191081774746,0.00015281191081774746,0.00015281191081774746,0.001469275589728022,0.001469275589728022,0.001469275589728022,0.0,0.0,0.0,0.8055242663168466
2025-09-04 09:00:00,0.8035562970970604,0.8040484875654119,0.8055924507317888,0.8035562970970604,0.8035562970970604,-0.0003652961656261313,-0.0003652961656261313,-0.0003652961656261313,-0.00012308895569287226,-0.00012308895569287226,-0.00012308895569287226,8.550346669218591e-06,8.550346669218591e-06,8.550346669218591e-06,8.01218803999912e-05,8.01218803999912e-05,8.01218803999912e-05,0.00017588157638930092,0.00017588157638930092,0.00017588157638930092,-9.896596692840658e-05,-9.896596692840658e-05,-9.896596692840658e-05,0.00011658704357377486,0.00011658704357377486,0.00011658704357377486,-5.829607804996331e-05,-5.829607804996331e-05,-5.829607804996331e-05,0.0016421376201392636,0.0016421376201392636,0.0016421376201392636,0.00025832184392415863,0.00025832184392415863,0.00025832184392415863,-0.0002623327008566371,-0.0002623327008566371,-0.0002623327008566371,6.312243630264124e-05,6.312243630264124e-05,6.312243630264124e-05,-3.5036247731343915e-07,-3.5036247731343915e-07,-3.5036247731343915e-07,3.919202914541194e-05,3.919202914541194e-05,3.919202914541194e-05,3.363690769104057e-05,3.363690769104057e-05,3.363690769104057e-05,0.0001500168588742232,0.0001500168588742232,0.0001500168588742232,0.001633587273470045,0.001633587273470045,0.001633587273470045,0.0,0.0,0.0,0.8048758471224233
2025-09-04 10:00:00,0.8035055972389876,0.8041579799983622,0.8060775576346634,0.8035055972389876,0.8035055972389876,-0.0003652961656261313,-0.0003652961656261313,-0.0003652961656261313,-0.00012308895569287226,-0.00012308895569287226,-0.00012308895569287226,0.00023087703592981738,0.00023087703592981738,0.00023087703592981738,9.814732755524184e-05,9.814732755524184e-05,9.814732755524184e-05,0.00012191978201419997,0.00012191978201419997,0.00012191978201419997,-9.896596692840658e-05,-9.896596692840658e-05,-9.896596692840658e-05,0.0002777222722667005,0.0002777222722667005,0.0002777222722667005,0.0002855792927695242,0.0002855792927695242,0.0002855792927695242,0.002028233904094568,0.002028233904094568,0.002028233904094568,-0.00026719888323426715,-0.00026719888323426715,-0.00026719888323426715,0.00023350310838986745,0.00023350310838986745,0.00023350310838986745,-0.00012913428947021122,-0.00012913428947021122,-0.00012913428947021122,1.3943320432594252e-06,1.3943320432594252e-06,1.3943320432594252e-06,3.8821995188270327e-05,3.8821995188270327e-05,3.8821995188270327e-05,1.0251379723943333e-05,1.0251379723943333e-05,1.0251379723943333e-05,0.00014722180693069891,0.00014722180693069891,0.00014722180693069891,0.0017973568681647505,0.0017973568681647505,0.0017973568681647505,0.0,0.0,0.0,0.8051352945334376
2025-09-04 11:00:00,0.8034548973809148,0.8046245042557907,0.8063945886887663,0.8034548973809148,0.8034548973809148,-0.0003652961656261313,-0.0003652961656261313,-0.0003652961656261313,-0.00012308895569287226,-0.00012308895569287226,-0.00012308895569287226,0.0006118616635347914,0.0006118616635347914,0.0006118616635347914,0.00010947859734104165,0.00010947859734104165,0.00010947859734104165,5.9079941518365944e-05,5.9079941518365944e-05,5.9079941518365944e-05,-9.896596692840658e-05,-9.896596692840658e-05,-9.896596692840658e-05,0.0002048120355258037,0.0002048120355258037,0.0002048120355258037,0.0005217636096987425,0.0005217636096987425,0.0005217636096987425,0.0025697187159032567,0.0025697187159032567,0.0025697187159032567,-4.438519655054272e-06,-4.438519655054272e-06,-4.438519655054272e-06,-2.1141922872944554e-05,-2.1141922872944554e-05,-2.1141922872944554e-05,0.00011533284685980414,0.00011533284685980414,0.00011533284685980414,-4.176458833919745e-06,-4.176458833919745e-06,-4.176458833919745e-06,4.8026483279748343e-05,4.8026483279748343e-05,4.8026483279748343e-05,1.4869176159342045e-05,1.4869176159342045e-05,1.4869176159342045e-05,0.00015560696276127172,0.00015560696276127172,0.00015560696276127172,0.001957857052368465,0.001957857052368465,0.001957857052368465,0.0,0.0,0.0,0.8055195504680986
2025-09-04 12:00:00,0.803404197522842,0.8051210163119938,0.8066729368837174,0.803404197522842,0.803404197522842,-0.0003652961656261313,-0.0003652961656261313,-0.0003652961656261313,-0.00012308895569287226,-0.00012308895569287226,-0.00012308895569287226,0.0009649776036181874,0.0009649776036181874,0.0009649776036181874,0.00011334348244729716,0.00011334348244729716,0.00011334348244729716,-8.355513816156788e-06,-8.355513816156788e-06,-8.355513816156788e-06,-9.896596692840658e-05,-9.896596692840658e-05,-9.896596692840658e-05,0.0003217508297366467,0.0003217508297366467,0.0003217508297366467,0.0007374219438359757,0.0007374219438359757,0.0007374219438359757,0.0030773105302420944,0.0030773105302420944,0.0030773105302420944,-4.438519655054272e-06,-4.438519655054272e-06,-4.438519655054272e-06,0.00018708286549069502,0.00018708286549069502,0.00018708286549069502,-1.0217467200990445e-05,-1.0217467200990445e-05,-1.0217467200990445e-05,-2.5639010060262332e-06,-2.5639010060262332e-06,-2.5639010060262332e-06,4.762658915616702e-05,4.762658915616702e-05,4.762658915616702e-05,1.7866472059296117e-05,1.7866472059296117e-05,1.7866472059296117e-05,0.00015281191081774746,0.00015281191081774746,0.00015281191081774746,0.0021123329266239067,0.0021123329266239067,0.0021123329266239067,0.0,0.0,0.0,0.8058765217199197
2025-09-04 13:00:00,0.803353497664769,0.8050489241931346,0.8066007765547697,0.803353497664769,0.803353497664769,-0.0003652961656261313,-0.0003652961656261313,-0.0003652961656261313,-0.00012308895569287226,-0.00012308895569287226,-0.00012308895569287226,0.0008593911788020111,0.0008593911788020111,0.0008593911788020111,0.00010947859734104166,0.00010947859734104166,0.00010947859734104166,-7.579096915067954e-05,-7.579096915067954e-05,-7.579096915067954e-05,-9.896596692840658e-05,-9.896596692840658e-05,-9.896596692840658e-05,0.0003006139991535234,0.0003006139991535234,0.0003006139991535234,0.0007553570292055552,0.0007553570292055552,0.0007553570292055552,0.0031174315960654877,0.0031174315960654877,0.0031174315960654877,-4.438519655054272e-06,-4.438519655054272e-06,-4.438519655054272e-06,4.1635921852381225e-05,4.1635921852381225e-05,4.1635921852381225e-05,9.244578699506845e-05,9.244578699506845e-05,9.244578699506845e-05,5.348287027768492e-06,5.348287027768492e-06,5.348287027768492e-06,4.769019912603284e-05,4.769019912603284e-05,4.769019912603284e-05,2.1590024336036213e-05,2.1590024336036213e-05,2.1590024336036213e-05,0.00015281191081774746,0.00015281191081774746,0.00015281191081774746,0.0022580404172634757,0.0022580404172634757,0.0022580404172634757,0.0,0.0,0.0,0.805857897241199
2025-09-04 14:00:00,0.8033027978066962,0.8047873718998391,0.8063397036279942,0.8033027978066962,0.8033027978066962,-0.0003652961656261313,-0.0003652961656261313,-0.0003652961656261313,-0.00012308895569287226,-0.00012308895569287226,-0.00012308895569287226,0.0003553895552198006,0.0003553895552198006,0.0003553895552198006,9.814732755524185e-05,9.814732755524185e-05,9.814732755524185e-05,-0.00013863080964651356,-0.00013863080964651356,-0.00013863080964651356,-9.896596692840658e-05,-9.896596692840658e-05,-9.896596692840658e-05,0.00017798091295015482,0.00017798091295015482,0.00017798091295015482,0.0004240394558976126,0.0004240394558976126,0.0004240394558976126,0.00274767440836935,0.00274767440836935,0.00274767440836935,0.00025832184392415863,0.00025832184392415863,0.00025832184392415863,-0.0001532227126532531,-0.0001532227126532531,-0.0001532227126532531,2.0734552880602603e-05,2.0734552880602603e-05,2.0734552880602603e-05,-4.712583107987972e-06,-4.712583107987972e-06,-4.712583107987972e-06,4.934317589947356e-05,4.934317589947356e-05,4.934317589947356e-05,5.5132517006449615e-05,5.5132517006449615e-05,5.5132517006449615e-05,0.00015560696276127172,0.00015560696276127172,0.00015560696276127172,0.0023922848531495494,0.0023922848531495494,0.0023922848531495494,0.0,0.0,0.0,0.8055100123464013
2025-09-04 15:00:00,0.8032520979486234,0.805194129873935,0.8067559784019457,0.8032520979486234,0.8032520979486234,-0.0003652961656261313,-0.0003652961656261313,-0.0003652961656261313,-0.00012308895569287226,-0.00012308895569287226,-0.00012308895569287226,0.0008528131916061668,0.0008528131916061668,0.0008528131916061668,8.012188039999126e-05,8.012188039999126e-05,8.012188039999126e-05,-0.0001925926040216144,-0.0001925926040216144,-0.0001925926040216144,-9.896596692840658e-05,-9.896596692840658e-05,-9.896596692840658e-05,0.0004597023378008187,0.0004597023378008187,0.0004597023378008187,0.0008062524070734565,0.0008062524070734565,0.0008062524070734565,0.003365272398959213,0.003365272398959213,0.003365272398959213,-0.00026719888323426715,-0.00026719888323426715,-0.00026719888323426715,0.0005042773303533581,0.0005042773303533581,0.0005042773303533581,-7.533864610669977e-05,-7.533864610669977e-05,-7.533864610669977e-05,4.5435026486393527e-07,4.5435026486393527e-07,4.5435026486393527e-07,3.3349017855545e-05,3.3349017855545e-05,3.3349017855545e-05,-2.5339146083807085e-05,-2.5339146083807085e-05,-2.5339146083807085e-05,0.00011647623555193196,0.00011647623555193196,0.00011647623555193196,0.002512459207353046,0.002512459207353046,0.002512459207353046,0.0,0.0,0.0,0.805955260063256
2025-09-04 16:00:00,0.8032013980905506,0.8048118917737354,0.8065829954092366,0.8032013980905506,0.8032013980905506,-0.0003652961656261313,-0.0003652961656261313,-0.0003652961656261313,-0.00012308895569287226,-0.00012308895569287226,-0.00012308895569287226,0.0005423602298337208,0.0005423602298337208,0.0005423602298337208,5.6630660310460354e-05,5.6630660310460354e-05,5.6630660310460354e-05,-0.00023399894516540066,-0.00023399894516540066,-0.00023399894516540066,-9.896596692840658e-05,-9.896596692840658e-05,-9.896596692840658e-05,0.0003756519202776027,0.0003756519202776027,0.0003756519202776027,0.0005627728921067854,0.0005627728921067854,0.0005627728921067854,0.0031584417288429917,0.0031584417288429917,0.0031584417288429917,0.00025832184392415863,0.00025832184392415863,0.00025832184392415863,-0.00021239211542780777,-0.00021239211542780777,-0.00021239211542780777,0.000248835505201476,0.000248835505201476,0.000248835505201476,-3.770682529672414e-06,-3.770682529672414e-06,-3.770682529672414e-06,2.9378372902942932e-05,2.9378372902942932e-05,2.9378372902942932e-05,-5.701416129724912e-05,-5.701416129724912e-05,-5.701416129724912e-05,0.0001052960277778349,0.0001052960277778349,0.0001052960277778349,0.0026160814990092707,0.0026160814990092707,0.0026160814990092707,0.0,0.0,0.0,0.8057382629029448
2025-09-04 17:00:00,0.8031506982324776,0.8050408988187286,0.8067213083081259,0.8031506982324776,0.8031506982324776,-0.0003652961656261313,-0.0003652961656261313,-0.0003652961656261313,-0.00012308895569287226,-0.00012308895569287226,-0.00012308895569287226,0.0006097975115172061,0.0006097975115172061,0.0006097975115172061,2.9274555114673858e-05,2.9274555114673858e-05,2.9274555114673858e-05,-0.0002600280593561373,-0.0002600280593561373,-0.0002600280593561373,0.00010167736328260952,0.00010167736328260952,0.00010167736328260952,0.00040604693538414614,0.00040604693538414614,0.00040604693538414614,0.0008705112433144098,0.0008705112433144098,0.0008705112433144098,0.003310628372149569,0.003310628372149569,0.003310628372149569,-0.00026719888323426715,-0.00026719888323426715,-0.00026719888323426715,0.00025948979440089425,0.00025948979440089425,0.00025948979440089425,-0.0001045115581572318,-0.0001045115581572318,-0.0001045115581572318,-8.194579825557e-07,-8.194579825557e-07,-8.194579825557e-07,2.8574621994343442e-05,2.8574621994343442e-05,2.8574621994343442e-05,-6.45398458154618e-05,-6.45398458154618e-05,-6.45398458154618e-05,9.970592389078637e-05,9.970592389078637e-05,9.970592389078637e-05,0.0027008308606323627,0.0027008308606323627,0.0027008308606323627,0.0,0.0,0.0,0.8058096317211578
2025-09-04 18:00:00,0.8030999983744048,0.8053109889743357,0.8069007667039612,0.8030999983744048,0.8030999983744048,-0.0003652961656261313,-0.0003652961656261313,-0.0003652961656261313,-0.00012308895569287226,-0.00012308895569287226,-0.00012308895569287226,0.0008546948485413576,0.0008546948485413576,0.0008546948485413576,-8.21618263765461e-08,-8.21618263765461e-08,-8.21618263765461e-08,-0.0002689061054768704,-0.0002689061054768704,-0.0002689061054768704,0.00010167736328260952,0.00010167736328260952,0.00010167736328260952,0.0003312933446482905,0.0003312933446482905,0.0003312933446482905,0.0009810204858608285,0.0009810204858608285,0.0009810204858608285,0.0036192766386334884,0.0036192766386334884,0.0036192766386334884,-4.438519655054272e-06,-4.438519655054272e-06,-4.438519655054272e-06,-1.2860585692077723e-06,-1.2860585692077723e-06,-1.2860585692077723e-06,0.00012814533557754546,0.00012814533557754546,0.00012814533557754546,3.1343658035302805e-06,3.1343658035302805e-06,3.1343658035302805e-06,3.092041254249288e-05,3.092041254249288e-05,3.092041254249288e-05,-6.648957204878615e-05,-6.648957204878615e-05,-6.648957204878615e-05,0.00010809107972135916,0.00010809107972135916,0.00010809107972135916,0.002764581790092131,0.002764581790092131,0.002764581790092131,0.0,0.0,0.0,0.806006639437008
2025-09-04 19:00:00,0.803049298516332,0.8046739035806968,0.8065043499967518,0.803049298516332,0.803049298516332,-0.0003652961656261313,-0.0003652961656261313,-0.0003652961656261313,-0.00012308895569287226,-0.00012308895569287226,-0.00012308895569287226,0.0004281866668764146,0.0004281866668764146,0.0004281866668764146,-2.943887876742695e-05,-2.943887876742695e-05,-2.943887876742695e-05,-0.0002600280593561373,-0.0002600280593561373,-0.0002600280593561373,0.00010167736328260952,0.00010167736328260952,0.00010167736328260952,0.00041764736189284517,0.00041764736189284517,0.00041764736189284517,0.0007397634805511645,0.0007397634805511645,0.0007397634805511645,0.00323362279661678,0.00323362279661678,0.00323362279661678,-4.438519655054272e-06,-4.438519655054272e-06,-4.438519655054272e-06,-0.00011343618806358425,-0.00011343618806358425,-0.00011343618806358425,-4.2772189584914763e-07,-4.2772189584914763e-07,-4.2772189584914763e-07,-1.020678952164945e-05,-1.020678952164945e-05,-1.020678952164945e-05,3.0433164082596155e-05,3.0433164082596155e-05,3.0433164082596155e-05,-6.026945213193068e-05,-6.026945213193068e-05,-6.026945213193068e-05,0.0001052960277778349,0.0001052960277778349,0.0001052960277778349,0.0028054361297403653,0.0028054361297403653,0.0028054361297403653,0.0,0.0,0.0,0.8056460570348215
2025-09-04 20:00:00,0.8029985986582592,0.8046617366670151,0.8061879607283363,0.8029985986582592,0.8029985986582592,-0.0003652961656261313,-0.0003652961656261313,-0.0003652961656261313,-0.00012308895569287226,-0.00012308895569287226,-0.00012308895569287226,0.00017693749097094717,0.00017693749097094717,0.00017693749097094717,-5.679498396321345e-05,-5.679498396321345e-05,-5.679498396321345e-05,-0.0002339989451654007,-0.0002339989451654007,-0.0002339989451654007,0.00010167736328260952,0.00010167736328260952,0.00010167736328260952,0.0001532593959725252,0.0001532593959725252,0.0001532593959725252,0.0006015583720858786,0.0006015583720858786,0.0006015583720858786,0.0029986898327547563,0.0029986898327547563,0.0029986898327547563,0.00025832184392415863,0.00025832184392415863,0.00025832184392415863,-0.00022236967444197616,-0.00022236967444197616,-0.00022236967444197616,-5.572227804780358e-05,-5.572227804780358e-05,-5.572227804780358e-05,4.334956132473449e-06,4.334956132473449e-06,4.334956132473449e-06,2.6565506470389974e-05,2.6565506470389974e-05,2.6565506470389974e-05,1.9530703528289805e-05,1.9530703528289805e-05,1.9530703528289805e-05,6.89603525120194e-05,6.89603525120194e-05,6.89603525120194e-05,0.0028217523417838086,0.0028217523417838086,0.0028217523417838086,0.0,0.0,0.0,0.805406542391772
2025-09-04 21:00:00,0.8029478988001862,0.8042133030726883,0.8061619357363675,0.8029478988001862,0.8029478988001862,-0.0003652961656261313,-0.0003652961656261313,-0.0003652961656261313,-0.00012308895569287226,-0.00012308895569287226,-0.00012308895569287226,-0.00015334610211526736,-0.00015334610211526736,-0.00015334610211526736,-8.028620405274433e-05,-8.028620405274433e-05,-8.028620405274433e-05,-0.00019259260402161457,-0.00019259260402161457,-0.00019259260402161457,0.00010167736328260952,0.00010167736328260952,0.00010167736328260952,0.00012071249851352518,0.00012071249851352518,0.00012071249851352518,0.0004604026500982192,0.0004604026500982192,0.0004604026500982192,0.002658825580498362,0.002658825580498362,0.002658825580498362,-4.438519655054272e-06,-4.438519655054272e-06,-4.438519655054272e-06,-7.726113641403502e-05,-7.726113641403502e-05,-7.726113641403502e-05,-0.00010943089886290646,-0.00010943089886290646,-0.00010943089886290646,-5.239871916783224e-06,-5.239871916783224e-06,-5.239871916783224e-06,2.614032604129852e-05,2.614032604129852e-05,2.614032604129852e-05,3.47802195097751e-05,3.47802195097751e-05,3.47802195097751e-05,6.0575196681446596e-05,6.0575196681446596e-05,6.0575196681446596e-05,0.0028121716826136293,0.0028121716826136293,0.0028121716826136293,0.0,0.0,0.0,0.8050827972133237
2025-09-04 22:00:00,0.8028971989421134,0.8040979422943756,0.8057202588623965,0.8028971989421134,0.8028971989421134,-0.0003652961656261313,-0.0003652961656261313,-0.0003652961656261313,-0.00012308895569287226,-0.00012308895569287226,-0.00012308895569287226,-0.00019453621842920163,-0.00019453621842920163,-0.00019453621842920163,-9.831165120799493e-05,-9.831165120799493e-05,-9.831165120799493e-05,-0.00013863080964651373,-0.00013863080964651373,-0.00013863080964651373,0.00010167736328260952,0.00010167736328260952,0.00010167736328260952,-3.8368082823522816e-05,-3.8368082823522816e-05,-3.8368082823522816e-05,0.00040399532941023155,0.00040399532941023155,0.00040399532941023155,0.002581104698682783,0.002581104698682783,0.002581104698682783,-4.438519655054272e-06,-4.438519655054272e-06,-4.438519655054272e-06,-8.721292953986777e-05,-8.721292953986777e-05,-8.721292953986777e-05,-3.788651242047854e-05,-3.788651242047854e-05,-3.788651242047854e-05,5.146029913783348e-08,5.146029913783348e-08,5.146029913783348e-08,2.546527351900982e-05,2.546527351900982e-05,2.546527351900982e-05,0.00012090804470842003,0.00012090804470842003,0.00012090804470842003,4.6599936963825244e-05,4.6599936963825244e-05,4.6599936963825244e-05,0.0027756409171119842,0.0027756409171119842,0.0027756409171119842,0.0,0.0,0.0,0.8049695606748621
2025-09-04 23:00:00,0.8028464990840407,0.8043011784528353,0.8057761663433571,0.8028464990840407,0.8028464990840407,-0.0003652961656261313,-0.0003652961656261313,-0.0003652961656261313,-0.00012308895569287226,-0.00012308895569287226,-0.00012308895569287226,4.381445632880448e-05,4.381445632880448e-05,4.381445632880448e-05,-0.00010964292099379478,-0.00010964292099379478,-0.00010964292099379478,-7.579096915067973e-05,-7.579096915067973e-05,-7.579096915067973e-05,0.00010167736328260952,0.00010167736328260952,0.00010167736328260952,7.663545811241262e-05,7.663545811241262e-05,7.663545811241262e-05,0.0005296371209398812,0.0005296371209398812,0.0005296371209398812,0.0027552457132612508,0.0027552457132612508,0.0027552457132612508,-0.00026719888323426715,-0.00026719888323426715,-0.00026719888323426715,0.00023993157445322964,0.00023993157445322964,0.00023993157445322964,-4.2793149499632205e-05,-4.2793149499632205e-05,-4.2793149499632205e-05,2.327068207057701e-06,2.327068207057701e-06,2.327068207057701e-06,2.2991176864339205e-05,2.2991176864339205e-05,2.2991176864339205e-05,4.136642502511814e-05,4.136642502511814e-05,4.136642502511814e-05,1.305931364153401e-05,1.305931364153401e-05,1.305931364153401e-05,0.002711431256932446,0.002711431256932446,0.002711431256932446,0.0,0.0,0.0,0.805058538459049
2025-09-05 00:00:00,0.8027957992259678,0.8048790080328926,0.8064673654289232,0.8027957992259678,0.8027957992259678,-0.00036529616562613133,-0.00036529616562613133,-0.00036529616562613133,0.0006474875761980633,0.0006474875761980633,0.0006474875761980633,0.0008461351141892013,0.0008461351141892013,0.0008461351141892013,-0.0001135078061000503,-0.0001135078061000503,-0.0001135078061000503,-8.35551381615682e-06,-8.35551381615682e-06,-8.35551381615682e-06,2.6436114453478476e-05,2.6436114453478476e-05,2.6436114453478476e-05,6.13353912391065e-05,6.13353912391065e-05,6.13353912391065e-05,0.00034501183260551036,0.00034501183260551036,0.00034501183260551036,0.0034652883682508833,0.0034652883682508833,0.0034652883682508833,0.00025832184392415863,0.00025832184392415863,0.00025832184392415863,-0.00017960395901130184,-0.00017960395901130184,-0.00017960395901130184,0.00011850234099515721,0.00011850234099515721,0.00011850234099515721,4.537408080560741e-06,4.537408080560741e-06,4.537408080560741e-06,2.0609604218658493e-05,2.0609604218658493e-05,2.0609604218658493e-05,3.4367445047759596e-05,3.4367445047759596e-05,3.4367445047759596e-05,-3.710998019611588e-06,-3.710998019611588e-06,-3.710998019611588e-06,0.0026191532540616813,0.0026191532540616813,0.0026191532540616813,0.0,0.0,0.0,0.8055777181711062
2025-09-05 01:00:00,0.802745099367895,0.8040878766542262,0.8058709439800684,0.802745099367895,0.802745099367895,-0.00036529616562613133,-0.00036529616562613133,-0.00036529616562613133,0.0006474875761980633,0.0006474875761980633,0.0006474875761980633,0.00020818776311872856,0.00020818776311872856,0.00020818776311872856,-0.0001096429209937948,-0.0001096429209937948,-0.0001096429209937948,5.907994151836588e-05,5.907994151836588e-05,5.907994151836588e-05,2.6436114453478476e-05,2.6436114453478476e-05,2.6436114453478476e-05,-0.0002606198183306722,-0.0002606198183306722,-0.0002606198183306722,0.00029115839752583557,0.00029115839752583557,0.00029115839752583557,0.00270695519455816,0.00270695519455816,0.00270695519455816,-4.438519655054272e-06,-4.438519655054272e-06,-4.438519655054272e-06,-5.0856171365920114e-05,-5.0856171365920114e-05,-5.0856171365920114e-05,-8.834566905602964e-05,-8.834566905602964e-05,-8.834566905602964e-05,1.5930500300456837e-06,1.5930500300456837e-06,1.5930500300456837e-06,2.0332670653435433e-05,2.0332670653435433e-05,2.0332670653435433e-05,5.339543161729097e-05,5.339543161729097e-05,5.339543161729097e-05,-1.2096153850184402e-05,-1.2096153850184402e-05,-1.2096153850184402e-05,0.0024987674314394313,0.0024987674314394313,0.0024987674314394313,0.0,0.0,0.0,0.804918094384535
2025-09-05 02:00:00,0.8026943995098221,0.8041958172687884,0.8059131804707739,0.8026943995098221,0.8026943995098221,-0.00036529616562613133,-0.00036529616562613133,-0.00036529616562613133,0.0006474875761980633,0.0006474875761980633,0.0006474875761980633,0.0004594818738826849,0.0004594818738826849,0.0004594818738826849,-9.831165120799497e-05,-9.831165120799497e-05,-9.831165120799497e-05,0.00012191978201419997,0.00012191978201419997,0.00012191978201419997,2.6436114453478476e-05,2.6436114453478476e-05,2.6436114453478476e-05,-0.00022637388505794637,-0.00022637388505794637,-0.00022637388505794637,0.00022449445879908176,0.00022449445879908176,0.00022449445879908176,0.0028100723602629933,0.0028100723602629933,0.0028100723602629933,0.00025832184392415863,0.00025832184392415863,0.00025832184392415863,-0.0001533433276081074,-0.0001533433276081074,-0.0001533433276081074,-2.4867795196290276e-05,-2.4867795196290276e-05,-2.4867795196290276e-05,1.794979169470022e-06,1.794979169470022e-06,1.794979169470022e-06,1.912772461195407e-05,1.912772461195407e-05,1.912772461195407e-05,4.5778477145981974e-05,4.5778477145981974e-05,4.5778477145981974e-05,-1.7686257737232943e-05,-1.7686257737232943e-05,-1.7686257737232943e-05,0.002350590486380309,0.002350590486380309,0.002350590486380309,0.0,0.0,0.0,0.8049500288556226
2025-09-05 03:00:00,0.8026436996517492,0.803749465624214,0.8055377513601178,0.8026436996517492,0.8026436996517492,-0.00036529616562613133,-0.00036529616562613133,-0.00036529616562613133,0.0006474875761980633,0.0006474875761980633,0.0006474875761980633,0.00026577553609512044,0.00026577553609512044,0.00026577553609512044,-8.028620405274437e-05,-8.028620405274437e-05,-8.028620405274437e-05,0.0001758815763893009,0.0001758815763893009,0.0001758815763893009,2.6436114453478476e-05,2.6436114453478476e-05,2.6436114453478476e-05,-0.00032777604893695133,-0.00032777604893695133,-0.00032777604893695133,0.000129450482615707,0.000129450482615707,0.000129450482615707,0.0024410724943913498,0.0024410724943913498,0.0024410724943913498,-4.438519655054272e-06,-4.438519655054272e-06,-4.438519655054272e-06,8.464641046781406e-05,8.464641046781406e-05,8.464641046781406e-05,-7.539811416459703e-05,-7.539811416459703e-05,-7.539811416459703e-05,-4.843021372085696e-06,-4.843021372085696e-06,-4.843021372085696e-06,2.0985728384276684e-05,2.0985728384276684e-05,2.0985728384276684e-05,3.984166747013144e-05,3.984166747013144e-05,3.984166747013144e-05,-9.159460760873162e-07,-9.159460760873162e-07,-9.159460760873162e-07,0.0021752969582962294,0.0021752969582962294,0.0021752969582962294,0.0,0.0,0.0,0.8046030111097655
2025-09-05 04:00:00,0.8025929997936764,0.8034660481239284,0.8052417932710305,0.8025929997936764,0.8025929997936764,-0.00036529616562613133,-0.00036529616562613133,-0.00036529616562613133,0.0006474875761980633,0.0006474875761980633,0.0006474875761980633,0.00013682264013110165,0.00013682264013110165,0.00013682264013110165,-5.679498396321345e-05,-5.679498396321345e-05,-5.679498396321345e-05,0.0002172879175330871,0.0002172879175330871,0.0002172879175330871,2.6436114453478476e-05,2.6436114453478476e-05,2.6436114453478476e-05,-0.0003757202494210656,-0.0003757202494210656,-0.0003757202494210656,-3.478207914835902e-05,-3.478207914835902e-05,-3.478207914835902e-05,0.0021107389495777255,0.0021107389495777255,0.0021107389495777255,-4.438519655054272e-06,-4.438519655054272e-06,-4.438519655054272e-06,-8.395417857709037e-05,-8.395417857709037e-05,-8.395417857709037e-05,4.194046578138352e-05,4.194046578138352e-05,4.194046578138352e-05,3.669660529482141e-06,3.669660529482141e-06,3.669660529482141e-06,2.1463941672462013e-05,2.1463941672462013e-05,2.1463941672462013e-05,0.00010043908643014649,0.00010043908643014649,0.00010043908643014649,-9.159460760873162e-07,-9.159460760873162e-07,-9.159460760873162e-07,0.0019739163094466237,0.0019739163094466237,0.0019739163094466237,0.0,0.0,0.0,0.8042870640989994
2025-09-05 05:00:00,0.8025422999356036,0.8038832483126708,0.8055053740714452,0.8025422999356036,0.8025422999356036,-0.00036529616562613133,-0.00036529616562613133,-0.00036529616562613133,0.0006474875761980633,0.0006474875761980633,0.0006474875761980633,0.0007603308139232563,0.0007603308139232563,0.0007603308139232563,-2.9438878767427e-05,-2.9438878767427e-05,-2.9438878767427e-05,0.0002433170317238236,0.0002433170317238236,0.0002433170317238236,2.6436114453478476e-05,2.6436114453478476e-05,2.6436114453478476e-05,-0.0002454839994451894,-0.0002454839994451894,-0.0002454839994451894,0.00025512676179404863,0.00025512676179404863,0.00025512676179404863,0.002508156239926489,0.002508156239926489,0.002508156239926489,-4.438519655054272e-06,-4.438519655054272e-06,-4.438519655054272e-06,0.00011112456868424487,0.00011112456868424487,0.00011112456868424487,-4.11864532888573e-05,-4.11864532888573e-05,-4.11864532888573e-05,1.057274034576584e-06,1.057274034576584e-06,1.057274034576584e-06,2.5000222960372134e-05,2.5000222960372134e-05,2.5000222960372134e-05,9.282039583700702e-05,9.282039583700702e-05,9.282039583700702e-05,4.3804885020300985e-05,4.3804885020300985e-05,4.3804885020300985e-05,0.0017478254260032328,0.0017478254260032328,0.0017478254260032328,0.0,0.0,0.0,0.804555201412992
2025-09-05 06:00:00,0.8024916000775307,0.8032437597482225,0.8047101476737462,0.8024916000775307,0.8024916000775307,-0.00036529616562613133,-0.00036529616562613133,-0.00036529616562613133,0.0006474875761980633,0.0006474875761980633,0.0006474875761980633,0.0003906517680121618,0.0003906517680121618,0.0003906517680121618,-8.216182637657388e-08,-8.216182637657388e-08,-8.216182637657388e-08,0.0002521950778445568,0.0002521950778445568,0.0002521950778445568,2.6436114453478476e-05,2.6436114453478476e-05,2.6436114453478476e-05,-0.0002553266506394823,-0.0002553266506394823,-0.0002553266506394823,-0.00011193442419039363,-0.00011193442419039363,-0.00011193442419039363,0.0018893883726668896,0.0018893883726668896,0.0018893883726668896,0.00025832184392415863,0.00025832184392415863,0.00025832184392415863,-0.0002393409339876461,-0.0002393409339876461,-0.0002393409339876461,5.4995270202025574e-05,5.4995270202025574e-05,5.4995270202025574e-05,3.1368131689173495e-06,3.1368131689173495e-06,3.1368131689173495e-06,2.46432874350656e-05,2.46432874350656e-05,2.46432874350656e-05,5.999639186619774e-05,5.999639186619774e-05,5.999639186619774e-05,3.5419729189728165e-05,3.5419729189728165e-05,3.5419729189728165e-05,0.0014987366046547278,0.0014987366046547278,0.0014987366046547278,0.0,0.0,0.0,0.8040078183758801
2025-09-05 07:00:00,0.8024409002194578,0.8031843554848873,0.8045006783967726,0.8024409002194578,0.8024409002194578,-0.00036529616562613133,-0.00036529616562613133,-0.00036529616562613133,0.0006474875761980633,0.0006474875761980633,0.0006474875761980633,0.0005441735697878705,0.0005441735697878705,0.0005441735697878705,2.9274555114673858e-05,2.9274555114673858e-05,2.9274555114673858e-05,0.0002433170317238236,0.0002433170317238236,0.0002433170317238236,2.6436114453478476e-05,2.6436114453478476e-05,2.6436114453478476e-05,-0.00013836269509003783,-0.00013836269509003783,-0.00013836269509003783,1.0588870088645943e-06,1.0588870088645943e-06,1.0588870088645943e-06,0.0017728547178976599,0.0017728547178976599,0.0017728547178976599,-4.438519655054272e-06,-4.438519655054272e-06,-4.438519655054272e-06,0.00012441477467268526,0.00012441477467268526,0.00012441477467268526,-0.00011779841718988703,-0.00011779841718988703,-0.00011779841718988703,-1.692172160042977e-06,-1.692172160042977e-06,-1.692172160042977e-06,2.3680111797241698e-05,2.3680111797241698e-05,2.3680111797241698e-05,5.464801906808632e-05,5.464801906808632e-05,5.464801906808632e-05,2.1444469472106827e-05,2.1444469472106827e-05,2.1444469472106827e-05,0.0012286811481097893,0.0012286811481097893,0.0012286811481097893,0.0,0.0,0.0,0.8038635113552459
2025-09-05 08:00:00,0.802390200361385,0.8022280373690985,0.8039761361441957,0.802390200361385,0.802390200361385,-0.00036529616562613133,-0.00036529616562613133,-0.00036529616562613133,0.0006474875761980633,0.0006474875761980633,0.0006474875761980633,9.769398563569051e-05,9.769398563569051e-05,9.769398563569051e-05,5.663066031046027e-05,5.663066031046027e-05,5.663066031046027e-05,0.0002172879175330871,0.0002172879175330871,0.0002172879175330871,-9.896596692840658e-05,-9.896596692840658e-05,-9.896596692840658e-05,-0.0002170696172568881,-0.0002170696172568881,-0.0002170696172568881,-0.0003172227256235477,-0.0003172227256235477,-0.0003172227256235477,0.0010376827340804057,0.0010376827340804057,0.0010376827340804057,0.00025832184392415863,0.00025832184392415863,0.00025832184392415863,-0.00022292388563968055,-0.00022292388563968055,-0.00022292388563968055,6.154788003504149e-05,6.154788003504149e-05,6.154788003504149e-05,1.7288567361365007e-06,1.7288567361365007e-06,1.7288567361365007e-06,2.3365452788068023e-05,2.3365452788068023e-05,2.3365452788068023e-05,3.974284554379541e-05,3.974284554379541e-05,3.974284554379541e-05,1.305931364153401e-05,1.305931364153401e-05,1.305931364153401e-05,0.0009399887484447152,0.0009399887484447152,0.0009399887484447152,0.0,0.0,0.0,0.8032228268182953
2025-09-05 09:00:00,0.8023395005033122,0.8014868369872078,0.8032894352384428,0.8023395005033122,0.8023395005033122,-0.00036529616562613133,-0.00036529616562613133,-0.00036529616562613133,0.0006474875761980633,0.0006474875761980633,0.0006474875761980633,-0.0005580801579689394,-0.0005580801579689394,-0.0005580801579689394,8.01218803999912e-05,8.01218803999912e-05,8.01218803999912e-05,0.00017588157638930092,0.00017588157638930092,0.00017588157638930092,-9.896596692840658e-05,-9.896596692840658e-05,-9.896596692840658e-05,-0.00041650546319551554,-0.00041650546319551554,-0.00041650546319551554,-0.000430236445009722,-0.000430236445009722,-0.000430236445009722,7.718273376091484e-05,7.718273376091484e-05,7.718273376091484e-05,-4.438519655054272e-06,-4.438519655054272e-06,-4.438519655054272e-06,-0.00010394706528737478,-0.00010394706528737478,-0.00010394706528737478,-0.00010970414743006969,-0.00010970414743006969,-0.00010970414743006969,-2.2294332982700587e-06,-2.2294332982700587e-06,-2.2294332982700587e-06,2.3265078754786064e-05,2.3265078754786064e-05,2.3265078754786064e-05,3.9017726964978066e-05,3.9017726964978066e-05,3.9017726964978066e-05,7.469209754485468e-06,7.469209754485468e-06,7.469209754485468e-06,0.0006352628917298542,0.0006352628917298542,0.0006352628917298542,0.0,0.0,0.0,0.8024014272593654
2025-09-05 10:00:00,0.8022888006452393,0.8014460335959112,0.8031113266375342,0.8022888006452393,0.8022888006452393,-0.00036529616562613133,-0.00036529616562613133,-0.00036529616562613133,0.0006474875761980633,0.0006474875761980633,0.0006474875761980633,-0.0003254541432337145,-0.0003254541432337145,-0.0003254541432337145,9.814732755524184e-05,9.814732755524184e-05,9.814732755524184e-05,0.00012191978201419997,0.00012191978201419997,0.00012191978201419997,-9.896596692840658e-05,-9.896596692840658e-05,-9.896596692840658e-05,-0.0003534562444992467,-0.0003534562444992467,-0.0003534562444992467,-0.00036632359500668004,-0.00036632359500668004,-0.00036632359500668004,-8.101573950213903e-06,-8.101573950213903e-06,-8.101573950213903e-06,-4.438519655054272e-06,-4.438519655054272e-06,-4.438519655054272e-06,-7.089090665133237e-05,-7.089090665133237e-05,-7.089090665133237e-05,-5.104375619011625e-05,-5.104375619011625e-05,-5.104375619011625e-05,4.881767312276328e-06,4.881767312276328e-06,4.881767312276328e-06,2.408439199962246e-05,2.408439199962246e-05,2.408439199962246e-05,6.42006448282182e-05,6.42006448282182e-05,6.42006448282182e-05,2.42395214156311e-05,2.42395214156311e-05,2.42395214156311e-05,0.0003173525692835007,0.0003173525692835007,0.0003173525692835007,0.0,0.0,0.0,0.8022823008431914
2025-09-05 11:00:00,0.8022381007871665,0.8009842759457886,0.8025963557908138,0.8022381007871665,0.8022381007871665,-0.00036529616562613133,-0.00036529616562613133,-0.00036529616562613133,0.0006474875761980633,0.0006474875761980633,0.0006474875761980633,-0.0005829609047132529,-0.0005829609047132529,-0.0005829609047132529,0.00010947859734104165,0.00010947859734104165,0.00010947859734104165,5.9079941518365944e-05,5.9079941518365944e-05,5.9079941518365944e-05,-9.896596692840658e-05,-9.896596692840658e-05,-9.896596692840658e-05,-0.0003439494066774517,-0.0003439494066774517,-0.0003439494066774517,-0.0007845397340338909,-0.0007845397340338909,-0.0007845397340338909,-0.0005936402773719077,-0.0005936402773719077,-0.0005936402773719077,-4.438519655054272e-06,-4.438519655054272e-06,-4.438519655054272e-06,-3.446394035545563e-05,-3.446394035545563e-05,-3.446394035545563e-05,-3.4745731140040736e-05,-3.4745731140040736e-05,-3.4745731140040736e-05,-2.4991012690653615e-06,-2.4991012690653615e-06,-2.4991012690653615e-06,4.363556362077714e-05,4.363556362077714e-05,4.363556362077714e-05,8.182922730682086e-05,8.182922730682086e-05,8.182922730682086e-05,0.00014442675498717466,0.00014442675498717466,0.00014442675498717466,-1.0679372658654786e-05,-1.0679372658654786e-05,-1.0679372658654786e-05,0.0,0.0,0.0,0.8017618599384969
2025-09-05 12:00:00,0.8021874009290937,0.8011610854976471,0.8029196897372294,0.8021874009290937,0.8021874009290937,-0.00036529616562613133,-0.00036529616562613133,-0.00036529616562613133,0.0006474875761980633,0.0006474875761980633,0.0006474875761980633,7.021070107052235e-05,7.021070107052235e-05,7.021070107052235e-05,0.00011334348244729716,0.00011334348244729716,0.00011334348244729716,-8.355513816156788e-06,-8.355513816156788e-06,-8.355513816156788e-06,-9.896596692840658e-05,-9.896596692840658e-05,-9.896596692840658e-05,-0.00015010642599774929,-0.00015010642599774929,-0.00015010642599774929,-0.00047923980747503265,-0.00047923980747503265,-0.00047923980747503265,-0.0002753801667490147,-0.0002753801667490147,-0.0002753801667490147,-4.438519655054272e-06,-4.438519655054272e-06,-4.438519655054272e-06,0.00018089177544309233,0.00018089177544309233,0.00018089177544309233,-1.6785761389014224e-05,-1.6785761389014224e-05,-1.6785761389014224e-05,4.548653429895956e-06,4.548653429895956e-06,4.548653429895956e-06,4.2081722134142664e-05,4.2081722134142664e-05,4.2081722134142664e-05,6.341394926192576e-05,6.341394926192576e-05,6.341394926192576e-05,0.00014163170304365037,0.00014163170304365037,0.00014163170304365037,-0.00034559086781953726,-0.00034559086781953726,-0.00034559086781953726,0.0,0.0,0.0,0.8019664944288619
2025-09-05 13:00:00,0.8021367010710209,0.7978469701118054,0.7994948191699836,0.8021367010710209,0.8021367010710209,-0.00036529616562613133,-0.00036529616562613133,-0.00036529616562613133,0.0006474875761980633,0.0006474875761980633,0.0006474875761980633,-0.003658300687907363,-0.003658300687907363,-0.003658300687907363,0.00010947859734104166,0.00010947859734104166,0.00010947859734104166,-7.579096915067954e-05,-7.579096915067954e-05,-7.579096915067954e-05,-9.896596692840658e-05,-9.896596692840658e-05,-9.896596692840658e-05,-0.0009162590745391314,-0.0009162590745391314,-0.0009162590745391314,-0.0016404730122285525,-0.0016404730122285525,-0.0016404730122285525,-0.004342298521382293,-0.004342298521382293,-0.004342298521382293,0.00025832184392415863,0.00025832184392415863,0.00025832184392415863,-0.0012363976043335556,-0.0012363976043335556,-0.0012363976043335556,8.939332884970235e-05,8.939332884970235e-05,8.939332884970235e-05,2.134526986408931e-06,2.134526986408931e-06,2.134526986408931e-06,-2.1133445027434967e-05,-2.1133445027434967e-05,-2.1133445027434967e-05,-0.00028969714372521543,-0.00028969714372521543,-0.00028969714372521543,-0.0001211031796476309,-0.0001211031796476309,-0.0001211031796476309,-0.000683997833474929,-0.000683997833474929,-0.000683997833474929,0.0,0.0,0.0,0.7986535840600136
2025-09-05 14:00:00,0.8020860012129479,0.7965615640606891,0.7981919921568285,0.8020860012129479,0.8020860012129479,-0.00036529616562613133,-0.00036529616562613133,-0.00036529616562613133,0.0006474875761980633,0.0006474875761980633,0.0006474875761980633,-0.004693166601646356,-0.004693166601646356,-0.004693166601646356,9.814732755524185e-05,9.814732755524185e-05,9.814732755524185e-05,-0.00013863080964651356,-0.00013863080964651356,-0.00013863080964651356,-9.896596692840658e-05,-9.896596692840658e-05,-9.896596692840658e-05,-0.0012426677770197363,-0.0012426677770197363,-0.0012426677770197363,-0.002141549157499082,-0.002141549157499082,-0.002141549157499082,-0.005715580094978089,-0.005715580094978089,-0.005715580094978089,0.00025832184392415863,0.00025832184392415863,0.00025832184392415863,-0.0006467666463170539,-0.0006467666463170539,-0.0006467666463170539,-0.0006093877385190886,-0.0006093877385190886,-0.0006093877385190886,1.4637934229545654e-06,1.4637934229545654e-06,1.4637934229545654e-06,-3.065417484310908e-05,-3.065417484310908e-05,-3.065417484310908e-05,-0.0003035655267000218,-0.0003035655267000218,-0.0003035655267000218,-0.0001211031796476309,-0.0001211031796476309,-0.0001211031796476309,-0.0010224134933317333,-0.0010224134933317333,-0.0010224134933317333,0.0,0.0,0.0,0.7975016144299546
2025-09-05 15:00:00,0.8020353013548751,0.79667111498721,0.7984509587482499,0.8020353013548751,0.8020353013548751,-0.00036529616562613133,-0.00036529616562613133,-0.00036529616562613133,0.0006474875761980633,0.0006474875761980633,0.0006474875761980633,-0.004072225808597093,-0.004072225808597093,-0.004072225808597093,8.012188039999126e-05,8.012188039999126e-05,8.012188039999126e-05,-0.0001925926040216144,-0.0001925926040216144,-0.0001925926040216144,-9.896596692840658e-05,-9.896596692840658e-05,-9.896596692840658e-05,-0.0013060005316416342,-0.0013060005316416342,-0.0013060005316416342,-0.0020519979738656646,-0.0020519979738656646,-0.0020519979738656646,-0.005429515149891436,-0.005429515149891436,-0.005429515149891436,-4.438519655054272e-06,-4.438519655054272e-06,-4.438519655054272e-06,1.9226275391924375e-06,1.9226275391924375e-06,1.9226275391924375e-06,-0.00031867579494876077,-0.00031867579494876077,-0.00031867579494876077,7.246637140710452e-07,7.246637140710452e-07,7.246637140710452e-07,-3.1309916538283245e-05,-3.1309916538283245e-05,-3.1309916538283245e-05,-0.00031210190357523114,-0.00031210190357523114,-0.00031210190357523114,-0.0001211031796476309,-0.0001211031796476309,-0.0001211031796476309,-0.0013572893412943424,-0.0013572893412943424,-0.0013572893412943424,0.0,0.0,0.0,0.797680638535421
2025-09-05 16:00:00,0.8019846014968023,0.7961477094157294,0.7977667456756119,0.8019846014968023,0.8019846014968023,-0.00036529616562613133,-0.00036529616562613133,-0.00036529616562613133,0.0006474875761980633,0.0006474875761980633,0.0006474875761980633,-0.004729601055954113,-0.004729601055954113,-0.004729601055954113,5.6630660310460354e-05,5.6630660310460354e-05,5.6630660310460354e-05,-0.00023399894516540066,-0.00023399894516540066,-0.00023399894516540066,-9.896596692840658e-05,-9.896596692840658e-05,-9.896596692840658e-05,-0.0015335667469395559,-0.0015335667469395559,-0.0015335667469395559,-0.0023697727760185303,-0.0023697727760185303,-0.0023697727760185303,-0.0064146583003641365,-0.0064146583003641365,-0.0064146583003641365,0.00025832184392415863,0.00025832184392415863,0.00025832184392415863,-0.0006317235580804499,-0.0006317235580804499,-0.0006317235580804499,1.1542903139880955e-06,1.1542903139880955e-06,1.1542903139880955e-06,-3.64506079803032e-06,-3.64506079803032e-06,-3.64506079803032e-06,-3.926270107539669e-05,-3.926270107539669e-05,-3.926270107539669e-05,-0.0002958603264212511,-0.0002958603264212511,-0.0002958603264212511,-0.0001211031796476309,-0.0001211031796476309,-0.0001211031796476309,-0.0016850572444100233,-0.0016850572444100233,-0.0016850572444100233,0.0,0.0,0.0,0.7968401443160466
2025-09-05 17:00:00,0.8019339016387294,0.7964967461177686,0.7980553271853238,0.8019339016387294,0.8019339016387294,-0.00036529616562613133,-0.00036529616562613133,-0.00036529616562613133,0.0006474875761980633,0.0006474875761980633,0.0006474875761980633,-0.003841833721941558,-0.003841833721941558,-0.003841833721941558,2.9274555114673858e-05,2.9274555114673858e-05,2.9274555114673858e-05,-0.0002600280593561373,-0.0002600280593561373,-0.0002600280593561373,0.00010167736328260952,0.00010167736328260952,0.00010167736328260952,-0.0013583817339448527,-0.0013583817339448527,-0.0013583817339448527,-0.001978727647628919,-0.001978727647628919,-0.001978727647628919,-0.005844005890667529,-0.005844005890667529,-0.005844005890667529,-0.00026719888323426715,-0.00026719888323426715,-0.00026719888323426715,0.00042647874761612997,0.00042647874761612997,0.00042647874761612997,-0.000311258943172059,-0.000311258943172059,-0.000311258943172059,2.5112774212693446e-05,2.5112774212693446e-05,2.5112774212693446e-05,-4.951137814861284e-05,-4.951137814861284e-05,-4.951137814861284e-05,-0.00036035874760711805,-0.00036035874760711805,-0.00036035874760711805,-0.0001211031796476309,-0.0001211031796476309,-0.0001211031796476309,-0.0020021721687259702,-0.0020021721687259702,-0.0020021721687259702,0.0,0.0,0.0,0.7972473951936265
2025-09-05 18:00:00,0.8018832017806565,0.796653401902469,0.7984205387815986,0.8018832017806565,0.8018832017806565,-0.00036529616562613133,-0.00036529616562613133,-0.00036529616562613133,0.0006474875761980633,0.0006474875761980633,0.0006474875761980633,-0.002987103516859252,-0.002987103516859252,-0.002987103516859252,-8.21618263765461e-08,-8.21618263765461e-08,-8.21618263765461e-08,-0.0002689061054768704,-0.0002689061054768704,-0.0002689061054768704,0.00010167736328260952,0.00010167736328260952,0.00010167736328260952,-0.0011098875174729256,-0.0011098875174729256,-0.0011098875174729256,-0.0017514651841284857,-0.0017514651841284857,-0.0017514651841284857,-0.0052922585168525375,-0.0052922585168525375,-0.0052922585168525375,-0.00026719888323426715,-0.00026719888323426715,-0.00026719888323426715,0.00020554398953893585,0.00020554398953893585,0.00020554398953893585,0.0002104776529091892,0.0002104776529091892,0.0002104776529091892,1.3148732112465653e-05,1.3148732112465653e-05,1.3148732112465653e-05,-5.276981899263149e-05,-5.276981899263149e-05,-5.276981899263149e-05,-0.00022872981449519636,-0.00022872981449519636,-0.00022872981449519636,-0.0001211031796476309,-0.0001211031796476309,-0.0001211031796476309,-0.002305154999993285,-0.002305154999993285,-0.002305154999993285,0.0,0.0,0.0,0.7976394285765118
2025-09-05 19:00:00,0.8018325019225837,0.7964954836088545,0.7983387427325344,0.8018325019225837,0.8018325019225837,-0.00036529616562613133,-0.00036529616562613133,-0.00036529616562613133,0.0006474875761980633,0.0006474875761980633,0.0006474875761980633,-0.002864324658325618,-0.002864324658325618,-0.002864324658325618,-2.943887876742695e-05,-2.943887876742695e-05,-2.943887876742695e-05,-0.0002600280593561373,-0.0002600280593561373,-0.0002600280593561373,0.00010167736328260952,0.00010167736328260952,0.00010167736328260952,-0.0009208175534840294,-0.0009208175534840294,-0.0009208175534840294,-0.0017653400496058615,-0.0017653400496058615,-0.0017653400496058615,-0.005454959586855769,-0.005454959586855769,-0.005454959586855769,-0.00026719888323426715,-0.00026719888323426715,-0.00026719888323426715,0.00022205813065074412,0.00022205813065074412,0.00022205813065074412,0.00010154786886439731,0.00010154786886439731,0.00010154786886439731,-1.3646281792813325e-08,-1.3646281792813325e-08,-1.3646281792813325e-08,-5.239245294081931e-05,-5.239245294081931e-05,-5.239245294081931e-05,-0.00015826178032085967,-0.00015826178032085967,-0.00015826178032085967,-0.00011830812770410661,-0.00011830812770410661,-0.00011830812770410661,-0.0025906349285301517,-0.0025906349285301517,-0.0025906349285301517,0.0,0.0,0.0,0.7974585380291686
2025-09-05 20:00:00,0.8017818020645109,0.7965670888441742,0.7982137216542212,0.8017818020645109,0.8017818020645109,-0.00036529616562613133,-0.00036529616562613133,-0.00036529616562613133,0.0006474875761980633,0.0006474875761980633,0.0006474875761980633,-0.002603287671951369,-0.002603287671951369,-0.002603287671951369,-5.679498396321345e-05,-5.679498396321345e-05,-5.679498396321345e-05,-0.0002339989451654007,-0.0002339989451654007,-0.0002339989451654007,0.00010167736328260952,0.00010167736328260952,0.00010167736328260952,-0.0008747150672425432,-0.0008747150672425432,-0.0008747150672425432,-0.0016192390974647986,-0.0016192390974647986,-0.0016192390974647986,-0.0054586785431135635,-0.0054586785431135635,-0.0054586785431135635,-4.438519655054272e-06,-4.438519655054272e-06,-4.438519655054272e-06,8.601624807936266e-06,8.601624807936266e-06,8.601624807936266e-06,0.00010969000928924604,0.00010969000928924604,0.00010969000928924604,1.2843496882643929e-05,1.2843496882643929e-05,1.2843496882643929e-05,-5.2676119061868744e-05,-5.2676119061868744e-05,-5.2676119061868744e-05,-0.0001581207165287514,-0.0001581207165287514,-0.0001581207165287514,-0.00011830812770410661,-0.00011830812770410661,-0.00011830812770410661,-0.0028553908711621947,-0.0028553908711621947,-0.0028553908711621947,0.0,0.0,0.0,0.7974051329453224
2025-09-07 23:00:00,0.7991961093027958,0.7975963086770599,0.7993275507668848,0.7991961093027958,0.7991961093027958,0.0003711484621133746,0.0003711484621133746,0.0003711484621133746,0.0009564647758225443,0.0009564647758225443,0.0009564647758225443,-0.0015988621397970135,-0.0015988621397970135,-0.0015988621397970135,-0.00010964292099379478,-0.00010964292099379478,-0.00010964292099379478,-7.579096915067973e-05,-7.579096915067973e-05,-7.579096915067973e-05,0.00010167736328260952,0.00010167736328260952,0.00010167736328260952,-0.0009715002778070314,-0.0009715002778070314,-0.0009715002778070314,-0.0017360623148969195,-0.0017360623148969195,-0.0017360623148969195,-0.0008985452885486745,-0.0008985452885486745,-0.0008985452885486745,0.00025832184392415863,0.00025832184392415863,0.00025832184392415863,-0.0002013465105337684,-0.0002013465105337684,-0.0002013465105337684,4.447306480624125e-06,4.447306480624125e-06,4.447306480624125e-06,-8.62819954676519e-06,-8.62819954676519e-06,-8.62819954676519e-06,-5.283134664217954e-05,-5.283134664217954e-05,-5.283134664217954e-05,-1.4016172201555411e-05,-1.4016172201555411e-05,-1.4016172201555411e-05,-0.0001211031796476309,-0.0001211031796476309,-0.0001211031796476309,0.0007003168512483394,0.0007003168512483394,0.0007003168512483394,0.0,0.0,0.0,0.7984779954041553
2025-09-08 00:00:00,0.799145409444723,0.7976102302410816,0.7994612738870914,0.799145409444723,0.799145409444723,0.0005530352644323355,0.0005530352644323355,0.0005530352644323355,0.0002621993102525956,0.0002621993102525956,0.0002621993102525956,-0.0012989146967027298,-0.0012989146967027298,-0.0012989146967027298,-0.0001135078061000503,-0.0001135078061000503,-0.0001135078061000503,-8.35551381615682e-06,-8.35551381615682e-06,-8.35551381615682e-06,2.6436114453478476e-05,2.6436114453478476e-05,2.6436114453478476e-05,-0.0007619292167525693,-0.0007619292167525693,-0.0007619292167525693,-0.0011960874639493628,-0.0011960874639493628,-0.0011960874639493628,-0.0009543529120949595,-0.0009543529120949595,-0.0009543529120949595,-0.00026719888323426715,-0.00026719888323426715,-0.00026719888323426715,0.000542246130098979,0.000542246130098979,0.000542246130098979,-9.906562757472286e-05,-9.906562757472286e-05,-9.906562757472286e-05,-4.145272198562391e-06,-4.145272198562391e-06,-4.145272198562391e-06,-6.470429521359041e-05,-6.470429521359041e-05,-6.470429521359041e-05,-4.673425745320532e-05,-4.673425745320532e-05,-4.673425745320532e-05,-0.0001211031796476309,-0.0001211031796476309,-0.0001211031796476309,0.00034456178460777015,0.00034456178460777015,0.00034456178460777015,0.0,0.0,0.0,0.798382742696032
2025-09-08 01:00:00,0.7990947095866501,0.7974435569144267,0.7992503292945387,0.7990947095866501,0.7990947095866501,0.0005530352644323355,0.0005530352644323355,0.0005530352644323355,0.0002621993102525956,0.0002621993102525956,0.0002621993102525956,-0.0009553606831431395,-0.0009553606831431395,-0.0009553606831431395,-0.0001096429209937948,-0.0001096429209937948,-0.0001096429209937948,5.907994151836588e-05,5.907994151836588e-05,5.907994151836588e-05,2.6436114453478476e-05,2.6436114453478476e-05,2.6436114453478476e-05,-0.00021168522274352556,-0.00021168522274352556,-0.00021168522274352556,-0.0014850839575969795,-0.0014850839575969795,-0.0014850839575969795,-0.0009715255333951103,-0.0009715255333951103,-0.0009715255333951103,0.00025832184392415863,0.00025832184392415863,0.00025832184392415863,-0.0002876355836710555,-0.0002876355836710555,-0.0002876355836710555,0.00026755566129065667,0.00026755566129065667,0.00026755566129065667,-4.480356163921698e-06,-4.480356163921698e-06,-4.480356163921698e-06,-6.50001192396448e-05,-6.50001192396448e-05,-6.50001192396448e-05,-9.735747895817768e-05,-9.735747895817768e-05,-9.735747895817768e-05,-0.0001211031796476309,-0.0001211031796476309,-0.0001211031796476309,-1.6164850251970816e-05,-1.6164850251970816e-05,-1.6164850251970816e-05,0.0,0.0,0.0,0.7983183686726857
2025-09-08 02:00:00,0.7990440097285773,0.7971279596519891,0.7988196199566039,0.7990440097285773,0.7990440097285773,0.0005530352644323355,0.0005530352644323355,0.0005530352644323355,0.0002621993102525956,0.0002621993102525956,0.0002621993102525956,-0.0009082710027623872,-0.0009082710027623872,-0.0009082710027623872,-9.831165120799497e-05,-9.831165120799497e-05,-9.831165120799497e-05,0.00012191978201419997,0.00012191978201419997,0.00012191978201419997,2.6436114453478476e-05,2.6436114453478476e-05,2.6436114453478476e-05,0.0001394076283397627,0.0001394076283397627,0.0001394076283397627,-0.0014520439092010331,-0.0014520439092010331,-0.0014520439092010331,-0.001286236910648306,-0.001286236910648306,-0.001286236910648306,-4.438519655054272e-06,-4.438519655054272e-06,-4.438519655054272e-06,-4.1392364251806925e-05,-4.1392364251806925e-05,-4.1392364251806925e-05,-0.0001416096355165868,-0.0001416096355165868,-0.0001416096355165868,-1.4916800673643686e-07,-1.4916800673643686e-07,-1.4916800673643686e-07,-6.507993842200001e-05,-6.507993842200001e-05,-6.507993842200001e-05,-8.714073634591603e-05,-8.714073634591603e-05,-8.714073634591603e-05,-0.0001211031796476309,-0.0001211031796476309,-0.0001211031796476309,-0.00037796590788591853,-0.00037796590788591853,-0.00037796590788591853,0.0,0.0,0.0,0.7980162498300319
2025-09-08 03:00:00,0.7989933098705044,0.7969433489043921,0.7985766559384578,0.7989933098705044,0.7989933098705044,0.0005530352644323355,0.0005530352644323355,0.0005530352644323355,0.0002621993102525956,0.0002621993102525956,0.0002621993102525956,-0.0008688965212813723,-0.0008688965212813723,-0.0008688965212813723,-8.028620405274437e-05,-8.028620405274437e-05,-8.028620405274437e-05,0.0001758815763893009,0.0001758815763893009,0.0001758815763893009,2.6436114453478476e-05,2.6436114453478476e-05,2.6436114453478476e-05,0.00010848583347791578,0.00010848583347791578,0.00010848583347791578,-0.0015782048283644573,-0.0015782048283644573,-0.0015782048283644573,-0.001605858293760123,-0.001605858293760123,-0.001605858293760123,-4.438519655054272e-06,-4.438519655054272e-06,-4.438519655054272e-06,-5.139449158442861e-05,-5.139449158442861e-05,-5.139449158442861e-05,-2.020175498535287e-05,-2.020175498535287e-05,-2.020175498535287e-05,4.11083275465876e-06,4.11083275465876e-06,4.11083275465876e-06,-6.389078059288474e-05,-6.389078059288474e-05,-6.389078059288474e-05,-8.791084998967746e-05,-8.791084998967746e-05,-8.791084998967746e-05,-0.00011271802381705808,-0.00011271802381705808,-0.00011271802381705808,-0.0007369617724787504,-0.0007369617724787504,-0.0007369617724787504,0.0,0.0,0.0,0.79771023983719
2025-09-08 04:00:00,0.7989426100124316,0.7972037942142854,0.7987741309915118,0.7989426100124316,0.7989426100124316,0.0005530352644323355,0.0005530352644323355,0.0005530352644323355,0.0002621993102525956,0.0002621993102525956,0.0002621993102525956,-0.0001107885494559907,-0.0001107885494559907,-0.0001107885494559907,-5.679498396321345e-05,-5.679498396321345e-05,-5.679498396321345e-05,0.0002172879175330871,0.0002172879175330871,0.0002172879175330871,2.6436114453478476e-05,2.6436114453478476e-05,2.6436114453478476e-05,0.0004972504053212793,0.0004972504053212793,0.0004972504053212793,-0.0013624387678316055,-0.0013624387678316055,-0.0013624387678316055,-0.0012001234258772725,-0.0012001234258772725,-0.0012001234258772725,-4.438519655054272e-06,-4.438519655054272e-06,-4.438519655054272e-06,3.86064496252571e-05,3.86064496252571e-05,3.86064496252571e-05,-2.513320886709252e-05,-2.513320886709252e-05,-2.513320886709252e-05,-1.0977204155541544e-05,-1.0977204155541544e-05,-1.0977204155541544e-05,-6.381915563195407e-05,-6.381915563195407e-05,-6.381915563195407e-05,-7.207919909602866e-05,-7.207919909602866e-05,-7.207919909602866e-05,-0.00010992297187353382,-0.00010992297187353382,-0.00010992297187353382,-0.0010893348764212819,-0.0010893348764212819,-0.0010893348764212819,0.0,0.0,0.0,0.7979837802702242
2025-09-08 05:00:00,0.7988919101543588,0.7967145660563756,0.7981397158974112,0.7988919101543588,0.7988919101543588,0.0005530352644323355,0.0005530352644323355,0.0005530352644323355,0.0002621993102525956,0.0002621993102525956,0.0002621993102525956,-0.00041333083471448,-0.00041333083471448,-0.00041333083471448,-2.9438878767427e-05,-2.9438878767427e-05,-2.9438878767427e-05,0.0002433170317238236,0.0002433170317238236,0.0002433170317238236,2.6436114453478476e-05,2.6436114453478476e-05,2.6436114453478476e-05,0.00013890851707480087,0.00013890851707480087,0.00013890851707480087,-0.0016075965863075162,-0.0016075965863075162,-0.0016075965863075162,-0.0018447040714093868,-0.0018447040714093868,-0.0018447040714093868,0.00025832184392415863,0.00025832184392415863,0.00025832184392415863,-0.00019139473702413457,-0.00019139473702413457,-0.00019139473702413457,1.9240900372765767e-05,1.9240900372765767e-05,1.9240900372765767e-05,5.861700971071584e-06,5.861700971071584e-06,5.861700971071584e-06,-6.267332093371727e-05,-6.267332093371727e-05,-6.267332093371727e-05,7.757992504329467e-05,7.757992504329467e-05,7.757992504329467e-05,-0.00010712791993000953,-0.00010712791993000953,-0.00010712791993000953,-0.001431373236694907,-0.001431373236694907,-0.001431373236694907,0.0,0.0,0.0,0.797418190995081
2025-09-08 06:00:00,0.798841210296286,0.7959658398566145,0.797865921675789,0.798841210296286,0.798841210296286,0.0005530352644323355,0.0005530352644323355,0.0005530352644323355,0.0002621993102525956,0.0002621993102525956,0.0002621993102525956,-0.0006353778257969532,-0.0006353778257969532,-0.0006353778257969532,-8.216182637657388e-08,-8.216182637657388e-08,-8.216182637657388e-08,0.0002521950778445568,0.0002521950778445568,0.0002521950778445568,2.6436114453478476e-05,2.6436114453478476e-05,2.6436114453478476e-05,-2.1747948619047823e-05,-2.1747948619047823e-05,-2.1747948619047823e-05,-0.0014900246342255498,-0.0014900246342255498,-0.0014900246342255498,-0.0023948903126154108,-0.0023948903126154108,-0.0023948903126154108,-4.438519655054272e-06,-4.438519655054272e-06,-4.438519655054272e-06,-7.146903501701465e-05,-7.146903501701465e-05,-7.146903501701465e-05,-9.415900016714976e-05,-9.415900016714976e-05,-9.415900016714976e-05,8.652464871720657e-07,8.652464871720657e-07,8.652464871720657e-07,-6.226974219484181e-05,-6.226974219484181e-05,-6.226974219484181e-05,0.00011841507042442829,0.00011841507042442829,0.00011841507042442829,-0.00010433286798648528,-0.00010433286798648528,-0.00010433286798648528,-0.0017595124868184577,-0.0017595124868184577,-0.0017595124868184577,0.0,0.0,0.0,0.7969280732204295
2025-09-08 07:00:00,0.7987905104382131,0.7956368829353992,0.7971824769705829,0.7987905104382131,0.7987905104382131,0.0005530352644323355,0.0005530352644323355,0.0005530352644323355,0.0002621993102525956,0.0002621993102525956,0.0002621993102525956,-0.0009380047014315278,-0.0009380047014315278,-0.0009380047014315278,2.9274555114673858e-05,2.9274555114673858e-05,2.9274555114673858e-05,0.0002433170317238236,0.0002433170317238236,0.0002433170317238236,2.6436114453478476e-05,2.6436114453478476e-05,2.6436114453478476e-05,-0.0003061701362337273,-0.0003061701362337273,-0.0003061701362337273,-0.0016176548042576057,-0.0016176548042576057,-0.0016176548042576057,-0.0030083806038002604,-0.0030083806038002604,-0.0030083806038002604,0.00025832184392415863,0.00025832184392415863,0.00025832184392415863,-0.0002683587978039386,-0.0002683587978039386,-0.0002683587978039386,-3.503077183971162e-05,-3.503077183971162e-05,-3.503077183971162e-05,1.0681969443561265e-06,1.0681969443561265e-06,1.0681969443561265e-06,-6.307256406171968e-05,-6.307256406171968e-05,-6.307256406171968e-05,8.575797584976292e-05,8.575797584976292e-05,8.575797584976292e-05,-0.00010712791993000953,-0.00010712791993000953,-0.00010712791993000953,-0.0020703759023687324,-0.0020703759023687324,-0.0020703759023687324,0.0,0.0,0.0,0.7963874445601111
2025-09-08 08:00:00,0.7987398105801402,0.7949308689254495,0.7965747254431141,0.7987398105801402,0.7987398105801402,0.0005530352644323355,0.0005530352644323355,0.0005530352644323355,0.0002621993102525956,0.0002621993102525956,0.0002621993102525956,-0.001343943538401359,-0.001343943538401359,-0.001343943538401359,5.663066031046027e-05,5.663066031046027e-05,5.663066031046027e-05,0.0002172879175330871,0.0002172879175330871,0.0002172879175330871,-9.896596692840658e-05,-9.896596692840658e-05,-9.896596692840658e-05,-0.00043403116382977324,-0.00043403116382977324,-0.00043403116382977324,-0.0017270896568270407,-0.0017270896568270407,-0.0017270896568270407,-0.003704755483648621,-0.003704755483648621,-0.003704755483648621,0.00025832184392415863,0.00025832184392415863,0.00025832184392415863,-0.0002118636382877195,-0.0002118636382877195,-0.0002118636382877195,-0.00013210539933456843,-0.00013210539933456843,-0.00013210539933456843,-7.579877819598732e-07,-7.579877819598732e-07,-7.579877819598732e-07,-6.333526344135062e-05,-6.333526344135062e-05,-6.333526344135062e-05,8.385846150683233e-05,8.385846150683233e-05,8.385846150683233e-05,-0.00010712791993000953,-0.00010712791993000953,-0.00010712791993000953,-0.0023608119452472615,-0.0023608119452472615,-0.0023608119452472615,0.0,0.0,0.0,0.795780674886885
2025-09-08 09:00:00,0.7986891107220674,0.794727043398921,0.7964808267467367,0.7986891107220674,0.7986891107220674,0.0005530352644323355,0.0005530352644323355,0.0005530352644323355,0.0002621993102525956,0.0002621993102525956,0.0002621993102525956,-0.0011244358247374236,-0.0011244358247374236,-0.0011244358247374236,8.01218803999912e-05,8.01218803999912e-05,8.01218803999912e-05,0.00017588157638930092,0.00017588157638930092,0.00017588157638930092,-9.896596692840658e-05,-9.896596692840658e-05,-9.896596692840658e-05,-0.0002870645388523191,-0.0002870645388523191,-0.0002870645388523191,-0.0016599211922602207,-0.0016599211922602207,-0.0016599211922602207,-0.00375236470734188,-0.00375236470734188,-0.00375236470734188,-4.438519655054272e-06,-4.438519655054272e-06,-4.438519655054272e-06,5.206171127640088e-05,5.206171127640088e-05,5.206171127640088e-05,-0.00010425099752275564,-0.00010425099752275564,-0.00010425099752275564,3.908904013261402e-06,3.908904013261402e-06,3.908904013261402e-06,-6.392415920345164e-05,-6.392415920345164e-05,-6.392415920345164e-05,7.963892673795696e-05,7.963892673795696e-05,7.963892673795696e-05,-0.00011271802381705808,-0.00011271802381705808,-0.00011271802381705808,-0.002627928882604457,-0.002627928882604457,-0.002627928882604457,0.0,0.0,0.0,0.7956921378908557
2025-09-08 10:00:00,0.7986384108639946,0.7947061427713715,0.7963543746102234,0.7986384108639946,0.7986384108639946,0.0005530352644323355,0.0005530352644323355,0.0005530352644323355,0.0002621993102525956,0.0002621993102525956,0.0002621993102525956,-0.00121254302936517,-0.00121254302936517,-0.00121254302936517,9.814732755524184e-05,9.814732755524184e-05,9.814732755524184e-05,0.00012191978201419997,0.00012191978201419997,0.00012191978201419997,-9.896596692840658e-05,-9.896596692840658e-05,-9.896596692840658e-05,-0.0005132007467269831,-0.0005132007467269831,-0.0005132007467269831,-0.0016820938530003175,-0.0016820938530003175,-0.0016820938530003175,-0.004081669103466618,-0.004081669103466618,-0.004081669103466618,-4.438519655054272e-06,-4.438519655054272e-06,-4.438519655054272e-06,0.0001523292062177616,0.0001523292062177616,0.0001523292062177616,2.587488933258873e-05,2.587488933258873e-05,2.587488933258873e-05,1.4755240690685797e-06,1.4755240690685797e-06,1.4755240690685797e-06,-6.347457330791207e-05,-6.347457330791207e-05,-6.347457330791207e-05,3.8982194366196885e-05,3.8982194366196885e-05,3.8982194366196885e-05,-0.00010433286798648528,-0.00010433286798648528,-0.00010433286798648528,-0.002869126074101447,-0.002869126074101447,-0.002869126074101447,0.0,0.0,0.0,0.7953786331375293
2025-09-09 10:00:00,0.7974216142702463,0.7937318486081956,0.7987323254743939,0.7947754835123794,0.7994436785554517,0.0005530352644323355,0.0005530352644323355,0.0005530352644323355,0.0002621993102525956,0.0002621993102525956,0.0002621993102525956,-0.0006661964688162274,-0.0006661964688162274,-0.0006661964688162274,0.00010947859734104165,0.00010947859734104165,0.00010947859734104165,5.9079941518365944e-05,5.9079941518365944e-05,5.9079941518365944e-05,-9.896596692840658e-05,-9.896596692840658e-05,-9.896596692840658e-05,-0.0005293245668596314,-0.0005293245668596314,-0.0005293245668596314,-0.0009671671736086202,-0.0009671671736086202,-0.0009671671736086202,-0.0009543866578279434,-0.0009543866578279434,-0.0009543866578279434,0.00025832184392415863,0.00025832184392415863,0.00025832184392415863,-0.00031543719229633495,-0.00031543719229633495,-0.00031543719229633495,7.531082537873373e-05,7.531082537873373e-05,7.531082537873373e-05,5.470560929091616e-06,5.470560929091616e-06,5.470560929091616e-06,-2.2138466978294677e-05,-2.2138466978294677e-05,-2.2138466978294677e-05,1.1937746799407561e-05,1.1937746799407561e-05,1.1937746799407561e-05,-6.79971927206698e-05,-6.79971927206698e-05,-6.79971927206698e-05,-0.0002881901890117158,-0.0002881901890117158,-0.0002881901890117158,0.0,0.0,0.0,0.7966605657209231
2025-09-10 10:00:00,0.796204817676498,0.7891533769526357,0.8037242059640117,0.7879630741110123,0.8022483147552866,0.0005530352644323355,0.0005530352644323355,0.0005530352644323355,0.0002621993102525956,0.0002621993102525956,0.0002621993102525956,-0.00011464712171870548,-0.00011464712171870548,-0.00011464712171870548,0.00011334348244729716,0.00011334348244729716,0.00011334348244729716,-8.355513816156788e-06,-8.355513816156788e-06,-8.355513816156788e-06,-9.896596692840658e-05,-9.896596692840658e-05,-9.896596692840658e-05,-0.00044407784564945776,-0.00044407784564945776,-0.00044407784564945776,-0.0003831210791820335,-0.0003831210791820335,-0.0003831210791820335,0.0008237067861849964,0.0008237067861849964,0.0008237067861849964,-4.438519655054272e-06,-4.438519655054272e-06,-4.438519655054272e-06,0.00010559488567878985,0.00010559488567878985,0.00010559488567878985,-0.00015531695459125857,-0.00015531695459125857,-0.00015531695459125857,4.324232945932678e-06,4.324232945932678e-06,4.324232945932678e-06,-8.600488175590898e-06,-8.600488175590898e-06,-8.600488175590898e-06,1.21391593559234e-05,1.21391593559234e-05,1.21391593559234e-05,-6.240708883362126e-05,-6.240708883362126e-05,-6.240708883362126e-05,0.0009383539079037019,0.0009383539079037019,0.0009383539079037019,0.0,0.0,0.0,0.7968606569880112
2025-09-11 10:00:00,0.7949880210827497,0.779976049596817,0.8096145068786299,0.7794729632549243,0.8079254517640914,0.0005530352644323355,0.0005530352644323355,0.0005530352644323355,0.0002621993102525956,0.0002621993102525956,0.0002621993102525956,-0.0005841026110052423,-0.0005841026110052423,-0.0005841026110052423,0.00010947859734104166,0.00010947859734104166,0.00010947859734104166,-7.579096915067954e-05,-7.579096915067954e-05,-7.579096915067954e-05,-9.896596692840658e-05,-9.896596692840658e-05,-9.896596692840658e-05,-0.0006012678361514135,-0.0006012678361514135,-0.0006012678361514135,-0.0006349111081722311,-0.0006349111081722311,-0.0006349111081722311,0.0012132542571371878,0.0012132542571371878,0.0012132542571371878,0.00025832184392415863,0.00025832184392415863,0.00025832184392415863,-0.00032243042226303483,-0.00032243042226303483,-0.00032243042226303483,5.226891251678571e-05,5.226891251678571e-05,5.226891251678571e-05,-1.0310048525109065e-06,-1.0310048525109065e-06,-1.0310048525109065e-06,-1.200368021467618e-05,-1.200368021467618e-05,-1.200368021467618e-05,-1.0598462905585368e-05,-1.0598462905585368e-05,-1.0598462905585368e-05,-6.240708883362126e-05,-6.240708883362126e-05,-6.240708883362126e-05,0.0017973568681424299,0.0017973568681424299,0.0017973568681424299,0.0,0.0,0.0,0.7959525436837015
2025-09-12 10:00:00,0.7937712244890015,0.7696005957374866,0.8126827640089609,0.7704851484675962,0.8132839475202398,0.0005530352644323355,0.0005530352644323355,0.0005530352644323355,0.0002621993102525956,0.0002621993102525956,0.0002621993102525956,-0.0009097873543873357,-0.0009097873543873357,-0.0009097873543873357,9.814732755524185e-05,9.814732755524185e-05,9.814732755524185e-05,-0.00013863080964651356,-0.00013863080964651356,-0.00013863080964651356,-9.896596692840658e-05,-9.896596692840658e-05,-9.896596692840658e-05,-0.0008361227016137881,-0.0008361227016137881,-0.0008361227016137881,-0.00042890099904166837,-0.00042890099904166837,-0.00042890099904166837,-0.0005924347851027187,-0.0005924347851027187,-0.0005924347851027187,0.00025832184392415863,0.00025832184392415863,0.00025832184392415863,-0.0003663436800345681,-0.0003663436800345681,-0.0003663436800345681,-0.00015876490020505838,-0.00015876490020505838,-0.00015876490020505838,-3.0655054404689144e-06,-3.0655054404689144e-06,-3.0655054404689144e-06,-1.4647481640112488e-06,-1.4647481640112488e-06,-1.4647481640112488e-06,-2.8750479796426782e-05,-2.8750479796426782e-05,-2.8750479796426782e-05,-2.0481309680757216e-05,-2.0481309680757216e-05,-2.0481309680757216e-05,0.00031735256928461697,0.00031735256928461697,0.00031735256928461697,0.0,0.0,0.0,0.7933009668042006
2025-09-13 10:00:00,0.7925544278952533,0.7615699866905192,0.8186916111426846,0.7640317671508994,0.8226356454307026,0.0005530352644323355,0.0005530352644323355,0.0005530352644323355,0.0002621993102525956,0.0002621993102525956,0.0002621993102525956,-0.0008819107156955175,-0.0008819107156955175,-0.0008819107156955175,8.012188039999126e-05,8.012188039999126e-05,8.012188039999126e-05,-0.0001925926040216144,-0.0001925926040216144,-0.0001925926040216144,-9.896596692840658e-05,-9.896596692840658e-05,-9.896596692840658e-05,-0.0006773572559794223,-0.0006773572559794223,-0.0006773572559794223,-0.0006960366182899772,-0.0006960366182899772,-0.0006960366182899772,-0.004112114444350282,-0.004112114444350282,-0.004112114444350282,-4.438519655054272e-06,-4.438519655054272e-06,-4.438519655054272e-06,8.235768308672908e-05,8.235768308672908e-05,8.235768308672908e-05,-0.00018041591486380696,-0.00018041591486380696,-0.00018041591486380696,6.425815883161376e-06,6.425815883161376e-06,6.425815883161376e-06,7.959946378989375e-06,7.959946378989375e-06,7.959946378989375e-06,-1.2107582540853573e-05,-1.2107582540853573e-05,-1.2107582540853573e-05,-1.2096153850184402e-05,-1.2096153850184402e-05,-1.2096153850184402e-05,-0.003230203728654765,-0.003230203728654765,-0.003230203728654765,0.0,0.0,0.0,0.7892953533843714
2025-09-14 10:00:00,0.791337631301505,0.758170939472995,0.8306316225294458,0.7559675714822617,0.8292427588356894,0.0005530352644323355,0.0005530352644323355,0.0005530352644323355,0.0002621993102525956,0.0002621993102525956,0.0002621993102525956,-0.0011370708266094857,-0.0011370708266094857,-0.0011370708266094857,5.6630660310460354e-05,5.6630660310460354e-05,5.6630660310460354e-05,-0.00023399894516540066,-0.00023399894516540066,-0.00023399894516540066,-9.896596692840658e-05,-9.896596692840658e-05,-9.896596692840658e-05,-0.0006911779539003484,-0.0006911779539003484,-0.0006911779539003484,-0.0009295765318032597,-0.0009295765318032597,-0.0009295765318032597,0.0021973858198159114,0.0021973858198159114,0.0021973858198159114,-4.438519655054272e-06,-4.438519655054272e-06,-4.438519655054272e-06,-9.529946920474042e-05,-9.529946920474042e-05,-9.529946920474042e-05,4.081203048433586e-05,4.081203048433586e-05,4.081203048433586e-05,-2.1172319978147218e-06,-2.1172319978147218e-06,-2.1172319978147218e-06,1.1225980754213265e-05,1.1225980754213265e-05,1.1225980754213265e-05,1.1065957747345381e-06,1.1065957747345381e-06,1.1065957747345381e-06,-6.506049963135859e-06,-6.506049963135859e-06,-6.506049963135859e-06,0.0033344566464253962,0.0033344566464253962,0.0033344566464253962,0.0,0.0,0.0,0.7930765053912137
2025-09-15 10:00:00,0.7901208347077567,0.7411689802309779,0.8399384913703783,0.7445269752656712,0.8433493955094257,0.0005530352644323355,0.0005530352644323355,0.0005530352644323355,0.0002621993102525956,0.0002621993102525956,0.0002621993102525956,-0.0006390973823633449,-0.0006390973823633449,-0.0006390973823633449,2.9274555114673858e-05,2.9274555114673858e-05,2.9274555114673858e-05,-0.0002600280593561373,-0.0002600280593561373,-0.0002600280593561373,0.00010167736328260952,0.00010167736328260952,0.00010167736328260952,-0.00037303754920038173,-0.00037303754920038173,-0.00037303754920038173,-0.0008844442672777649,-0.0008844442672777649,-0.0008844442672777649,-0.003508223456472331,-0.003508223456472331,-0.003508223456472331,-0.00026719888323426715,-0.00026719888323426715,-0.00026719888323426715,0.00028019700017641144,0.00028019700017641144,0.00028019700017641144,-4.678014107592574e-05,-4.678014107592574e-05,-4.678014107592574e-05,6.567713618686706e-06,6.567713618686706e-06,6.567713618686706e-06,9.407232356291392e-06,9.407232356291392e-06,9.407232356291392e-06,-4.346087148933617e-05,-4.346087148933617e-05,-4.346087148933617e-05,-6.506049963135859e-06,-6.506049963135859e-06,-6.506049963135859e-06,-0.002869126074108985,-0.002869126074108985,-0.002869126074108985,0.0,0.0,0.0,0.7873489142619875
2025-09-16 10:00:00,0.7889040381140084,0.7258678279141129,0.8577648721031079,0.7270260431572864,0.8579648387233889,0.0005530352644323355,0.0005530352644323355,0.0005530352644323355,0.0002621993102525956,0.0002621993102525956,0.0002621993102525956,-0.00010860979960271668,-0.00010860979960271668,-0.00010860979960271668,-8.21618263765461e-08,-8.21618263765461e-08,-8.21618263765461e-08,-0.0002689061054768704,-0.0002689061054768704,-0.0002689061054768704,0.00010167736328260952,0.00010167736328260952,0.00010167736328260952,-0.0001849559816247788,-0.0001849559816247788,-0.0001849559816247788,-0.0008038383048287171,-0.0008038383048287171,-0.0008038383048287171,-0.0003967999886095952,-0.0003967999886095952,-0.0003967999886095952,-4.438519655054272e-06,-4.438519655054272e-06,-4.438519655054272e-06,0.00011243730828375145,0.00011243730828375145,0.00011243730828375145,0.00013835482670935753,0.00013835482670935753,0.00013835482670935753,7.458745640655395e-06,7.458745640655395e-06,7.458745640655395e-06,8.212566322923737e-06,8.212566322923737e-06,8.212566322923737e-06,-2.0463009208487987e-05,-2.0463009208487987e-05,-2.0463009208487987e-05,-9.30110190666013e-06,-9.30110190666013e-06,-9.30110190666013e-06,-0.00028819018900687874,-0.00028819018900687874,-0.00028819018900687874,0.0,0.0,0.0,0.7885910010006707
2025-09-17 10:00:00,0.7876872415202602,0.7097016152568867,0.8697806051803564,0.709784614782341,0.8684136266561114,0.0005530352644323355,0.0005530352644323355,0.0005530352644323355,0.0002621993102525956,0.0002621993102525956,0.0002621993102525956,-0.000980626971075844,-0.000980626971075844,-0.000980626971075844,-2.943887876742695e-05,-2.943887876742695e-05,-2.943887876742695e-05,-0.0002600280593561373,-0.0002600280593561373,-0.0002600280593561373,0.00010167736328260952,0.00010167736328260952,0.00010167736328260952,-0.00046260441904285405,-0.00046260441904285405,-0.00046260441904285405,-0.0009787575810414194,-0.0009787575810414194,-0.0009787575810414194,-4.2273063165823056e-05,-4.2273063165823056e-05,-4.2273063165823056e-05,0.00025832184392415863,0.00025832184392415863,0.00025832184392415863,-0.0004266755314498311,-0.0004266755314498311,-0.0004266755314498311,5.5642503993239795e-05,5.5642503993239795e-05,5.5642503993239795e-05,-1.6457322125284191e-06,-1.6457322125284191e-06,-1.6457322125284191e-06,2.6932824132341052e-06,2.6932824132341052e-06,2.6932824132341052e-06,-4.015513171011109e-05,-4.015513171011109e-05,-4.015513171011109e-05,-1.4891205793708675e-05,-1.4891205793708675e-05,-1.4891205793708675e-05,0.0009383539079100208,0.0009383539079100208,0.0009383539079100208,0.0,0.0,0.0,0.7876539435677444
2025-09-18 10:00:00,0.7864704449265119,0.6926929005227066,0.8786347487680458,0.6926167189654832,0.8780140248871333,0.0005530352644323355,0.0005530352644323355,0.0005530352644323355,0.0002621993102525956,0.0002621993102525956,0.0002621993102525956,-0.0017064965637679352,-0.0017064965637679352,-0.0017064965637679352,-5.679498396321345e-05,-5.679498396321345e-05,-5.679498396321345e-05,-0.0002339989451654007,-0.0002339989451654007,-0.0002339989451654007,0.00010167736328260952,0.00010167736328260952,0.00010167736328260952,-0.0005965297522411021,-0.0005965297522411021,-0.0005965297522411021,-0.0014607045557600436,-0.0014607045557600436,-0.0014607045557600436,9.086030438576378e-05,9.086030438576378e-05,9.086030438576378e-05,-4.438519655054272e-06,-4.438519655054272e-06,-4.438519655054272e-06,-7.859247784696281e-05,-7.859247784696281e-05,-7.859247784696281e-05,-0.00021016196117577227,-0.00021016196117577227,-0.00021016196117577227,1.9590609560186024e-06,1.9590609560186024e-06,1.9590609560186024e-06,2.2651203360503798e-05,2.2651203360503798e-05,2.2651203360503798e-05,-3.662719554712893e-05,-3.662719554712893e-05,-3.662719554712893e-05,2.9829625302679626e-05,2.9829625302679626e-05,2.9829625302679626e-05,0.001797356868153699,0.001797356868153699,0.001797356868153699,0.0,0.0,0.0,0.7865419038705282
2025-09-19 10:00:00,0.7852536483327636,0.676426367568084,0.8930627518221369,0.6775573333115497,0.893386356494887,0.0005530352644323355,0.0005530352644323355,0.0005530352644323355,0.0002621993102525956,0.0002621993102525956,0.0002621993102525956,-0.0011962392403084396,-0.0011962392403084396,-0.0011962392403084396,-8.028620405274433e-05,-8.028620405274433e-05,-8.028620405274433e-05,-0.00019259260402161457,-0.00019259260402161457,-0.00019259260402161457,0.00010167736328260952,0.00010167736328260952,0.00010167736328260952,-0.0004630824357485771,-0.0004630824357485771,-0.0004630824357485771,-0.0013036655563557612,-0.0013036655563557612,-0.0013036655563557612,-0.0008788866710363664,-0.0008788866710363664,-0.0008788866710363664,-4.438519655054272e-06,-4.438519655054272e-06,-4.438519655054272e-06,-8.53397318498055e-05,-8.53397318498055e-05,-8.53397318498055e-05,-3.8542917668981987e-05,-3.8542917668981987e-05,-3.8542917668981987e-05,-5.660036221774542e-06,-5.660036221774542e-06,-5.660036221774542e-06,2.492857330188951e-05,2.492857330188951e-05,2.492857330188951e-05,-3.6227150459099834e-05,-3.6227150459099834e-05,-3.6227150459099834e-05,7.175540445554366e-05,7.175540445554366e-05,7.175540445554366e-05,0.0003173525692720732,0.0003173525692720732,0.0003173525692720732,0.0,0.0,0.0,0.7845634993678612
2025-09-20 10:00:00,0.7840368517390154,0.6665538781073139,0.9057073483319091,0.6686151558196488,0.9098882713881715,0.0005530352644323355,0.0005530352644323355,0.0005530352644323355,0.0002621993102525956,0.0002621993102525956,0.0002621993102525956,-0.0009350847971026205,-0.0009350847971026205,-0.0009350847971026205,-9.831165120799493e-05,-9.831165120799493e-05,-9.831165120799493e-05,-0.00013863080964651373,-0.00013863080964651373,-0.00013863080964651373,0.00010167736328260952,0.00010167736328260952,0.00010167736328260952,-0.0004881859745456056,-0.0004881859745456056,-0.0004881859745456056,-0.0012231631379980722,-0.0012231631379980722,-0.0012231631379980722,-0.004165288525757442,-0.004165288525757442,-0.004165288525757442,-4.438519655054272e-06,-4.438519655054272e-06,-4.438519655054272e-06,6.230993490392201e-05,6.230993490392201e-05,6.230993490392201e-05,-4.186958717006707e-05,-4.186958717006707e-05,-4.186958717006707e-05,-2.25606974200084e-06,-2.25606974200084e-06,-2.25606974200084e-06,2.379367224542781e-05,2.379367224542781e-05,2.379367224542781e-05,9.36041883844809e-06,9.36041883844809e-06,9.36041883844809e-06,4.939498890734951e-05,4.939498890734951e-05,4.939498890734951e-05,-0.0032302037286548223,-0.0032302037286548223,-0.0032302037286548223,0.0,0.0,0.0,0.7807711120366958
2025-09-21 10:00:00,0.7828200551452672,0.6552633185689581,0.9212308526315829,0.6540146264048449,0.9190640451934378,0.0005530352644323355,0.0005530352644323355,0.0005530352644323355,0.0002621993102525956,0.0002621993102525956,0.0002621993102525956,-0.00045751444008398164,-0.00045751444008398164,-0.00045751444008398164,-0.00010964292099379478,-0.00010964292099379478,-0.00010964292099379478,-7.579096915067973e-05,-7.579096915067973e-05,-7.579096915067973e-05,0.00010167736328260952,0.00010167736328260952,0.00010167736328260952,-0.00025144143683429387,-0.00025144143683429387,-0.00025144143683429387,-0.0011166783597615232,-0.0011166783597615232,-0.0011166783597615232,0.002876942206339903,0.002876942206339903,0.002876942206339903,-4.438519655054272e-06,-4.438519655054272e-06,-4.438519655054272e-06,8.577798787020114e-05,8.577798787020114e-05,8.577798787020114e-05,3.092767865512061e-05,3.092767865512061e-05,3.092767865512061e-05,8.68292290018235e-06,8.68292290018235e-06,8.68292290018235e-06,2.230449853414578e-05,2.230449853414578e-05,2.230449853414578e-05,1.4428270912066658e-05,1.4428270912066658e-05,1.4428270912066658e-05,2.1444469472106827e-05,2.1444469472106827e-05,2.1444469472106827e-05,0.003334456646423885,0.003334456646423885,0.003334456646423885,0.0,0.0,0.0,0.785072183201884
2025-09-22 10:00:00,0.7816032585515189,0.6424610529138248,0.9306371514361265,0.644143205909282,0.9345373028251747,0.0003711484621133747,0.0003711484621133747,0.0003711484621133747,-0.000432066155317353,-0.000432066155317353,-0.000432066155317353,-0.0013605293653253482,-0.0013605293653253482,-0.0013605293653253482,-0.0001135078061000503,-0.0001135078061000503,-0.0001135078061000503,-8.35551381615682e-06,-8.35551381615682e-06,-8.35551381615682e-06,2.6436114453478476e-05,2.6436114453478476e-05,2.6436114453478476e-05,-9.4295267235405e-05,-9.4295267235405e-05,-9.4295267235405e-05,-0.0012206924423795633,-0.0012206924423795633,-0.0012206924423795633,-0.0042296554394277855,-0.0042296554394277855,-0.0042296554394277855,-4.438519655054272e-06,-4.438519655054272e-06,-4.438519655054272e-06,-9.538330785181734e-05,-9.538330785181734e-05,-9.538330785181734e-05,4.2498379271975715e-05,4.2498379271975715e-05,4.2498379271975715e-05,1.6200639185411382e-06,1.6200639185411382e-06,1.6200639185411382e-06,2.3046987335471772e-05,2.3046987335471772e-05,2.3046987335471772e-05,0.00011363001463453045,0.00011363001463453045,0.00011363001463453045,2.9829625302679626e-05,2.9829625302679626e-05,2.9829625302679626e-05,-0.0028691260741024378,-0.0028691260741024378,-0.0028691260741024378,0.0,0.0,0.0,0.778297346077512
2025-09-23 10:00:00,0.7803864619577706,0.6126889043694215,0.9524856375218486,0.6132316661737492,0.9536313781512769,0.0003711484621133747,0.0003711484621133747,0.0003711484621133747,-0.000432066155317353,-0.000432066155317353,-0.000432066155317353,-0.0013724160570997138,-0.0013724160570997138,-0.0013724160570997138,-0.0001096429209937948,-0.0001096429209937948,-0.0001096429209937948,5.907994151836588e-05,5.907994151836588e-05,5.907994151836588e-05,2.6436114453478476e-05,2.6436114453478476e-05,2.6436114453478476e-05,-0.00019351556768264658,-0.00019351556768264658,-0.00019351556768264658,-0.0011409905044924937,-0.0011409905044924937,-0.0011409905044924937,-0.0016606062461215268,-0.0016606062461215268,-0.0016606062461215268,-4.438519655054272e-06,-4.438519655054272e-06,-4.438519655054272e-06,-8.872360770064134e-05,-8.872360770064134e-05,-8.872360770064134e-05,-4.6821476924572545e-05,-4.6821476924572545e-05,-4.6821476924572545e-05,1.7569706223928063e-06,1.7569706223928063e-06,1.7569706223928063e-06,2.379796376262625e-05,2.379796376262625e-05,2.379796376262625e-05,0.0001121682542892549,0.0001121682542892549,0.0001121682542892549,4.939498890734951e-05,4.939498890734951e-05,4.939498890734951e-05,-0.000288190189021813,-0.000288190189021813,-0.000288190189021813,0.0,0.0,0.0,0.7790905473246549
2025-09-24 10:00:00,0.7791696653640223,0.6008150770546962,0.9769355944963104,0.6010044121360503,0.9774292747436701,0.0003711484621133747,0.0003711484621133747,0.0003711484621133747,-0.000432066155317353,-0.000432066155317353,-0.000432066155317353,-0.0012662347952930603,-0.0012662347952930603,-0.0012662347952930603,-9.831165120799497e-05,-9.831165120799497e-05,-9.831165120799497e-05,0.00012191978201419997,0.00012191978201419997,0.00012191978201419997,2.6436114453478476e-05,2.6436114453478476e-05,2.6436114453478476e-05,-0.00017997507084833666,-0.00017997507084833666,-0.00017997507084833666,-0.0011413655572282155,-0.0011413655572282155,-0.0011413655572282155,-0.00032788088739332333,-0.00032788088739332333,-0.00032788088739332333,-4.438519655054272e-06,-4.438519655054272e-06,-4.438519655054272e-06,-7.195217368281432e-05,-7.195217368281432e-05,-7.195217368281432e-05,-4.353797501847045e-05,-4.353797501847045e-05,-4.353797501847045e-05,-1.2389487829732223e-06,-1.2389487829732223e-06,-1.2389487829732223e-06,2.3798130039735712e-05,2.3798130039735712e-05,2.3798130039735712e-05,0.00011395377892001356,0.00011395377892001356,0.00011395377892001356,4.939498890734951e-05,4.939498890734951e-05,4.939498890734951e-05,0.000938353907899737,0.000938353907899737,0.000938353907899737,0.0,0.0,0.0,0.7789141905227128
2025-09-25 10:00:00,0.777952868770274,0.5713062968504612,0.996749265573765,0.571203923824765,0.9961291726599513,0.0003711484621133747,0.0003711484621133747,0.0003711484621133747,-0.000432066155317353,-0.000432066155317353,-0.000432066155317353,-0.001012245585769447,-0.001012245585769447,-0.001012245585769447,-8.028620405274437e-05,-8.028620405274437e-05,-8.028620405274437e-05,0.0001758815763893009,0.0001758815763893009,0.0001758815763893009,2.6436114453478476e-05,2.6436114453478476e-05,2.6436114453478476e-05,-0.00025570248780967125,-0.00025570248780967125,-0.00025570248780967125,-0.0008168926748287074,-0.0008168926748287074,-0.0008168926748287074,0.000785111282378727,0.000785111282378727,0.000785111282378727,-0.00026719888323426715,-0.00026719888323426715,-0.00026719888323426715,0.00014962347657952033,0.00014962347657952033,0.00014962347657952033,-3.526897877006188e-05,-3.526897877006188e-05,-3.526897877006188e-05,-1.7151326906897524e-06,-1.7151326906897524e-06,-1.7151326906897524e-06,2.3561505535425567e-05,2.3561505535425567e-05,2.3561505535425567e-05,9.20190147296955e-05,9.20190147296955e-05,9.20190147296955e-05,3.821478113325244e-05,3.821478113325244e-05,3.821478113325244e-05,0.0017973568681481735,0.0017973568681481735,0.0017973568681481735,0.0,0.0,0.0,0.7785636483447045
2025-09-26 10:00:00,0.7767360721765257,0.5525161261372685,1.0041144137316902,0.5518605893807078,1.004592390136106,0.0003711484621133747,0.0003711484621133747,0.0003711484621133747,-0.000432066155317353,-0.000432066155317353,-0.000432066155317353,-0.0003790652818556883,-0.0003790652818556883,-0.0003790652818556883,-5.679498396321345e-05,-5.679498396321345e-05,-5.679498396321345e-05,0.0002172879175330871,0.0002172879175330871,0.0002172879175330871,2.6436114453478476e-05,2.6436114453478476e-05,2.6436114453478476e-05,-0.00026336853553563086,-0.00026336853553563086,-0.00026336853553563086,-0.0005754041955961639,-0.0005754041955961639,-0.0005754041955961639,-6.171271255786114e-05,-6.171271255786114e-05,-6.171271255786114e-05,-4.438519655054272e-06,-4.438519655054272e-06,-4.438519655054272e-06,9.921907235538793e-05,9.921907235538793e-05,9.921907235538793e-05,7.397679107945777e-05,7.397679107945777e-05,7.397679107945777e-05,1.9607621033033867e-06,1.9607621033033867e-06,1.9607621033033867e-06,2.393700963155209e-05,2.393700963155209e-05,2.393700963155209e-05,8.964599003473616e-05,8.964599003473616e-05,8.964599003473616e-05,4.939498890734951e-05,4.939498890734951e-05,4.939498890734951e-05,0.0003173525692978271,0.0003173525692978271,0.0003173525692978271,0.0,0.0,0.0,0.7766881376865702
2025-09-27 10:00:00,0.7755192755827776,0.5353926223345115,1.0260755541940854,0.5377364852101075,1.0294650565109353,0.0003711484621133747,0.0003711484621133747,0.0003711484621133747,-0.000432066155317353,-0.000432066155317353,-0.000432066155317353,-0.0005957764218258605,-0.0005957764218258605,-0.0005957764218258605,-2.9438878767427e-05,-2.9438878767427e-05,-2.9438878767427e-05,0.0002433170317238236,0.0002433170317238236,0.0002433170317238236,2.6436114453478476e-05,2.6436114453478476e-05,2.6436114453478476e-05,-0.00014907442419955037,-0.00014907442419955037,-0.00014907442419955037,-0.0007940560489094139,-0.0007940560489094139,-0.0007940560489094139,-0.00382598015047292,-0.00382598015047292,-0.00382598015047292,0.00025832184392415863,0.00025832184392415863,0.00025832184392415863,-0.00022960311775391303,-0.00022960311775391303,-0.00022960311775391303,4.912537831477745e-05,4.912537831477745e-05,4.912537831477745e-05,1.825631930946776e-06,1.825631930946776e-06,1.825631930946776e-06,2.2513910452847407e-05,2.2513910452847407e-05,2.2513910452847407e-05,5.8304620453904294e-05,5.8304620453904294e-05,5.8304620453904294e-05,7.469209754485468e-06,7.469209754485468e-06,7.469209754485468e-06,-0.00323020372864706,-0.00323020372864706,-0.00323020372864706,0.0,0.0,0.0,0.7725521542280887
2025-09-28 10:00:00,0.7743024789890293,0.5149367833729087,1.058118827759865,0.5134226853551153,1.0548691510983523,0.0003711484621133747,0.0003711484621133747,0.0003711484621133747,-0.000432066155317353,-0.000432066155317353,-0.000432066155317353,-0.0011263064370525889,-0.0011263064370525889,-0.0011263064370525889,-8.216182637657388e-08,-8.216182637657388e-08,-8.216182637657388e-08,0.0002521950778445568,0.0002521950778445568,0.0002521950778445568,2.6436114453478476e-05,2.6436114453478476e-05,2.6436114453478476e-05,-0.000190033439701532,-0.000190033439701532,-0.000190033439701532,-0.0010281409848638624,-0.0010281409848638624,-0.0010281409848638624,0.0022081502093717516,0.0022081502093717516,0.0022081502093717516,-4.438519655054272e-06,-4.438519655054272e-06,-4.438519655054272e-06,-0.00014921634423189625,-0.00014921634423189625,-0.00014921634423189625,-0.00011299727938504334,-0.00011299727938504334,-0.00011299727938504334,1.4853273049049746e-06,1.4853273049049746e-06,1.4853273049049746e-06,2.4672749823786585e-05,2.4672749823786585e-05,2.4672749823786585e-05,5.136046776345652e-05,5.136046776345652e-05,5.136046776345652e-05,6.337024862497086e-05,6.337024862497086e-05,6.337024862497086e-05,0.0033344566464243402,0.0033344566464243402,0.0033344566464243402,0.0,0.0,0.0,0.776012255170126
2025-09-29 10:00:00,0.7730856823952811,0.4962496266039289,1.0619527155625956,0.49791813486992287,1.0660825703648,0.0003711484621133747,0.0003711484621133747,0.0003711484621133747,-0.000432066155317353,-0.000432066155317353,-0.000432066155317353,-0.00036976223061885104,-0.00036976223061885104,-0.00036976223061885104,2.9274555114673858e-05,2.9274555114673858e-05,2.9274555114673858e-05,0.0002433170317238236,0.0002433170317238236,0.0002433170317238236,2.6436114453478476e-05,2.6436114453478476e-05,2.6436114453478476e-05,-8.48876021775146e-05,-8.48876021775146e-05,-8.48876021775146e-05,-0.0007087809987231538,-0.0007087809987231538,-0.0007087809987231538,-0.0032388883047288278,-0.0032388883047288278,-0.0032388883047288278,-4.438519655054272e-06,-4.438519655054272e-06,-4.438519655054272e-06,9.595870731479917e-05,9.595870731479917e-05,9.595870731479917e-05,-7.336334420879834e-05,-7.336334420879834e-05,-7.336334420879834e-05,-3.0106042130763617e-06,-3.0106042130763617e-06,-3.0106042130763617e-06,2.7272362641887936e-05,2.7272362641887936e-05,2.7272362641887936e-05,4.367183642327519e-05,4.367183642327519e-05,4.367183642327519e-05,9.970592389078637e-05,9.970592389078637e-05,9.970592389078637e-05,-0.0028691260741099765,-0.0028691260741099765,-0.0028691260741099765,0.0,0.0,0.0,0.7705817442200177
2025-09-30 10:00:00,0.7718688858015328,0.48537323362030294,1.0912016988002649,0.48439408513558097,1.0911713367928624,0.0003711484621133747,0.0003711484621133747,0.0003711484621133747,-0.000432066155317353,-0.000432066155317353,-0.000432066155317353,0.00016681013867045152,0.00016681013867045152,0.00016681013867045152,5.663066031046027e-05,5.663066031046027e-05,5.663066031046027e-05,0.0002172879175330871,0.0002172879175330871,0.0002172879175330871,-9.896596692840658e-05,-9.896596692840658e-05,-9.896596692840658e-05,0.00019369753087653858,0.00019369753087653858,0.00019369753087653858,-0.00036949264502950384,-0.00036949264502950384,-0.00036949264502950384,-0.00012138005034005101,-0.00012138005034005101,-0.00012138005034005101,-0.00026719888323426715,-0.00026719888323426715,-0.00026719888323426715,0.000542662281573154,0.000542662281573154,0.000542662281573154,4.751788629826806e-05,4.751788629826806e-05,4.751788629826806e-05,-1.9878620962054527e-06,-1.9878620962054527e-06,-1.9878620962054527e-06,9.951482578095218e-06,9.951482578095218e-06,9.951482578095218e-06,-6.79180006084119e-05,-6.79180006084119e-05,-6.79180006084119e-05,-3.445656939837854e-05,-3.445656939837854e-05,-3.445656939837854e-05,-0.00028819018901050236,-0.00028819018901050236,-0.00028819018901050236,0.0,0.0,0.0,0.7717751963173183
2025-10-01 10:00:00,0.7706520892077845,0.4725269047101433,1.1079486542805645,0.47182460561170586,1.1071699732994202,0.0003711484621133747,0.0003711484621133747,0.0003711484621133747,-0.000432066155317353,-0.000432066155317353,-0.000432066155317353,-0.00014390920433438132,-0.00014390920433438132,-0.00014390920433438132,8.01218803999912e-05,8.01218803999912e-05,8.01218803999912e-05,0.00017588157638930092,0.00017588157638930092,0.00017588157638930092,-9.896596692840658e-05,-9.896596692840658e-05,-9.896596692840658e-05,3.6178499895032634e-05,3.6178499895032634e-05,3.6178499895032634e-05,-0.0002634482916803413,-0.0002634482916803413,-0.0002634482916803413,0.0007944447035716745,0.0007944447035716745,0.0007944447035716745,-4.438519655054272e-06,-4.438519655054272e-06,-4.438519655054272e-06,-0.00018582529313599958,-0.00018582529313599958,-0.00018582529313599958,0.0002677608408224167,0.0002677608408224167,0.0002677608408224167,4.6841799200257955e-06,4.6841799200257955e-06,4.6841799200257955e-06,1.3192442256003092e-05,1.3192442256003092e-05,1.3192442256003092e-05,-8.485649778909022e-05,-8.485649778909022e-05,-8.485649778909022e-05,-2.327636162428149e-05,-2.327636162428149e-05,-2.327636162428149e-05,0.0009383539079060558,0.0009383539079060558,0.0009383539079060558,0.0,0.0,0.0,0.7712643296783521
2025-10-02 10:00:00,0.7694352926140362,0.4520548498050719,1.1307092767284448,0.45000774587981923,1.128266540002086,0.0003711484621133747,0.0003711484621133747,0.0003711484621133747,-0.000432066155317353,-0.000432066155317353,-0.000432066155317353,-0.0001690822311181354,-0.0001690822311181354,-0.0001690822311181354,9.814732755524184e-05,9.814732755524184e-05,9.814732755524184e-05,0.00012191978201419997,0.00012191978201419997,0.00012191978201419997,-9.896596692840658e-05,-9.896596692840658e-05,-9.896596692840658e-05,4.5903119447711485e-05,4.5903119447711485e-05,4.5903119447711485e-05,-4.0089607604104713e-05,-4.0089607604104713e-05,-4.0089607604104713e-05,0.0016282746370338884,0.0016282746370338884,0.0016282746370338884,-4.438519655054272e-06,-4.438519655054272e-06,-4.438519655054272e-06,-7.86155651823317e-05,-7.86155651823317e-05,-7.86155651823317e-05,-9.141303875635101e-05,-9.141303875635101e-05,-9.141303875635101e-05,3.0530736667955008e-06,3.0530736667955008e-06,3.0530736667955008e-06,1.973490199757031e-05,1.973490199757031e-05,1.973490199757031e-05,-6.571378673219499e-05,-6.571378673219499e-05,-6.571378673219499e-05,-1.7686257737232943e-05,-1.7686257737232943e-05,-1.7686257737232943e-05,0.0017973568681520237,0.0017973568681520237,0.0017973568681520237,0.0,0.0,0.0,0.7706881445858385
