ds,trend,yhat_lower,yhat_upper,trend_lower,trend_upper,extra_regressors_multiplicative,extra_regressors_multiplicative_lower,extra_regressors_multiplicative_upper,ma_5,ma_5_lower,ma_5_upper,market_session,market_session_lower,market_session_upper,multiplicative_terms,multiplicative_terms_lower,multiplicative_terms_upper,rsi_14,rsi_14_lower,rsi_14_upper,weekly,weekly_lower,weekly_upper,additive_terms,additive_terms_lower,additive_terms_upper,yhat
2025-08-11 12:00:00,0.6506318515966535,0.6503604273846849,0.6510883551597306,0.6506318515966535,0.6506318515966535,0.001367721104081996,0.001367721104081996,0.001367721104081996,-0.0006731246257141369,-0.0006731246257141369,-0.0006731246257141369,8.26630339422248e-05,8.26630339422248e-05,8.26630339422248e-05,0.00013404229901786273,0.00013404229901786273,0.00013404229901786273,0.001958182695853908,0.001958182695853908,0.001958182695853908,-0.0012336788050641332,-0.0012336788050641332,-0.0012336788050641332,0.0,0.0,0.0,0.6507190637858558
2025-08-11 13:00:00,0.6506882131974386,0.6504965578331299,0.651245586673618,0.6506882131974386,0.6506882131974386,0.001367721104081996,0.001367721104081996,0.001367721104081996,-0.0006731246257141369,-0.0006731246257141369,-0.0006731246257141369,8.26630339422248e-05,8.26630339422248e-05,8.26630339422248e-05,0.000208864658758467,0.000208864658758467,0.000208864658758467,0.001958182695853908,0.001958182695853908,0.001958182695853908,-0.0011588564453235287,-0.0011588564453235287,-0.0011588564453235287,0.0,0.0,0.0,0.6508241189690462
2025-08-11 14:00:00,0.6507445747982239,0.6505976331847563,0.6513756927801405,0.6507445747982239,0.6507445747982239,0.001367721104081996,0.001367721104081996,0.001367721104081996,-0.0006731246257141369,-0.0006731246257141369,-0.0006731246257141369,8.26630339422248e-05,8.26630339422248e-05,8.26630339422248e-05,0.0002883607479941749,0.0002883607479941749,0.0002883607479941749,0.001958182695853908,0.001958182695853908,0.001958182695853908,-0.001079360356087821,-0.001079360356087821,-0.001079360356087821,0.0,0.0,0.0,0.6509322239905659
2025-08-11 15:00:00,0.650800936399009,0.650666666665492,0.6514286667813858,0.650800936399009,0.650800936399009,0.001367721104081996,0.001367721104081996,0.001367721104081996,-0.0006731246257141369,-0.0006731246257141369,-0.0006731246257141369,8.26630339422248e-05,8.26630339422248e-05,8.26630339422248e-05,0.00037152558598040124,0.00037152558598040124,0.00037152558598040124,0.001958182695853908,0.001958182695853908,0.001958182695853908,-0.0009961955181015951,-0.0009961955181015951,-0.0009961955181015951,0.0,0.0,0.0,0.6510427255982613
2025-08-11 16:00:00,0.6508572979997943,0.6508324293246969,0.6515840982903931,0.6508572979997943,0.6508572979997943,0.001367721104081996,0.001367721104081996,0.001367721104081996,-0.0006731246257141369,-0.0006731246257141369,-0.0006731246257141369,8.26630339422248e-05,8.26630339422248e-05,8.26630339422248e-05,0.0004573502122655057,0.0004573502122655057,0.0004573502122655057,0.001958182695853908,0.001958182695853908,0.001958182695853908,-0.0009103708918164903,-0.0009103708918164903,-0.0009103708918164903,0.0,0.0,0.0,0.6511549677231891
2025-08-11 17:00:00,0.6509136596005796,0.6508172074473841,0.6516636648648332,0.6509136596005796,0.6509136596005796,0.001304240303058692,0.001304240303058692,0.001304240303058692,-0.0005697598177878769,-0.0005697598177878769,-0.0005697598177878769,-8.418257500733919e-05,-8.418257500733919e-05,-8.418257500733919e-05,0.00048135277177355,0.00048135277177355,0.00048135277177355,0.001958182695853908,0.001958182695853908,0.001958182695853908,-0.0008228875312851418,-0.0008228875312851418,-0.0008228875312851418,0.0,0.0,0.0,0.6512269786948135
2025-08-11 18:00:00,0.6509700212013647,0.6510602285279631,0.6517613004264928,0.6509700212013647,0.6509700212013647,0.0013710413668799983,0.0013710413668799983,0.0013710413668799983,-0.0005029587539665705,-0.0005029587539665705,-0.0005029587539665705,-8.418257500733919e-05,-8.418257500733919e-05,-8.418257500733919e-05,0.0006363143574291987,0.0006363143574291987,0.0006363143574291987,0.001958182695853908,0.001958182695853908,0.001958182695853908,-0.0007347270094507999,-0.0007347270094507999,-0.0007347270094507999,0.0,0.0,0.0,0.6513842427721112
2025-08-11 19:00:00,0.65102638280215,0.651196355629437,0.6519168775012804,0.65102638280215,0.65102638280215,0.001450736048910809,0.001450736048910809,0.001450736048910809,-0.0004232640719357599,-0.0004232640719357599,-0.0004232640719357599,-8.418257500733919e-05,-8.418257500733919e-05,-8.418257500733919e-05,0.0008038957550394463,0.0008038957550394463,0.0008038957550394463,0.001958182695853908,0.001958182695853908,0.001958182695853908,-0.0006468402938713623,-0.0006468402938713623,-0.0006468402938713623,0.0,0.0,0.0,0.6515497401477033
2025-08-11 20:00:00,0.6510827444029352,0.6513442408646206,0.6520641592239146,0.6510827444029352,0.6510827444029352,0.0014672827205732834,0.0014672827205732834,0.0014672827205732834,-0.0004067174002732855,-0.0004067174002732855,-0.0004067174002732855,-8.418257500733919e-05,-8.418257500733919e-05,-8.418257500733919e-05,0.0009071455153712342,0.0009071455153712342,0.0009071455153712342,0.001958182695853908,0.001958182695853908,0.001958182695853908,-0.0005601372052020492,-0.0005601372052020492,-0.0005601372052020492,0.0,0.0,0.0,0.651673371194656
2025-08-11 21:00:00,0.6511391060037204,0.6514360568028807,0.6520896965868763,0.6511391060037204,0.6511391060037204,0.0014838376946298604,0.0014838376946298604,0.0014838376946298604,-0.0003901624262167084,-0.0003901624262167084,-0.0003901624262167084,-8.418257500733919e-05,-8.418257500733919e-05,-8.418257500733919e-05,0.0010083611123717618,0.0010083611123717618,0.0010083611123717618,0.001958182695853908,0.001958182695853908,0.001958182695853908,-0.00047547658225809847,-0.00047547658225809847,-0.00047547658225809847,0.0,0.0,0.0,0.651795689356959
2025-08-11 22:00:00,0.6511954676045056,0.6515203697932513,0.6523376552722352,0.6511954676045056,0.6511954676045056,0.001482650452257711,0.001482650452257711,0.001482650452257711,-0.000391349668588858,-0.000391349668588858,-0.000391349668588858,-8.418257500733919e-05,-8.418257500733919e-05,-8.418257500733919e-05,0.0010889931845592749,0.0010889931845592749,0.0010889931845592749,0.001958182695853908,0.001958182695853908,0.001958182695853908,-0.00039365726769843607,-0.00039365726769843607,-0.00039365726769843607,0.0,0.0,0.0,0.6519046150305429
2025-08-11 23:00:00,0.6512518292052909,0.6516704780147665,0.6523892761043457,0.6512518292052909,0.6512518292052909,0.0014702217681239113,0.0014702217681239113,0.0014702217681239113,-0.0004037783527226575,-0.0004037783527226575,-0.0004037783527226575,-8.418257500733919e-05,-8.418257500733919e-05,-8.418257500733919e-05,0.001154811751133745,0.001154811751133745,0.001154811751133745,0.001958182695853908,0.001958182695853908,0.001958182695853908,-0.00031541001699016613,-0.00031541001699016613,-0.00031541001699016613,0.0,0.0,0.0,0.6520039024706045
2025-08-12 00:00:00,0.651308190806076,0.651884406028554,0.6525883669093033,0.651308190806076,0.651308190806076,0.0016297857430464479,0.0016297857430464479,0.0016297857430464479,-0.0003067814811562075,-0.0003067814811562075,-0.0003067814811562075,-2.16154716512527e-05,-2.16154716512527e-05,-2.16154716512527e-05,0.0013883953222141626,0.0013883953222141626,0.0013883953222141626,0.001958182695853908,0.001958182695853908,0.001958182695853908,-0.00024139042083228543,-0.00024139042083228543,-0.00024139042083228543,0.0,0.0,0.0,0.652212464051511
2025-08-12 01:00:00,0.6513645524068613,0.6519478195048316,0.6527660138869632,0.6513645524068613,0.6513645524068613,0.0016771093900488318,0.0016771093900488318,0.0016771093900488318,-0.00025945783415382343,-0.00025945783415382343,-0.00025945783415382343,-2.16154716512527e-05,-2.16154716512527e-05,-2.16154716512527e-05,0.0015049364724685455,0.0015049364724685455,0.0015049364724685455,0.001958182695853908,0.001958182695853908,0.001958182695853908,-0.00017217291758028623,-0.00017217291758028623,-0.00017217291758028623,0.0,0.0,0.0,0.6523448146786516
2025-08-12 02:00:00,0.6514209140076465,0.6531860752969271,0.6539350208673461,0.6514209140076465,0.6514209140076465,0.003282845305848215,0.003282845305848215,0.003282845305848215,-0.00012445260188960727,-0.00012445260188960727,-0.00012445260188960727,-2.16154716512527e-05,-2.16154716512527e-05,-2.16154716512527e-05,0.003174599348057014,0.003174599348057014,0.003174599348057014,0.0034289133793890753,0.0034289133793890753,0.0034289133793890753,-0.00010824595779120104,-0.00010824595779120104,-0.00010824595779120104,0.0,0.0,0.0,0.6534889144165658
2025-08-12 03:00:00,0.6514772756084317,0.6521962404879128,0.6528767170830386,0.6514772756084317,0.6514772756084317,0.0017190533099294475,0.0017190533099294475,0.0017190533099294475,-4.92910270979415e-05,-4.92910270979415e-05,-4.92910270979415e-05,-2.16154716512527e-05,-2.16154716512527e-05,-2.16154716512527e-05,0.0016690449422119458,0.0016690449422119458,0.0016690449422119458,0.0017899598086786417,0.0017899598086786417,0.0017899598086786417,-5.000836771750113e-05,-5.000836771750113e-05,-5.000836771750113e-05,0.0,0.0,0.0,0.652564620460252
2025-08-12 04:00:00,0.6515336372092169,0.6515434949360751,0.6522201369476018,0.6515336372092169,0.6515336372092169,0.0004713594910210923,0.0004713594910210923,0.0004713594910210923,-3.154050827495747e-05,-3.154050827495747e-05,-3.154050827495747e-05,-2.16154716512527e-05,-2.16154716512527e-05,-2.16154716512527e-05,0.0004735925479004742,0.0004735925479004742,0.0004735925479004742,0.0005245154709473025,0.0005245154709473025,0.0005245154709473025,2.233056879381878e-06,2.233056879381878e-06,2.233056879381878e-06,0.0,0.0,0.0,0.6518421986845057
2025-08-12 05:00:00,0.6515899988100021,0.6491947942714034,0.6499179243946452,0.6515899988100021,0.6515899988100021,-0.0031405076671188374,-0.0031405076671188374,-0.0031405076671188374,-0.00031014395081164006,-0.00031014395081164006,-0.00031014395081164006,-2.16154716512527e-05,-2.16154716512527e-05,-2.16154716512527e-05,-0.003092242955483371,-0.003092242955483371,-0.003092242955483371,-0.0028087482446559446,-0.0028087482446559446,-0.0028087482446559446,4.8264711635466386e-05,4.8264711635466386e-05,4.8264711635466386e-05,0.0,0.0,0.0,0.6495751242263185
2025-08-12 06:00:00,0.6516463604107874,0.648977785077733,0.6497003404246394,0.6516463604107874,0.6516463604107874,-0.0034857802792571967,-0.0034857802792571967,-0.0034857802792571967,-0.0005733049401158884,-0.0005733049401158884,-0.0005733049401158884,-2.16154716512527e-05,-2.16154716512527e-05,-2.16154716512527e-05,-0.00339781417925851,-0.00339781417925851,-0.00339781417925851,-0.0028908598674900554,-0.0028908598674900554,-0.0028908598674900554,8.796609999868683e-05,8.796609999868683e-05,8.796609999868683e-05,0.0,0.0,0.0,0.6494321871675214
2025-08-12 07:00:00,0.6516533006069545,0.6496772722677513,0.6503467986209505,0.6516533006069545,0.6516533006069545,-0.002656387906637736,-0.002656387906637736,-0.002656387906637736,-0.0008653084469090665,-0.0008653084469090665,-0.0008653084469090665,-2.16154716512527e-05,-2.16154716512527e-05,-2.16154716512527e-05,-0.0025350793845426087,-0.0025350793845426087,-0.0025350793845426087,-0.0017694639880774165,-0.0017694639880774165,-0.0017694639880774165,0.00012130852209512732,0.00012130852209512732,0.00012130852209512732,0.0,0.0,0.0,0.6500013077587167
2025-08-12 08:00:00,0.6516602408031216,0.6486817226484372,0.6494195307428098,0.6516602408031216,0.6516602408031216,-0.004074286669192972,-0.004074286669192972,-0.004074286669192972,-0.0012345740342292637,-0.0012345740342292637,-0.0012345740342292637,8.26630339422248e-05,8.26630339422248e-05,8.26630339422248e-05,-0.003925934100410694,-0.003925934100410694,-0.003925934100410694,-0.0029223756689059333,-0.0029223756689059333,-0.0029223756689059333,0.00014835256878227755,0.00014835256878227755,0.00014835256878227755,0.0,0.0,0.0,0.6491018656418708
2025-08-12 09:00:00,0.6516671809992887,0.6483048360049498,0.6490484476633915,0.6516671809992887,0.6516671809992887,-0.004650234579363308,-0.004650234579363308,-0.004650234579363308,-0.0015828760761667487,-0.0015828760761667487,-0.0015828760761667487,8.26630339422248e-05,8.26630339422248e-05,8.26630339422248e-05,-0.0044809901106341995,-0.0044809901106341995,-0.0044809901106341995,-0.0031500215371387838,-0.0031500215371387838,-0.0031500215371387838,0.0001692444687291069,0.0001692444687291069,0.0001692444687291069,0.0,0.0,0.0,0.648747066805806
2025-08-12 10:00:00,0.6516741211954558,0.648218652485178,0.6488907911001398,0.6516741211954558,0.6516741211954558,-0.004915360318835868,-0.004915360318835868,-0.004915360318835868,-0.001706864031313026,-0.001706864031313026,-0.001706864031313026,8.26630339422248e-05,8.26630339422248e-05,8.26630339422248e-05,-0.004731148967977871,-0.004731148967977871,-0.004731148967977871,-0.0032911593214650673,-0.0032911593214650673,-0.0032911593214650673,0.00018421135085799716,0.00018421135085799716,0.00018421135085799716,0.0,0.0,0.0,0.6485909538495039
2025-08-12 11:00:00,0.6516810613916229,0.6478567159137342,0.6486121886425028,0.6516810613916229,0.6516810613916229,-0.005421246484906957,-0.005421246484906957,-0.005421246484906957,-0.0018701140086828136,-0.0018701140086828136,-0.0018701140086828136,8.26630339422248e-05,8.26630339422248e-05,8.26630339422248e-05,-0.005227690986568336,-0.005227690986568336,-0.005227690986568336,-0.0036337955101663683,-0.0036337955101663683,-0.0036337955101663683,0.00019355549833862065,0.00019355549833862065,0.00019355549833862065,0.0,0.0,0.0,0.6482742741808686
2025-08-12 12:00:00,0.6516880015877901,0.6501688709613722,0.6509790852517796,0.6516880015877901,0.6516880015877901,-0.0019319335457894154,-0.0019319335457894154,-0.0019319335457894154,-0.0018205985296087864,-0.0018205985296087864,-0.0018205985296087864,8.26630339422248e-05,8.26630339422248e-05,8.26630339422248e-05,-0.001734285863217657,-0.001734285863217657,-0.001734285863217657,-0.0001939980501228539,-0.0001939980501228539,-0.0001939980501228539,0.0001976476825717584,0.0001976476825717584,0.0001976476825717584,0.0,0.0,0.0,0.6505577882994078
2025-08-12 13:00:00,0.6516949417839571,0.6501626460355789,0.6509630869151662,0.6516949417839571,0.6516949417839571,-0.002000883624108667,-0.002000883624108667,-0.002000883624108667,-0.0016646463567503728,-0.0016646463567503728,-0.0016646463567503728,8.26630339422248e-05,8.26630339422248e-05,8.26630339422248e-05,-0.0018039639467608635,-0.0018039639467608635,-0.0018039639467608635,-0.00041890030130051854,-0.00041890030130051854,-0.00041890030130051854,0.00019691967734780294,0.00019691967734780294,0.00019691967734780294,0.0,0.0,0.0,0.6505193076046925
2025-08-12 14:00:00,0.6517018819801242,0.6512629303707836,0.6519941201409232,0.6517018819801242,0.6517018819801242,-0.0002756613583247885,-0.0002756613583247885,-0.0002756613583247885,-0.0013062818130291302,-0.0013062818130291302,-0.0013062818130291302,8.26630339422248e-05,8.26630339422248e-05,8.26630339422248e-05,-8.380529518490529e-05,-8.380529518490529e-05,-8.380529518490529e-05,0.0009479574207621169,0.0009479574207621169,0.0009479574207621169,0.0001918560631398832,0.0001918560631398832,0.0001918560631398832,0.0,0.0,0.0,0.6516472659115323
2025-08-12 15:00:00,0.6517088221762913,0.6525832027760892,0.6532264172092486,0.6517088221762913,0.6517088221762913,0.0015813297267913845,0.0015813297267913845,0.0015813297267913845,-0.0007055122655310007,-0.0007055122655310007,-0.0007055122655310007,8.26630339422248e-05,8.26630339422248e-05,8.26630339422248e-05,0.001764315166962248,0.001764315166962248,0.001764315166962248,0.00220417895838016,0.00220417895838016,0.00220417895838016,0.00018298544017086377,0.00018298544017086377,0.00018298544017086377,0.0,0.0,0.0,0.6528586419357
2025-08-12 16:00:00,0.6517157623724584,0.6528427083432603,0.6535532221766529,0.6517157623724584,0.6517157623724584,0.0021229869078941894,0.0021229869078941894,0.0021229869078941894,-6.616979452877636e-05,-6.616979452877636e-05,-6.616979452877636e-05,8.26630339422248e-05,8.26630339422248e-05,8.26630339422248e-05,0.0022938580838258414,0.0022938580838258414,0.0022938580838258414,0.0021064936684807413,0.0021064936684807413,0.0021064936684807413,0.0001708711759316519,0.0001708711759316519,0.0001708711759316519,0.0,0.0,0.0,0.6532107058423332
2025-08-12 17:00:00,0.6517227025686255,0.6528058289018229,0.6535696292003115,0.6517227025686255,0.6517227025686255,0.0022354690997079193,0.0022354690997079193,0.0022354690997079193,0.00028615060620683667,0.00028615060620683667,0.00028615060620683667,-8.418257500733919e-05,-8.418257500733919e-05,-8.418257500733919e-05,0.00239157091763302,0.00239157091763302,0.00239157091763302,0.0020335010685084217,0.0020335010685084217,0.0020335010685084217,0.00015610181792510082,0.00015610181792510082,0.00015610181792510082,0.0,0.0,0.0,0.6532813436304498
2025-08-12 18:00:00,0.6517296427647926,0.6529488348609271,0.6537529833058509,0.6517296427647926,0.6517296427647926,0.0024033776020939797,0.0024033776020939797,0.0024033776020939797,0.0006454035061086657,0.0006454035061086657,0.0006454035061086657,-8.418257500733919e-05,-8.418257500733919e-05,-8.418257500733919e-05,0.0025426589084691755,0.0025426589084691755,0.0025426589084691755,0.001842156670992653,0.001842156670992653,0.001842156670992653,0.00013928130637519631,0.00013928130637519631,0.00013928130637519631,0.0,0.0,0.0,0.653386768946882
2025-08-12 19:00:00,0.6517365829609598,0.6531305584521137,0.6538550213572047,0.6517365829609598,0.6517365829609598,0.0025913438070297645,0.0025913438070297645,0.0025913438070297645,0.0008333697110444509,0.0008333697110444509,0.0008333697110444509,-8.418257500733919e-05,-8.418257500733919e-05,-8.418257500733919e-05,0.002712362930084815,0.002712362930084815,0.002712362930084815,0.001842156670992653,0.001842156670992653,0.001842156670992653,0.0001210191230550504,0.0001210191230550504,0.0001210191230550504,0.0,0.0,0.0,0.6535043291087633
2025-08-12 20:00:00,0.6517435231571269,0.6531963175786485,0.6538833168783128,0.6517435231571269,0.6517435231571269,0.0026827912927175008,0.0026827912927175008,0.0026827912927175008,0.000814946698290334,0.000814946698290334,0.000814946698290334,-8.418257500733919e-05,-8.418257500733919e-05,-8.418257500733919e-05,0.002784711805463285,0.002784711805463285,0.002784711805463285,0.0019520271694345062,0.0019520271694345062,0.0019520271694345062,0.00010192051274578471,0.00010192051274578471,0.00010192051274578471,0.0,0.0,0.0,0.6535584410401969
2025-08-12 21:00:00,0.651750463353294,0.6529235766966909,0.6536757325717514,0.651750463353294,0.651750463353294,0.002342847101558649,0.002342847101558649,0.002342847101558649,0.0007822601722818299,0.0007822601722818299,0.0007822601722818299,-8.418257500733919e-05,-8.418257500733919e-05,-8.418257500733919e-05,0.0024254240134536312,0.0024254240134536312,0.0024254240134536312,0.0016447695042841582,0.0016447695042841582,0.0016447695042841582,8.257691189498222e-05,8.257691189498222e-05,8.257691189498222e-05,0.0,0.0,0.0,0.6533312345778906
2025-08-12 22:00:00,0.6517574035494611,0.6529942505517672,0.653710862697156,0.6517574035494611,0.6517574035494611,0.002317292332177377,0.002317292332177377,0.002317292332177377,0.0007567054029005578,0.0007567054029005578,0.0007567054029005578,-8.418257500733919e-05,-8.418257500733919e-05,-8.418257500733919e-05,0.002380849047825817,0.002380849047825817,0.002380849047825817,0.0016447695042841582,0.0016447695042841582,0.0016447695042841582,6.355671564844029e-05,6.355671564844029e-05,6.355671564844029e-05,0.0,0.0,0.0,0.6533091395431153
2025-08-12 23:00:00,0.6517643437456282,0.6529256729957644,0.6537635005730066,0.6517643437456282,0.6517643437456282,0.002465861708135211,0.002465861708135211,0.002465861708135211,0.0007662116442720894,0.0007662116442720894,0.0007662116442720894,-8.418257500733919e-05,-8.418257500733919e-05,-8.418257500733919e-05,0.0025112582173053444,0.0025112582173053444,0.0025112582173053444,0.0017838326388704606,0.0017838326388704606,0.0017838326388704606,4.539650917013407e-05,4.539650917013407e-05,4.539650917013407e-05,0.0,0.0,0.0,0.653401092309606
2025-08-13 00:00:00,0.6518286635437723,0.6525121478106481,0.6532996360385698,0.6518286635437723,0.6518286635437723,0.0015466143104198287,0.0015466143104198287,0.0015466143104198287,0.0007080201632475479,0.0007080201632475479,0.0007080201632475479,-2.16154716512527e-05,-2.16154716512527e-05,-2.16154716512527e-05,0.0015752071926510543,0.0015752071926510543,0.0015752071926510543,0.0008602096188235337,0.0008602096188235337,0.0008602096188235337,2.859288223122571e-05,2.859288223122571e-05,2.859288223122571e-05,0.0,0.0,0.0,0.6528554287429627
2025-08-13 01:00:00,0.6518929833419165,0.6518895352326661,0.652571211700519,0.6518929833419165,0.6518929833419165,0.0004992357380088514,0.0004992357380088514,0.0004992357380088514,0.0005578796663368726,0.0005578796663368726,0.0005578796663368726,-2.16154716512527e-05,-2.16154716512527e-05,-2.16154716512527e-05,0.0005128306758524448,0.0005128306758524448,0.0005128306758524448,-3.702845667676851e-05,-3.702845667676851e-05,-3.702845667676851e-05,1.3594937843593386e-05,1.3594937843593386e-05,1.3594937843593386e-05,0.0,0.0,0.0,0.6522272940611471
2025-08-13 02:00:00,0.6519573031400607,0.6526547683994105,0.6534080304525838,0.6519573031400607,0.6519573031400607,0.00165004981073832,0.00165004981073832,0.00165004981073832,0.0005602541510811718,0.0005602541510811718,0.0005602541510811718,-2.16154716512527e-05,-2.16154716512527e-05,-2.16154716512527e-05,0.0016508474064219954,0.0016508474064219954,0.0016508474064219954,0.001111411131308401,0.001111411131308401,0.001111411131308401,7.975956836752101e-07,7.975956836752101e-07,7.975956836752101e-07,0.0,0.0,0.0,0.6530335851630474
2025-08-13 03:00:00,0.652021622938205,0.6526524779658252,0.6534405474885304,0.652021622938205,0.652021622938205,0.0016141540188371567,0.0016141540188371567,0.0016141540188371567,0.0005596646810922258,0.0005596646810922258,0.0005596646810922258,-2.16154716512527e-05,-2.16154716512527e-05,-2.16154716512527e-05,0.0016046897988450303,0.0016046897988450303,0.0016046897988450303,0.0010761048093961836,0.0010761048093961836,0.0010761048093961836,-9.464219992126339e-06,-9.464219992126339e-06,-9.464219992126339e-06,0.0,0.0,0.0,0.6530679153851603
2025-08-13 04:00:00,0.6520859427363491,0.6530342057536914,0.6537870122695085,0.6520859427363491,0.6520859427363491,0.0019449809766768052,0.0019449809766768052,0.0019449809766768052,0.0005792832386126723,0.0005792832386126723,0.0005792832386126723,-2.16154716512527e-05,-2.16154716512527e-05,-2.16154716512527e-05,0.0019280605461616212,0.0019280605461616212,0.0019280605461616212,0.0013873132097153855,0.0013873132097153855,0.0013873132097153855,-1.6920430515183853e-05,-1.6920430515183853e-05,-1.6920430515183853e-05,0.0,0.0,0.0,0.6533432039152457
2025-08-13 05:00:00,0.6521502625344933,0.6529007718357097,0.6536907879372806,0.6521502625344933,0.6521502625344933,0.0018125174712276429,0.0018125174712276429,0.0018125174712276429,0.0006511404605083975,0.0006511404605083975,0.0006511404605083975,-2.16154716512527e-05,-2.16154716512527e-05,-2.16154716512527e-05,0.00179114784419677,0.00179114784419677,0.00179114784419677,0.0011829924823704983,0.0011829924823704983,0.0011829924823704983,-2.1369627030873002e-05,-2.1369627030873002e-05,-2.1369627030873002e-05,0.0,0.0,0.0,0.6533183600713243
2025-08-13 06:00:00,0.6522145823326374,0.654040486735079,0.6548347030689029,0.6522145823326374,0.6522145823326374,0.0034638760073594822,0.0034638760073594822,0.0034638760073594822,0.000981144025605007,0.000981144025605007,0.000981144025605007,-2.16154716512527e-05,-2.16154716512527e-05,-2.16154716512527e-05,0.003441194188635776,0.003441194188635776,0.003441194188635776,0.002504347453405728,0.002504347453405728,0.002504347453405728,-2.2681818723705783e-05,-2.2681818723705783e-05,-2.2681818723705783e-05,0.0,0.0,0.0,0.654458979363104
2025-08-13 07:00:00,0.6522789021307817,0.6546862767170464,0.6553787941868363,0.6522789021307817,0.6522789021307817,0.0043053956226168566,0.0043053956226168566,0.0043053956226168566,0.001283367779671827,0.001283367779671827,0.001283367779671827,-2.16154716512527e-05,-2.16154716512527e-05,-2.16154716512527e-05,0.004284595552738958,0.004284595552738958,0.004284595552738958,0.0030436433145962826,0.0030436433145962826,0.0030436433145962826,-2.0800069877899004e-05,-2.0800069877899004e-05,-2.0800069877899004e-05,0.0,0.0,0.0,0.6550736534139966
2025-08-13 08:00:00,0.6523432219289258,0.6549162801953045,0.6556128285556007,0.6523432219289258,0.6523432219289258,0.004494347462757479,0.004494347462757479,0.004494347462757479,0.0015730134065090658,0.0015730134065090658,0.0015730134065090658,8.26630339422248e-05,8.26630339422248e-05,8.26630339422248e-05,0.004478606457038197,0.004478606457038197,0.004478606457038197,0.0028386710223061882,0.0028386710223061882,0.0028386710223061882,-1.5741005719282467e-05,-1.5741005719282467e-05,-1.5741005719282467e-05,0.0,0.0,0.0,0.6552648104948617
2025-08-13 09:00:00,0.6524075417270699,0.6557492461556379,0.6564168956785,0.6524075417270699,0.6524075417270699,0.005681190727479464,0.005681190727479464,0.005681190727479464,0.001989934736600085,0.001989934736600085,0.001989934736600085,8.26630339422248e-05,8.26630339422248e-05,8.26630339422248e-05,0.005673596545014236,0.005673596545014236,0.005673596545014236,0.003608592956937154,0.003608592956937154,0.003608592956937154,-7.594182465227371e-06,-7.594182465227371e-06,-7.594182465227371e-06,0.0,0.0,0.0,0.6561090389017539
2025-08-13 10:00:00,0.6524718615252141,0.6553914286554066,0.6561844920555585,0.6524718615252141,0.6524718615252141,0.005002069447011633,0.005002069447011633,0.005002069447011633,0.002337190676867022,0.002337190676867022,0.002337190676867022,8.26630339422248e-05,8.26630339422248e-05,8.26630339422248e-05,0.005005549114496642,0.005005549114496642,0.005005549114496642,0.0025822157362023865,0.0025822157362023865,0.0025822157362023865,3.4796674850085885e-06,3.4796674850085885e-06,3.4796674850085885e-06,0.0,0.0,0.0,0.6557378414739056
2025-08-13 11:00:00,0.6525361813233583,0.6555704943566918,0.6561697036962287,0.6525361813233583,0.6525361813233583,0.00511295924720549,0.00511295924720549,0.00511295924720549,0.002497410280349815,0.002497410280349815,0.002497410280349815,8.26630339422248e-05,8.26630339422248e-05,8.26630339422248e-05,0.005130210736170517,0.005130210736170517,0.005130210736170517,0.0025328859329134504,0.0025328859329134504,0.0025328859329134504,1.7251488965027784e-05,1.7251488965027784e-05,1.7251488965027784e-05,0.0,0.0,0.0,0.6558838294465232
2025-08-13 12:00:00,0.6526005011215025,0.654601746854871,0.6552481025726525,0.6526005011215025,0.6526005011215025,0.0034882449905420405,0.0034882449905420405,0.0034882449905420405,0.002413755356280368,0.002413755356280368,0.002413755356280368,8.26630339422248e-05,8.26630339422248e-05,8.26630339422248e-05,0.003521672805390907,0.003521672805390907,0.003521672805390907,0.0009918266003194477,0.0009918266003194477,0.0009918266003194477,3.342781484886692e-05,3.342781484886692e-05,3.342781484886692e-05,0.0,0.0,0.0,0.6548987465590865
2025-08-13 13:00:00,0.6526648209196467,0.6548684145501411,0.6555839650295326,0.6526648209196467,0.6526648209196467,0.003908927830864347,0.003908927830864347,0.003908927830864347,0.002411364266747632,0.002411364266747632,0.002411364266747632,8.26630339422248e-05,8.26630339422248e-05,8.26630339422248e-05,0.003960583509361624,0.003960583509361624,0.003960583509361624,0.0014149005301744902,0.0014149005301744902,0.0014149005301744902,5.1655678497277194e-05,5.1655678497277194e-05,5.1655678497277194e-05,0.0,0.0,0.0,0.6552497544465216
2025-08-13 14:00:00,0.6527291407177909,0.6550577114793504,0.6558607324187969,0.6527291407177909,0.6527291407177909,0.00406670557374698,0.00406670557374698,0.00406670557374698,0.0022897175867688563,0.0022897175867688563,0.0022897175867688563,8.26630339422248e-05,8.26630339422248e-05,8.26630339422248e-05,0.004138234032285197,0.004138234032285197,0.004138234032285197,0.0016943249530358988,0.0016943249530358988,0.0016943249530358988,7.152845853821744e-05,7.152845853821744e-05,7.152845853821744e-05,0.0,0.0,0.0,0.6554302866617736
2025-08-13 15:00:00,0.652793460515935,0.6543084786449225,0.6549463423350466,0.652793460515935,0.652793460515935,0.0027500417538011447,0.0027500417538011447,0.0027500417538011447,0.0021324702404135663,0.0021324702404135663,0.0021324702404135663,8.26630339422248e-05,8.26630339422248e-05,8.26630339422248e-05,0.002842634327596753,0.002842634327596753,0.002842634327596753,0.0005349084794453539,0.0005349084794453539,0.0005349084794453539,9.259257379560826e-05,9.259257379560826e-05,9.259257379560826e-05,0.0,0.0,0.0,0.6546491136156283
2025-08-13 16:00:00,0.6528577803140792,0.6542396360546677,0.6549912932403221,0.6528577803140792,0.6528577803140792,0.0025550386346776836,0.0025550386346776836,0.0025550386346776836,0.0019752394988467132,0.0019752394988467132,0.0019752394988467132,8.26630339422248e-05,8.26630339422248e-05,8.26630339422248e-05,0.002669393569141977,0.002669393569141977,0.002669393569141977,0.0004971361018887458,0.0004971361018887458,0.0004971361018887458,0.00011435493446429327,0.00011435493446429327,0.00011435493446429327,0.0,0.0,0.0,0.6546005146744138
2025-08-13 17:00:00,0.6529221001122234,0.6539265164001941,0.654665652608757,0.6529221001122234,0.6529221001122234,0.0019173207178241343,0.0019173207178241343,0.0019173207178241343,0.0019167740388132258,0.0019167740388132258,0.0019167740388132258,-8.418257500733919e-05,-8.418257500733919e-05,-8.418257500733919e-05,0.002053611763104519,0.002053611763104519,0.002053611763104519,8.472925401824744e-05,8.472925401824744e-05,8.472925401824744e-05,0.00013629104528038502,0.00013629104528038502,0.00013629104528038502,0.0,0.0,0.0,0.6542629486174047
2025-08-13 18:00:00,0.6529384629017562,0.653963093358515,0.6545767198609147,0.6529384629017562,0.6529384629017562,0.0018435610386290367,0.0018435610386290367,0.0018435610386290367,0.0017979501728661719,0.0017979501728661719,0.0017979501728661719,-8.418257500733919e-05,-8.418257500733919e-05,-8.418257500733919e-05,0.002001414685843357,0.002001414685843357,0.002001414685843357,0.00012979344077020404,0.00012979344077020404,0.00012979344077020404,0.00015785364721431974,0.00015785364721431974,0.00015785364721431974,0.0,0.0,0.0,0.6542452635303597
2025-08-13 19:00:00,0.6529548256912889,0.6540063478051288,0.6547640867130717,0.6529548256912889,0.6529548256912889,0.0020393709486966954,0.0020393709486966954,0.0020393709486966954,0.0016712556372071574,0.0016712556372071574,0.0016712556372071574,-8.418257500733919e-05,-8.418257500733919e-05,-8.418257500733919e-05,0.002217852725392047,0.002217852725392047,0.002217852725392047,0.00045229788649687704,0.00045229788649687704,0.00045229788649687704,0.00017848177669535154,0.00017848177669535154,0.00017848177669535154,0.0,0.0,0.0,0.6544029833310062
2025-08-13 20:00:00,0.6529711884808217,0.654247160846722,0.6550340282290953,0.6529711884808217,0.6529711884808217,0.0022336046021535173,0.0022336046021535173,0.0022336046021535173,0.0016861750396042403,0.0016861750396042403,0.0016861750396042403,-8.418257500733919e-05,-8.418257500733919e-05,-8.418257500733919e-05,0.002431214717488585,0.002431214717488585,0.002431214717488585,0.0006316121375566165,0.0006316121375566165,0.0006316121375566165,0.0001976101153350673,0.0001976101153350673,0.0001976101153350673,0.0,0.0,0.0,0.6545587016443523
2025-08-13 21:00:00,0.6529875512703545,0.6542144216109399,0.6548964483206897,0.6529875512703545,0.6529875512703545,0.002177878215062928,0.002177878215062928,0.002177878215062928,0.001699301124851713,0.001699301124851713,0.001699301124851713,-8.418257500733919e-05,-8.418257500733919e-05,-8.418257500733919e-05,0.002392556713881535,0.002392556713881535,0.002392556713881535,0.0005627596652185537,0.0005627596652185537,0.0005627596652185537,0.00021467849881860734,0.00021467849881860734,0.00021467849881860734,0.0,0.0,0.0,0.6545498610202275
2025-08-13 22:00:00,0.6530039140598872,0.6544206172921676,0.6551698020935623,0.6530039140598872,0.6530039140598872,0.002483876431321596,0.002483876431321596,0.002483876431321596,0.0017810631030410796,0.0017810631030410796,0.0017810631030410796,-8.418257500733919e-05,-8.418257500733919e-05,-8.418257500733919e-05,0.002713017882258046,0.002713017882258046,0.002713017882258046,0.0007869959032878551,0.0007869959032878551,0.0007869959032878551,0.00022914145093645065,0.00022914145093645065,0.00022914145093645065,0.0,0.0,0.0,0.6547755253559162
2025-08-13 23:00:00,0.65302027684942,0.6549793111796648,0.6556784891153639,0.65302027684942,0.65302027684942,0.0032365345560719577,0.0032365345560719577,0.0032365345560719577,0.0019261972562426481,0.0019261972562426481,0.0019261972562426481,-8.418257500733919e-05,-8.418257500733919e-05,-8.418257500733919e-05,0.003477012164113895,0.003477012164113895,0.003477012164113895,0.0013945198748366487,0.0013945198748366487,0.0013945198748366487,0.000240477608041938,0.000240477608041938,0.000240477608041938,0.0,0.0,0.0,0.6552908362954385
2025-08-14 00:00:00,0.6530366396389528,0.6552644078443775,0.6559557244807155,0.6530366396389528,0.6530366396389528,0.0036780759461445822,0.0036780759461445822,0.0036780759461445822,0.0020630705272042496,0.0020630705272042496,0.0020630705272042496,-2.16154716512527e-05,-2.16154716512527e-05,-2.16154716512527e-05,0.003926274846146663,0.003926274846146663,0.003926274846146663,0.0016366208905915854,0.0016366208905915854,0.0016366208905915854,0.00024819890000208017,0.00024819890000208017,0.00024819890000208017,0.0,0.0,0.0,0.6556006409707793
2025-08-14 01:00:00,0.6530530024284855,0.656090937219656,0.6568929517712063,0.6530530024284855,0.6530530024284855,0.0050842615867014085,0.0050842615867014085,0.0050842615867014085,0.002344563202926325,0.002344563202926325,0.002344563202926325,-2.16154716512527e-05,-2.16154716512527e-05,-2.16154716512527e-05,0.0053361209432385955,0.0053361209432385955,0.0053361209432385955,0.002761313855426336,0.002761313855426336,0.002761313855426336,0.0002518593565371869,0.0002518593565371869,0.0002518593565371869,0.0,0.0,0.0,0.656537772231789
2025-08-14 02:00:00,0.6530693652180183,0.6553821242711788,0.6561759454122269,0.6530693652180183,0.6530693652180183,0.003942458378944633,0.003942458378944633,0.003942458378944633,0.002524011151401712,0.002524011151401712,0.002524011151401712,-2.16154716512527e-05,-2.16154716512527e-05,-2.16154716512527e-05,0.004193521791162767,0.004193521791162767,0.004193521791162767,0.0014400626991941741,0.0014400626991941741,0.0014400626991941741,0.0002510634122181336,0.0002510634122181336,0.0002510634122181336,0.0,0.0,0.0,0.6558080258322009
2025-08-14 03:00:00,0.6530857280075512,0.6546731575591239,0.6553485413429901,0.6530857280075512,0.6530857280075512,0.0026329630498302427,0.0026329630498302427,0.0026329630498302427,0.002544916580024855,0.002544916580024855,0.002544916580024855,-2.16154716512527e-05,-2.16154716512527e-05,-2.16154716512527e-05,0.0028784366394364216,0.0028784366394364216,0.0028784366394364216,0.00010966194145664045,0.00010966194145664045,0.00010966194145664045,0.0002454735896061789,0.0002454735896061789,0.0002454735896061789,0.0,0.0,0.0,0.654965593895741
2025-08-14 04:00:00,0.6531020907970839,0.6548752414039855,0.6555166731012717,0.6531020907970839,0.6531020907970839,0.0029760934693973122,0.0029760934693973122,0.0029760934693973122,0.002541927718108915,0.002541927718108915,0.002541927718108915,-2.16154716512527e-05,-2.16154716512527e-05,-2.16154716512527e-05,0.003210910917021692,0.003210910917021692,0.003210910917021692,0.0004557812229396499,0.0004557812229396499,0.0004557812229396499,0.00023481744762438017,0.00023481744762438017,0.00023481744762438017,0.0,0.0,0.0,0.655199143430354
2025-08-14 05:00:00,0.6531184535866167,0.6545825828003528,0.6552735674898439,0.6531184535866167,0.6531184535866167,0.0026142852864145896,0.0026142852864145896,0.0026142852864145896,0.0024779162587425328,0.0024779162587425328,0.0024779162587425328,-2.16154716512527e-05,-2.16154716512527e-05,-2.16154716512527e-05,0.0028331789781233705,0.0028331789781233705,0.0028331789781233705,0.0001579844993233095,0.0001579844993233095,0.0001579844993233095,0.00021889369170878108,0.00021889369170878108,0.00021889369170878108,0.0,0.0,0.0,0.6549688550595427
2025-08-14 06:00:00,0.6531348163761495,0.6533746113390457,0.6541926919796702,0.6531348163761495,0.6531348163761495,0.0007997939915166014,0.0007997939915166014,0.0007997939915166014,0.0020730084930747654,0.0020730084930747654,0.0020730084930747654,-2.16154716512527e-05,-2.16154716512527e-05,-2.16154716512527e-05,0.000997371344229396,0.000997371344229396,0.000997371344229396,-0.0012515990299069113,-0.0012515990299069113,-0.0012515990299069113,0.0001975773527127943,0.0001975773527127943,0.0001975773527127943,0.0,0.0,0.0,0.6537862343259216
2025-08-14 07:00:00,0.6531511791656822,0.6529807254637201,0.6536189466069803,0.6531511791656822,0.6531511791656822,2.7368446193053557e-05,2.7368446193053557e-05,2.7368446193053557e-05,0.0017142288296429758,0.0017142288296429758,0.0017142288296429758,-2.16154716512527e-05,-2.16154716512527e-05,-2.16154716512527e-05,0.00019819239982306653,0.00019819239982306653,0.00019819239982306653,-0.0016652449117986695,-0.0016652449117986695,-0.0016652449117986695,0.00017082395363001297,0.00017082395363001297,0.00017082395363001297,0.0,0.0,0.0,0.6532806287653283
2025-08-14 08:00:00,0.653167541955215,0.6523519714697025,0.6531545659888534,0.653167541955215,0.653167541955215,-0.0007373436053068116,-0.0007373436053068116,-0.0007373436053068116,0.0013998005560861447,0.0013998005560861447,0.0013998005560861447,8.26630339422248e-05,8.26630339422248e-05,8.26630339422248e-05,-0.0005986710092248013,-0.0005986710092248013,-0.0005986710092248013,-0.002219807195335181,-0.002219807195335181,-0.002219807195335181,0.0001386725960820101,0.0001386725960820101,0.0001386725960820101,0.0,0.0,0.0,0.6527765094836797
2025-08-14 09:00:00,0.6531839047447477,0.6523908602800234,0.6530595800705098,0.6531839047447477,0.6531839047447477,-0.0007524579616637383,-0.0007524579616637383,-0.0007524579616637383,0.0010725865954443815,0.0010725865954443815,0.0010725865954443815,8.26630339422248e-05,8.26630339422248e-05,8.26630339422248e-05,-0.0006512100491332169,-0.0006512100491332169,-0.0006512100491332169,-0.0019077075910503445,-0.0019077075910503445,-0.0019077075910503445,0.00010124791253052147,0.00010124791253052147,0.00010124791253052147,0.0,0.0,0.0,0.6527585448220459
2025-08-14 10:00:00,0.6532002675342805,0.6520804229196343,0.6528151906450569,0.6532002675342805,0.6532002675342805,-0.0011329833048112188,-0.0011329833048112188,-0.0011329833048112188,0.0007657882221673622,0.0007657882221673622,0.0007657882221673622,8.26630339422248e-05,8.26630339422248e-05,8.26630339422248e-05,-0.0010742224598118153,-0.0010742224598118153,-0.0010742224598118153,-0.0019814345609208057,-0.0019814345609208057,-0.0019814345609208057,5.87608449994035e-05,5.87608449994035e-05,5.87608449994035e-05,0.0,0.0,0.0,0.6524985851361401
2025-08-14 11:00:00,0.6531661862838387,0.651776908599303,0.6524558509997046,0.6531661862838387,0.6531661862838387,-0.0015723666717922258,-0.0015723666717922258,-0.0015723666717922258,0.0005940282907312789,0.0005940282907312789,0.0005940282907312789,8.26630339422248e-05,8.26630339422248e-05,8.26630339422248e-05,-0.0015608584456365726,-0.0015608584456365726,-0.0015608584456365726,-0.0022490579964657294,-0.0022490579964657294,-0.0022490579964657294,1.1508226155653042e-05,1.1508226155653042e-05,1.1508226155653042e-05,0.0,0.0,0.0,0.6521466863255734
2025-08-14 12:00:00,0.653132105033397,0.6506373648549317,0.6513553976407899,0.653132105033397,0.653132105033397,-0.0032897544546070393,-0.0032897544546070393,-0.0032897544546070393,0.0002238909520190097,0.0002238909520190097,0.0002238909520190097,8.26630339422248e-05,8.26630339422248e-05,8.26630339422248e-05,-0.0033298833000655233,-0.0033298833000655233,-0.0033298833000655233,-0.0035963084405682736,-0.0035963084405682736,-0.0035963084405682736,-4.0128845458483556e-05,-4.0128845458483556e-05,-4.0128845458483556e-05,0.0,0.0,0.0,0.6509572513441096
2025-08-14 13:00:00,0.6530980237829552,0.6497563059937962,0.6505148094374285,0.6530980237829552,0.6530980237829552,-0.004434049117259321,-0.004434049117259321,-0.004434049117259321,-0.0002454766023025618,-0.0002454766023025618,-0.0002454766023025618,8.26630339422248e-05,8.26630339422248e-05,8.26630339422248e-05,-0.004529736945805455,-0.004529736945805455,-0.004529736945805455,-0.004271235548898984,-0.004271235548898984,-0.004271235548898984,-9.568782854613405e-05,-9.568782854613405e-05,-9.568782854613405e-05,0.0,0.0,0.0,0.650139661535393
2025-08-14 14:00:00,0.6530639425325134,0.6502432028493589,0.6509539048738697,0.6530639425325134,0.6530639425325134,-0.0035314677231255438,-0.0035314677231255438,-0.0035314677231255438,-0.0006092460046550984,-0.0006092460046550984,-0.0006092460046550984,8.26630339422248e-05,8.26630339422248e-05,8.26630339422248e-05,-0.003686096460200513,-0.003686096460200513,-0.003686096460200513,-0.00300488475241267,-0.00300488475241267,-0.00300488475241267,-0.00015462873707496906,-0.00015462873707496906,-0.00015462873707496906,0.0,0.0,0.0,0.6506566858456597
2025-08-14 15:00:00,0.6530298612820717,0.6493538670285486,0.650059137512854,0.6530298612820717,0.6530298612820717,-0.004730040013313431,-0.004730040013313431,-0.004730040013313431,-0.0011451738533657507,-0.0011451738533657507,-0.0011451738533657507,8.26630339422248e-05,8.26630339422248e-05,8.26630339422248e-05,-0.004946379287555493,-0.004946379287555493,-0.004946379287555493,-0.0036675291938899055,-0.0036675291938899055,-0.0036675291938899055,-0.00021633927424206196,-0.00021633927424206196,-0.00021633927424206196,0.0,0.0,0.0,0.6497997279020709
2025-08-14 16:00:00,0.65299578003163,0.6490129278449636,0.6497753012593052,0.65299578003163,0.65299578003163,-0.005268805133411014,-0.005268805133411014,-0.005268805133411014,-0.0016507232416586033,-0.0016507232416586033,-0.0016507232416586033,8.26630339422248e-05,8.26630339422248e-05,8.26630339422248e-05,-0.0055489461815339475,-0.0055489461815339475,-0.0055489461815339475,-0.0037007449256946357,-0.0037007449256946357,-0.0037007449256946357,-0.0002801410481229334,-0.0002801410481229334,-0.0002801410481229334,0.0,0.0,0.0,0.6493723415914657
2025-08-14 17:00:00,0.6529616987811881,0.6491396169414211,0.6498054030977181,0.6529616987811881,0.6529616987811881,-0.0050498582861891305,-0.0050498582861891305,-0.0050498582861891305,-0.0018320226240430152,-0.0018320226240430152,-0.0018320226240430152,-8.418257500733919e-05,-8.418257500733919e-05,-8.418257500733919e-05,-0.005395155086349449,-0.005395155086349449,-0.005395155086349449,-0.0031336530871387764,-0.0031336530871387764,-0.0031336530871387764,-0.0003452968001603177,-0.0003452968001603177,-0.0003452968001603177,0.0,0.0,0.0,0.6494388691508174
2025-08-14 18:00:00,0.6529276175307465,0.6492210776357796,0.6499433945883717,0.6529276175307465,0.6529276175307465,-0.004724933697888588,-0.004724933697888588,-0.004724933697888588,-0.0017914737307167313,-0.0017914737307167313,-0.0017914737307167313,-8.418257500733919e-05,-8.418257500733919e-05,-8.418257500733919e-05,-0.005135952261930108,-0.005135952261930108,-0.005135952261930108,-0.0028492773921645178,-0.0028492773921645178,-0.0028492773921645178,-0.00041101856404152044,-0.00041101856404152044,-0.00041101856404152044,0.0,0.0,0.0,0.6495742124566128
2025-08-14 19:00:00,0.6528935362803046,0.6495085433975897,0.6501565593048977,0.6528935362803046,0.6528935362803046,-0.004189073187962906,-0.004189073187962906,-0.004189073187962906,-0.001823280202938906,-0.001823280202938906,-0.001823280202938906,-8.418257500733919e-05,-8.418257500733919e-05,-8.418257500733919e-05,-0.004665549847520174,-0.004665549847520174,-0.004665549847520174,-0.0022816104100166616,-0.0022816104100166616,-0.0022816104100166616,-0.00047647665955726653,-0.00047647665955726653,-0.00047647665955726653,0.0,0.0,0.0,0.649847428941665
2025-08-14 20:00:00,0.6528594550298629,0.6492619320865696,0.650014748599683,0.6528594550298629,0.6528594550298629,-0.004382327359432841,-0.004382327359432841,-0.004382327359432841,-0.0017298865704599596,-0.0017298865704599596,-0.0017298865704599596,-8.418257500733919e-05,-8.418257500733919e-05,-8.418257500733919e-05,-0.004923136773906748,-0.004923136773906748,-0.004923136773906748,-0.0025682582139655427,-0.0025682582139655427,-0.0025682582139655427,-0.0005408094144739075,-0.0005408094144739075,-0.0005408094144739075,0.0,0.0,0.0,0.6496453386386126
2025-08-14 21:00:00,0.6528253737794212,0.6496923447604467,0.6503778852964146,0.6528253737794212,0.6528253737794212,-0.0036095574924994737,-0.0036095574924994737,-0.0036095574924994737,-0.0015576783097365318,-0.0015576783097365318,-0.0015576783097365318,-8.418257500733919e-05,-8.418257500733919e-05,-8.418257500733919e-05,-0.00421269098974818,-0.00421269098974818,-0.00421269098974818,-0.0019676966077556025,-0.0019676966077556025,-0.0019676966077556025,-0.0006031334972487065,-0.0006031334972487065,-0.0006031334972487065,0.0,0.0,0.0,0.6500752222094216
2025-08-14 22:00:00,0.6527912925289794,0.6495867373502922,0.6503608763864932,0.6527912925289794,0.6527912925289794,-0.0036552259946753636,-0.0036552259946753636,-0.0036552259946753636,-0.0014730104935733346,-0.0014730104935733346,-0.0014730104935733346,-8.418257500733919e-05,-8.418257500733919e-05,-8.418257500733919e-05,-0.004317780729035404,-0.004317780729035404,-0.004317780729035404,-0.0020980329260946898,-0.0020980329260946898,-0.0020980329260946898,-0.0006625547343600411,-0.0006625547343600411,-0.0006625547343600411,0.0,0.0,0.0,0.6499726828660156
2025-08-14 23:00:00,0.6527572112785376,0.6495586050955307,0.6503623913128661,0.6527572112785376,0.6527572112785376,-0.003626895669591435,-0.003626895669591435,-0.003626895669591435,-0.0014241924156129804,-0.0014241924156129804,-0.0014241924156129804,-8.418257500733919e-05,-8.418257500733919e-05,-8.418257500733919e-05,-0.004345074948515198,-0.004345074948515198,-0.004345074948515198,-0.002118520678971116,-0.002118520678971116,-0.002118520678971116,-0.0007181792789237619,-0.0007181792789237619,-0.0007181792789237619,0.0,0.0,0.0,0.6499209322723486
2025-08-15 00:00:00,0.6527231300280958,0.6495548390124732,0.6501240481880974,0.6527231300280958,0.6527231300280958,-0.0036357054226471286,-0.0036357054226471286,-0.0036357054226471286,-0.0014483191731900318,-0.0014483191731900318,-0.0014483191731900318,-2.16154716512527e-05,-2.16154716512527e-05,-2.16154716512527e-05,-0.0044048304141748465,-0.0044048304141748465,-0.0044048304141748465,-0.002165770777805844,-0.002165770777805844,-0.002165770777805844,-0.0007691249915277185,-0.0007691249915277185,-0.0007691249915277185,0.0,0.0,0.0,0.6498479953329126
2025-08-15 01:00:00,0.6526890487776541,0.6494646808471193,0.6500741381098183,0.6526890487776541,0.6526890487776541,-0.0036943245249218292,-0.0036943245249218292,-0.0036943245249218292,-0.0014265585979630997,-0.0014265585979630997,-0.0014265585979630997,-2.16154716512527e-05,-2.16154716512527e-05,-2.16154716512527e-05,-0.004508857415127743,-0.004508857415127743,-0.004508857415127743,-0.0022461504553074768,-0.0022461504553074768,-0.0022461504553074768,-0.0008145328902059138,-0.0008145328902059138,-0.0008145328902059138,0.0,0.0,0.0,0.6497461669203003
2025-08-15 02:00:00,0.6526549675272123,0.6494026398985484,0.6500631576562808,0.6526549675272123,0.6526549675272123,-0.003601916639747436,-0.003601916639747436,-0.003601916639747436,-0.001462466452925435,-0.001462466452925435,-0.001462466452925435,-2.16154716512527e-05,-2.16154716512527e-05,-2.16154716512527e-05,-0.004455495164495468,-0.004455495164495468,-0.004455495164495468,-0.0021178347151707484,-0.0021178347151707484,-0.0021178347151707484,-0.0008535785247480316,-0.0008535785247480316,-0.0008535785247480316,0.0,0.0,0.0,0.6497470664753109
2025-08-15 03:00:00,0.6526208862767705,0.6498004714413029,0.6505719306989216,0.6526208862767705,0.6526208862767705,-0.002814597771818946,-0.002814597771818946,-0.002814597771818946,-0.001409463968282811,-0.001409463968282811,-0.001409463968282811,-2.16154716512527e-05,-2.16154716512527e-05,-2.16154716512527e-05,-0.003700080901555865,-0.003700080901555865,-0.003700080901555865,-0.0013835183318848818,-0.0013835183318848818,-0.0013835183318848818,-0.0008854831297369195,-0.0008854831297369195,-0.0008854831297369195,0.0,0.0,0.0,0.6502061361995014
2025-08-15 04:00:00,0.6525868050263288,0.64967365218348,0.6503638815506849,0.6525868050263288,0.6525868050263288,-0.0029473330653413976,-0.0029473330653413976,-0.0029473330653413976,-0.0013735478109262187,-0.0013735478109262187,-0.0013735478109262187,-2.16154716512527e-05,-2.16154716512527e-05,-2.16154716512527e-05,-0.0038568574780869103,-0.0038568574780869103,-0.0038568574780869103,-0.001552169782763926,-0.001552169782763926,-0.001552169782763926,-0.0009095244127455126,-0.0009095244127455126,-0.0009095244127455126,0.0,0.0,0.0,0.6500698707272622
2025-08-15 05:00:00,0.6525471609781984,0.6499611699913254,0.6507434506921013,0.6525471609781984,0.6525471609781984,-0.002403944064508858,-0.002403944064508858,-0.002403944064508858,-0.0012893283240504431,-0.0012893283240504431,-0.0012893283240504431,-2.16154716512527e-05,-2.16154716512527e-05,-2.16154716512527e-05,-0.003328990901752185,-0.003328990901752185,-0.003328990901752185,-0.0010930002688071623,-0.0010930002688071623,-0.0010930002688071623,-0.0009250468372433265,-0.0009250468372433265,-0.0009250468372433265,0.0,0.0,0.0,0.6503748374163377
2025-08-15 06:00:00,0.6525075169300683,0.6504552628765097,0.6510750411713441,0.6525075169300683,0.6525075169300683,-0.0017171059780485827,-0.0017171059780485827,-0.0017171059780485827,-0.0011426167159487952,-0.0011426167159487952,-0.0011426167159487952,-2.16154716512527e-05,-2.16154716512527e-05,-2.16154716512527e-05,-0.002648577243070264,-0.002648577243070264,-0.002648577243070264,-0.0005528737904485346,-0.0005528737904485346,-0.0005528737904485346,-0.0009314712650216817,-0.0009314712650216817,-0.0009314712650216817,0.0,0.0,0.0,0.650779300369795
2025-08-15 07:00:00,0.652467872881938,0.6509757233486501,0.6517577497544709,0.652467872881938,0.652467872881938,-0.0006722067325843241,-0.0006722067325843241,-0.0006722067325843241,-0.0009220221017639979,-0.0009220221017639979,-0.0009220221017639979,-2.16154716512527e-05,-2.16154716512527e-05,-2.16154716512527e-05,-0.0016005105625131065,-0.0016005105625131065,-0.0016005105625131065,0.00027143084083092645,0.00027143084083092645,0.00027143084083092645,-0.0009283038299287822,-0.0009283038299287822,-0.0009283038299287822,0.0,0.0,0.0,0.65142359115969
2025-08-15 08:00:00,0.6524282288338077,0.650878034759976,0.6514619082555902,0.6524282288338077,0.6524282288338077,-0.0010396900676116175,-0.0010396900676116175,-0.0010396900676116175,-0.0008229164220679371,-0.0008229164220679371,-0.0008229164220679371,8.26630339422248e-05,8.26630339422248e-05,8.26630339422248e-05,-0.0019548339906488863,-0.0019548339906488863,-0.0019548339906488863,-0.00029943667948590535,-0.00029943667948590535,-0.00029943667948590535,-0.0009151439230372684,-0.0009151439230372684,-0.0009151439230372684,0.0,0.0,0.0,0.6511528399556246
2025-08-15 09:00:00,0.6523885847856774,0.6505859607007208,0.6512478008429317,0.6523885847856774,0.6523885847856774,-0.001365786781002179,-0.001365786781002179,-0.001365786781002179,-0.0007451063835230263,-0.0007451063835230263,-0.0007451063835230263,8.26630339422248e-05,8.26630339422248e-05,8.26630339422248e-05,-0.002257477960929861,-0.002257477960929861,-0.002257477960929861,-0.0007033434314213776,-0.0007033434314213776,-0.0007033434314213776,-0.0008916911799276815,-0.0008916911799276815,-0.0008916911799276815,0.0,0.0,0.0,0.6509158319335615
2025-08-15 10:00:00,0.6523489407375471,0.6511355656784301,0.6518483364128272,0.6523489407375471,0.6523489407375471,-0.00037697351674207866,-0.00037697351674207866,-0.00037697351674207866,-0.0006187771532092473,-0.0006187771532092473,-0.0006187771532092473,8.26630339422248e-05,8.26630339422248e-05,8.26630339422248e-05,-0.0012347248884765532,-0.0012347248884765532,-0.0012347248884765532,0.00015914060252494384,0.00015914060252494384,0.00015914060252494384,-0.0008577513717344747,-0.0008577513717344747,-0.0008577513717344747,0.0,0.0,0.0,0.6515434692644472
2025-08-15 11:00:00,0.6523092966894168,0.6513298937219381,0.6520113391709124,0.6523092966894168,0.6523092966894168,-0.00021653559845804247,-0.00021653559845804247,-0.00021653559845804247,-0.0005343085945071435,-0.0005343085945071435,-0.0005343085945071435,8.26630339422248e-05,8.26630339422248e-05,8.26630339422248e-05,-0.001029776713418319,-0.001029776713418319,-0.001029776713418319,0.00023510996210687627,0.00023510996210687627,0.00023510996210687627,-0.0008132411149602767,-0.0008132411149602767,-0.0008132411149602767,0.0,0.0,0.0,0.6516375637657398
2025-08-15 12:00:00,0.6522696526412867,0.6514558216817422,0.6522126254919459,0.6522696526412867,0.6522696526412867,0.00014307568381206496,0.00014307568381206496,0.00014307568381206496,-0.0004999947992332478,-0.0004999947992332478,-0.0004999947992332478,8.26630339422248e-05,8.26630339422248e-05,8.26630339422248e-05,-0.0006151156448660638,-0.0006151156448660638,-0.0006151156448660638,0.0005604074491030879,0.0005604074491030879,0.0005604074491030879,-0.0007581913286781287,-0.0007581913286781287,-0.0007581913286781287,0.0,0.0,0.0,0.6518684313732757
2025-08-15 13:00:00,0.6522300085931564,0.651909092595434,0.6525887873061066,0.6522300085931564,0.6522300085931564,0.0006433612607863387,0.0006433612607863387,0.0006433612607863387,-0.0003687090395755967,-0.0003687090395755967,-0.0003687090395755967,8.26630339422248e-05,8.26630339422248e-05,8.26630339422248e-05,-4.9388122090334284e-05,-4.9388122090334284e-05,-4.9388122090334284e-05,0.0009294072664197106,0.0009294072664197106,0.0009294072664197106,-0.000692749382876673,-0.000692749382876673,-0.000692749382876673,0.0,0.0,0.0,0.652197796177861
2025-08-15 14:00:00,0.6521903645450261,0.6520829489380563,0.6529347800572652,0.6521903645450261,0.6521903645450261,0.00103361012581602,0.00103361012581602,0.00103361012581602,-0.00017359447322421915,-0.00017359447322421915,-0.00017359447322421915,8.26630339422248e-05,8.26630339422248e-05,8.26630339422248e-05,0.00041643022853253873,0.00041643022853253873,0.00041643022853253873,0.0011245415650980143,0.0011245415650980143,0.0011245415650980143,-0.0006171798972834812,-0.0006171798972834812,-0.0006171798972834812,0.0,0.0,0.0,0.6524619563275803
2025-08-15 15:00:00,0.6521507204968958,0.6513152010704553,0.6521543143173782,0.6521507204968958,0.6521507204968958,-0.00019839120106587165,-0.00019839120106587165,-0.00019839120106587165,-0.00017181776086304607,-0.00017181776086304607,-0.00017181776086304607,8.26630339422248e-05,8.26630339422248e-05,8.26630339422248e-05,-0.000730255367379938,-0.000730255367379938,-0.000730255367379938,-0.00010923647414505039,-0.00010923647414505039,-0.00010923647414505039,-0.0005318641663140663,-0.0005318641663140663,-0.0005318641663140663,0.0,0.0,0.0,0.6516744839329123
2025-08-15 16:00:00,0.6521110764487655,0.651149790021582,0.6518214251359352,0.6521110764487655,0.6521110764487655,-0.0004667843912832186,-0.0004667843912832186,-0.0004667843912832186,-0.0002007765118708053,-0.0002007765118708053,-0.0002007765118708053,8.26630339422248e-05,8.26630339422248e-05,8.26630339422248e-05,-0.0009040825939097059,-0.0009040825939097059,-0.0009040825939097059,-0.00034867091335463805,-0.00034867091335463805,-0.00034867091335463805,-0.0004372982026264875,-0.0004372982026264875,-0.0004372982026264875,0.0,0.0,0.0,0.6515215141752525
2025-08-15 17:00:00,0.6520714324006353,0.6506739195700993,0.6514015858873807,0.6520714324006353,0.6520714324006353,-0.0012800851205006215,-0.0012800851205006215,-0.0012800851205006215,-0.0003160220459129733,-0.0003160220459129733,-0.0003160220459129733,-8.418257500733919e-05,-8.418257500733919e-05,-8.418257500733919e-05,-0.0016141745288461322,-0.0016141745288461322,-0.0016141745288461322,-0.000879880499580309,-0.000879880499580309,-0.000879880499580309,-0.0003340894083455107,-0.0003340894083455107,-0.0003340894083455107,0.0,0.0,0.0,0.6510188753034659
2025-08-15 18:00:00,0.652031788352505,0.6504249827052554,0.6512254561107698,0.652031788352505,0.652031788352505,-0.0016703881478223228,-0.0016703881478223228,-0.0016703881478223228,-0.0004933445814703121,-0.0004933445814703121,-0.0004933445814703121,-8.418257500733919e-05,-8.418257500733919e-05,-8.418257500733919e-05,-0.0018933400478299068,-0.0018933400478299068,-0.0018933400478299068,-0.0010928609913446717,-0.0010928609913446717,-0.0010928609913446717,-0.00022295190000758407,-0.00022295190000758407,-0.00022295190000758407,0.0,0.0,0.0,0.650797270455159
2025-08-15 19:00:00,0.6519921443043748,0.6506287264050752,0.6514168463561365,0.6519921443043748,0.6519921443043748,-0.0014627340289639441,-0.0014627340289639441,-0.0014627340289639441,-0.0006618997887409243,-0.0006618997887409243,-0.0006618997887409243,-8.418257500733919e-05,-8.418257500733919e-05,-8.418257500733919e-05,-0.0015674345590133575,-0.0015674345590133575,-0.0015674345590133575,-0.0007166516652156805,-0.0007166516652156805,-0.0007166516652156805,-0.00010470053004941365,-0.00010470053004941365,-0.00010470053004941365,0.0,0.0,0.0,0.6509701892851869
2025-08-15 20:00:00,0.6519525002562444,0.6506983262511075,0.6513428985375498,0.6519525002562444,0.6519525002562444,-0.0013383859163196732,-0.0013383859163196732,-0.0013383859163196732,-0.000712129273717139,-0.000712129273717139,-0.000712129273717139,-8.418257500733919e-05,-8.418257500733919e-05,-8.418257500733919e-05,-0.0013186295796531777,-0.0013186295796531777,-0.0013186295796531777,-0.0005420740675951949,-0.0005420740675951949,-0.0005420740675951949,1.975633666649547e-05,1.975633666649547e-05,1.975633666649547e-05,0.0,0.0,0.0,0.6510928164048776
2025-08-15 21:00:00,0.6519128562081142,0.6505045796767217,0.6512532206468129,0.6519128562081142,0.6519128562081142,-0.0017116383525313265,-0.0017116383525313265,-0.0017116383525313265,-0.0007670496114225373,-0.0007670496114225373,-0.0007670496114225373,-8.418257500733919e-05,-8.418257500733919e-05,-8.418257500733919e-05,-0.0015622131355755597,-0.0015622131355755597,-0.0015622131355755597,-0.00086040616610145,-0.00086040616610145,-0.00086040616610145,0.0001494252169557669,0.0001494252169557669,0.0001494252169557669,0.0,0.0,0.0,0.6508944293808954
2025-08-17 23:00:00,0.6525924243608252,0.6509343734841896,0.6516280009826576,0.6525924243608252,0.6525924243608252,-0.0006947135037415846,-0.0006947135037415846,-0.0006947135037415846,-0.0006937975872993888,-0.0006937975872993888,-0.0006937975872993888,-8.418257500733919e-05,-8.418257500733919e-05,-8.418257500733919e-05,-0.002097738531395185,-0.002097738531395185,-0.002097738531395185,8.326665856514342e-05,8.326665856514342e-05,8.326665856514342e-05,-0.0014030250276536006,-0.0014030250276536006,-0.0014030250276536006,0.0,0.0,0.0,0.6512234560869469
2025-08-18 00:00:00,0.6526060157238794,0.6510243755694366,0.6517620066247166,0.6526060157238794,0.6526060157238794,-0.000463343780948675,-0.000463343780948675,-0.000463343780948675,-0.0005933967341063743,-0.0005933967341063743,-0.0005933967341063743,-2.16154716512527e-05,-2.16154716512527e-05,-2.16154716512527e-05,-0.0019210886705655276,-0.0019210886705655276,-0.0019210886705655276,0.00015166842480895197,0.00015166842480895197,0.00015166842480895197,-0.0014577448896168524,-0.0014577448896168524,-0.0014577448896168524,0.0,0.0,0.0,0.6513523017007294
2025-08-18 01:00:00,0.6526196070869336,0.6518787281939363,0.6525887068674107,0.6526196070869336,0.6526196070869336,0.0008783549617367949,0.0008783549617367949,0.0008783549617367949,-0.00041120899554145286,-0.00041120899554145286,-0.00041120899554145286,-2.16154716512527e-05,-2.16154716512527e-05,-2.16154716512527e-05,-0.0006218111608524546,-0.0006218111608524546,-0.0006218111608524546,0.0013111794289295004,0.0013111794289295004,0.0013111794289295004,-0.0015001661225892493,-0.0015001661225892493,-0.0015001661225892493,0.0,0.0,0.0,0.6522138009314558
2025-08-18 02:00:00,0.6526331984499878,0.6511640932577092,0.6519824386576446,0.6526331984499878,0.6526331984499878,-0.00016749516195147305,-0.00016749516195147305,-0.00016749516195147305,-0.0003320041547690416,-0.0003320041547690416,-0.0003320041547690416,-2.16154716512527e-05,-2.16154716512527e-05,-2.16154716512527e-05,-0.001697775929432443,-0.001697775929432443,-0.001697775929432443,0.00018612446446882126,0.00018612446446882126,0.00018612446446882126,-0.0015302807674809698,-0.0015302807674809698,-0.0015302807674809698,0.0,0.0,0.0,0.6515251735149109
2025-08-18 03:00:00,0.652646789813042,0.6517940110386673,0.6524636277253354,0.652646789813042,0.652646789813042,0.0007364293351967221,0.0007364293351967221,0.0007364293351967221,-0.00014868729059138542,-0.00014868729059138542,-0.00014868729059138542,-2.16154716512527e-05,-2.16154716512527e-05,-2.16154716512527e-05,-0.0008117737511262215,-0.0008117737511262215,-0.0008117737511262215,0.0009067320974393601,0.0009067320974393601,0.0009067320974393601,-0.0015482030863229435,-0.0015482030863229435,-0.0015482030863229435,0.0,0.0,0.0,0.6521169882803151
2025-08-18 04:00:00,0.6526603811760963,0.6518559697094795,0.6526360380482897,0.6526603811760963,0.6526603811760963,0.0009020571676923671,0.0009020571676923671,0.0009020571676923671,-3.623136100414115e-05,-3.623136100414115e-05,-3.623136100414115e-05,-2.16154716512527e-05,-2.16154716512527e-05,-2.16154716512527e-05,-0.0006521089641146557,-0.0006521089641146557,-0.0006521089641146557,0.0009599040003477609,0.0009599040003477609,0.0009599040003477609,-0.0015541661318070228,-0.0015541661318070228,-0.0015541661318070228,0.0,0.0,0.0,0.6522347754910088
2025-08-18 05:00:00,0.6526739725391505,0.6517865964115838,0.6525363470018815,0.6526739725391505,0.6526739725391505,0.000756540096734674,0.000756540096734674,0.000756540096734674,5.25295355051137e-05,5.25295355051137e-05,5.25295355051137e-05,-2.16154716512527e-05,-2.16154716512527e-05,-2.16154716512527e-05,-0.0007919769125905804,-0.0007919769125905804,-0.0007919769125905804,0.0007256260328808129,0.0007256260328808129,0.0007256260328808129,-0.0015485170093252542,-0.0015485170093252542,-0.0015485170093252542,0.0,0.0,0.0,0.6521570698214507
2025-08-18 06:00:00,0.6526875639022047,0.6509044996516271,0.6517198610079187,0.6526875639022047,0.6526875639022047,-0.0006289889702561216,-0.0006289889702561216,-0.0006289889702561216,-7.767691290519193e-05,-7.767691290519193e-05,-7.767691290519193e-05,-2.16154716512527e-05,-2.16154716512527e-05,-2.16154716512527e-05,-0.0021606998702248213,-0.0021606998702248213,-0.0021606998702248213,-0.000529696585699677,-0.000529696585699677,-0.000529696585699677,-0.0015317108999686993,-0.0015317108999686993,-0.0015317108999686993,0.0,0.0,0.0,0.6512773019675838
2025-08-18 07:00:00,0.6527011552652588,0.6509449423678008,0.6517047415556805,0.6527011552652588,0.6527011552652588,-0.000525686060516892,-0.000525686060516892,-0.000525686060516892,-0.00010724173869033463,-0.00010724173869033463,-0.00010724173869033463,-2.16154716512527e-05,-2.16154716512527e-05,-2.16154716512527e-05,-0.0020299899882902112,-0.0020299899882902112,-0.0020299899882902112,-0.0003968288501753047,-0.0003968288501753047,-0.0003968288501753047,-0.0015043039277733193,-0.0015043039277733193,-0.0015043039277733193,0.0,0.0,0.0,0.651376178454725
2025-08-18 08:00:00,0.6527147466283132,0.6514162418872033,0.6520053258964501,0.6527147466283132,0.6527147466283132,-2.4146771086819052e-05,-2.4146771086819052e-05,-2.4146771086819052e-05,-0.00017237402127519484,-0.00017237402127519484,-0.00017237402127519484,8.26630339422248e-05,8.26630339422248e-05,8.26630339422248e-05,-0.0014910917387469115,-0.0014910917387469115,-0.0014910917387469115,6.556421624615099e-05,6.556421624615099e-05,6.556421624615099e-05,-0.0014669449676600927,-0.0014669449676600927,-0.0014669449676600927,0.0,0.0,0.0,0.6517414890618574
2025-08-18 09:00:00,0.6527283379913673,0.650993754213994,0.6518240521847548,0.6527283379913673,0.6527283379913673,-0.0006238053484410702,-0.0006238053484410702,-0.0006238053484410702,-0.00028482995086243914,-0.00028482995086243914,-0.00028482995086243914,8.26630339422248e-05,8.26630339422248e-05,8.26630339422248e-05,-0.0020441718511935983,-0.0020441718511935983,-0.0020441718511935983,-0.00042163843152085584,-0.00042163843152085584,-0.00042163843152085584,-0.001420366502752528,-0.001420366502752528,-0.001420366502752528,0.0,0.0,0.0,0.651394049096369
2025-08-18 10:00:00,0.6527419293544215,0.6508764493665751,0.6516253905105642,0.6527419293544215,0.6527419293544215,-0.0009413189755308791,-0.0009413189755308791,-0.0009413189755308791,-0.0003972360660844486,-0.0003972360660844486,-0.0003972360660844486,8.26630339422248e-05,8.26630339422248e-05,8.26630339422248e-05,-0.0023066936262398367,-0.0023066936262398367,-0.0023066936262398367,-0.0006267459433886551,-0.0006267459433886551,-0.0006267459433886551,-0.0013653746507089578,-0.0013653746507089578,-0.0013653746507089578,0.0,0.0,0.0,0.6512362537064003
2025-08-18 11:00:00,0.6527555207174758,0.6507136245795773,0.6513612855803903,0.6527555207174758,0.6527555207174758,-0.0013176527573662005,-0.0013176527573662005,-0.0013176527573662005,-0.000432687289365182,-0.000432687289365182,-0.000432687289365182,8.26630339422248e-05,8.26630339422248e-05,8.26630339422248e-05,-0.0026204912448436813,-0.0026204912448436813,-0.0026204912448436813,-0.0009676285019432434,-0.0009676285019432434,-0.0009676285019432434,-0.0013028384874774804,-0.0013028384874774804,-0.0013028384874774804,0.0,0.0,0.0,0.6510449805904123
2025-08-18 12:00:00,0.65276911208053,0.6505604859260835,0.6512102113930791,0.65276911208053,0.65276911208053,-0.0016573030455192192,-0.0016573030455192192,-0.0016573030455192192,-0.0005035814335323913,-0.0005035814335323913,-0.0005035814335323913,8.26630339422248e-05,8.26630339422248e-05,8.26630339422248e-05,-0.0028909818505843043,-0.0028909818505843043,-0.0028909818505843043,-0.0012363846459290527,-0.0012363846459290527,-0.0012363846459290527,-0.001233678805065085,-0.001233678805065085,-0.001233678805065085,0.0,0.0,0.0,0.6508819684248831
2025-08-18 13:00:00,0.6527827034435842,0.6498785035587697,0.6505788348324418,0.6527827034435842,0.6527827034435842,-0.002757737322160961,-0.002757737322160961,-0.002757737322160961,-0.0007043167207645938,-0.0007043167207645938,-0.0007043167207645938,8.26630339422248e-05,8.26630339422248e-05,8.26630339422248e-05,-0.0039165937674859016,-0.0039165937674859016,-0.0039165937674859016,-0.0021360836353385916,-0.0021360836353385916,-0.0021360836353385916,-0.0011588564453249414,-0.0011588564453249414,-0.0011588564453249414,0.0,0.0,0.0,0.6502260187757545
2025-08-18 14:00:00,0.6527962948066385,0.6487223655265929,0.6494671118232049,0.6527962948066385,0.6527962948066385,-0.00450037234398468,-0.00450037234398468,-0.00450037234398468,-0.0010576417111997775,-0.0010576417111997775,-0.0010576417111997775,8.26630339422248e-05,8.26630339422248e-05,8.26630339422248e-05,-0.005579732700068744,-0.005579732700068744,-0.005579732700068744,-0.0035253936667271274,-0.0035253936667271274,-0.0035253936667271274,-0.0010793603560840643,-0.0010793603560840643,-0.0010793603560840643,0.0,0.0,0.0,0.6491538659740221
2025-08-18 15:00:00,0.6528098861696926,0.6493456041259794,0.6501179025790162,0.6528098861696926,0.6528098861696926,-0.003758125676868952,-0.003758125676868952,-0.003758125676868952,-0.0013169088776191394,-0.0013169088776191394,-0.0013169088776191394,8.26630339422248e-05,8.26630339422248e-05,8.26630339422248e-05,-0.004754321194971285,-0.004754321194971285,-0.004754321194971285,-0.0025238798331920376,-0.0025238798331920376,-0.0025238798331920376,-0.0009961955181023332,-0.0009961955181023332,-0.0009961955181023332,0.0,0.0,0.0,0.6497062182915893
2025-08-18 16:00:00,0.6528234775327468,0.6490206731880672,0.6497092701903534,0.6528234775327468,0.6528234775327468,-0.004387444374942557,-0.004387444374942557,-0.004387444374942557,-0.001599480864588638,-0.001599480864588638,-0.001599480864588638,8.26630339422248e-05,8.26630339422248e-05,8.26630339422248e-05,-0.005297815266755391,-0.005297815266755391,-0.005297815266755391,-0.002870626544296144,-0.002870626544296144,-0.002870626544296144,-0.0009103708918128349,-0.0009103708918128349,-0.0009103708918128349,0.0,0.0,0.0,0.6493649393469775
2025-08-18 17:00:00,0.6527321710158321,0.6489069753224578,0.6495608806681628,0.6527321710158321,0.6527321710158321,-0.0044857197690995184,-0.0044857197690995184,-0.0044857197690995184,-0.0018349616715937205,-0.0018349616715937205,-0.0018349616715937205,-8.418257500733919e-05,-8.418257500733919e-05,-8.418257500733919e-05,-0.005308607300387697,-0.005308607300387697,-0.005308607300387697,-0.0025665755224984588,-0.0025665755224984588,-0.0025665755224984588,-0.0008228875312881789,-0.0008228875312881789,-0.0008228875312881789,0.0,0.0,0.0,0.6492670722475795
2025-08-18 18:00:00,0.6526408644989176,0.6487566434134842,0.6494739397789907,0.6526408644989176,0.6526408644989176,-0.004632755170575347,-0.004632755170575347,-0.004632755170575347,-0.001981997073069549,-0.001981997073069549,-0.001981997073069549,-8.418257500733919e-05,-8.418257500733919e-05,-8.418257500733919e-05,-0.005367482180022769,-0.005367482180022769,-0.005367482180022769,-0.0025665755224984588,-0.0025665755224984588,-0.0025665755224984588,-0.0007347270094474222,-0.0007347270094474222,-0.0007347270094474222,0.0,0.0,0.0,0.6491378262887649
2025-08-18 19:00:00,0.6525495579820029,0.6493765388557589,0.650111064010678,0.6525495579820029,0.6525495579820029,-0.0037398925175975706,-0.0037398925175975706,-0.0037398925175975706,-0.00187628268758153,-0.00187628268758153,-0.00187628268758153,-8.418257500733919e-05,-8.418257500733919e-05,-8.418257500733919e-05,-0.004386732811465755,-0.004386732811465755,-0.004386732811465755,-0.001779427255008701,-0.001779427255008701,-0.001779427255008701,-0.0006468402938681839,-0.0006468402938681839,-0.0006468402938681839,0.0,0.0,0.0,0.6496869974248958
2025-08-18 20:00:00,0.6524582514650882,0.6490068982226915,0.6497603290959201,0.6524582514650882,0.6524582514650882,-0.004151812479432415,-0.004151812479432415,-0.004151812479432415,-0.001893908670491427,-0.001893908670491427,-0.001893908670491427,-8.418257500733919e-05,-8.418257500733919e-05,-8.418257500733919e-05,-0.004711949684634376,-0.004711949684634376,-0.004711949684634376,-0.0021737212339336493,-0.0021737212339336493,-0.0021737212339336493,-0.0005601372052019607,-0.0005601372052019607,-0.0005601372052019607,0.0,0.0,0.0,0.6493839010128601
2025-08-18 21:00:00,0.6523669449481735,0.6491966574424827,0.6498681505810358,0.6523669449481735,0.6523669449481735,-0.0038595269570126578,-0.0038595269570126578,-0.0038595269570126578,-0.001841063931338765,-0.001841063931338765,-0.001841063931338765,-8.418257500733919e-05,-8.418257500733919e-05,-8.418257500733919e-05,-0.004335003539272582,-0.004335003539272582,-0.004335003539272582,-0.0019342804506665534,-0.0019342804506665534,-0.0019342804506665534,-0.000475476582259925,-0.000475476582259925,-0.000475476582259925,0.0,0.0,0.0,0.6495389319329187
2025-08-18 22:00:00,0.6522756384312588,0.6493603931368929,0.6500801061412904,0.6522756384312588,0.6522756384312588,-0.0034833319960865788,-0.0034833319960865788,-0.0034833319960865788,-0.001788177680215048,-0.001788177680215048,-0.001788177680215048,-8.418257500733919e-05,-8.418257500733919e-05,-8.418257500733919e-05,-0.0038769892637864874,-0.0038769892637864874,-0.0038769892637864874,-0.0016109717408641913,-0.0016109717408641913,-0.0016109717408641913,-0.00039365726769990863,-0.00039365726769990863,-0.00039365726769990863,0.0,0.0,0.0,0.6497467727840314
2025-08-18 23:00:00,0.6521843319143441,0.6493203080987006,0.6500762615538774,0.6521843319143441,0.6521843319143441,-0.0034304457449628603,-0.0034304457449628603,-0.0034304457449628603,-0.0017352914290913312,-0.0017352914290913312,-0.0017352914290913312,-8.418257500733919e-05,-8.418257500733919e-05,-8.418257500733919e-05,-0.0037458557619576742,-0.0037458557619576742,-0.0037458557619576742,-0.0016109717408641904,-0.0016109717408641904,-0.0016109717408641904,-0.00031541001699481367,-0.00031541001699481367,-0.00031541001699481367,0.0,0.0,0.0,0.6497413434767842
2025-08-19 00:00:00,0.6520930253974294,0.6491666632991643,0.6499549980272216,0.6520930253974294,0.6520930253974294,-0.003643365012352201,-0.003643365012352201,-0.003643365012352201,-0.0017646819045980748,-0.0017646819045980748,-0.0017646819045980748,-2.16154716512527e-05,-2.16154716512527e-05,-2.16154716512527e-05,-0.003884755433189295,-0.003884755433189295,-0.003884755433189295,-0.0018570676361028733,-0.0018570676361028733,-0.0018570676361028733,-0.0002413904208370942,-0.0002413904208370942,-0.0002413904208370942,0.0,0.0,0.0,0.6495598034740718
2025-08-19 01:00:00,0.6520017188805148,0.6488974616798409,0.6495909389060532,0.6520017188805148,0.6520017188805148,-0.004081198950252861,-0.004081198950252861,-0.004081198950252861,-0.0017881693778207908,-0.0017881693778207908,-0.0017881693778207908,-2.16154716512527e-05,-2.16154716512527e-05,-2.16154716512527e-05,-0.004253371867838454,-0.004253371867838454,-0.004253371867838454,-0.002271414100780818,-0.002271414100780818,-0.002271414100780818,-0.0001721729175855921,-0.0001721729175855921,-0.0001721729175855921,0.0,0.0,0.0,0.6492285131116461
2025-08-19 02:00:00,0.6519104123636001,0.6489612876113815,0.6496918183672401,0.6519104123636001,0.6519104123636001,-0.0039134615832964875,-0.0039134615832964875,-0.0039134615832964875,-0.001817543248539097,-0.001817543248539097,-0.001817543248539097,-2.16154716512527e-05,-2.16154716512527e-05,-2.16154716512527e-05,-0.004021707541086523,-0.004021707541086523,-0.004021707541086523,-0.0020743028631061374,-0.0020743028631061374,-0.0020743028631061374,-0.00010824595779003585,-0.00010824595779003585,-0.00010824595779003585,0.0,0.0,0.0,0.6492886193420846
2025-08-19 03:00:00,0.6518191058466855,0.6485264241378565,0.6493149369096303,0.6518191058466855,0.6518191058466855,-0.004427561016737963,-0.004427561016737963,-0.004427561016737963,-0.0019115097462186297,-0.0019115097462186297,-0.0019115097462186297,-2.16154716512527e-05,-2.16154716512527e-05,-2.16154716512527e-05,-0.004477569384453428,-0.004477569384453428,-0.004477569384453428,-0.0024944357988680803,-0.0024944357988680803,-0.0024944357988680803,-5.0008367715465214e-05,-5.0008367715465214e-05,-5.0008367715465214e-05,0.0,0.0,0.0,0.6489005405741445
2025-08-19 04:00:00,0.6517277993297709,0.648592065872165,0.649384510540987,0.6517277993297709,0.6517277993297709,-0.004189053708669129,-0.004189053708669129,-0.004189053708669129,-0.001987866865776625,-0.001987866865776625,-0.001987866865776625,-2.16154716512527e-05,-2.16154716512527e-05,-2.16154716512527e-05,-0.004186820651788262,-0.004186820651788262,-0.004186820651788262,-0.0021795713712412512,-0.0021795713712412512,-0.0021795713712412512,2.2330568808666927e-06,2.2330568808666927e-06,2.2330568808666927e-06,0.0,0.0,0.0,0.6489991319201925
2025-08-19 05:00:00,0.6516364928128562,0.6478285296262436,0.6485761007795898,0.6516364928128562,0.6516364928128562,-0.005330153335396103,-0.005330153335396103,-0.005330153335396103,-0.002146235035350393,-0.002146235035350393,-0.002146235035350393,-2.16154716512527e-05,-2.16154716512527e-05,-2.16154716512527e-05,-0.0052818886237607525,-0.0052818886237607525,-0.0052818886237607525,-0.0031623028283944577,-0.0031623028283944577,-0.0031623028283944577,4.826471163535157e-05,4.826471163535157e-05,4.826471163535157e-05,0.0,0.0,0.0,0.6481946214346406
2025-08-19 06:00:00,0.6515451862959415,0.6489214759321539,0.6496242187145043,0.6515451862959415,0.6515451862959415,-0.0034718050204852894,-0.0034718050204852894,-0.0034718050204852894,-0.002140365242643317,-0.002140365242643317,-0.002140365242643317,-2.16154716512527e-05,-2.16154716512527e-05,-2.16154716512527e-05,-0.003383838920487074,-0.003383838920487074,-0.003383838920487074,-0.0013098243061907195,-0.0013098243061907195,-0.0013098243061907195,8.796609999821509e-05,8.796609999821509e-05,8.796609999821509e-05,0.0,0.0,0.0,0.6493404623360972
2025-08-19 07:00:00,0.6514538797790268,0.6486274484408991,0.6492232508054683,0.6514538797790268,0.6514538797790268,-0.004086076452274271,-0.004086076452274271,-0.004086076452274271,-0.0022049080552391537,-0.0022049080552391537,-0.0022049080552391537,-2.16154716512527e-05,-2.16154716512527e-05,-2.16154716512527e-05,-0.003964767930179958,-0.003964767930179958,-0.003964767930179958,-0.0018595529253838648,-0.0018595529253838648,-0.0018595529253838648,0.00012130852209431308,0.00012130852209431308,0.00012130852209431308,0.0,0.0,0.0,0.6488710163284876
2025-08-19 08:00:00,0.6513625732621121,0.648437197705464,0.6491353930001784,0.6513625732621121,0.6513625732621121,-0.0041810607229606335,-0.0041810607229606335,-0.0041810607229606335,-0.0022459550922180947,-0.0022459550922180947,-0.0022459550922180947,8.26630339422248e-05,8.26630339422248e-05,8.26630339422248e-05,-0.0040327081541763725,-0.0040327081541763725,-0.0040327081541763725,-0.002017768664684764,-0.002017768664684764,-0.002017768664684764,0.00014835256878426115,0.00014835256878426115,0.00014835256878426115,0.0,0.0,0.0,0.6487358181015928
2025-08-19 09:00:00,0.6512712667451975,0.6487707266191208,0.6494961698572778,0.6512712667451975,0.6512712667451975,-0.0033825936051712032,-0.0033825936051712032,-0.0033825936051712032,-0.0022459550922180947,-0.0022459550922180947,-0.0022459550922180947,8.26630339422248e-05,8.26630339422248e-05,8.26630339422248e-05,-0.0032133491364435347,-0.0032133491364435347,-0.0032133491364435347,-0.0012193015468953332,-0.0012193015468953332,-0.0012193015468953332,0.00016924446872766804,0.00016924446872766804,0.00016924446872766804,0.0,0.0,0.0,0.6491785047826113
2025-08-19 10:00:00,0.6512105557848948,0.648838238588396,0.6496397516750989,0.6512105557848948,0.6512105557848948,-0.0031934550100218037,-0.0031934550100218037,-0.0031934550100218037,-0.002134570171484016,-0.002134570171484016,-0.002134570171484016,8.26630339422248e-05,8.26630339422248e-05,8.26630339422248e-05,-0.003009243659161666,-0.003009243659161666,-0.003009243659161666,-0.0011415478724800124,-0.0011415478724800124,-0.0011415478724800124,0.00018421135086013748,0.00018421135086013748,0.00018421135086013748,0.0,0.0,0.0,0.64925090454912
2025-08-19 11:00:00,0.6511498448245921,0.6492713686035954,0.6501158287362141,0.6511498448245921,0.6511498448245921,-0.002465894815829949,-0.002465894815829949,-0.002465894815829949,-0.00209345671535148,-0.00209345671535148,-0.00209345671535148,8.26630339422248e-05,8.26630339422248e-05,8.26630339422248e-05,-0.002272339317493285,-0.002272339317493285,-0.002272339317493285,-0.00045510113442069367,-0.00045510113442069367,-0.00045510113442069367,0.00019355549833666383,0.00019355549833666383,0.00019355549833666383,0.0,0.0,0.0,0.6496702114306175
2025-08-19 12:00:00,0.6510891338642896,0.6484773920099952,0.6492917264512904,0.6510891338642896,0.6510891338642896,-0.003642916375459274,-0.003642916375459274,-0.003642916375459274,-0.002105179695977272,-0.002105179695977272,-0.002105179695977272,8.26630339422248e-05,8.26630339422248e-05,8.26630339422248e-05,-0.0034452686928896836,-0.0034452686928896836,-0.0034452686928896836,-0.0016203997134242268,-0.0016203997134242268,-0.0016203997134242268,0.0001976476825695907,0.0001976476825695907,0.0001976476825695907,0.0,0.0,0.0,0.6488459568551063
2025-08-19 13:00:00,0.6510284229039869,0.6478283906439846,0.6486562259589784,0.6510284229039869,0.6510284229039869,-0.004508083836629245,-0.004508083836629245,-0.004508083836629245,-0.0021930107243348855,-0.0021930107243348855,-0.0021930107243348855,8.26630339422248e-05,8.26630339422248e-05,8.26630339422248e-05,-0.004311164159283784,-0.004311164159283784,-0.004311164159283784,-0.002397736146236584,-0.002397736146236584,-0.002397736146236584,0.00019691967734546036,0.00019691967734546036,0.00019691967734546036,0.0,0.0,0.0,0.6482217325004882
2025-08-19 14:00:00,0.6509677119436843,0.646807947168891,0.6475578649344251,0.6509677119436843,0.6509677119436843,-0.005924283293313377,-0.005924283293313377,-0.005924283293313377,-0.0025146537784610586,-0.0025146537784610586,-0.0025146537784610586,8.26630339422248e-05,8.26630339422248e-05,8.26630339422248e-05,-0.005732427230171263,-0.005732427230171263,-0.005732427230171263,-0.003492292548794544,-0.003492292548794544,-0.003492292548794544,0.0001918560631421137,0.0001918560631421137,0.0001918560631421137,0.0,0.0,0.0,0.647236086905776
2025-08-19 15:00:00,0.6509070009833816,0.646287101719911,0.6470776001287837,0.6509070009833816,0.6509070009833816,-0.0067941571473550165,-0.0067941571473550165,-0.0067941571473550165,-0.002935294581158565,-0.002935294581158565,-0.002935294581158565,8.26630339422248e-05,8.26630339422248e-05,8.26630339422248e-05,-0.006611171707177167,-0.006611171707177167,-0.006611171707177167,-0.003941525600138677,-0.003941525600138677,-0.003941525600138677,0.00018298544017784883,0.00018298544017784883,0.00018298544017784883,0.0,0.0,0.0,0.6466037430344768
2025-08-19 16:00:00,0.650846290023079,0.64570069377967,0.6464602408966215,0.650846290023079,0.650846290023079,-0.007427547394615096,-0.007427547394615096,-0.007427547394615096,-0.0034378468051412974,-0.0034378468051412974,-0.0034378468051412974,8.26630339422248e-05,8.26630339422248e-05,8.26630339422248e-05,-0.007256676218681287,-0.007256676218681287,-0.007256676218681287,-0.0040723636234160235,-0.0040723636234160235,-0.0040723636234160235,0.00017087117593380893,0.00017087117593380893,0.00017087117593380893,0.0,0.0,0.0,0.6461233092282516
2025-08-19 17:00:00,0.6507855790627763,0.6455574724288888,0.646282738665214,0.6507855790627763,0.6507855790627763,-0.007646087738734641,-0.007646087738734641,-0.007646087738734641,-0.003805634566291885,-0.003805634566291885,-0.003805634566291885,-8.418257500733919e-05,-8.418257500733919e-05,-8.418257500733919e-05,-0.00748998592080745,-0.00748998592080745,-0.00748998592080745,-0.0037562705974354175,-0.0037562705974354175,-0.0037562705974354175,0.00015610181792719165,0.00015610181792719165,0.00015610181792719165,0.0,0.0,0.0,0.6459112042381316
2025-08-19 18:00:00,0.6507248681024738,0.6448985579403379,0.6456820431873506,0.6507248681024738,0.6507248681024738,-0.008484151539834358,-0.008484151539834358,-0.008484151539834358,-0.004178470183122789,-0.004178470183122789,-0.004178470183122789,-8.418257500733919e-05,-8.418257500733919e-05,-8.418257500733919e-05,-0.008344870233457155,-0.008344870233457155,-0.008344870233457155,-0.004221498781704231,-0.004221498781704231,-0.004221498781704231,0.0001392813063772018,0.0001392813063772018,0.0001392813063772018,0.0,0.0,0.0,0.6452946535204751
2025-08-19 19:00:00,0.6506641571421711,0.6448339062299012,0.6455686529301615,0.6506641571421711,0.6506641571421711,-0.008423285966390328,-0.008423285966390328,-0.008423285966390328,-0.00435874837101927,-0.00435874837101927,-0.00435874837101927,-8.418257500733919e-05,-8.418257500733919e-05,-8.418257500733919e-05,-0.008302266843333374,-0.008302266843333374,-0.008302266843333374,-0.003980355020363718,-0.003980355020363718,-0.003980355020363718,0.00012101912305695239,0.00012101912305695239,0.00012101912305695239,0.0,0.0,0.0,0.6452621696841842
2025-08-19 20:00:00,0.6506034461818685,0.644945003242941,0.6455724720539514,0.6506034461818685,0.6506034461818685,-0.008331677380127783,-0.008331677380127783,-0.008331677380127783,-0.004434275251156248,-0.004434275251156248,-0.004434275251156248,-8.418257500733919e-05,-8.418257500733919e-05,-8.418257500733919e-05,-0.008229756867384705,-0.008229756867384705,-0.008229756867384705,-0.003813219553964195,-0.003813219553964195,-0.003813219553964195,0.00010192051274307893,0.00010192051274307893,0.00010192051274307893,0.0,0.0,0.0,0.6452491380027091
2025-08-19 21:00:00,0.6505427352215658,0.6449143699802758,0.6457175875963878,0.6505427352215658,0.6505427352215658,-0.008101112974761824,-0.008101112974761824,-0.008101112974761824,-0.004463325328500297,-0.004463325328500297,-0.004463325328500297,-8.418257500733919e-05,-8.418257500733919e-05,-8.418257500733919e-05,-0.008018536062873241,-0.008018536062873241,-0.008018536062873241,-0.0035536050712541875,-0.0035536050712541875,-0.0035536050712541875,8.257691188858271e-05,8.257691188858271e-05,8.257691188858271e-05,0.0,0.0,0.0,0.6453263348387515
2025-08-19 22:00:00,0.6504820242612632,0.6448723021735425,0.6456282404320629,0.6504820242612632,0.6504820242612632,-0.008153418058290774,-0.008153418058290774,-0.008153418058290774,-0.004515630412029248,-0.004515630412029248,-0.004515630412029248,-8.418257500733919e-05,-8.418257500733919e-05,-8.418257500733919e-05,-0.008089861342644488,-0.008089861342644488,-0.008089861342644488,-0.0035536050712541875,-0.0035536050712541875,-0.0035536050712541875,6.355671564628679e-05,6.355671564628679e-05,6.355671564628679e-05,0.0,0.0,0.0,0.6452197148791069
2025-08-19 23:00:00,0.6504213133009605,0.6446988234986201,0.645495701292617,0.6504213133009605,0.6504213133009605,-0.008238740171477694,-0.008238740171477694,-0.008238740171477694,-0.004486613544261996,-0.004486613544261996,-0.004486613544261996,-8.418257500733919e-05,-8.418257500733919e-05,-8.418257500733919e-05,-0.008193343662309505,-0.008193343662309505,-0.008193343662309505,-0.0036679440522083594,-0.0036679440522083594,-0.0036679440522083594,4.5396509168189826e-05,4.5396509168189826e-05,4.5396509168189826e-05,0.0,0.0,0.0,0.645092187955795
2025-08-20 00:00:00,0.650360602340658,0.6445837060487178,0.6452866341753761,0.650360602340658,0.650360602340658,-0.0083841356114417,-0.0083841356114417,-0.0083841356114417,-0.004504015362528183,-0.004504015362528183,-0.004504015362528183,-2.16154716512527e-05,-2.16154716512527e-05,-2.16154716512527e-05,-0.008355542729212182,-0.008355542729212182,-0.008355542729212182,-0.0038585047772622654,-0.0038585047772622654,-0.0038585047772622654,2.8592882229516465e-05,2.8592882229516465e-05,2.8592882229516465e-05,0.0,0.0,0.0,0.6449264865384045
2025-08-20 01:00:00,0.6502998913803553,0.6441912231566819,0.6449977258070828,0.6502998913803553,0.6502998913803553,-0.008827500685901681,-0.008827500685901681,-0.008827500685901681,-0.004591007849070444,-0.004591007849070444,-0.004591007849070444,-2.16154716512527e-05,-2.16154716512527e-05,-2.16154716512527e-05,-0.008813905748059538,-0.008813905748059538,-0.008813905748059538,-0.004214877365179986,-0.004214877365179986,-0.004214877365179986,1.3594937842144241e-05,1.3594937842144241e-05,1.3594937842144241e-05,0.0,0.0,0.0,0.6445682094297555
2025-08-20 02:00:00,0.6502391804200527,0.6435496432646445,0.6441516544080816,0.6502391804200527,0.6502391804200527,-0.00983575531712223,-0.00983575531712223,-0.00983575531712223,-0.00485158679377512,-0.00485158679377512,-0.00485158679377512,-2.16154716512527e-05,-2.16154716512527e-05,-2.16154716512527e-05,-0.009834957721437632,-0.009834957721437632,-0.009834957721437632,-0.004962553051695857,-0.004962553051695857,-0.004962553051695857,7.975956845972156e-07,7.975956845972156e-07,7.975956845972156e-07,0.0,0.0,0.0,0.6438441055717993
2025-08-20 03:00:00,0.65017846945975,0.6430696521045814,0.6437809128134933,0.65017846945975,0.65017846945975,-0.010346351653843197,-0.010346351653843197,-0.010346351653843197,-0.005164105516663511,-0.005164105516663511,-0.005164105516663511,-2.16154716512527e-05,-2.16154716512527e-05,-2.16154716512527e-05,-0.010355815873833349,-0.010355815873833349,-0.010355815873833349,-0.005160630665528434,-0.005160630665528434,-0.005160630665528434,-9.46421999015114e-06,-9.46421999015114e-06,-9.46421999015114e-06,0.0,0.0,0.0,0.643445340944894
2025-08-20 04:00:00,0.6500566588218553,0.644347676761189,0.6450664175265556,0.6500566588218553,0.6500566588218553,-0.008240636564362816,-0.008240636564362816,-0.008240636564362816,-0.005303212131667887,-0.005303212131667887,-0.005303212131667887,-2.16154716512527e-05,-2.16154716512527e-05,-2.16154716512527e-05,-0.008257556994877657,-0.008257556994877657,-0.008257556994877657,-0.0029158089610436776,-0.0029158089610436776,-0.0029158089610436776,-1.692043051483962e-05,-1.692043051483962e-05,-1.692043051483962e-05,0.0,0.0,0.0,0.644688778911734
2025-08-20 05:00:00,0.6499348481839604,0.6446266052165487,0.6454698186272035,0.6499348481839604,0.6499348481839604,-0.007470559223274806,-0.007470559223274806,-0.007470559223274806,-0.0053438025369652266,-0.0053438025369652266,-0.0053438025369652266,-2.16154716512527e-05,-2.16154716512527e-05,-2.16154716512527e-05,-0.00749192885030518,-0.00749192885030518,-0.00749192885030518,-0.0021051412146583267,-0.0021051412146583267,-0.0021051412146583267,-2.1369627030373836e-05,-2.1369627030373836e-05,-2.1369627030373836e-05,0.0,0.0,0.0,0.6450655825440323
2025-08-20 06:00:00,0.6498130375460656,0.6443124740189284,0.6449558156147563,0.6498130375460656,0.6498130375460656,-0.00801972282883539,-0.00801972282883539,-0.00801972282883539,-0.005401703434192307,-0.005401703434192307,-0.005401703434192307,-2.16154716512527e-05,-2.16154716512527e-05,-2.16154716512527e-05,-0.008042404647559117,-0.008042404647559117,-0.008042404647559117,-0.00259640392299183,-0.00259640392299183,-0.00259640392299183,-2.2681818723728443e-05,-2.2681818723728443e-05,-2.2681818723728443e-05,0.0,0.0,0.0,0.6445869781528606
2025-08-20 07:00:00,0.6496912269081707,0.6439943422373154,0.6446061024788055,0.6496912269081707,0.6496912269081707,-0.008170084181533357,-0.008170084181533357,-0.008170084181533357,-0.005338140304113346,-0.005338140304113346,-0.005338140304113346,-2.16154716512527e-05,-2.16154716512527e-05,-2.16154716512527e-05,-0.008190884251411547,-0.008190884251411547,-0.008190884251411547,-0.002810328405768759,-0.002810328405768759,-0.002810328405768759,-2.0800069878190654e-05,-2.0800069878190654e-05,-2.0800069878190654e-05,0.0,0.0,0.0,0.6443696812694083
2025-08-20 08:00:00,0.6495694162702759,0.6435449836986291,0.6443052912514077,0.6495694162702759,0.6495694162702759,-0.008604736003505085,-0.008604736003505085,-0.008604736003505085,-0.005320829812183527,-0.005320829812183527,-0.005320829812183527,8.26630339422248e-05,8.26630339422248e-05,8.26630339422248e-05,-0.008620477009223661,-0.008620477009223661,-0.008620477009223661,-0.003366569225263782,-0.003366569225263782,-0.003366569225263782,-1.574100571857665e-05,-1.574100571857665e-05,-1.574100571857665e-05,0.0,0.0,0.0,0.6439698180514232
2025-08-20 09:00:00,0.649447605632381,0.6437129237927995,0.6444092307754138,0.649447605632381,0.649447605632381,-0.008210357862698834,-0.008210357862698834,-0.008210357862698834,-0.005419105252458494,-0.005419105252458494,-0.005419105252458494,8.26630339422248e-05,8.26630339422248e-05,8.26630339422248e-05,-0.008217952045163084,-0.008217952045163084,-0.008217952045163084,-0.0028739156441825635,-0.0028739156441825635,-0.0028739156441825635,-7.5941824642509386e-06,-7.5941824642509386e-06,-7.5941824642509386e-06,0.0,0.0,0.0,0.6441104763534481
2025-08-20 10:00:00,0.6493257949944863,0.6433318422707112,0.6441089174118676,0.6493257949944863,0.6493257949944863,-0.008618133321369728,-0.008618133321369728,-0.008618133321369728,-0.005621517623321323,-0.005621517623321323,-0.005621517623321323,8.26630339422248e-05,8.26630339422248e-05,8.26630339422248e-05,-0.00861465365388785,-0.00861465365388785,-0.00861465365388785,-0.003079278731990629,-0.003079278731990629,-0.003079278731990629,3.479667481878822e-06,3.479667481878822e-06,3.479667481878822e-06,0.0,0.0,0.0,0.6437320781620735
2025-08-20 11:00:00,0.6492039843565914,0.6429902253805715,0.6437806991636386,0.6492039843565914,0.6492039843565914,-0.008982679386577487,-0.008982679386577487,-0.008982679386577487,-0.0057832482625505225,-0.0057832482625505225,-0.0057832482625505225,8.26630339422248e-05,8.26630339422248e-05,8.26630339422248e-05,-0.008965427897610847,-0.008965427897610847,-0.008965427897610847,-0.0032820941579691887,-0.0032820941579691887,-0.0032820941579691887,1.7251488966640426e-05,1.7251488966640426e-05,1.7251488966640426e-05,0.0,0.0,0.0,0.6433835928440007
2025-08-20 12:00:00,0.6490821737186966,0.6441474450268054,0.6449047824348458,0.6490821737186966,0.6490821737186966,-0.006981841630216497,-0.006981841630216497,-0.006981841630216497,-0.005736979019612867,-0.005736979019612867,-0.005736979019612867,8.26630339422248e-05,8.26630339422248e-05,8.26630339422248e-05,-0.006948413815368887,-0.006948413815368887,-0.006948413815368887,-0.0013275256445458552,-0.0013275256445458552,-0.0013275256445458552,3.342781484761098e-05,3.342781484761098e-05,3.342781484761098e-05,0.0,0.0,0.0,0.6445720821755199
2025-08-20 13:00:00,0.6489603630808017,0.6432543745982077,0.6438373261196922,0.6489603630808017,0.6489603630808017,-0.008445400312699138,-0.008445400312699138,-0.008445400312699138,-0.005823440152925674,-0.005823440152925674,-0.005823440152925674,8.26630339422248e-05,8.26630339422248e-05,8.26630339422248e-05,-0.00839374463419977,-0.00839374463419977,-0.00839374463419977,-0.0027046231937156886,-0.0027046231937156886,-0.0027046231937156886,5.1655678499369704e-05,5.1655678499369704e-05,5.1655678499369704e-05,0.0,0.0,0.0,0.6435131555153839
2025-08-20 14:00:00,0.6488385524429069,0.6431703754217196,0.6439152664645862,0.6488385524429069,0.6488385524429069,-0.008211841424685796,-0.008211841424685796,-0.008211841424685796,-0.005915746171762941,-0.005915746171762941,-0.005915746171762941,8.26630339422248e-05,8.26630339422248e-05,8.26630339422248e-05,-0.008140312966145289,-0.008140312966145289,-0.008140312966145289,-0.002378758286865079,-0.002378758286865079,-0.002378758286865079,7.152845854050701e-05,7.152845854050701e-05,7.152845854050701e-05,0.0,0.0,0.0,0.643556803561521
2025-08-20 15:00:00,0.648716741805012,0.6428573458257308,0.6436419514036889,0.648716741805012,0.648716741805012,-0.00852702273165824,-0.00852702273165824,-0.00852702273165824,-0.006013731028240524,-0.006013731028240524,-0.006013731028240524,8.26630339422248e-05,8.26630339422248e-05,8.26630339422248e-05,-0.008434430157860178,-0.008434430157860178,-0.008434430157860178,-0.0025959547373599397,-0.0025959547373599397,-0.0025959547373599397,9.259257379806235e-05,9.259257379806235e-05,9.259257379806235e-05,0.0,0.0,0.0,0.6432451857540231
2025-08-20 16:00:00,0.6485949311671173,0.6433636807679977,0.644161481983832,0.6485949311671173,0.6485949311671173,-0.007516001532911822,-0.007516001532911822,-0.007516001532911822,-0.005973356485192716,-0.005973356485192716,-0.005973356485192716,8.26630339422248e-05,8.26630339422248e-05,8.26630339422248e-05,-0.007401646598444946,-0.007401646598444946,-0.007401646598444946,-0.0016253080816613313,-0.0016253080816613313,-0.0016253080816613313,0.00011435493446687687,0.00011435493446687687,0.00011435493446687687,0.0,0.0,0.0,0.6437942607010756
2025-08-20 17:00:00,0.6484731205292223,0.6434264597843952,0.6442428976261995,0.6484731205292223,0.6484731205292223,-0.00726335608611654,-0.00726335608611654,-0.00726335608611654,-0.00604853466477282,-0.00604853466477282,-0.00604853466477282,-8.418257500733919e-05,-8.418257500733919e-05,-8.418257500733919e-05,-0.0071270650408426384,-0.0071270650408426384,-0.0071270650408426384,-0.0011306388463363814,-0.0011306388463363814,-0.0011306388463363814,0.00013629104527390092,0.00013629104527390092,0.00013629104527390092,0.0,0.0,0.0,0.6438514104219725
2025-08-20 18:00:00,0.6483513098913275,0.6429538818919193,0.6437949078705141,0.6483513098913275,0.6483513098913275,-0.007831031666029732,-0.007831031666029732,-0.007831031666029732,-0.0059909077465546065,-0.0059909077465546065,-0.0059909077465546065,-8.418257500733919e-05,-8.418257500733919e-05,-8.418257500733919e-05,-0.007673178018812682,-0.007673178018812682,-0.007673178018812682,-0.0017559413444677855,-0.0017559413444677855,-0.0017559413444677855,0.00015785364721704933,0.00015785364721704933,0.00015785364721704933,0.0,0.0,0.0,0.6433763948718009
2025-08-20 19:00:00,0.6482294992534328,0.6430636165406886,0.6438218700204619,0.6482294992534328,0.6482294992534328,-0.007578863212234725,-0.007578863212234725,-0.007578863212234725,-0.0059447796443186296,-0.0059447796443186296,-0.0059447796443186296,-8.418257500733919e-05,-8.418257500733919e-05,-8.418257500733919e-05,-0.007400381435546194,-0.007400381435546194,-0.007400381435546194,-0.001549900992908757,-0.001549900992908757,-0.001549900992908757,0.00017848177668853212,0.00017848177668853212,0.00017848177668853212,0.0,0.0,0.0,0.6434323537011842
2025-08-20 20:00:00,0.6481076886155379,0.6430777399718153,0.6437235193034166,0.6481076886155379,0.6481076886155379,-0.007492418683710356,-0.007492418683710356,-0.007492418683710356,-0.005858335115794259,-0.005858335115794259,-0.005858335115794259,-8.418257500733919e-05,-8.418257500733919e-05,-8.418257500733919e-05,-0.007294808568377363,-0.007294808568377363,-0.007294808568377363,-0.0015499009929087581,-0.0015499009929087581,-0.0015499009929087581,0.00019761011533299232,0.00019761011533299232,0.00019761011533299232,0.0,0.0,0.0,0.6433798670953941
2025-08-20 21:00:00,0.6480835563639106,0.6429477175319502,0.6436479010081843,0.6480835563639106,0.6480835563639106,-0.007557290692468539,-0.007557290692468539,-0.007557290692468539,-0.005881415771700684,-0.005881415771700684,-0.005881415771700684,-8.418257500733919e-05,-8.418257500733919e-05,-8.418257500733919e-05,-0.007342612193652023,-0.007342612193652023,-0.007342612193652023,-0.001591692345760515,-0.001591692345760515,-0.001591692345760515,0.00021467849881651578,0.00021467849881651578,0.00021467849881651578,0.0,0.0,0.0,0.6433249301404476
2025-08-20 22:00:00,0.6480594241122831,0.6429679627475052,0.6437397702288649,0.6480594241122831,0.6480594241122831,-0.0074364167267581514,-0.0074364167267581514,-0.0074364167267581514,-0.0059449290874144115,-0.0059449290874144115,-0.0059449290874144115,-8.418257500733919e-05,-8.418257500733919e-05,-8.418257500733919e-05,-0.007207275275823789,-0.007207275275823789,-0.007207275275823789,-0.001407305064336401,-0.001407305064336401,-0.001407305064336401,0.00022914145093436283,0.00022914145093436283,0.00022914145093436283,0.0,0.0,0.0,0.6433886814476141
2025-08-20 23:00:00,0.6480352918606557,0.6432069641240037,0.64389214890471,0.6480352918606557,0.6480352918606557,-0.0071943959583756845,-0.0071943959583756845,-0.0071943959583756845,-0.00589301421641339,-0.00589301421641339,-0.00589301421641339,-8.418257500733919e-05,-8.418257500733919e-05,-8.418257500733919e-05,-0.0069539183503358115,-0.0069539183503358115,-0.0069539183503358115,-0.0012171991669549553,-0.0012171991669549553,-0.0012171991669549553,0.00024047760803987413,0.00024047760803987413,0.00024047760803987413,0.0,0.0,0.0,0.6435289073529207
2025-08-21 00:00:00,0.6480111596090282,0.6425023430449319,0.6433127631372121,0.6480111596090282,0.6480111596090282,-0.008080543783896901,-0.008080543783896901,-0.008080543783896901,-0.005973705185749591,-0.005973705185749591,-0.005973705185749591,-2.16154716512527e-05,-2.16154716512527e-05,-2.16154716512527e-05,-0.007832344883901086,-0.007832344883901086,-0.007832344883901086,-0.0020852231264960578,-0.0020852231264960578,-0.0020852231264960578,0.0002481988999958164,0.0002481988999958164,0.0002481988999958164,0.0,0.0,0.0,0.6429357127183537
2025-08-21 01:00:00,0.6479870273574008,0.6429853852393703,0.6435695490069671,0.6479870273574008,0.6479870273574008,-0.007462958357770011,-0.007462958357770011,-0.007462958357770011,-0.00599676923686758,-0.00599676923686758,-0.00599676923686758,-2.16154716512527e-05,-2.16154716512527e-05,-2.16154716512527e-05,-0.007211099001234782,-0.007211099001234782,-0.007211099001234782,-0.0014445736492511778,-0.0014445736492511778,-0.0014445736492511778,0.0002518593565352298,0.0002518593565352298,0.0002518593565352298,0.0,0.0,0.0,0.6433143287516108
2025-08-21 02:00:00,0.6479628951057733,0.6421156222854645,0.6427611077491597,0.6479628951057733,0.6479628951057733,-0.008781723610228687,-0.008781723610228687,-0.008781723610228687,-0.006180957852437385,-0.006180957852437385,-0.006180957852437385,-2.16154716512527e-05,-2.16154716512527e-05,-2.16154716512527e-05,-0.008530660198008789,-0.008530660198008789,-0.008530660198008789,-0.00257915028614005,-0.00257915028614005,-0.00257915028614005,0.00025106341221989834,0.00025106341221989834,0.00025106341221989834,0.0,0.0,0.0,0.642435343826708
2025-08-21 03:00:00,0.6479387628541459,0.6419820520546963,0.6427973773773147,0.6479387628541459,0.6479387628541459,-0.008643732238470852,-0.008643732238470852,-0.008643732238470852,-0.006353730675967142,-0.006353730675967142,-0.006353730675967142,-2.16154716512527e-05,-2.16154716512527e-05,-2.16154716512527e-05,-0.00839825864886318,-0.00839825864886318,-0.00839825864886318,-0.0022683860908524573,-0.0022683860908524573,-0.0022683860908524573,0.0002454735896076701,0.0002454735896076701,0.0002454735896076701,0.0,0.0,0.0,0.6424972055350723
2025-08-21 04:00:00,0.6479146306025184,0.6418681303323341,0.6426410910984686,0.6479146306025184,0.6479146306025184,-0.00904728487590651,-0.00904728487590651,-0.00904728487590651,-0.006572540275396586,-0.006572540275396586,-0.006572540275396586,-2.16154716512527e-05,-2.16154716512527e-05,-2.16154716512527e-05,-0.008812467428280938,-0.008812467428280938,-0.008812467428280938,-0.0024531291288586725,-0.0024531291288586725,-0.0024531291288586725,0.00023481744762557307,0.00023481744762557307,0.00023481744762557307,0.0,0.0,0.0,0.6422049040240271
2025-08-21 05:00:00,0.6478904983508911,0.6423144209641891,0.6430483847873808,0.6478904983508911,0.6478904983508911,-0.008199767344045789,-0.008199767344045789,-0.008199767344045789,-0.006601316373731689,-0.006601316373731689,-0.006601316373731689,-2.16154716512527e-05,-2.16154716512527e-05,-2.16154716512527e-05,-0.007980873652333121,-0.007980873652333121,-0.007980873652333121,-0.0015768354986628466,-0.0015768354986628466,-0.0015768354986628466,0.00021889369171266735,0.00021889369171266735,0.00021889369171266735,0.0,0.0,0.0,0.6427197661430055
2025-08-21 06:00:00,0.6478663660992636,0.6419763655709778,0.642675184119312,0.6478663660992636,0.6478663660992636,-0.008709116251624054,-0.008709116251624054,-0.008709116251624054,-0.006739484818190244,-0.006739484818190244,-0.006739484818190244,-2.16154716512527e-05,-2.16154716512527e-05,-2.16154716512527e-05,-0.008511538898905496,-0.008511538898905496,-0.008511538898905496,-0.0019480159617825583,-0.0019480159617825583,-0.0019480159617825583,0.00019757735271855867,0.00019757735271855867,0.00019757735271855867,0.0,0.0,0.0,0.6423520263229172
2025-08-21 07:00:00,0.6478422338476362,0.6419711843024266,0.6426841978519164,0.6478422338476362,0.6478422338476362,-0.008610326083060312,-0.008610326083060312,-0.008610326083060312,-0.006705004975032207,-0.006705004975032207,-0.006705004975032207,-2.16154716512527e-05,-2.16154716512527e-05,-2.16154716512527e-05,-0.008439502129426532,-0.008439502129426532,-0.008439502129426532,-0.001883705636376853,-0.001883705636376853,-0.001883705636376853,0.00017082395363378036,0.00017082395363378036,0.00017082395363378036,0.0,0.0,0.0,0.6423747679355466
2025-08-21 08:00:00,0.6478181015960087,0.6422546687371358,0.6429748643908445,0.6478181015960087,0.6478181015960087,-0.008140427323846502,-0.008140427323846502,-0.008140427323846502,-0.006670500224691475,-0.006670500224691475,-0.006670500224691475,8.26630339422248e-05,8.26630339422248e-05,8.26630339422248e-05,-0.008001754727765556,-0.008001754727765556,-0.008001754727765556,-0.0015525901330972515,-0.0015525901330972515,-0.0015525901330972515,0.0001386725960809453,0.0001386725960809453,0.0001386725960809453,0.0,0.0,0.0,0.6426344200388308
2025-08-21 09:00:00,0.6477939693443813,0.6422749201070256,0.6430697084774937,0.6477939693443813,0.6477939693443813,-0.00800322377161271,-0.00800322377161271,-0.00800322377161271,-0.006601515631192783,-0.006601515631192783,-0.006601515631192783,8.26630339422248e-05,8.26630339422248e-05,8.26630339422248e-05,-0.007901975859083078,-0.007901975859083078,-0.007901975859083078,-0.001484371174362151,-0.001484371174362151,-0.001484371174362151,0.00010124791252963177,0.00010124791252963177,0.00010124791252963177,0.0,0.0,0.0,0.6426751170369625
2025-08-21 10:00:00,0.6477698370927538,0.6427017426691572,0.6434121165819136,0.6477698370927538,0.6477698370927538,-0.007284356656707742,-0.007284356656707742,-0.007284356656707742,-0.006555453948110477,-0.006555453948110477,-0.006555453948110477,8.26630339422248e-05,8.26630339422248e-05,8.26630339422248e-05,-0.007225595811709046,-0.007225595811709046,-0.007225595811709046,-0.0008115657425394889,-0.0008115657425394889,-0.0008115657425394889,5.8760844998695405e-05,5.8760844998695405e-05,5.8760844998695405e-05,0.0,0.0,0.0,0.643089314070905
2025-08-21 11:00:00,0.6477457048411264,0.6422128906929648,0.6429869451957195,0.6477457048411264,0.6477457048411264,-0.007896342265955623,-0.007896342265955623,-0.007896342265955623,-0.006526702756957914,-0.006526702756957914,-0.006526702756957914,8.26630339422248e-05,8.26630339422248e-05,8.26630339422248e-05,-0.007884834039796734,-0.007884834039796734,-0.007884834039796734,-0.0014523025429399319,-0.0014523025429399319,-0.0014523025429399319,1.1508226158888735e-05,1.1508226158888735e-05,1.1508226158888735e-05,0.0,0.0,0.0,0.6426383374584629
2025-08-21 12:00:00,0.6477215725894989,0.6419057544711892,0.6426012612196943,0.6477215725894989,0.6477215725894989,-0.00831136226522946,-0.00831136226522946,-0.00831136226522946,-0.0065497003889222315,-0.0065497003889222315,-0.0065497003889222315,8.26630339422248e-05,8.26630339422248e-05,8.26630339422248e-05,-0.00835149111068704,-0.00835149111068704,-0.00835149111068704,-0.0018443249102494514,-0.0018443249102494514,-0.0018443249102494514,-4.012884545758215e-05,-4.012884545758215e-05,-4.012884545758215e-05,0.0,0.0,0.0,0.6423121316338175
2025-08-21 13:00:00,0.6476974403378716,0.6417901187068735,0.6425527334348333,0.6476974403378716,0.6476974403378716,-0.008417953105229256,-0.008417953105229256,-0.008417953105229256,-0.006607194468833022,-0.006607194468833022,-0.006607194468833022,8.26630339422248e-05,8.26630339422248e-05,8.26630339422248e-05,-0.00851364093377553,-0.00851364093377553,-0.00851364093377553,-0.0018934216703384579,-0.0018934216703384579,-0.0018934216703384579,-9.568782854627467e-05,-9.568782854627467e-05,-9.568782854627467e-05,0.0,0.0,0.0,0.6421831768971095
2025-08-21 14:00:00,0.6476733080862441,0.6423026539444993,0.6431077817478107,0.6476733080862441,0.6476733080862441,-0.007472203964527486,-0.007472203964527486,-0.007472203964527486,-0.006595687350456685,-0.006595687350456685,-0.006595687350456685,8.26630339422248e-05,8.26630339422248e-05,8.26630339422248e-05,-0.007626832701602406,-0.007626832701602406,-0.007626832701602406,-0.0009591796480130258,-0.0009591796480130258,-0.0009591796480130258,-0.00015462873707491984,-0.00015462873707491984,-0.00015462873707491984,0.0,0.0,0.0,0.642733612120177
2025-08-21 15:00:00,0.6477043205216073,0.6418504297049441,0.6425657177115812,0.6477043205216073,0.6477043205216073,-0.008279706078534723,-0.008279706078534723,-0.008279706078534723,-0.006716503791014365,-0.006716503791014365,-0.006716503791014365,8.26630339422248e-05,8.26630339422248e-05,8.26630339422248e-05,-0.008496045352779244,-0.008496045352779244,-0.008496045352779244,-0.0016458653214625834,-0.0016458653214625834,-0.0016458653214625834,-0.00021633927424451953,-0.00021633927424451953,-0.00021633927424451953,0.0,0.0,0.0,0.6422013952392647
2025-08-21 16:00:00,0.6477353329569706,0.6419946706606333,0.6427376747096925,0.6477353329569706,0.6477353329569706,-0.007952314360154264,-0.007952314360154264,-0.007952314360154264,-0.006739501422978682,-0.006739501422978682,-0.006739501422978682,8.26630339422248e-05,8.26630339422248e-05,8.26630339422248e-05,-0.0082324554082799,-0.0082324554082799,-0.0082324554082799,-0.0012954759711178072,-0.0012954759711178072,-0.0012954759711178072,-0.00028014104812563523,-0.00028014104812563523,-0.00028014104812563523,0.0,0.0,0.0,0.642402880712035
2025-08-21 17:00:00,0.6477663453923338,0.6425448107107421,0.6433382199851568,0.6477663453923338,0.6477663453923338,-0.0071727314015341374,-0.0071727314015341374,-0.0071727314015341374,-0.006641715823962192,-0.006641715823962192,-0.006641715823962192,-8.418257500733919e-05,-8.418257500733919e-05,-8.418257500733919e-05,-0.0075180282016927445,-0.0075180282016927445,-0.0075180282016927445,-0.00044683300256460656,-0.00044683300256460656,-0.00044683300256460656,-0.0003452968001586067,-0.0003452968001586067,-0.0003452968001586067,0.0,0.0,0.0,0.6428964197395668
2025-08-21 18:00:00,0.6477973578276971,0.6424068057230915,0.6431300815850172,0.6477973578276971,0.6477973578276971,-0.007329639721998607,-0.007329639721998607,-0.007329639721998607,-0.006561207507298647,-0.006561207507298647,-0.006561207507298647,-8.418257500733919e-05,-8.418257500733919e-05,-8.418257500733919e-05,-0.007740658286042602,-0.007740658286042602,-0.007740658286042602,-0.0006842496396926217,-0.0006842496396926217,-0.0006842496396926217,-0.000411018564043994,-0.000411018564043994,-0.000411018564043994,0.0,0.0,0.0,0.6427829798421516
2025-08-21 19:00:00,0.6478283702630603,0.6419531853012475,0.6427458085235112,0.6478283702630603,0.6478283702630603,-0.008065174076556905,-0.008065174076556905,-0.008065174076556905,-0.006624471751186045,-0.006624471751186045,-0.006624471751186045,-8.418257500733919e-05,-8.418257500733919e-05,-8.418257500733919e-05,-0.008541650736113246,-0.008541650736113246,-0.008541650736113246,-0.001356519750363521,-0.001356519750363521,-0.001356519750363521,-0.000476476659556341,-0.000476476659556341,-0.000476476659556341,0.0,0.0,0.0,0.6422948465873278
2025-08-21 20:00:00,0.6478593826984236,0.6419046678383927,0.6426158859168962,0.6478593826984236,0.6478593826984236,-0.008113583863851035,-0.008113583863851035,-0.008113583863851035,-0.006618726494392055,-0.006618726494392055,-0.006618726494392055,-8.418257500733919e-05,-8.418257500733919e-05,-8.418257500733919e-05,-0.00865439327832826,-0.00865439327832826,-0.00865439327832826,-0.0014106747944516405,-0.0014106747944516405,-0.0014106747944516405,-0.0005408094144772246,-0.0005408094144772246,-0.0005408094144772246,0.0,0.0,0.0,0.6422525528114964
2025-08-21 21:00:00,0.6478903951337869,0.6418807896892452,0.6425431545739619,0.6478903951337869,0.6478903951337869,-0.008199645995762358,-0.008199645995762358,-0.008199645995762358,-0.006647469383150361,-0.006647469383150361,-0.006647469383150361,-8.418257500733919e-05,-8.418257500733919e-05,-8.418257500733919e-05,-0.008802779493014433,-0.008802779493014433,-0.008802779493014433,-0.0014679940376046588,-0.0014679940376046588,-0.0014679940376046588,-0.0006031334972520742,-0.0006031334972520742,-0.0006031334972520742,0.0,0.0,0.0,0.6421871588497822
2025-08-21 22:00:00,0.6479214075691501,0.642260467926556,0.643022252810903,0.6479214075691501,0.6479214075691501,-0.007487284765498131,-0.007487284765498131,-0.007487284765498131,-0.006693506159050048,-0.006693506159050048,-0.006693506159050048,-8.418257500733919e-05,-8.418257500733919e-05,-8.418257500733919e-05,-0.008149839499856835,-0.008149839499856835,-0.008149839499856835,-0.0007095960314407439,-0.0007095960314407439,-0.0007095960314407439,-0.0006625547343587046,-0.0006625547343587046,-0.0006625547343587046,0.0,0.0,0.0,0.6426409520889402
2025-08-21 23:00:00,0.6479524200045134,0.6423295965590335,0.6430785147294845,0.6479524200045134,0.6479524200045134,-0.007352403176962369,-0.007352403176962369,-0.007352403176962369,-0.0067050132774263875,-0.0067050132774263875,-0.0067050132774263875,-8.418257500733919e-05,-8.418257500733919e-05,-8.418257500733919e-05,-0.008070582455884684,-0.008070582455884684,-0.008070582455884684,-0.0005632073245286425,-0.0005632073245286425,-0.0005632073245286425,-0.0007181792789223149,-0.0007181792789223149,-0.0007181792789223149,0.0,0.0,0.0,0.6427230665713769
2025-08-22 00:00:00,0.6479834324398767,0.64251277485815,0.6431849384435514,0.6479834324398767,0.6479834324398767,-0.007232325388907054,-0.007232325388907054,-0.007232325388907054,-0.006647502592727159,-0.006647502592727159,-0.006647502592727159,-2.16154716512527e-05,-2.16154716512527e-05,-2.16154716512527e-05,-0.008001450380428436,-0.008001450380428436,-0.008001450380428436,-0.0005632073245286425,-0.0005632073245286425,-0.0005632073245286425,-0.0007691249915213832,-0.0007691249915213832,-0.0007691249915213832,0.0,0.0,0.0,0.6427986251578693
2025-08-22 01:00:00,0.6480144448752398,0.642014228578634,0.6428342366070663,0.6480144448752398,0.6480144448752398,-0.007791324981782275,-0.007791324981782275,-0.007791324981782275,-0.006630258519951088,-0.006630258519951088,-0.006630258519951088,-2.16154716512527e-05,-2.16154716512527e-05,-2.16154716512527e-05,-0.008605857871986564,-0.008605857871986564,-0.008605857871986564,-0.001139450990179934,-0.001139450990179934,-0.001139450990179934,-0.0008145328902042904,-0.0008145328902042904,-0.0008145328902042904,0.0,0.0,0.0,0.6424377246636492
2025-08-22 02:00:00,0.6480454573106031,0.6426784097287903,0.643488317382994,0.6480454573106031,0.6480454573106031,-0.006755059624999735,-0.006755059624999735,-0.006755059624999735,-0.006538243084911128,-0.006538243084911128,-0.006538243084911128,-2.16154716512527e-05,-2.16154716512527e-05,-2.16154716512527e-05,-0.007608638149746078,-0.007608638149746078,-0.007608638149746078,-0.000195201068437355,-0.000195201068437355,-0.000195201068437355,-0.0008535785247463431,-0.0008535785247463431,-0.0008535785247463431,0.0,0.0,0.0,0.64311471392134
2025-08-22 03:00:00,0.6480764697459664,0.6422533069091677,0.6430018519121901,0.6480764697459664,0.6480764697459664,-0.007484519868196632,-0.007484519868196632,-0.007484519868196632,-0.006561249019269701,-0.006561249019269701,-0.006561249019269701,-2.16154716512527e-05,-2.16154716512527e-05,-2.16154716512527e-05,-0.008370002997931811,-0.008370002997931811,-0.008370002997931811,-0.0009016553772756776,-0.0009016553772756776,-0.0009016553772756776,-0.0008854831297351822,-0.0008854831297351822,-0.0008854831297351822,0.0,0.0,0.0,0.6426520677513037
2025-08-22 04:00:00,0.6481074821813297,0.6420179122345436,0.6426966233100134,0.6481074821813297,0.6481074821813297,-0.008076220012912111,-0.008076220012912111,-0.008076220012912111,-0.006641732428750552,-0.006641732428750552,-0.006641732428750552,-2.16154716512527e-05,-2.16154716512527e-05,-2.16154716512527e-05,-0.008985744425655855,-0.008985744425655855,-0.008985744425655855,-0.0014128721125103083,-0.0014128721125103083,-0.0014128721125103083,-0.0009095244127437417,-0.0009095244127437417,-0.0009095244127437417,0.0,0.0,0.0,0.642283753986093
2025-08-22 05:00:00,0.6481384946166929,0.6415764763327957,0.6422908745809699,0.6481384946166929,0.6481384946166929,-0.008613820151974838,-0.008613820151974838,-0.008613820151974838,-0.006762399426212451,-0.006762399426212451,-0.006762399426212451,-2.16154716512527e-05,-2.16154716512527e-05,-2.16154716512527e-05,-0.00953886698921241,-0.00953886698921241,-0.00953886698921241,-0.0018298052541111352,-0.0018298052541111352,-0.0018298052541111352,-0.0009250468372375715,-0.0009250468372375715,-0.0009250468372375715,0.0,0.0,0.0,0.641955987725956
2025-08-22 06:00:00,0.6481695070520562,0.6418697917697529,0.6425826366791961,0.6481695070520562,0.6481695070520562,-0.008231549178560341,-0.008231549178560341,-0.008231549178560341,-0.00680836148056421,-0.00680836148056421,-0.00680836148056421,-2.16154716512527e-05,-2.16154716512527e-05,-2.16154716512527e-05,-0.009163020443583872,-0.009163020443583872,-0.009163020443583872,-0.0014015722263448797,-0.0014015722263448797,-0.0014015722263448797,-0.0009314712650235318,-0.0009314712650235318,-0.0009314712650235318,0.0,0.0,0.0,0.6422303166080305
2025-08-22 07:00:00,0.6482005194874195,0.6424119271371315,0.6432362327945228,0.6482005194874195,0.6482005194874195,-0.007262328013093787,-0.007262328013093787,-0.007262328013093787,-0.0068486363948815476,-0.0068486363948815476,-0.0068486363948815476,-2.16154716512527e-05,-2.16154716512527e-05,-2.16154716512527e-05,-0.008190631843017522,-0.008190631843017522,-0.008190631843017522,-0.0003920761465609866,-0.0003920761465609866,-0.0003920761465609866,-0.000928303829923737,-0.000928303829923737,-0.000928303829923737,0.0,0.0,0.0,0.6428913476718454
2025-08-22 08:00:00,0.648230955052173,0.6433544207475588,0.6441089601070739,0.648230955052173,0.648230955052173,-0.006086952897724793,-0.006086952897724793,-0.006086952897724793,-0.00674503081752314,-0.00674503081752314,-0.00674503081752314,8.26630339422248e-05,8.26630339422248e-05,8.26630339422248e-05,-0.007002096820763165,-0.007002096820763165,-0.007002096820763165,0.0005754148858561229,0.0005754148858561229,0.0005754148858561229,-0.0009151439230383729,-0.0009151439230383729,-0.0009151439230383729,0.0,0.0,0.0,0.643691979142682
2025-08-22 09:00:00,0.6482613906169264,0.6423293025646809,0.6430180565701669,0.6482613906169264,0.6482613906169264,-0.007649501270261808,-0.007649501270261808,-0.007649501270261808,-0.006739285560729151,-0.006739285560729151,-0.006739285560729151,8.26630339422248e-05,8.26630339422248e-05,8.26630339422248e-05,-0.008541192450190187,-0.008541192450190187,-0.008541192450190187,-0.0009928787434748826,-0.0009928787434748826,-0.0009928787434748826,-0.0008916911799283775,-0.0008916911799283775,-0.0008916911799283775,0.0,0.0,0.0,0.6427244653216394
2025-08-22 10:00:00,0.64829182618168,0.6423835719581117,0.6430814166186076,0.64829182618168,0.64829182618168,-0.007839263152679085,-0.007839263152679085,-0.007839263152679085,-0.006716329440735889,-0.006716329440735889,-0.006716329440735889,8.26630339422248e-05,8.26630339422248e-05,8.26630339422248e-05,-0.00869701452441383,-0.00869701452441383,-0.00869701452441383,-0.0012055967458854202,-0.0012055967458854202,-0.0012055967458854202,-0.0008577513717347448,-0.0008577513717347448,-0.0008577513717347448,0.0,0.0,0.0,0.6426536227533192
2025-08-22 11:00:00,0.6483222617464336,0.6427469736598268,0.6435394709683625,0.6483222617464336,0.6483222617464336,-0.007139735792075215,-0.007139735792075215,-0.007139735792075215,-0.006664613827195962,-0.006664613827195962,-0.006664613827195962,8.26630339422248e-05,8.26630339422248e-05,8.26630339422248e-05,-0.007952976907035322,-0.007952976907035322,-0.007952976907035322,-0.0005577849988214778,-0.0005577849988214778,-0.0005577849988214778,-0.000813241114960108,-0.000813241114960108,-0.000813241114960108,0.0,0.0,0.0,0.6431661697704473
2025-08-22 12:00:00,0.6483526973111872,0.6428780586668782,0.6435853353641893,0.6483526973111872,0.6483526973111872,-0.007162733424039531,-0.007162733424039531,-0.007162733424039531,-0.006687611459160278,-0.006687611459160278,-0.006687611459160278,8.26630339422248e-05,8.26630339422248e-05,8.26630339422248e-05,-0.007920924752716147,-0.007920924752716147,-0.007920924752716147,-0.0005577849988214778,-0.0005577849988214778,-0.0005577849988214778,-0.000758191328676614,-0.000758191328676614,-0.000758191328676614,0.0,0.0,0.0,0.6432171443825647
2025-08-22 13:00:00,0.6483831328759406,0.6434338722750517,0.6441395254428383,0.6483831328759406,0.6483831328759406,-0.006450778587422968,-0.006450778587422968,-0.006450778587422968,-0.006727927885448594,-0.006727927885448594,-0.006727927885448594,8.26630339422248e-05,8.26630339422248e-05,8.26630339422248e-05,-0.007143527970298578,-0.007143527970298578,-0.007143527970298578,0.0001944862640834009,0.0001944862640834009,0.0001944862640834009,-0.0006927493828756102,-0.0006927493828756102,-0.0006927493828756102,0.0,0.0,0.0,0.6437513898307715
2025-08-22 14:00:00,0.6484135684406941,0.6468067217934742,0.6475187020475575,0.6484135684406941,0.6484135684406941,-0.0013729178067512255,-0.0013729178067512255,-0.0013729178067512255,-0.005711258202347376,-0.005711258202347376,-0.005711258202347376,8.26630339422248e-05,8.26630339422248e-05,8.26630339422248e-05,-0.0019900977040409468,-0.0019900977040409468,-0.0019900977040409468,0.004255677361653926,0.004255677361653926,0.004255677361653926,-0.0006171798972897203,-0.0006171798972897203,-0.0006171798972897203,0.0,0.0,0.0,0.6471231620868713
2025-08-22 15:00:00,0.6484440040054477,0.6468336447146807,0.6475874616274365,0.6484440040054477,0.6484440040054477,-0.0013504710612086532,-0.0013504710612086532,-0.0013504710612086532,-0.004788978439030418,-0.004788978439030418,-0.004788978439030418,8.26630339422248e-05,8.26630339422248e-05,8.26630339422248e-05,-0.0018823352275291808,-0.0018823352275291808,-0.0018823352275291808,0.00335584434387954,0.00335584434387954,0.00335584434387954,-0.0005318641663205277,-0.0005318641663205277,-0.0005318641663205277,0.0,0.0,0.0,0.6472234150136281
2025-08-22 16:00:00,0.6484744395702012,0.6475845881471196,0.648333446160233,0.6484744395702012,0.6484744395702012,-0.0002995045669875968,-0.0002995045669875968,-0.0002995045669875968,-0.003871372923654206,-0.003871372923654206,-0.003871372923654206,8.26630339422248e-05,8.26630339422248e-05,8.26630339422248e-05,-0.0007368027696207334,-0.0007368027696207334,-0.0007368027696207334,0.0034892053227243845,0.0034892053227243845,0.0034892053227243845,-0.0004372982026331358,-0.0004372982026331358,-0.0004372982026331358,0.0,0.0,0.0,0.6479966418070977
2025-08-22 17:00:00,0.6485048751349547,0.6484205513679476,0.6492258921005781,0.6485048751349547,0.6485048751349547,0.0007571417222858778,0.0007571417222858778,0.0007571417222858778,-0.002865670703305615,-0.002865670703305615,-0.002865670703305615,-8.418257500733919e-05,-8.418257500733919e-05,-8.418257500733919e-05,0.00042305231393964635,0.00042305231393964635,0.00042305231393964635,0.003706995000598832,0.003706995000598832,0.003706995000598832,-0.00033408940834623164,-0.00033408940834623164,-0.00033408940834623164,0.0,0.0,0.0,0.6487792266229817
2025-08-22 18:00:00,0.6485353106997083,0.648741901228195,0.6493921172101579,0.6485353106997083,0.6485353106997083,0.0010162759542520284,0.0010162759542520284,0.0010162759542520284,-0.002005360010379101,-0.002005360010379101,-0.002005360010379101,-8.418257500733919e-05,-8.418257500733919e-05,-8.418257500733919e-05,0.0007933240542453565,0.0007933240542453565,0.0007933240542453565,0.0031058185396384687,0.0031058185396384687,0.0031058185396384687,-0.00022295190000667247,-0.00022295190000667247,-0.00022295190000667247,0.0,0.0,0.0,0.6490498093617137
2025-08-22 19:00:00,0.6485657462644617,0.6486515800139793,0.6494181528078085,0.6485657462644617,0.6485657462644617,0.0008060884877644015,0.0008060884877644015,0.0008060884877644015,-0.0020758141276532227,-0.0020758141276532227,-0.0020758141276532227,-8.418257500733919e-05,-8.418257500733919e-05,-8.418257500733919e-05,0.0007013879577130922,0.0007013879577130922,0.0007013879577130922,0.0029660851904249634,0.0029660851904249634,0.0029660851904249634,-0.00010470053005130905,-0.00010470053005130905,-0.00010470053005130905,0.0,0.0,0.0,0.6490206424686769
2025-08-22 20:00:00,0.6485961818292153,0.6489875271363913,0.6496426719706981,0.6485961818292153,0.6485961818292153,0.0010731461804078088,0.0010731461804078088,0.0010731461804078088,-0.0019760774659970835,-0.0019760774659970835,-0.0019760774659970835,-8.418257500733919e-05,-8.418257500733919e-05,-8.418257500733919e-05,0.0010929025170781123,0.0010929025170781123,0.0010929025170781123,0.0031334062214122315,0.0031334062214122315,0.0031334062214122315,1.9756336670303403e-05,1.9756336670303403e-05,1.9756336670303403e-05,0.0,0.0,0.0,0.6493050342289036
2025-08-22 21:00:00,0.6486266173939689,0.6490104129253066,0.6496472261773716,0.6486266173939689,0.6486266173939689,0.0009485666663156412,0.0009485666663156412,0.0009485666663156412,-0.001946736804855652,-0.001946736804855652,-0.001946736804855652,-8.418257500733919e-05,-8.418257500733919e-05,-8.418257500733919e-05,0.0010979918832754929,0.0010979918832754929,0.0010979918832754929,0.0029794860461786325,0.0029794860461786325,0.0029794860461786325,0.00014942521695985168,0.00014942521695985168,0.00014942521695985168,0.0,0.0,0.0,0.6493388041551439
2025-08-24 23:00:00,0.6501483956316452,0.648989294347383,0.6497481592505034,0.6501483956316452,0.6501483956316452,0.00014951104241628442,0.00014951104241628442,0.00014951104241628442,-0.0020817503395140482,-0.0020817503395140482,-0.0020817503395140482,-8.418257500733919e-05,-8.418257500733919e-05,-8.418257500733919e-05,-0.0012535139852380376,-0.0012535139852380376,-0.0012535139852380376,0.002315443956937672,0.002315443956937672,0.002315443956937672,-0.001403025027654322,-0.001403025027654322,-0.001403025027654322,0.0,0.0,0.0,0.6493334255252409
2025-08-25 00:00:00,0.6501788311963987,0.6488356028761851,0.6497113657005519,0.6501788311963987,0.6501788311963987,-7.222292171187974e-05,-7.222292171187974e-05,-7.222292171187974e-05,-0.002163844413471853,-0.002163844413471853,-0.002163844413471853,-2.16154716512527e-05,-2.16154716512527e-05,-2.16154716512527e-05,-0.0015299678113289735,-0.0015299678113289735,-0.0015299678113289735,0.002113236963411226,0.002113236963411226,0.002113236963411226,-0.001457744889617094,-0.001457744889617094,-0.001457744889617094,0.0,0.0,0.0,0.6491840785130608
2025-08-25 01:00:00,0.6502092667611523,0.6478811983030708,0.6486550409614656,0.6502092667611523,0.6502092667611523,-0.001409998165743565,-0.001409998165743565,-0.001409998165743565,-0.00236870599062691,-0.00236870599062691,-0.00236870599062691,-2.16154716512527e-05,-2.16154716512527e-05,-2.16154716512527e-05,-0.0029101642883325824,-0.0029101642883325824,-0.0029101642883325824,0.0009803232965345978,0.0009803232965345978,0.0009803232965345978,-0.0015001661225890178,-0.0015001661225890178,-0.0015001661225890178,0.0,0.0,0.0,0.6483170509730811
2025-08-25 02:00:00,0.6502397023259058,0.6482284958140561,0.6489496634017262,0.6502397023259058,0.6502397023259058,-0.0010075741887936173,-0.0010075741887936173,-0.0010075741887936173,-0.002515301365209574,-0.002515301365209574,-0.002515301365209574,-2.16154716512527e-05,-2.16154716512527e-05,-2.16154716512527e-05,-0.0025378549562783603,-0.0025378549562783603,-0.0025378549562783603,0.0015293426480672096,0.0015293426480672096,0.0015293426480672096,-0.0015302807674847435,-0.0015302807674847435,-0.0015302807674847435,0.0,0.0,0.0,0.6485894882745891
2025-08-25 03:00:00,0.6502644913126223,0.6484685966498454,0.6492228210632887,0.6502644913126223,0.6502644913126223,-0.000652059089635394,-0.000652059089635394,-0.000652059089635394,-0.0025563816117653124,-0.0025563816117653124,-0.0025563816117653124,-2.16154716512527e-05,-2.16154716512527e-05,-2.16154716512527e-05,-0.002200262175959895,-0.002200262175959895,-0.002200262175959895,0.001925937993781171,0.001925937993781171,0.001925937993781171,-0.0015482030863245007,-0.0015482030863245007,-0.0015482030863245007,0.0,0.0,0.0,0.6488337389480173
2025-08-25 04:00:00,0.6502892802993389,0.6486492761510224,0.6493848452384821,0.6502892802993389,0.6502892802993389,-0.0003659864291572006,-0.0003659864291572006,-0.0003659864291572006,-0.002474254328230633,-0.002474254328230633,-0.002474254328230633,-2.16154716512527e-05,-2.16154716512527e-05,-2.16154716512527e-05,-0.0019201525609689075,-0.0019201525609689075,-0.0019201525609689075,0.0021298833707246853,0.0021298833707246853,0.0021298833707246853,-0.001554166131811707,-0.001554166131811707,-0.001554166131811707,0.0,0.0,0.0,0.6490406256724015
2025-08-25 05:00:00,0.6503140692860555,0.6488624090424427,0.6496864751283721,0.6503140692860555,0.6503140692860555,-7.150121623558477e-05,-7.150121623558477e-05,-7.150121623558477e-05,-0.002333445722413013,-0.002333445722413013,-0.002333445722413013,-2.16154716512527e-05,-2.16154716512527e-05,-2.16154716512527e-05,-0.0016200182255623945,-0.0016200182255623945,-0.0016200182255623945,0.002283559977828681,0.002283559977828681,0.002283559977828681,-0.0015485170093268096,-0.0015485170093268096,-0.0015485170093268096,0.0,0.0,0.0,0.6492605486414725
2025-08-25 06:00:00,0.650338858272772,0.6495215998640371,0.6501859850474823,0.650338858272772,0.650338858272772,0.0008380663272119395,0.0008380663272119395,0.0008380663272119395,-0.0019286873998410278,-0.0019286873998410278,-0.0019286873998410278,-2.16154716512527e-05,-2.16154716512527e-05,-2.16154716512527e-05,-0.000693644572758294,-0.000693644572758294,-0.000693644572758294,0.00278836919870422,0.00278836919870422,0.00278836919870422,-0.0015317108999702337,-0.0015317108999702337,-0.0015317108999702337,0.0,0.0,0.0,0.6498877542532773
2025-08-25 07:00:00,0.6503636472594886,0.648529563536382,0.6492290908254124,0.6503636472594886,0.6503636472594886,-0.0006839027857602308,-0.0006839027857602308,-0.0006839027857602308,-0.0018349201596226659,-0.0018349201596226659,-0.0018349201596226659,-2.16154716512527e-05,-2.16154716512527e-05,-2.16154716512527e-05,-0.0021882067135350503,-0.0021882067135350503,-0.0021882067135350503,0.0011726328455136878,0.0011726328455136878,0.0011726328455136878,-0.0015043039277748197,-0.0015043039277748197,-0.0015043039277748197,0.0,0.0,0.0,0.6489405171603162
2025-08-25 08:00:00,0.6503884362462051,0.6490296855183185,0.6498818344167382,0.6503884362462051,0.6503884362462051,0.00010171793529201226,0.00010171793529201226,0.00010171793529201226,-0.0017056850913350565,-0.0017056850913350565,-0.0017056850913350565,8.26630339422248e-05,8.26630339422248e-05,8.26630339422248e-05,-0.0013652270323626474,-0.0013652270323626474,-0.0013652270323626474,0.001724739992684844,0.001724739992684844,0.001724739992684844,-0.00146694496765466,-0.00146694496765466,-0.00146694496765466,0.0,0.0,0.0,0.6495005083715057
2025-08-25 09:00:00,0.6504132252329218,0.6486452481852105,0.649408348837746,0.6504132252329218,0.6504132252329218,-0.000712847942368596,-0.000712847942368596,-0.000712847942368596,-0.0017350257524765655,-0.0017350257524765655,-0.0017350257524765655,8.26630339422248e-05,8.26630339422248e-05,8.26630339422248e-05,-0.0021332144451205984,-0.0021332144451205984,-0.0021332144451205984,0.0009395147761657448,0.0009395147761657448,0.0009395147761657448,-0.001420366502752002,-0.001420366502752002,-0.001420366502752002,0.0,0.0,0.0,0.6490257543455574
2025-08-25 10:00:00,0.6504380142196382,0.6488136053901367,0.6495486823125499,0.6504380142196382,0.6504380142196382,-0.0006399198890524738,-0.0006399198890524738,-0.0006399198890524738,-0.0017761392086091785,-0.0017761392086091785,-0.0017761392086091785,8.26630339422248e-05,8.26630339422248e-05,8.26630339422248e-05,-0.002005294539756701,-0.002005294539756701,-0.002005294539756701,0.00105355628561448,0.00105355628561448,0.00105355628561448,-0.0013653746507042274,-0.0013653746507042274,-0.0013653746507042274,0.0,0.0,0.0,0.6491336944212733
2025-08-25 11:00:00,0.6504628032063549,0.6491859962917513,0.6498462073190023,0.6504628032063549,0.6504628032063549,-0.00013715085734586336,-0.00013715085734586336,-0.00013715085734586336,-0.001823255295756289,-0.001823255295756289,-0.001823255295756289,8.26630339422248e-05,8.26630339422248e-05,8.26630339422248e-05,-0.001439989344819787,-0.001439989344819787,-0.001439989344819787,0.0016034414044682008,0.0016034414044682008,0.0016034414044682008,-0.0013028384874739238,-0.0013028384874739238,-0.0013028384874739238,0.0,0.0,0.0,0.6495261437005361
2025-08-25 12:00:00,0.6504875921930714,0.648844059366377,0.6496351627878036,0.6504875921930714,0.6504875921930714,-0.0006186505675045371,-0.0006186505675045371,-0.0006186505675045371,-0.0017469313857750135,-0.0017469313857750135,-0.0017469313857750135,8.26630339422248e-05,8.26630339422248e-05,8.26630339422248e-05,-0.0018523293725659514,-0.0018523293725659514,-0.0018523293725659514,0.0010456177843282516,0.0010456177843282516,0.0010456177843282516,-0.0012336788050614142,-0.0012336788050614142,-0.0012336788050614142,0.0,0.0,0.0,0.6492826749195625
2025-08-25 13:00:00,0.6505123811797879,0.6492859753549995,0.6499396563808824,0.6505123811797879,0.6505123811797879,-0.0003537118140119554,-0.0003537118140119554,-0.0003537118140119554,-0.00174105329067368,-0.00174105329067368,-0.00174105329067368,8.26630339422248e-05,8.26630339422248e-05,8.26630339422248e-05,-0.0015125682593331597,-0.0015125682593331597,-0.0015125682593331597,0.0013046784427194998,0.0013046784427194998,0.0013046784427194998,-0.0011588564453212042,-0.0011588564453212042,-0.0011588564453212042,0.0,0.0,0.0,0.6495284367997122
2025-08-25 14:00:00,0.6505371701665045,0.6495353629128487,0.6502563146159775,0.6505371701665045,0.6505371701665045,3.9452566689976494e-05,3.9452566689976494e-05,3.9452566689976494e-05,-0.001576458325441704,-0.001576458325441704,-0.001576458325441704,8.26630339422248e-05,8.26630339422248e-05,8.26630339422248e-05,-0.0010399077893995998,-0.0010399077893995998,-0.0010399077893995998,0.0015332478581894556,0.0015332478581894556,0.0015332478581894556,-0.0010793603560895764,-0.0010793603560895764,-0.0010793603560895764,0.0,0.0,0.0,0.6498606714959544
2025-08-25 15:00:00,0.650561959153221,0.6494893618628276,0.6501830440583385,0.650561959153221,0.650561959153221,-0.00013990872724409226,-0.00013990872724409226,-0.00013990872724409226,-0.0014706526136174726,-0.0014706526136174726,-0.0014706526136174726,8.26630339422248e-05,8.26630339422248e-05,8.26630339422248e-05,-0.0011361042453471638,-0.0011361042453471638,-0.0011361042453471638,0.0012480808524311555,0.0012480808524311555,0.0012480808524311555,-0.0009961955181030714,-0.0009961955181030714,-0.0009961955181030714,0.0,0.0,0.0,0.6498228529495657
2025-08-25 16:00:00,0.6505867481399377,0.6494472611842659,0.6501185133942323,0.6505867481399377,0.6505867481399377,-0.0004225056464511651,-0.0004225056464511651,-0.0004225056464511651,-0.0015118324889037578,-0.0015118324889037578,-0.0015118324889037578,8.26630339422248e-05,8.26630339422248e-05,8.26630339422248e-05,-0.0013328765382688318,-0.0013328765382688318,-0.0013328765382688318,0.001006663808510368,0.001006663808510368,0.001006663808510368,-0.0009103708918176669,-0.0009103708918176669,-0.0009103708918176669,0.0,0.0,0.0,0.6497195963272333
2025-08-25 17:00:00,0.6506115371266542,0.6489218687210013,0.6497083875170703,0.6506115371266542,0.6506115371266542,-0.0011420225578758557,-0.0011420225578758557,-0.0011420225578758557,-0.001541198057227807,-0.001541198057227807,-0.001541198057227807,-8.418257500733919e-05,-8.418257500733919e-05,-8.418257500733919e-05,-0.0019649100891644643,-0.0019649100891644643,-0.0019649100891644643,0.00048335807435929056,0.00048335807435929056,0.00048335807435929056,-0.0008228875312886086,-0.0008228875312886086,-0.0008228875312886086,0.0,0.0,0.0,0.6493331439532273
2025-08-25 18:00:00,0.6506363261133707,0.648389498789769,0.6491042303068445,0.6506363261133707,0.6506363261133707,-0.002159510426785345,-0.002159510426785345,-0.002159510426785345,-0.0017349261237460183,-0.0017349261237460183,-0.0017349261237460183,-8.418257500733919e-05,-8.418257500733919e-05,-8.418257500733919e-05,-0.0028942374362330298,-0.0028942374362330298,-0.0028942374362330298,-0.00034040172803198745,-0.00034040172803198745,-0.00034040172803198745,-0.0007347270094476849,-0.0007347270094476849,-0.0007347270094476849,0.0,0.0,0.0,0.6487532301009603
2025-08-25 19:00:00,0.6506611151000873,0.6480484224125812,0.6488472309352917,0.6506611151000873,0.6506611151000873,-0.0027687234653889616,-0.0027687234653889616,-0.0027687234653889616,-0.0020225791759726306,-0.0020225791759726306,-0.0020225791759726306,-8.418257500733919e-05,-8.418257500733919e-05,-8.418257500733919e-05,-0.003415563759257235,-0.003415563759257235,-0.003415563759257235,-0.0006619617144089917,-0.0006619617144089917,-0.0006619617144089917,-0.0006468402938682736,-0.0006468402938682736,-0.0006468402938682736,0.0,0.0,0.0,0.6484387405757935
2025-08-25 20:00:00,0.6506311377971747,0.6482392404863531,0.6489380257892907,0.6506311377971747,0.6506311377971747,-0.0025808531427906874,-0.0025808531427906874,-0.0025808531427906874,-0.0022222268495632304,-0.0022222268495632304,-0.0022222268495632304,-8.418257500733919e-05,-8.418257500733919e-05,-8.418257500733919e-05,-0.003140990347996625,-0.003140990347996625,-0.003140990347996625,-0.0002744437182201174,-0.0002744437182201174,-0.0002744437182201174,-0.0005601372052059386,-0.0005601372052059386,-0.0005601372052059386,0.0,0.0,0.0,0.6485875116732478
2025-08-25 21:00:00,0.6506011604942621,0.6479780148556826,0.6487174736316906,0.6506011604942621,0.6506011604942621,-0.002997572984846878,-0.002997572984846878,-0.002997572984846878,-0.0024217416848464086,-0.0024217416848464086,-0.0024217416848464086,-8.418257500733919e-05,-8.418257500733919e-05,-8.418257500733919e-05,-0.0034730495671089386,-0.0034730495671089386,-0.0034730495671089386,-0.0004916487249931303,-0.0004916487249931303,-0.0004916487249931303,-0.00047547658226206047,-0.00047547658226206047,-0.00047547658226206047,0.0,0.0,0.0,0.6483415904154469
2025-08-25 22:00:00,0.6505711831913494,0.6481083065862926,0.6487449381228205,0.6505711831913494,0.6505711831913494,-0.0028729140040665386,-0.0028729140040665386,-0.0028729140040665386,-0.002527331534421186,-0.002527331534421186,-0.002527331534421186,-8.418257500733919e-05,-8.418257500733919e-05,-8.418257500733919e-05,-0.003266571271764069,-0.003266571271764069,-0.003266571271764069,-0.00026139989463801314,-0.00026139989463801314,-0.00026139989463801314,-0.00039365726769753043,-0.00039365726769753043,-0.00039365726769753043,0.0,0.0,0.0,0.648446046054099
2025-08-25 23:00:00,0.6505412058884369,0.6478870904810685,0.6486383579159404,0.6505412058884369,0.6505412058884369,-0.0031334717580504094,-0.0031334717580504094,-0.0031334717580504094,-0.0025507608908844873,-0.0025507608908844873,-0.0025507608908844873,-8.418257500733919e-05,-8.418257500733919e-05,-8.418257500733919e-05,-0.0034488817750445884,-0.0034488817750445884,-0.0034488817750445884,-0.0004985282921585834,-0.0004985282921585834,-0.0004985282921585834,-0.0003154100169941781,-0.0003154100169941781,-0.0003154100169941781,0.0,0.0,0.0,0.6482975661795327
2025-08-26 00:00:00,0.6505112285855241,0.6486058283082933,0.6493959610009978,0.6505112285855241,0.6505112285855241,-0.002016619419626555,-0.002016619419626555,-0.002016619419626555,-0.0024101017281626487,-0.0024101017281626487,-0.0024101017281626487,-2.16154716512527e-05,-2.16154716512527e-05,-2.16154716512527e-05,-0.002258009840462833,-0.002258009840462833,-0.002258009840462833,0.0004150977801873462,0.0004150977801873462,0.0004150977801873462,-0.00024139042083627757,-0.00024139042083627757,-0.00024139042083627757,0.0,0.0,0.0,0.6490423678300464
2025-08-26 01:00:00,0.6504812512826116,0.6476369935009544,0.6482840220426105,0.6504812512826116,0.6504812512826116,-0.003643770912469978,-0.003643770912469978,-0.003643770912469978,-0.0025271239745659124,-0.0025271239745659124,-0.0025271239745659124,-2.16154716512527e-05,-2.16154716512527e-05,-2.16154716512527e-05,-0.0038159438300542103,-0.0038159438300542103,-0.0038159438300542103,-0.0010950314662528133,-0.0010950314662528133,-0.0010950314662528133,-0.00017217291758423164,-0.00017217291758423164,-0.00017217291758423164,0.0,0.0,0.0,0.6479990513652137
2025-08-26 02:00:00,0.6504512739796989,0.6480399992743184,0.6487888829184952,0.6504512739796989,0.6504512739796989,-0.003045486958285636,-0.003045486958285636,-0.003045486958285636,-0.0025329771624846287,-0.0025329771624846287,-0.0025329771624846287,-2.16154716512527e-05,-2.16154716512527e-05,-2.16154716512527e-05,-0.0031537329160746773,-0.0031537329160746773,-0.0031537329160746773,-0.0004908943241497547,-0.0004908943241497547,-0.0004908943241497547,-0.00010824595778904141,-0.00010824595778904141,-0.00010824595778904141,0.0,0.0,0.0,0.6483999243866464
2025-08-26 03:00:00,0.6504212966767863,0.6474764322651819,0.6482259602444957,0.6504212966767863,0.6504212966767863,-0.003899784027120666,-0.003899784027120666,-0.003899784027120666,-0.00267920723172198,-0.00267920723172198,-0.00267920723172198,-2.16154716512527e-05,-2.16154716512527e-05,-2.16154716512527e-05,-0.003949792394835508,-0.003949792394835508,-0.003949792394835508,-0.001198961323747433,-0.001198961323747433,-0.001198961323747433,-5.000836771484212e-05,-5.000836771484212e-05,-5.000836771484212e-05,0.0,0.0,0.0,0.6478522675857332
2025-08-26 04:00:00,0.6503913193738737,0.6478610472246814,0.6485215572905828,0.6503913193738737,0.6503913193738737,-0.0033395801297935465,-0.0033395801297935465,-0.0033395801297935465,-0.0027143180568400954,-0.0027143180568400954,-0.0027143180568400954,-2.16154716512527e-05,-2.16154716512527e-05,-2.16154716512527e-05,-0.003337347072911195,-0.003337347072911195,-0.003337347072911195,-0.0006036466013021981,-0.0006036466013021981,-0.0006036466013021981,2.233056882351616e-06,2.233056882351616e-06,2.233056882351616e-06,0.0,0.0,0.0,0.6482207378079144
2025-08-26 05:00:00,0.6503613420709611,0.6480724641092518,0.6487277558203255,0.6503613420709611,0.6503613420709611,-0.0031185850410417847,-0.0031185850410417847,-0.0031185850410417847,-0.002819858092049638,-0.002819858092049638,-0.002819858092049638,-2.16154716512527e-05,-2.16154716512527e-05,-2.16154716512527e-05,-0.003070320329406548,-0.003070320329406548,-0.003070320329406548,-0.0002771114773408938,-0.0002771114773408938,-0.0002771114773408938,4.826471163523686e-05,4.826471163523686e-05,4.826471163523686e-05,0.0,0.0,0.0,0.6483645244209405
2025-08-26 06:00:00,0.6503313647680485,0.6479403348203912,0.6486530245893236,0.6503313647680485,0.6503313647680485,-0.0032560160081463304,-0.0032560160081463304,-0.0032560160081463304,-0.0027496779537845395,-0.0027496779537845395,-0.0027496779537845395,-2.16154716512527e-05,-2.16154716512527e-05,-2.16154716512527e-05,-0.00316804990814412,-0.00316804990814412,-0.00316804990814412,-0.0004847225827105382,-0.0004847225827105382,-0.0004847225827105382,8.796610000221005e-05,8.796610000221005e-05,8.796610000221005e-05,0.0,0.0,0.0,0.6482710825476319
2025-08-26 07:00:00,0.6503013874651359,0.6475393524968508,0.6482100999339978,0.6503013874651359,0.6503013874651359,-0.0038682358530058914,-0.0038682358530058914,-0.0038682358530058914,-0.0028374093534115287,-0.0028374093534115287,-0.0028374093534115287,-2.16154716512527e-05,-2.16154716512527e-05,-2.16154716512527e-05,-0.0037469273309123927,-0.0037469273309123927,-0.0037469273309123927,-0.00100921102794311,-0.00100921102794311,-0.00100921102794311,0.0001213085220934989,0.0001213085220934989,0.0001213085220934989,0.0,0.0,0.0,0.6478647554231125
2025-08-26 08:00:00,0.6502714101622232,0.6477635258946012,0.6485407629916565,0.6502714101622232,0.6502714101622232,-0.003425189289947145,-0.003425189289947145,-0.003425189289947145,-0.0027789771029549165,-0.0027789771029549165,-0.0027789771029549165,8.26630339422248e-05,8.26630339422248e-05,8.26630339422248e-05,-0.0032768367211608996,-0.0032768367211608996,-0.0032768367211608996,-0.0007288752209344533,-0.0007288752209344533,-0.0007288752209344533,0.0001483525687862448,0.0001483525687862448,0.0001483525687862448,0.0,0.0,0.0,0.6481405769266826
2025-08-26 09:00:00,0.6502414328593107,0.6484262471578469,0.6491410446963592,0.6502414328593107,0.6502414328593107,-0.0024643318989096734,-0.0024643318989096734,-0.0024643318989096734,-0.002685267979495969,-0.002685267979495969,-0.002685267979495969,8.26630339422248e-05,8.26630339422248e-05,8.26630339422248e-05,-0.002295087430179935,-0.002295087430179935,-0.002295087430179935,0.00013827304664407075,0.00013827304664407075,0.00013827304664407075,0.0001692444687297387,0.0001692444687297387,0.0001692444687297387,0.0,0.0,0.0,0.6487490719201731
2025-08-26 10:00:00,0.650211455556398,0.6483189595595629,0.6490558365717816,0.650211455556398,0.650211455556398,-0.002573994575436786,-0.002573994575436786,-0.002573994575436786,-0.002655977132719772,-0.002655977132719772,-0.002655977132719772,8.26630339422248e-05,8.26630339422248e-05,8.26630339422248e-05,-0.0023897832245745082,-0.0023897832245745082,-0.0023897832245745082,-6.804766592384007e-07,-6.804766592384007e-07,-6.804766592384007e-07,0.00018421135086227789,0.00018421135086227789,0.00018421135086227789,0.0,0.0,0.0,0.6486575911274832
2025-08-26 11:00:00,0.6501814782534854,0.6487811021228721,0.6495845978850221,0.6501814782534854,0.6501814782534854,-0.0017248730618145902,-0.0017248730618145902,-0.0017248730618145902,-0.0024976753822996767,-0.0024976753822996767,-0.0024976753822996767,8.26630339422248e-05,8.26630339422248e-05,8.26630339422248e-05,-0.0015313175634715857,-0.0015313175634715857,-0.0015313175634715857,0.0006901392865428618,0.0006901392865428618,0.0006901392865428618,0.0001935554983430044,0.0001935554983430044,0.0001935554983430044,0.0,0.0,0.0,0.6491858439363919
2025-08-26 12:00:00,0.6501515009505728,0.6486036534908179,0.6492576662056365,0.6501515009505728,0.6501515009505728,-0.002090776583299948,-0.002090776583299948,-0.002090776583299948,-0.0023279080254742976,-0.0023279080254742976,-0.0023279080254742976,8.26630339422248e-05,8.26630339422248e-05,8.26630339422248e-05,-0.0018931289007281325,-0.0018931289007281325,-0.0018931289007281325,0.00015446840823212494,0.00015446840823212494,0.00015446840823212494,0.0001976476825718151,0.0001976476825718151,0.0001976476825718151,0.0,0.0,0.0,0.6489206803542715
2025-08-26 13:00:00,0.6501215236476602,0.6485224748057574,0.6493016954484914,0.6501215236476602,0.6501215236476602,-0.002010807416340975,-0.002010807416340975,-0.002010807416340975,-0.002199079774503055,-0.002199079774503055,-0.002199079774503055,8.26630339422248e-05,8.26630339422248e-05,8.26630339422248e-05,-0.001813887738988697,-0.001813887738988697,-0.001813887738988697,0.0001056093242198554,0.0001056093242198554,0.0001056093242198554,0.00019691967735227756,0.00019691967735227756,0.00019691967735227756,0.0,0.0,0.0,0.648942276187063
2025-08-26 14:00:00,0.6501533734079414,0.6491683764698093,0.6499805042994069,0.6501533734079414,0.6501533734079414,-0.0011001322345893171,-0.0011001322345893171,-0.0011001322345893171,-0.002075797522864785,-0.002075797522864785,-0.002075797522864785,8.26630339422248e-05,8.26630339422248e-05,8.26630339422248e-05,-0.0009082761714496837,-0.0009082761714496837,-0.0009082761714496837,0.0008930022543332432,0.0008930022543332432,0.0008930022543332432,0.00019185606313963384,0.00019185606313963384,0.00019185606313963384,0.0,0.0,0.0,0.6495628545910873
2025-08-26 15:00:00,0.6501852231682227,0.6496112554425993,0.6501825441434158,0.6501852231682227,0.6501852231682227,-0.0006517497947183293,-0.0006517497947183293,-0.0006517497947183293,-0.0018937592273955684,-0.0018937592273955684,-0.0018937592273955684,8.26630339422248e-05,8.26630339422248e-05,8.26630339422248e-05,-0.00046876435454305804,-0.00046876435454305804,-0.00046876435454305804,0.0011593463987350143,0.0011593463987350143,0.0011593463987350143,0.00018298544017527124,0.00018298544017527124,0.00018298544017527124,0.0,0.0,0.0,0.6498804395117508
2025-08-26 16:00:00,0.650217072928504,0.6494098098825573,0.6501352083238614,0.650217072928504,0.650217072928504,-0.0008214280170901257,-0.0008214280170901257,-0.0008214280170901257,-0.001834986578776338,-0.001834986578776338,-0.001834986578776338,8.26630339422248e-05,8.26630339422248e-05,8.26630339422248e-05,-0.0006505568411589519,-0.0006505568411589519,-0.0006505568411589519,0.0009308955277439877,0.0009308955277439877,0.0009308955277439877,0.0001708711759311736,0.0001708711759311736,0.0001708711759311736,0.0,0.0,0.0,0.649794069763472
2025-08-26 17:00:00,0.6502489226887852,0.649366005924275,0.6499884388214883,0.6502489226887852,0.6502489226887852,-0.0009948919836502018,-0.0009948919836502018,-0.0009948919836502018,-0.001723410702975423,-0.001723410702975423,-0.001723410702975423,-8.418257500733919e-05,-8.418257500733919e-05,-8.418257500733919e-05,-0.000838790165731231,-0.000838790165731231,-0.000838790165731231,0.0008127012943325604,0.0008127012943325604,0.0008127012943325604,0.00015610181791897082,0.00015610181791897082,0.00015610181791897082,0.0,0.0,0.0,0.6497035002871565
2025-08-26 18:00:00,0.6502807724490665,0.6493880268851266,0.650109758749447,0.6502807724490665,0.6502807724490665,-0.0008257166136405537,-0.0008257166136405537,-0.0008257166136405537,-0.0016000952417602786,-0.0016000952417602786,-0.0016000952417602786,-8.418257500733919e-05,-8.418257500733919e-05,-8.418257500733919e-05,-0.0006864353072665816,-0.0006864353072665816,-0.0006864353072665816,0.0008585612031270641,0.0008585612031270641,0.0008585612031270641,0.0001392813063739721,0.0001392813063739721,0.0001392813063739721,0.0,0.0,0.0,0.6498343967672209
2025-08-26 19:00:00,0.6503126222093477,0.649262756789674,0.6499515664987702,0.6503126222093477,0.6503126222093477,-0.0011681960929050253,-0.0011681960929050253,-0.0011681960929050253,-0.0016177378294585359,-0.0016177378294585359,-0.0016177378294585359,-8.418257500733919e-05,-8.418257500733919e-05,-8.418257500733919e-05,-0.0010471769698555122,-0.0010471769698555122,-0.0010471769698555122,0.0005337243115608497,0.0005337243115608497,0.0005337243115608497,0.00012101912304951317,0.00012101912304951317,0.00012101912304951317,0.0,0.0,0.0,0.6496316298081638
2025-08-26 20:00:00,0.650344471969629,0.6494046977718977,0.6501119171917351,0.650344471969629,0.650344471969629,-0.001052517225153433,-0.001052517225153433,-0.001052517225153433,-0.0016589010999563836,-0.0016589010999563836,-0.0016589010999563836,-8.418257500733919e-05,-8.418257500733919e-05,-8.418257500733919e-05,-0.0009505967124085734,-0.0009505967124085734,-0.0009505967124085734,0.0006905664498102899,0.0006905664498102899,0.0006905664498102899,0.00010192051274485967,0.00010192051274485967,0.00010192051274485967,0.0,0.0,0.0,0.6497262566526415
2025-08-26 21:00:00,0.6503763217299102,0.6491242233959221,0.6499745584561499,0.6503763217299102,0.6503763217299102,-0.001372837343330309,-0.001372837343330309,-0.001372837343330309,-0.0017000477656658713,-0.0017000477656658713,-0.0017000477656658713,-8.418257500733919e-05,-8.418257500733919e-05,-8.418257500733919e-05,-0.0012902604314400832,-0.0012902604314400832,-0.0012902604314400832,0.00041139299734290136,0.00041139299734290136,0.00041139299734290136,8.257691189022582e-05,8.257691189022582e-05,8.257691189022582e-05,0.0,0.0,0.0,0.6495371668964366
2025-08-26 22:00:00,0.6504081714901915,0.6494906070538031,0.6502414485790861,0.6504081714901915,0.6504081714901915,-0.000851388250838894,-0.000851388250838894,-0.000851388250838894,-0.0016765270828662034,-0.0016765270828662034,-0.0016765270828662034,-8.418257500733919e-05,-8.418257500733919e-05,-8.418257500733919e-05,-0.0007878315351911168,-0.0007878315351911168,-0.0007878315351911168,0.0009093214070346485,0.0009093214070346485,0.0009093214070346485,6.355671564777714e-05,6.355671564777714e-05,6.355671564777714e-05,0.0,0.0,0.0,0.6498957594219456
2025-08-26 23:00:00,0.6504400212504727,0.6493157365075907,0.650033350114253,0.6504400212504727,0.6504400212504727,-0.0011546043744836974,-0.0011546043744836974,-0.0011546043744836974,-0.001682396875573357,-0.001682396875573357,-0.001682396875573357,-8.418257500733919e-05,-8.418257500733919e-05,-8.418257500733919e-05,-0.0011092078653109157,-0.0011092078653109157,-0.0011092078653109157,0.0006119750760969989,0.0006119750760969989,0.0006119750760969989,4.539650917278169e-05,4.539650917278169e-05,4.539650917278169e-05,0.0,0.0,0.0,0.6497185480629888
2025-08-27 00:00:00,0.650471871010754,0.6491733056684236,0.6499620521132669,0.650471871010754,0.650471871010754,-0.0013904701561299581,-0.0013904701561299581,-0.0013904701561299581,-0.001682396875573357,-0.001682396875573357,-0.001682396875573357,-2.16154716512527e-05,-2.16154716512527e-05,-2.16154716512527e-05,-0.0013618772738992965,-0.0013618772738992965,-0.0013618772738992965,0.0003135421910946516,0.0003135421910946516,0.0003135421910946516,2.859288223066149e-05,2.859288223066149e-05,2.859288223066149e-05,0.0,0.0,0.0,0.6495860081523137
2025-08-27 01:00:00,0.6505037207710351,0.6497743775457405,0.6504785928208938,0.6505037207710351,0.6505037207710351,-0.0006336007641690014,-0.0006336007641690014,-0.0006336007641690014,-0.0016294691124785852,-0.0016294691124785852,-0.0016294691124785852,-2.16154716512527e-05,-2.16154716512527e-05,-2.16154716512527e-05,-0.0006200058263234961,-0.0006200058263234961,-0.0006200058263234961,0.0010174838199608364,0.0010174838199608364,0.0010174838199608364,1.3594937845505268e-05,1.3594937845505268e-05,1.3594937845505268e-05,0.0,0.0,0.0,0.650100404674112
2025-08-27 02:00:00,0.6505355705313165,0.6488594511609522,0.6496402032265514,0.6505355705313165,0.6505355705313165,-0.0018537426374428446,-0.0018537426374428446,-0.0018537426374428446,-0.0016529648880955583,-0.0016529648880955583,-0.0016529648880955583,-2.16154716512527e-05,-2.16154716512527e-05,-2.16154716512527e-05,-0.0018529450417594144,-0.0018529450417594144,-0.0018529450417594144,-0.00017916227769603353,-0.00017916227769603353,-0.00017916227769603353,7.975956834298551e-07,7.975956834298551e-07,7.975956834298551e-07,0.0,0.0,0.0,0.6493301638714124
2025-08-27 03:00:00,0.6505674202915978,0.6487233949100606,0.6494173585082907,0.6505674202915978,0.6505674202915978,-0.0023390734949598584,-0.0023390734949598584,-0.0023390734949598584,-0.0017645905782617082,-0.0017645905782617082,-0.0017645905782617082,-2.16154716512527e-05,-2.16154716512527e-05,-2.16154716512527e-05,-0.0023485377149508775,-0.0023485377149508775,-0.0023485377149508775,-0.0005528674450468974,-0.0005528674450468974,-0.0005528674450468974,-9.464219991019043e-06,-9.464219991019043e-06,-9.464219991019043e-06,0.0,0.0,0.0,0.6490395381689246
2025-08-27 04:00:00,0.650599270051879,0.6481559136632606,0.6489673510324384,0.650599270051879,0.650599270051879,-0.0031314296067556403,-0.0031314296067556403,-0.0031314296067556403,-0.001917205188647307,-0.001917205188647307,-0.001917205188647307,-2.16154716512527e-05,-2.16154716512527e-05,-2.16154716512527e-05,-0.003148350037271036,-0.003148350037271036,-0.003148350037271036,-0.0011926089464570806,-0.0011926089464570806,-0.0011926089464570806,-1.6920430515395164e-05,-1.6920430515395164e-05,-1.6920430515395164e-05,0.0,0.0,0.0,0.6485509558157627
2025-08-27 05:00:00,0.6506311198121602,0.6483843278595532,0.6490633856781466,0.6506311198121602,0.6506311198121602,-0.0028862083585187884,-0.0028862083585187884,-0.0028862083585187884,-0.0020169916646686804,-0.0020169916646686804,-0.0020169916646686804,-2.16154716512527e-05,-2.16154716512527e-05,-2.16154716512527e-05,-0.002907577985549665,-0.002907577985549665,-0.002907577985549665,-0.0008476012221988551,-0.0008476012221988551,-0.0008476012221988551,-2.1369627030876906e-05,-2.1369627030876906e-05,-2.1369627030876906e-05,0.0,0.0,0.0,0.6487393590914808
2025-08-27 06:00:00,0.6506629695724414,0.6485401708734592,0.6491509752572259,0.6506629695724414,0.6506629695724414,-0.0028306557668065,-0.0028306557668065,-0.0028306557668065,-0.002169755718150061,-0.002169755718150061,-0.002169755718150061,-2.16154716512527e-05,-2.16154716512527e-05,-2.16154716512527e-05,-0.002853337585530309,-0.002853337585530309,-0.002853337585530309,-0.0006392845770051864,-0.0006392845770051864,-0.0006392845770051864,-2.2681818723808782e-05,-2.2681818723808782e-05,-2.2681818723808782e-05,0.0,0.0,0.0,0.6488064084658476
2025-08-27 07:00:00,0.6506499691749867,0.6476240426355879,0.6482627490594038,0.6506499691749867,0.6506499691749867,-0.004130078988148304,-0.004130078988148304,-0.004130078988148304,-0.0023397389372248937,-0.0023397389372248937,-0.0023397389372248937,-2.16154716512527e-05,-2.16154716512527e-05,-2.16154716512527e-05,-0.004150879058026079,-0.004150879058026079,-0.004150879058026079,-0.0017687245792721573,-0.0017687245792721573,-0.0017687245792721573,-2.0800069877775947e-05,-2.0800069877775947e-05,-2.0800069877775947e-05,0.0,0.0,0.0,0.647949199843833
2025-08-27 08:00:00,0.6506369687775321,0.6468735647816151,0.6476503885362977,0.6506369687775321,0.6506369687775321,-0.005153150944520425,-0.005153150944520425,-0.005153150944520425,-0.002591359598576006,-0.002591359598576006,-0.002591359598576006,8.26630339422248e-05,8.26630339422248e-05,8.26630339422248e-05,-0.005168891950238268,-0.005168891950238268,-0.005168891950238268,-0.0026444543798866444,-0.0026444543798866444,-0.0026444543798866444,-1.5741005717843297e-05,-1.5741005717843297e-05,-1.5741005717843297e-05,0.0,0.0,0.0,0.6472738965870904
2025-08-27 09:00:00,0.6506239683800773,0.6469224067201895,0.6476069534498623,0.6506239683800773,0.6506239683800773,-0.005099368932509717,-0.005099368932509717,-0.005099368932509717,-0.002760969209911424,-0.002760969209911424,-0.002760969209911424,8.26630339422248e-05,8.26630339422248e-05,8.26630339422248e-05,-0.00510696311497467,-0.00510696311497467,-0.00510696311497467,-0.002421062756540518,-0.002421062756540518,-0.002421062756540518,-7.594182464952851e-06,-7.594182464952851e-06,-7.594182464952851e-06,0.0,0.0,0.0,0.6473012557718417
2025-08-27 10:00:00,0.6506109679826226,0.6463085332011206,0.6471752329497332,0.6506109679826226,0.6506109679826226,-0.005851690788524443,-0.005851690788524443,-0.005851690788524443,-0.0030298754560096615,-0.0030298754560096615,-0.0030298754560096615,8.26630339422248e-05,8.26630339422248e-05,8.26630339422248e-05,-0.005848211121041228,-0.005848211121041228,-0.005848211121041228,-0.002904478366457007,-0.002904478366457007,-0.002904478366457007,3.479667483215752e-06,3.479667483215752e-06,3.479667483215752e-06,0.0,0.0,0.0,0.6468060576841952
2025-08-27 11:00:00,0.650597967585168,0.6463522875899281,0.6469616616523864,0.650597967585168,0.650597967585168,-0.006052331057078789,-0.006052331057078789,-0.006052331057078789,-0.0033105461947049,-0.0033105461947049,-0.0033105461947049,8.26630339422248e-05,8.26630339422248e-05,8.26630339422248e-05,-0.0060350795681159254,-0.0060350795681159254,-0.0060350795681159254,-0.002824447896316114,-0.002824447896316114,-0.002824447896316114,1.725148896286426e-05,1.725148896286426e-05,1.725148896286426e-05,0.0,0.0,0.0,0.646671557083937
2025-08-27 12:00:00,0.6505849671877133,0.6467116034285628,0.6474826831582405,0.6505849671877133,0.6505849671877133,-0.005291262902379205,-0.005291262902379205,-0.005291262902379205,-0.003409900946227212,-0.003409900946227212,-0.003409900946227212,8.26630339422248e-05,8.26630339422248e-05,8.26630339422248e-05,-0.0052578350875328505,-0.0052578350875328505,-0.0052578350875328505,-0.0019640249900942184,-0.0019640249900942184,-0.0019640249900942184,3.342781484635515e-05,3.342781484635515e-05,3.342781484635515e-05,0.0,0.0,0.0,0.6471642987198123
2025-08-27 13:00:00,0.6505719667902586,0.6474105323067014,0.6482393714477749,0.6505719667902586,0.6505719667902586,-0.004294103293546885,-0.004294103293546885,-0.004294103293546885,-0.0033164491969888505,-0.0033164491969888505,-0.0033164491969888505,8.26630339422248e-05,8.26630339422248e-05,8.26630339422248e-05,-0.004242447615055952,-0.004242447615055952,-0.004242447615055952,-0.00106031713050026,-0.00106031713050026,-0.00106031713050026,5.165567849093353e-05,5.165567849093353e-05,5.165567849093353e-05,0.0,0.0,0.0,0.647811949301327
2025-08-27 14:00:00,0.650558966392804,0.6482051169502375,0.6489490527155601,0.650558966392804,0.650558966392804,-0.0029951762647545603,-0.0029951762647545603,-0.0029951762647545603,-0.003129255114714668,-0.003129255114714668,-0.003129255114714668,8.26630339422248e-05,8.26630339422248e-05,8.26630339422248e-05,-0.002923647806215617,-0.002923647806215617,-0.002923647806215617,5.141581601788306e-05,5.141581601788306e-05,5.141581601788306e-05,7.152845853894326e-05,7.152845853894326e-05,7.152845853894326e-05,0.0,0.0,0.0,0.6486569610978958
2025-08-27 15:00:00,0.6505459659953492,0.6491478916236781,0.6499675366271517,0.6505459659953492,0.6505459659953492,-0.00153373399207639,-0.00153373399207639,-0.00153373399207639,-0.0027370417097954663,-0.0027370417097954663,-0.0027370417097954663,8.26630339422248e-05,8.26630339422248e-05,8.26630339422248e-05,-0.0014411414182800223,-0.0014411414182800223,-0.0014411414182800223,0.0011206446837768514,0.0011206446837768514,0.0011206446837768514,9.259257379636764e-05,9.259257379636764e-05,9.259257379636764e-05,0.0,0.0,0.0,0.6496084372592583
2025-08-27 16:00:00,0.6505329655978945,0.6503647083662514,0.6511144452119264,0.6505329655978945,0.6505329655978945,0.00022519154740564877,0.00022519154740564877,0.00022519154740564877,-0.002150319813302193,-0.002150319813302193,-0.002150319813302193,8.26630339422248e-05,8.26630339422248e-05,8.26630339422248e-05,0.00033954648187071746,0.00033954648187071746,0.00033954648187071746,0.002292848326765617,0.002292848326765617,0.002292848326765617,0.00011435493446506831,0.00011435493446506831,0.00011435493446506831,0.0,0.0,0.0,0.6507538517777043
2025-08-27 17:00:00,0.6505199652004399,0.6507796606322547,0.6515788294401893,0.6505199652004399,0.6505199652004399,0.0008239373726711607,0.0008239373726711607,0.0008239373726711607,-0.0015863962913122201,-0.0015863962913122201,-0.0015863962913122201,-8.418257500733919e-05,-8.418257500733919e-05,-8.418257500733919e-05,0.0009602284179477377,0.0009602284179477377,0.0009602284179477377,0.00249451623899072,0.00249451623899072,0.00249451623899072,0.0001362910452765768,0.0001362910452765768,0.0001362910452765768,0.0,0.0,0.0,0.6511446129574677
2025-08-27 18:00:00,0.6505069648029851,0.6508739749289468,0.6516031379755798,0.6505069648029851,0.6505069648029851,0.0009649683790113009,0.0009649683790113009,0.0009649683790113009,-0.0011279712925607354,-0.0011279712925607354,-0.0011279712925607354,-8.418257500733919e-05,-8.418257500733919e-05,-8.418257500733919e-05,0.0011228220262216593,0.0011228220262216593,0.0011228220262216593,0.0021771222465793755,0.0021771222465793755,0.0021771222465793755,0.00015785364721035801,0.00015785364721035801,0.00015785364721035801,0.0,0.0,0.0,0.6512373683512764
2025-08-27 19:00:00,0.6504939644055305,0.6511462174809374,0.6517880553614962,0.6504939644055305,0.6504939644055305,0.001240491434694354,0.001240491434694354,0.001240491434694354,-0.0007866930761256012,-0.0007866930761256012,-0.0007866930761256012,-8.418257500733919e-05,-8.418257500733919e-05,-8.418257500733919e-05,0.0014189732113856297,0.0014189732113856297,0.0014189732113856297,0.0021113670858272943,0.0021113670858272943,0.0021113670858272943,0.00017848177669127556,0.00017848177669127556,0.00017848177669127556,0.0,0.0,0.0,0.65141699791519
2025-08-27 20:00:00,0.6504809640080759,0.6507673164272822,0.6515430500862703,0.6504809640080759,0.6504809640080759,0.000798319321419155,0.000798319321419155,0.000798319321419155,-0.0006335720196931659,-0.0006335720196931659,-0.0006335720196931659,-8.418257500733919e-05,-8.418257500733919e-05,-8.418257500733919e-05,0.000995929436754865,0.000995929436754865,0.000995929436754865,0.0015160739161196601,0.0015160739161196601,0.0015160739161196601,0.0001976101153357098,0.0001976101153357098,0.0001976101153357098,0.0,0.0,0.0,0.6511287971481803
2025-08-27 21:00:00,0.6504679636106211,0.6504895429990241,0.6511418639770361,0.6504679636106211,0.6504679636106211,0.0003307579167246453,0.0003307579167246453,0.0003307579167246453,-0.0007161725396978844,-0.0007161725396978844,-0.0007161725396978844,-8.418257500733919e-05,-8.418257500733919e-05,-8.418257500733919e-05,0.0005454364155438127,0.0005454364155438127,0.0005454364155438127,0.001131113031429869,0.001131113031429869,0.001131113031429869,0.00021467849881916742,0.00021467849881916742,0.00021467849881916742,0.0,0.0,0.0,0.6508227525251189
2025-08-27 22:00:00,0.6504549632131664,0.6507732336383032,0.6515042810896255,0.6504549632131664,0.6504549632131664,0.0007708691335157178,0.0007708691335157178,0.0007708691335157178,-0.0007693410722247271,-0.0007693410722247271,-0.0007693410722247271,-8.418257500733919e-05,-8.418257500733919e-05,-8.418257500733919e-05,0.001000010584452627,0.001000010584452627,0.001000010584452627,0.001624392780747784,0.001624392780747784,0.001624392780747784,0.0002291414509369093,0.0002291414509369093,0.0002291414509369093,0.0,0.0,0.0,0.6511054250610893
2025-08-27 23:00:00,0.6504419628157118,0.6510136306332917,0.6516562981865373,0.6504419628157118,0.6504419628157118,0.0011022549193990966,0.0011022549193990966,0.0011022549193990966,-0.0007457041559061525,-0.0007457041559061525,-0.0007457041559061525,-8.418257500733919e-05,-8.418257500733919e-05,-8.418257500733919e-05,0.001342732527436907,0.001342732527436907,0.001342732527436907,0.0019321416503125884,0.0019321416503125884,0.0019321416503125884,0.00024047760803781027,0.00024047760803781027,0.00024047760803781027,0.0,0.0,0.0,0.6513153323963943
2025-08-28 00:00:00,0.6504289624182571,0.6509300437027763,0.6517141785305061,0.6504289624182571,0.6504289624182571,0.0011161824697402643,0.0011161824697402643,0.0011161824697402643,-0.0007220755419818351,-0.0007220755419818351,-0.0007220755419818351,-2.16154716512527e-05,-2.16154716512527e-05,-2.16154716512527e-05,0.0013643813697383044,0.0013643813697383044,0.0013643813697383044,0.0018598734833733521,0.0018598734833733521,0.0018598734833733521,0.00024819889999804,0.00024819889999804,0.00024819889999804,0.0,0.0,0.0,0.6513163955769188
2025-08-28 01:00:00,0.6504932773532021,0.6510137171428083,0.6517230407537892,0.6504932773532021,0.6504932773532021,0.0011929381042204488,0.0011929381042204488,0.0011929381042204488,-0.0006453199075016525,-0.0006453199075016525,-0.0006453199075016525,-2.16154716512527e-05,-2.16154716512527e-05,-2.16154716512527e-05,0.0014447974607537217,0.0014447974607537217,0.0014447974607537217,0.001859873483373354,0.001859873483373354,0.001859873483373354,0.0002518593565332727,0.0002518593565332727,0.0002518593565332727,0.0,0.0,0.0,0.6514331083885593
2025-08-28 02:00:00,0.6505575922881469,0.6517117627776782,0.6525345668460891,0.6505575922881469,0.6505575922881469,0.002164827219781039,0.002164827219781039,0.002164827219781039,-0.0004207733536724765,-0.0004207733536724765,-0.0004207733536724765,-2.16154716512527e-05,-2.16154716512527e-05,-2.16154716512527e-05,0.0024158906320048278,0.0024158906320048278,0.0024158906320048278,0.0026072160451047683,0.0026072160451047683,0.0026072160451047683,0.00025106341222378873,0.00025106341222378873,0.00025106341222378873,0.0,0.0,0.0,0.6521292682809355
2025-08-28 03:00:00,0.6506219072230919,0.6513942967762685,0.6521382444340001,0.6506219072230919,0.6506219072230919,0.001489683828104529,0.001489683828104529,0.001489683828104529,-0.0003262173860039978,-0.0003262173860039978,-0.0003262173860039978,-2.16154716512527e-05,-2.16154716512527e-05,-2.16154716512527e-05,0.001735157417716111,0.001735157417716111,0.001735157417716111,0.0018375166857597797,0.0018375166857597797,0.0018375166857597797,0.00024547358961158163,0.00024547358961158163,0.00024547358961158163,0.0,0.0,0.0,0.6517508386515386
2025-08-28 04:00:00,0.6506862221580367,0.6509375673317642,0.6515758423359457,0.6506862221580367,0.6506862221580367,0.000695948647251282,0.000695948647251282,0.000695948647251282,-0.00034395130003854447,-0.00034395130003854447,-0.00034395130003854447,-2.16154716512527e-05,-2.16154716512527e-05,-2.16154716512527e-05,0.0009307660948807653,0.0009307660948807653,0.0009307660948807653,0.0010615154189410792,0.0010615154189410792,0.0010615154189410792,0.0002348174476294834,0.0002348174476294834,0.0002348174476294834,0.0,0.0,0.0,0.6512918588320274
2025-08-28 05:00:00,0.6507505370929817,0.6507573863203938,0.6515006810620657,0.6507505370929817,0.6507505370929817,0.00031877008830680047,0.00031877008830680047,0.00031877008830680047,-0.00038529722320904846,-0.00038529722320904846,-0.00038529722320904846,-2.16154716512527e-05,-2.16154716512527e-05,-2.16154716512527e-05,0.0005376637800179367,0.0005376637800179367,0.0005376637800179367,0.0007256827831671017,0.0007256827831671017,0.0007256827831671017,0.0002188936917111363,0.0002188936917111363,0.0002188936917111363,0.0,0.0,0.0,0.6511004220866038
2025-08-28 06:00:00,0.6508148520279265,0.6510259342424499,0.6517943684429479,0.6508148520279265,0.6508148520279265,0.0007711995284713927,0.0007711995284713927,0.0007711995284713927,-0.0003734746138527098,-0.0003734746138527098,-0.0003734746138527098,-2.16154716512527e-05,-2.16154716512527e-05,-2.16154716512527e-05,0.0009687768811866389,0.0009687768811866389,0.0009687768811866389,0.0011662896139753552,0.0011662896139753552,0.0011662896139753552,0.00019757735271524584,0.00019757735271524584,0.00019757735271524584,0.0,0.0,0.0,0.6514453464105041
2025-08-28 07:00:00,0.6508791669628715,0.6512705000166855,0.6519028055724408,0.6508791669628715,0.6508791669628715,0.0008846920549702914,0.0008846920549702914,0.0008846920549702914,-0.00045041290100554857,-0.00045041290100554857,-0.00045041290100554857,-2.16154716512527e-05,-2.16154716512527e-05,-2.16154716512527e-05,0.0010555160086028403,0.0010555160086028403,0.0010555160086028403,0.0013567204276270927,0.0013567204276270927,0.0013567204276270927,0.00017082395363254908,0.00017082395363254908,0.00017082395363254908,0.0,0.0,0.0,0.6515661803432669
2025-08-28 08:00:00,0.6509434818978165,0.6516912333826328,0.6523728288549403,0.6509434818978165,0.6509434818978165,0.0015834975160500223,0.0015834975160500223,0.0015834975160500223,-0.0003971281349596445,-0.0003971281349596445,-0.0003971281349596445,8.26630339422248e-05,8.26630339422248e-05,8.26630339422248e-05,0.0017221701121308021,0.0017221701121308021,0.0017221701121308021,0.0018979626170674418,0.0018979626170674418,0.0018979626170674418,0.00013867259608078028,0.00013867259608078028,0.00013867259608078028,0.0,0.0,0.0,0.6520645173070273
2025-08-28 09:00:00,0.6510077968327614,0.6519792624493218,0.6528176670656726,0.6510077968327614,0.6510077968327614,0.0019431726287177516,0.0019431726287177516,0.0019431726287177516,-0.0002491877725148695,-0.0002491877725148695,-0.0002491877725148695,8.26630339422248e-05,8.26630339422248e-05,8.26630339422248e-05,0.0020444205412468597,0.0020444205412468597,0.0020444205412468597,0.0021096973672903962,0.0021096973672903962,0.0021096973672903962,0.00010124791252910854,0.00010124791252910854,0.00010124791252910854,0.0,0.0,0.0,0.6523387305451183
2025-08-28 10:00:00,0.6510721117677063,0.6525620633484764,0.6532853726341636,0.6510721117677063,0.6510721117677063,0.002831998952528576,0.002831998952528576,0.002831998952528576,2.3205479152041993e-05,2.3205479152041993e-05,2.3205479152041993e-05,8.26630339422248e-05,8.26630339422248e-05,8.26630339422248e-05,0.0028907597975263927,0.0028907597975263927,0.0028907597975263927,0.0027261304394343095,0.0027261304394343095,0.0027261304394343095,5.876084499781644e-05,5.876084499781644e-05,5.876084499781644e-05,0.0,0.0,0.0,0.6529542048536949
2025-08-28 11:00:00,0.6511364267026513,0.6527248106615487,0.6534815346142784,0.6511364267026513,0.6511364267026513,0.0029596390962698393,0.0029596390962698393,0.0029596390962698393,0.00023649398643120812,0.00023649398643120812,0.00023649398643120812,8.26630339422248e-05,8.26630339422248e-05,8.26630339422248e-05,0.002971147322428207,0.002971147322428207,0.002971147322428207,0.0026404820758964068,0.0026404820758964068,0.0026404820758964068,1.1508226158367342e-05,1.1508226158367342e-05,1.1508226158367342e-05,0.0,0.0,0.0,0.6530710489533844
2025-08-28 12:00:00,0.6512007416375962,0.652870985884314,0.6536098085054449,0.6512007416375962,0.6512007416375962,0.003194588619719315,0.003194588619719315,0.003194588619719315,0.0004320734868584449,0.0004320734868584449,0.0004320734868584449,8.26630339422248e-05,8.26630339422248e-05,8.26630339422248e-05,0.003154459774260168,0.003154459774260168,0.003154459774260168,0.0026798520989186453,0.0026798520989186453,0.0026798520989186453,-4.0128845459146655e-05,-4.0128845459146655e-05,-4.0128845459146655e-05,0.0,0.0,0.0,0.6532549281820603
2025-08-28 13:00:00,0.6512650565725411,0.6524839395365536,0.653194508411954,0.6512650565725411,0.6512650565725411,0.002451577196513818,0.002451577196513818,0.002451577196513818,0.0005032000980635453,0.0005032000980635453,0.0005032000980635453,8.26630339422248e-05,8.26630339422248e-05,8.26630339422248e-05,0.0023558893679674025,0.0023558893679674025,0.0023558893679674025,0.0018657140645080483,0.0018657140645080483,0.0018657140645080483,-9.568782854641551e-05,-9.568782854641551e-05,-9.568782854641551e-05,0.0,0.0,0.0,0.652799364995049
2025-08-28 14:00:00,0.651329371507486,0.6525919283993433,0.6532744839301238,0.651329371507486,0.651329371507486,0.002706907973315128,0.002706907973315128,0.002706907973315128,0.0005684403117732096,0.0005684403117732096,0.0005684403117732096,8.26630339422248e-05,8.26630339422248e-05,8.26630339422248e-05,0.002552279236242786,0.002552279236242786,0.002552279236242786,0.0020558046275996936,0.0020558046275996936,0.0020558046275996936,-0.00015462873707234182,-0.00015462873707234182,-0.00015462873707234182,0.0,0.0,0.0,0.6529917459383396
2025-08-28 15:00:00,0.6513936864424309,0.6530291857210525,0.653775699538596,0.6513936864424309,0.6513936864424309,0.003280013043997093,0.003280013043997093,0.003280013043997093,0.0006100353067700419,0.0006100353067700419,0.0006100353067700419,8.26630339422248e-05,8.26630339422248e-05,8.26630339422248e-05,0.003063673769750116,0.003063673769750116,0.003063673769750116,0.0025873147032848265,0.0025873147032848265,0.0025873147032848265,-0.0002163392742469773,-0.0002163392742469773,-0.0002163392742469773,0.0,0.0,0.0,0.6533893441933654
2025-08-28 16:00:00,0.651458001377376,0.6533370307434783,0.6541402911882743,0.651458001377376,0.651458001377376,0.0037367097563997136,0.0037367097563997136,0.0037367097563997136,0.0007111003514998548,0.0007111003514998548,0.0007111003514998548,8.26630339422248e-05,8.26630339422248e-05,8.26630339422248e-05,0.0034565687082713766,0.0034565687082713766,0.0034565687082713766,0.002942946370957634,0.002942946370957634,0.002942946370957634,-0.00028014104812833717,-0.00028014104812833717,-0.00028014104812833717,0.0,0.0,0.0,0.6537098107196899
2025-08-28 17:00:00,0.6515223163123208,0.653318363718704,0.654042346320537,0.6515223163123208,0.6515223163123208,0.0036649929803191372,0.0036649929803191372,0.0036649929803191372,0.0008062291843688422,0.0008062291843688422,0.0008062291843688422,-8.418257500733919e-05,-8.418257500733919e-05,-8.418257500733919e-05,0.003319696180161126,0.003319696180161126,0.003319696180161126,0.002942946370957634,0.002942946370957634,0.002942946370957634,-0.0003452968001580103,-0.0003452968001580103,-0.0003452968001580103,0.0,0.0,0.0,0.6536851724570726
2025-08-28 18:00:00,0.6515997036017109,0.6534887434409455,0.654177929394618,0.6515997036017109,0.6515997036017109,0.0038614051332959837,0.0038614051332959837,0.0038614051332959837,0.0009607367406345208,0.0009607367406345208,0.0009607367406345208,-8.418257500733919e-05,-8.418257500733919e-05,-8.418257500733919e-05,0.0034503865692566077,0.0034503865692566077,0.0034503865692566077,0.0029848509676688017,0.0029848509676688017,0.0029848509676688017,-0.0004110185640393751,-0.0004110185640393751,-0.0004110185640393751,0.0,0.0,0.0,0.6538479744675498
2025-08-28 19:00:00,0.651677090891101,0.6530061452558532,0.6538908948799244,0.651677090891101,0.651677090891101,0.00309688114152965,0.00309688114152965,0.00309688114152965,0.001043910125839748,0.001043910125839748,0.001043910125839748,-8.418257500733919e-05,-8.418257500733919e-05,-8.418257500733919e-05,0.0026204044819742346,0.0026204044819742346,0.0026204044819742346,0.002137153590697241,0.002137153590697241,0.002137153590697241,-0.00047647665955541537,-0.00047647665955541537,-0.00047647665955541537,0.0,0.0,0.0,0.653384748460872
2025-08-28 20:00:00,0.6517544781804911,0.6530495579264213,0.6539632527273206,0.6517544781804911,0.6517544781804911,0.0032249743909955417,0.0032249743909955417,0.0032249743909955417,0.0010676964852541042,0.0010676964852541042,0.0010676964852541042,-8.418257500733919e-05,-8.418257500733919e-05,-8.418257500733919e-05,0.002684164976523784,0.002684164976523784,0.002684164976523784,0.0022414604807487765,0.0022414604807487765,0.0022414604807487765,-0.0005408094144717579,-0.0005408094144717579,-0.0005408094144717579,0.0,0.0,0.0,0.6535038947241157
2025-08-28 21:00:00,0.6518318654698813,0.6525945939798106,0.6534146489262181,0.6518318654698813,0.6518318654698813,0.0024260123424691806,0.0024260123424691806,0.0024260123424691806,0.0009963291046168556,0.0009963291046168556,0.0009963291046168556,-8.418257500733919e-05,-8.418257500733919e-05,-8.418257500733919e-05,0.0018228788452183185,0.0018228788452183185,0.0018228788452183185,0.001513865812859664,0.001513865812859664,0.001513865812859664,-0.0006031334972508621,-0.0006031334972508621,-0.0006031334972508621,0.0,0.0,0.0,0.6530200759880855
2025-08-28 22:00:00,0.6519092527592714,0.6524702305912591,0.6531629976662724,0.6519092527592714,0.6519092527592714,0.0021397221674773923,0.0021397221674773923,0.0021397221674773923,0.0009130809978636989,0.0009130809978636989,0.0009130809978636989,-8.418257500733919e-05,-8.418257500733919e-05,-8.418257500733919e-05,0.001477167433120025,0.001477167433120025,0.001477167433120025,0.0013108237446210328,0.0013108237446210328,0.0013108237446210328,-0.000662554734357368,-0.000662554734357368,-0.000662554734357368,0.0,0.0,0.0,0.652872231876797
2025-08-28 23:00:00,0.6519866400486615,0.6528253098583988,0.6535952512441248,0.6519866400486615,0.6519866400486615,0.0025368727565830435,0.0025368727565830435,0.0025368727565830435,0.0008654833718523691,0.0008654833718523691,0.0008654833718523691,-8.418257500733919e-05,-8.418257500733919e-05,-8.418257500733919e-05,0.0018186934776573947,0.0018186934776573947,0.0018186934776573947,0.0017555719597380137,0.0017555719597380137,0.0017555719597380137,-0.0007181792789256493,-0.0007181792789256493,-0.0007181792789256493,0.0,0.0,0.0,0.6531724038984378
2025-08-29 00:00:00,0.6520640273380516,0.6532448432570259,0.6539615642886798,0.6520640273380516,0.6520640273380516,0.003110410111092607,0.003110410111092607,0.003110410111092607,0.0009130809978636989,0.0009130809978636989,0.0009130809978636989,-2.16154716512527e-05,-2.16154716512527e-05,-2.16154716512527e-05,0.0023412851195679747,0.0023412851195679747,0.0023412851195679747,0.002218944584880161,0.002218944584880161,0.002218944584880161,-0.0007691249915246327,-0.0007691249915246327,-0.0007691249915246327,0.0,0.0,0.0,0.6535906951422636
2025-08-29 01:00:00,0.6521414146274417,0.6536194652376541,0.654360257416984,0.6521414146274417,0.6521414146274417,0.003612278356459684,0.003612278356459684,0.003612278356459684,0.0009964287333474025,0.0009964287333474025,0.0009964287333474025,-2.16154716512527e-05,-2.16154716512527e-05,-2.16154716512527e-05,0.0027977454662540223,0.0027977454662540223,0.0027977454662540223,0.002637465094763534,0.002637465094763534,0.002637465094763534,-0.0008145328902056612,-0.0008145328902056612,-0.0008145328902056612,0.0,0.0,0.0,0.653965940313572
2025-08-29 02:00:00,0.6522188019168318,0.6535137892510916,0.6541798913445859,0.6522188019168318,0.6522188019168318,0.003493038040053465,0.003493038040053465,0.003493038040053465,0.0011094824353177729,0.0011094824353177729,0.0011094824353177729,-2.16154716512527e-05,-2.16154716512527e-05,-2.16154716512527e-05,0.0026394595153041754,0.0026394595153041754,0.0026394595153041754,0.0024051710763869447,0.0024051710763869447,0.0024051710763869447,-0.0008535785247492891,-0.0008535785247492891,-0.0008535785247492891,0.0,0.0,0.0,0.6539403070396114
2025-08-29 03:00:00,0.6522961892062219,0.6536674593201643,0.6543460635602973,0.6522961892062219,0.6522961892062219,0.003491234546668675,0.003491234546668675,0.003491234546668675,0.001228464046754866,0.001228464046754866,0.001228464046754866,-2.16154716512527e-05,-2.16154716512527e-05,-2.16154716512527e-05,0.00260575141693523,0.00260575141693523,0.00260575141693523,0.002284385971565062,0.002284385971565062,0.002284385971565062,-0.0008854831297334448,-0.0008854831297334448,-0.0008854831297334448,0.0,0.0,0.0,0.6539959109255075
2025-08-29 04:00:00,0.652373576495612,0.6540516872986095,0.654698977221013,0.652373576495612,0.652373576495612,0.003891441405131744,0.003891441405131744,0.003891441405131744,0.001335631351229723,0.001335631351229723,0.001335631351229723,-2.16154716512527e-05,-2.16154716512527e-05,-2.16154716512527e-05,0.002981916992385529,0.002981916992385529,0.002981916992385529,0.0025774255255532736,0.0025774255255532736,0.0025774255255532736,-0.0009095244127462147,-0.0009095244127462147,-0.0009095244127462147,0.0,0.0,0.0,0.6543189003487475
2025-08-29 05:00:00,0.6524509637850021,0.6538008129613107,0.6545019816893991,0.6524509637850021,0.6524509637850021,0.003545721865388083,0.003545721865388083,0.003545721865388083,0.001377317672562845,0.001377317672562845,0.001377317672562845,-2.16154716512527e-05,-2.16154716512527e-05,-2.16154716512527e-05,0.0026206750281483333,0.0026206750281483333,0.0026206750281483333,0.0021900196644764913,0.0021900196644764913,0.0021900196644764913,-0.0009250468372397504,-0.0009250468372397504,-0.0009250468372397504,0.0,0.0,0.0,0.6541608257328848
2025-08-29 06:00:00,0.6525283510743921,0.6525806883098018,0.6533838995885798,0.6525283510743921,0.6525283510743921,0.0016812413125558978,0.0016812413125558978,0.0016812413125558978,0.0012761280919198678,0.0012761280919198678,0.0012761280919198678,-2.16154716512527e-05,-2.16154716512527e-05,-2.16154716512527e-05,0.0007497700475305158,0.0007497700475305158,0.0007497700475305158,0.0004267286922872827,0.0004267286922872827,0.0004267286922872827,-0.0009314712650253821,-0.0009314712650253821,-0.0009314712650253821,0.0,0.0,0.0,0.6530175972871922
2025-08-29 07:00:00,0.6526057383637823,0.6535432309994115,0.6542935929224716,0.6526057383637823,0.6526057383637823,0.002886661246237046,0.002886661246237046,0.002886661246237046,0.001294003146656016,0.001294003146656016,0.001294003146656016,-2.16154716512527e-05,-2.16154716512527e-05,-2.16154716512527e-05,0.001958357416311818,0.001958357416311818,0.001958357416311818,0.0016142735712322829,0.0016142735712322829,0.0016142735712322829,-0.000928303829925228,-0.000928303829925228,-0.000928303829925228,0.0,0.0,0.0,0.6538837736514347
2025-08-29 08:00:00,0.6526831256531724,0.6531678320400818,0.6539443585364725,0.6526831256531724,0.6526831256531724,0.002233407480720912,0.002233407480720912,0.002233407480720912,0.001270175275270605,0.001270175275270605,0.001270175275270605,8.26630339422248e-05,8.26630339422248e-05,8.26630339422248e-05,0.0013182635576871437,0.0013182635576871437,0.0013182635576871437,0.0008805691715080826,0.0008805691715080826,0.0008805691715080826,-0.0009151439230337687,-0.0009151439230337687,-0.0009151439230337687,0.0,0.0,0.0,0.6535435340324384
2025-08-29 09:00:00,0.6527605129425624,0.6523829928694252,0.6530859192089833,0.6527605129425624,0.6527605129425624,0.0008372872868095126,0.0008372872868095126,0.0008372872868095126,0.0011214046734047357,0.0011214046734047357,0.0011214046734047357,8.26630339422248e-05,8.26630339422248e-05,8.26630339422248e-05,-5.4403893117156105e-05,-5.4403893117156105e-05,-5.4403893117156105e-05,-0.00036678042053744795,-0.00036678042053744795,-0.00036678042053744795,-0.0008916911799266686,-0.0008916911799266686,-0.0008916911799266686,0.0,0.0,0.0,0.6527250002293852
2025-08-29 10:00:00,0.6528379002319525,0.6523102945626574,0.6531482166600557,0.6528379002319525,0.6528379002319525,0.0005534769764090517,0.0005534769764090517,0.0005534769764090517,0.0009786367025532863,0.0009786367025532863,0.0009786367025532863,8.26630339422248e-05,8.26630339422248e-05,8.26630339422248e-05,-0.0003042743953221121,-0.0003042743953221121,-0.0003042743953221121,-0.0005078227600864594,-0.0005078227600864594,-0.0005078227600864594,-0.0008577513717311639,-0.0008577513717311639,-0.0008577513717311639,0.0,0.0,0.0,0.6526392583746161
2025-08-29 11:00:00,0.6529152875213426,0.6521971179936655,0.6529340777613579,0.6529152875213426,0.6529152875213426,0.0002712346177988196,0.0002712346177988196,0.0002712346177988196,0.0009132802553247925,0.0009132802553247925,0.0009132802553247925,8.26630339422248e-05,8.26630339422248e-05,8.26630339422248e-05,-0.0005420064971666741,-0.0005420064971666741,-0.0005420064971666741,-0.0007247086714681977,-0.0007247086714681977,-0.0007247086714681977,-0.0008132411149654936,-0.0008132411149654936,-0.0008132411149654936,0.0,0.0,0.0,0.6525614031934066
2025-08-29 12:00:00,0.6529313066189507,0.652494987626869,0.6532308222561272,0.6529313066189507,0.6529313066189507,0.0006081370598914688,0.0006081370598914688,0.0006081370598914688,0.0007764069843631139,0.0007764069843631139,0.0007764069843631139,8.26630339422248e-05,8.26630339422248e-05,8.26630339422248e-05,-0.00015005426879084407,-0.00015005426879084407,-0.00015005426879084407,-0.00025093295841386985,-0.00025093295841386985,-0.00025093295841386985,-0.0007581913286823129,-0.0007581913286823129,-0.0007581913286823129,0.0,0.0,0.0,0.6528333314891653
2025-08-29 13:00:00,0.6529473257165587,0.6532791616831434,0.6540361198455645,0.6529473257165587,0.6529473257165587,0.0017071226458335047,0.0017071226458335047,0.0017071226458335047,0.0007823598010123765,0.0007823598010123765,0.0007823598010123765,8.26630339422248e-05,8.26630339422248e-05,8.26630339422248e-05,0.0010143732629519105,0.0010143732629519105,0.0010143732629519105,0.0008420998108789034,0.0008420998108789034,0.0008420998108789034,-0.0006927493828815943,-0.0006927493828815943,-0.0006927493828815943,0.0,0.0,0.0,0.6536096580258816
2025-08-29 14:00:00,0.6529633448141667,0.6541597325369951,0.6548617221212751,0.6529633448141667,0.6529633448141667,0.0030759993737636713,0.0030759993737636713,0.0030759993737636713,0.0010146524886404259,0.0010146524886404259,0.0010146524886404259,8.26630339422248e-05,8.26630339422248e-05,8.26630339422248e-05,0.0024588194764754586,0.0024588194764754586,0.0024588194764754586,0.001978683851181021,0.001978683851181021,0.001978683851181021,-0.0006171798972882128,-0.0006171798972882128,-0.0006171798972882128,0.0,0.0,0.0,0.6545688638038203
2025-08-29 15:00:00,0.6529793639117748,0.6544561070390906,0.6552229827342727,0.6529793639117748,0.6529793639117748,0.003320172787507551,0.003320172787507551,0.003320172787507551,0.0012588259023843056,0.0012588259023843056,0.0012588259023843056,8.26630339422248e-05,8.26630339422248e-05,8.26630339422248e-05,0.0027883086211882607,0.0027883086211882607,0.0027883086211882607,0.001978683851181021,0.001978683851181021,0.001978683851181021,-0.0005318641663192905,-0.0005318641663192905,-0.0005318641663192905,0.0,0.0,0.0,0.6548000719016279
2025-08-29 16:00:00,0.6529953830093828,0.6547834443119258,0.6555802949803136,0.6529953830093828,0.6529953830093828,0.003743814524166987,0.003743814524166987,0.003743814524166987,0.0015387328208120448,0.0015387328208120448,0.0015387328208120448,8.26630339422248e-05,8.26630339422248e-05,8.26630339422248e-05,0.0033065163215362163,0.0033065163215362163,0.0033065163215362163,0.0021224186694127176,0.0021224186694127176,0.0021224186694127176,-0.0004372982026307709,-0.0004372982026307709,-0.0004372982026307709,0.0,0.0,0.0,0.655154522901191
2025-08-29 17:00:00,0.6530114021069908,0.6545208303375025,0.6551589689951118,0.6530114021069908,0.6530114021069908,0.003133764408428552,0.003133764408428552,0.003133764408428552,0.0017412116108285456,0.0017412116108285456,0.0017412116108285456,-8.418257500733919e-05,-8.418257500733919e-05,-8.418257500733919e-05,0.002799675000085087,0.002799675000085087,0.002799675000085087,0.0014767353726073452,0.0014767353726073452,0.0014767353726073452,-0.0003340894083434643,-0.0003340894083434643,-0.0003340894083434643,0.0,0.0,0.0,0.6548396218042403
2025-08-29 18:00:00,0.6530274212045988,0.6547762770824364,0.6554353548175484,0.6530274212045988,0.6530274212045988,0.0034247718740659976,0.0034247718740659976,0.0034247718740659976,0.001866420017923847,0.001866420017923847,0.001866420017923847,-8.418257500733919e-05,-8.418257500733919e-05,-8.418257500733919e-05,0.0032018199740624703,0.0032018199740624703,0.0032018199740624703,0.0016425344311494896,0.0016425344311494896,0.0016425344311494896,-0.00022295190000352742,-0.00022295190000352742,-0.00022295190000352742,0.0,0.0,0.0,0.6551182974454222
2025-08-29 19:00:00,0.6530434403022068,0.6548474696788572,0.6556077054265034,0.6530434403022068,0.6530434403022068,0.003418794150234117,0.003418794150234117,0.003418794150234117,0.0018604422940919668,0.0018604422940919668,0.0018604422940919668,-8.418257500733919e-05,-8.418257500733919e-05,-8.418257500733919e-05,0.0033140936201863013,0.0033140936201863013,0.0033140936201863013,0.0016425344311494896,0.0016425344311494896,0.0016425344311494896,-0.00010470053004781575,-0.00010470053004781575,-0.00010470053004781575,0.0,0.0,0.0,0.6552076874014169
2025-08-29 20:00:00,0.6530594593998148,0.6542271211392781,0.6549029405896246,0.6530594593998148,0.6530594593998148,0.002305361777369227,0.002305361777369227,0.002305361777369227,0.00178884244641675,0.00178884244641675,0.00178884244641675,-8.418257500733919e-05,-8.418257500733919e-05,-8.418257500733919e-05,0.002325118114037095,0.002325118114037095,0.002325118114037095,0.000600701905959816,0.000600701905959816,0.000600701905959816,1.9756336667868394e-05,1.9756336667868394e-05,1.9756336667868394e-05,0.0,0.0,0.0,0.6545778997784086
2025-08-29 21:00:00,0.6530754784974229,0.6543518839696963,0.6550796735909865,0.6530754784974229,0.6530754784974229,0.0022918540305815645,0.0022918540305815645,0.0022918540305815645,0.0017052871510778505,0.0017052871510778505,0.0017052871510778505,-8.418257500733919e-05,-8.418257500733919e-05,-8.418257500733919e-05,0.0024412792475455008,0.0024412792475455008,0.0024412792475455008,0.0006707494545110532,0.0006707494545110532,0.0006707494545110532,0.00014942521696393658,0.00014942521696393658,0.00014942521696393658,0.0,0.0,0.0,0.6546698181101595
2025-08-31 23:00:00,0.6538764333778239,0.654291493356102,0.6552027469655933,0.6538764333778239,0.6538764333778239,0.002775906344464487,0.002775906344464487,0.002775906344464487,0.0017052871510778505,0.0017052871510778505,0.0017052871510778505,-8.418257500733919e-05,-8.418257500733919e-05,-8.418257500733919e-05,0.001372881316808737,0.001372881316808737,0.001372881316808737,0.0011548017683939758,0.0011548017683939758,0.0011548017683939758,-0.0014030250276557497,-0.0014030250276557497,-0.0014030250276557497,0.0,0.0,0.0,0.6547741281167099
2025-09-01 00:00:00,0.6538924524754319,0.6548136578914644,0.6555610984328917,0.6538924524754319,0.6538924524754319,0.0034374440326451015,0.0034374440326451015,0.0034374440326451015,0.001741128586886436,0.001741128586886436,0.001741128586886436,-2.16154716512527e-05,-2.16154716512527e-05,-2.16154716512527e-05,0.0019796991430252996,0.0019796991430252996,0.0019796991430252996,0.0017179309174099185,0.0017179309174099185,0.0017179309174099185,-0.0014577448896198014,-0.0014577448896198014,-0.0014577448896198014,0.0,0.0,0.0,0.6551869628032282
2025-09-01 01:00:00,0.6539084715730399,0.653655047371873,0.6543430251996594,0.6539084715730399,0.6539084715730399,0.0016873862021985805,0.0016873862021985805,0.0016873862021985805,0.0016635842249562139,0.0016635842249562139,0.0016635842249562139,-2.16154716512527e-05,-2.16154716512527e-05,-2.16154716512527e-05,0.00018722007960805036,0.00018722007960805036,0.00018722007960805036,4.541744889361936e-05,4.541744889361936e-05,4.541744889361936e-05,-0.00150016612259053,-0.00150016612259053,-0.00150016612259053,0.0,0.0,0.0,0.6540308963691441
2025-09-01 02:00:00,0.653924490670648,0.654639039373844,0.6553315128171167,0.653924490670648,0.653924490670648,0.003086472607163315,0.003086472607163315,0.003086472607163315,0.001782980956103854,0.001782980956103854,0.001782980956103854,-2.16154716512527e-05,-2.16154716512527e-05,-2.16154716512527e-05,0.0015561918396792647,0.0015561918396792647,0.0015561918396792647,0.0013251071227107138,0.0013251071227107138,0.0013251071227107138,-0.0015302807674840505,-0.0015302807674840505,-0.0015302807674840505,0.0,0.0,0.0,0.6549421226267961
2025-09-01 03:00:00,0.653940509768256,0.6544743789848181,0.6552296835245611,0.653940509768256,0.653940509768256,0.0028648946853403853,0.0028648946853403853,0.0028648946853403853,0.001872505672880454,0.001872505672880454,0.001872505672880454,-2.16154716512527e-05,-2.16154716512527e-05,-2.16154716512527e-05,0.0013166915990170218,0.0013166915990170218,0.0013166915990170218,0.001014004484111184,0.001014004484111184,0.001014004484111184,-0.0015482030863233636,-0.0015482030863233636,-0.0015482030863233636,0.0,0.0,0.0,0.6548015477437248
2025-09-01 04:00:00,0.653956528865864,0.653928391418725,0.654704494359393,0.653956528865864,0.653956528865864,0.0021867387726755183,0.0021867387726755183,0.0021867387726755183,0.001866536251442754,0.001866536251442754,0.001866536251442754,-2.16154716512527e-05,-2.16154716512527e-05,-2.16154716512527e-05,0.0006325726408653703,0.0006325726408653703,0.0006325726408653703,0.000341817992884017,0.000341817992884017,0.000341817992884017,-0.001554166131810148,-0.001554166131810148,-0.001554166131810148,0.0,0.0,0.0,0.6543702038743398
2025-09-01 05:00:00,0.6539725479634719,0.6539043411547171,0.6546439728346881,0.6539725479634719,0.6539725479634719,0.002047406977115444,0.002047406977115444,0.002047406977115444,0.0018008560108400023,0.0018008560108400023,0.0018008560108400023,-2.16154716512527e-05,-2.16154716512527e-05,-2.16154716512527e-05,0.0004988899677912439,0.0004988899677912439,0.0004988899677912439,0.0002681664379266945,0.0002681664379266945,0.0002681664379266945,-0.0015485170093242004,-0.0015485170093242004,-0.0015485170093242004,0.0,0.0,0.0,0.6542988083068618
2025-09-01 06:00:00,0.6539764103997318,0.6540258325323202,0.6547699525114427,0.6539764103997318,0.6539764103997318,0.0022386430058375924,0.0022386430058375924,0.0022386430058375924,0.001860500410851459,0.001860500410851459,0.001860500410851459,-2.16154716512527e-05,-2.16154716512527e-05,-2.16154716512527e-05,0.0007069321058732974,0.0007069321058732974,0.0007069321058732974,0.00039975806663738604,0.00039975806663738604,0.00039975806663738604,-0.0015317108999642949,-0.0015317108999642949,-0.0015317108999642949,0.0,0.0,0.0,0.654438727320727
2025-09-01 07:00:00,0.6539802728359916,0.6543774777231834,0.6551730325570296,0.6539802728359916,0.6539802728359916,0.002728823834816543,0.002728823834816543,0.002728823834816543,0.0018365895155239387,0.0018365895155239387,0.0018365895155239387,-2.16154716512527e-05,-2.16154716512527e-05,-2.16154716512527e-05,0.0012245199070432854,0.0012245199070432854,0.0012245199070432854,0.0009138497909438574,0.0009138497909438574,0.0009138497909438574,-0.0015043039277732582,-0.0015043039277732582,-0.0015043039277732582,0.0,0.0,0.0,0.6547810846988928
2025-09-01 08:00:00,0.6539841352722513,0.6553817076468615,0.6560966213842528,0.6539841352722513,0.6539841352722513,0.004212569477415486,0.004212569477415486,0.004212569477415486,0.0019802043305848427,0.0019802043305848427,0.0019802043305848427,8.26630339422248e-05,8.26630339422248e-05,8.26630339422248e-05,0.0027456245097593726,0.0027456245097593726,0.0027456245097593726,0.002149702112888418,0.002149702112888418,0.002149702112888418,-0.0014669449676561123,-0.0014669449676561123,-0.0014669449676561123,0.0,0.0,0.0,0.6557797301430487
2025-09-01 09:00:00,0.6539879977085111,0.6554903429978143,0.6562377820003484,0.6539879977085111,0.6539879977085111,0.00422411680843385,0.00422411680843385,0.00422411680843385,0.00216556358373836,0.00216556358373836,0.00216556358373836,8.26630339422248e-05,8.26630339422248e-05,8.26630339422248e-05,0.0028037503056804578,0.0028037503056804578,0.0028037503056804578,0.0019758901907532657,0.0019758901907532657,0.0019758901907532657,-0.001420366502753393,-0.001420366502753393,-0.001420366502753393,0.0,0.0,0.0,0.6558216167569977
2025-09-01 10:00:00,0.6539918601447708,0.655663509076976,0.6564008886909299,0.6539918601447708,0.6539918601447708,0.004469828510908289,0.004469828510908289,0.004469828510908289,0.0023628865869498956,0.0023628865869498956,0.0023628865869498956,8.26630339422248e-05,8.26630339422248e-05,8.26630339422248e-05,0.0031044538602027463,0.0031044538602027463,0.0031044538602027463,0.002024278890016168,0.002024278890016168,0.002024278890016168,-0.001365374650705542,-0.001365374650705542,-0.001365374650705542,0.0,0.0,0.0,0.6560221476995385
2025-09-01 11:00:00,0.6539957225810307,0.655391196207207,0.6561241428009286,0.6539957225810307,0.6539957225810307,0.004156074373090796,0.004156074373090796,0.004156074373090796,0.002518324011367215,0.002518324011367215,0.002518324011367215,8.26630339422248e-05,8.26630339422248e-05,8.26630339422248e-05,0.0028532358856156476,0.0028532358856156476,0.0028532358856156476,0.0015550873277813562,0.0015550873277813562,0.0015550873277813562,-0.0013028384874751485,-0.0013028384874751485,-0.0013028384874751485,0.0,0.0,0.0,0.655861726645738
2025-09-01 12:00:00,0.6539995850172905,0.655246800771197,0.6559405132736148,0.6539995850172905,0.6539995850172905,0.0036840139269779617,0.0036840139269779617,0.0036840139269779617,0.0025900816045323935,0.0025900816045323935,0.0025900816045323935,8.26630339422248e-05,8.26630339422248e-05,8.26630339422248e-05,0.0024503351219106336,0.0024503351219106336,0.0024503351219106336,0.0010112692885033436,0.0010112692885033436,0.0010112692885033436,-0.0012336788050673285,-0.0012336788050673285,-0.0012336788050673285,0.0,0.0,0.0,0.6556021031701734
2025-09-01 13:00:00,0.6540034474535502,0.6551583935157156,0.6558990193602316,0.6540034474535502,0.6540034474535502,0.003515152500736851,0.003515152500736851,0.003515152500736851,0.0025122383564106085,0.0025122383564106085,0.0025122383564106085,8.26630339422248e-05,8.26630339422248e-05,8.26630339422248e-05,0.002356296055414641,0.002356296055414641,0.002356296055414641,0.000920251110384018,0.000920251110384018,0.000920251110384018,-0.0011588564453222099,-0.0011588564453222099,-0.0011588564453222099,0.0,0.0,0.0,0.6555444731970126
2025-09-01 14:00:00,0.65400730988981,0.6557430597846728,0.6565495304599188,0.65400730988981,0.65400730988981,0.004374785398596808,0.004374785398596808,0.004374785398596808,0.0025302213422714833,0.0025302213422714833,0.0025302213422714833,8.26630339422248e-05,8.26630339422248e-05,8.26630339422248e-05,0.0032954250425109876,0.0032954250425109876,0.0032954250425109876,0.0017619010223830997,0.0017619010223830997,0.0017619010223830997,-0.00107936035608582,-0.00107936035608582,-0.00107936035608582,0.0,0.0,0.0,0.6561625419568062
2025-09-01 15:00:00,0.6540111723260698,0.6551551074555492,0.6559019783945792,0.6540111723260698,0.6540111723260698,0.0033409347349827585,0.0033409347349827585,0.0033409347349827585,0.0024763221990540154,0.0024763221990540154,0.0024763221990540154,8.26630339422248e-05,8.26630339422248e-05,8.26630339422248e-05,0.0023447392168834164,0.0023447392168834164,0.0023447392168834164,0.0007819495019865184,0.0007819495019865184,0.0007819495019865184,-0.0009961955180993426,-0.0009961955180993426,-0.0009961955180993426,0.0,0.0,0.0,0.6555446579701025
2025-09-01 16:00:00,0.6540150347623296,0.6552783450675849,0.6560236042107184,0.6540150347623296,0.6540150347623296,0.003386303875442859,0.003386303875442859,0.003386303875442859,0.002458355817981578,0.002458355817981578,0.002458355817981578,8.26630339422248e-05,8.26630339422248e-05,8.26630339422248e-05,0.002475932983628847,0.002475932983628847,0.002475932983628847,0.0008452850235190563,0.0008452850235190563,0.0008452850235190563,-0.0009103708918140117,-0.0009103708918140117,-0.0009103708918140117,0.0,0.0,0.0,0.6556343321586868
2025-09-01 17:00:00,0.6540188971985894,0.6550337655774919,0.6557875509669945,0.6540188971985894,0.6540188971985894,0.0030444562204486594,0.0030444562204486594,0.0030444562204486594,0.0024643418442076384,0.0024643418442076384,0.0024643418442076384,-8.418257500733919e-05,-8.418257500733919e-05,-8.418257500733919e-05,0.002221568689159621,0.002221568689159621,0.002221568689159621,0.0006642969512483603,0.0006642969512483603,0.0006642969512483603,-0.0008228875312890381,-0.0008228875312890381,-0.0008228875312890381,0.0,0.0,0.0,0.6554718451027245
2025-09-01 18:00:00,0.6540227596348491,0.6553226174048173,0.6558909620049291,0.6540227596348491,0.6540227596348491,0.0031347388382896363,0.0031347388382896363,0.0031347388382896363,0.0024822916204917155,0.0024822916204917155,0.0024822916204917155,-8.418257500733919e-05,-8.418257500733919e-05,-8.418257500733919e-05,0.002400011828845329,0.002400011828845329,0.002400011828845329,0.0007366297928052603,0.0007366297928052603,0.0007366297928052603,-0.0007347270094443074,-0.0007347270094443074,-0.0007347270094443074,0.0,0.0,0.0,0.6555924219943069
2025-09-01 19:00:00,0.654026622071109,0.6554749387675008,0.6561602206864131,0.654026622071109,0.654026622071109,0.003387390347341975,0.003387390347341975,0.003387390347341975,0.0024403562273321885,0.0024403562273321885,0.0024403562273321885,-8.418257500733919e-05,-8.418257500733919e-05,-8.418257500733919e-05,0.0027405500534736114,0.0027405500534736114,0.0027405500534736114,0.0010312166950171254,0.0010312166950171254,0.0010312166950171254,-0.0006468402938683633,-0.0006468402938683633,-0.0006468402938683633,0.0,0.0,0.0,0.6558190147651991
2025-09-01 20:00:00,0.6540304845073688,0.655417535786479,0.6560694668397097,0.6540304845073688,0.6540304845073688,0.0031863852734048065,0.0031863852734048065,0.0031863852734048065,0.0024523282797843855,0.0024523282797843855,0.0024523282797843855,-8.418257500733919e-05,-8.418257500733919e-05,-8.418257500733919e-05,0.0026262480681989563,0.0026262480681989563,0.0026262480681989563,0.0008182395686277602,0.0008182395686277602,0.0008182395686277602,-0.0005601372052058498,-0.0005601372052058498,-0.0005601372052058498,0.0,0.0,0.0,0.6557481308038494
2025-09-01 21:00:00,0.6540343469436285,0.6553251493307022,0.6559820495925672,0.6540343469436285,0.6540343469436285,0.0029623255445847653,0.0029623255445847653,0.0029623255445847653,0.0024463422535583256,0.0024463422535583256,0.0024463422535583256,-8.418257500733919e-05,-8.418257500733919e-05,-8.418257500733919e-05,0.0024868489623253807,0.0024868489623253807,0.0024868489623253807,0.0006001658660337792,0.0006001658660337792,0.0006001658660337792,-0.0004754765822593855,-0.0004754765822593855,-0.0004754765822593855,0.0,0.0,0.0,0.6556608315806504
2025-09-01 22:00:00,0.6540382093798883,0.6555091974763263,0.656220108985129,0.6540382093798883,0.6540382093798883,0.003243800608047941,0.003243800608047941,0.003243800608047941,0.0024702780560684635,0.0024702780560684635,0.0024702780560684635,-8.418257500733919e-05,-8.418257500733919e-05,-8.418257500733919e-05,0.0028501433403527888,0.0028501433403527888,0.0028501433403527888,0.0008577051269868163,0.0008577051269868163,0.0008577051269868163,-0.0003936572676951521,-0.0003936572676951521,-0.0003936572676951521,0.0,0.0,0.0,0.6559023120266886
2025-09-01 23:00:00,0.654042071816148,0.6560038120278417,0.6566832054597097,0.654042071816148,0.654042071816148,0.003789679472718541,0.003789679472718541,0.003789679472718541,0.002524177199285931,0.002524177199285931,0.002524177199285931,-8.418257500733919e-05,-8.418257500733919e-05,-8.418257500733919e-05,0.003474269455724999,0.003474269455724999,0.003474269455724999,0.0013496848484399492,0.0013496848484399492,0.0013496848484399492,-0.00031541001699354233,-0.00031541001699354233,-0.00031541001699354233,0.0,0.0,0.0,0.656314390209018
2025-09-02 00:00:00,0.6539706574177113,0.6553023550730407,0.6559322632350804,0.6539706574177113,0.6539706574177113,0.0026976141555854513,0.0026976141555854513,0.0026976141555854513,0.002494247068155476,0.002494247068155476,0.002494247068155476,-2.16154716512527e-05,-2.16154716512527e-05,-2.16154716512527e-05,0.00245622373474909,0.00245622373474909,0.00245622373474909,0.00022498255908122842,0.00022498255908122842,0.00022498255908122842,-0.00024139042083636095,-0.00024139042083636095,-0.00024139042083636095,0.0,0.0,0.0,0.6555769556682902
2025-09-02 01:00:00,0.6538992430192746,0.6542959647784188,0.6549593800147935,0.6538992430192746,0.6538992430192746,0.0013407488174877243,0.0013407488174877243,0.0013407488174877243,0.0023925842510424595,0.0023925842510424595,0.0023925842510424595,-2.16154716512527e-05,-2.16154716512527e-05,-2.16154716512527e-05,0.0011685758999044863,0.0011685758999044863,0.0011685758999044863,-0.0010302199619034824,-0.0010302199619034824,-0.0010302199619034824,-0.00017217291758323786,-0.00017217291758323786,-0.00017217291758323786,0.0,0.0,0.0,0.6546633739156327
2025-09-02 02:00:00,0.6538278286208379,0.6540157550791479,0.6547823296915097,0.6538278286208379,0.6538278286208379,0.0009972713671860753,0.0009972713671860753,0.0009972713671860753,0.0022849769196743603,0.0022849769196743603,0.0022849769196743603,-2.16154716512527e-05,-2.16154716512527e-05,-2.16154716512527e-05,0.0008890254093981993,0.0008890254093981993,0.0008890254093981993,-0.0012660900808370323,-0.0012660900808370323,-0.0012660900808370323,-0.00010824595778787611,-0.00010824595778787611,-0.00010824595778787611,0.0,0.0,0.0,0.6544090981738535
2025-09-02 03:00:00,0.653756414222401,0.6532550199473462,0.653903200772548,0.653756414222401,0.653756414222401,-0.00011998971751040824,-0.00011998971751040824,-0.00011998971751040824,0.0020818505429094215,0.0020818505429094215,0.0020818505429094215,-2.16154716512527e-05,-2.16154716512527e-05,-2.16154716512527e-05,-0.0001699980852239208,-0.0001699980852239208,-0.0001699980852239208,-0.002180224788768577,-0.002180224788768577,-0.002180224788768577,-5.000836771351246e-05,-5.000836771351246e-05,-5.000836771351246e-05,0.0,0.0,0.0,0.6536452768837804
2025-09-02 04:00:00,0.6536849998239644,0.6528162227894003,0.653578007782903,0.6536849998239644,0.6536849998239644,-0.0007603429048351299,-0.0007603429048351299,-0.0007603429048351299,0.001807032992132976,0.001807032992132976,0.001807032992132976,-2.16154716512527e-05,-2.16154716512527e-05,-2.16154716512527e-05,-0.0007581098479579255,-0.0007581098479579255,-0.0007581098479579255,-0.002545760425316853,-0.002545760425316853,-0.002545760425316853,2.233056877204583e-06,2.233056877204583e-06,2.233056877204583e-06,0.0,0.0,0.0,0.6531894347881355
2025-09-02 05:00:00,0.6536135854255276,0.6525795351964343,0.6533461359828175,0.6536135854255276,0.6536135854255276,-0.0010419474366266418,-0.0010419474366266418,-0.0010419474366266418,0.0015861311893623582,0.0015861311893623582,0.0015861311893623582,-2.16154716512527e-05,-2.16154716512527e-05,-2.16154716512527e-05,-0.0009936827249880317,-0.0009936827249880317,-0.0009936827249880317,-0.0026064631543377473,-0.0026064631543377473,-0.0026064631543377473,4.826471163861025e-05,4.826471163861025e-05,4.826471163861025e-05,0.0,0.0,0.0,0.6529641008968727
2025-09-02 06:00:00,0.6535421710270909,0.6533011626420069,0.6541421897333549,0.6535421710270909,0.6535421710270909,0.0002520141368171933,0.0002520141368171933,0.0002520141368171933,0.0015264286725914092,0.0015264286725914092,0.0015264286725914092,-2.16154716512527e-05,-2.16154716512527e-05,-2.16154716512527e-05,0.00033998023681893174,0.00033998023681893174,0.00033998023681893174,-0.0012527990641229632,-0.0012527990641229632,-0.0012527990641229632,8.796610000173842e-05,8.796610000173842e-05,8.796610000173842e-05,0.0,0.0,0.0,0.6537643624491678
2025-09-02 07:00:00,0.6534707566286542,0.6507121029348374,0.6515663179694199,0.6534707566286542,0.6534707566286542,-0.0037326996763442652,-0.0037326996763442652,-0.0037326996763442652,0.0009331727918541848,0.0009331727918541848,0.0009331727918541848,-2.16154716512527e-05,-2.16154716512527e-05,-2.16154716512527e-05,-0.0036113911542504746,-0.0036113911542504746,-0.0036113911542504746,-0.0046442569965471974,-0.0046442569965471974,-0.0046442569965471974,0.00012130852209379098,0.00012130852209379098,0.00012130852209379098,0.0,0.0,0.0,0.651110818118604
2025-09-02 08:00:00,0.6533993422302175,0.651487786065212,0.6522621463372142,0.6533993422302175,0.6533993422302175,-0.0025279551219572183,-0.0025279551219572183,-0.0025279551219572183,0.0005591582350453117,0.0005591582350453117,0.0005591582350453117,8.26630339422248e-05,8.26630339422248e-05,8.26630339422248e-05,-0.002379602553172112,-0.002379602553172112,-0.002379602553172112,-0.003169776390944755,-0.003169776390944755,-0.003169776390944755,0.00014835256878510672,0.00014835256878510672,0.00014835256878510672,0.0,0.0,0.0,0.6518445114872055
2025-09-02 09:00:00,0.6533279278317807,0.6511372980561329,0.6518907988395068,0.6533279278317807,0.6533279278317807,-0.003023117013660139,-0.003023117013660139,-0.003023117013660139,0.00019133726431784965,0.00019133726431784965,0.00019133726431784965,8.26630339422248e-05,8.26630339422248e-05,8.26630339422248e-05,-0.0028538725449318387,-0.0028538725449318387,-0.0028538725449318387,-0.003297117311920213,-0.003297117311920213,-0.003297117311920213,0.00016924446872829986,0.00016924446872829986,0.00016924446872829986,0.0,0.0,0.0,0.6514634131957044
2025-09-02 10:00:00,0.653256513433344,0.6509991360445461,0.6517986235509828,0.653256513433344,0.653256513433344,-0.0031209410537129884,-0.0031209410537129884,-0.0031209410537129884,-0.00014687736865341496,-0.00014687736865341496,-0.00014687736865341496,8.26630339422248e-05,8.26630339422248e-05,8.26630339422248e-05,-0.0029367297028524237,-0.0029367297028524237,-0.0029367297028524237,-0.0030567267190017983,-0.0030567267190017983,-0.0030567267190017983,0.00018421135086056487,0.00018421135086056487,0.00018421135086056487,0.0,0.0,0.0,0.6513380756267625
2025-09-02 11:00:00,0.6531850990349073,0.6504890466297342,0.6511784555315886,0.6531850990349073,0.6531850990349073,-0.003841731999901445,-0.003841731999901445,-0.003841731999901445,-0.0006157550817165098,-0.0006157550817165098,-0.0006157550817165098,8.26630339422248e-05,8.26630339422248e-05,8.26630339422248e-05,-0.0036481765015603973,-0.0036481765015603973,-0.0036481765015603973,-0.00330863995212716,-0.00330863995212716,-0.00330863995212716,0.00019355549834104745,0.00019355549834104745,0.00019355549834104745,0.0,0.0,0.0,0.6508021645054388
2025-09-02 12:00:00,0.6531136846364706,0.6495457535760929,0.6501629887377127,0.6531136846364706,0.6531136846364706,-0.005180704594710983,-0.005180704594710983,-0.005180704594710983,-0.0008391725099330284,-0.0008391725099330284,-0.0008391725099330284,8.26630339422248e-05,8.26630339422248e-05,8.26630339422248e-05,-0.004983056912136944,-0.004983056912136944,-0.004983056912136944,-0.00442419511872018,-0.00442419511872018,-0.00442419511872018,0.00019764768257403946,0.00019764768257403946,0.00019764768257403946,0.0,0.0,0.0,0.6498591819758316
2025-09-02 13:00:00,0.6530422702380337,0.6509902760956371,0.6517816645022995,0.6530422702380337,0.6530422702380337,-0.0027656125884765385,-0.0027656125884765385,-0.0027656125884765385,-0.0008923576472483084,-0.0008923576472483084,-0.0008923576472483084,8.26630339422248e-05,8.26630339422248e-05,8.26630339422248e-05,-0.002568692911126604,-0.002568692911126604,-0.002568692911126604,-0.001955917975170455,-0.001955917975170455,-0.001955917975170455,0.00019691967734993503,0.00019691967734993503,0.00019691967734993503,0.0,0.0,0.0,0.6513648051878073
2025-09-02 14:00:00,0.6529708558395971,0.651802205786038,0.6525115129415264,0.6529708558395971,0.6529708558395971,-0.001483951442491537,-0.001483951442491537,-0.001483951442491537,-0.0007266169516152373,-0.0007266169516152373,-0.0007266169516152373,8.26630339422248e-05,8.26630339422248e-05,8.26630339422248e-05,-0.0012920953793560514,-0.0012920953793560514,-0.0012920953793560514,-0.0008399975248185245,-0.0008399975248185245,-0.0008399975248185245,0.0001918560631354856,0.0001918560631354856,0.0001918560631354856,0.0,0.0,0.0,0.6521271552139126
2025-09-02 15:00:00,0.6528994414411603,0.651438003798668,0.65216881487173,0.6528994414411603,0.6528994414411603,-0.0019310356756850877,-0.0019310356756850877,-0.0019310356756850877,-0.0006911408211518865,-0.0006911408211518865,-0.0006911408211518865,8.26630339422248e-05,8.26630339422248e-05,8.26630339422248e-05,-0.001748050235513755,-0.001748050235513755,-0.001748050235513755,-0.001322557888475426,-0.001322557888475426,-0.001322557888475426,0.0001829854401713327,0.0001829854401713327,0.0001829854401713327,0.0,0.0,0.0,0.6517581404187823
2025-09-02 16:00:00,0.6528280270427236,0.651717499663991,0.6523758007459592,0.6528280270427236,0.6528280270427236,-0.0013703011156366983,-0.0013703011156366983,-0.0013703011156366983,-0.0005314359661101103,-0.0005314359661101103,-0.0005314359661101103,8.26630339422248e-05,8.26630339422248e-05,8.26630339422248e-05,-0.0011994299397092391,-0.0011994299397092391,-0.0011994299397092391,-0.0009215281834688129,-0.0009215281834688129,-0.0009215281834688129,0.00017087117592745924,0.00017087117592745924,0.00017087117592745924,0.0,0.0,0.0,0.6520450055616073
2025-09-02 17:00:00,0.6528098198048913,0.6518207245344199,0.6525171722593343,0.6528098198048913,0.6528098198048913,-0.0011759348716559005,-0.0011759348716559005,-0.0011759348716559005,-8.348858885285314e-05,-8.348858885285314e-05,-8.348858885285314e-05,-8.418257500733919e-05,-8.418257500733919e-05,-8.418257500733919e-05,-0.0010198330537300956,-0.0010198330537300956,-0.0010198330537300956,-0.001008263707795708,-0.001008263707795708,-0.001008263707795708,0.00015610181792580477,0.00015610181792580477,0.00015610181792580477,0.0,0.0,0.0,0.6521440627728546
2025-09-02 18:00:00,0.6527916125670588,0.6515142779813184,0.652167141240386,0.6527916125670588,0.6527916125670588,-0.0015274134756067786,-0.0015274134756067786,-0.0015274134756067786,-3.0303451537495793e-05,-3.0303451537495793e-05,-3.0303451537495793e-05,-8.418257500733919e-05,-8.418257500733919e-05,-8.418257500733919e-05,-0.0013881321692308009,-0.0013881321692308009,-0.0013881321692308009,-0.0014129274490619437,-0.0014129274490619437,-0.0014129274490619437,0.00013928130637597773,0.00013928130637597773,0.00013928130637597773,0.0,0.0,0.0,0.6518854515298503
2025-09-02 19:00:00,0.6527734053292263,0.651952511787388,0.6525210433542219,0.6527734053292263,0.6527734053292263,-0.0009448523832218109,-0.0009448523832218109,-0.0009448523832218109,-6.587090833721328e-05,-6.587090833721328e-05,-6.587090833721328e-05,-8.418257500733919e-05,-8.418257500733919e-05,-8.418257500733919e-05,-0.0008238332601659289,-0.0008238332601659289,-0.0008238332601659289,-0.0007947988998772584,-0.0007947988998772584,-0.0007947988998772584,0.0001210191230558822,0.0001210191230558822,0.0001210191230558822,0.0,0.0,0.0,0.6522356288865644
2025-09-02 20:00:00,0.6527551980913938,0.6519686128283855,0.6526846558975552,0.6527551980913938,0.6527551980913938,-0.0007897983201431044,-0.0007897983201431044,-0.0007897983201431044,1.703680025332564e-05,1.703680025332564e-05,1.703680025332564e-05,-8.418257500733919e-05,-8.418257500733919e-05,-8.418257500733919e-05,-0.0006878778074007077,-0.0006878778074007077,-0.0006878778074007077,-0.0007226525453890908,-0.0007226525453890908,-0.0007226525453890908,0.00010192051274239669,0.00010192051274239669,0.00010192051274239669,0.0,0.0,0.0,0.6523061822769612
2025-09-02 21:00:00,0.6527369908535614,0.6516547628966005,0.6524008554647995,0.6527369908535614,0.6527369908535614,-0.0010919799328517803,-0.0010919799328517803,-0.0010919799328517803,-1.8497446969517143e-05,-1.8497446969517143e-05,-1.8497446969517143e-05,-8.418257500733919e-05,-8.418257500733919e-05,-8.418257500733919e-05,-0.0010094030209638785,-0.0010094030209638785,-0.0010094030209638785,-0.000989299910874924,-0.000989299910874924,-0.000989299910874924,8.257691188790189e-05,8.257691188790189e-05,8.257691188790189e-05,0.0,0.0,0.0,0.652078116163099
2025-09-02 22:00:00,0.6527187836157289,0.6516998863328222,0.6524277738500762,0.6527187836157289,0.6527187836157289,-0.0010163422432837351,-0.0010163422432837351,-0.0010163422432837351,-2.44253564361625e-05,-2.44253564361625e-05,-2.44253564361625e-05,-8.418257500733919e-05,-8.418257500733919e-05,-8.418257500733919e-05,-0.0009527855276381081,-0.0009527855276381081,-0.0009527855276381081,-0.0009077343118402334,-0.0009077343118402334,-0.0009077343118402334,6.355671564562722e-05,6.355671564562722e-05,6.355671564562722e-05,0.0,0.0,0.0,0.6520968826050823
2025-09-02 23:00:00,0.6527005763778965,0.6516628697525331,0.6523869847283016,0.6527005763778965,0.6527005763778965,-0.0009823916641819859,-0.0009823916641819859,-0.0009823916641819859,4.6576718855850974e-05,4.6576718855850974e-05,4.6576718855850974e-05,-8.418257500733919e-05,-8.418257500733919e-05,-8.418257500733919e-05,-0.0009369951550111482,-0.0009369951550111482,-0.0009369951550111482,-0.0009447858080304975,-0.0009447858080304975,-0.0009447858080304975,4.53965091708375e-05,4.53965091708375e-05,4.53965091708375e-05,0.0,0.0,0.0,0.6520889991001574
2025-09-03 00:00:00,0.652682369140064,0.6514979238044065,0.6521983475944225,0.652682369140064,0.652682369140064,-0.0012579475570446016,-0.0012579475570446016,-0.0012579475570446016,-2.4475170801397235e-05,-2.4475170801397235e-05,-2.4475170801397235e-05,-2.16154716512527e-05,-2.16154716512527e-05,-2.16154716512527e-05,-0.0012293546748127948,-0.0012293546748127948,-0.0012293546748127948,-0.0012118569145919515,-0.0012118569145919515,-0.0012118569145919515,2.8592882231806842e-05,2.8592882231806842e-05,2.8592882231806842e-05,0.0,0.0,0.0,0.6518799910183938
2025-09-03 01:00:00,0.6526641619022315,0.6521830587694869,0.6528414915604601,0.6526641619022315,0.6526641619022315,-0.0002365379626323145,-0.0002365379626323145,-0.0002365379626323145,2.296470971989367e-05,2.296470971989367e-05,2.296470971989367e-05,-2.16154716512527e-05,-2.16154716512527e-05,-2.16154716512527e-05,-0.00022294302478825836,-0.00022294302478825836,-0.00022294302478825836,-0.00023788720070095547,-0.00023788720070095547,-0.00023788720070095547,1.3594937844056123e-05,1.3594937844056123e-05,1.3594937844056123e-05,0.0,0.0,0.0,0.6525186549798061
2025-09-03 02:00:00,0.652645954664399,0.6519620914194825,0.6526380045542368,0.652645954664399,0.652645954664399,-0.00047409457147402223,-0.00047409457147402223,-0.00047409457147402223,7.62826853425952e-05,7.62826853425952e-05,7.62826853425952e-05,-2.16154716512527e-05,-2.16154716512527e-05,-2.16154716512527e-05,-0.0004732969757917595,-0.0004732969757917595,-0.0004732969757917595,-0.0005287617851653647,-0.0005287617851653647,-0.0005287617851653647,7.975956822626031e-07,7.975956822626031e-07,7.975956822626031e-07,0.0,0.0,0.0,0.6523370593077936
2025-09-03 03:00:00,0.6526277474265666,0.6517093396386904,0.6523655176299485,0.6526277474265666,0.6526277474265666,-0.000853460664671846,-0.000853460664671846,-0.000853460664671846,6.444347119781917e-05,6.444347119781917e-05,6.444347119781917e-05,-2.16154716512527e-05,-2.16154716512527e-05,-2.16154716512527e-05,-0.0008629248846637329,-0.0008629248846637329,-0.0008629248846637329,-0.0008962886642184126,-0.0008962886642184126,-0.0008962886642184126,-9.464219991886947e-06,-9.464219991886947e-06,-9.464219991886947e-06,0.0,0.0,0.0,0.6520645787028901
2025-09-03 04:00:00,0.6526095401887342,0.6519392818934283,0.6526498185813959,0.6526095401887342,0.6526095401887342,-0.0004409906871858108,-0.0004409906871858108,-0.0004409906871858108,0.00010591393028148732,0.00010591393028148732,0.00010591393028148732,-2.16154716512527e-05,-2.16154716512527e-05,-2.16154716512527e-05,-0.00045791111770176167,-0.00045791111770176167,-0.00045791111770176167,-0.0005252891458160454,-0.0005252891458160454,-0.0005252891458160454,-1.6920430515950818e-05,-1.6920430515950818e-05,-1.6920430515950818e-05,0.0,0.0,0.0,0.6523107030247636
2025-09-03 05:00:00,0.6525913329509017,0.6514100020886808,0.6521069581547122,0.6525913329509017,0.6525913329509017,-0.001280672703754971,-0.001280672703754971,-0.001280672703754971,7.043779981805929e-05,7.043779981805929e-05,7.043779981805929e-05,-2.16154716512527e-05,-2.16154716512527e-05,-2.16154716512527e-05,-0.0013020423307853485,-0.0013020423307853485,-0.0013020423307853485,-0.0013294950319217775,-0.0013294950319217775,-0.0013294950319217775,-2.136962703037774e-05,-2.136962703037774e-05,-2.136962703037774e-05,0.0,0.0,0.0,0.651741631410696
2025-09-03 06:00:00,0.6525731257130692,0.6511379237703693,0.6517815197101002,0.6525731257130692,0.6525731257130692,-0.0017465331048216407,-0.0017465331048216407,-0.0017465331048216407,-0.0001367484477160626,-0.0001367484477160626,-0.0001367484477160626,-2.16154716512527e-05,-2.16154716512527e-05,-2.16154716512527e-05,-0.0017692149235455298,-0.0017692149235455298,-0.0017692149235455298,-0.0015881691854543255,-0.0015881691854543255,-0.0015881691854543255,-2.268181872388912e-05,-2.268181872388912e-05,-2.268181872388912e-05,0.0,0.0,0.0,0.6514185836003529
2025-09-03 07:00:00,0.6525549184752367,0.6517978384469268,0.6525635840210666,0.6525549184752367,0.6525549184752367,-0.0005541364943659837,-0.0005541364943659837,-0.0005541364943659837,-0.00014860426664927597,-0.00014860426664927597,-0.00014860426664927597,-2.16154716512527e-05,-2.16154716512527e-05,-2.16154716512527e-05,-0.0005749365642447579,-0.0005749365642447579,-0.0005749365642447579,-0.000383916756065455,-0.000383916756065455,-0.000383916756065455,-2.080006987877417e-05,-2.080006987877417e-05,-2.080006987877417e-05,0.0,0.0,0.0,0.6521797407924276
2025-09-03 08:00:00,0.6525367112374043,0.6522206283274642,0.6529408251392362,0.6525367112374043,0.6525367112374043,5.910368291174819e-05,5.910368291174819e-05,5.910368291174819e-05,-4.78381081110262e-05,-4.78381081110262e-05,-4.78381081110262e-05,8.26630339422248e-05,8.26630339422248e-05,8.26630339422248e-05,4.3362677193405473e-05,4.3362677193405473e-05,4.3362677193405473e-05,2.4278757080549592e-05,2.4278757080549592e-05,2.4278757080549592e-05,-1.574100571834268e-05,-1.574100571834268e-05,-1.574100571834268e-05,0.0,0.0,0.0,0.6525650069761706
2025-09-03 09:00:00,0.6525185039995718,0.652612511918901,0.6533767546410424,0.6525185039995718,0.6525185039995718,0.000776309212156422,0.000776309212156422,0.000776309212156422,9.46309765487827e-05,9.46309765487827e-05,9.46309765487827e-05,8.26630339422248e-05,8.26630339422248e-05,8.26630339422248e-05,0.0007687150296907676,0.0007687150296907676,0.0007687150296907676,0.0005990152016654146,0.0005990152016654146,0.0005990152016654146,-7.594182465654438e-06,-7.594182465654438e-06,-7.594182465654438e-06,0.0,0.0,0.0,0.6530201047807476
2025-09-03 10:00:00,0.6525002967617394,0.6526555546787673,0.6534220863104417,0.6525002967617394,0.6525002967617394,0.0008231334359632463,0.0008231334359632463,0.0008231334359632463,0.00033170584324230504,0.00033170584324230504,0.00033170584324230504,8.26630339422248e-05,8.26630339422248e-05,8.26630339422248e-05,0.0008266131034455655,0.0008266131034455655,0.0008266131034455655,0.00040876455877871654,0.00040876455877871654,0.00040876455877871654,3.479667482319225e-06,3.479667482319225e-06,3.479667482319225e-06,0.0,0.0,0.0,0.6530396620570448
2025-09-03 11:00:00,0.6525299816542142,0.653220516722746,0.6539468253287156,0.6525299816542142,0.6525299816542142,0.0017160404469467809,0.0017160404469467809,0.0017160404469467809,0.0006934162518305428,0.0006934162518305428,0.0006934162518305428,8.26630339422248e-05,8.26630339422248e-05,8.26630339422248e-05,0.0017332919359112576,0.0017332919359112576,0.0017332919359112576,0.0009399611611740133,0.0009399611611740133,0.0009399611611740133,1.7251488964476792e-05,1.7251488964476792e-05,1.7251488964476792e-05,0.0,0.0,0.0,0.6536610066093557
2025-09-03 12:00:00,0.6525596665466891,0.6538002269153896,0.6544918290251776,0.6525596665466891,0.6525596665466891,0.002259443745373756,0.002259443745373756,0.002259443745373756,0.0009489639456434168,0.0009489639456434168,0.0009489639456434168,8.26630339422248e-05,8.26630339422248e-05,8.26630339422248e-05,0.0022928715602218586,0.0022928715602218586,0.0022928715602218586,0.0012278167657881148,0.0012278167657881148,0.0012278167657881148,3.3427814848102123e-05,3.3427814848102123e-05,3.3427814848102123e-05,0.0,0.0,0.0,0.6540559020474619
2025-09-03 13:00:00,0.6525893514391639,0.6536312125153365,0.654357379665595,0.6525893514391639,0.6525893514391639,0.0021531178642874285,0.0021531178642874285,0.0021531178642874285,0.0011154186471785982,0.0011154186471785982,0.0011154186471785982,8.26630339422248e-05,8.26630339422248e-05,8.26630339422248e-05,0.002204773542783859,0.002204773542783859,0.002204773542783859,0.0009550361831666056,0.0009550361831666056,0.0009550361831666056,5.165567849643038e-05,5.165567849643038e-05,5.165567849643038e-05,0.0,0.0,0.0,0.6540281631755195
2025-09-03 14:00:00,0.6526190363316388,0.6543537247605069,0.654969207655192,0.6526190363316388,0.6526190363316388,0.0029893158124077433,0.0029893158124077433,0.0029893158124077433,0.0013001054064010603,0.0013001054064010603,0.0013001054064010603,8.26630339422248e-05,8.26630339422248e-05,8.26630339422248e-05,0.0030608442709451223,0.0030608442709451223,0.0030608442709451223,0.0016065473720644583,0.0016065473720644583,0.0016065473720644583,7.152845853737946e-05,7.152845853737946e-05,7.152845853737946e-05,0.0,0.0,0.0,0.6546166015701043
2025-09-03 15:00:00,0.6526487212241135,0.6548092104710166,0.655461798033107,0.6526487212241135,0.6526487212241135,0.003659916667370131,0.003659916667370131,0.003659916667370131,0.001580269699049385,0.001580269699049385,0.001580269699049385,8.26630339422248e-05,8.26630339422248e-05,8.26630339422248e-05,0.0037525092411689522,0.0037525092411689522,0.0037525092411689522,0.001996983934378521,0.001996983934378521,0.001996983934378521,9.259257379882167e-05,9.259257379882167e-05,9.259257379882167e-05,0.0,0.0,0.0,0.6550977915817442
2025-09-03 16:00:00,0.6526784061165884,0.65500820230933,0.6557101623132068,0.6526784061165884,0.6526784061165884,0.003970801989541983,0.003970801989541983,0.003970801989541983,0.0017951024516518334,0.0017951024516518334,0.0017951024516518334,8.26630339422248e-05,8.26630339422248e-05,8.26630339422248e-05,0.004085156924009697,0.004085156924009697,0.004085156924009697,0.0020930365039479246,0.0020930365039479246,0.0020930365039479246,0.00011435493446771376,0.00011435493446771376,0.00011435493446771376,0.0,0.0,0.0,0.6553446998264872
2025-09-03 17:00:00,0.6527080910090634,0.6543647839701121,0.6550696677064259,0.6527080910090634,0.6527080910090634,0.0029220999642079904,0.0029220999642079904,0.0029220999642079904,0.0018666690897501754,0.0018666690897501754,0.0018666690897501754,-8.418257500733919e-05,-8.418257500733919e-05,-8.418257500733919e-05,0.0030583910094872423,0.0030583910094872423,0.0030583910094872423,0.0011396134494651537,0.0011396134494651537,0.0011396134494651537,0.0001362910452792524,0.0001362910452792524,0.0001362910452792524,0.0,0.0,0.0,0.654704327566425
2025-09-03 18:00:00,0.6527377759015381,0.6544142472226275,0.6551700297511998,0.6527377759015381,0.6527377759015381,0.003068213091178703,0.003068213091178703,0.003068213091178703,0.0019739941397150713,0.0019739941397150713,0.0019739941397150713,-8.418257500733919e-05,-8.418257500733919e-05,-8.418257500733919e-05,0.003226066738391791,0.003226066738391791,0.003226066738391791,0.001178401526470971,0.001178401526470971,0.001178401526470971,0.0001578536472130875,0.0001578536472130875,0.0001578536472130875,0.0,0.0,0.0,0.654843551529266
2025-09-03 19:00:00,0.652767460794013,0.654130627157051,0.6548507109672963,0.652767460794013,0.652767460794013,0.0025485167009196208,0.0025485167009196208,0.0025485167009196208,0.0019262636753963201,0.0019262636753963201,0.0019262636753963201,-8.418257500733919e-05,-8.418257500733919e-05,-8.418257500733919e-05,0.00272699847761364,0.00272699847761364,0.00272699847761364,0.0007064356005306399,0.0007064356005306399,0.0007064356005306399,0.00017848177669401897,0.00017848177669401897,0.00017848177669401897,0.0,0.0,0.0,0.6545475566658341
2025-09-03 20:00:00,0.6527971456864878,0.6543963701863248,0.6550433806506546,0.6527971456864878,0.6527971456864878,0.002727757670056236,0.002727757670056236,0.002727757670056236,0.0018426336585094906,0.0018426336585094906,0.0018426336585094906,-8.418257500733919e-05,-8.418257500733919e-05,-8.418257500733919e-05,0.002925367785389871,0.002925367785389871,0.002925367785389871,0.0009693065865540845,0.0009693065865540845,0.0009693065865540845,0.0001976101153336349,0.0001976101153336349,0.0001976101153336349,0.0,0.0,0.0,0.6547068174268734
2025-09-03 21:00:00,0.6528268305789627,0.6540708394687678,0.6548256514272143,0.6528268305789627,0.6528268305789627,0.002286888229399352,0.002286888229399352,0.002286888229399352,0.0017112233629386756,0.0017112233629386756,0.0017112233629386756,-8.418257500733919e-05,-8.418257500733919e-05,-8.418257500733919e-05,0.002501566728211684,0.002501566728211684,0.002501566728211684,0.0006598474414680152,0.0006598474414680152,0.0006598474414680152,0.00021467849881233266,0.00021467849881233266,0.00021467849881233266,0.0,0.0,0.0,0.654459920457623
2025-09-03 22:00:00,0.6528565154714375,0.6539338914739392,0.654868140086177,0.6528565154714375,0.6528565154714375,0.0021813669056782595,0.0021813669056782595,0.0021813669056782595,0.0016694623200576243,0.0016694623200576243,0.0016694623200576243,-8.418257500733919e-05,-8.418257500733919e-05,-8.418257500733919e-05,0.0024105083566130807,0.0024105083566130807,0.0024105083566130807,0.000596087160627974,0.000596087160627974,0.000596087160627974,0.00022914145093482147,0.00022914145093482147,0.00022914145093482147,0.0,0.0,0.0,0.6544302315576507
2025-09-03 23:00:00,0.6528862003639123,0.6543465256835461,0.6550589957393999,0.6528862003639123,0.6528862003639123,0.00258182317402522,0.00258182317402522,0.00258182317402522,0.0016694623200576243,0.0016694623200576243,0.0016694623200576243,-8.418257500733919e-05,-8.418257500733919e-05,-8.418257500733919e-05,0.0028223007820667324,0.0028223007820667324,0.0028223007820667324,0.0009965434289749345,0.0009965434289749345,0.0009965434289749345,0.00024047760804151255,0.00024047760804151255,0.00024047760804151255,0.0,0.0,0.0,0.6547288415978
2025-09-04 00:00:00,0.6529158852563872,0.6547524722426152,0.6554940993853482,0.6529158852563872,0.6529158852563872,0.003069555292575547,0.003069555292575547,0.003069555292575547,0.0017590036416226616,0.0017590036416226616,0.0017590036416226616,-2.16154716512527e-05,-2.16154716512527e-05,-2.16154716512527e-05,0.003317754192577372,0.003317754192577372,0.003317754192577372,0.0013321671226041382,0.0013321671226041382,0.0013321671226041382,0.0002481989000018251,0.0002481989000018251,0.0002481989000018251,0.0,0.0,0.0,0.655082099672097
2025-09-04 01:00:00,0.652945570148862,0.6537976545322769,0.6546285094574585,0.652945570148862,0.652945570148862,0.0016936955112074297,0.0016936955112074297,0.0016936955112074297,0.0016933981225677622,0.0016933981225677622,0.0016933981225677622,-2.16154716512527e-05,-2.16154716512527e-05,-2.16154716512527e-05,0.0019455548677445502,0.0019455548677445502,0.0019455548677445502,2.19128602909203e-05,2.19128602909203e-05,2.19128602909203e-05,0.0002518593565371208,0.0002518593565371208,0.0002518593565371208,0.0,0.0,0.0,0.6542159115812374
2025-09-04 02:00:00,0.6529752550413369,0.6536460071520529,0.6543041321768862,0.6529752550413369,0.6529752550413369,0.0012758682951957737,0.0012758682951957737,0.0012758682951957737,0.001621889601228912,0.001621889601228912,0.001621889601228912,-2.16154716512527e-05,-2.16154716512527e-05,-2.16154716512527e-05,0.0015269317074176865,0.0015269317074176865,0.0015269317074176865,-0.00032440583438188546,-0.00032440583438188546,-0.00032440583438188546,0.0002510634122219131,0.0002510634122219131,0.0002510634122219131,0.0,0.0,0.0,0.6539723036624187
2025-09-04 03:00:00,0.6530049399338117,0.6532198124733624,0.6538541695503205,0.6530049399338117,0.6530049399338117,0.000657829166933474,0.000657829166933474,0.000657829166933474,0.0015027751514844747,0.0015027751514844747,0.0015027751514844747,-2.16154716512527e-05,-2.16154716512527e-05,-2.16154716512527e-05,0.0009033027565465468,0.0009033027565465468,0.0009033027565465468,-0.0008233305128997481,-0.0008233305128997481,-0.0008233305128997481,0.0002454735896130728,0.0002454735896130728,0.0002454735896130728,0.0,0.0,0.0,0.6535948010960925
2025-09-04 04:00:00,0.653006882489158,0.6527843041075776,0.6535020063936391,0.653006882489158,0.653006882489158,-3.020398732715238e-05,-3.020398732715238e-05,-3.020398732715238e-05,0.0012824296091260058,0.0012824296091260058,0.0012824296091260058,-2.16154716512527e-05,-2.16154716512527e-05,-2.16154716512527e-05,0.00020461346030066965,0.00020461346030066965,0.00020461346030066965,-0.0012910181248019055,-0.0012910181248019055,-0.0012910181248019055,0.00023481744762782203,0.00023481744762782203,0.00023481744762782203,0.0,0.0,0.0,0.6531404964869842
2025-09-04 05:00:00,0.6530088250445041,0.6522138057824705,0.6528907765580927,0.6530088250445041,0.6530088250445041,-0.0008853527665591866,-0.0008853527665591866,-0.0008853527665591866,0.0009549665766579143,0.0009549665766579143,0.0009549665766579143,-2.16154716512527e-05,-2.16154716512527e-05,-2.16154716512527e-05,-0.0006664590748471764,-0.0006664590748471764,-0.0006664590748471764,-0.0018187038715658482,-0.0018187038715658482,-0.0018187038715658482,0.0002188936917120101,0.0002188936917120101,0.0002188936917120101,0.0,0.0,0.0,0.6525736213870978
2025-09-04 06:00:00,0.6530107675998503,0.6521235315770061,0.6529200600272063,0.6530107675998503,0.6530107675998503,-0.001017089354616679,-0.001017089354616679,-0.001017089354616679,0.0007527866728329765,0.0007527866728329765,0.0007527866728329765,-2.16154716512527e-05,-2.16154716512527e-05,-2.16154716512527e-05,-0.0008195120019008946,-0.0008195120019008946,-0.0008195120019008946,-0.0017482605557984027,-0.0017482605557984027,-0.0017482605557984027,0.0001975773527157842,0.0001975773527157842,0.0001975773527157842,0.0,0.0,0.0,0.6524756174384317
2025-09-04 07:00:00,0.6530127101551965,0.6520889134053014,0.6528492031505112,0.6530127101551965,0.6530127101551965,-0.00102360947377935,-0.00102360947377935,-0.00102360947377935,0.0005982209998078059,0.0005982209998078059,0.0005982209998078059,-2.16154716512527e-05,-2.16154716512527e-05,-2.16154716512527e-05,-0.0008527855201466102,-0.0008527855201466102,-0.0008527855201466102,-0.001600215001935903,-0.001600215001935903,-0.001600215001935903,0.00017082395363273958,0.00017082395363273958,0.00017082395363273958,0.0,0.0,0.0,0.6524558303715045
2025-09-04 08:00:00,0.6530146527105426,0.6523576947171512,0.6530207962994278,0.6530146527105426,0.6530146527105426,-0.0006153918938908347,-0.0006153918938908347,-0.0006153918938908347,0.000526903433535792,0.000526903433535792,0.000526903433535792,8.26630339422248e-05,8.26630339422248e-05,8.26630339422248e-05,-0.0004767192978102195,-0.0004767192978102195,-0.0004767192978102195,-0.0012249583613688515,-0.0012249583613688515,-0.0012249583613688515,0.00013867259608061526,0.00013867259608061526,0.00013867259608061526,0.0,0.0,0.0,0.6527033480238427
2025-09-04 09:00:00,0.6530165952658888,0.6515442676128699,0.6522197089694842,0.6530165952658888,0.6530165952658888,-0.0018766673613504704,-0.0018766673613504704,-0.0018766673613504704,0.0003786226729283219,0.0003786226729283219,0.0003786226729283219,8.26630339422248e-05,8.26630339422248e-05,8.26630339422248e-05,-0.0017754194488226185,-0.0017754194488226185,-0.0017754194488226185,-0.002337953068221017,-0.002337953068221017,-0.002337953068221017,0.00010124791252785195,0.00010124791252785195,0.00010124791252785195,0.0,0.0,0.0,0.6518572169022498
2025-09-04 10:00:00,0.653018537821235,0.6515042840435223,0.6522600616930861,0.653018537821235,0.653018537821235,-0.0017127202987715859,-0.0017127202987715859,-0.0017127202987715859,0.00031340736640135227,0.00031340736640135227,0.00031340736640135227,8.26630339422248e-05,8.26630339422248e-05,8.26630339422248e-05,-0.0016539594537746483,-0.0016539594537746483,-0.0016539594537746483,-0.002108790699115163,-0.002108790699115163,-0.002108790699115163,5.876084499693748e-05,5.876084499693748e-05,5.876084499693748e-05,0.0,0.0,0.0,0.6519384716371155
2025-09-04 11:00:00,0.6530204803765811,0.6512112726448338,0.6520129502802757,0.6530204803765811,0.6530204803765811,-0.0021523484561017147,-0.0021523484561017147,-0.0021523484561017147,0.0002008102961125838,0.0002008102961125838,0.0002008102961125838,8.26630339422248e-05,8.26630339422248e-05,8.26630339422248e-05,-0.002140840229943869,-0.002140840229943869,-0.002140840229943869,-0.002435821786156523,-0.002435821786156523,-0.002435821786156523,1.150822615784584e-05,1.150822615784584e-05,1.150822615784584e-05,0.0,0.0,0.0,0.6516224678612137
2025-09-04 12:00:00,0.6530224229319274,0.6514063366431384,0.652224191306871,0.6530224229319274,0.6530224229319274,-0.0017599677016506444,-0.0017599677016506444,-0.0017599677016506444,0.00011187504932493005,0.00011187504932493005,0.00011187504932493005,8.26630339422248e-05,8.26630339422248e-05,8.26630339422248e-05,-0.0018000965471101228,-0.0018000965471101228,-0.0018000965471101228,-0.001954505784917799,-0.001954505784917799,-0.001954505784917799,-4.012884545947853e-05,-4.012884545947853e-05,-4.012884545947853e-05,0.0,0.0,0.0,0.6518469195232222
2025-09-04 13:00:00,0.6530243654872735,0.6517567503337924,0.6524973867472539,0.6530243654872735,0.6530243654872735,-0.0012962802826295935,-0.0012962802826295935,-0.0012962802826295935,3.4737504710997614e-05,3.4737504710997614e-05,3.4737504710997614e-05,8.26630339422248e-05,8.26630339422248e-05,8.26630339422248e-05,-0.00139196811117615,-0.00139196811117615,-0.00139196811117615,-0.001413680821282816,-0.001413680821282816,-0.001413680821282816,-9.568782854655646e-05,-9.568782854655646e-05,-9.568782854655646e-05,0.0,0.0,0.0,0.6521153763946942
2025-09-04 14:00:00,0.6530263080426197,0.6505838795827755,0.6513822749649787,0.6530263080426197,0.6530263080426197,-0.003001535569064825,-0.003001535569064825,-0.003001535569064825,-0.00011896471931620385,-0.00011896471931620385,-0.00011896471931620385,8.26630339422248e-05,8.26630339422248e-05,8.26630339422248e-05,-0.003156164306134884,-0.003156164306134884,-0.003156164306134884,-0.0029652338836908456,-0.0029652338836908456,-0.0029652338836908456,-0.00015462873707005936,-0.00015462873707005936,-0.00015462873707005936,0.0,0.0,0.0,0.6509652497182086
2025-09-04 15:00:00,0.6530282505979659,0.6508862209277555,0.6517880786099046,0.6530282505979659,0.6530282505979659,-0.0023425527546645356,-0.0023425527546645356,-0.0023425527546645356,-0.00022545952986000538,-0.00022545952986000538,-0.00022545952986000538,8.26630339422248e-05,8.26630339422248e-05,8.26630339422248e-05,-0.002558892028911276,-0.002558892028911276,-0.002558892028911276,-0.0021997562587467547,-0.0021997562587467547,-0.0021997562587467547,-0.00021633927424674051,-0.00021633927424674051,-0.00021633927424674051,0.0,0.0,0.0,0.6513572218128569
2025-09-04 16:00:00,0.653030193153312,0.6507723447075234,0.6515571652430603,0.653030193153312,0.653030193153312,-0.0025477346981135226,-0.0025477346981135226,-0.0025477346981135226,-0.0003082427025373028,-0.0003082427025373028,-0.0003082427025373028,8.26630339422248e-05,8.26630339422248e-05,8.26630339422248e-05,-0.002827875746238318,-0.002827875746238318,-0.002827875746238318,-0.0023221550295184443,-0.0023221550295184443,-0.0023221550295184443,-0.00028014104812479584,-0.00028014104812479584,-0.00028014104812479584,0.0,0.0,0.0,0.6511835049085324
2025-09-04 17:00:00,0.6530321357086583,0.6505066185032923,0.6512811647359884,0.6530321357086583,0.6530321357086583,-0.0029292410950873095,-0.0029292410950873095,-0.0029292410950873095,-0.0004383661270054216,-0.0004383661270054216,-0.0004383661270054216,-8.418257500733919e-05,-8.418257500733919e-05,-8.418257500733919e-05,-0.003274537895244723,-0.003274537895244723,-0.003274537895244723,-0.002406692393074549,-0.002406692393074549,-0.002406692393074549,-0.00034529680015741356,-0.00034529680015741356,-0.00034529680015741356,0.0,0.0,0.0,0.6508937572334677
2025-09-04 18:00:00,0.6530340782640044,0.6508108086857122,0.65151221309046,0.6530340782640044,0.6530340782640044,-0.0024594138097359854,-0.0024594138097359854,-0.0024594138097359854,-0.0005626944803143167,-0.0005626944803143167,-0.0005626944803143167,-8.418257500733919e-05,-8.418257500733919e-05,-8.418257500733919e-05,-0.0028704323737784483,-0.0028704323737784483,-0.0028704323737784483,-0.0018125367544143294,-0.0018125367544143294,-0.0018125367544143294,-0.00041101856404246267,-0.00041101856404246267,-0.00041101856404246267,0.0,0.0,0.0,0.6511595881045747
2025-09-04 19:00:00,0.6530360208193505,0.6514156159444141,0.6521359539249907,0.6530360208193505,0.6530360208193505,-0.001486205866414095,-0.001486205866414095,-0.001486205866414095,-0.00040899225628711523,-0.00040899225628711523,-0.00040899225628711523,-8.418257500733919e-05,-8.418257500733919e-05,-8.418257500733919e-05,-0.0019626825259727336,-0.0019626825259727336,-0.0019626825259727336,-0.0009930310351196406,-0.0009930310351196406,-0.0009930310351196406,-0.0004764766595586384,-0.0004764766595586384,-0.0004764766595586384,0.0,0.0,0.0,0.6517543184324576
2025-09-04 20:00:00,0.6530379633746968,0.6513973789063509,0.6521685229922985,0.6530379633746968,0.6530379633746968,-0.0014589400935894543,-0.0014589400935894543,-0.0014589400935894543,-0.0003261758740329431,-0.0003261758740329431,-0.0003261758740329431,-8.418257500733919e-05,-8.418257500733919e-05,-8.418257500733919e-05,-0.001999749508064529,-0.001999749508064529,-0.001999749508064529,-0.0010485816445491719,-0.0010485816445491719,-0.0010485816445491719,-0.0005408094144750749,-0.0005408094144750749,-0.0005408094144750749,0.0,0.0,0.0,0.6517320510286908
2025-09-04 21:00:00,0.6530399059300429,0.6512073280116679,0.6519200452579951,0.6530399059300429,0.6530399059300429,-0.0016114172006691512,-0.0016114172006691512,-0.0016114172006691512,-0.00024930400603377634,-0.00024930400603377634,-0.00024930400603377634,-8.418257500733919e-05,-8.418257500733919e-05,-8.418257500733919e-05,-0.0022145506979151545,-0.0022145506979151545,-0.0022145506979151545,-0.0012779306196280356,-0.0012779306196280356,-0.0012779306196280356,-0.0006031334972460041,-0.0006031334972460041,-0.0006031334972460041,0.0,0.0,0.0,0.651593715950599
2025-09-04 22:00:00,0.653066200307299,0.6514897047974122,0.6522234172096372,0.653066200307299,0.653066200307299,-0.0012021159590396876,-0.0012021159590396876,-0.0012021159590396876,-0.00013694770517707887,-0.00013694770517707887,-0.00013694770517707887,-8.418257500733919e-05,-8.418257500733919e-05,-8.418257500733919e-05,-0.001864670693401885,-0.001864670693401885,-0.001864670693401885,-0.0009809856788552695,-0.0009809856788552695,-0.0009809856788552695,-0.0006625547343621973,-0.0006625547343621973,-0.0006625547343621973,0.0,0.0,0.0,0.6518484469027347
2025-09-04 23:00:00,0.653092494684555,0.651961894409978,0.6527872212402598,0.653092494684555,0.653092494684555,-0.0004433137251502365,-0.0004433137251502365,-0.0004433137251502365,-1.8547261334829205e-05,-1.8547261334829205e-05,-1.8547261334829205e-05,-8.418257500733919e-05,-8.418257500733919e-05,-8.418257500733919e-05,-0.0011614930040792202,-0.0011614930040792202,-0.0011614930040792202,-0.0003405838888080681,-0.0003405838888080681,-0.0003405838888080681,-0.0007181792789289837,-0.0007181792789289837,-0.0007181792789289837,0.0,0.0,0.0,0.6523339323209623
2025-09-05 00:00:00,0.6531187890618112,0.6525169518247985,0.6533296320156382,0.6531187890618112,0.6531187890618112,0.0004369634141907709,0.0004369634141907709,0.0004369634141907709,9.409962331925132e-05,9.409962331925132e-05,9.409962331925132e-05,-2.16154716512527e-05,-2.16154716512527e-05,-2.16154716512527e-05,-0.00033216157733711153,-0.00033216157733711153,-0.00033216157733711153,0.00036447926252277226,0.00036447926252277226,0.00036447926252277226,-0.0007691249915278823,-0.0007691249915278823,-0.0007691249915278823,0.0,0.0,0.0,0.6529018480946479
2025-09-05 01:00:00,0.6531450834390672,0.6528178962346812,0.6535805621152125,0.6531450834390672,0.6531450834390672,0.0010091220726303027,0.0010091220726303027,0.0010091220726303027,0.0002542362028600121,0.0002542362028600121,0.0002542362028600121,-2.16154716512527e-05,-2.16154716512527e-05,-2.16154716512527e-05,0.00019458918242626493,0.00019458918242626493,0.00019458918242626493,0.0007765013414215432,0.0007765013414215432,0.0007765013414215432,-0.0008145328902040378,-0.0008145328902040378,-0.0008145328902040378,0.0,0.0,0.0,0.6532721784068592
2025-09-05 02:00:00,0.6531713778163233,0.6530850286885981,0.6536931496164887,0.6531713778163233,0.6531713778163233,0.0011929370804606154,0.0011929370804606154,0.0011929370804606154,0.00043805121069032506,0.00043805121069032506,0.00043805121069032506,-2.16154716512527e-05,-2.16154716512527e-05,-2.16154716512527e-05,0.00033935855571764925,0.00033935855571764925,0.00033935855571764925,0.0007765013414215432,0.0007765013414215432,0.0007765013414215432,-0.0008535785247429664,-0.0008535785247429664,-0.0008535785247429664,0.0,0.0,0.0,0.6533930371117351
2025-09-05 03:00:00,0.6531976721935794,0.6533885309008112,0.6541011970811585,0.6531976721935794,0.6531976721935794,0.0016238037343390614,0.0016238037343390614,0.0016238037343390614,0.0006219658472511074,0.0006219658472511074,0.0006219658472511074,-2.16154716512527e-05,-2.16154716512527e-05,-2.16154716512527e-05,0.0007383206046073541,0.0007383206046073541,0.0007383206046073541,0.0010234533587392066,0.0010234533587392066,0.0010234533587392066,-0.0008854831297317072,-0.0008854831297317072,-0.0008854831297317072,0.0,0.0,0.0,0.6536799414938416
2025-09-05 04:00:00,0.6532239665708354,0.6529255237737667,0.6536121250920922,0.6532239665708354,0.6532239665708354,0.000944540789648339,0.000944540789648339,0.000944540789648339,0.0006990867870766025,0.0006990867870766025,0.0006990867870766025,-2.16154716512527e-05,-2.16154716512527e-05,-2.16154716512527e-05,3.501637690813859e-05,3.501637690813859e-05,3.501637690813859e-05,0.00026706947422298915,0.00026706947422298915,0.00026706947422298915,-0.0009095244127402003,-0.0009095244127402003,-0.0009095244127402003,0.0,0.0,0.0,0.6532468401074542
2025-09-05 05:00:00,0.6532502609480915,0.6538188487728662,0.6545501949109671,0.6532502609480915,0.6532502609480915,0.0023577408465655404,0.0023577408465655404,0.0023577408465655404,0.0008417883387743024,0.0008417883387743024,0.0008417883387743024,-2.16154716512527e-05,-2.16154716512527e-05,-2.16154716512527e-05,0.0014326940093275784,0.0014326940093275784,0.0014326940093275784,0.001537567979442491,0.001537567979442491,0.001537567979442491,-0.0009250468372379625,-0.0009250468372379625,-0.0009250468372379625,0.0,0.0,0.0,0.6541861686835435
2025-09-05 06:00:00,0.6532765553253476,0.6535980747520178,0.6542713189069358,0.6532765553253476,0.6532765553253476,0.0018616427692036627,0.0018616427692036627,0.0018616427692036627,0.0009012500861131028,0.0009012500861131028,0.0009012500861131028,-2.16154716512527e-05,-2.16154716512527e-05,-2.16154716512527e-05,0.0009301715041800709,0.0009301715041800709,0.0009301715041800709,0.0009820081547418128,0.0009820081547418128,0.0009820081547418128,-0.000931471265023592,-0.000931471265023592,-0.000931471265023592,0.0,0.0,0.0,0.6538842145614601
2025-09-05 07:00:00,0.6533028497026035,0.654476106558261,0.6551601771937178,0.6533028497026035,0.6533028497026035,0.0032229400159434632,0.0032229400159434632,0.0032229400159434632,0.0011096899951730465,0.0011096899951730465,0.0011096899951730465,-2.16154716512527e-05,-2.16154716512527e-05,-2.16154716512527e-05,0.0022946361860200124,0.0022946361860200124,0.0022946361860200124,0.0021348654924216695,0.0021348654924216695,0.0021348654924216695,-0.0009283038299234508,-0.0009283038299234508,-0.0009283038299234508,0.0,0.0,0.0,0.6548019420619612
2025-09-05 08:00:00,0.6533291440798596,0.6547087145204157,0.6554613742919337,0.6533291440798596,0.6533291440798596,0.0035580414876602274,0.0035580414876602274,0.0035580414876602274,0.0013003212686505913,0.0013003212686505913,0.0013003212686505913,8.26630339422248e-05,8.26630339422248e-05,8.26630339422248e-05,0.002642897564619296,0.002642897564619296,0.002642897564619296,0.0021750571850674117,0.0021750571850674117,0.0021750571850674117,-0.0009151439230409315,-0.0009151439230409315,-0.0009151439230409315,0.0,0.0,0.0,0.6550558260836431
2025-09-05 09:00:00,0.6533554384571157,0.6548478564985479,0.655618345304906,0.6533554384571157,0.6533554384571157,0.0037111429413527472,0.0037111429413527472,0.0037111429413527472,0.001538458841803099,0.001538458841803099,0.001538458841803099,8.26630339422248e-05,8.26630339422248e-05,8.26630339422248e-05,0.0028194517614213905,0.0028194517614213905,0.0028194517614213905,0.0020900210656074236,0.0020900210656074236,0.0020900210656074236,-0.0008916911799313565,-0.0008916911799313565,-0.0008916911799313565,0.0,0.0,0.0,0.6551975425989078
2025-09-05 10:00:00,0.6533817328343717,0.6549628496671497,0.655651427746982,0.6533817328343717,0.6533817328343717,0.0038184513865292063,0.0038184513865292063,0.0038184513865292063,0.0016457672869795578,0.0016457672869795578,0.0016457672869795578,8.26630339422248e-05,8.26630339422248e-05,8.26630339422248e-05,0.0029607000147910682,0.0029607000147910682,0.0029607000147910682,0.0020900210656074236,0.0020900210656074236,0.0020900210656074236,-0.0008577513717381371,-0.0008577513717381371,-0.0008577513717381371,0.0,0.0,0.0,0.6553162001404387
2025-09-05 11:00:00,0.6534080272116279,0.6547353120000912,0.6554577986953983,0.6534080272116279,0.6534080272116279,0.0033778699786986455,0.0033778699786986455,0.0033778699786986455,0.0017589455248631697,0.0017589455248631697,0.0017589455248631697,8.26630339422248e-05,8.26630339422248e-05,8.26630339422248e-05,0.0025646288637333203,0.0025646288637333203,0.0025646288637333203,0.0015362614198932512,0.0015362614198932512,0.0015362614198932512,-0.000813241114965325,-0.000813241114965325,-0.000813241114965325,0.0,0.0,0.0,0.65508377629801
2025-09-05 12:00:00,0.6534343215888839,0.656479048602896,0.657229481144504,0.6534343215888839,0.6534343215888839,0.005992125253819675,0.005992125253819675,0.005992125253819675,0.002118505613350742,0.002118505613350742,0.002118505613350742,8.26630339422248e-05,8.26630339422248e-05,8.26630339422248e-05,0.005233933925137977,0.005233933925137977,0.005233933925137977,0.003790956606526708,0.003790956606526708,0.003790956606526708,-0.000758191328681698,-0.000758191328681698,-0.000758191328681698,0.0,0.0,0.0,0.6568543536524974
2025-09-05 13:00:00,0.65346061596614,0.6574031901310975,0.6580284806295383,0.65346061596614,0.65346061596614,0.0072730594897698715,0.0072730594897698715,0.0072730594897698715,0.0027073280155793683,0.0027073280155793683,0.0027073280155793683,8.26630339422248e-05,8.26630339422248e-05,8.26630339422248e-05,0.00658031010688934,0.00658031010688934,0.00658031010688934,0.004483068440248279,0.004483068440248279,0.004483068440248279,-0.0006927493828805314,-0.0006927493828805314,-0.0006927493828805314,0.0,0.0,0.0,0.6577605894618361
2025-09-05 14:00:00,0.6534869103433961,0.6553581366273844,0.655995864815049,0.6534869103433961,0.6534869103433961,0.003971290913622982,0.003971290913622982,0.003971290913622982,0.002880756728251743,0.002880756728251743,0.002880756728251743,8.26630339422248e-05,8.26630339422248e-05,8.26630339422248e-05,0.0033541110163359347,0.0033541110163359347,0.0033541110163359347,0.0010078711514290137,0.0010078711514290137,0.0010078711514290137,-0.000617179897287047,-0.000617179897287047,-0.000617179897287047,0.0,0.0,0.0,0.6556787779884102
2025-09-05 15:00:00,0.6535132047206521,0.6560209124982044,0.6567427271685886,0.6535132047206521,0.6535132047206521,0.004870169352372306,0.004870169352372306,0.004870169352372306,0.0031982236780899037,0.0031982236780899037,0.0031982236780899037,8.26630339422248e-05,8.26630339422248e-05,8.26630339422248e-05,0.0043383051860542525,0.0043383051860542525,0.0043383051860542525,0.0015892826403401774,0.0015892826403401774,0.0015892826403401774,-0.0005318641663180536,-0.0005318641663180536,-0.0005318641663180536,0.0,0.0,0.0,0.6563483444458466
2025-09-05 16:00:00,0.6535394990979082,0.6560652337846089,0.6567893299949173,0.6535394990979082,0.6535394990979082,0.004823922195851452,0.004823922195851452,0.004823922195851452,0.003497425360663909,0.003497425360663909,0.003497425360663909,8.26630339422248e-05,8.26630339422248e-05,8.26630339422248e-05,0.00438662399322058,0.00438662399322058,0.00438662399322058,0.0012438338012453175,0.0012438338012453175,0.0012438338012453175,-0.0004372982026308717,-0.0004372982026308717,-0.0004372982026308717,0.0,0.0,0.0,0.6564063311451684
2025-09-05 17:00:00,0.6535657934751643,0.6554895775499314,0.6561691359642703,0.6535657934751643,0.6535657934751643,0.00378964551107278,0.00378964551107278,0.00378964551107278,0.003293327603776274,0.003293327603776274,0.003293327603776274,-8.418257500733919e-05,-8.418257500733919e-05,-8.418257500733919e-05,0.0034555561027303384,0.0034555561027303384,0.0034555561027303384,0.0005805004823038448,0.0005805004823038448,0.0005805004823038448,-0.00033408940834244133,-0.00033408940834244133,-0.00033408940834244133,0.0,0.0,0.0,0.6558242267413432
2025-09-05 18:00:00,0.6535920878524204,0.6550500697097794,0.6557136687879765,0.6535920878524204,0.6535920878524204,0.002978382511501936,0.002978382511501936,0.002978382511501936,0.0028001238756751113,0.0028001238756751113,0.0028001238756751113,-8.418257500733919e-05,-8.418257500733919e-05,-8.418257500733919e-05,0.0027554306114993205,0.0027554306114993205,0.0027554306114993205,0.00026244121083416385,0.00026244121083416385,0.00026244121083416385,-0.00022295190000261577,-0.00022295190000261577,-0.00022295190000261577,0.0,0.0,0.0,0.6553930154987228
2025-09-05 19:00:00,0.6536183822296764,0.6550347009909497,0.6559417207273088,0.6536183822296764,0.6536183822296764,0.002943683764960501,0.002943683764960501,0.002943683764960501,0.0027342692847938835,0.0027342692847938835,0.0027342692847938835,-8.418257500733919e-05,-8.418257500733919e-05,-8.418257500733919e-05,0.0028389832349134843,0.0028389832349134843,0.0028389832349134843,0.00029359705517395675,0.00029359705517395675,0.00029359705517395675,-0.00010470053004701669,-0.00010470053004701669,-0.00010470053004701669,0.0,0.0,0.0,0.6554739938588576
2025-09-05 20:00:00,0.6536446766069326,0.6554296283587948,0.6560674702276414,0.6536446766069326,0.6536446766069326,0.0031485283198524035,0.0031485283198524035,0.0031485283198524035,0.002590231047628175,0.002590231047628175,0.002590231047628175,-8.418257500733919e-05,-8.418257500733919e-05,-8.418257500733919e-05,0.0031682846565240803,0.0031682846565240803,0.0031682846565240803,0.0006424798472315677,0.0006424798472315677,0.0006424798472315677,1.975633667167633e-05,1.975633667167633e-05,1.975633667167633e-05,0.0,0.0,0.0,0.655715609006645
2025-09-05 21:00:00,0.6536709709841886,0.655403939220782,0.6561814878220262,0.6536709709841886,0.6536709709841886,0.003096859527221653,0.003096859527221653,0.003096859527221653,0.002506252330184471,0.002506252330184471,0.002506252330184471,-8.418257500733919e-05,-8.418257500733919e-05,-8.418257500733919e-05,0.003246284744182655,0.003246284744182655,0.003246284744182655,0.0006747897720445215,0.0006747897720445215,0.0006747897720445215,0.00014942521696100218,0.00014942521696100218,0.00014942521696100218,0.0,0.0,0.0,0.6557929730850097
2025-09-07 23:00:00,0.654985689846992,0.6555810323421242,0.6563130284648235,0.654985689846992,0.654985689846992,0.0028705641733432407,0.0028705641733432407,0.0028705641733432407,0.0025002663039584106,0.0025002663039584106,0.0025002663039584106,-8.418257500733919e-05,-8.418257500733919e-05,-8.418257500733919e-05,0.0014675391456860634,0.0014675391456860634,0.0014675391456860634,0.0004544804443921689,0.0004544804443921689,0.0004544804443921689,-0.0014030250276571771,-0.0014030250276571771,-0.0014030250276571771,0.0,0.0,0.0,0.6559469069867067
2025-09-08 00:00:00,0.6550119842242481,0.6556710089074614,0.6564565629614066,0.6550119842242481,0.6550119842242481,0.0031097440022152213,0.0031097440022152213,0.0031097440022152213,0.0025661291972338186,0.0025661291972338186,0.0025661291972338186,-2.16154716512527e-05,-2.16154716512527e-05,-2.16154716512527e-05,0.0016519991125951783,0.0016519991125951783,0.0016519991125951783,0.0005652302766326554,0.0005652302766326554,0.0005652302766326554,-0.001457744889620043,-0.001457744889620043,-0.001457744889620043,0.0,0.0,0.0,0.6560940634409258
2025-09-08 01:00:00,0.6550382786015042,0.6563826325823235,0.657176758936028,0.6550382786015042,0.6550382786015042,0.0041004768113115505,0.0041004768113115505,0.0041004768113115505,0.002764000158463245,0.002764000158463245,0.002764000158463245,-2.16154716512527e-05,-2.16154716512527e-05,-2.16154716512527e-05,0.0026003106887195074,0.0026003106887195074,0.0026003106887195074,0.0013580921244995578,0.0013580921244995578,0.0013580921244995578,-0.0015001661225920427,-0.0015001661225920427,-0.0015001661225920427,0.0,0.0,0.0,0.6567415816388722
2025-09-08 02:00:00,0.6550645729787603,0.6561830134813205,0.6569113884404844,0.6550645729787603,0.6550645729787603,0.0038967956730036673,0.0038967956730036673,0.0038967956730036673,0.002859975835541764,0.002859975835541764,0.002859975835541764,-2.16154716512527e-05,-2.16154716512527e-05,-2.16154716512527e-05,0.0023665149055237603,0.0023665149055237603,0.0023665149055237603,0.001058435309113156,0.001058435309113156,0.001058435309113156,-0.001530280767479907,-0.001530280767479907,-0.001530280767479907,0.0,0.0,0.0,0.6566147930547952
2025-09-08 03:00:00,0.6550908673560163,0.6560254660907795,0.6567644461805126,0.6550908673560163,0.6550908673560163,0.003488282371559331,0.003488282371559331,0.003488282371559331,0.002895950109657772,0.002895950109657772,0.002895950109657772,-2.16154716512527e-05,-2.16154716512527e-05,-2.16154716512527e-05,0.0019400792852396088,0.0019400792852396088,0.0019400792852396088,0.0006139477335528118,0.0006139477335528118,0.0006139477335528118,-0.0015482030863197224,-0.0015482030863197224,-0.0015482030863197224,0.0,0.0,0.0,0.6563617955777233
2025-09-08 04:00:00,0.6551171617332724,0.6562793128957968,0.6569411192429991,0.6551171617332724,0.6551171617332724,0.0038601224778119694,0.0038601224778119694,0.0038601224778119694,0.0030038646296116915,0.0030038646296116915,0.0030038646296116915,-2.16154716512527e-05,-2.16154716512527e-05,-2.16154716512527e-05,0.0023059563460049505,0.0023059563460049505,0.0023059563460049505,0.0008778733198515306,0.0008778733198515306,0.0008778733198515306,-0.001554166131807019,-0.001554166131807019,-0.001554166131807019,0.0,0.0,0.0,0.656627833309748
2025-09-08 05:00:00,0.6551434561105285,0.6565089017948993,0.6571736989895354,0.6551434561105285,0.6551434561105285,0.004126424710553068,0.004126424710553068,0.004126424710553068,0.0031178315949452655,0.0031178315949452655,0.0031178315949452655,-2.16154716512527e-05,-2.16154716512527e-05,-2.16154716512527e-05,0.0025779077012273127,0.0025779077012273127,0.0025779077012273127,0.001030208587259055,0.001030208587259055,0.001030208587259055,-0.0015485170093257551,-0.0015485170093257551,-0.0015485170093257551,0.0,0.0,0.0,0.6568323554714445
2025-09-08 06:00:00,0.6551697504877845,0.6572368031652688,0.6579432196224113,0.6551697504877845,0.6551697504877845,0.005185532229987928,0.005185532229987928,0.005185532229987928,0.0032562491112301493,0.0032562491112301493,0.0032562491112301493,-2.16154716512527e-05,-2.16154716512527e-05,-2.16154716512527e-05,0.0036538213300182443,0.0036538213300182443,0.0036538213300182443,0.0019508985904090313,0.0019508985904090313,0.0019508985904090313,-0.001531710899969683,-0.001531710899969683,-0.001531710899969683,0.0,0.0,0.0,0.6575636236968996
2025-09-08 07:00:00,0.6551960448650406,0.6578781196632395,0.6585206445921467,0.6551960448650406,0.6551960448650406,0.006102067183061728,0.006102067183061728,0.006102067183061728,0.00356349581379459,0.00356349581379459,0.00356349581379459,-2.16154716512527e-05,-2.16154716512527e-05,-2.16154716512527e-05,0.00459776325528697,0.00459776325528697,0.00459776325528697,0.002560186840918391,0.002560186840918391,0.002560186840918391,-0.0015043039277747585,-0.0015043039277747585,-0.0015043039277747585,0.0,0.0,0.0,0.6582084811651304
2025-09-08 08:00:00,0.6552223392422967,0.6580325829890878,0.6587338887341034,0.6552223392422967,0.6552223392422967,0.006374568343770398,0.006374568343770398,0.006374568343770398,0.003906617161744492,0.003906617161744492,0.003906617161744492,8.26630339422248e-05,8.26630339422248e-05,8.26630339422248e-05,0.004907623376117226,0.004907623376117226,0.004907623376117226,0.002385288148083681,0.002385288148083681,0.002385288148083681,-0.0014669449676531728,-0.0014669449676531728,-0.0014669449676531728,0.0,0.0,0.0,0.6584379237109164
2025-09-08 09:00:00,0.6552486336195527,0.6582072115519468,0.6588884797594151,0.6552486336195527,0.6552486336195527,0.006410599227144361,0.006410599227144361,0.006410599227144361,0.0041835850326216025,0.0041835850326216025,0.0041835850326216025,8.26630339422248e-05,8.26630339422248e-05,8.26630339422248e-05,0.004990232724394158,0.004990232724394158,0.004990232724394158,0.0021443511605805337,0.0021443511605805337,0.0021443511605805337,-0.0014203665027502034,-0.0014203665027502034,-0.0014203665027502034,0.0,0.0,0.0,0.6585184767936556
2025-09-08 10:00:00,0.6552749279968088,0.6587603707118146,0.6593971165663025,0.6552749279968088,0.6552749279968088,0.00709320499468222,0.00709320499468222,0.00709320499468222,0.004509055490479068,0.004509055490479068,0.004509055490479068,8.26630339422248e-05,8.26630339422248e-05,8.26630339422248e-05,0.005727830343980074,0.005727830343980074,0.005727830343980074,0.0025014864702609277,0.0025014864702609277,0.0025014864702609277,-0.0013653746507021464,-0.0013653746507021464,-0.0013653746507021464,0.0,0.0,0.0,0.6590282316130383
2025-09-08 11:00:00,0.6553012223740649,0.6590551143549959,0.6597308661439332,0.6553012223740649,0.6553012223740649,0.007531653080876585,0.007531653080876585,0.007531653080876585,0.004720492563849209,0.004720492563849209,0.004720492563849209,8.26630339422248e-05,8.26630339422248e-05,8.26630339422248e-05,0.00622881459340021,0.00622881459340021,0.00622881459340021,0.0027284974830851503,0.0027284974830851503,0.0027284974830851503,-0.0013028384874763737,-0.0013028384874763737,-0.0013028384874763737,0.0,0.0,0.0,0.6593829721910615
2025-09-08 12:00:00,0.655327516751321,0.659483057803786,0.660187379402544,0.655327516751321,0.655327516751321,0.00797585525056041,0.00797585525056041,0.00797585525056041,0.004865801067329176,0.004865801067329176,0.004865801067329176,8.26630339422248e-05,8.26630339422248e-05,8.26630339422248e-05,0.006742176445496752,0.006742176445496752,0.006742176445496752,0.0030273911492890095,0.0030273911492890095,0.0030273911492890095,-0.0012336788050636579,-0.0012336788050636579,-0.0012336788050636579,0.0,0.0,0.0,0.6597458504988475
2025-09-08 13:00:00,0.655353811128577,0.658883011345093,0.6596492174145658,0.655353811128577,0.655353811128577,0.007075260062344311,0.007075260062344311,0.007075260062344311,0.004938372295127012,0.004938372295127012,0.004938372295127012,8.26630339422248e-05,8.26630339422248e-05,8.26630339422248e-05,0.005916403617021095,0.005916403617021095,0.005916403617021095,0.0020542247332750742,0.0020542247332750742,0.0020542247332750742,-0.001158856445323216,-0.001158856445323216,-0.001158856445323216,0.0,0.0,0.0,0.6592311487871668
2025-09-08 14:00:00,0.655380105505833,0.6585420502633719,0.6592367512768605,0.655380105505833,0.655380105505833,0.006391796787420645,0.006391796787420645,0.006391796787420645,0.004962532262280861,0.004962532262280861,0.004962532262280861,8.26630339422248e-05,8.26630339422248e-05,8.26630339422248e-05,0.005312436431338581,0.005312436431338581,0.005312436431338581,0.0013466014911975594,0.0013466014911975594,0.0013466014911975594,-0.0010793603560820633,-0.0010793603560820633,-0.0010793603560820633,0.0,0.0,0.0,0.6588617706546968
2025-09-08 15:00:00,0.6554063998830891,0.6588942799796337,0.6596691485341066,0.6554063998830891,0.6554063998830891,0.0068720133800628126,0.0068720133800628126,0.0068720133800628126,0.004992786186785573,0.004992786186785573,0.004992786186785573,8.26630339422248e-05,8.26630339422248e-05,8.26630339422248e-05,0.005875817861967199,0.005875817861967199,0.005875817861967199,0.0017965641593350146,0.0017965641593350146,0.0017965641593350146,-0.0009961955180956138,-0.0009961955180956138,-0.0009961955180956138,0.0,0.0,0.0,0.6592574485143697
2025-09-08 16:00:00,0.6554326942603452,0.658454137396323,0.6591617469201367,0.6554326942603452,0.6554326942603452,0.006155217870562339,0.006155217870562339,0.006155217870562339,0.004908093463439681,0.004908093463439681,0.004908093463439681,8.26630339422248e-05,8.26630339422248e-05,8.26630339422248e-05,0.005244846978751983,0.005244846978751983,0.005244846978751983,0.0011644613731804328,0.0011644613731804328,0.0011644613731804328,-0.0009103708918103563,-0.0009103708918103563,-0.0009103708918103563,0.0,0.0,0.0,0.6588703384466119
2025-09-08 17:00:00,0.6554589886376013,0.6581306268526556,0.6588211455617125,0.6554589886376013,0.6554589886376013,0.005407835086583498,0.005407835086583498,0.005407835086583498,0.004714456723257836,0.004714456723257836,0.004714456723257836,-8.418257500733919e-05,-8.418257500733919e-05,-8.418257500733919e-05,0.00458494755529403,0.00458494755529403,0.00458494755529403,0.0007775609383330004,0.0007775609383330004,0.0007775609383330004,-0.0008228875312894675,-0.0008228875312894675,-0.0008228875312894675,0.0,0.0,0.0,0.6584642337251507
2025-09-08 18:00:00,0.6554852830148573,0.6588476166193006,0.6595800200945454,0.6554852830148573,0.6554852830148573,0.0064036988661425095,0.0064036988661425095,0.0064036988661425095,0.004768961941252688,0.004768961941252688,0.004768961941252688,-8.418257500733919e-05,-8.418257500733919e-05,-8.418257500733919e-05,0.005668971856694299,0.005668971856694299,0.005668971856694299,0.0017189194998971603,0.0017189194998971603,0.0017189194998971603,-0.0007347270094482105,-0.0007347270094482105,-0.0007347270094482105,0.0,0.0,0.0,0.6592012106367457
2025-09-08 19:00:00,0.6555115773921134,0.659081995861261,0.6598397021267203,0.6555115773921134,0.6555115773921134,0.006647115907403956,0.006647115907403956,0.006647115907403956,0.004914212327973164,0.004914212327973164,0.004914212327973164,-8.418257500733919e-05,-8.418257500733919e-05,-8.418257500733919e-05,0.006000275613535503,0.006000275613535503,0.006000275613535503,0.0018170861544381312,0.0018170861544381312,0.0018170861544381312,-0.0006468402938684529,-0.0006468402938684529,-0.0006468402938684529,0.0,0.0,0.0,0.6594448275243295
2025-09-08 20:00:00,0.6555378717693695,0.6590425658539052,0.6596730863067435,0.6555378717693695,0.6555378717693695,0.0063820191915258525,0.0063820191915258525,0.0063820191915258525,0.004950543605040226,0.004950543605040226,0.004950543605040226,-8.418257500733919e-05,-8.418257500733919e-05,-8.418257500733919e-05,0.005821881986320092,0.005821881986320092,0.005821881986320092,0.0015156581614929653,0.0015156581614929653,0.0015156581614929653,-0.0005601372052057613,-0.0005601372052057613,-0.0005601372052057613,0.0,0.0,0.0,0.6593543358963742
2025-09-08 21:00:00,0.6555641661466255,0.6589648710926206,0.6596577406323728,0.6555641661466255,0.6555641661466255,0.006150586680977367,0.006150586680977367,0.006150586680977367,0.005023139740020756,0.005023139740020756,0.005023139740020756,-8.418257500733919e-05,-8.418257500733919e-05,-8.418257500733919e-05,0.005675110098718251,0.005675110098718251,0.005675110098718251,0.00121162951596395,0.00121162951596395,0.00121162951596395,-0.00047547658225911545,-0.00047547658225911545,-0.00047547658225911545,0.0,0.0,0.0,0.659284564966282
2025-09-08 22:00:00,0.6555904605238817,0.6593303384540751,0.6601747976019261,0.6555904605238817,0.6555904605238817,0.006717162060770226,0.006717162060770226,0.006717162060770226,0.005198585934486452,0.005198585934486452,0.005198585934486452,-8.418257500733919e-05,-8.418257500733919e-05,-8.418257500733919e-05,0.006323504793075528,0.006323504793075528,0.006323504793075528,0.0016027587012911134,0.0016027587012911134,0.0016027587012911134,-0.00039365726769469925,-0.00039365726769469925,-0.00039365726769469925,0.0,0.0,0.0,0.659736089943299
2025-09-08 23:00:00,0.6556167549011377,0.6595941328642183,0.660409714901933,0.6556167549011377,0.6556167549011377,0.007082384038137905,0.007082384038137905,0.007082384038137905,0.005265279067182954,0.005265279067182954,0.005265279067182954,-8.418257500733919e-05,-8.418257500733919e-05,-8.418257500733919e-05,0.006766974021139715,0.006766974021139715,0.006766974021139715,0.0019012875459622903,0.0019012875459622903,0.0019012875459622903,-0.00031541001699819,-0.00031541001699819,-0.00031541001699819,0.0,0.0,0.0,0.6600532964493777
2025-09-09 00:00:00,0.6556430492783938,0.6596350746863672,0.6603988040214906,0.6556430492783938,0.6556430492783938,0.006824852368945781,0.006824852368945781,0.006824852368945781,0.005283469612899103,0.005283469612899103,0.005283469612899103,-2.16154716512527e-05,-2.16154716512527e-05,-2.16154716512527e-05,0.006583461948105511,0.006583461948105511,0.006583461948105511,0.001562998227697931,0.001562998227697931,0.001562998227697931,-0.00024139042084026971,-0.00024139042084026971,-0.00024139042084026971,0.0,0.0,0.0,0.659959450344858
2025-09-09 01:00:00,0.6556693436556499,0.6598961850948737,0.6605035349790621,0.6556693436556499,0.6556693436556499,0.00710648273653405,0.00710648273653405,0.00710648273653405,0.0053622842411436625,0.0053622842411436625,0.0053622842411436625,-2.16154716512527e-05,-2.16154716512527e-05,-2.16154716512527e-05,0.0069343098189458725,0.0069343098189458725,0.0069343098189458725,0.00176581396704164,0.00176581396704164,0.00176581396704164,-0.00017217291758817662,-0.00017217291758817662,-0.00017217291758817662,0.0,0.0,0.0,0.660215958023343
2025-09-09 02:00:00,0.6556956380329059,0.660291187052969,0.6610592901100413,0.6556956380329059,0.6556956380329059,0.007667466257967407,0.007667466257967407,0.007667466257967407,0.005532093109940095,0.005532093109940095,0.005532093109940095,-2.16154716512527e-05,-2.16154716512527e-05,-2.16154716512527e-05,0.007559220300180526,0.007559220300180526,0.007559220300180526,0.002156988619678565,0.002156988619678565,0.002156988619678565,-0.00010824595778688158,-0.00010824595778688158,-0.00010824595778688158,0.0,0.0,0.0,0.6606521858106641
2025-09-09 03:00:00,0.655721932410162,0.6600759749034949,0.6607965000471671,0.655721932410162,0.655721932410162,0.007218504255718825,0.007218504255718825,0.007218504255718825,0.005598819452213473,0.005598819452213473,0.005598819452213473,-2.16154716512527e-05,-2.16154716512527e-05,-2.16154716512527e-05,0.007168495888000204,0.007168495888000204,0.007168495888000204,0.0016413002751566052,0.0016413002751566052,0.0016413002751566052,-5.000836771861981e-05,-5.000836771861981e-05,-5.000836771861981e-05,0.0,0.0,0.0,0.6604224723863158
2025-09-09 04:00:00,0.6557482267874181,0.660535489305541,0.6612862700267325,0.6557482267874181,0.6557482267874181,0.007918311569987166,0.007918311569987166,0.007918311569987166,0.0057081785887599734,0.0057081785887599734,0.0057081785887599734,-2.16154716512527e-05,-2.16154716512527e-05,-2.16154716512527e-05,0.00792054462686462,0.00792054462686462,0.00792054462686462,0.002231748452878444,0.002231748452878444,0.002231748452878444,2.233056877456443e-06,2.233056877456443e-06,2.233056877456443e-06,0.0,0.0,0.0,0.6609421098816751
2025-09-09 05:00:00,0.655774521164674,0.661166134178532,0.6618597980450995,0.655774521164674,0.655774521164674,0.008768190110325138,0.008768190110325138,0.008768190110325138,0.005957474579732021,0.005957474579732021,0.005957474579732021,-2.16154716512527e-05,-2.16154716512527e-05,-2.16154716512527e-05,0.008816454821963634,0.008816454821963634,0.008816454821963634,0.0028323310022443688,0.0028323310022443688,0.0028323310022443688,4.8264711638495755e-05,4.8264711638495755e-05,4.8264711638495755e-05,0.0,0.0,0.0,0.6615561276039172
2025-09-09 06:00:00,0.6558008155419301,0.6604992885294781,0.6612043307858937,0.6558008155419301,0.6558008155419301,0.007579644192913715,0.007579644192913715,0.007579644192913715,0.006060748061321991,0.006060748061321991,0.006060748061321991,-2.16154716512527e-05,-2.16154716512527e-05,-2.16154716512527e-05,0.007667610292914981,0.007667610292914981,0.007667610292914981,0.0015405116032429765,0.0015405116032429765,0.0015405116032429765,8.79661000012668e-05,8.79661000012668e-05,8.79661000012668e-05,0.0,0.0,0.0,0.6608292406252815
2025-09-09 07:00:00,0.6558271099191862,0.6605397037362298,0.6611758973666274,0.6558271099191862,0.6558271099191862,0.007552219096772128,0.007552219096772128,0.007552219096772128,0.006097212176696476,0.006097212176696476,0.006097212176696476,-2.16154716512527e-05,-2.16154716512527e-05,-2.16154716512527e-05,0.007673527618867799,0.007673527618867799,0.007673527618867799,0.0014766223917269052,0.0014766223917269052,0.0014766223917269052,0.0001213085220956711,0.0001213085220956711,0.0001213085220956711,0.0,0.0,0.0,0.6608596173603534
2025-09-09 08:00:00,0.6558534042964423,0.6609909233600324,0.6617894115237836,0.6558534042964423,0.6558534042964423,0.008472461047518738,0.008472461047518738,0.008472461047518738,0.0062796821966646,0.0062796821966646,0.0062796821966646,8.26630339422248e-05,8.26630339422248e-05,8.26630339422248e-05,0.00862081361630895,0.00862081361630895,0.00862081361630895,0.0021101158169119136,0.0021101158169119136,0.0021101158169119136,0.00014835256879021185,0.00014835256879021185,0.00014835256879021185,0.0,0.0,0.0,0.6615073942545037
2025-09-09 09:00:00,0.6558796986736984,0.6615582526599018,0.6622283052620854,0.6558796986736984,0.6558796986736984,0.009068989635824011,0.009068989635824011,0.009068989635824011,0.006450304700093692,0.006450304700093692,0.006450304700093692,8.26630339422248e-05,8.26630339422248e-05,8.26630339422248e-05,0.00923823410455438,0.00923823410455438,0.00923823410455438,0.002536021901788095,0.002536021901788095,0.002536021901788095,0.00016924446873037036,0.00016924446873037036,0.00016924446873037036,0.0,0.0,0.0,0.6619388688744707
2025-09-09 10:00:00,0.6559059930509544,0.6612739488598431,0.6620066161980418,0.6559059930509544,0.6559059930509544,0.008534757805679187,0.008534757805679187,0.008534757805679187,0.0064625009171896,0.0064625009171896,0.0064625009171896,8.26630339422248e-05,8.26630339422248e-05,8.26630339422248e-05,0.008718969156545745,0.008718969156545745,0.008718969156545745,0.0019895938545473626,0.0019895938545473626,0.0019895938545473626,0.00018421135086655861,0.00018421135086655861,0.00018421135086655861,0.0,0.0,0.0,0.6616248171739592
2025-09-09 11:00:00,0.6559322874282105,0.6608237812168486,0.661638505118385,0.6559322874282105,0.6559322874282105,0.00781976415822793,0.00781976415822793,0.00781976415822793,0.006517263509404959,0.006517263509404959,0.006517263509404959,8.26630339422248e-05,8.26630339422248e-05,8.26630339422248e-05,0.0080133196565643,0.0080133196565643,0.0080133196565643,0.001219837614880747,0.001219837614880747,0.001219837614880747,0.00019355549833636928,0.00019355549833636928,0.00019355549833636928,0.0,0.0,0.0,0.6611884825204343
2025-09-09 12:00:00,0.6559585818054666,0.65990650026589,0.660587310776103,0.6559585818054666,0.6559585818054666,0.006325669668710389,0.006325669668710389,0.006325669668710389,0.0064200756827716724,0.0064200756827716724,0.0064200756827716724,8.26630339422248e-05,8.26630339422248e-05,8.26630339422248e-05,0.006523317351279909,0.006523317351279909,0.006523317351279909,-0.00017706904800350866,-0.00017706904800350866,-0.00017706904800350866,0.00019764768256951953,0.00019764768256951953,0.00019764768256951953,0.0,0.0,0.0,0.6602376078038792
2025-09-09 13:00:00,0.6559848761827226,0.6600396216311469,0.6607127032602846,0.6559848761827226,0.6559848761827226,0.006482215475231964,0.006482215475231964,0.006482215475231964,0.006261890165870561,0.006261890165870561,0.006261890165870561,8.26630339422248e-05,8.26630339422248e-05,8.26630339422248e-05,0.006679135152577557,0.006679135152577557,0.006679135152577557,0.00013766227541917774,0.00013766227541917774,0.00013766227541917774,0.00019691967734559242,0.00019691967734559242,0.00019691967734559242,0.0,0.0,0.0,0.6603662878287938
2025-09-09 14:00:00,0.6560111705599787,0.6592756553973333,0.6599408118465417,0.6560111705599787,0.6560111705599787,0.005291650480294144,0.005291650480294144,0.005291650480294144,0.005915215393198313,0.005915215393198313,0.005915215393198313,8.26630339422248e-05,8.26630339422248e-05,8.26630339422248e-05,0.00548350654342715,0.00548350654342715,0.00548350654342715,-0.0007062279468463944,-0.0007062279468463944,-0.0007062279468463944,0.00019185606313300573,0.00019185606313300573,0.00019185606313300573,0.0,0.0,0.0,0.6596084121063056
2025-09-09 15:00:00,0.6560374649372348,0.6588897931416432,0.6596413565801652,0.6560374649372348,0.6560374649372348,0.004744885553810116,0.004744885553810116,0.004744885553810116,0.005587063262010729,0.005587063262010729,0.005587063262010729,8.26630339422248e-05,8.26630339422248e-05,8.26630339422248e-05,0.004927870993983652,0.004927870993983652,0.004927870993983652,-0.0009248407421428383,-0.0009248407421428383,-0.0009248407421428383,0.00018298544017353638,0.00018298544017353638,0.00018298544017353638,0.0,0.0,0.0,0.6592703329316656
2025-09-09 16:00:00,0.6560637593144909,0.6586682707080096,0.6593663078970576,0.6560637593144909,0.6560637593144909,0.004387822017479539,0.004387822017479539,0.004387822017479539,0.005319942030667845,0.005319942030667845,0.005319942030667845,8.26630339422248e-05,8.26630339422248e-05,8.26630339422248e-05,0.004558693193404363,0.004558693193404363,0.004558693193404363,-0.0010147830471305317,-0.0010147830471305317,-0.0010147830471305317,0.0001708711759248237,0.0001708711759248237,0.0001708711759248237,0.0,0.0,0.0,0.6590545527085171
2025-09-09 17:00:00,0.6560900536917469,0.6582964480533727,0.6589543101189054,0.6560900536917469,0.6560900536917469,0.003556956430174758,0.003556956430174758,0.003556956430174758,0.005144304881135312,0.005144304881135312,0.005144304881135312,-8.418257500733919e-05,-8.418257500733919e-05,-8.418257500733919e-05,0.003713058248097911,0.003713058248097911,0.003713058248097911,-0.0015031658759532152,-0.0015031658759532152,-0.0015031658759532152,0.00015610181792315245,0.00015610181792315245,0.00015610181792315245,0.0,0.0,0.0,0.658526154277102
2025-09-09 18:00:00,0.6561163480690031,0.6579360280478181,0.6585766141305136,0.6561163480690031,0.6561163480690031,0.0031421354738342755,0.0031421354738342755,0.0031421354738342755,0.004902007808483075,0.004902007808483075,0.004902007808483075,-8.418257500733919e-05,-8.418257500733919e-05,-8.418257500733919e-05,0.003281416780207624,0.003281416780207624,0.003281416780207624,-0.0016756897596414604,-0.0016756897596414604,-0.0016756897596414604,0.00013928130637334894,0.00013928130637334894,0.00013928130637334894,0.0,0.0,0.0,0.6582693392633252
2025-09-09 19:00:00,0.6561426424462591,0.6578132708355388,0.6584987207106426,0.6561426424462591,0.6561426424462591,0.0030090231874502172,0.0030090231874502172,0.0030090231874502172,0.004768895522099016,0.004768895522099016,0.004768895522099016,-8.418257500733919e-05,-8.418257500733919e-05,-8.418257500733919e-05,0.003130042310503533,0.003130042310503533,0.003130042310503533,-0.0016756897596414604,-0.0016756897596414604,-0.0016756897596414604,0.00012101912305331706,0.00012101912305331706,0.00012101912305331706,0.0,0.0,0.0,0.6581963966788416
2025-09-09 20:00:00,0.6561689368235152,0.6579406169368641,0.6585940129471625,0.6561689368235152,0.6561689368235152,0.003055918470175993,0.003055918470175993,0.003055918470175993,0.004678158655767571,0.004678158655767571,0.004678158655767571,-8.418257500733919e-05,-8.418257500733919e-05,-8.418257500733919e-05,0.0031578389829244142,0.0031578389829244142,0.0031578389829244142,-0.0015380576105842392,-0.0015380576105842392,-0.0015380576105842392,0.00010192051274842084,0.00010192051274842084,0.00010192051274842084,0.0,0.0,0.0,0.6582410126716005
2025-09-09 21:00:00,0.6561952312007713,0.6577674713470676,0.6585393860343463,0.6561952312007713,0.6561952312007713,0.0030557265704868027,0.0030557265704868027,0.0030557265704868027,0.004605562520787119,0.004605562520787119,0.004605562520787119,-8.418257500733919e-05,-8.418257500733919e-05,-8.418257500733919e-05,0.003138303482372381,0.003138303482372381,0.003138303482372381,-0.001465653375292977,-0.001465653375292977,-0.001465653375292977,8.257691188557796e-05,8.257691188557796e-05,8.257691188557796e-05,0.0,0.0,0.0,0.6582545709799649
2025-09-09 22:00:00,0.6562215255780273,0.6580696151375404,0.6587578294330332,0.6562215255780273,0.6562215255780273,0.003293852478600313,0.003293852478600313,0.003293852478600313,0.004617659109152403,0.004617659109152403,0.004617659109152403,-8.418257500733919e-05,-8.418257500733919e-05,-8.418257500733919e-05,0.0033574091942510705,0.0033574091942510705,0.0033574091942510705,-0.0012396240555447512,-0.0012396240555447512,-0.0012396240555447512,6.355671565075782e-05,6.355671565075782e-05,6.355671565075782e-05,0.0,0.0,0.0,0.6584247297614684
2025-09-09 23:00:00,0.6562478199552834,0.6580407204213239,0.6586955565198738,0.6562478199552834,0.6562478199552834,0.0031964292123193867,0.0031964292123193867,0.0031964292123193867,0.004641827378700509,0.004641827378700509,0.004641827378700509,-8.418257500733919e-05,-8.418257500733919e-05,-8.418257500733919e-05,0.0032418257214915473,0.0032418257214915473,0.0032418257214915473,-0.0013612155913737833,-0.0013612155913737833,-0.0013612155913737833,4.539650917216142e-05,4.539650917216142e-05,4.539650917216142e-05,0.0,0.0,0.0,0.6583752610176871
2025-09-10 00:00:00,0.6562741143325395,0.6583725451243305,0.6590464491403871,0.6562741143325395,0.6562741143325395,0.0037993495127905336,0.0037993495127905336,0.0037993495127905336,0.004702277110950366,0.004702277110950366,0.004702277110950366,-2.16154716512527e-05,-2.16154716512527e-05,-2.16154716512527e-05,0.0038279423950234853,0.0038279423950234853,0.0038279423950234853,-0.0008813121265085791,-0.0008813121265085791,-0.0008813121265085791,2.859288223295165e-05,2.859288223295165e-05,2.859288223295165e-05,0.0,0.0,0.0,0.6587862938375494
2025-09-10 01:00:00,0.6563004087097954,0.6587642195111626,0.659507854129781,0.6563004087097954,0.6563004087097954,0.004265463237342776,0.004265463237342776,0.004265463237342776,0.0047809173889164485,0.0047809173889164485,0.0047809173889164485,-2.16154716512527e-05,-2.16154716512527e-05,-2.16154716512527e-05,0.004279058175187788,0.004279058175187788,0.004279058175187788,-0.0004938386799224193,-0.0004938386799224193,-0.0004938386799224193,1.3594937845012281e-05,1.3594937845012281e-05,1.3594937845012281e-05,0.0,0.0,0.0,0.6591087563390641
2025-09-10 02:00:00,0.6563267030870515,0.6596824674947565,0.6604462804230636,0.6563267030870515,0.6563267030870515,0.005777366399593555,0.005777366399593555,0.005777366399593555,0.00497473678177095,0.00497473678177095,0.00497473678177095,-2.16154716512527e-05,-2.16154716512527e-05,-2.16154716512527e-05,0.005778163995276577,0.005778163995276577,0.005778163995276577,0.0008242450894738586,0.0008242450894738586,0.0008242450894738586,7.975956830208941e-07,7.975956830208941e-07,7.975956830208941e-07,0.0,0.0,0.0,0.6601190664119677
2025-09-10 03:00:00,0.6563529974643076,0.6603704934588056,0.6610990182467302,0.6563529974643076,0.6563529974643076,0.006715914546777328,0.006715914546777328,0.006715914546777328,0.005229387817009057,0.005229387817009057,0.005229387817009057,-2.16154716512527e-05,-2.16154716512527e-05,-2.16154716512527e-05,0.006706450326787417,0.006706450326787417,0.006706450326787417,0.0015081422014195241,0.0015081422014195241,0.0015081422014195241,-9.464219989911964e-06,-9.464219989911964e-06,-9.464219989911964e-06,0.0,0.0,0.0,0.6607547962386401
2025-09-10 04:00:00,0.6563792918415637,0.6612267521104397,0.661920778540524,0.6563792918415637,0.6563792918415637,0.007878226730579776,0.007878226730579776,0.007878226730579776,0.0056057021370143,0.0056057021370143,0.0056057021370143,-2.16154716512527e-05,-2.16154716512527e-05,-2.16154716512527e-05,0.00786130630006417,0.00786130630006417,0.00786130630006417,0.002294140065216728,0.002294140065216728,0.002294140065216728,-1.6920430515606475e-05,-1.6920430515606475e-05,-1.6920430515606475e-05,0.0,0.0,0.0,0.6615392905037495
2025-09-10 05:00:00,0.6564055862188198,0.6609630278720134,0.6616969953520666,0.6564055862188198,0.6564055862188198,0.007460391831599887,0.007460391831599887,0.007460391831599887,0.00589092258773712,0.00589092258773712,0.00589092258773712,-2.16154716512527e-05,-2.16154716512527e-05,-2.16154716512527e-05,0.007439022204569276,0.007439022204569276,0.007439022204569276,0.0015910847155140198,0.0015910847155140198,0.0015910847155140198,-2.136962703061247e-05,-2.136962703061247e-05,-2.136962703061247e-05,0.0,0.0,0.0,0.6612886019499049
2025-09-10 06:00:00,0.6564318805960758,0.6602729099465284,0.6610221366354724,0.6564318805960758,0.6564318805960758,0.0063814659435161665,0.0063814659435161665,0.0063814659435161665,0.0060364303486781035,0.0060364303486781035,0.0060364303486781035,-2.16154716512527e-05,-2.16154716512527e-05,-2.16154716512527e-05,0.0063587841247923675,0.0063587841247923675,0.0063587841247923675,0.00036665106648931564,0.00036665106648931564,0.00036665106648931564,-2.26818187237987e-05,-2.26818187237987e-05,-2.26818187237987e-05,0.0,0.0,0.0,0.6606059892174178
2025-09-10 07:00:00,0.6564581749733319,0.6604202013179233,0.6611415567210963,0.6564581749733319,0.6564581749733319,0.00663544114183858,0.00663544114183858,0.00663544114183858,0.006085015959600567,0.006085015959600567,0.006085015959600567,-2.16154716512527e-05,-2.16154716512527e-05,-2.16154716512527e-05,0.00661464107196022,0.00661464107196022,0.00661464107196022,0.0005720406538892655,0.0005720406538892655,0.0005720406538892655,-2.0800069878359464e-05,-2.0800069878359464e-05,-2.0800069878359464e-05,0.0,0.0,0.0,0.6608004101795346
2025-09-10 08:00:00,0.656484469350588,0.660198006889702,0.6609520647390158,0.656484469350588,0.656484469350588,0.006282679517712026,0.006282679517712026,0.006282679517712026,0.006018181686202464,0.006018181686202464,0.006018181686202464,8.26630339422248e-05,8.26630339422248e-05,8.26630339422248e-05,0.006266938511993156,0.006266938511993156,0.006266938511993156,0.0001818347975673373,0.0001818347975673373,0.0001818347975673373,-1.5741005718870036e-05,-1.5741005718870036e-05,-1.5741005718870036e-05,0.0,0.0,0.0,0.6605986171540866
2025-09-10 09:00:00,0.656510763727844,0.6608269994969092,0.6616990615766368,0.656510763727844,0.656510763727844,0.007179277542767403,0.007179277542767403,0.007179277542767403,0.005957283624665185,0.005957283624665185,0.005957283624665185,8.26630339422248e-05,8.26630339422248e-05,8.26630339422248e-05,0.007171683360304469,0.007171683360304469,0.007171683360304469,0.001139330884159993,0.001139330884159993,0.001139330884159993,-7.594182462933958e-06,-7.594182462933958e-06,-7.594182462933958e-06,0.0,0.0,0.0,0.6612190510479317
2025-09-10 10:00:00,0.6565370581051001,0.66028167559553,0.6611252855768376,0.6565370581051001,0.6565370581051001,0.006336034794118529,0.006336034794118529,0.006336034794118529,0.005878211622200117,0.005878211622200117,0.005878211622200117,8.26630339422248e-05,8.26630339422248e-05,8.26630339422248e-05,0.006339514461602089,0.006339514461602089,0.006339514461602089,0.0003751601379761861,0.0003751601379761861,0.0003751601379761861,3.4796674835600944e-06,3.4796674835600944e-06,3.4796674835600944e-06,0.0,0.0,0.0,0.6606991842795351
2025-09-10 11:00:00,0.6565633524823562,0.6606340126177519,0.6614496016377746,0.6565633524823562,0.6565633524823562,0.006807219383562313,0.006807219383562313,0.006807219383562313,0.005957225507905693,0.005957225507905693,0.005957225507905693,8.26630339422248e-05,8.26630339422248e-05,8.26630339422248e-05,0.006824470872528402,0.006824470872528402,0.006824470872528402,0.0007673308417143942,0.0007673308417143942,0.0007673308417143942,1.7251488966089326e-05,1.7251488966089326e-05,1.7251488966089326e-05,0.0,0.0,0.0,0.6610440499573417
2025-09-10 12:00:00,0.6565896468596122,0.6611219246368182,0.6618041031246771,0.6565896468596122,0.6565896468596122,0.007529490648897353,0.007529490648897353,0.007529490648897353,0.006091093312162995,0.006091093312162995,0.006091093312162995,8.26630339422248e-05,8.26630339422248e-05,8.26630339422248e-05,0.007562918463744199,0.007562918463744199,0.007562918463744199,0.0013557343027921333,0.0013557343027921333,0.0013557343027921333,3.34278148468464e-05,3.34278148468464e-05,3.34278148468464e-05,0.0,0.0,0.0,0.6615553808229501
2025-09-10 13:00:00,0.6566159412368683,0.6624048365068519,0.6629769381840399,0.6566159412368683,0.6566159412368683,0.009141232070290705,0.009141232070290705,0.009141232070290705,0.006475178673149728,0.006475178673149728,0.006475178673149728,8.26630339422248e-05,8.26630339422248e-05,8.26630339422248e-05,0.009192887748785718,0.009192887748785718,0.009192887748785718,0.0025833903631987533,0.0025833903631987533,0.0025833903631987533,5.1655678495013326e-05,5.1655678495013326e-05,5.1655678495013326e-05,0.0,0.0,0.0,0.6626521378787221
2025-09-10 14:00:00,0.6566422356141244,0.6625496997559447,0.6633043383456724,0.6566422356141244,0.6566422356141244,0.009481055684983376,0.009481055684983376,0.009481055684983376,0.00675599885494067,0.00675599885494067,0.00675599885494067,8.26630339422248e-05,8.26630339422248e-05,8.26630339422248e-05,0.009552584143519192,0.009552584143519192,0.009552584143519192,0.0026423937961004814,0.0026423937961004814,0.0026423937961004814,7.152845853581561e-05,7.152845853581561e-05,7.152845853581561e-05,0.0,0.0,0.0,0.6629148658220169
2025-09-10 15:00:00,0.6566685299913805,0.6624571564237648,0.6632761584650239,0.6566685299913805,0.6566685299913805,0.009309132083144586,0.009309132083144586,0.009309132083144586,0.007066965030111599,0.007066965030111599,0.007066965030111599,8.26630339422248e-05,8.26630339422248e-05,8.26630339422248e-05,0.009401724656937565,0.009401724656937565,0.009401724656937565,0.0021595040190907637,0.0021595040190907637,0.0021595040190907637,9.259257379297831e-05,9.259257379297831e-05,9.259257379297831e-05,0.0,0.0,0.0,0.6628423467012354
2025-09-10 16:00:00,0.6566948243686366,0.662192118421903,0.6628745167749232,0.6566948243686366,0.6566948243686366,0.008715051750074324,0.008715051750074324,0.008715051750074324,0.007255927522352697,0.007255927522352697,0.007255927522352697,8.26630339422248e-05,8.26630339422248e-05,8.26630339422248e-05,0.008829406684540232,0.008829406684540232,0.008829406684540232,0.0013764611937794027,0.0013764611937794027,0.0013764611937794027,0.00011435493446590531,0.00011435493446590531,0.00011435493446590531,0.0,0.0,0.0,0.66249305004062
2025-09-10 17:00:00,0.6567211187458927,0.6623721149000754,0.66298813617729,0.6567211187458927,0.6567211187458927,0.008973256864182677,0.008973256864182677,0.008973256864182677,0.007408517225555678,0.007408517225555678,0.007408517225555678,-8.418257500733919e-05,-8.418257500733919e-05,-8.418257500733919e-05,0.009109547909460025,0.009109547909460025,0.009109547909460025,0.0016489222136343384,0.0016489222136343384,0.0016489222136343384,0.00013629104527734833,0.00013629104527734833,0.00013629104527734833,0.0,0.0,0.0,0.6627035512402626
2025-09-10 18:00:00,0.6567474131231487,0.6619966916169753,0.6628304496290389,0.6567474131231487,0.6567474131231487,0.008413249776755193,0.008413249776755193,0.008413249776755193,0.007304554645246215,0.007304554645246215,0.007304554645246215,-8.418257500733919e-05,-8.418257500733919e-05,-8.418257500733919e-05,0.008571103423966298,0.008571103423966298,0.008571103423966298,0.0011928777065163152,0.0011928777065163152,0.0011928777065163152,0.00015785364721110657,0.00015785364721110657,0.00015785364721110657,0.0,0.0,0.0,0.6623764631244495
2025-09-10 19:00:00,0.6567737075004048,0.6615272776967459,0.6623057149023756,0.6567737075004048,0.6567737075004048,0.007810259867786055,0.007810259867786055,0.007810259867786055,0.007145621912866119,0.007145621912866119,0.007145621912866119,-8.418257500733919e-05,-8.418257500733919e-05,-8.418257500733919e-05,0.007988741644478483,0.007988741644478483,0.007988741644478483,0.0007488205299272755,0.0007488205299272755,0.0007488205299272755,0.00017848177669242896,0.00017848177669242896,0.00017848177669242896,0.0,0.0,0.0,0.6620205029685117
2025-09-10 20:00:00,0.6568000018776609,0.6612038827910367,0.6619257993535248,0.6568000018776609,0.6568000018776609,0.007092286176576759,0.007092286176576759,0.007092286176576759,0.006974634104091716,0.006974634104091716,0.006974634104091716,-8.418257500733919e-05,-8.418257500733919e-05,-8.418257500733919e-05,0.007289896291913738,0.007289896291913738,0.007289896291913738,0.00020183464749238197,0.00020183464749238197,0.00020183464749238197,0.00019761011533697912,0.00019761011533697912,0.00019761011533697912,0.0,0.0,0.0,0.6615880057758777
2025-09-10 21:00:00,0.6568262962549168,0.6610497719619672,0.6617676227231148,0.6568262962549168,0.6568262962549168,0.006796869836589958,0.006796869836589958,0.006796869836589958,0.006858732680906929,0.006858732680906929,0.006858732680906929,-8.418257500733919e-05,-8.418257500733919e-05,-8.418257500733919e-05,0.007011548335410515,0.007011548335410515,0.007011548335410515,2.2319730690368167e-05,2.2319730690368167e-05,2.2319730690368167e-05,0.00021467849882055685,0.00021467849882055685,0.00021467849882055685,0.0,0.0,0.0,0.6614316655790768
2025-09-10 22:00:00,0.6568525906321729,0.6616728437279392,0.6623273169403808,0.6568525906321729,0.6568525906321729,0.007550865774311345,0.007550865774311345,0.007550865774311345,0.0067976270595143775,0.0067976270595143775,0.0067976270595143775,-8.418257500733919e-05,-8.418257500733919e-05,-8.418257500733919e-05,0.007780007225249767,0.007780007225249767,0.007780007225249767,0.0008374212898043068,0.0008374212898043068,0.0008374212898043068,0.0002291414509384221,0.0002291414509384221,0.0002291414509384221,0.0,0.0,0.0,0.6619629085332154
2025-09-10 23:00:00,0.656878885009429,0.6616341902241152,0.6624834457309584,0.656878885009429,0.656878885009429,0.007587003842854792,0.007587003842854792,0.007587003842854792,0.006785414237630031,0.006785414237630031,0.006785414237630031,-8.418257500733919e-05,-8.418257500733919e-05,-8.418257500733919e-05,0.007827481450898708,0.007827481450898708,0.007827481450898708,0.0008857721802320997,0.0008857721802320997,0.0008857721802320997,0.0002404776080439157,0.0002404776080439157,0.0002404776080439157,0.0,0.0,0.0,0.6620205922973273
2025-09-11 00:00:00,0.656905179386685,0.6608191490895857,0.6616621346901029,0.656905179386685,0.656905179386685,0.006389844773738948,0.006389844773738948,0.006389844773738948,0.006700057322747342,0.006700057322747342,0.006700057322747342,-2.16154716512527e-05,-2.16154716512527e-05,-2.16154716512527e-05,0.006638043673742997,0.006638043673742997,0.006638043673742997,-0.0002885970773571406,-0.0002885970773571406,-0.0002885970773571406,0.0002481989000040487,0.0002481989000040487,0.0002481989000040487,0.0,0.0,0.0,0.6612657446569619
2025-09-11 01:00:00,0.6569314737639412,0.6614792147079258,0.6621211451622592,0.6569314737639412,0.6569314737639412,0.007165902289318876,0.007165902289318876,0.007165902289318876,0.006754952753270122,0.006754952753270122,0.006754952753270122,-2.16154716512527e-05,-2.16154716512527e-05,-2.16154716512527e-05,0.007417761645858006,0.007417761645858006,0.007417761645858006,0.0004325650077000068,0.0004325650077000068,0.0004325650077000068,0.00025185935653913063,0.00025185935653913063,0.00025185935653913063,0.0,0.0,0.0,0.6618044348539843
2025-09-11 02:00:00,0.6569577681411972,0.6609888489107648,0.6617100638454553,0.6569577681411972,0.6569577681411972,0.006431827021003695,0.006431827021003695,0.006431827021003695,0.006748858795919258,0.006748858795919258,0.006748858795919258,-2.16154716512527e-05,-2.16154716512527e-05,-2.16154716512527e-05,0.006682890433223732,0.006682890433223732,0.006682890433223732,-0.00029541630326431086,-0.00029541630326431086,-0.00029541630326431086,0.00025106341222003745,0.00025106341222003745,0.00025106341222003745,0.0,0.0,0.0,0.66134814492494
2025-09-11 03:00:00,0.6569840625184533,0.6611712050928416,0.6617892439503906,0.6569840625184533,0.6569840625184533,0.006621535336786623,0.006621535336786623,0.006621535336786623,0.0066756482837671645,0.0066756482837671645,0.0066756482837671645,-2.16154716512527e-05,-2.16154716512527e-05,-2.16154716512527e-05,0.006867008926394651,0.006867008926394651,0.006867008926394651,-3.2497475329288344e-05,-3.2497475329288344e-05,-3.2497475329288344e-05,0.00024547358960802816,0.00024547358960802816,0.00024547358960802816,0.0,0.0,0.0,0.6614955779402666
2025-09-11 04:00:00,0.6570103568957094,0.6607929839139624,0.661472803226689,0.6570103568957094,0.6570103568957094,0.006106646075001873,0.006106646075001873,0.006106646075001873,0.006553677810414209,0.006553677810414209,0.006553677810414209,-2.16154716512527e-05,-2.16154716512527e-05,-2.16154716512527e-05,0.006341463522628033,0.006341463522628033,0.006341463522628033,-0.000425416263761083,-0.000425416263761083,-0.000425416263761083,0.00023481744762616043,0.00023481744762616043,0.00023481744762616043,0.0,0.0,0.0,0.6611767641079523
2025-09-11 05:00:00,0.6570366512729654,0.6602650040994218,0.6610443867817444,0.6570366512729654,0.6570366512729654,0.005291055251218098,0.005291055251218098,0.005291055251218098,0.006462401288459053,0.006462401288459053,0.006462401288459053,-2.16154716512527e-05,-2.16154716512527e-05,-2.16154716512527e-05,0.005509948942928576,0.005509948942928576,0.005509948942928576,-0.0011497305655897025,-0.0011497305655897025,-0.0011497305655897025,0.000218893691710479,0.000218893691710479,0.000218893691710479,0.0,0.0,0.0,0.6606568896751123
2025-09-11 06:00:00,0.6570629456502215,0.6607917264269398,0.6616115150726414,0.6570629456502215,0.6570629456502215,0.0061622966706645415,0.0061622966706645415,0.0061622966706645415,0.006389232288278014,0.006389232288278014,0.006389232288278014,-2.16154716512527e-05,-2.16154716512527e-05,-2.16154716512527e-05,0.006359874023378937,0.006359874023378937,0.006359874023378937,-0.0002053201459622201,-0.0002053201459622201,-0.0002053201459622201,0.00019757735271439696,0.00019757735271439696,0.00019757735271439696,0.0,0.0,0.0,0.6612417832099873
2025-09-11 07:00:00,0.6570892400274776,0.6608940018723382,0.6617287206945507,0.6570892400274776,0.6570892400274776,0.006227228471919771,0.006227228471919771,0.006227228471919771,0.006401420202979665,0.006401420202979665,0.006401420202979665,-2.16154716512527e-05,-2.16154716512527e-05,-2.16154716512527e-05,0.0063980524255512795,0.0063980524255512795,0.0063980524255512795,-0.0001525762594086411,-0.0001525762594086411,-0.0001525762594086411,0.00017082395363150825,0.00017082395363150825,0.00017082395363150825,0.0,0.0,0.0,0.661293331433439
2025-09-11 08:00:00,0.6571155344047336,0.6606667240912906,0.6613351517506264,0.6571155344047336,0.6571155344047336,0.005819444957116831,0.005819444957116831,0.005819444957116831,0.006334419881697342,0.006334419881697342,0.006334419881697342,8.26630339422248e-05,8.26630339422248e-05,8.26630339422248e-05,0.005958117553195481,0.005958117553195481,0.005958117553195481,-0.0005976379585227359,-0.0005976379585227359,-0.0005976379585227359,0.00013867259607865047,0.00013867259607865047,0.00013867259607865047,0.0,0.0,0.0,0.6610307060047479
2025-09-11 09:00:00,0.6571418287819897,0.6603738122946594,0.661036836702427,0.6571418287819897,0.6571418287819897,0.005266096830081037,0.005266096830081037,0.005266096830081037,0.006255314669655478,0.006255314669655478,0.006255314669655478,8.26630339422248e-05,8.26630339422248e-05,8.26630339422248e-05,0.005367344742608366,0.005367344742608366,0.005367344742608366,-0.0010718808735166664,-0.0010718808735166664,-0.0010718808735166664,0.00010124791252732882,0.00010124791252732882,0.00010124791252732882,0.0,0.0,0.0,0.6606689355218507
2025-09-11 10:00:00,0.6571681231592458,0.6605368172718044,0.6612383832859741,0.6571681231592458,0.6571681231592458,0.005547320139442784,0.005547320139442784,0.005547320139442784,0.006285718037255973,0.006285718037255973,0.006285718037255973,8.26630339422248e-05,8.26630339422248e-05,8.26630339422248e-05,0.005606080984439185,0.005606080984439185,0.005606080984439185,-0.000821060931755413,-0.000821060931755413,-0.000821060931755413,5.876084499640026e-05,5.876084499640026e-05,5.876084499640026e-05,0.0,0.0,0.0,0.6608522608780684
2025-09-11 11:00:00,0.6571944175365018,0.6601153946689183,0.6608358555257554,0.6571944175365018,0.6571944175365018,0.005051600772170124,0.005051600772170124,0.005051600772170124,0.006170090593080132,0.006170090593080132,0.006170090593080132,8.26630339422248e-05,8.26630339422248e-05,8.26630339422248e-05,0.005063108998326742,0.005063108998326742,0.005063108998326742,-0.0012011528548522342,-0.0012011528548522342,-0.0012011528548522342,1.1508226156618307e-05,1.1508226156618307e-05,1.1508226156618307e-05,0.0,0.0,0.0,0.660521864505581
2025-09-11 12:00:00,0.657220711913758,0.6611212955424254,0.6618059698772586,0.657220711913758,0.657220711913758,0.006363815280399637,0.006363815280399637,0.006363815280399637,0.006182270205387603,0.006182270205387603,0.006182270205387603,8.26630339422248e-05,8.26630339422248e-05,8.26630339422248e-05,0.006323686434938594,0.006323686434938594,0.006323686434938594,9.888204106980894e-05,9.888204106980894e-05,9.888204106980894e-05,-4.012884546104303e-05,-4.012884546104303e-05,-4.012884546104303e-05,0.0,0.0,0.0,0.6613767696144477
2025-09-12 12:00:00,0.6578517769679036,0.6606987559570793,0.6624361087639238,0.6571210808727272,0.6584771874089718,0.006363815280399637,0.006363815280399637,0.006363815280399637,0.006182270205387603,0.006182270205387603,0.006182270205387603,8.26630339422248e-05,8.26630339422248e-05,8.26630339422248e-05,0.005605623951720354,0.005605623951720354,0.005605623951720354,9.888204106980894e-05,9.888204106980894e-05,9.888204106980894e-05,-0.0007581913286792836,-0.0007581913286792836,-0.0007581913286792836,0.0,0.0,0.0,0.6615394466455568
2025-09-13 12:00:00,0.6584828420220492,0.6614109566529817,0.6663764213281657,0.6562104336453309,0.6608516475903543,0.006363815280399637,0.006363815280399637,0.006363815280399637,0.006182270205387603,0.006182270205387603,0.006182270205387603,8.26630339422248e-05,8.26630339422248e-05,8.26630339422248e-05,0.00827795186218281,0.00827795186218281,0.00827795186218281,9.888204106980894e-05,9.888204106980894e-05,9.888204106980894e-05,0.0019141365817831736,0.0019141365817831736,0.0019141365817831736,0.0,0.0,0.0,0.663933731290381
2025-09-14 12:00:00,0.6591139070761949,0.6588130805411055,0.6681668705293841,0.6548586575823274,0.6637936755188966,0.006363815280399637,0.006363815280399637,0.006363815280399637,0.006182270205387603,0.006182270205387603,0.006182270205387603,8.26630339422248e-05,8.26630339422248e-05,8.26630339422248e-05,0.006250602180409088,0.006250602180409088,0.006250602180409088,9.888204106980894e-05,9.888204106980894e-05,9.888204106980894e-05,-0.00011321309999054921,-0.00011321309999054921,-0.00011321309999054921,0.0,0.0,0.0,0.6632337659009033
2025-09-15 12:00:00,0.6597449721303406,0.6556299155476619,0.6705635957905115,0.6522421582984891,0.6670072454924292,0.006363815280399637,0.006363815280399637,0.006363815280399637,0.006182270205387603,0.006182270205387603,0.006182270205387603,8.26630339422248e-05,8.26630339422248e-05,8.26630339422248e-05,0.005130136475334856,0.005130136475334856,0.005130136475334856,9.888204106980894e-05,9.888204106980894e-05,9.888204106980894e-05,-0.0012336788050647798,-0.0012336788050647798,-0.0012336788050647798,0.0,0.0,0.0,0.6631295538762852
2025-09-16 12:00:00,0.6603760371844862,0.6526920721470381,0.6756918520843165,0.6485088954331983,0.671178683789697,0.006363815280399637,0.006363815280399637,0.006363815280399637,0.006182270205387603,0.006182270205387603,0.006182270205387603,8.26630339422248e-05,8.26630339422248e-05,8.26630339422248e-05,0.006561462962966989,0.006561462962966989,0.006561462962966989,9.888204106980894e-05,9.888204106980894e-05,9.888204106980894e-05,0.000197647682567352,0.000197647682567352,0.000197647682567352,0.0,0.0,0.0,0.6647090700941031
2025-09-17 12:00:00,0.6610071022386319,0.6478588157770827,0.6799851349106447,0.6435386293465039,0.6761110957633966,0.006363815280399637,0.006363815280399637,0.006363815280399637,0.006182270205387603,0.006182270205387603,0.006182270205387603,8.26630339422248e-05,8.26630339422248e-05,8.26630339422248e-05,0.0063972430952483495,0.0063972430952483495,0.0063972430952483495,9.888204106980894e-05,9.888204106980894e-05,9.888204106980894e-05,3.3427814848712096e-05,3.3427814848712096e-05,3.3427814848712096e-05,0.0,0.0,0.0,0.6652357253593382
2025-09-18 12:00:00,0.6616381672927776,0.6447627732061442,0.6866264190814408,0.6404752443243171,0.6821979241079626,0.006363815280399637,0.006363815280399637,0.006363815280399637,0.006182270205387603,0.006182270205387603,0.006182270205387603,8.26630339422248e-05,8.26630339422248e-05,8.26630339422248e-05,0.006323686434938263,0.006323686434938263,0.006323686434938263,9.888204106980894e-05,9.888204106980894e-05,9.888204106980894e-05,-4.012884546137469e-05,-4.012884546137469e-05,-4.012884546137469e-05,0.0,0.0,0.0,0.6658221595961243
2025-09-19 12:00:00,0.6622692323469233,0.6389770976327279,0.6908873332676408,0.6347360555915653,0.6869628585510166,0.006363815280399637,0.006363815280399637,0.006363815280399637,0.006182270205387603,0.006182270205387603,0.006182270205387603,8.26630339422248e-05,8.26630339422248e-05,8.26630339422248e-05,0.005605623951720968,0.005605623951720968,0.005605623951720968,9.888204106980894e-05,9.888204106980894e-05,9.888204106980894e-05,-0.0007581913286786689,-0.0007581913286786689,-0.0007581913286786689,0.0,0.0,0.0,0.665981664618255
2025-09-20 12:00:00,0.6629002974010688,0.637855479093396,0.6990630643021927,0.6324377126649715,0.6935352461405379,0.006363815280399637,0.006363815280399637,0.006363815280399637,0.006182270205387603,0.006182270205387603,0.006182270205387603,8.26630339422248e-05,8.26630339422248e-05,8.26630339422248e-05,0.008277951862178072,0.008277951862178072,0.008277951862178072,9.888204106980894e-05,9.888204106980894e-05,9.888204106980894e-05,0.0019141365817784374,0.0019141365817784374,0.0019141365817784374,0.0,0.0,0.0,0.6683877541523784
2025-09-21 12:00:00,0.6635313624552146,0.635003297335478,0.7046555112652525,0.6312478132313909,0.700777950277682,0.006363815280399637,0.006363815280399637,0.006363815280399637,0.006182270205387603,0.006182270205387603,0.006182270205387603,8.26630339422248e-05,8.26630339422248e-05,8.26630339422248e-05,0.006250602180408435,0.006250602180408435,0.006250602180408435,9.888204106980894e-05,9.888204106980894e-05,9.888204106980894e-05,-0.00011321309999120241,-0.00011321309999120241,-0.00011321309999120241,0.0,0.0,0.0,0.6676788330361466
2025-09-22 12:00:00,0.6641624275093602,0.6272307663936966,0.711245573945459,0.6239769166833706,0.707048290479327,0.006363815280399637,0.006363815280399637,0.006363815280399637,0.006182270205387603,0.006182270205387603,0.006182270205387603,8.26630339422248e-05,8.26630339422248e-05,8.26630339422248e-05,0.005130136475338528,0.005130136475338528,0.005130136475338528,9.888204106980894e-05,9.888204106980894e-05,9.888204106980894e-05,-0.0012336788050611091,-0.0012336788050611091,-0.0012336788050611091,0.0,0.0,0.0,0.6675696714042753
2025-09-23 12:00:00,0.6647934925635058,0.6222409578612894,0.7161185974730055,0.618108913837606,0.711296809154824,0.006363815280399637,0.006363815280399637,0.006363815280399637,0.006182270205387603,0.006182270205387603,0.006182270205387603,8.26630339422248e-05,8.26630339422248e-05,8.26630339422248e-05,0.006561462962973606,0.006561462962973606,0.006561462962973606,9.888204106980894e-05,9.888204106980894e-05,9.888204106980894e-05,0.00019764768257396828,0.00019764768257396828,0.00019764768257396828,0.0,0.0,0.0,0.6691555104429872
2025-09-24 12:00:00,0.6654245576176515,0.6209383574635131,0.7206247840569359,0.6169830433002758,0.716099130739766,0.006363815280399637,0.006363815280399637,0.006363815280399637,0.006182270205387603,0.006182270205387603,0.006182270205387603,8.26630339422248e-05,8.26630339422248e-05,8.26630339422248e-05,0.006397243095243972,0.006397243095243972,0.006397243095243972,9.888204106980894e-05,9.888204106980894e-05,9.888204106980894e-05,3.342781484433463e-05,3.342781484433463e-05,3.342781484433463e-05,0.0,0.0,0.0,0.6696814402742768
2025-09-25 12:00:00,0.6660556226717971,0.6188748199771303,0.7246746089389972,0.6149760891393721,0.7205492918333188,0.006363815280399637,0.006363815280399637,0.006363815280399637,0.006182270205387603,0.006182270205387603,0.006182270205387603,8.26630339422248e-05,8.26630339422248e-05,8.26630339422248e-05,0.006323686434941303,0.006323686434941303,0.006323686434941303,9.888204106980894e-05,9.888204106980894e-05,9.888204106980894e-05,-4.0128845458333937e-05,-4.0128845458333937e-05,-4.0128845458333937e-05,0.0,0.0,0.0,0.6702675495778032
2025-09-26 12:00:00,0.6666866877259429,0.614769141488336,0.7295488654680994,0.6115218150595111,0.725542026146739,0.006363815280399637,0.006363815280399637,0.006363815280399637,0.006182270205387603,0.006182270205387603,0.006182270205387603,8.26630339422248e-05,8.26630339422248e-05,8.26630339422248e-05,0.005605623951722483,0.005605623951722483,0.005605623951722483,9.888204106980894e-05,9.888204106980894e-05,9.888204106980894e-05,-0.0007581913286771543,-0.0007581913286771543,-0.0007581913286771543,0.0,0.0,0.0,0.6704238825909539
2025-09-27 12:00:00,0.6673177527800885,0.6102338428839136,0.7421575487517399,0.6050781766464589,0.7357455996955001,0.006363815280399637,0.006363815280399637,0.006363815280399637,0.006182270205387603,0.006182270205387603,0.006182270205387603,8.26630339422248e-05,8.26630339422248e-05,8.26630339422248e-05,0.008277951862180551,0.008277951862180551,0.008277951862180551,9.888204106980894e-05,9.888204106980894e-05,9.888204106980894e-05,0.0019141365817809154,0.0019141365817809154,0.0019141365817809154,0.0,0.0,0.0,0.6728417770143805
2025-09-28 12:00:00,0.6679488178342342,0.5979618258708667,0.7490514247179044,0.5947960305263641,0.7445229546427533,0.006363815280399637,0.006363815280399637,0.006363815280399637,0.006182270205387603,0.006182270205387603,0.006182270205387603,8.26630339422248e-05,8.26630339422248e-05,8.26630339422248e-05,0.006250602180403538,0.006250602180403538,0.006250602180403538,9.888204106980894e-05,9.888204106980894e-05,9.888204106980894e-05,-0.0001132130999960993,-0.0001132130999960993,-0.0001132130999960993,0.0,0.0,0.0,0.6721239001713869
2025-09-29 12:00:00,0.6685798828883798,0.5909642688808794,0.7565834082736662,0.5877766735274214,0.7523782809316937,0.006363815280399637,0.006363815280399637,0.006363815280399637,0.006182270205387603,0.006182270205387603,0.006182270205387603,8.26630339422248e-05,8.26630339422248e-05,8.26630339422248e-05,0.005130136475337406,0.005130136475337406,0.005130136475337406,9.888204106980894e-05,9.888204106980894e-05,9.888204106980894e-05,-0.001233678805062231,-0.001233678805062231,-0.001233678805062231,0.0,0.0,0.0,0.6720097889322623
2025-09-30 12:00:00,0.6692109479425254,0.5858513503383449,0.7590928258558541,0.5818905717064282,0.754004397052798,0.006363815280399637,0.006363815280399637,0.006363815280399637,0.006182270205387603,0.006182270205387603,0.006182270205387603,8.26630339422248e-05,8.26630339422248e-05,8.26630339422248e-05,0.0065614629629714375,0.0065614629629714375,0.0065614629629714375,9.888204106980894e-05,9.888204106980894e-05,9.888204106980894e-05,0.00019764768257180066,0.00019764768257180066,0.00019764768257180066,0.0,0.0,0.0,0.6736019507918652
2025-10-01 12:00:00,0.6698420129966711,0.5782761519026491,0.7684526761246326,0.5747263828472321,0.7637936074404051,0.006363815280399637,0.006363815280399637,0.006363815280399637,0.006182270205387603,0.006182270205387603,0.006182270205387603,8.26630339422248e-05,8.26630339422248e-05,8.26630339422248e-05,0.006397243095245838,0.006397243095245838,0.006397243095245838,9.888204106980894e-05,9.888204106980894e-05,9.888204106980894e-05,3.3427814846200324e-05,3.3427814846200324e-05,3.3427814846200324e-05,0.0,0.0,0.0,0.6741271551892197
2025-10-02 12:00:00,0.6704730780508169,0.5723742370365805,0.7789292405741656,0.5687479913847384,0.7742892002837245,0.006363815280399637,0.006363815280399637,0.006363815280399637,0.006182270205387603,0.006182270205387603,0.006182270205387603,8.26630339422248e-05,8.26630339422248e-05,8.26630339422248e-05,0.0063236864349409715,0.0063236864349409715,0.0063236864349409715,9.888204106980894e-05,9.888204106980894e-05,9.888204106980894e-05,-4.0128845458665594e-05,-4.0128845458665594e-05,-4.0128845458665594e-05,0.0,0.0,0.0,0.67471293955948
2025-10-03 12:00:00,0.6711041431049625,0.5669380550820818,0.7869503714618731,0.5634807559139924,0.7827517238049251,0.006363815280399637,0.006363815280399637,0.006363815280399637,0.006182270205387603,0.006182270205387603,0.006182270205387603,8.26630339422248e-05,8.26630339422248e-05,8.26630339422248e-05,0.005605623951723098,0.005605623951723098,0.005605623951723098,9.888204106980894e-05,9.888204106980894e-05,9.888204106980894e-05,-0.0007581913286765396,-0.0007581913286765396,-0.0007581913286765396,0.0,0.0,0.0,0.6748661005636523
2025-10-04 12:00:00,0.6717352081591081,0.5634099979321583,0.7996952482990759,0.5587577001183329,0.7929184579952387,0.006363815280399637,0.006363815280399637,0.006363815280399637,0.006182270205387603,0.006182270205387603,0.006182270205387603,8.26630339422248e-05,8.26630339422248e-05,8.26630339422248e-05,0.008277951862180177,0.008277951862180177,0.008277951862180177,9.888204106980894e-05,9.888204106980894e-05,9.888204106980894e-05,0.0019141365817805388,0.0019141365817805388,0.0019141365817805388,0.0,0.0,0.0,0.6772957998763809
2025-10-05 12:00:00,0.6723662732132538,0.5561904243179234,0.8069508474485749,0.5522775728683557,0.8019328331968708,0.006363815280399637,0.006363815280399637,0.006363815280399637,0.006182270205387603,0.006182270205387603,0.006182270205387603,8.26630339422248e-05,8.26630339422248e-05,8.26630339422248e-05,0.006250602180407128,0.006250602180407128,0.006250602180407128,9.888204106980894e-05,9.888204106980894e-05,9.888204106980894e-05,-0.0001132130999925088,-0.0001132130999925088,-0.0001132130999925088,0.0,0.0,0.0,0.6765689673066329
