,ds,trend,yhat_lower,yhat_upper,trend_lower,trend_upper,additive_terms,additive_terms_lower,additive_terms_upper,adx,adx_lower,adx_upper,atr,atr_lower,atr_upper,cci,cci_lower,cci_upper,extra_regressors_additive,extra_regressors_additive_lower,extra_regressors_additive_upper,ma_50,ma_50_lower,ma_50_upper,macd,macd_lower,macd_upper,momentum_10,momentum_10_lower,momentum_10_upper,rsi,rsi_lower,rsi_upper,volume,volume_lower,volume_upper,yearly,yearly_lower,yearly_upper,multiplicative_terms,multiplicative_terms_lower,multiplicative_terms_upper,yhat
0,2025-08-11 13:00:00,1.3745696892426014,1.377774872344644,1.3789863620220821,1.3745696892426014,1.3745696892426014,0.0038231739104882044,0.0038231739104882044,0.0038231739104882044,-2.293109438034306e-05,-2.293109438034306e-05,-2.293109438034306e-05,-1.0626868352074094e-05,-1.0626868352074094e-05,-1.0626868352074094e-05,1.9289348909538764e-06,1.9289348909538764e-06,1.9289348909538764e-06,-4.0713261742994664e-05,-4.0713261742994664e-05,-4.0713261742994664e-05,8.72092542132208e-05,8.72092542132208e-05,8.72092542132208e-05,-0.00010585116436398606,-0.00010585116436398606,-0.00010585116436398606,1.0328366492148294e-05,1.0328366492148294e-05,1.0328366492148294e-05,-7.706902429144331e-07,-7.706902429144331e-07,-7.706902429144331e-07,0.0,0.0,0.0,0.0038638871722311992,0.0038638871722311992,0.0038638871722311992,0.0,0.0,0.0,1.3783928631530895
1,2025-08-11 14:00:00,1.3745068870449142,1.3776961098350167,1.3789676994291582,1.3745068870449142,1.3745068870449142,0.00380715699614053,0.00380715699614053,0.00380715699614053,-2.293109438034306e-05,-2.293109438034306e-05,-2.293109438034306e-05,-1.0626868352074094e-05,-1.0626868352074094e-05,-1.0626868352074094e-05,1.9289348909538764e-06,1.9289348909538764e-06,1.9289348909538764e-06,-8.530941960990407e-05,-8.530941960990407e-05,-8.530941960990407e-05,8.72092542132208e-05,8.72092542132208e-05,8.72092542132208e-05,-0.00015044732223089545,-0.00015044732223089545,-0.00015044732223089545,1.0328366492148294e-05,1.0328366492148294e-05,1.0328366492148294e-05,-7.706902429144331e-07,-7.706902429144331e-07,-7.706902429144331e-07,0.0,0.0,0.0,0.003892466415750434,0.003892466415750434,0.003892466415750434,0.0,0.0,0.0,1.3783140440410546
2,2025-08-11 15:00:00,1.3744440848472268,1.377747173667231,1.3789376365741655,1.3744440848472268,1.3744440848472268,0.00388302913711471,0.00388302913711471,0.00388302913711471,-2.293109438034306e-05,-2.293109438034306e-05,-2.293109438034306e-05,-1.0626868352074094e-05,-1.0626868352074094e-05,-1.0626868352074094e-05,1.9289348909538764e-06,1.9289348909538764e-06,1.9289348909538764e-06,-3.9437585918151604e-05,-3.9437585918151604e-05,-3.9437585918151604e-05,8.72092542132208e-05,8.72092542132208e-05,8.72092542132208e-05,-0.000104575488539143,-0.000104575488539143,-0.000104575488539143,1.0328366492148294e-05,1.0328366492148294e-05,1.0328366492148294e-05,-7.706902429144331e-07,-7.706902429144331e-07,-7.706902429144331e-07,0.0,0.0,0.0,0.003922466723032861,0.003922466723032861,0.003922466723032861,0.0,0.0,0.0,1.3783271139843416
3,2025-08-11 16:00:00,1.3743812826495396,1.3775956583739135,1.378882075230628,1.3743812826495396,1.3743812826495396,0.0039022708818386774,0.0039022708818386774,0.0039022708818386774,-2.293109438034306e-05,-2.293109438034306e-05,-2.293109438034306e-05,-1.0626868352074094e-05,-1.0626868352074094e-05,-1.0626868352074094e-05,1.9289348909538764e-06,1.9289348909538764e-06,1.9289348909538764e-06,-5.160702986883457e-05,-5.160702986883457e-05,-5.160702986883457e-05,8.72092542132208e-05,8.72092542132208e-05,8.72092542132208e-05,-0.00011674493248982596,-0.00011674493248982596,-0.00011674493248982596,1.0328366492148294e-05,1.0328366492148294e-05,1.0328366492148294e-05,-7.706902429144331e-07,-7.706902429144331e-07,-7.706902429144331e-07,0.0,0.0,0.0,0.003953877911707512,0.003953877911707512,0.003953877911707512,0.0,0.0,0.0,1.3782835535313782
4,2025-08-11 17:00:00,1.3743184804518525,1.3776109584951646,1.3788440685542553,1.3743184804518525,1.3743184804518525,0.003910524033099462,0.003910524033099462,0.003910524033099462,-2.293109438034306e-05,-2.293109438034306e-05,-2.293109438034306e-05,-1.0626868352074094e-05,-1.0626868352074094e-05,-1.0626868352074094e-05,1.9289348909538764e-06,1.9289348909538764e-06,1.9289348909538764e-06,-7.616571054364546e-05,-7.616571054364546e-05,-7.616571054364546e-05,8.72092542132208e-05,8.72092542132208e-05,8.72092542132208e-05,-0.00014130361316463686,-0.00014130361316463686,-0.00014130361316463686,1.0328366492148294e-05,1.0328366492148294e-05,1.0328366492148294e-05,-7.706902429144331e-07,-7.706902429144331e-07,-7.706902429144331e-07,0.0,0.0,0.0,0.003986689743643107,0.003986689743643107,0.003986689743643107,0.0,0.0,0.0,1.378229004484952
5,2025-08-11 18:00:00,1.374255678254165,1.377548087709271,1.378824518679491,1.374255678254165,1.374255678254165,0.003910108450253599,0.003910108450253599,0.003910108450253599,-2.293109438034306e-05,-2.293109438034306e-05,-2.293109438034306e-05,-1.0626868352074094e-05,-1.0626868352074094e-05,-1.0626868352074094e-05,1.9289348909538764e-06,1.9289348909538764e-06,1.9289348909538764e-06,-0.00011078347510982659,-0.00011078347510982659,-0.00011078347510982659,8.72092542132208e-05,8.72092542132208e-05,8.72092542132208e-05,-0.00017592137773081795,-0.00017592137773081795,-0.00017592137773081795,1.0328366492148294e-05,1.0328366492148294e-05,1.0328366492148294e-05,-7.706902429144331e-07,-7.706902429144331e-07,-7.706902429144331e-07,0.0,0.0,0.0,0.004020891925363425,0.004020891925363425,0.004020891925363425,0.0,0.0,0.0,1.3781657867044186
6,2025-08-11 19:00:00,1.3741928760564779,1.3774255047318664,1.3787160253831732,1.3741928760564779,1.3741928760564779,0.003906065632522673,0.003906065632522673,0.003906065632522673,-2.293109438034306e-05,-2.293109438034306e-05,-2.293109438034306e-05,-1.0626868352074094e-05,-1.0626868352074094e-05,-1.0626868352074094e-05,1.9289348909538764e-06,1.9289348909538764e-06,1.9289348909538764e-06,-0.00015040847614755448,-0.00015040847614755448,-0.00015040847614755448,8.72092542132208e-05,8.72092542132208e-05,8.72092542132208e-05,-0.00021554637876854585,-0.00021554637876854585,-0.00021554637876854585,1.0328366492148294e-05,1.0328366492148294e-05,1.0328366492148294e-05,-7.706902429144331e-07,-7.706902429144331e-07,-7.706902429144331e-07,0.0,0.0,0.0,0.004056474108670227,0.004056474108670227,0.004056474108670227,0.0,0.0,0.0,1.3780989416890006
7,2025-08-11 20:00:00,1.3741300738587905,1.377492342385592,1.378693794058392,1.3741300738587905,1.3741300738587905,0.0039551550351751355,0.0039551550351751355,0.0039551550351751355,-2.293109438034306e-05,-2.293109438034306e-05,-2.293109438034306e-05,-1.0626868352074094e-05,-1.0626868352074094e-05,-1.0626868352074094e-05,1.9289348909538764e-06,1.9289348909538764e-06,1.9289348909538764e-06,-0.00013827085617790905,-0.00013827085617790905,-0.00013827085617790905,8.72092542132208e-05,8.72092542132208e-05,8.72092542132208e-05,-0.0002034087587989004,-0.0002034087587989004,-0.0002034087587989004,1.0328366492148294e-05,1.0328366492148294e-05,1.0328366492148294e-05,-7.706902429144331e-07,-7.706902429144331e-07,-7.706902429144331e-07,0.0,0.0,0.0,0.004093425891353044,0.004093425891353044,0.004093425891353044,0.0,0.0,0.0,1.3780852288939656
8,2025-08-11 21:00:00,1.3740672716611033,1.3773418807899165,1.378658998046911,1.3740672716611033,1.3740672716611033,0.003941006511887825,0.003941006511887825,0.003941006511887825,-2.293109438034306e-05,-2.293109438034306e-05,-2.293109438034306e-05,-1.0626868352074094e-05,-1.0626868352074094e-05,-1.0626868352074094e-05,1.9289348909538764e-06,1.9289348909538764e-06,1.9289348909538764e-06,-0.00019073030573907011,-0.00019073030573907011,-0.00019073030573907011,8.72092542132208e-05,8.72092542132208e-05,8.72092542132208e-05,-0.0002558682083600615,-0.0002558682083600615,-0.0002558682083600615,1.0328366492148294e-05,1.0328366492148294e-05,1.0328366492148294e-05,-7.706902429144331e-07,-7.706902429144331e-07,-7.706902429144331e-07,0.0,0.0,0.0,0.0041317368176268954,0.0041317368176268954,0.0041317368176268954,0.0,0.0,0.0,1.3780082781729912
9,2025-08-11 22:00:00,1.3740044694634161,1.3773379324798258,1.3786128358132934,1.3740044694634161,1.3740044694634161,0.003983304008747298,0.003983304008747298,0.003983304008747298,-2.293109438034306e-05,-2.293109438034306e-05,-2.293109438034306e-05,-1.0626868352074094e-05,-1.0626868352074094e-05,-1.0626868352074094e-05,1.9289348909538764e-06,1.9289348909538764e-06,1.9289348909538764e-06,-0.0001880923700186039,-0.0001880923700186039,-0.0001880923700186039,8.72092542132208e-05,8.72092542132208e-05,8.72092542132208e-05,-0.00025323027263959527,-0.00025323027263959527,-0.00025323027263959527,1.0328366492148294e-05,1.0328366492148294e-05,1.0328366492148294e-05,-7.706902429144331e-07,-7.706902429144331e-07,-7.706902429144331e-07,0.0,0.0,0.0,0.004171396378765901,0.004171396378765901,0.004171396378765901,0.0,0.0,0.0,1.3779877734721635
10,2025-08-11 23:00:00,1.3739416672657287,1.3771090506539205,1.3784152438813637,1.3739416672657287,1.3739416672657287,0.003789413873608895,0.003789413873608895,0.003789413873608895,-2.293109438034306e-05,-2.293109438034306e-05,-2.293109438034306e-05,-1.0626868352074094e-05,-1.0626868352074094e-05,-1.0626868352074094e-05,1.9289348909538764e-06,1.9289348909538764e-06,1.9289348909538764e-06,-0.0004229801402161401,-0.0004229801402161401,-0.0004229801402161401,8.72092542132208e-05,8.72092542132208e-05,8.72092542132208e-05,-0.0002906407407715671,-0.0002906407407715671,-0.0002906407407715671,-0.0001871489355734161,-0.0001871489355734161,-0.0001871489355734161,-7.706902429144331e-07,-7.706902429144331e-07,-7.706902429144331e-07,0.0,0.0,0.0,0.004212394013825035,0.004212394013825035,0.004212394013825035,0.0,0.0,0.0,1.3777310811393377
11,2025-08-12 00:00:00,1.3738788650680416,1.3770885876976435,1.3784361920029182,1.3738788650680416,1.3738788650680416,0.003891295817848998,0.003891295817848998,0.003891295817848998,-2.293109438034306e-05,-2.293109438034306e-05,-2.293109438034306e-05,-1.0626868352074094e-05,-1.0626868352074094e-05,-1.0626868352074094e-05,1.9289348909538764e-06,1.9289348909538764e-06,1.9289348909538764e-06,-0.00036342329218375634,-0.00036342329218375634,-0.00036342329218375634,8.72092542132208e-05,8.72092542132208e-05,8.72092542132208e-05,-0.0003318768990827677,-0.0003318768990827677,-0.0003318768990827677,-8.63559292298318e-05,-8.63559292298318e-05,-8.63559292298318e-05,-7.706902429144331e-07,-7.706902429144331e-07,-7.706902429144331e-07,0.0,0.0,0.0,0.004254719110032754,0.004254719110032754,0.004254719110032754,0.0,0.0,0.0,1.3777701608858905
12,2025-08-12 01:00:00,1.3738160628703542,1.377068533263956,1.378346259811428,1.3738160628703542,1.3738160628703542,0.00390973348784117,0.00390973348784117,0.00390973348784117,-2.293109438034306e-05,-2.293109438034306e-05,-2.293109438034306e-05,-1.0626868352074094e-05,-1.0626868352074094e-05,-1.0626868352074094e-05,1.9289348909538764e-06,1.9289348909538764e-06,1.9289348909538764e-06,-0.0003886275157357011,-0.0003886275157357011,-0.0003886275157357011,8.72092542132208e-05,8.72092542132208e-05,8.72092542132208e-05,-0.00030396543579515426,-0.00030396543579515426,-0.00030396543579515426,-0.00013947161606938985,-0.00013947161606938985,-0.00013947161606938985,-7.706902429144331e-07,-7.706902429144331e-07,-7.706902429144331e-07,0.0,0.0,0.0,0.00429836100357687,0.00429836100357687,0.00429836100357687,0.0,0.0,0.0,1.3777257963581953
13,2025-08-12 02:00:00,1.373753260672667,1.3766429015623405,1.3779182209625362,1.373753260672667,1.373753260672667,0.003533775128830399,0.003533775128830399,0.003533775128830399,-2.293109438034306e-05,-2.293109438034306e-05,-2.293109438034306e-05,-1.0626868352074094e-05,-1.0626868352074094e-05,-1.0626868352074094e-05,-0.0005319528418232192,-0.0005319528418232192,-0.0005319528418232192,-0.0008095338512749721,-0.0008095338512749721,-0.0008095338512749721,8.72092542132208e-05,8.72092542132208e-05,8.72092542132208e-05,-0.0003136017870500428,-0.0003136017870500428,-0.0003136017870500428,-0.00011904768140017962,-0.00011904768140017962,-0.00011904768140017962,0.00010141716751766595,0.00010141716751766595,0.00010141716751766595,0.0,0.0,0.0,0.004343308980105371,0.004343308980105371,0.004343308980105371,0.0,0.0,0.0,1.3772870358014975
14,2025-08-12 03:00:00,1.3736904584749798,1.3763484183479389,1.3776320360924625,1.3736904584749798,1.3736904584749798,0.003296134408676124,0.003296134408676124,0.003296134408676124,-2.293109438034306e-05,-2.293109438034306e-05,-2.293109438034306e-05,-1.0626868352074094e-05,-1.0626868352074094e-05,-1.0626868352074094e-05,-0.0007671914044718661,-0.0007671914044718661,-0.0007671914044718661,-0.0010934178666262239,-0.0010934178666262239,-0.0010934178666262239,8.72092542132208e-05,8.72092542132208e-05,8.72092542132208e-05,-0.00036159858820177426,-0.00036159858820177426,-0.00036159858820177426,-0.0001354302933090966,-0.0001354302933090966,-0.0001354302933090966,0.00011715112787570936,0.00011715112787570936,0.00011715112787570936,0.0,0.0,0.0,0.0043895522753023474,0.0043895522753023474,0.0043895522753023474,0.0,0.0,0.0,1.376986592883656
15,2025-08-12 04:00:00,1.3736276562772924,1.37663061615292,1.3779177562909732,1.3736276562772924,1.3736276562772924,0.0036398954920289746,0.0036398954920289746,0.0036398954920289746,-2.293109438034306e-05,-2.293109438034306e-05,-2.293109438034306e-05,-1.0626868352074094e-05,-1.0626868352074094e-05,-1.0626868352074094e-05,-0.0005036595959190517,-0.0005036595959190517,-0.0005036595959190517,-0.0007971845836138657,-0.0007971845836138657,-0.0007971845836138657,8.72092542132208e-05,8.72092542132208e-05,8.72092542132208e-05,-0.0003338328950579556,-0.0003338328950579556,-0.0003338328950579556,-4.680434126933729e-05,-4.680434126933729e-05,-4.680434126933729e-05,3.346095715167511e-05,3.346095715167511e-05,3.346095715167511e-05,0.0,0.0,0.0,0.0044370800756428404,0.0044370800756428404,0.0044370800756428404,0.0,0.0,0.0,1.3772675517693214
16,2025-08-12 05:00:00,1.3735648540796053,1.3769713116071884,1.3781587627243315,1.3735648540796053,1.3735648540796053,0.004008386823701343,0.004008386823701343,0.004008386823701343,-2.293109438034306e-05,-2.293109438034306e-05,-2.293109438034306e-05,-1.0626868352074094e-05,-1.0626868352074094e-05,-1.0626868352074094e-05,-0.0002438728267888167,-0.0002438728267888167,-0.0002438728267888167,-0.0004774946950885873,-0.0004774946950885873,-0.0004774946950885873,8.72092542132208e-05,8.72092542132208e-05,8.72092542132208e-05,-0.00034942117467998823,-0.00034942117467998823,-0.00034942117467998823,-6.044925640432174e-05,-6.044925640432174e-05,-6.044925640432174e-05,0.0001225972713037357,0.0001225972713037357,0.0001225972713037357,0.0,0.0,0.0,0.00448588151878993,0.00448588151878993,0.00448588151878993,0.0,0.0,0.0,1.3775732409033066
17,2025-08-12 06:00:00,1.3735020518819179,1.3769352417205318,1.3781815929630201,1.3735020518819179,1.3735020518819179,0.004058272800582094,0.004058272800582094,0.004058272800582094,-2.293109438034306e-05,-2.293109438034306e-05,-2.293109438034306e-05,-1.0626868352074094e-05,-1.0626868352074094e-05,-1.0626868352074094e-05,-0.00021485127300838866,-0.00021485127300838866,-0.00021485127300838866,-0.0004776728938178299,-0.0004776728938178299,-0.0004776728938178299,8.72092542132208e-05,8.72092542132208e-05,8.72092542132208e-05,-0.0003180308855627655,-0.0003180308855627655,-0.0003180308855627655,-6.861368068774864e-05,-6.861368068774864e-05,-6.861368068774864e-05,7.017165396026924e-05,7.017165396026924e-05,7.017165396026924e-05,0.0,0.0,0.0,0.004535945694399924,0.004535945694399924,0.004535945694399924,0.0,0.0,0.0,1.3775603246825
18,2025-08-12 07:00:00,1.3734392496842307,1.3778121742262437,1.379087686959924,1.3734392496842307,1.3734392496842307,0.005026832877178638,0.005026832877178638,0.005026832877178638,-2.293109438034306e-05,-2.293109438034306e-05,-2.293109438034306e-05,-1.0626868352074094e-05,-1.0626868352074094e-05,-1.0626868352074094e-05,0.0004886817509015011,0.0004886817509015011,0.0004886817509015011,0.0004395712326025001,0.0004395712326025001,0.0004395712326025001,8.72092542132208e-05,8.72092542132208e-05,8.72092542132208e-05,-0.000199005138641946,-0.000199005138641946,-0.000199005138641946,9.231286565604235e-05,9.231286565604235e-05,9.231286565604235e-05,3.930463206099163e-06,3.930463206099163e-06,3.930463206099163e-06,0.0,0.0,0.0,0.004587261644576138,0.004587261644576138,0.004587261644576138,0.0,0.0,0.0,1.3784660825614092
19,2025-08-12 08:00:00,1.3733764474865435,1.3775871084713258,1.3788599109167359,1.3733764474865435,1.3733764474865435,0.004858067254692271,0.004858067254692271,0.004858067254692271,-2.293109438034306e-05,-2.293109438034306e-05,-2.293109438034306e-05,4.042960200488294e-05,4.042960200488294e-05,4.042960200488294e-05,0.00027365041450340573,0.00027365041450340573,0.00027365041450340573,0.00021824889011437195,0.00021824889011437195,0.00021824889011437195,8.72092542132208e-05,8.72092542132208e-05,8.72092542132208e-05,-0.00017018053742209213,-0.00017018053742209213,-0.00017018053742209213,-1.0000350223042062e-05,-1.0000350223042062e-05,-1.0000350223042062e-05,2.007160141833976e-05,2.007160141833976e-05,2.007160141833976e-05,0.0,0.0,0.0,0.0046398183645778995,0.0046398183645778995,0.0046398183645778995,0.0,0.0,0.0,1.3782345147412358
20,2025-08-12 09:00:00,1.3733136452888561,1.3786229338756435,1.3799128920254664,1.3733136452888561,1.3733136452888561,0.0059245904532636545,0.0059245904532636545,0.0059245904532636545,-2.293109438034306e-05,-2.293109438034306e-05,-2.293109438034306e-05,4.152458684351031e-05,4.152458684351031e-05,4.152458684351031e-05,0.0010192571524525586,0.0010192571524525586,0.0010192571524525586,0.0012309856498177317,0.0012309856498177317,0.0012309856498177317,8.72092542132208e-05,8.72092542132208e-05,8.72092542132208e-05,-8.064934312839031e-06,-8.064934312839031e-06,-8.064934312839031e-06,0.00016187864459817888,0.00016187864459817888,0.00016187864459817888,-4.788795959655458e-05,-4.788795959655458e-05,-4.788795959655458e-05,0.0,0.0,0.0,0.004693604803445923,0.004693604803445923,0.004693604803445923,0.0,0.0,0.0,1.3792382357421198
21,2025-08-12 10:00:00,1.373250843091169,1.378966619523186,1.380179839089857,1.373250843091169,1.373250843091169,0.006337135760180597,0.006337135760180597,0.006337135760180597,-2.293109438034306e-05,-2.293109438034306e-05,-2.293109438034306e-05,5.850664792927788e-05,5.850664792927788e-05,5.850664792927788e-05,0.001147874789441906,0.001147874789441906,0.001147874789441906,0.0015885258956998773,0.0015885258956998773,0.0015885258956998773,8.72092542132208e-05,8.72092542132208e-05,8.72092542132208e-05,0.00014998817665078456,0.00014998817665078456,0.00014998817665078456,0.00020964184497702544,0.00020964184497702544,0.00020964184497702544,-4.1763723131994395e-05,-4.1763723131994395e-05,-4.1763723131994395e-05,0.0,0.0,0.0,0.00474860986448072,0.00474860986448072,0.00474860986448072,0.0,0.0,0.0,1.3795879788513497
22,2025-08-12 11:00:00,1.3731880408934816,1.3786322860146318,1.3799585987732195,1.3731880408934816,1.3731880408934816,0.006117841353172966,0.006117841353172966,0.006117841353172966,-2.293109438034306e-05,-2.293109438034306e-05,-2.293109438034306e-05,7.165299671751397e-05,7.165299671751397e-05,7.165299671751397e-05,0.0007992269080041647,0.0007992269080041647,0.0007992269080041647,0.0013130189471761008,0.0013130189471761008,0.0013130189471761008,8.72092542132208e-05,8.72092542132208e-05,8.72092542132208e-05,0.000297473674923473,0.000297473674923473,0.000297473674923473,0.0001754802897304329,0.0001754802897304329,0.0001754802897304329,-9.509308203236147e-05,-9.509308203236147e-05,-9.509308203236147e-05,0.0,0.0,0.0,0.004804822405996866,0.004804822405996866,0.004804822405996866,0.0,0.0,0.0,1.3793058822466546
23,2025-08-12 12:00:00,1.3731252386957944,1.37914281368185,1.3803817548415964,1.3731252386957944,1.3731252386957944,0.006624772637387177,0.006624772637387177,0.006624772637387177,-2.293109438034306e-05,-2.293109438034306e-05,-2.293109438034306e-05,7.055801187888667e-05,7.055801187888667e-05,7.055801187888667e-05,0.0009545307968710577,0.0009545307968710577,0.0009545307968710577,0.0017625413954471094,0.0017625413954471094,0.0017625413954471094,8.72092542132208e-05,8.72092542132208e-05,8.72092542132208e-05,0.0004936553294463705,0.0004936553294463705,0.0004936553294463705,0.00028463780483134737,0.00028463780483134737,0.00028463780483134737,-0.00010511870741343064,-0.00010511870741343064,-0.00010511870741343064,0.0,0.0,0.0,0.004862231241940068,0.004862231241940068,0.004862231241940068,0.0,0.0,0.0,1.3797500113331815
24,2025-08-12 13:00:00,1.3730624364981072,1.3778458543189767,1.3790776773257822,1.3730624364981072,1.3730624364981072,0.005412207365002466,0.005412207365002466,0.005412207365002466,-2.293109438034306e-05,-2.293109438034306e-05,-2.293109438034306e-05,1.5773939415816265e-05,1.5773939415816265e-05,1.5773939415816265e-05,2.059683333727002e-06,2.059683333727002e-06,2.059683333727002e-06,0.000491382222631877,0.000491382222631877,0.000491382222631877,8.72092542132208e-05,8.72092542132208e-05,8.72092542132208e-05,0.00033903453064923624,0.00033903453064923624,0.00033903453064923624,7.050882028691224e-05,7.050882028691224e-05,7.050882028691224e-05,-2.729108866924917e-07,-2.729108866924917e-07,-2.729108866924917e-07,0.0,0.0,0.0,0.0049208251423705895,0.0049208251423705895,0.0049208251423705895,0.0,0.0,0.0,1.3784746438631097
25,2025-08-12 14:00:00,1.3729996343004198,1.377597763845796,1.378817144150757,1.3729996343004198,1.3729996343004198,0.005245211683116949,0.005245211683116949,0.005245211683116949,-2.293109438034306e-05,-2.293109438034306e-05,-2.293109438034306e-05,-5.95813542317191e-06,-5.95813542317191e-06,-5.95813542317191e-06,-7.822034303289372e-05,-7.822034303289372e-05,-7.822034303289372e-05,0.0002646188489278938,0.0002646188489278938,0.0002646188489278938,8.72092542132208e-05,8.72092542132208e-05,8.72092542132208e-05,0.0002567732821686714,0.0002567732821686714,0.0002567732821686714,4.729658610784149e-05,4.729658610784149e-05,4.729658610784149e-05,-1.9550700725431253e-05,-1.9550700725431253e-05,-1.9550700725431253e-05,0.0,0.0,0.0,0.004980592834189055,0.004980592834189055,0.004980592834189055,0.0,0.0,0.0,1.3782448459835368
26,2025-08-12 15:00:00,1.3729611358371832,1.3769373781406353,1.378152655133319,1.3729611358371832,1.3729611358371832,0.004609107717741742,0.004609107717741742,0.004609107717741742,-2.293109438034306e-05,-2.293109438034306e-05,-2.293109438034306e-05,-1.800949937278069e-05,-1.800949937278069e-05,-1.800949937278069e-05,-0.0004997933101247824,-0.0004997933101247824,-0.0004997933101247824,-0.00043241528402957266,-0.00043241528402957266,-0.00043241528402957266,8.72092542132208e-05,8.72092542132208e-05,8.72092542132208e-05,2.4865241308043947e-05,2.4865241308043947e-05,2.4865241308043947e-05,-5.228080186123992e-05,-5.228080186123992e-05,-5.228080186123992e-05,4.8524926188308575e-05,4.8524926188308575e-05,4.8524926188308575e-05,0.0,0.0,0.0,0.005041523001771315,0.005041523001771315,0.005041523001771315,0.0,0.0,0.0,1.3775702435549249
27,2025-08-12 16:00:00,1.3729226373739463,1.3756519638270706,1.3769126978595312,1.3729226373739463,1.3729226373739463,0.0034131669833405314,0.0034131669833405314,0.0034131669833405314,-0.0002569155500140095,-0.0002569155500140095,-0.0002569155500140095,-3.4445156493334404e-05,-3.4445156493334404e-05,-3.4445156493334404e-05,-0.0010603276215507393,-0.0010603276215507393,-0.0010603276215507393,-0.0016904373042251927,-0.0016904373042251927,-0.0016904373042251927,8.72092542132208e-05,8.72092542132208e-05,8.72092542132208e-05,-0.0002930711489001406,-0.0002930711489001406,-0.0002930711489001406,-0.00020365983876561143,-0.00020365983876561143,-0.00020365983876561143,7.077275728542189e-05,7.077275728542189e-05,7.077275728542189e-05,0.0,0.0,0.0,0.005103604287565724,0.005103604287565724,0.005103604287565724,0.0,0.0,0.0,1.3763358043572869
28,2025-08-12 17:00:00,1.3728841389107094,1.3754901128129515,1.376736972958411,1.3728841389107094,1.3728841389107094,0.00321528077288948,0.00321528077288948,0.00321528077288948,-0.00022004519678663444,-0.00022004519678663444,-0.00022004519678663444,-3.590586191423736e-05,-3.590586191423736e-05,-3.590586191423736e-05,-0.0009659068610610575,-0.0009659068610610575,-0.0009659068610610575,-0.0019515445197375175,-0.0019515445197375175,-0.0019515445197375175,8.72092542132208e-05,8.72092542132208e-05,8.72092542132208e-05,-0.0005686053206780028,-0.0005686053206780028,-0.0005686053206780028,-0.00031398582352295574,-0.00031398582352295574,-0.00031398582352295574,6.569529001214973e-05,6.569529001214973e-05,6.569529001214973e-05,0.0,0.0,0.0,0.005166825292626997,0.005166825292626997,0.005166825292626997,0.0,0.0,0.0,1.376099419683599
29,2025-08-12 18:00:00,1.3728456404474725,1.3758809222324415,1.3771311381295932,1.3728456404474725,1.3728456404474725,0.0036532852141215274,0.0036532852141215274,0.0036532852141215274,-0.00021117899873160522,-0.00021117899873160522,-0.00021117899873160522,-5.124653419620029e-05,-5.124653419620029e-05,-5.124653419620029e-05,-0.000618514947843137,-0.000618514947843137,-0.000618514947843137,-0.001577889363253723,-0.001577889363253723,-0.001577889363253723,8.72092542132208e-05,8.72092542132208e-05,8.72092542132208e-05,-0.0006721446750510701,-0.0006721446750510701,-0.0006721446750510701,-0.0001681767754035947,-0.0001681767754035947,-0.0001681767754035947,5.6163313758663627e-05,5.6163313758663627e-05,5.6163313758663627e-05,0.0,0.0,0.0,0.00523117457737525,0.00523117457737525,0.00523117457737525,0.0,0.0,0.0,1.376498925661594
30,2025-08-12 19:00:00,1.3728071419842356,1.3761487210216405,1.3774313796533324,1.3728071419842356,1.3728071419842356,0.003971777307367009,0.003971777307367009,0.003971777307367009,-0.00023083905044739243,-0.00023083905044739243,-0.00023083905044739243,-7.115000612377375e-05,-7.115000612377375e-05,-7.115000612377375e-05,-0.00035073047407647317,-0.00035073047407647317,-0.00035073047407647317,-0.001324863354816697,-0.001324863354816697,-0.001324863354816697,8.72092542132208e-05,8.72092542132208e-05,8.72092542132208e-05,-0.0005960550528577011,-0.0005960550528577011,-0.0005960550528577011,-0.00017080323405951564,-0.00017080323405951564,-0.00017080323405951564,7.5052085349383935e-06,7.5052085349383935e-06,7.5052085349383935e-06,0.0,0.0,0.0,0.005296640662183706,0.005296640662183706,0.005296640662183706,0.0,0.0,0.0,1.3767789192916027
31,2025-08-12 20:00:00,1.3727686435209987,1.376373499708488,1.3776549362205992,1.3727686435209987,1.3727686435209987,0.004243112173866791,0.004243112173866791,0.004243112173866791,-0.0002683683244749467,-0.0002683683244749467,-0.0002683683244749467,-8.320354698158213e-05,-8.320354698158213e-05,-8.320354698158213e-05,-0.00014250654947028704,-0.00014250654947028704,-0.00014250654947028704,-0.0011200998540376891,-0.0011200998540376891,-0.0011200998540376891,8.72092542132208e-05,8.72092542132208e-05,8.72092542132208e-05,-0.0005309320934255159,-0.0005309320934255159,-0.0005309320934255159,-0.00020074680077019336,-0.00020074680077019336,-0.00020074680077019336,1.8448206871615216e-05,1.8448206871615216e-05,1.8448206871615216e-05,0.0,0.0,0.0,0.005363212027904481,0.005363212027904481,0.005363212027904481,0.0,0.0,0.0,1.3770117556948656
32,2025-08-12 21:00:00,1.372730145057762,1.3760263019996797,1.377254839818688,1.372730145057762,1.372730145057762,0.003908611659126738,0.003908611659126738,0.003908611659126738,-0.0002889327174485117,-0.0002889327174485117,-0.0002889327174485117,-8.995849321272004e-05,-8.995849321272004e-05,-8.995849321272004e-05,-0.00035521549604417636,-0.00035521549604417636,-0.00035521549604417636,-0.0015222654575488713,-0.0015222654575488713,-0.0015222654575488713,8.72092542132208e-05,8.72092542132208e-05,8.72092542132208e-05,-0.0006138623350738378,-0.0006138623350738378,-0.0006138623350738378,-0.00033696821150490917,-0.00033696821150490917,-0.00033696821150490917,7.546254152206305e-05,7.546254152206305e-05,7.546254152206305e-05,0.0,0.0,0.0,0.005430877116675609,0.005430877116675609,0.005430877116675609,0.0,0.0,0.0,1.3766387567168887
33,2025-08-12 22:00:00,1.3726916465945251,1.3759200309983708,1.3771907592709174,1.3726916465945251,1.3726916465945251,0.0038663296064459403,0.0038663296064459403,0.0038663296064459403,-0.0003044673844890953,-0.0003044673844890953,-0.0003044673844890953,-8.685422207977626e-05,-8.685422207977626e-05,-8.685422207977626e-05,-0.0003757946638127196,-0.0003757946638127196,-0.0003757946638127196,-0.0016332947259076135,-0.0016332947259076135,-0.0016332947259076135,8.72092542132208e-05,8.72092542132208e-05,8.72092542132208e-05,-0.0006269037080444157,-0.0006269037080444157,-0.0006269037080444157,-0.0003749744081829242,-0.0003749744081829242,-0.0003749744081829242,4.8490406488096694e-05,4.8490406488096694e-05,4.8490406488096694e-05,0.0,0.0,0.0,0.005499624332353554,0.005499624332353554,0.005499624332353554,0.0,0.0,0.0,1.376557976200971
34,2025-08-12 23:00:00,1.3726531481312882,1.37610813694927,1.3773718162102528,1.3726531481312882,1.3726531481312882,0.004106180121878511,0.004106180121878511,0.004106180121878511,-0.00031159201113104636,-0.00031159201113104636,-0.00031159201113104636,-9.214846288997461e-05,-9.214846288997461e-05,-9.214846288997461e-05,-0.00039546725934757444,-0.00039546725934757444,-0.00039546725934757444,-0.0014632619194307173,-0.0014632619194307173,-0.0014632619194307173,8.72092542132208e-05,8.72092542132208e-05,8.72092542132208e-05,-0.0006909475695039266,-0.0006909475695039266,-0.0006909475695039266,-0.00016546411686227345,-0.00016546411686227345,-0.00016546411686227345,0.00010514824609085711,0.00010514824609085711,0.00010514824609085711,0.0,0.0,0.0,0.005569442041309229,0.005569442041309229,0.005569442041309229,0.0,0.0,0.0,1.3767593282531667
35,2025-08-13 00:00:00,1.3726146496680514,1.3761480259592997,1.3773783028696465,1.3726146496680514,1.3726146496680514,0.004145073919849523,0.004145073919849523,0.004145073919849523,-0.0003108640391786807,-0.0003108640391786807,-0.0003108640391786807,-9.269704376342458e-05,-9.269704376342458e-05,-9.269704376342458e-05,-0.00040765470260281374,-0.00040765470260281374,-0.00040765470260281374,-0.0014952446530633926,-0.0014952446530633926,-0.0014952446530633926,8.72092542132208e-05,8.72092542132208e-05,8.72092542132208e-05,-0.0007016590886637434,-0.0007016590886637434,-0.0007016590886637434,-0.00017634063151977274,-0.00017634063151977274,-0.00017634063151977274,0.00010676159845182168,0.00010676159845182168,0.00010676159845182168,0.0,0.0,0.0,0.005640318572912916,0.005640318572912916,0.005640318572912916,0.0,0.0,0.0,1.3767597235879008
36,2025-08-13 01:00:00,1.3725761512048145,1.3768565970378615,1.378099790401771,1.3725761512048145,1.3725761512048145,0.004891398079891638,0.004891398079891638,0.004891398079891638,-0.0003518596503052648,-0.0003518596503052648,-0.0003518596503052648,-9.415557227609143e-05,-9.415557227609143e-05,-9.415557227609143e-05,-4.0400081912220055e-05,-4.0400081912220055e-05,-4.0400081912220055e-05,-0.0008208441404164874,-0.0008208441404164874,-0.0008208441404164874,8.72092542132208e-05,8.72092542132208e-05,8.72092542132208e-05,-0.0005668545432165667,-0.0005668545432165667,-0.0005668545432165667,6.914988896116499e-05,6.914988896116499e-05,6.914988896116499e-05,7.606656411926977e-05,7.606656411926977e-05,7.606656411926977e-05,0.0,0.0,0.0,0.005712242220308125,0.005712242220308125,0.005712242220308125,0.0,0.0,0.0,1.3774675492847062
37,2025-08-13 02:00:00,1.3725376527415776,1.3774280714710145,1.3785930881527284,1.3725376527415776,1.3725376527415776,0.005493714949895109,0.005493714949895109,0.005493714949895109,-0.0003874230704008646,-0.0003874230704008646,-0.0003874230704008646,-8.8495610883581e-05,-8.8495610883581e-05,-8.8495610883581e-05,0.00024668782489422513,0.00024668782489422513,0.00024668782489422513,-0.000291486291040276,-0.000291486291040276,-0.000291486291040276,8.72092542132208e-05,8.72092542132208e-05,8.72092542132208e-05,-0.0004422109221014493,-0.0004422109221014493,-0.0004422109221014493,0.0001934297426586812,0.0001934297426586812,0.0001934297426586812,9.931649057949177e-05,9.931649057949177e-05,9.931649057949177e-05,0.0,0.0,0.0,0.0057852012409353865,0.0057852012409353865,0.0057852012409353865,0.0,0.0,0.0,1.3780313676914726
38,2025-08-13 03:00:00,1.372499154278341,1.3773099646753786,1.3785766168308828,1.372499154278341,1.372499154278341,0.005455074763914702,0.005455074763914702,0.005455074763914702,-0.0004180811928736512,-0.0004180811928736512,-0.0004180811928736512,-8.338423036452041e-05,-8.338423036452041e-05,-8.338423036452041e-05,0.00020350810832721157,0.00020350810832721157,0.00020350810832721157,-0.0004041090933158636,-0.0004041090933158636,-0.0004041090933158636,8.72092542132208e-05,8.72092542132208e-05,8.72092542132208e-05,-0.0004016741501546113,-0.0004016741501546113,-0.0004016741501546113,0.00017024521549268115,0.00017024521549268115,0.00017024521549268115,3.806790204380575e-05,3.806790204380575e-05,3.806790204380575e-05,0.0,0.0,0.0,0.005859183857230565,0.005859183857230565,0.005859183857230565,0.0,0.0,0.0,1.3779542290422555
39,2025-08-13 04:00:00,1.372460655815104,1.3773182095419,1.3785267190504582,1.372460655815104,1.372460655815104,0.005495679406051637,0.005495679406051637,0.005495679406051637,-0.0004465494494555243,-0.0004465494494555243,-0.0004465494494555243,-7.297643212695237e-05,-7.297643212695237e-05,-7.297643212695237e-05,0.00018609044712310246,0.00018609044712310246,0.00018609044712310246,-0.0004384988511507365,-0.0004384988511507365,-0.0004384988511507365,8.72092542132208e-05,8.72092542132208e-05,8.72092542132208e-05,-0.0003403757912181828,-0.0003403757912181828,-0.0003403757912181828,0.00010329024391284223,0.00010329024391284223,0.00010329024391284223,4.4812876400757396e-05,4.4812876400757396e-05,4.4812876400757396e-05,0.0,0.0,0.0,0.005934178257202372,0.005934178257202372,0.005934178257202372,0.0,0.0,0.0,1.3779563352211557
40,2025-08-13 05:00:00,1.3724221573518671,1.3772145935853797,1.3784798929338988,1.3724221573518671,1.3724221573518671,0.005444305798938741,0.005444305798938741,0.005444305798938741,-0.0004765386726605919,-0.0004765386726605919,-0.0004765386726605919,-5.215865874365329e-05,-5.215865874365329e-05,-5.215865874365329e-05,0.000212959195640108,0.000212959195640108,0.000212959195640108,-0.0005658667961400905,-0.0005658667961400905,-0.0005658667961400905,8.72092542132208e-05,8.72092542132208e-05,8.72092542132208e-05,-0.00030020059076683604,-0.00030020059076683604,-0.00030020059076683604,-2.772236662260128e-05,-2.772236662260128e-05,-2.772236662260128e-05,-9.414957199736687e-06,-9.414957199736687e-06,-9.414957199736687e-06,0.0,0.0,0.0,0.006010172595078832,0.006010172595078832,0.006010172595078832,0.0,0.0,0.0,1.377866463150806
41,2025-08-13 06:00:00,1.3723836588886302,1.3775704407773022,1.3788089188124308,1.3723836588886302,1.3723836588886302,0.005793408328786381,0.005793408328786381,0.005793408328786381,-0.0004885671840043228,-0.0004885671840043228,-0.0004885671840043228,-5.4167945038006196e-05,-5.4167945038006196e-05,-5.4167945038006196e-05,0.0004200920710275407,0.0004200920710275407,0.0004200920710275407,-0.00029374666320864317,-0.00029374666320864317,-0.00029374666320864317,8.72092542132208e-05,8.72092542132208e-05,8.72092542132208e-05,-0.00019276350812655378,-0.00019276350812655378,-0.00019276350812655378,2.9559056297366772e-05,2.9559056297366772e-05,2.9559056297366772e-05,-9.510840757788858e-05,-9.510840757788858e-05,-9.510840757788858e-05,0.0,0.0,0.0,0.0060871549919950235,0.0060871549919950235,0.0060871549919950235,0.0,0.0,0.0,1.3781770672174165
42,2025-08-13 07:00:00,1.3723451604253933,1.3766478351468994,1.377873101579969,1.3723451604253933,1.3723451604253933,0.004926139158091884,0.004926139158091884,0.004926139158091884,-0.0004885265986834847,-0.0004885265986834847,-0.0004885265986834847,-6.713361044330406e-05,-6.713361044330406e-05,-6.713361044330406e-05,-0.0004071154596534317,-0.0004071154596534317,-0.0004071154596534317,-0.001238974378493752,-0.001238974378493752,-0.001238974378493752,8.72092542132208e-05,8.72092542132208e-05,8.72092542132208e-05,-0.00032073761895871255,-0.00032073761895871255,-0.00032073761895871255,-2.363071376871153e-05,-2.363071376871153e-05,-2.363071376871153e-05,-1.903963119932846e-05,-1.903963119932846e-05,-1.903963119932846e-05,0.0,0.0,0.0,0.006165113536585636,0.006165113536585636,0.006165113536585636,0.0,0.0,0.0,1.3772712995834853
43,2025-08-13 08:00:00,1.3723066619621564,1.375507467517434,1.376767856898161,1.3723066619621564,1.3723066619621564,0.0038056450082477942,0.0038056450082477942,0.0038056450082477942,-0.000447725059740473,-0.000447725059740473,-0.000447725059740473,-7.060360215855991e-05,-7.060360215855991e-05,-7.060360215855991e-05,-0.0013035502145211145,-0.0013035502145211145,-0.0013035502145211145,-0.002438391277358679,-0.002438391277358679,-0.002438391277358679,8.72092542132208e-05,8.72092542132208e-05,8.72092542132208e-05,-0.0005826700310768647,-0.0005826700310768647,-0.0005826700310768647,-0.00018736006221258713,-0.00018736006221258713,-0.00018736006221258713,6.630843813769995e-05,6.630843813769995e-05,6.630843813769995e-05,0.0,0.0,0.0,0.006244036285606473,0.006244036285606473,0.006244036285606473,0.0,0.0,0.0,1.3761123069704042
44,2025-08-13 09:00:00,1.3722681634989198,1.376077075767786,1.3773701331300527,1.3722681634989198,1.3722681634989198,0.004448599956612002,0.004448599956612002,0.004448599956612002,-0.0004098379164362479,-0.0004098379164362479,-0.0004098379164362479,-2.403518134756678e-05,-2.403518134756678e-05,-2.403518134756678e-05,-0.0008434881698961172,-0.0008434881698961172,-0.0008434881698961172,-0.0018753113079908327,-0.0018753113079908327,-0.0018753113079908327,8.72092542132208e-05,8.72092542132208e-05,8.72092542132208e-05,-0.0007026714152129885,-0.0007026714152129885,-0.0007026714152129885,-7.82167928112124e-05,-7.82167928112124e-05,-7.82167928112124e-05,9.572891350007954e-05,9.572891350007954e-05,9.572891350007954e-05,0.0,0.0,0.0,0.006323911264602835,0.006323911264602835,0.006323911264602835,0.0,0.0,0.0,1.3767167634555317
45,2025-08-13 10:00:00,1.3722296650356829,1.3755104102628746,1.3767918815153957,1.3722296650356829,1.3722296650356829,0.003919865995309257,0.003919865995309257,0.003919865995309257,-0.0003572431036097792,-0.0003572431036097792,-0.0003572431036097792,-7.23598055297358e-06,-7.23598055297358e-06,-7.23598055297358e-06,-0.001091353653561167,-0.001091353653561167,-0.001091353653561167,-0.002484860473234536,-0.002484860473234536,-0.002484860473234536,8.72092542132208e-05,8.72092542132208e-05,8.72092542132208e-05,-0.000993783962903685,-0.000993783962903685,-0.000993783962903685,-0.0002610726830963946,-0.0002610726830963946,-0.0002610726830963946,0.00013861965627624242,0.00013861965627624242,0.00013861965627624242,0.0,0.0,0.0,0.006404726468543793,0.006404726468543793,0.006404726468543793,0.0,0.0,0.0,1.3761495310309921
46,2025-08-13 11:00:00,1.3721911665724458,1.375551528230858,1.3768093072072316,1.3721911665724458,1.3721911665724458,0.003992834085996768,0.003992834085996768,0.003992834085996768,-0.0003084050631280584,-0.0003084050631280584,-0.0003084050631280584,6.276088817538228e-06,6.276088817538228e-06,6.276088817538228e-06,-0.0008575152990475124,-0.0008575152990475124,-0.0008575152990475124,-0.0024936357764412014,-0.0024936357764412014,-0.0024936357764412014,8.72092542132208e-05,8.72092542132208e-05,8.72092542132208e-05,-0.0011760712630426392,-0.0011760712630426392,-0.0011760712630426392,-0.0003414097980785965,-0.0003414097980785965,-0.0003414097980785965,9.628030382484585e-05,9.628030382484585e-05,9.628030382484585e-05,0.0,0.0,0.0,0.006486469862437969,0.006486469862437969,0.006486469862437969,0.0,0.0,0.0,1.3761840006584425
47,2025-08-13 12:00:00,1.372152668109209,1.3758258473786023,1.3770466812330353,1.372152668109209,1.372152668109209,0.0042872370621974965,0.0042872370621974965,0.0042872370621974965,-0.00028759200315671136,-0.00028759200315671136,-0.00028759200315671136,2.1068180226051133e-05,2.1068180226051133e-05,2.1068180226051133e-05,-0.0006099290857282477,-0.0006099290857282477,-0.0006099290857282477,-0.002281892319807908,-0.002281892319807908,-0.002281892319807908,8.72092542132208e-05,8.72092542132208e-05,8.72092542132208e-05,-0.0012691882364141334,-0.0012691882364141334,-0.0012691882364141334,-0.0003236539872480727,-0.0003236539872480727,-0.0003236539872480727,0.00010019355829998549,0.00010019355829998549,0.00010019355829998549,0.0,0.0,0.0,0.006569129382005404,0.006569129382005404,0.006569129382005404,0.0,0.0,0.0,1.3764399051714067
48,2025-08-13 13:00:00,1.3721141696459722,1.3765497401356386,1.3778109375776357,1.3721141696459722,1.3721141696459722,0.005059064281805327,0.005059064281805327,0.005059064281805327,-0.0003057479253557625,-0.0003057479253557625,-0.0003057479253557625,1.0475344789145718e-05,1.0475344789145718e-05,1.0475344789145718e-05,-0.00024081622481063553,-0.00024081622481063553,-0.00024081622481063553,-0.0015936286524410985,-0.0015936286524410985,-0.0015936286524410985,8.72092542132208e-05,8.72092542132208e-05,8.72092542132208e-05,-0.0010719533027754996,-0.0010719533027754996,-0.0010719533027754996,-7.954970309803248e-05,-7.954970309803248e-05,-7.954970309803248e-05,6.753904596465075e-06,6.753904596465075e-06,6.753904596465075e-06,0.0,0.0,0.0,0.006652692934246426,0.006652692934246426,0.006652692934246426,0.0,0.0,0.0,1.3771732339277776
49,2025-08-13 14:00:00,1.3720756711827353,1.3750663215841132,1.3762897419247282,1.3720756711827353,1.3720756711827353,0.003575838255088178,0.003575838255088178,0.003575838255088178,-0.0003399304904525491,-0.0003399304904525491,-0.0003399304904525491,4.0839422320839705e-06,4.0839422320839705e-06,4.0839422320839705e-06,-0.00019317283472889711,-0.00019317283472889711,-0.00019317283472889711,-0.003161310143136668,-0.003161310143136668,-0.003161310143136668,-0.0014148133205201334,-0.0014148133205201334,-0.0014148133205201334,-0.0010547245688165528,-0.0010547245688165528,-0.0010547245688165528,-0.0002132139557937866,-0.0002132139557937866,-0.0002132139557937866,5.046108494316681e-05,5.046108494316681e-05,5.046108494316681e-05,0.0,0.0,0.0,0.0067371483982248456,0.0067371483982248456,0.0067371483982248456,0.0,0.0,0.0,1.3756515094378234
50,2025-08-13 15:00:00,1.3720371727194984,1.3749591675727917,1.3761722099544698,1.3720371727194984,1.3720371727194984,0.0035382924548836704,0.0035382924548836704,0.0035382924548836704,-0.0003518449099129402,-0.0003518449099129402,-0.0003518449099129402,3.3525010674962337e-06,3.3525010674962337e-06,3.3525010674962337e-06,-0.00030260269485141904,-0.00030260269485141904,-0.00030260269485141904,-0.0032841911706555167,-0.0032841911706555167,-0.0032841911706555167,-0.0014380523746558916,-0.0014380523746558916,-0.0014380523746558916,-0.0010625918626236625,-0.0010625918626236625,-0.0010625918626236625,-0.00022959690105721936,-0.00022959690105721936,-0.00022959690105721936,9.714507137811957e-05,9.714507137811957e-05,9.714507137811957e-05,0.0,0.0,0.0,0.006822483625539186,0.006822483625539186,0.006822483625539186,0.0,0.0,0.0,1.3755754651743821
51,2025-08-13 16:00:00,1.3719480454621698,1.3752165306630457,1.3764859277591912,1.3719480454621698,1.3719480454621698,0.003848528456183019,0.003848528456183019,0.003848528456183019,-0.00036290829941187496,-0.00036290829941187496,-0.00036290829941187496,1.708935355418908e-06,1.708935355418908e-06,1.708935355418908e-06,-0.00013978592330755128,-0.00013978592330755128,-0.00013978592330755128,-0.0030601579848577283,-0.0030601579848577283,-0.0030601579848577283,-0.001449878935550623,-0.001449878935550623,-0.001449878935550623,-0.0009664495406058512,-0.0009664495406058512,-0.0009664495406058512,-0.00021725831815323096,-0.00021725831815323096,-0.00021725831815323096,7.441409681598455e-05,7.441409681598455e-05,7.441409681598455e-05,0.0,0.0,0.0,0.006908686441040747,0.006908686441040747,0.006908686441040747,0.0,0.0,0.0,1.3757965739183529
52,2025-08-13 17:00:00,1.3718589182048413,1.375616644331236,1.3769095549077819,1.3718589182048413,1.3718589182048413,0.004433345857492184,0.004433345857492184,0.004433345857492184,-0.000373181446803743,-0.000373181446803743,-0.000373181446803743,5.359610453613038e-06,5.359610453613038e-06,5.359610453613038e-06,2.1903040375888258e-05,2.1903040375888258e-05,2.1903040375888258e-05,-0.0025623987860552777,-0.0025623987860552777,-0.0025623987860552777,-0.0014647656535827164,-0.0014647656535827164,-0.0014647656535827164,-0.0008005797881667794,-0.0008005797881667794,-0.0008005797881667794,9.119877204122608e-06,9.119877204122608e-06,9.119877204122608e-06,3.97455744643371e-05,3.97455744643371e-05,3.97455744643371e-05,0.0,0.0,0.0,0.006995744643547463,0.006995744643547463,0.006995744643547463,0.0,0.0,0.0,1.3762922640623334
53,2025-08-13 18:00:00,1.3717697909475126,1.3759497227312167,1.3772100624408494,1.3717697909475126,1.3717697909475126,0.004817541405878368,0.004817541405878368,0.004817541405878368,-0.0003877421367487182,-0.0003877421367487182,-0.0003877421367487182,-1.7632332680365248e-06,-1.7632332680365248e-06,-1.7632332680365248e-06,8.537593851139946e-05,8.537593851139946e-05,8.537593851139946e-05,-0.0022661046004426202,-0.0022661046004426202,-0.0022661046004426202,-0.0014765094009467805,-0.0014765094009467805,-0.0014765094009467805,-0.0006663155329123367,-0.0006663155329123367,-0.0006663155329123367,0.00013340676029110368,0.00013340676029110368,0.00013340676029110368,4.7443004630748536e-05,4.7443004630748536e-05,4.7443004630748536e-05,0.0,0.0,0.0,0.007083646006320988,0.007083646006320988,0.007083646006320988,0.0,0.0,0.0,1.376587332353391
54,2025-08-13 19:00:00,1.3716806636901842,1.3761907475208561,1.3774594744243456,1.3716806636901842,1.3716806636901842,0.005111772581862934,0.005111772581862934,0.005111772581862934,-0.0004136487197807341,-0.0004136487197807341,-0.0004136487197807341,-4.853881382713617e-07,-4.853881382713617e-07,-4.853881382713617e-07,0.000275109330678609,0.000275109330678609,0.000275109330678609,-0.00206060569603181,-0.00206060569603181,-0.00206060569603181,-0.0014865170217906554,-0.0014865170217906554,-0.0014865170217906554,-0.0005529430047128023,-0.0005529430047128023,-0.0005529430047128023,7.328582231594303e-05,7.328582231594303e-05,7.328582231594303e-05,4.4593285396101084e-05,4.4593285396101084e-05,4.4593285396101084e-05,0.0,0.0,0.0,0.007172378277894744,0.007172378277894744,0.007172378277894744,0.0,0.0,0.0,1.3767924362720472
55,2025-08-13 20:00:00,1.3715915364328557,1.3759680682342068,1.3772323312081114,1.3715915364328557,1.3715915364328557,0.004958672925983636,0.004958672925983636,0.004958672925983636,-0.00040949101595760465,-0.00040949101595760465,-0.00040949101595760465,-9.066760372624291e-06,-9.066760372624291e-06,-9.066760372624291e-06,-4.165732572702464e-06,-4.165732572702464e-06,-4.165732572702464e-06,-0.0023032562565158776,-0.0023032562565158776,-0.0023032562565158776,-0.0015011552992303784,-0.0015011552992303784,-0.0015011552992303784,-0.0005976136037164113,-0.0005976136037164113,-0.0005976136037164113,0.00012528843230952494,0.00012528843230952494,0.00012528843230952494,9.294772302431905e-05,9.294772302431905e-05,9.294772302431905e-05,0.0,0.0,0.0,0.007261929182499512,0.007261929182499512,0.007261929182499512,0.0,0.0,0.0,1.3765502093588393
56,2025-08-13 21:00:00,1.371502409175527,1.3753116913687524,1.3766448048554596,1.371502409175527,1.371502409175527,0.004439520802654296,0.004439520802654296,0.004439520802654296,-0.0003891545118114045,-0.0003891545118114045,-0.0003891545118114045,-4.684644109878934e-06,-4.684644109878934e-06,-4.684644109878934e-06,-0.0003750385650269288,-0.0003750385650269288,-0.0003750385650269288,-0.002912765618305435,-0.002912765618305435,-0.002912765618305435,-0.00151860529321491,-0.00151860529321491,-0.00151860529321491,-0.0007206696028637353,-0.0007206696028637353,-0.0007206696028637353,2.6912789904087397e-05,2.6912789904087397e-05,2.6912789904087397e-05,6.84742088173358e-05,6.84742088173358e-05,6.84742088173358e-05,0.0,0.0,0.0,0.007352286420959729,0.007352286420959729,0.007352286420959729,0.0,0.0,0.0,1.3759419299781812
57,2025-08-13 22:00:00,1.3714132819181986,1.3751531180091514,1.3764444172532815,1.3714132819181986,1.3714132819181986,0.004385845677709157,0.004385845677709157,0.004385845677709157,-0.0003662635229612532,-0.0003662635229612532,-0.0003662635229612532,-4.136063236465493e-06,-4.136063236465493e-06,-4.136063236465493e-06,-0.0004380627593528222,-0.0004380627593528222,-0.0004380627593528222,-0.0030575919934244995,-0.0030575919934244995,-0.0030575919934244995,-0.0015366339960395043,-0.0015366339960395043,-0.0015366339960395043,-0.0007613621703046095,-0.0007613621703046095,-0.0007613621703046095,3.509748996282999e-05,3.509748996282999e-05,3.509748996282999e-05,1.3769028507325049e-05,1.3769028507325049e-05,1.3769028507325049e-05,0.0,0.0,0.0,0.007443437671133657,0.007443437671133657,0.007443437671133657,0.0,0.0,0.0,1.3757991275959076
58,2025-08-13 23:00:00,1.3713241546608699,1.3746913132972358,1.3759488188887374,1.3713241546608699,1.3713241546608699,0.003993006065516146,0.003993006065516146,0.003993006065516146,-0.00035234569004007364,-0.00035234569004007364,-0.00035234569004007364,-1.9417397427387135e-06,-1.9417397427387135e-06,-1.9417397427387135e-06,-0.0005406310199874447,-0.0005406310199874447,-0.0005406310199874447,-0.0035423645230754216,-0.0035423645230754216,-0.0035423645230754216,-0.0015556544894826144,-0.0015556544894826144,-0.0015556544894826144,-0.0009066531876124577,-0.0009066531876124577,-0.0009066531876124577,-0.00025288310499665067,-0.00025288310499665067,-0.00025288310499665067,6.774470878655821e-05,6.774470878655821e-05,6.774470878655821e-05,0.0,0.0,0.0,0.007535370588591567,0.007535370588591567,0.007535370588591567,0.0,0.0,0.0,1.375317160726386
59,2025-08-14 00:00:00,1.3712350274035412,1.3743401902954306,1.3756455153879534,1.3712350274035412,1.3712350274035412,0.0037657135857541812,0.0037657135857541812,0.0037657135857541812,-0.0003225367083215648,-0.0003225367083215648,-0.0003225367083215648,-1.9417397427387135e-06,-1.9417397427387135e-06,-1.9417397427387135e-06,-0.0008076523340285023,-0.0008076523340285023,-0.0008076523340285023,-0.003862359221634378,-0.003862359221634378,-0.003862359221634378,-0.0015777361259382463,-0.0015777361259382463,-0.0015777361259382463,-0.0010203723988464206,-0.0010203723988464206,-0.0010203723988464206,-0.0001465267517612277,-0.0001465267517612277,-0.0001465267517612277,1.4406837004322877e-05,1.4406837004322877e-05,1.4406837004322877e-05,0.0,0.0,0.0,0.007628072807388558,0.007628072807388558,0.007628072807388558,0.0,0.0,0.0,1.3750007409892955
60,2025-08-14 01:00:00,1.3711459001462127,1.3741398384907673,1.3754343420373436,1.3711459001462127,1.3711459001462127,0.0036244747099907965,0.0036244747099907965,0.0036244747099907965,-0.0002907961635357484,-0.0002907961635357484,-0.0002907961635357484,-1.7588794516008465e-06,-1.7588794516008465e-06,-1.7588794516008465e-06,-0.0008899568689171751,-0.0008899568689171751,-0.0008899568689171751,-0.004097057230540075,-0.004097057230540075,-0.004097057230540075,-0.001600727725357163,-0.001600727725357163,-0.001600727725357163,-0.0011803444870450935,-0.0011803444870450935,-0.0011803444870450935,-0.00018341629626504537,-0.00018341629626504537,-0.00018341629626504537,4.994319003175108e-05,4.994319003175108e-05,4.994319003175108e-05,0.0,0.0,0.0,0.007721531940530872,0.007721531940530872,0.007721531940530872,0.0,0.0,0.0,1.3747703748562035
61,2025-08-14 02:00:00,1.371056772888884,1.373857025615785,1.3751263493475512,1.371056772888884,1.371056772888884,0.0034014637617192983,0.0034014637617192983,0.0034014637617192983,-0.00023889092795221513,-0.00023889092795221513,-0.00023889092795221513,-3.7681657459537463e-06,-3.7681657459537463e-06,-3.7681657459537463e-06,-0.0009536556288075288,-0.0009536556288075288,-0.0009536556288075288,-0.004414271819005234,-0.004414271819005234,-0.004414271819005234,-0.0016259513466053879,-0.0016259513466053879,-0.0016259513466053879,-0.001365725170207212,-0.001365725170207212,-0.001365725170207212,-0.00030756608992521203,-0.00030756608992521203,-0.00030756608992521203,8.128551023827591e-05,8.128551023827591e-05,8.128551023827591e-05,0.0,0.0,0.0,0.007815735580724532,0.007815735580724532,0.007815735580724532,0.0,0.0,0.0,1.3744582366506033
62,2025-08-14 03:00:00,1.3709676456315556,1.3746761330233825,1.3759228647742314,1.3709676456315556,1.3709676456315556,0.004303333842014128,0.004303333842014128,0.004303333842014128,-0.0002503010694459382,-0.0002503010694459382,-0.0002503010694459382,-1.7588794516008465e-06,-1.7588794516008465e-06,-1.7588794516008465e-06,-0.00038531722301257643,-0.00038531722301257643,-0.00038531722301257643,-0.0036073374590217585,-0.0036073374590217585,-0.0036073374590217585,-0.0016428226317499483,-0.0016428226317499483,-0.0016428226317499483,-0.0012360480733930844,-0.0012360480733930844,-0.0012360480733930844,-0.0001723825642494054,-0.0001723825642494054,-0.0001723825642494054,8.129298228079501e-05,8.129298228079501e-05,8.129298228079501e-05,0.0,0.0,0.0,0.007910671301035887,0.007910671301035887,0.007910671301035887,0.0,0.0,0.0,1.3752709794735698
63,2025-08-14 04:00:00,1.3708785183742271,1.3750064921651277,1.3762965752595622,1.3708785183742271,1.3708785183742271,0.004777272280063992,0.004777272280063992,0.004777272280063992,-0.00027925755024506635,-0.00027925755024506635,-0.00027925755024506635,1.5223181634166729e-05,1.5223181634166729e-05,1.5223181634166729e-05,-7.217382459505804e-05,-7.217382459505804e-05,-7.217382459505804e-05,-0.0032290543753654894,-0.0032290543753654894,-0.0032290543753654894,-0.0016571296550664505,-0.0016571296550664505,-0.0016571296550664505,-0.0011106884837889211,-0.0011106884837889211,-0.0011106884837889211,-0.0001614527621345844,-0.0001614527621345844,-0.0001614527621345844,3.642471883042381e-05,3.642471883042381e-05,3.642471883042381e-05,0.0,0.0,0.0,0.008006326655429481,0.008006326655429481,0.008006326655429481,0.0,0.0,0.0,1.3756557906542912
64,2025-08-14 05:00:00,1.3707893911168985,1.3750037462223106,1.3762557598969487,1.3707893911168985,1.3707893911168985,0.004859861732295297,0.004859861732295297,0.004859861732295297,-0.0002970303346134274,-0.0002970303346134274,-0.0002970303346134274,2.12488636089529e-05,2.12488636089529e-05,2.12488636089529e-05,-0.00013365785916003185,-0.00013365785916003185,-0.00013365785916003185,-0.0032428274472158574,-0.0032428274472158574,-0.0032428274472158574,-0.001669617738332188,-0.001669617738332188,-0.001669617738332188,-0.001019133276176159,-0.001019133276176159,-0.001019133276176159,-0.00017646695691197274,-0.00017646695691197274,-0.00017646695691197274,3.182985436896818e-05,3.182985436896818e-05,3.182985436896818e-05,0.0,0.0,0.0,0.008102689179511156,0.008102689179511156,0.008102689179511156,0.0,0.0,0.0,1.3756492528491937
65,2025-08-14 06:00:00,1.37070026385957,1.375467823824899,1.37676436044673,1.37070026385957,1.37070026385957,0.005427818989203027,0.005427818989203027,0.005427818989203027,-0.0003169817379538593,-0.0003169817379538593,-0.0003169817379538593,3.0200310242017086e-05,3.0200310242017086e-05,3.0200310242017086e-05,2.4014550025010534e-05,2.4014550025010534e-05,2.4014550025010534e-05,-0.0027719274019327544,-0.0027719274019327544,-0.0027719274019327544,-0.001681940194536223,-0.001681940194536223,-0.001681940194536223,-0.0008536304357537929,-0.0008536304357537929,-0.0008536304357537929,-8.611764945016215e-06,-8.611764945016215e-06,-8.611764945016215e-06,3.502187098910941e-05,3.502187098910941e-05,3.502187098910941e-05,0.0,0.0,0.0,0.00819974639113578,0.00819974639113578,0.00819974639113578,0.0,0.0,0.0,1.376128082848773
66,2025-08-14 07:00:00,1.3706111366022413,1.3761056946071588,1.3773396698576763,1.3706111366022413,1.3706111366022413,0.006064577666388588,0.006064577666388588,0.006064577666388588,-0.00034961250398348663,-0.00034961250398348663,-0.00034961250398348663,1.83318065835826e-05,1.83318065835826e-05,1.83318065835826e-05,0.0002641717616556096,0.0002641717616556096,0.0002641717616556096,-0.0022329081246781394,-0.0022329081246781394,-0.0022329081246781394,-0.0016883079635275123,-0.0016883079635275123,-0.0016883079635275123,-0.00063567829895264,-0.00063567829895264,-0.00063567829895264,0.00012251849625337762,0.00012251849625337762,0.00012251849625337762,3.566857729292986e-05,3.566857729292986e-05,3.566857729292986e-05,0.0,0.0,0.0,0.008297485791066728,0.008297485791066728,0.008297485791066728,0.0,0.0,0.0,1.37667571426863
67,2025-08-14 08:00:00,1.3705220093449129,1.3767321168368434,1.377959563628556,1.3705220093449129,1.3705220093449129,0.006840732993883878,0.006840732993883878,0.006840732993883878,-0.0003406315862000312,-0.0003406315862000312,-0.0003406315862000312,1.02990152226797e-05,1.02990152226797e-05,1.02990152226797e-05,0.0007046431101137836,0.0007046431101137836,0.0007046431101137836,-0.001555161869656033,-0.001555161869656033,-0.001555161869656033,-0.0016936839419002872,-0.0016936839419002872,-0.0016936839419002872,-0.0003863540255601847,-0.0003863540255601847,-0.0003863540255601847,0.00014023684002298682,0.00014023684002298682,0.00014023684002298682,1.0328718645019946e-05,1.0328718645019946e-05,1.0328718645019946e-05,0.0,0.0,0.0,0.00839589486353991,0.00839589486353991,0.00839589486353991,0.0,0.0,0.0,1.3773627423387966
68,2025-08-14 09:00:00,1.3704328820875842,1.3775784856834878,1.3788351765308853,1.3704328820875842,1.3704328820875842,0.00774301095767212,0.00774301095767212,0.00774301095767212,-0.00031817265062822196,-0.00031817265062822196,-0.00031817265062822196,1.9431145238645655e-05,1.9431145238645655e-05,1.9431145238645655e-05,0.0009750695716073406,0.0009750695716073406,0.0009750695716073406,-0.0007519501193612441,-0.0007519501193612441,-0.0007519501193612441,-0.001697653076125221,-0.001697653076125221,-0.001697653076125221,-4.2686800278136725e-05,-4.2686800278136725e-05,-4.2686800278136725e-05,0.0003411579067472587,0.0003411579067472587,0.0003411579067472587,-2.909621592290909e-05,-2.909621592290909e-05,-2.909621592290909e-05,0.0,0.0,0.0,0.008494961077033365,0.008494961077033365,0.008494961077033365,0.0,0.0,0.0,1.3781758930452563
69,2025-08-14 10:00:00,1.3703437548302557,1.377481414887108,1.3787472795808877,1.3703437548302557,1.3703437548302557,0.007753335671352028,0.007753335671352028,0.007753335671352028,-0.00029731792474011316,-0.00029731792474011316,-0.00029731792474011316,2.4544702665978748e-05,2.4544702665978748e-05,2.4544702665978748e-05,0.0007066078422111644,0.0007066078422111644,0.0007066078422111644,-0.0008413362135123968,-0.0008413362135123968,-0.0008413362135123968,-0.0017003819791392703,-0.0017003819791392703,-0.0017003819791392703,0.00017501246516900918,0.00017501246516900918,0.00017501246516900918,0.0003097503682918466,0.0003097503682918466,0.0003097503682918466,-5.9551687971012156e-05,-5.9551687971012156e-05,-5.9551687971012156e-05,0.0,0.0,0.0,0.008594671884864425,0.008594671884864425,0.008594671884864425,0.0,0.0,0.0,1.3780970905016077
70,2025-08-14 11:00:00,1.3702546275729273,1.3773864142700938,1.3786964689198484,1.3702546275729273,1.3702546275729273,0.007785287392728896,0.007785287392728896,0.007785287392728896,-0.0002843060122149529,-0.0002843060122149529,-0.0002843060122149529,3.9153933783317436e-05,3.9153933783317436e-05,3.9153933783317436e-05,0.0004547411950161626,0.0004547411950161626,0.0004547411950161626,-0.0009097273330008231,-0.0009097273330008231,-0.0009097273330008231,-0.0017115470176631792,-0.0017115470176631792,-0.0017115470176631792,0.00032420552367350467,0.00032420552367350467,0.00032420552367350467,0.00035769498972265077,0.00035769498972265077,0.00035769498972265077,-8.966994531832641e-05,-8.966994531832641e-05,-8.966994531832641e-05,0.0,0.0,0.0,0.00869501472572972,0.00869501472572972,0.00869501472572972,0.0,0.0,0.0,1.3780399149656561
71,2025-08-14 12:00:00,1.3701655003155986,1.3780076691997385,1.3792543685067598,1.3701655003155986,1.3701655003155986,0.00846369461191228,0.00846369461191228,0.00846369461191228,-0.0002467009264292477,-0.0002467009264292477,-0.0002467009264292477,3.970251465676739e-05,3.970251465676739e-05,3.970251465676739e-05,0.0005635973640308095,0.0005635973640308095,0.0005635973640308095,-0.0003322824125966849,-0.0003322824125966849,-0.0003322824125966849,-0.001716922010160701,-0.001716922010160701,-0.001716922010160701,0.0006032634839548927,0.0006032634839548927,0.0006032634839548927,0.0005382770177480976,0.0005382770177480976,0.0005382770177480976,-0.00011349985639730356,-0.00011349985639730356,-0.00011349985639730356,0.0,0.0,0.0,0.008795977024508964,0.008795977024508964,0.008795977024508964,0.0,0.0,0.0,1.378629194927511
72,2025-08-14 13:00:00,1.37007637305827,1.3784130335981444,1.3796629676008156,1.37007637305827,1.37007637305827,0.00898060558024046,0.00898060558024046,0.00898060558024046,-0.00016951763966962583,-0.00016951763966962583,-0.00016951763966962583,1.614619072276369e-05,1.614619072276369e-05,1.614619072276369e-05,0.000713130859061757,0.000713130859061757,0.000713130859061757,8.305938746117804e-05,8.305938746117804e-05,8.305938746117804e-05,-0.001716673569568331,-0.001716673569568331,-0.001716673569568331,0.000970013423375,0.000970013423375,0.000970013423375,0.000458489471250309,0.000458489471250309,0.000458489471250309,-0.00018852934771069468,-0.00018852934771069468,-0.00018852934771069468,0.0,0.0,0.0,0.008897546192779283,0.008897546192779283,0.008897546192779283,0.0,0.0,0.0,1.3790569786385103
73,2025-08-14 14:00:00,1.3699872458009414,1.3795527320250862,1.38083992096022,1.3699872458009414,1.3699872458009414,0.010200584532128529,0.010200584532128529,0.010200584532128529,-7.748262793603404e-05,-7.748262793603404e-05,-7.748262793603404e-05,4.4197476679770345e-07,4.4197476679770345e-07,4.4197476679770345e-07,0.0008936515409290249,0.0008936515409290249,0.0008936515409290249,0.0012008749025518768,0.0012008749025518768,0.0012008749025518768,-0.0017049298222043588,-0.0017049298222043588,-0.0017049298222043588,0.00159755587978997,0.00159755587978997,0.00159755587978997,0.000715216753269048,0.000715216753269048,0.000715216753269048,-0.00022357879606257035,-0.00022357879606257035,-0.00022357879606257035,0.0,0.0,0.0,0.008999709629576651,0.008999709629576651,0.008999709629576651,0.0,0.0,0.0,1.38018783033307
74,2025-08-14 15:00:00,1.369898118543613,1.3789983480693315,1.3802791731380164,1.369898118543613,1.369898118543613,0.00972706037776831,0.00972706037776831,0.00972706037776831,-2.933671390713595e-05,-2.933671390713595e-05,-2.933671390713595e-05,-3.0237192888855562e-05,-3.0237192888855562e-05,-3.0237192888855562e-05,0.0005015931214341811,0.0005015931214341811,0.0005015931214341811,0.0006246056558641995,0.0006246056558641995,0.0006246056558641995,-0.0016985620532130692,-0.0016985620532130692,-0.0016985620532130692,0.0016081808518197869,0.0016081808518197869,0.0016081808518197869,0.0003820105185274176,0.0003820105185274176,0.0003820105185274176,-0.00010904287590812548,-0.00010904287590812548,-0.00010904287590812548,0.0,0.0,0.0,0.009102454721904112,0.009102454721904112,0.009102454721904112,0.0,0.0,0.0,1.3796251789213814
75,2025-08-14 16:00:00,1.369866051483085,1.3796277432303043,1.3809127351186115,1.369866051483085,1.369866051483085,0.010437068240780277,0.010437068240780277,0.010437068240780277,1.5370206262555216e-05,1.5370206262555216e-05,1.5370206262555216e-05,-5.1603547145568084e-05,-5.1603547145568084e-05,-5.1603547145568084e-05,0.0005562140053856734,0.0005562140053856734,0.0005562140053856734,0.001231299395307169,0.001231299395307169,0.001231299395307169,-0.0016779700744359446,-0.0016779700744359446,-0.0016779700744359446,0.0019586817756406328,0.0019586817756406328,0.0019586817756406328,0.0005907710075208275,0.0005907710075208275,0.0005907710075208275,-0.00016016397792100685,-0.00016016397792100685,-0.00016016397792100685,0.0,0.0,0.0,0.009205768845473106,0.009205768845473106,0.009205768845473106,0.0,0.0,0.0,1.380303119723865
76,2025-08-14 17:00:00,1.369833984422557,1.3803893797426112,1.3815930078696703,1.369833984422557,1.369833984422557,0.011146909388296431,0.011146909388296431,0.011146909388296431,6.97888158571335e-05,6.97888158571335e-05,6.97888158571335e-05,-5.8360670284941995e-05,-5.8360670284941995e-05,-5.8360670284941995e-05,0.0006304104065540254,0.0006304104065540254,0.0006304104065540254,0.0018372700229792394,0.0018372700229792394,0.0018372700229792394,-0.0016425741911575782,-0.0016425741911575782,-0.0016425741911575782,0.0023515524751107257,0.0023515524751107257,0.0023515524751107257,0.0006369834984174517,0.0006369834984174517,0.0006369834984174517,-0.00015053031151757645,-0.00015053031151757645,-0.00015053031151757645,0.0,0.0,0.0,0.009309639365317195,0.009309639365317195,0.009309639365317195,0.0,0.0,0.0,1.3809808938108534
77,2025-08-14 18:00:00,1.369801917362029,1.3804864081001424,1.3817567224479177,1.369801917362029,1.369801917362029,0.01133697589103769,0.01133697589103769,0.01133697589103769,0.0001238363093363487,0.0001238363093363487,0.0001238363093363487,-6.895350572184739e-05,-6.895350572184739e-05,-6.895350572184739e-05,0.0005007868087615545,0.0005007868087615545,0.0005007868087615545,0.0019229222546193452,0.0019229222546193452,0.0019229222546193452,-0.0016031263601235185,-0.0016031263601235185,-0.0016031263601235185,0.002569509513983256,0.002569509513983256,0.002569509513983256,0.000535827659384928,0.000535827659384928,0.000535827659384928,-0.0001349581710013757,-0.0001349581710013757,-0.0001349581710013757,0.0,0.0,0.0,0.009414053636418345,0.009414053636418345,0.009414053636418345,0.0,0.0,0.0,1.3811388932530668
78,2025-08-14 19:00:00,1.369769850301501,1.3807254462241791,1.3819172108450115,1.369769850301501,1.369769850301501,0.01155598572832781,0.01155598572832781,0.01155598572832781,0.00017402326756704855,0.00017402326756704855,0.00017402326756704855,-7.096496892443639e-05,-7.096496892443639e-05,-7.096496892443639e-05,0.0004338684000834651,0.0004338684000834651,0.0004338684000834651,0.002036986723974354,0.002036986723974354,0.002036986723974354,-0.00156045274489067,-0.00156045274489067,-0.00156045274489067,0.0027479715466174294,0.0027479715466174294,0.0027479715466174294,0.00045505174476604716,0.00045505174476604716,0.00045505174476604716,-0.00014251052124452935,-0.00014251052124452935,-0.00014251052124452935,0.0,0.0,0.0,0.009518999004353457,0.009518999004353457,0.009518999004353457,0.0,0.0,0.0,1.3813258360298288
79,2025-08-14 20:00:00,1.3697377832409732,1.380802486956611,1.3821457318284684,1.3697377832409732,1.3697377832409732,0.011706776679481171,0.011706776679481171,0.011706776679481171,0.00019641315505800462,0.00019641315505800462,0.00019641315505800462,-7.699065089922258e-05,-7.699065089922258e-05,-7.699065089922258e-05,0.00030649946081286867,0.00030649946081286867,0.00030649946081286867,0.0020823138735729446,0.0020823138735729446,0.0020823138735729446,-0.0015240640851184434,-0.0015240640851184434,-0.0015240640851184434,0.0028334199613289663,0.0028334199613289663,0.0028334199613289663,0.00047696863333029097,0.00047696863333029097,0.00047696863333029097,-0.0001299326009395195,-0.0001299326009395195,-0.0001299326009395195,0.0,0.0,0.0,0.009624462805908226,0.009624462805908226,0.009624462805908226,0.0,0.0,0.0,1.3814445599204543
80,2025-08-14 21:00:00,1.3697057161804451,1.38108919452155,1.3824122392274614,1.3697057161804451,1.3697057161804451,0.012061193926338488,0.012061193926338488,0.012061193926338488,0.00022935549955557205,0.00022935549955557205,0.00022935549955557205,-8.374777403859648e-05,-8.374777403859648e-05,-8.374777403859648e-05,0.00034917946752134545,0.00034917946752134545,0.00034917946752134545,0.0023307615565355,0.0023307615565355,0.0023307615565355,-0.0014925545225342523,-0.0014925545225342523,-0.0014925545225342523,0.0029232683550461692,0.0029232683550461692,0.0029232683550461692,0.0005329443117809871,0.0005329443117809871,0.0005329443117809871,-0.00012768378079572472,-0.00012768378079572472,-0.00012768378079572472,0.0,0.0,0.0,0.009730432369802988,0.009730432369802988,0.009730432369802988,0.0,0.0,0.0,1.3817669101067835
81,2025-08-14 22:00:00,1.3696736491199173,1.3811365847086552,1.3823894647095778,1.3696736491199173,1.3696736491199173,0.012073739066160803,0.012073739066160803,0.012073739066160803,0.00025994481944617033,0.00025994481944617033,0.00025994481944617033,-7.315276169345498e-05,-7.315276169345498e-05,-7.315276169345498e-05,0.0002964469276268371,0.0002964469276268371,0.0002964469276268371,0.0022368440489203244,0.0022368440489203244,0.0022368440489203244,-0.0014619549229132524,-0.0014619549229132524,-0.0014619549229132524,0.002939111284744509,0.002939111284744509,0.002939111284744509,0.00039215619262725405,0.00039215619262725405,0.00039215619262725405,-0.0001157074909177392,-0.0001157074909177392,-0.0001157074909177392,0.0,0.0,0.0,0.009836895017240476,0.009836895017240476,0.009836895017240476,0.0,0.0,0.0,1.381747388186078
82,2025-08-14 23:00:00,1.3696415820593892,1.3810000284263004,1.3822431633460555,1.3696415820593892,1.3696415820593892,0.011970778453450761,0.011970778453450761,0.011970778453450761,0.0002817429971265887,0.0002817429971265887,0.0002817429971265887,-5.1603547145568084e-05,-5.1603547145568084e-05,-5.1603547145568084e-05,0.0002198873817617914,0.0002198873817617914,0.0002198873817617914,0.002026940390857351,0.002026940390857351,0.002026940390857351,-0.001427219576130456,-0.001427219576130456,-0.001427219576130456,0.00285859005902542,0.00285859005902542,0.00285859005902542,0.00023115296488486012,0.00023115296488486012,0.00023115296488486012,-8.560988866528437e-05,-8.560988866528437e-05,-8.560988866528437e-05,0.0,0.0,0.0,0.009943838062593408,0.009943838062593408,0.009943838062593408,0.0,0.0,0.0,1.38161236051284
83,2025-08-15 00:00:00,1.3696095149988614,1.3807755111823354,1.3820496609431976,1.3696095149988614,1.3696095149988614,0.011821192355317738,0.011821192355317738,0.011821192355317738,0.0002951351425575722,0.0002951351425575722,0.0002951351425575722,-4.484642400619417e-05,-4.484642400619417e-05,-4.484642400619417e-05,0.0002011075738227308,0.0002011075738227308,0.0002011075738227308,0.0017699435413125505,0.0017699435413125505,0.0017699435413125505,-0.0013924852152229121,-0.0013924852152229121,-0.0013924852152229121,0.002810833004959136,0.002810833004959136,0.002810833004959136,3.59660819733648e-06,3.59660819733648e-06,3.59660819733648e-06,-0.00010339714899511918,-0.00010339714899511918,-0.00010339714899511918,0.0,0.0,0.0,0.010051248814005188,0.010051248814005188,0.010051248814005188,0.0,0.0,0.0,1.3814307073541792
84,2025-08-15 01:00:00,1.3695774479383334,1.3809168495647433,1.3821944444818075,1.3695774479383334,1.3695774479383334,0.011963490616848413,0.011963490616848413,0.011963490616848413,0.00029368272828393676,0.00029368272828393676,0.00029368272828393676,-4.009858716117315e-05,-4.009858716117315e-05,-4.009858716117315e-05,8.567291544528783e-05,8.567291544528783e-05,8.567291544528783e-05,0.0018043760427789543,0.0018043760427789543,0.0018043760427789543,-0.0013595697943663161,-0.0013595697943663161,-0.0013595697943663161,0.0026364334502897656,0.0026364334502897656,0.0026364334502897656,0.00027213894032432877,0.00027213894032432877,0.00027213894032432877,-8.388361003687526e-05,-8.388361003687526e-05,-8.388361003687526e-05,0.0,0.0,0.0,0.01015911457406946,0.01015911457406946,0.01015911457406946,0.0,0.0,0.0,1.3815409385551818
85,2025-08-15 02:00:00,1.3695453808778053,1.3805438557178233,1.3817180983919095,1.3695453808778053,1.3695453808778053,0.011605934430690405,0.011605934430690405,0.011605934430690405,0.00027211106532128057,0.00027211106532128057,0.00027211106532128057,-4.0830028325760974e-05,-4.0830028325760974e-05,-4.0830028325760974e-05,-8.10482971835155e-06,-8.10482971835155e-06,-8.10482971835155e-06,0.00133851179028247,0.00133851179028247,0.00133851179028247,-0.0013272330823497836,-0.0013272330823497836,-0.0013272330823497836,0.0024903924694347195,0.0024903924694347195,0.0024903924694347195,1.7232061691855292e-05,1.7232061691855292e-05,1.7232061691855292e-05,-6.505586577149004e-05,-6.505586577149004e-05,-6.505586577149004e-05,0.0,0.0,0.0,0.010267422640407937,0.010267422640407937,0.010267422640407937,0.0,0.0,0.0,1.3811513153084958
86,2025-08-15 03:00:00,1.3695133138172773,1.3799761125529213,1.381277793654875,1.3695133138172773,1.3695133138172773,0.011102360478786315,0.011102360478786315,0.011102360478786315,0.00025208023542738555,0.00025208023542738555,0.00025208023542738555,-2.7315782047013152e-05,-2.7315782047013152e-05,-2.7315782047013152e-05,-0.0002644181584862145,-0.0002644181584862145,-0.0002644181584862145,0.000726200172367692,0.000726200172367692,0.000726200172367692,-0.0013057311406094666,-0.0013057311406094666,-0.0013057311406094666,0.0022516959769785312,0.0022516959769785312,0.0022516959769785312,-0.00015962792119883043,-0.00015962792119883043,-0.00015962792119883043,-2.04830376966998e-05,-2.04830376966998e-05,-2.04830376966998e-05,0.0,0.0,0.0,0.010376160306418622,0.010376160306418622,0.010376160306418622,0.0,0.0,0.0,1.3806156742960636
87,2025-08-15 04:00:00,1.3694812467567494,1.379616330242259,1.380868823316328,1.3694812467567494,1.3694812467567494,0.01075470736334008,0.01075470736334008,0.01075470736334008,0.000194838499301988,0.000194838499301988,0.000194838499301988,-1.1248022416971098e-05,-1.1248022416971098e-05,-1.1248022416971098e-05,-0.000592169241440959,-0.000592169241440959,-0.000592169241440959,0.0002693925015952346,0.0002693925015952346,0.0002693925015952346,-0.001285303803018425,-0.001285303803018425,-0.001285303803018425,0.0020287204328665355,0.0020287204328665355,0.0020287204328665355,-0.00012020260553085632,-0.00012020260553085632,-0.00012020260553085632,5.475724183392284e-05,5.475724183392284e-05,5.475724183392284e-05,0.0,0.0,0.0,0.010485314861744845,0.010485314861744845,0.010485314861744845,0.0,0.0,0.0,1.3802359541200895
88,2025-08-15 05:00:00,1.3694491796962214,1.3790222154411709,1.380265736540572,1.3694491796962214,1.3694491796962214,0.01015861538955716,0.01015861538955716,0.01015861538955716,0.00014168545861411856,0.00014168545861411856,0.00014168545861411856,3.3590317921679248e-06,3.3590317921679248e-06,3.3590317921679248e-06,-0.000871955986744596,-0.000871955986744596,-0.000871955986744596,-0.00043625820349619014,-0.00043625820349619014,-0.00043625820349619014,-0.0012634706071551628,-0.0012634706071551628,-0.0012634706071551628,0.001796921692742428,0.001796921692742428,0.001796921692742428,-0.00017324739349558382,-0.00017324739349558382,-0.00017324739349558382,-6.955039924956217e-05,-6.955039924956217e-05,-6.955039924956217e-05,0.0,0.0,0.0,0.01059487359305335,0.01059487359305335,0.01059487359305335,0.0,0.0,0.0,1.3796077950857786
89,2025-08-15 06:00:00,1.3694171126356935,1.3789146993431498,1.3800985215805266,1.3694171126356935,1.3694171126356935,0.010074733531754825,0.010074733531754825,0.010074733531754825,8.594135298844675e-05,8.594135298844675e-05,8.594135298844675e-05,1.5410395741740196e-05,1.5410395741740196e-05,1.5410395741740196e-05,-0.0009510797392977191,-0.0009510797392977191,-0.0009510797392977191,-0.0006300902528850631,-0.0006300902528850631,-0.0006300902528850631,-0.0012441178737135794,-0.0012441178737135794,-0.0012441178737135794,0.0015663202011113873,0.0015663202011113873,0.0015663202011113873,-0.0001773319633287588,-0.0001773319633287588,-0.0001773319633287588,7.476737361342016e-05,7.476737361342016e-05,7.476737361342016e-05,0.0,0.0,0.0,0.010704823784639888,0.010704823784639888,0.010704823784639888,0.0,0.0,0.0,1.3794918461674484
90,2025-08-15 07:00:00,1.3693850455751655,1.378715829541584,1.3799608549660258,1.3693850455751655,1.3693850455751655,0.009941710767810032,0.009941710767810032,0.009941710767810032,3.2678664898592254e-05,3.2678664898592254e-05,3.2678664898592254e-05,7.009706890325547e-06,7.009706890325547e-06,7.009706890325547e-06,-0.0009007414818408564,-0.0009007414818408564,-0.0009007414818408564,-0.0008734419511544965,-0.0008734419511544965,-0.0008734419511544965,-0.0012274950291613891,-0.0012274950291613891,-0.0012274950291613891,0.0012955618700646022,0.0012955618700646022,0.0012955618700646022,-0.0002725226925725445,-0.0002725226925725445,-0.0002725226925725445,0.0001920670105667737,0.0001920670105667737,0.0001920670105667737,0.0,0.0,0.0,0.010815152718964528,0.010815152718964528,0.010815152718964528,0.0,0.0,0.0,1.3793267563429756
91,2025-08-15 08:00:00,1.3693529785146377,1.3783560661146217,1.3796087020216554,1.3693529785146377,1.3693529785146377,0.009659494495736172,0.009659494495736172,0.009659494495736172,-1.446628563135103e-06,-1.446628563135103e-06,-1.446628563135103e-06,1.468113148538855e-05,1.468113148538855e-05,1.468113148538855e-05,-0.0009701603255188644,-0.0009701603255188644,-0.0009701603255188644,-0.001266353181669108,-0.001266353181669108,-0.001266353181669108,-0.0012167430724159324,-0.0012167430724159324,-0.0012167430724159324,0.0010146599742582468,0.0010146599742582468,0.0010146599742582468,-0.00029701280661007423,-0.00029701280661007423,-0.00029701280661007423,0.0001896685456952632,0.0001896685456952632,0.0001896685456952632,0.0,0.0,0.0,0.01092584767740528,0.01092584767740528,0.01092584767740528,0.0,0.0,0.0,1.3790124730103739
92,2025-08-15 09:00:00,1.3693209114541096,1.378638598364578,1.3798678434090095,1.3693209114541096,1.3693209114541096,0.009938818869872752,0.009938818869872752,0.009938818869872752,-4.7067824600672096e-05,-4.7067824600672096e-05,-4.7067824600672096e-05,3.531604457754984e-05,3.531604457754984e-05,3.531604457754984e-05,-0.0007031209938771845,-0.0007031209938771845,-0.0007031209938771845,-0.0010980770709933631,-0.0010980770709933631,-0.0010980770709933631,-0.0011930899506262856,-0.0011930899506262856,-0.0011930899506262856,0.0008455558631016644,0.0008455558631016644,0.0008455558631016644,-0.0002059248656908389,-0.0002059248656908389,-0.0002059248656908389,0.00017025465612240389,0.00017025465612240389,0.00017025465612240389,0.0,0.0,0.0,0.011036895940866116,0.011036895940866116,0.011036895940866116,0.0,0.0,0.0,1.3792597303239824
93,2025-08-15 10:00:00,1.3692888443935816,1.3784972161576774,1.3798287094650783,1.3692888443935816,1.3692888443935816,0.00981483532393654,0.00981483532393654,0.00981483532393654,-8.943036377838493e-05,-8.943036377838493e-05,-8.943036377838493e-05,5.540455370453378e-05,5.540455370453378e-05,5.540455370453378e-05,-0.0006673271132773779,-0.0006673271132773779,-0.0006673271132773779,-0.0013334494663592776,-0.0013334494663592776,-0.0013334494663592776,-0.0011645587175238567,-0.0011645587175238567,-0.0011645587175238567,0.0006402788411374774,0.0006402788411374774,0.0006402788411374774,-0.0002888662561659078,-0.0002888662561659078,-0.0002888662561659078,0.0001810495895442387,0.0001810495895442387,0.0001810495895442387,0.0,0.0,0.0,0.011148284790295816,0.011148284790295816,0.011148284790295816,0.0,0.0,0.0,1.379103679717518
94,2025-08-15 11:00:00,1.3692567773330535,1.3782985847167126,1.379548272119501,1.3692567773330535,1.3692567773330535,0.009642833879997268,0.009642833879997268,0.009642833879997268,-0.00010207288466591047,-0.00010207288466591047,-0.00010207288466591047,8.170160509740511e-05,8.170160509740511e-05,8.170160509740511e-05,-0.000773823164817407,-0.000773823164817407,-0.000773823164817407,-0.001617167627479861,-0.001617167627479861,-0.001617167627479861,-0.0011444626340560361,-0.0011444626340560361,-0.0011444626340560361,0.0003671341564176101,0.0003671341564176101,0.0003671341564176101,-0.00028897967671587434,-0.00028897967671587434,-0.00028897967671587434,0.00024333497126035166,0.00024333497126035166,0.00024333497126035166,0.0,0.0,0.0,0.011260001507477128,0.011260001507477128,0.011260001507477128,0.0,0.0,0.0,1.3788996112130507
95,2025-08-15 12:00:00,1.3692247102725257,1.378316780631017,1.3796306381121513,1.3692247102725257,1.3692247102725257,0.009731163862501268,0.009731163862501268,0.009731163862501268,-0.00011381236834718399,-0.00011381236834718399,-0.00011381236834718399,0.00011000576587642982,0.00011000576587642982,0.00011000576587642982,-0.0006537220518584106,-0.0006537220518584106,-0.0006537220518584106,-0.0016408695130515243,-0.0016408695130515243,-0.0016408695130515243,-0.0011127884302858536,-0.0011127884302858536,-0.0011127884302858536,0.00019327834887491302,0.00019327834887491302,0.00019327834887491302,-0.0002712742400530319,-0.0002712742400530319,-0.0002712742400530319,0.00020744346274161266,0.00020744346274161266,0.00020744346274161266,0.0,0.0,0.0,0.011372033375552792,0.011372033375552792,0.011372033375552792,0.0,0.0,0.0,1.378955874135027
96,2025-08-15 13:00:00,1.3691926432119979,1.3785728878833723,1.3798214267847866,1.3691926432119979,1.3691926432119979,0.010004084023945606,0.010004084023945606,0.010004084023945606,-0.00016692246964001474,-0.00016692246964001474,-0.00016692246964001474,0.00010562147270544836,0.00010562147270544836,0.00010562147270544836,-0.0004460350076478068,-0.0004460350076478068,-0.0004460350076478068,-0.0014802836557712014,-0.0014802836557712014,-0.0014802836557712014,-0.0010802860912076187,-0.0010802860912076187,-0.0010802860912076187,0.00010831623631720337,0.00010831623631720337,0.00010831623631720337,-0.00015972451490128047,-0.00015972451490128047,-0.00015972451490128047,0.00015874671860286745,0.00015874671860286745,0.00015874671860286745,0.0,0.0,0.0,0.011484367679716808,0.011484367679716808,0.011484367679716808,0.0,0.0,0.0,1.3791967272359436
97,2025-08-15 14:00:00,1.3691605761514698,1.3790089913224877,1.380204441747224,1.3691605761514698,1.3691605761514698,0.010478028671123648,0.010478028671123648,0.010478028671123648,-0.00020486168870518205,-0.00020486168870518205,-0.00020486168870518205,9.904938676544834e-05,9.904938676544834e-05,9.904938676544834e-05,-0.00020268525955981543,-0.00020268525955981543,-0.00020268525955981543,-0.0011189630366017062,-0.0011189630366017062,-0.0011189630366017062,-0.0010434015361261806,-0.0010434015361261806,-0.0010434015361261806,0.00017410353123910576,0.00017410353123910576,0.00017410353123910576,-5.220110103653102e-05,-5.220110103653102e-05,-5.220110103653102e-05,0.000111033630821449,0.000111033630821449,0.000111033630821449,0.0,0.0,0.0,0.011596991707725353,0.011596991707725353,0.011596991707725353,0.0,0.0,0.0,1.3796386048225935
98,2025-08-15 15:00:00,1.369128509090942,1.3794395277803435,1.3807263177909204,1.369128509090942,1.369128509090942,0.010982838133209001,0.010982838133209001,0.010982838133209001,-0.00021594766412068685,-0.00021594766412068685,-0.00021594766412068685,7.750234912583404e-05,7.750234912583404e-05,7.750234912583404e-05,3.5184787663718734e-05,3.5184787663718734e-05,3.5184787663718734e-05,-0.0007270546174789263,-0.0007270546174789263,-0.0007270546174789263,-0.0010142087806528375,-0.0010142087806528375,-0.0010142087806528375,0.00031536137170253014,0.00031536137170253014,0.00031536137170253014,4.1735550431935883e-05,4.1735550431935883e-05,4.1735550431935883e-05,3.331776837057937e-05,3.331776837057937e-05,3.331776837057937e-05,0.0,0.0,0.0,0.011709892750687926,0.011709892750687926,0.011709892750687926,0.0,0.0,0.0,1.380111347224151
99,2025-08-15 16:00:00,1.369096442030414,1.380182114551111,1.381428817016978,1.369096442030414,1.369096442030414,0.011703868650963655,0.011703868650963655,0.011703868650963655,-0.0002120406097111649,-0.0002120406097111649,-0.0002120406097111649,6.088383171410603e-05,6.088383171410603e-05,6.088383171410603e-05,0.0004061013125142608,0.0004061013125142608,0.0004061013125142608,-0.00011918945261700728,-0.00011918945261700728,-0.00011918945261700728,-0.0009755871131757748,-0.0009755871131757748,-0.0009755871131757748,0.0004777206213369138,0.0004777206213369138,0.0004777206213369138,0.00010438158117410887,0.00010438158117410887,0.00010438158117410887,1.9350923530542926e-05,1.9350923530542926e-05,1.9350923530542926e-05,0.0,0.0,0.0,0.01182305810358066,0.01182305810358066,0.01182305810358066,0.0,0.0,0.0,1.3808003106813775
100,2025-08-15 17:00:00,1.3689831531072878,1.3806803769066198,1.3819913294312667,1.3689831531072878,1.3689831531072878,0.01236230528223123,0.01236230528223123,0.01236230528223123,-0.00019934316032053706,-0.00019934316032053706,-0.00019934316032053706,6.252957433438285e-05,6.252957433438285e-05,6.252957433438285e-05,0.0007454875240443962,0.0007454875240443962,0.0007454875240443962,0.00042583021638405996,0.00042583021638405996,0.00042583021638405996,-0.0009348980650555769,-0.0009348980650555769,-0.0009348980650555769,0.0006110224999115425,0.0006110224999115425,0.0006110224999115425,0.00016707274817547442,0.00016707274817547442,0.00016707274817547442,-2.6040904705622055e-05,-2.6040904705622055e-05,-2.6040904705622055e-05,0.0,0.0,0.0,0.011936475065847172,0.011936475065847172,0.011936475065847172,0.0,0.0,0.0,1.381345458389519
101,2025-08-15 18:00:00,1.368869864184162,1.3808455155704449,1.3820848663175112,1.368869864184162,1.368869864184162,0.012638305439507634,0.012638305439507634,0.012638305439507634,-0.00017866823034454662,-0.00017866823034454662,-0.00017866823034454662,5.449242915704428e-05,5.449242915704428e-05,5.449242915704428e-05,0.0007169007404658234,0.0007169007404658234,0.0007169007404658234,0.0005881744973666314,0.0005881744973666314,0.0005881744973666314,-0.0008980953376293703,-0.0008980953376293703,-0.0008980953376293703,0.0007145884698767957,0.0007145884698767957,0.0007145884698767957,0.00021206363512000844,0.00021206363512000844,0.00021206363512000844,-3.310720927912377e-05,-3.310720927912377e-05,-3.310720927912377e-05,0.0,0.0,0.0,0.012050130942141005,0.012050130942141005,0.012050130942141005,0.0,0.0,0.0,1.3815081696236695
102,2025-08-15 19:00:00,1.368756575261036,1.3809217109025858,1.3822053717811775,1.368756575261036,1.368756575261036,0.012819096732002714,0.012819096732002714,0.012819096732002714,-0.00015677822327232068,-0.00015677822327232068,-0.00015677822327232068,4.5726019723317396e-05,4.5726019723317396e-05,4.5726019723317396e-05,0.0006396357750863596,0.0006396357750863596,0.0006396357750863596,0.0006550836891758112,0.0006550836891758112,0.0006550836891758112,-0.000862202573166356,-0.000862202573166356,-0.000862202573166356,0.0008483241152232771,0.0008483241152232771,0.0008483241152232771,0.00021064243816198362,0.00021064243816198362,0.00021064243816198362,-7.02638625804497e-05,-7.02638625804497e-05,-7.02638625804497e-05,0.0,0.0,0.0,0.012164013042826901,0.012164013042826901,0.012164013042826901,0.0,0.0,0.0,1.3815756719930388
103,2025-08-15 20:00:00,1.36864328633791,1.381029016194136,1.3822727626423619,1.36864328633791,1.36864328633791,0.013017179800379811,0.013017179800379811,0.013017179800379811,-0.000136451788133825,-0.000136451788133825,-0.000136451788133825,4.1161043169434235e-05,4.1161043169434235e-05,4.1161043169434235e-05,0.0005186839310940042,0.0005186839310940042,0.0005186839310940042,0.0007390711157335865,0.0007390711157335865,0.0007390711157335865,-0.0008253170322094818,-0.0008253170322094818,-0.0008253170322094818,0.0009604513391406457,0.0009604513391406457,0.0009604513391406457,0.0002706561527928984,0.0002706561527928984,0.0002706561527928984,-9.011253012008926e-05,-9.011253012008926e-05,-9.011253012008926e-05,0.0,0.0,0.0,0.012278108684646226,0.012278108684646226,0.012278108684646226,0.0,0.0,0.0,1.3816604661382899
104,2025-08-15 21:00:00,1.3685299974147842,1.381176942960202,1.3824394609952775,1.3685299974147842,1.3685299974147842,0.013269765758101187,0.013269765758101187,0.013269765758101187,-9.756575701857813e-05,-9.756575701857813e-05,-9.756575701857813e-05,2.7466113507784648e-05,2.7466113507784648e-05,2.7466113507784648e-05,0.0004386374039988896,0.0004386374039988896,0.0004386374039988896,0.0008773605667206409,0.0008773605667206409,0.0008773605667206409,-0.0007871912600417223,-0.0007871912600417223,-0.0007871912600417223,0.0010652971531745817,0.0010652971531745817,0.0010652971531745817,0.00037025285041102383,0.00037025285041102383,0.00037025285041102383,-0.00013953593731133858,-0.00013953593731133858,-0.00013953593731133858,0.0,0.0,0.0,0.012392405191380546,0.012392405191380546,0.012392405191380546,0.0,0.0,0.0,1.3817997631728853
105,2025-08-15 22:00:00,1.3684167084916583,1.3814954738683256,1.3827312491304447,1.3684167084916583,1.3684167084916583,0.013684790367138797,0.013684790367138797,0.013684790367138797,-6.145729955442047e-05,-6.145729955442047e-05,-6.145729955442047e-05,4.390177062833837e-05,4.390177062833837e-05,4.390177062833837e-05,0.0005559492766752109,0.0005559492766752109,0.0005559492766752109,0.0011779004727682865,0.0011779004727682865,0.0011779004727682865,-0.0007402172564608107,-0.0007402172564608107,-0.0007402172564608107,0.0011887447775270961,0.0011887447775270961,0.0011887447775270961,0.00037698934512662703,0.00037698934512662703,0.00037698934512662703,-0.00018601014117375464,-0.00018601014117375464,-0.00018601014117375464,0.0,0.0,0.0,0.01250688989437051,0.01250688989437051,0.01250688989437051,0.0,0.0,0.0,1.3821014988587972
106,2025-08-18 00:00:00,1.3627522623353623,1.3811888133441728,1.3824057087911816,1.3627522623353623,1.3627522623353623,0.01903408401728344,0.01903408401728344,0.01903408401728344,-0.00011301627497964164,-0.00011301627497964164,-0.00011301627497964164,3.842249261876613e-05,3.842249261876613e-05,3.842249261876613e-05,0.00024900043497016946,0.00024900043497016946,0.00024900043497016946,0.0008388460635799829,0.0008388460635799829,0.0008388460635799829,-0.0006921676628553717,-0.0006921676628553717,-0.0006921676628553717,0.0011996571480270596,0.0011996571480270596,0.0011996571480270596,0.00028290544509680703,0.00028290544509680703,0.00028290544509680703,-0.0001259555192978061,-0.0001259555192978061,-0.0001259555192978061,0.0,0.0,0.0,0.018195237953703453,0.018195237953703453,0.018195237953703453,0.0,0.0,0.0,1.3817863463526456
107,2025-08-18 01:00:00,1.3626389734122364,1.3806524551992307,1.381851411629361,1.3626389734122364,1.3626389734122364,0.018627980939487938,0.018627980939487938,0.018627980939487938,-0.00014079031024150456,-0.00014079031024150456,-0.00014079031024150456,3.1484686096490526e-05,3.1484686096490526e-05,3.1484686096490526e-05,3.937133944164306e-05,3.937133944164306e-05,3.937133944164306e-05,0.0003250905050592154,0.0003250905050592154,0.0003250905050592154,-0.0006527188459458757,-0.0006527188459458757,-0.0006527188459458757,0.0010530254595151128,0.0010530254595151128,0.0010530254595151128,7.715692059301731e-05,7.715692059301731e-05,7.715692059301731e-05,-8.243874439966787e-05,-8.243874439966787e-05,-8.243874439966787e-05,0.0,0.0,0.0,0.018302890434428724,0.018302890434428724,0.018302890434428724,0.0,0.0,0.0,1.3812669543517244
108,2025-08-18 02:00:00,1.3625256844891105,1.3799318026383207,1.3811781051562304,1.3625256844891105,1.3625256844891105,0.018075946107694182,0.018075946107694182,0.018075946107694182,-0.00015262576137880105,-0.00015262576137880105,-0.00015262576137880105,2.673684925146951e-05,2.673684925146951e-05,2.673684925146951e-05,-0.0002480794289238426,-0.0002480794289238426,-0.0002480794289238426,-0.00033415150959318723,-0.00033415150959318723,-0.00033415150959318723,-0.0006130225743194459,-0.0006130225743194459,-0.0006130225743194459,0.0008083084001966149,0.0008083084001966149,0.0008083084001966149,-7.940506963390184e-05,-7.940506963390184e-05,-7.940506963390184e-05,-7.606392478528021e-05,-7.606392478528021e-05,-7.606392478528021e-05,0.0,0.0,0.0,0.018410097617287367,0.018410097617287367,0.018410097617287367,0.0,0.0,0.0,1.3806016305968047
109,2025-08-18 03:00:00,1.3624123955659846,1.3799349324447312,1.381168587231617,1.3624123955659846,1.3624123955659846,0.01817620255285047,0.01817620255285047,0.01817620255285047,-0.00017006257055486034,-0.00017006257055486034,-0.00017006257055486034,2.0891850659585114e-05,2.0891850659585114e-05,2.0891850659585114e-05,-0.00020611402885599073,-0.00020611402885599073,-0.00020611402885599073,-0.00034064552504365313,-0.00034064552504365313,-0.00034064552504365313,-0.000567950324320242,-0.000567950324320242,-0.000567950324320242,0.0007154918272590268,0.0007154918272590268,0.0007154918272590268,-3.993862211586078e-05,-3.993862211586078e-05,-3.993862211586078e-05,-9.29636571153113e-05,-9.29636571153113e-05,-9.29636571153113e-05,0.0,0.0,0.0,0.018516848077894124,0.018516848077894124,0.018516848077894124,0.0,0.0,0.0,1.380588598118835
110,2025-08-18 04:00:00,1.3622991066428587,1.3794853133208462,1.3807272336731033,1.3622991066428587,1.3622991066428587,0.01778440600403279,0.01778440600403279,0.01778440600403279,-0.0001862538933612013,-0.0001862538933612013,-0.0001862538933612013,3.1299648897116575e-05,3.1299648897116575e-05,3.1299648897116575e-05,-0.0004701956122034802,-0.0004701956122034802,-0.0004701956122034802,-0.0008387244261376022,-0.0008387244261376022,-0.0008387244261376022,-0.0005257726043967891,-0.0005257726043967891,-0.0005257726043967891,0.0004876282221147238,0.0004876282221147238,0.0004876282221147238,-0.0001583190959001696,-0.0001583190959001696,-0.0001583190959001696,-1.7111091287802454e-05,-1.7111091287802454e-05,-1.7111091287802454e-05,0.0,0.0,0.0,0.01862313043017039,0.01862313043017039,0.01862313043017039,0.0,0.0,0.0,1.3800835126468916
111,2025-08-18 05:00:00,1.3621858177197328,1.3791729714025074,1.3804026017141846,1.3621858177197328,1.3621858177197328,0.01761283696660694,0.01761283696660694,0.01761283696660694,-0.00018137821452841714,-0.00018137821452841714,-0.00018137821452841714,3.312607490029517e-05,3.312607490029517e-05,3.312607490029517e-05,-0.0006911272248547021,-0.0006911272248547021,-0.0006911272248547021,-0.0011160963602545994,-0.0011160963602545994,-0.0011160963602545994,-0.00047912886906375406,-0.00047912886906375406,-0.00047912886906375406,0.0003278645343384196,0.0003278645343384196,0.0003278645343384196,-0.00014470578170241297,-0.00014470578170241297,-0.00014470578170241297,1.9253120655972084e-05,1.9253120655972084e-05,1.9253120655972084e-05,0.0,0.0,0.0,0.01872893332686154,0.01872893332686154,0.01872893332686154,0.0,0.0,0.0,1.3797986546863397
112,2025-08-18 06:00:00,1.362072528796607,1.3790193754956728,1.3803062583492394,1.362072528796607,1.362072528796607,0.01758604128499082,0.01758604128499082,0.01758604128499082,-0.0001791286002936315,-0.0001791286002936315,-0.0001791286002936315,4.024891862198124e-05,4.024891862198124e-05,4.024891862198124e-05,-0.0006925237847587839,-0.0006925237847587839,-0.0006925237847587839,-0.0012482041751522822,-0.0012482041751522822,-0.0012482041751522822,-0.00044555192583633596,-0.00044555192583633596,-0.00044555192583633596,0.0001722257153665586,0.0001722257153665586,0.0001722257153665586,-0.00020997813762779427,-0.00020997813762779427,-0.00020997813762779427,6.650363937572361e-05,6.650363937572361e-05,6.650363937572361e-05,0.0,0.0,0.0,0.018834245460143104,0.018834245460143104,0.018834245460143104,0.0,0.0,0.0,1.3796585700815978
113,2025-08-18 07:00:00,1.3619592398734808,1.3791142493312984,1.380343347907266,1.3619592398734808,1.3619592398734808,0.017771991543076477,0.017771991543076477,0.017771991543076477,-0.00021466288013546707,-0.00021466288013546707,-0.00021466288013546707,3.5681765159862004e-05,3.5681765159862004e-05,3.5681765159862004e-05,-0.000493080591492316,-0.000493080591492316,-0.000493080591492316,-0.0011670640188974745,-0.0011670640188974745,-0.0011670640188974745,-0.00041247186379356595,-0.00041247186379356595,-0.00041247186379356595,4.711765686356951e-05,4.711765686356951e-05,4.711765686356951e-05,-0.00022356875071363318,-0.00022356875071363318,-0.00022356875071363318,9.392064521407639e-05,9.392064521407639e-05,9.392064521407639e-05,0.0,0.0,0.0,0.018939055561973953,0.018939055561973953,0.018939055561973953,0.0,0.0,0.0,1.3797312314165573
114,2025-08-18 08:00:00,1.3618459509503549,1.3790072170801508,1.380298699214766,1.3618459509503549,1.3618459509503549,0.017769801973451665,0.017769801973451665,0.017769801973451665,-0.0002168634362802032,-0.0002168634362802032,-0.0002168634362802032,3.47674637041364e-05,3.47674637041364e-05,3.47674637041364e-05,-0.0005837335609797951,-0.0005837335609797951,-0.0005837335609797951,-0.0012735504312673944,-0.0012735504312673944,-0.0012735504312673944,-0.00037616601755200736,-0.00037616601755200736,-0.00037616601755200736,2.1033367868448397e-07,2.1033367868448397e-07,2.1033367868448397e-07,-0.000205855442513981,-0.000205855442513981,-0.000205855442513981,7.409022867577144e-05,7.409022867577144e-05,7.409022867577144e-05,0.0,0.0,0.0,0.01904335240471906,0.01904335240471906,0.01904335240471906,0.0,0.0,0.0,1.3796157529238064
115,2025-08-18 09:00:00,1.361732662027229,1.3785357137752554,1.379831145794183,1.361732662027229,1.361732662027229,0.017495786986476865,0.017495786986476865,0.017495786986476865,-0.00020545864413215234,-0.00020545864413215234,-0.00020545864413215234,2.1803975207074624e-05,2.1803975207074624e-05,2.1803975207074624e-05,-0.0006867830905685202,-0.0006867830905685202,-0.0006867830905685202,-0.0016513378151184618,-0.0016513378151184618,-0.0016513378151184618,-0.000350612128056089,-0.000350612128056089,-0.000350612128056089,-0.00019084081827865887,-0.00019084081827865887,-0.00019084081827865887,-0.0003608309417209769,-0.0003608309417209769,-0.0003608309417209769,0.00012138383243086095,0.00012138383243086095,0.00012138383243086095,0.0,0.0,0.0,0.019147124801595326,0.019147124801595326,0.019147124801595326,0.0,0.0,0.0,1.379228449013706
116,2025-08-18 10:00:00,1.3616193731041033,1.3786565731330258,1.3799730987826349,1.3616193731041033,1.3616193731041033,0.017713936292820448,0.017713936292820448,0.017713936292820448,-0.0001948684799946762,-0.0001948684799946762,-0.0001948684799946762,3.641538323264933e-05,3.641538323264933e-05,3.641538323264933e-05,-0.0006588284533251493,-0.0006588284533251493,-0.0006588284533251493,-0.0015364253143661623,-0.0015364253143661623,-0.0015364253143661623,-0.00032505823856007895,-0.00032505823856007895,-0.00032505823856007895,-0.00025937054003901874,-0.00025937054003901874,-0.00025937054003901874,-0.00024804228944248075,-0.00024804228944248075,-0.00024804228944248075,0.00011332730376259253,0.00011332730376259253,0.00011332730376259253,0.0,0.0,0.0,0.019250361607186614,0.019250361607186614,0.019250361607186614,0.0,0.0,0.0,1.3793333093969238
117,2025-08-18 11:00:00,1.3615060841809772,1.3787386901323277,1.379992807169703,1.3615060841809772,1.3615060841809772,0.01784307349909038,0.01784307349909038,0.01784307349909038,-0.0001850347561527343,-0.0001850347561527343,-0.0001850347561527343,5.211959918865182e-05,5.211959918865182e-05,5.211959918865182e-05,-0.0006612980885672608,-0.0006612980885672608,-0.0006612980885672608,-0.0015099782187583094,-0.0015099782187583094,-0.0015099782187583094,-0.00030512679627843253,-0.00030512679627843253,-0.00030512679627843253,-0.0003623220629354455,-0.0003623220629354455,-0.0003623220629354455,-0.00018147708351819741,-0.00018147708351819741,-0.00018147708351819741,0.0001331609695051094,0.0001331609695051094,0.0001331609695051094,0.0,0.0,0.0,0.01935305171784869,0.01935305171784869,0.01935305171784869,0.0,0.0,0.0,1.3793491576800676
118,2025-08-18 12:00:00,1.3613927952578513,1.378683510469799,1.3799262580111347,1.3613927952578513,1.3613927952578513,0.01791672598198433,0.01791672598198433,0.01791672598198433,-0.00016598751326105568,-0.00016598751326105568,-0.00016598751326105568,7.659022457834454e-05,7.659022457834454e-05,7.659022457834454e-05,-0.0007141831136337709,-0.0007141831136337709,-0.0007141831136337709,-0.0015384580903776593,-0.0015384580903776593,-0.0015384580903776593,-0.0002933830489142767,-0.0002933830489142767,-0.0002933830489142767,-0.0004746887463617175,-0.0004746887463617175,-0.0004746887463617175,-0.00012028180417872258,-0.00012028180417872258,-0.00012028180417872258,0.00015347591139353966,0.00015347591139353966,0.00015347591139353966,0.0,0.0,0.0,0.019455184072361985,0.019455184072361985,0.019455184072361985,0.0,0.0,0.0,1.3793095212398356
119,2025-08-18 13:00:00,1.3612795063347254,1.3782800378521922,1.379534780398422,1.3612795063347254,1.3612795063347254,0.01765832151909161,0.01765832151909161,0.01765832151909161,-0.00011524838929692348,-0.00011524838929692348,-0.00011524838929692348,8.499091342975926e-05,8.499091342975926e-05,8.499091342975926e-05,-0.0009404712950864523,-0.0009404712950864523,-0.0009404712950864523,-0.0018984261331888624,-0.0018984261331888624,-0.0018984261331888624,-0.0002812262197717603,-0.0002812262197717603,-0.0002812262197717603,-0.0006004513149496566,-0.0006004513149496566,-0.0006004513149496566,-0.0002332046301468904,-0.0002332046301468904,-0.0002332046301468904,0.00018718480263306113,0.00018718480263306113,0.00018718480263306113,0.0,0.0,0.0,0.019556747652280475,0.019556747652280475,0.019556747652280475,0.0,0.0,0.0,1.378937827853817
120,2025-08-18 14:00:00,1.3611662174115995,1.3796887031961313,1.3809704341285816,1.3611662174115995,1.3611662174115995,0.01920553226665655,0.01920553226665655,0.01920553226665655,-0.00016393983690069392,-0.00016393983690069392,-0.00016393983690069392,6.21616768439077e-05,6.21616768439077e-05,6.21616768439077e-05,0.0001056206805224825,0.0001056206805224825,0.0001056206805224825,-0.0004521992157534726,-0.0004521992157534726,-0.0004521992157534726,-0.00025352115022642005,-0.00025352115022642005,-0.00025352115022642005,-0.00036894526785407515,-0.00036894526785407515,-0.00036894526785407515,0.00011801186675792436,0.00011801186675792436,0.00011801186675792436,4.841281510340197e-05,4.841281510340197e-05,4.841281510340197e-05,0.0,0.0,0.0,0.019657731482410023,0.019657731482410023,0.019657731482410023,0.0,0.0,0.0,1.380371749678256
121,2025-08-18 15:00:00,1.3610529284884736,1.381374882679444,1.3826492291018957,1.3610529284884736,1.3610529284884736,0.020954254458860906,0.020954254458860906,0.020954254458860906,-0.00015672087692045038,-0.00015672087692045038,-0.00015672087692045038,3.385751606488299e-05,3.385751606488299e-05,3.385751606488299e-05,0.0011998983565710795,0.0011998983565710795,0.0011998983565710795,0.0011961298274283099,0.0011961298274283099,0.0011961298274283099,-0.00022093698349295358,-0.00022093698349295358,-0.00022093698349295358,9.062754724429948e-05,9.062754724429948e-05,9.062754724429948e-05,0.0003045359133668003,0.0003045359133668003,0.0003045359133668003,-5.513164540534834e-05,-5.513164540534834e-05,-5.513164540534834e-05,0.0,0.0,0.0,0.019758124631432596,0.019758124631432596,0.019758124631432596,0.0,0.0,0.0,1.3820071829473346
122,2025-08-18 16:00:00,1.3609396395653477,1.3812438591337401,1.3824935983548625,1.3609396395653477,1.3609396395653477,0.02093268739368414,0.02093268739368414,0.02093268739368414,-0.00013865934580289239,-0.00013865934580289239,-0.00013865934580289239,1.5597609849386753e-05,1.5597609849386753e-05,1.5597609849386753e-05,0.0009403790467673709,0.0009403790467673709,0.0009403790467673709,0.001074771181464739,0.001074771181464739,0.001074771181464739,-0.0002024123853590556,-0.0002024123853590556,-0.0002024123853590556,0.0002953526656498251,0.0002953526656498251,0.0002953526656498251,0.00020924462910179928,0.00020924462910179928,0.00020924462910179928,-4.473103874169508e-05,-4.473103874169508e-05,-4.473103874169508e-05,0.0,0.0,0.0,0.0198579162122194,0.0198579162122194,0.0198579162122194,0.0,0.0,0.0,1.3818723269590318
123,2025-08-18 17:00:00,1.3608263506422218,1.3807672524502899,1.382051092685979,1.3608263506422218,1.3608263506422218,0.020567077814013582,0.020567077814013582,0.020567077814013582,-0.00015357718830882945,-0.00015357718830882945,-0.00015357718830882945,7.196920997935522e-06,7.196920997935522e-06,7.196920997935522e-06,0.0004119361424403369,0.0004119361424403369,0.0004119361424403369,0.0006099824316303944,0.0006099824316303944,0.0006099824316303944,-0.00020274363948218486,-0.00020274363948218486,-0.00020274363948218486,0.0003892160630083926,0.0003892160630083926,0.0003892160630083926,0.0001629464372504564,0.0001629464372504564,0.0001629464372504564,-4.992304275712722e-06,-4.992304275712722e-06,-4.992304275712722e-06,0.0,0.0,0.0,0.01995709538238319,0.01995709538238319,0.01995709538238319,0.0,0.0,0.0,1.3813934284562355
124,2025-08-18 18:00:00,1.360713061719096,1.3805854086021183,1.3818458516668082,1.360713061719096,1.360713061719096,0.020479850427057678,0.020479850427057678,0.020479850427057678,-0.00017175787128283297,-0.00017175787128283297,-0.00017175787128283297,1.5412572650012798e-05,1.5412572650012798e-05,1.5412572650012798e-05,0.0002641902806165023,0.0002641902806165023,0.0002641902806165023,0.0004241990822901188,0.0004241990822901188,0.0004241990822901188,-0.00018314345132357587,-0.00018314345132357587,-0.00018314345132357587,0.0004334328136786261,0.0004334328136786261,0.0004334328136786261,0.00010573032543965013,0.00010573032543965013,0.00010573032543965013,-3.966558748826372e-05,-3.966558748826372e-05,-3.966558748826372e-05,0.0,0.0,0.0,0.02005565134476756,0.02005565134476756,0.02005565134476756,0.0,0.0,0.0,1.3811929121461535
125,2025-08-18 19:00:00,1.3606626083095892,1.3806899782715645,1.381928595866763,1.3606626083095892,1.3606626083095892,0.020640470322667477,0.020640470322667477,0.020640470322667477,-0.00019315857788887588,-0.00019315857788887588,-0.00019315857788887588,-1.388805052853086e-06,-1.388805052853086e-06,-1.388805052853086e-06,0.00019033232248535586,0.00019033232248535586,0.00019033232248535586,0.000486896974845759,0.000486896974845759,0.000486896974845759,-0.00017933895828481616,-0.00017933895828481616,-0.00017933895828481616,0.000476507825947165,0.000476507825947165,0.000476507825947165,0.00023114408453677991,0.00023114408453677991,0.00023114408453677991,-3.7200916896996706e-05,-3.7200916896996706e-05,-3.7200916896996706e-05,0.0,0.0,0.0,0.020153573347821717,0.020153573347821717,0.020153573347821717,0.0,0.0,0.0,1.3813030786322567
126,2025-08-18 20:00:00,1.3606121549000827,1.3803297864992563,1.381579423961176,1.3606121549000827,1.3606121549000827,0.020338251118927068,0.020338251118927068,0.020338251118927068,-0.00022669670442226526,-0.00022669670442226526,-0.00022669670442226526,-3.032370764893822e-06,-3.032370764893822e-06,-3.032370764893822e-06,3.0301961679442206e-05,3.0301961679442206e-05,3.0301961679442206e-05,8.740043273558751e-05,8.740043273558751e-05,8.740043273558751e-05,-0.00018686414495623188,-0.00018686414495623188,-0.00018686414495623188,0.0003960978449055691,0.0003960978449055691,0.0003960978449055691,9.079650303036763e-05,9.079650303036763e-05,9.079650303036763e-05,-1.3202656736400423e-05,-1.3202656736400423e-05,-1.3202656736400423e-05,0.0,0.0,0.0,0.02025085068619148,0.02025085068619148,0.02025085068619148,0.0,0.0,0.0,1.3809504060190099
127,2025-08-18 21:00:00,1.360561701490576,1.3800775696130365,1.3813132715822427,1.360561701490576,1.360561701490576,0.020123624687839396,0.020123624687839396,0.020123624687839396,-0.0002668510861935251,-0.0002668510861935251,-0.0002668510861935251,-1.0230844705774319e-06,-1.0230844705774319e-06,-1.0230844705774319e-06,-0.00010712274345476412,-0.00010712274345476412,-0.00010712274345476412,-0.00022384801326501906,-0.00022384801326501906,-0.00022384801326501906,-0.0001945549586891663,-0.0001945549586891663,-0.0001945549586891663,0.0002617658257934058,0.0002617658257934058,0.0002617658257934058,7.990572829417844e-05,7.990572829417844e-05,7.990572829417844e-05,4.0323054554297e-06,4.0323054554297e-06,4.0323054554297e-06,0.0,0.0,0.0,0.020347472701104416,0.020347472701104416,0.020347472701104416,0.0,0.0,0.0,1.3806853261784153
128,2025-08-18 22:00:00,1.3605112480810693,1.3798665571634803,1.3811464764082797,1.3605112480810693,1.3605112480810693,0.019983768486101738,0.019983768486101738,0.019983768486101738,-0.0003041372978382663,-0.0003041372978382663,-0.0003041372978382663,6.282619542246427e-06,6.282619542246427e-06,6.282619542246427e-06,-0.00021583772832766372,-0.00021583772832766372,-0.00021583772832766372,-0.0004596602947238325,-0.0004596602947238325,-0.0004596602947238325,-0.000204479766002282,-0.000204479766002282,-0.000204479766002282,0.0001413806613354208,0.0001413806613354208,0.0001413806613354208,9.762072660975631e-05,9.762072660975631e-05,9.762072660975631e-05,1.9510489956956037e-05,1.9510489956956037e-05,1.9510489956956037e-05,0.0,0.0,0.0,0.02044342878082557,0.02044342878082557,0.02044342878082557,0.0,0.0,0.0,1.380495016567171
129,2025-08-18 23:00:00,1.3604607946715628,1.3795591885459746,1.3808176008466977,1.3604607946715628,1.3604607946715628,0.01971548285318249,0.01971548285318249,0.01971548285318249,-0.0003308927132352478,-0.0003308927132352478,-0.0003308927132352478,5.736215577032571e-06,5.736215577032571e-06,5.736215577032571e-06,-0.0003449593482962293,-0.0003449593482962293,-0.0003449593482962293,-0.0008232255079607711,-0.0008232255079607711,-0.0008232255079607711,-0.00021614069983558664,-0.00021614069983558664,-0.00021614069983558664,-1.5893615715406268e-05,-1.5893615715406268e-05,-1.5893615715406268e-05,8.402762505206513e-05,8.402762505206513e-05,8.402762505206513e-05,-5.1029715073988485e-06,-5.1029715073988485e-06,-5.1029715073988485e-06,0.0,0.0,0.0,0.02053870836114326,0.02053870836114326,0.02053870836114326,0.0,0.0,0.0,1.3801762775247453
130,2025-08-19 00:00:00,1.360410341262056,1.3794641750124736,1.3807185138914198,1.360410341262056,1.360410341262056,0.019681796987368716,0.019681796987368716,0.019681796987368716,-0.00036557046309893345,-0.00036557046309893345,-0.00036557046309893345,9.208384200524513e-06,9.208384200524513e-06,9.208384200524513e-06,-0.00019928342803721594,-0.00019928342803721594,-0.00019928342803721594,-0.0009515039384516018,-0.0009515039384516018,-0.0009515039384516018,-0.00022689265658095155,-0.00022689265658095155,-0.00022689265658095155,-6.359782938412019e-05,-6.359782938412019e-05,-6.359782938412019e-05,-0.00010117774233918089,-0.00010117774233918089,-0.00010117774233918089,-4.190203211724379e-06,-4.190203211724379e-06,-4.190203211724379e-06,0.0,0.0,0.0,0.020633300925820316,0.020633300925820316,0.020633300925820316,0.0,0.0,0.0,1.3800921382494247
131,2025-08-19 01:00:00,1.3603598878525496,1.3795682760089887,1.3808390103282435,1.3603598878525496,1.3603598878525496,0.01985600682404125,0.01985600682404125,0.01985600682404125,-0.0003845405200918198,-0.0003845405200918198,-0.0003845405200918198,4.458370447267489e-06,4.458370447267489e-06,4.458370447267489e-06,-1.2590048178092466e-05,-1.2590048178092466e-05,-1.2590048178092466e-05,-0.0008711891829761408,-0.0008711891829761408,-0.0008711891829761408,-0.00023135867199071725,-0.00023135867199071725,-0.00023135867199071725,1.7018991333245174e-05,1.7018991333245174e-05,1.7018991333245174e-05,-0.0002179816070573413,-0.0002179816070573413,-0.0002179816070573413,-4.6195697438682606e-05,-4.6195697438682606e-05,-4.6195697438682606e-05,0.0,0.0,0.0,0.02072719600701739,0.02072719600701739,0.02072719600701739,0.0,0.0,0.0,1.3802158946765908
132,2025-08-19 02:00:00,1.3603094344430429,1.3801101036048014,1.3813700853501918,1.3603094344430429,1.3603094344430429,0.020468937162350983,0.020468937162350983,0.020468937162350983,-0.00037310494448096666,-0.00037310494448096666,-0.00037310494448096666,-5.951604698500138e-06,-5.951604698500138e-06,-5.951604698500138e-06,0.0002263003205322672,0.0002263003205322672,0.0002263003205322672,-0.0003514460234341848,-0.0003514460234341848,-0.0003514460234341848,-0.00022987098606280635,-0.00022987098606280635,-0.00022987098606280635,0.00015167192733222688,0.00015167192733222688,0.00015167192733222688,-4.9444261979045495e-05,-4.9444261979045495e-05,-4.9444261979045495e-05,-7.104647407736022e-05,-7.104647407736022e-05,-7.104647407736022e-05,0.0,0.0,0.0,0.020820383185785166,0.020820383185785166,0.020820383185785166,0.0,0.0,0.0,1.3807783716053939
133,2025-08-19 03:00:00,1.3602589810335362,1.380101474136376,1.3813255106230742,1.3602589810335362,1.3602589810335362,0.020453082353083435,0.020453082353083435,0.020453082353083435,-0.0003624861956994602,-0.0003624861956994602,-0.0003624861956994602,-3.2130541478320256e-06,-3.2130541478320256e-06,-3.2130541478320256e-06,6.418540367847221e-05,6.418540367847221e-05,6.418540367847221e-05,-0.00045976973935133087,-0.00045976973935133087,-0.00045976973935133087,-0.0002335098520400473,-0.0002335098520400473,-0.0002335098520400473,0.00019044575413156026,0.00019044575413156026,0.00019044575413156026,-5.0815304677535284e-05,-5.0815304677535284e-05,-5.0815304677535284e-05,-6.437649059648846e-05,-6.437649059648846e-05,-6.437649059648846e-05,0.0,0.0,0.0,0.020912852092434767,0.020912852092434767,0.020912852092434767,0.0,0.0,0.0,1.3807120633866197
134,2025-08-19 04:00:00,1.3602085276240297,1.3801736419546484,1.381484411584039,1.3602085276240297,1.3602085276240297,0.020638283879071816,0.020638283879071816,0.020638283879071816,-0.00036391083413540246,-0.00036391083413540246,-0.00036391083413540246,3.363385608640113e-06,3.363385608640113e-06,3.363385608640113e-06,-3.123697268821854e-05,-3.123697268821854e-05,-3.123697268821854e-05,-0.000366308528013365,-0.000366308528013365,-0.000366308528013365,-0.00023061532196447983,-0.00023061532196447983,-0.00023061532196447983,0.0002575544943552219,0.0002575544943552219,0.0002575544943552219,-3.197326606698376e-06,-3.197326606698376e-06,-3.197326606698376e-06,1.7340474175721792e-06,1.7340474175721792e-06,1.7340474175721792e-06,0.0,0.0,0.0,0.02100459240708518,0.02100459240708518,0.02100459240708518,0.0,0.0,0.0,1.3808468115031014
135,2025-08-19 05:00:00,1.360158074214523,1.3803539025904403,1.3816807929218025,1.360158074214523,1.360158074214523,0.02086022207839552,0.02086022207839552,0.02086022207839552,-0.00036180668140416757,-0.00036180668140416757,-0.00036180668140416757,1.8338337308254376e-05,1.8338337308254376e-05,1.8338337308254376e-05,9.554536594934067e-06,9.554536594934067e-06,9.554536594934067e-06,-0.00023537178156917676,-0.00023537178156917676,-0.00023537178156917676,-0.00023086376255675793,-0.00023086376255675793,-0.00023086376255675793,0.00025860568116075814,0.00025860568116075814,0.00025860568116075814,-4.945424596890064e-05,-4.945424596890064e-05,-4.945424596890064e-05,0.00012025435329670282,0.00012025435329670282,0.00012025435329670282,0.0,0.0,0.0,0.0210955938599647,0.0210955938599647,0.0210955938599647,0.0,0.0,0.0,1.3810182962929185
136,2025-08-19 06:00:00,1.3601076208050165,1.3805208179171058,1.3817877128002813,1.3601076208050165,1.3601076208050165,0.021045766135798765,0.021045766135798765,0.021045766135798765,-0.0003536809293963425,-0.0003536809293963425,-0.0003536809293963425,1.6329051013937987e-05,1.6329051013937987e-05,1.6329051013937987e-05,9.001051081697562e-05,9.001051081697562e-05,9.001051081697562e-05,-0.00014008009619631204,-0.00014008009619631204,-0.00014008009619631204,-0.0002275551648273019,-0.0002275551648273019,-0.0002275551648273019,0.0002388723571802939,0.0002388723571802939,0.0002388723571802939,1.8581752427058577e-05,1.8581752427058577e-05,1.8581752427058577e-05,7.736232658906628e-05,7.736232658906628e-05,7.736232658906628e-05,0.0,0.0,0.0,0.021185846231995077,0.021185846231995077,0.021185846231995077,0.0,0.0,0.0,1.3811533869408152
137,2025-08-19 07:00:00,1.3600571673955097,1.3802184490631861,1.3815104774308482,1.3600571673955097,1.3600571673955097,0.02081773062875265,0.02081773062875265,0.02081773062875265,-0.0003649472555642996,-0.0003649472555642996,-0.0003649472555642996,6.467656741583879e-06,6.467656741583879e-06,6.467656741583879e-06,-9.994769835920865e-05,-9.994769835920865e-05,-9.994769835920865e-05,-0.00045760872634877103,-0.00045760872634877103,-0.00045760872634877103,-0.0002275551648273019,-0.0002275551648273019,-0.0002275551648273019,0.00013746548295486206,0.00013746548295486206,0.00013746548295486206,6.336577992024236e-06,6.336577992024236e-06,6.336577992024236e-06,8.457167471356892e-05,8.457167471356892e-05,8.457167471356892e-05,0.0,0.0,0.0,0.02127533935510142,0.02127533935510142,0.02127533935510142,0.0,0.0,0.0,1.3808748980242624
138,2025-08-19 08:00:00,1.360006713986003,1.3809138322603185,1.3820623329125241,1.360006713986003,1.360006713986003,0.02149247235025176,0.02149247235025176,0.02149247235025176,-0.0003875047709697079,-0.0003875047709697079,-0.0003875047709697079,-8.14157437579132e-06,-8.14157437579132e-06,-8.14157437579132e-06,0.00030168657553100275,0.00030168657553100275,0.00030168657553100275,0.0001284092375383046,0.0001284092375383046,0.0001284092375383046,-0.0002161426715862753,-0.0002161426715862753,-0.0002161426715862753,0.00027394286751483796,0.00027394286751483796,0.00027394286751483796,0.00017789665321128365,0.00017789665321128365,0.00017789665321128365,-1.3327841787045227e-05,-1.3327841787045227e-05,-1.3327841787045227e-05,0.0,0.0,0.0,0.021364063112713452,0.021364063112713452,0.021364063112713452,0.0,0.0,0.0,1.381499186336255
139,2025-08-19 09:00:00,1.3599562605764965,1.3817383612708356,1.3829539648690052,1.3599562605764965,1.3599562605764965,0.02240651468277834,0.02240651468277834,0.02240651468277834,-0.0003811807930613267,-0.0003811807930613267,-0.0003811807930613267,-4.7014978069180427e-07,-4.7014978069180427e-07,-4.7014978069180427e-07,0.0008514080282740753,0.0008514080282740753,0.0008514080282740753,0.0009545072426124639,0.0009545072426124639,0.0009545072426124639,-0.00020051260352812837,-0.00020051260352812837,-0.00020051260352812837,0.0004421558752442595,0.0004421558752442595,0.0004421558752442595,0.0002719086971398572,0.0002719086971398572,0.0002719086971398572,-2.8801811675581125e-05,-2.8801811675581125e-05,-2.8801811675581125e-05,0.0,0.0,0.0,0.021452007440165878,0.021452007440165878,0.021452007440165878,0.0,0.0,0.0,1.3823627752592749
140,2025-08-19 10:00:00,1.3599058071669898,1.381698895182955,1.3829669311970327,1.3599058071669898,1.3599058071669898,0.022436995941719946,0.022436995941719946,0.022436995941719946,-0.00037033183703779607,-0.00037033183703779607,-0.00037033183703779607,2.1808329023510225e-05,2.1808329023510225e-05,2.1808329023510225e-05,0.0007243951044232356,0.0007243951044232356,0.0007243951044232356,0.0008978336166566443,0.0008978336166566443,0.0008978336166566443,-0.00018182139245736734,-0.00018182139245736734,-0.00018182139245736734,0.0005640731950516541,0.0005640731950516541,0.0005640731950516541,0.0002119340591480835,0.0002119340591480835,0.0002119340591480835,-7.22238414946759e-05,-7.22238414946759e-05,-7.22238414946759e-05,0.0,0.0,0.0,0.021539162325063303,0.021539162325063303,0.021539162325063303,0.0,0.0,0.0,1.3823428031087097
141,2025-08-19 11:00:00,1.3598553537574833,1.381060270530317,1.3822976951404164,1.3598553537574833,1.3598553537574833,0.02182812209539515,0.02182812209539515,0.02182812209539515,-0.0003970032327199751,-0.0003970032327199751,-0.0003970032327199751,4.499893237520183e-05,4.499893237520183e-05,4.499893237520183e-05,0.00023668625737243915,0.00023668625737243915,0.00023668625737243915,0.00020260428756201795,0.00020260428756201795,0.00020260428756201795,-0.00016726592854840342,-0.00016726592854840342,-0.00016726592854840342,0.0005079750976519135,0.0005079750976519135,0.0005079750976519135,1.5865099210791937e-05,1.5865099210791937e-05,1.5865099210791937e-05,-3.865193777994996e-05,-3.865193777994996e-05,-3.865193777994996e-05,0.0,0.0,0.0,0.021625517807833127,0.021625517807833127,0.021625517807833127,0.0,0.0,0.0,1.3816834758528784
142,2025-08-19 12:00:00,1.3598049003479766,1.3805347287665184,1.3817594705708012,1.3598049003479766,1.3598049003479766,0.021319251402227037,0.021319251402227037,0.021319251402227037,-0.00041733527479066935,-0.00041733527479066935,-0.00041733527479066935,6.161527287869376e-05,6.161527287869376e-05,6.161527287869376e-05,-0.00019188349380943877,-0.00019188349380943877,-0.00019188349380943877,-0.0003918125798100425,-0.0003918125798100425,-0.0003918125798100425,-0.00015767336123376127,-0.00015767336123376127,-0.00015767336123376127,0.0004114457387729782,0.0004114457387729782,0.0004114457387729782,-7.257688720149618e-05,-7.257688720149618e-05,-7.257688720149618e-05,-2.5404574426348836e-05,-2.5404574426348836e-05,-2.5404574426348836e-05,0.0,0.0,0.0,0.02171106398203708,0.02171106398203708,0.02171106398203708,0.0,0.0,0.0,1.3811241517502038
143,2025-08-19 13:00:00,1.35975444693847,1.3824268865664782,1.3836632217600782,1.35975444693847,1.35975444693847,0.023277918001429962,0.023277918001429962,0.023277918001429962,-0.0003749614727215285,-0.0003749614727215285,-0.0003749614727215285,2.19890124064485e-05,2.19890124064485e-05,2.19890124064485e-05,0.0010084074261420945,0.0010084074261420945,0.0010084074261420945,0.0014821270066705731,0.0014821270066705731,0.0014821270066705731,-0.0001249235674386843,-0.0001249235674386843,-0.0001249235674386843,0.0007782755024469644,0.0007782755024469644,0.0007782755024469644,0.0003097810079154269,0.0003097810079154269,0.0003097810079154269,-0.00013644090208014841,-0.00013644090208014841,-0.00013644090208014841,0.0,0.0,0.0,0.02179579099475939,0.02179579099475939,0.02179579099475939,0.0,0.0,0.0,1.3830323649399
144,2025-08-19 14:00:00,1.3597039935289634,1.3832675574035018,1.3845292810334926,1.3597039935289634,1.3597039935289634,0.024199411393816102,0.024199411393816102,0.024199411393816102,-0.000318566427625878,-0.000318566427625878,-0.000318566427625878,1.358832355499727e-05,1.358832355499727e-05,1.358832355499727e-05,0.0012516841239205345,0.0012516841239205345,0.0012516841239205345,0.0023197223467072677,0.0023197223467072677,0.0023197223467072677,-8.05956533411538e-05,-8.05956533411538e-05,-8.05956533411538e-05,0.001206885699654916,0.001206885699654916,0.001206885699654916,0.00039272149322215047,0.00039272149322215047,0.00039272149322215047,-0.00014599521267829826,-0.00014599521267829826,-0.00014599521267829826,0.0,0.0,0.0,0.021879689047108835,0.021879689047108835,0.021879689047108835,0.0,0.0,0.0,1.3839034049227796
145,2025-08-19 15:00:00,1.3596535401194567,1.3840489374005154,1.3853160614528253,1.3596535401194567,1.3596535401194567,0.02501021778898903,0.02501021778898903,0.02501021778898903,-0.00024274888639667556,-0.00024274888639667556,-0.00024274888639667556,-6.134464989674513e-06,-6.134464989674513e-06,-6.134464989674513e-06,0.0011073864203083171,0.0011073864203083171,0.0011073864203083171,0.0030474693943984797,0.0030474693943984797,0.0030474693943984797,-2.74185219552186e-05,-2.74185219552186e-05,-2.74185219552186e-05,0.0017683122014684844,0.0017683122014684844,0.0017683122014684844,0.0006078037969563427,0.0006078037969563427,0.0006078037969563427,-0.00015973115099309637,-0.00015973115099309637,-0.00015973115099309637,0.0,0.0,0.0,0.021962748394590552,0.021962748394590552,0.021962748394590552,0.0,0.0,0.0,1.3846637579084458
146,2025-08-19 16:00:00,1.3596030867099502,1.3845899238152817,1.38580872875101,1.3596030867099502,1.3596030867099502,0.025577152788990403,0.025577152788990403,0.025577152788990403,-0.00016620412043395413,-0.00016620412043395413,-0.00016620412043395413,-7.412310119439596e-06,-7.412310119439596e-06,-7.412310119439596e-06,0.0008770182898612662,0.0008770182898612662,0.0008770182898612662,0.0035321934415129593,0.0035321934415129593,0.0035321934415129593,2.732910888947868e-05,2.732910888947868e-05,2.732910888947868e-05,0.002276115400953533,0.002276115400953533,0.002276115400953533,0.0006867692579781611,0.0006867692579781611,0.0006867692579781611,-0.0001614221856160867,-0.0001614221856160867,-0.0001614221856160867,0.0,0.0,0.0,0.022044959347477446,0.022044959347477446,0.022044959347477446,0.0,0.0,0.0,1.3851802394989405
147,2025-08-19 17:00:00,1.3595526333004435,1.3849806026067606,1.386269975436026,1.3595526333004435,1.3595526333004435,0.026086753355268895,0.026086753355268895,0.026086753355268895,-9.023968596387881e-05,-9.023968596387881e-05,-9.023968596387881e-05,-7.5973473188135565e-06,-7.5973473188135565e-06,-7.5973473188135565e-06,0.0006859765937626083,0.0006859765937626083,0.0006859765937626083,0.003960441084091172,0.003960441084091172,0.003960441084091172,7.81904190398176e-05,7.81904190398176e-05,7.81904190398176e-05,0.0026960331759606224,0.0026960331759606224,0.0026960331759606224,0.00078501664882125,0.00078501664882125,0.00078501664882125,-0.00018693872021043355,-0.00018693872021043355,-0.00018693872021043355,0.0,0.0,0.0,0.02212631227117772,0.02212631227117772,0.02212631227117772,0.0,0.0,0.0,1.3856393866557124
148,2025-08-19 18:00:00,1.3595021798909368,1.3849523356725069,1.3861906230048666,1.3595021798909368,1.3595021798909368,0.02604434551816787,0.02604434551816787,0.02604434551816787,-2.5035527386403994e-05,-2.5035527386403994e-05,-2.5035527386403994e-05,-2.165799756273873e-05,-2.165799756273873e-05,-2.165799756273873e-05,0.00048398245130620333,0.00048398245130620333,0.00048398245130620333,0.0038375479313705056,0.0038375479313705056,0.0038375479313705056,0.00012003787071557741,0.00012003787071557741,0.00012003787071557741,0.0028873970440986747,0.0028873970440986747,0.0028873970440986747,0.0005422283644092398,0.0005422283644092398,0.0005422283644092398,-0.00014940427421004707,-0.00014940427421004707,-0.00014940427421004707,0.0,0.0,0.0,0.022206797586797365,0.022206797586797365,0.022206797586797365,0.0,0.0,0.0,1.3855465254091046
149,2025-08-19 19:00:00,1.3594517264814303,1.3852945136290686,1.3865807794144749,1.3594517264814303,1.3594517264814303,0.0264642474409837,0.0264642474409837,0.0264642474409837,3.7227850713490695e-05,3.7227850713490695e-05,3.7227850713490695e-05,-2.0377975524737465e-05,-2.0377975524737465e-05,-2.0377975524737465e-05,0.00044032129506303073,0.00044032129506303073,0.00044032129506303073,0.004177841669676274,0.004177841669676274,0.004177841669676274,0.00016544038896238272,0.00016544038896238272,0.00016544038896238272,0.0031380735179529855,0.0031380735179529855,0.0031380735179529855,0.0005937446290465097,0.0005937446290465097,0.0005937446290465097,-0.00017658803653738676,-0.00017658803653738676,-0.00017658803653738676,0.0,0.0,0.0,0.02228640577130743,0.02228640577130743,0.02228640577130743,0.0,0.0,0.0,1.385915973922414
150,2025-08-19 20:00:00,1.3594873866652284,1.3855984118017424,1.3868301960534049,1.3594873866652284,1.3594873866652284,0.02672367771644722,0.02672367771644722,0.02672367771644722,0.00010211905177342756,0.00010211905177342756,0.00010211905177342756,-2.7683679537524814e-05,-2.7683679537524814e-05,-2.7683679537524814e-05,0.00038314220484472983,0.00038314220484472983,0.00038314220484472983,0.00435855035835801,0.00435855035835801,0.00435855035835801,0.00020960267599839447,0.00020960267599839447,0.00020960267599839447,0.003282925851670639,0.003282925851670639,0.003282925851670639,0.0005855834400469527,0.0005855834400469527,0.0005855834400469527,-0.00017713918643860898,-0.00017713918643860898,-0.00017713918643860898,0.0,0.0,0.0,0.022365127358089203,0.022365127358089203,0.022365127358089203,0.0,0.0,0.0,1.3862110643816756
151,2025-08-19 21:00:00,1.3595230468490265,1.3860325216057268,1.387322753688807,1.3595230468490265,1.3595230468490265,0.0271563885029632,0.0271563885029632,0.0271563885029632,0.00016558860171391027,0.00016558860171391027,0.00016558860171391027,-2.658651779069794e-05,-2.658651779069794e-05,-2.658651779069794e-05,0.000366329733774301,0.000366329733774301,0.000366329733774301,0.004713435565687522,0.004713435565687522,0.004713435565687522,0.00025624542545617696,0.00025624542545617696,0.00025624542545617696,0.003419760655673696,0.003419760655673696,0.003419760655673696,0.0007396709201489469,0.0007396709201489469,0.0007396709201489469,-0.00020757325328881154,-0.00020757325328881154,-0.00020757325328881154,0.0,0.0,0.0,0.02244295293727568,0.02244295293727568,0.02244295293727568,0.0,0.0,0.0,1.3866794353519896
152,2025-08-19 22:00:00,1.3595587070328248,1.3860194811762176,1.3872725877362997,1.3595587070328248,1.3595587070328248,0.02707876497986916,0.02707876497986916,0.02707876497986916,0.0001986286090283342,0.0001986286090283342,0.0001986286090283342,-2.512581236975848e-05,-2.512581236975848e-05,-2.512581236975848e-05,0.00023678873139762206,0.00023678873139762206,0.00023678873139762206,0.004558891823789905,0.004558891823789905,0.004558891823789905,0.0002932127940684661,0.0002932127940684661,0.0002932127940684661,0.0033355266992171036,0.0033355266992171036,0.0033355266992171036,0.0006609015923663179,0.0006609015923663179,0.0006609015923663179,-0.0001410407899181803,-0.0001410407899181803,-0.0001410407899181803,0.0,0.0,0.0,0.022519873156079253,0.022519873156079253,0.022519873156079253,0.0,0.0,0.0,1.386637472012694
153,2025-08-19 23:00:00,1.359594367216623,1.385861293820057,1.3871066188403773,1.359594367216623,1.359594367216623,0.02691131321219565,0.02691131321219565,0.02691131321219565,0.00022930861582029922,0.00022930861582029922,0.00022930861582029922,-2.4942952078620694e-05,-2.4942952078620694e-05,-2.4942952078620694e-05,0.00024025354323383344,0.00024025354323383344,0.00024025354323383344,0.0043154344929265806,0.0043154344929265806,0.0043154344929265806,0.0003325778115717666,0.0003325778115717666,0.0003325778115717666,0.0033013821741108983,0.0033013821741108983,0.0033013821741108983,0.00037849989095323943,0.00037849989095323943,0.00037849989095323943,-0.00014164459068483488,-0.00014164459068483488,-0.00014164459068483488,0.0,0.0,0.0,0.022595878719269064,0.022595878719269064,0.022595878719269064,0.0,0.0,0.0,1.3865056804288187
154,2025-08-20 00:00:00,1.3596300274004214,1.3860198154682166,1.3872957501364587,1.3596300274004214,1.3596300274004214,0.027051714561295376,0.027051714561295376,0.027051714561295376,0.00025935313674107976,0.00025935313674107976,0.00025935313674107976,-2.202154123681479e-05,-2.202154123681479e-05,-2.202154123681479e-05,0.00026974721148496586,0.00026974721148496586,0.00026974721148496586,0.004380754171804319,0.004380754171804319,0.004380754171804319,0.00037450709090303325,0.00037450709090303325,0.00037450709090303325,0.0033214711495871004,0.0033214711495871004,0.0033214711495871004,0.00032938920944065815,0.00032938920944065815,0.00032938920944065815,-0.00015169208511570364,-0.00015169208511570364,-0.00015169208511570364,0.0,0.0,0.0,0.022670960389491054,0.022670960389491054,0.022670960389491054,0.0,0.0,0.0,1.3866817419617168
155,2025-08-20 01:00:00,1.3596656875842195,1.3861498992446926,1.3873790252042704,1.3596656875842195,1.3596656875842195,0.0270605417054224,0.0270605417054224,0.0270605417054224,0.00029773068880714024,0.00029773068880714024,0.00029773068880714024,-2.512581236975848e-05,-2.512581236975848e-05,-2.512581236975848e-05,0.0003120114325611461,0.0003120114325611461,0.0003120114325611461,0.004315432717798783,0.004315432717798783,0.004315432717798783,0.0004156930202079707,0.0004156930202079707,0.0004156930202079707,0.0033364354045056503,0.0033364354045056503,0.0033364354045056503,0.00017851762168088182,0.00017851762168088182,0.00017851762168088182,-0.00019982963759424777,-0.00019982963759424777,-0.00019982963759424777,0.0,0.0,0.0,0.022745108987623622,0.022745108987623622,0.022745108987623622,0.0,0.0,0.0,1.3867262292896418
156,2025-08-20 02:00:00,1.3597013477680175,1.386412474382417,1.38764714992946,1.3597013477680175,1.3597013477680175,0.027338548492763036,0.027338548492763036,0.027338548492763036,0.0003453768145077129,0.0003453768145077129,0.0003453768145077129,-3.334364093007185e-05,-3.334364093007185e-05,-3.334364093007185e-05,0.0004422551716728096,0.0004422551716728096,0.0004422551716728096,0.004520233099597911,0.004520233099597911,0.004520233099597911,0.0004627498373195499,0.0004627498373195499,0.0004627498373195499,0.0033672462994099985,0.0033672462994099985,0.0033672462994099985,0.00015540149098930146,0.00015540149098930146,0.00015540149098930146,-0.0002194528733713891,-0.0002194528733713891,-0.0002194528733713891,0.0,0.0,0.0,0.02281831539316512,0.02281831539316512,0.02281831539316512,0.0,0.0,0.0,1.3870398962607806
157,2025-08-20 03:00:00,1.3597370079518158,1.3872364563402153,1.3885187472352754,1.3597370079518158,1.3597370079518158,0.028137158980403146,0.028137158980403146,0.028137158980403146,0.0004013847153761346,0.0004013847153761346,0.0004013847153761346,-2.530867266089626e-05,-2.530867266089626e-05,-2.530867266089626e-05,0.000839880058407287,0.000839880058407287,0.000839880058407287,0.0052465884357970356,0.0052465884357970356,0.0052465884357970356,0.0005222119241660155,0.0005222119241660155,0.0005222119241660155,0.003484862294364066,0.003484862294364066,0.003484862294364066,0.0002177282831415981,0.0002177282831415981,0.0002177282831415981,-0.00019417016699716907,-0.00019417016699716907,-0.00019417016699716907,0.0,0.0,0.0,0.022890570544606113,0.022890570544606113,0.022890570544606113,0.0,0.0,0.0,1.387874166932219
158,2025-08-20 04:00:00,1.3597726681356141,1.3871477921661457,1.388427572304424,1.3597726681356141,1.3597726681356141,0.028044980254837256,0.028044980254837256,0.028044980254837256,0.0004197237630041246,0.0004197237630041246,0.0004197237630041246,-1.1977286673322819e-05,-1.1977286673322819e-05,-1.1977286673322819e-05,0.0005488055171008725,0.0005488055171008725,0.0005488055171008725,0.005083114815033376,0.005083114815033376,0.005083114815033376,0.0005831626828157364,0.0005831626828157364,0.0005831626828157364,0.0034522473667284565,0.0034522473667284565,0.0034522473667284565,0.00023408864339449474,0.00023408864339449474,0.00023408864339449474,-0.000142935871336985,-0.000142935871336985,-0.000142935871336985,0.0,0.0,0.0,0.02296186543980388,0.02296186543980388,0.02296186543980388,0.0,0.0,0.0,1.3878176483904514
159,2025-08-20 05:00:00,1.3598083283194122,1.3867351887181056,1.3880591792682602,1.3598083283194122,1.3598083283194122,0.027598751588055574,0.027598751588055574,0.027598751588055574,0.00041789053227718514,0.00041789053227718514,0.00041789053227718514,-7.960890992853035e-06,-7.960890992853035e-06,-7.960890992853035e-06,0.0002305687004761599,0.0002305687004761599,0.0002305687004761599,0.004566560451781743,0.004566560451781743,0.004566560451781743,0.0006348511423985081,0.0006348511423985081,0.0006348511423985081,0.0032913731428270625,0.0032913731428270625,0.0032913731428270625,6.318534015666819e-05,6.318534015666819e-05,6.318534015666819e-05,-6.334751536098826e-05,-6.334751536098826e-05,-6.334751536098826e-05,0.0,0.0,0.0,0.023032191136273833,0.023032191136273833,0.023032191136273833,0.0,0.0,0.0,1.3874070799074678
160,2025-08-20 06:00:00,1.3598439885032105,1.3868221331603594,1.3880692089582272,1.3598439885032105,1.3598439885032105,0.027586683189882284,0.027586683189882284,0.027586683189882284,0.00040988934379097456,0.00040988934379097456,0.00040988934379097456,-8.69015524920476e-06,-8.69015524920476e-06,-8.69015524920476e-06,0.00019527085038050656,0.00019527085038050656,0.00019527085038050656,0.00448514443824194,0.00448514443824194,0.00448514443824194,0.0006942304157142142,0.0006942304157142142,0.0006942304157142142,0.0031502996681834097,0.0031502996681834097,0.0031502996681834097,9.164516990287955e-05,9.164516990287955e-05,9.164516990287955e-05,-4.750085448083993e-05,-4.750085448083993e-05,-4.750085448083993e-05,0.0,0.0,0.0,0.02310153875164034,0.02310153875164034,0.02310153875164034,0.0,0.0,0.0,1.3874306716930929
161,2025-08-20 07:00:00,1.3598796486870086,1.3867952050697416,1.3880302245114051,1.3598796486870086,1.3598796486870086,0.027519495083713645,0.027519495083713645,0.027519495083713645,0.00040565206349150193,0.00040565206349150193,0.00040565206349150193,-6.680868954851859e-06,-6.680868954851859e-06,-6.680868954851859e-06,0.00017601864909346648,0.00017601864909346648,0.00017601864909346648,0.00434959561983623,0.00434959561983623,0.00434959561983623,0.0007526997260668201,0.0007526997260668201,0.0007526997260668201,0.0030081400693293663,0.0030081400693293663,0.0030081400693293663,4.961707470218253e-05,4.961707470218253e-05,4.961707470218253e-05,-3.585109389225685e-05,-3.585109389225685e-05,-3.585109389225685e-05,0.0,0.0,0.0,0.023169899463877416,0.023169899463877416,0.023169899463877416,0.0,0.0,0.0,1.3873991437707223
162,2025-08-20 08:00:00,1.359915308870807,1.3868105692130521,1.3880651775266089,1.359915308870807,1.359915308870807,0.02753398811470982,0.02753398811470982,0.02753398811470982,0.0004017174460705631,0.0004017174460705631,0.0004017174460705631,-6.498008663713993e-06,-6.498008663713993e-06,-6.498008663713993e-06,0.00013467747272620468,0.00013467747272620468,0.00013467747272620468,0.004296723602927473,0.004296723602927473,0.004296723602927473,0.0008126586940979337,0.0008126586940979337,0.0008126586940979337,0.002868574641829305,0.002868574641829305,0.002868574641829305,0.00016762269602784978,0.00016762269602784978,0.00016762269602784978,-8.202933916066842e-05,-8.202933916066842e-05,-8.202933916066842e-05,0.0,0.0,0.0,0.02323726451178235,0.02323726451178235,0.02323726451178235,0.0,0.0,0.0,1.3874492969855168
163,2025-08-20 09:00:00,1.3599509690546052,1.3873550285059009,1.3886052966674771,1.3599509690546052,1.3599509690546052,0.028036788193000515,0.028036788193000515,0.028036788193000515,0.0004143758916322197,0.0004143758916322197,0.0004143758916322197,2.9475399802137548e-05,2.9475399802137548e-05,2.9475399802137548e-05,0.00041739588833900016,0.00041739588833900016,0.00041739588833900016,0.004733162997798608,0.004733162997798608,0.004733162997798608,0.000878736990528059,0.000878736990528059,0.000878736990528059,0.0028601913824499877,0.0028601913824499877,0.0028601913824499877,0.0002150167842078615,0.0002150167842078615,0.0002150167842078615,-8.202933916065793e-05,-8.202933916065793e-05,-8.202933916065793e-05,0.0,0.0,0.0,0.023303625195201908,0.023303625195201908,0.023303625195201908,0.0,0.0,0.0,1.3879877572476058
164,2025-08-20 10:00:00,1.3599866292384033,1.3872815290495395,1.3885347811263413,1.3599866292384033,1.3599866292384033,0.027923629923493558,0.027923629923493558,0.027923629923493558,0.0004261301625109008,0.0004261301625109008,0.0004261301625109008,3.879039010927787e-05,3.879039010927787e-05,3.879039010927787e-05,0.00034071601138404987,0.00034071601138404987,0.00034071601138404987,0.00455465704808025,0.00455465704808025,0.00455465704808025,0.0009398533762392983,0.0009398533762392983,0.0009398533762392983,0.0027633320242073573,0.0027633320242073573,0.0027633320242073573,0.00010924133348069342,0.00010924133348069342,0.00010924133348069342,-6.34062498513273e-05,-6.34062498513273e-05,-6.34062498513273e-05,0.0,0.0,0.0,0.023368972875413306,0.023368972875413306,0.023368972875413306,0.0,0.0,0.0,1.3879102591618968
165,2025-08-20 11:00:00,1.3600222894222014,1.3871452820712944,1.3884102873946784,1.3600222894222014,1.3600222894222014,0.027765601226776012,0.027765601226776012,0.027765601226776012,0.00042109450659820084,0.00042109450659820084,0.00042109450659820084,6.070532523944035e-05,6.070532523944035e-05,6.070532523944035e-05,0.00016037312738424926,0.00016037312738424926,0.00016037312738424926,0.004332302251257932,0.004332302251257932,0.004332302251257932,0.0010076687850649568,0.0010076687850649568,0.0010076687850649568,0.0026492726010250273,0.0026492726010250273,0.0026492726010250273,7.66927592155181e-05,7.66927592155181e-05,7.66927592155181e-05,-4.350485326946087e-05,-4.350485326946087e-05,-4.350485326946087e-05,0.0,0.0,0.0,0.02343329897551808,0.02343329897551808,0.02343329897551808,0.0,0.0,0.0,1.3877878906489773
166,2025-08-20 12:00:00,1.3600579496059997,1.386758647719971,1.3879611148049336,1.3600579496059997,1.3600579496059997,0.027308012488331045,0.027308012488331045,0.027308012488331045,0.0004007696143429165,0.0004007696143429165,0.0004007696143429165,6.654814692308874e-05,6.654814692308874e-05,6.654814692308874e-05,-9.515273966429723e-05,-9.515273966429723e-05,-9.515273966429723e-05,0.003811417507687173,0.003811417507687173,0.003811417507687173,0.001069116424899234,0.001069116424899234,0.001069116424899234,0.0024683720053400708,0.0024683720053400708,0.0024683720053400708,-1.1367944749115617e-05,-1.1367944749115617e-05,-1.1367944749115617e-05,-8.686799940472431e-05,-8.686799940472431e-05,-8.686799940472431e-05,0.0,0.0,0.0,0.023496594980643874,0.023496594980643874,0.023496594980643874,0.0,0.0,0.0,1.3873659620943308
167,2025-08-20 13:00:00,1.360093609789798,1.3849202578333644,1.386234083334514,1.360093609789798,1.360093609789798,0.025502154425037966,0.025502154425037966,0.025502154425037966,0.0003223839974595519,0.0003223839974595519,0.0003223839974595519,4.8288240707555995e-05,4.8288240707555995e-05,4.8288240707555995e-05,-0.0013070951394767217,-0.0013070951394767217,-0.0013070951394767217,0.0019433019866018793,0.0019433019866018793,0.0019433019866018793,0.0011205564438898194,0.0011205564438898194,0.0011205564438898194,0.002025738918442796,0.002025738918442796,0.002025738918442796,-0.00031193837141294884,-0.00031193837141294884,-0.00031193837141294884,4.5367896991826405e-05,4.5367896991826405e-05,4.5367896991826405e-05,0.0,0.0,0.0,0.023558852438436088,0.023558852438436088,0.023558852438436088,0.0,0.0,0.0,1.385595764214836
168,2025-08-20 14:00:00,1.3601292699735963,1.38560239580869,1.386826094833004,1.3601292699735963,1.3601292699735963,0.026076046877823115,0.026076046877823115,0.026076046877823115,0.0002495973532107133,0.0002495973532107133,0.0002495973532107133,4.134825727704422e-05,4.134825727704422e-05,4.134825727704422e-05,-0.0007805945101728952,-0.0007805945101728952,-0.0007805945101728952,0.00245598391856284,0.00245598391856284,0.00245598391856284,0.0011826646202195744,0.0011826646202195744,0.0011826646202195744,0.0018551301964250995,0.0018551301964250995,0.0018551301964250995,-0.0001007634331827321,-0.0001007634331827321,-0.0001007634331827321,8.601434786035865e-06,8.601434786035865e-06,8.601434786035865e-06,0.0,0.0,0.0,0.023620062959260273,0.023620062959260273,0.023620062959260273,0.0,0.0,0.0,1.3862053168514195
169,2025-08-20 15:00:00,1.3601649301573944,1.384953719423542,1.3862426447435003,1.3601649301573944,1.3601649301573944,0.025425476072200828,0.025425476072200828,0.025425476072200828,0.00017395331147269385,0.00017395331147269385,0.00017395331147269385,2.7834010998296395e-05,2.7834010998296395e-05,2.7834010998296395e-05,-0.000990234797242277,-0.000990234797242277,-0.000990234797242277,0.0017452578556126327,0.0017452578556126327,0.0017452578556126327,0.0012348499609869943,0.0012348499609869943,0.0012348499609869943,0.001438499389008258,0.001438499389008258,0.001438499389008258,-0.00022407705143244385,-0.00022407705143244385,-0.00022407705143244385,8.443303182111074e-05,8.443303182111074e-05,8.443303182111074e-05,0.0,0.0,0.0,0.023680218216588195,0.023680218216588195,0.023680218216588195,0.0,0.0,0.0,1.3855904062295952
170,2025-08-20 16:00:00,1.3602005903411925,1.3860679365658568,1.387392270100975,1.3602005903411925,1.3602005903411925,0.026502507362940103,0.026502507362940103,0.026502507362940103,0.00012342365109128652,0.00012342365109128652,0.00012342365109128652,3.7312830991153514e-06,3.7312830991153514e-06,3.7312830991153514e-06,-0.00017697196228519816,-0.00017697196228519816,-0.00017697196228519816,0.002763197415706856,0.002763197415706856,0.002763197415706856,0.001289598577707036,0.001289598577707036,0.001289598577707036,0.0014753980208096387,0.0014753980208096387,0.0014753980208096387,4.147364150049335e-05,4.147364150049335e-05,4.147364150049335e-05,6.544203784484695e-06,6.544203784484695e-06,6.544203784484695e-06,0.0,0.0,0.0,0.023739309947233247,0.023739309947233247,0.023739309947233247,0.0,0.0,0.0,1.3867030977041326
171,2025-08-20 17:00:00,1.3602362505249908,1.3858718698008352,1.387083685498557,1.3602362505249908,1.3602362505249908,0.026235558923567107,0.026235558923567107,0.026235558923567107,7.650325216569414e-05,7.650325216569414e-05,7.650325216569414e-05,3.365562516839697e-06,3.365562516839697e-06,3.365562516839697e-06,-0.00024300277394541917,-0.00024300277394541917,-0.00024300277394541917,0.002438228971793382,0.002438228971793382,0.002438228971793382,0.0013236714162436658,0.0013236714162436658,0.0013236714162436658,0.0013058442939405427,0.0013058442939405427,0.0013058442939405427,-9.671633057904657e-05,-9.671633057904657e-05,-9.671633057904657e-05,6.856355145110536e-05,6.856355145110536e-05,6.856355145110536e-05,0.0,0.0,0.0,0.02379732995177372,0.02379732995177372,0.02379732995177372,0.0,0.0,0.0,1.386471809448558
172,2025-08-20 18:00:00,1.360271910708789,1.3854804617507492,1.386786349814811,1.360271910708789,1.360271910708789,0.0258546102457198,0.0258546102457198,0.0258546102457198,1.0411036331110523e-05,1.0411036331110523e-05,1.0411036331110523e-05,3.914143390253137e-06,3.914143390253137e-06,3.914143390253137e-06,-0.0004315731562023258,-0.0004315731562023258,-0.0004315731562023258,0.0020003401509033217,0.0020003401509033217,0.0020003401509033217,0.0013631202331530698,0.0013631202331530698,0.0013631202331530698,0.0011222824682892314,0.0011222824682892314,0.0011222824682892314,-0.00012788101502915044,-0.00012788101502915044,-0.00012788101502915044,6.006644097113315e-05,6.006644097113315e-05,6.006644097113315e-05,0.0,0.0,0.0,0.023854270094816478,0.023854270094816478,0.023854270094816478,0.0,0.0,0.0,1.3861265209545088
173,2025-08-20 19:00:00,1.3603075708925871,1.3857318963576033,1.3870086381061084,1.3603075708925871,1.3603075708925871,0.026060759116993095,0.026060759116993095,0.026060759116993095,-4.686386091682735e-05,-4.686386091682735e-05,-4.686386091682735e-05,-3.5722440054359074e-06,-3.5722440054359074e-06,-3.5722440054359074e-06,-0.00023046541206663145,-0.00023046541206663145,-0.00023046541206663145,0.0021506368117143447,0.0021506368117143447,0.0021506368117143447,0.0014124928715002452,0.0014124928715002452,0.0014124928715002452,0.0011212092186477414,0.0011212092186477414,0.0011212092186477414,-0.0001115672315251326,-0.0001115672315251326,-0.0001115672315251326,9.403470080385141e-06,9.403470080385141e-06,9.403470080385141e-06,0.0,0.0,0.0,0.02391012230527875,0.02391012230527875,0.02391012230527875,0.0,0.0,0.0,1.3863683300095802
174,2025-08-20 20:00:00,1.3603432310763854,1.3863853969580286,1.3876388633479255,1.3603432310763854,1.3603432310763854,0.026630606851811144,0.026630606851811144,0.026630606851811144,-8.860184707353417e-05,-8.860184707353417e-05,-8.860184707353417e-05,-2.128574625575479e-05,-2.128574625575479e-05,-2.128574625575479e-05,0.00012179908281153602,0.00012179908281153602,0.00012179908281153602,0.002665728275099647,0.002665728275099647,0.002665728275099647,0.0014669102340970658,0.0014669102340970658,0.0014669102340970658,0.00119387953028556,0.00119387953028556,0.00119387953028556,-4.604461968458722e-06,-4.604461968458722e-06,-4.604461968458722e-06,-2.3685167967673164e-06,-2.3685167967673164e-06,-2.3685167967673164e-06,0.0,0.0,0.0,0.023964878576711496,0.023964878576711496,0.023964878576711496,0.0,0.0,0.0,1.3869738379281966
175,2025-08-20 21:00:00,1.3603368425084463,1.386476494824712,1.3877390995789929,1.3603368425084463,1.3603368425084463,0.026733186166881483,0.026733186166881483,0.026733186166881483,-0.00011263707505173432,-0.00011263707505173432,-0.00011263707505173432,-2.1105062872853098e-05,-2.1105062872853098e-05,-2.1105062872853098e-05,0.00028334465383940627,0.00028334465383940627,0.00028334465383940627,0.0027146551992773657,0.0027146551992773657,0.0027146551992773657,0.0015152900959502897,0.0015152900959502897,0.0015152900959502897,0.0011175256713270145,0.0011175256713270145,0.0011175256713270145,-8.856965078591023e-05,-8.856965078591023e-05,-8.856965078591023e-05,2.0806566871152924e-05,2.0806566871152924e-05,2.0806566871152924e-05,0.0,0.0,0.0,0.024018530967604118,0.024018530967604118,0.024018530967604118,0.0,0.0,0.0,1.387070028675328
176,2025-08-20 22:00:00,1.3603304539405072,1.3861826300353766,1.3873899471443534,1.3603304539405072,1.3603304539405072,0.026497791279568746,0.026497791279568746,0.026497791279568746,-0.00015694343959047005,-0.00015694343959047005,-0.00015694343959047005,-7.044412628927929e-06,-7.044412628927929e-06,-7.044412628927929e-06,1.6275606443492537e-07,1.6275606443492537e-07,1.6275606443492537e-07,0.002426719677854698,0.002426719677854698,0.002426719677854698,0.001568549054991732,0.001568549054991732,0.001568549054991732,0.0010437626538146111,0.0010437626538146111,0.0010437626538146111,-4.388990815624517e-05,-4.388990815624517e-05,-4.388990815624517e-05,2.2122973359563447e-05,2.2122973359563447e-05,2.2122973359563447e-05,0.0,0.0,0.0,0.024071071601714046,0.024071071601714046,0.024071071601714046,0.0,0.0,0.0,1.386828245220076
177,2025-08-20 23:00:00,1.3603240653725681,1.3865479256717652,1.3878091884322066,1.3603240653725681,1.3603240653725681,0.02686585979387886,0.02686585979387886,0.02686585979387886,-0.00019808506380501016,-0.00019808506380501016,-0.00019808506380501016,-6.530100718295917e-07,-6.530100718295917e-07,-6.530100718295917e-07,7.73034907942655e-05,7.73034907942655e-05,7.73034907942655e-05,0.0027433671256323617,0.0027433671256323617,0.0027433671256323617,0.001626522470035034,0.001626522470035034,0.001626522470035034,0.0010111531500059687,0.0010111531500059687,0.0010111531500059687,0.00018661123459545924,0.00018661123459545924,0.00018661123459545924,4.0514854078474324e-05,4.0514854078474324e-05,4.0514854078474324e-05,0.0,0.0,0.0,0.0241224926682465,0.0241224926682465,0.0241224926682465,0.0,0.0,0.0,1.387189925166447
178,2025-08-21 00:00:00,1.360317676804629,1.3867851247020127,1.3880483207152179,1.360317676804629,1.360317676804629,0.0270877111678803,0.0270877111678803,0.0270877111678803,-0.00022551243958264367,-0.00022551243958264367,-0.00022551243958264367,8.476943035936777e-06,8.476943035936777e-06,8.476943035936777e-06,0.0003396349991065964,0.0003396349991065964,0.0003396349991065964,0.0029149247455886548,0.0029149247455886548,0.0029149247455886548,0.0016868945198446916,0.0016868945198446916,0.0016868945198446916,0.0010147864648531431,0.0010147864648531431,0.0010147864648531431,6.857134479663867e-05,6.857134479663867e-05,6.857134479663867e-05,2.2072913534292194e-05,2.2072913534292194e-05,2.2072913534292194e-05,0.0,0.0,0.0,0.024172786422291648,0.024172786422291648,0.024172786422291648,0.0,0.0,0.0,1.3874053879725092
179,2025-08-21 01:00:00,1.36031128823669,1.3875225925222847,1.3887888065146718,1.36031128823669,1.36031128823669,0.02782869220405992,0.02782869220405992,0.02782869220405992,-0.00021948633058512621,-0.00021948633058512621,-0.00021948633058512621,5.006951320680928e-06,5.006951320680928e-06,5.006951320680928e-06,0.0006715694977696498,0.0006715694977696498,0.0006715694977696498,0.0036067470190869386,0.0036067470190869386,0.0036067470190869386,0.0017531384433363357,0.0017531384433363357,0.0017531384433363357,0.00107412809769394,0.00107412809769394,0.00107412809769394,0.0003141527022380079,0.0003141527022380079,0.0003141527022380079,8.237657313450846e-06,8.237657313450846e-06,8.237657313450846e-06,0.0,0.0,0.0,0.02422194518497298,0.02422194518497298,0.02422194518497298,0.0,0.0,0.0,1.3881399804407497
180,2025-08-21 02:00:00,1.3603048996687506,1.3870758475825267,1.388392800851447,1.3603048996687506,1.3603048996687506,0.02742719859498888,0.02742719859498888,0.02742719859498888,-0.00022701200243496522,-0.00022701200243496522,-0.00022701200243496522,2.5911447565991773e-07,2.5911447565991773e-07,2.5911447565991773e-07,0.0004888530899432311,0.0004888530899432311,0.0004888530899432311,0.003157237251143701,0.003157237251143701,0.003157237251143701,0.0018143376425784265,0.0018143376425784265,0.0018143376425784265,0.0010725408583797823,0.0010725408583797823,0.0010725408583797823,4.873141069840049e-06,4.873141069840049e-06,4.873141069840049e-06,3.3854071317263193e-06,3.3854071317263193e-06,3.3854071317263193e-06,0.0,0.0,0.0,0.024269961343845178,0.024269961343845178,0.024269961343845178,0.0,0.0,0.0,1.3877320982637396
181,2025-08-21 03:00:00,1.3602985111008115,1.3874169183932947,1.3886785792694911,1.3602985111008115,1.3602985111008115,0.027748452806657584,0.027748452806657584,0.027748452806657584,-0.00023400012629552994,-0.00023400012629552994,-0.00023400012629552994,6.226581496994777e-07,6.226581496994777e-07,6.226581496994777e-07,0.0005431247214091992,0.0005431247214091992,0.0005431247214091992,0.0034316254535710243,0.0034316254535710243,0.0034316254535710243,0.001873303834115588,0.001873303834115588,0.001873303834115588,0.0011271341527991233,0.0011271341527991233,0.0011271341527991233,0.00019057117387617732,0.00019057117387617732,0.00019057117387617732,-6.91309604832328e-05,-6.91309604832328e-05,-6.91309604832328e-05,0.0,0.0,0.0,0.02431682735308656,0.02431682735308656,0.02431682735308656,0.0,0.0,0.0,1.388046963907469
182,2025-08-21 04:00:00,1.3602921225328726,1.3876550166795025,1.3889608196668315,1.3602921225328726,1.3602921225328726,0.02801514522739421,0.02801514522739421,0.02801514522739421,-0.00023146543101870584,-0.00023146543101870584,-0.00023146543101870584,6.284796450446013e-06,6.284796450446013e-06,6.284796450446013e-06,0.0006101642546544148,0.0006101642546544148,0.0006101642546544148,0.0036526094936010466,0.0036526094936010466,0.0036526094936010466,0.0019289624137987303,0.0019289624137987303,0.0019289624137987303,0.0011558555601689367,0.0011558555601689367,0.0011558555601689367,0.0002163559171996885,0.0002163559171996885,0.0002163559171996885,-3.354801765246355e-05,-3.354801765246355e-05,-3.354801765246355e-05,0.0,0.0,0.0,0.024362535733793163,0.024362535733793163,0.024362535733793163,0.0,0.0,0.0,1.3883072677602668
183,2025-08-21 05:00:00,1.3602857339649332,1.3873636934780302,1.3886190981704507,1.3602857339649332,1.3602857339649332,0.027710960346585153,0.027710960346585153,0.027710960346585153,-0.00023665634271602902,-0.00023665634271602902,-0.00023665634271602902,2.053048389374514e-05,2.053048389374514e-05,2.053048389374514e-05,0.00042114688320589976,0.00042114688320589976,0.00042114688320589976,0.003303881272278631,0.003303881272278631,0.003303881272278631,0.001986439933532729,0.001986439933532729,0.001986439933532729,0.0011402754495581447,0.0011402754495581447,0.0011402754495581447,8.20996868163236e-05,8.20996868163236e-05,8.20996868163236e-05,-0.00010995482201218315,-0.00010995482201218315,-0.00010995482201218315,0.0,0.0,0.0,0.024407079074306524,0.024407079074306524,0.024407079074306524,0.0,0.0,0.0,1.3879966943115183
184,2025-08-21 06:00:00,1.3602793453969941,1.387105882137872,1.3883506868807254,1.3602793453969941,1.3602793453969941,0.027459827350529993,0.027459827350529993,0.027459827350529993,-0.0002634498014537947,-0.0002634498014537947,-0.0002634498014537947,1.925046185574388e-05,1.925046185574388e-05,1.925046185574388e-05,0.00019557160952145928,0.00019557160952145928,0.00019557160952145928,0.003009377320153626,0.003009377320153626,0.003009377320153626,0.0020387071019555636,0.0020387071019555636,0.0020387071019555636,0.0010391486063885298,0.0010391486063885298,0.0010391486063885298,-3.84566491887887e-05,-3.84566491887887e-05,-3.84566491887887e-05,1.860599107491319e-05,1.860599107491319e-05,1.860599107491319e-05,0.0,0.0,0.0,0.02445045003037637,0.02445045003037637,0.02445045003037637,0.0,0.0,0.0,1.3877391727475241
185,2025-08-21 07:00:00,1.360272956829055,1.3871432842569649,1.3883902952020906,1.360272956829055,1.360272956829055,0.027523465451778736,0.027523465451778736,0.027523465451778736,-0.00029543205230627806,-0.00029543205230627806,-0.00029543205230627806,1.7421858944329266e-05,1.7421858944329266e-05,1.7421858944329266e-05,0.000185381890849946,0.000185381890849946,0.000185381890849946,0.00303082412625428,0.00303082412625428,0.00303082412625428,0.0020961846216895623,0.0020961846216895623,0.0020961846216895623,0.0010143105129075247,0.0010143105129075247,0.0010143105129075247,9.973165794040074e-05,9.973165794040074e-05,9.973165794040074e-05,-8.677436377120526e-05,-8.677436377120526e-05,-8.677436377120526e-05,0.0,0.0,0.0,0.02449264132552446,0.02449264132552446,0.02449264132552446,0.0,0.0,0.0,1.3877964222808337
186,2025-08-21 08:00:00,1.360266568261116,1.3873997249520658,1.3887167463889731,1.360266568261116,1.360266568261116,0.02782401236374629,0.02782401236374629,0.02782401236374629,-0.00029943254665902754,-0.00029943254665902754,-0.00029943254665902754,1.5778293232251943e-05,1.5778293232251943e-05,1.5778293232251943e-05,0.00041156922479117035,0.00041156922479117035,0.00041156922479117035,0.0032903666125336274,0.0032903666125336274,0.0032903666125336274,0.00215539826794375,0.00215539826794375,0.00215539826794375,0.0010039425074623342,0.0010039425074623342,0.0010039425074623342,0.00011597904952419988,0.00011597904952419988,0.00011597904952419988,-0.0001128681837610513,-0.0001128681837610513,-0.0001128681837610513,0.0,0.0,0.0,0.024533645751212658,0.024533645751212658,0.024533645751212658,0.0,0.0,0.0,1.3880905806248622
187,2025-08-21 09:00:00,1.3602601796931768,1.387472825621367,1.3886661866154502,1.3602601796931768,1.3602601796931768,0.027765291362673063,0.027765291362673063,0.027765291362673063,-0.000303147291415152,-0.000303147291415152,-0.000303147291415152,3.7873911745352686e-05,3.7873911745352686e-05,3.7873911745352686e-05,0.0002598973297682425,0.0002598973297682425,0.0002598973297682425,0.0031918351955172453,0.0031918351955172453,0.0031918351955172453,0.002217093362495052,0.002217093362495052,0.002217093362495052,0.0009558395700398648,0.0009558395700398648,0.0009558395700398648,6.719226582675131e-05,6.719226582675131e-05,6.719226582675131e-05,-4.291395294286678e-05,-4.291395294286678e-05,-4.291395294286678e-05,0.0,0.0,0.0,0.024573456167155817,0.024573456167155817,0.024573456167155817,0.0,0.0,0.0,1.38802547105585
188,2025-08-21 10:00:00,1.3602537911252377,1.3871966675750427,1.3884505155161246,1.3602537911252377,1.3602537911252377,0.027579192815216643,0.027579192815216643,0.027579192815216643,-0.00032990699456066585,-0.00032990699456066585,-0.00032990699456066585,5.010813598609933e-05,5.010813598609933e-05,5.010813598609933e-05,2.023024786867234e-05,2.023024786867234e-05,2.023024786867234e-05,0.0029671273136348346,0.0029671273136348346,0.0029671273136348346,0.002269443344448738,0.002269443344448738,0.002269443344448738,0.0009188068242505547,0.0009188068242505547,0.0009188068242505547,4.551171333045754e-05,4.551171333045754e-05,4.551171333045754e-05,-7.065957689021461e-06,-7.065957689021461e-06,-7.065957689021461e-06,0.0,0.0,0.0,0.02461206550158181,0.02461206550158181,0.02461206550158181,0.0,0.0,0.0,1.3878329839404544
189,2025-08-21 11:00:00,1.3602474025572986,1.3875902421798914,1.3888210287052951,1.3602474025572986,1.3602474025572986,0.02797356088213949,0.02797356088213949,0.02797356088213949,-0.000337162813915359,-0.000337162813915359,-0.000337162813915359,6.54466313597896e-05,6.54466313597896e-05,6.54466313597896e-05,0.00043702840414497113,0.00043702840414497113,0.00043702840414497113,0.0033240941307055155,0.0033240941307055155,0.0033240941307055155,0.0023210489905006585,0.0023210489905006585,0.0023210489905006585,0.0009273273307294583,0.0009273273307294583,0.0009273273307294583,3.059730179204368e-05,3.059730179204368e-05,3.059730179204368e-05,-0.00012019171390604709,-0.00012019171390604709,-0.00012019171390604709,0.0,0.0,0.0,0.024649466751433976,0.024649466751433976,0.024649466751433976,0.0,0.0,0.0,1.388220963439438
190,2025-08-21 12:00:00,1.3602410139893595,1.3883068881744884,1.3895147683712927,1.3602410139893595,1.3602410139893595,0.02869181951142543,0.02869181951142543,0.02869181951142543,-0.00031703872882746004,-0.00031703872882746004,-0.00031703872882746004,8.735938958171602e-05,8.735938958171602e-05,8.735938958171602e-05,0.0008834192751084083,0.0008834192751084083,0.0008834192751084083,0.004006166528810239,0.004006166528810239,0.004006166528810239,0.0023766237707776054,0.0023766237707776054,0.0023766237707776054,0.0010060735363596638,0.0010060735363596638,0.0010060735363596638,0.00011863204905168113,0.00011863204905168113,0.00011863204905168113,-0.0001489027632413755,-0.0001489027632413755,-0.0001489027632413755,0.0,0.0,0.0,0.02468565298261519,0.02468565298261519,0.02468565298261519,0.0,0.0,0.0,1.388932833500785
191,2025-08-21 13:00:00,1.3602346254214202,1.3890846035163809,1.390312942108243,1.3602346254214202,1.3602346254214202,0.029449220801113788,0.029449220801113788,0.029449220801113788,-0.000267576851328659,-0.000267576851328659,-0.000267576851328659,7.202089420802569e-05,7.202089420802569e-05,7.202089420802569e-05,0.0012726618499007522,0.0012726618499007522,0.0012726618499007522,0.004728603470822487,0.004728603470822487,0.004728603470822487,0.0024455137837525384,0.0024455137837525384,0.0024455137837525384,0.001204558197670777,0.001204558197670777,0.001204558197670777,0.0001781637861926908,0.0001781637861926908,0.0001781637861926908,-0.00017673818957363735,-0.00017673818957363735,-0.00017673818957363735,0.0,0.0,0.0,0.0247206173302913,0.0247206173302913,0.0247206173302913,0.0,0.0,0.0,1.389683846222534
192,2025-08-21 14:00:00,1.360228236853481,1.3895729022392689,1.3908434340777134,1.360228236853481,1.360228236853481,0.029957982552924332,0.029957982552924332,0.029957982552924332,-0.0001982867428401221,-0.0001982867428401221,-0.0001982867428401221,6.52637710686518e-05,6.52637710686518e-05,6.52637710686518e-05,0.001305842144408603,0.001305842144408603,0.001305842144408603,0.005203629553888244,0.005203629553888244,0.005203629553888244,0.0025210200063110395,0.0025210200063110395,0.0025210200063110395,0.001445359597372837,0.001445359597372837,0.001445359597372837,0.00025261177479919363,0.00025261177479919363,0.00025261177479919363,-0.00018818099723195799,-0.00018818099723195799,-0.00018818099723195799,0.0,0.0,0.0,0.02475435299903609,0.02475435299903609,0.02475435299903609,0.0,0.0,0.0,1.3901862194064054
193,2025-08-21 15:00:00,1.360221848285542,1.3893999484729558,1.39065263035063,1.360221848285542,1.360221848285542,0.029785985311842688,0.029785985311842688,0.029785985311842688,-0.00013394592781505203,-0.00013394592781505203,-0.00013394592781505203,6.782163823641814e-05,6.782163823641814e-05,6.782163823641814e-05,0.0008260058440517857,0.0008260058440517857,0.0008260058440517857,0.004999132048693498,0.004999132048693498,0.004999132048693498,0.0025741143241663073,0.0025741143241663073,0.0025741143241663073,0.0015707824050974909,0.0015707824050974909,0.0015707824050974909,0.00023639967667321715,0.00023639967667321715,0.00023639967667321715,-0.00014204591171666935,-0.00014204591171666935,-0.00014204591171666935,0.0,0.0,0.0,0.02478685326314919,0.02478685326314919,0.02478685326314919,0.0,0.0,0.0,1.3900078335973847
194,2025-08-21 16:00:00,1.360215459717603,1.389466873366954,1.390780818656683,1.360215459717603,1.360215459717603,0.029902909124149998,0.029902909124149998,0.029902909124149998,-6.188669927319268e-05,-6.188669927319268e-05,-6.188669927319268e-05,6.836804220159548e-05,6.836804220159548e-05,6.836804220159548e-05,0.000662318063889694,0.000662318063889694,0.000662318063889694,0.005084797657318744,0.005084797657318744,0.005084797657318744,0.0026209227006856084,0.0026209227006856084,0.0026209227006856084,0.0016626949844179037,0.0016626949844179037,0.0016626949844179037,0.0003014735264819734,0.0003014735264819734,0.0003014735264819734,-0.00016909296108483864,-0.00016909296108483864,-0.00016909296108483864,0.0,0.0,0.0,0.02481811146683125,0.02481811146683125,0.02481811146683125,0.0,0.0,0.0,1.390118368841753
195,2025-08-21 17:00:00,1.3602090711496637,1.3894697178470816,1.39075934915566,1.3602090711496637,1.3602090711496637,0.029919394810448672,0.029919394810448672,0.029919394810448672,1.1171093293990799e-05,1.1171093293990799e-05,1.1171093293990799e-05,5.996735335018084e-05,5.996735335018084e-05,5.996735335018084e-05,0.0005525710680551917,0.0005525710680551917,0.0005525710680551917,0.005071273786089494,0.005071273786089494,0.005071273786089494,0.0026558226886546714,0.0026558226886546714,0.0026558226886546714,0.0016926944701430911,0.0016926944701430911,0.0016926944701430911,0.00023505106438884558,0.00023505106438884558,0.00023505106438884558,-0.00013600395179647683,-0.00013600395179647683,-0.00013600395179647683,0.0,0.0,0.0,0.024848121024359182,0.024848121024359182,0.024848121024359182,0.0,0.0,0.0,1.3901284659601123
196,2025-08-21 18:00:00,1.3602026825817246,1.389109294763934,1.3903671816306993,1.3602026825817246,1.3602026825817246,0.029538611008297303,0.029538611008297303,0.029538611008297303,3.7473332683635196e-05,3.7473332683635196e-05,3.7473332683635196e-05,5.0471679660138816e-05,5.0471679660138816e-05,5.0471679660138816e-05,0.00023117779930681418,0.00023117779930681418,0.00023117779930681418,0.004661735587820913,0.004661735587820913,0.004661735587820913,0.002681873459335421,0.002681873459335421,0.002681873459335421,0.0015899782229040402,0.0015899782229040402,0.0015899782229040402,0.00014025946293382121,0.00014025946293382121,0.00014025946293382121,-6.949836900295697e-05,-6.949836900295697e-05,-6.949836900295697e-05,0.0,0.0,0.0,0.024876875420476386,0.024876875420476386,0.024876875420476386,0.0,0.0,0.0,1.389741293590022
197,2025-08-21 19:00:00,1.3601962940137855,1.3893275238282545,1.3906057853100475,1.3601962940137855,1.3601962940137855,0.029767052292500373,0.029767052292500373,0.029767052292500373,6.189684068830515e-05,6.189684068830515e-05,6.189684068830515e-05,4.3716733429000996e-05,4.3716733429000996e-05,4.3716733429000996e-05,0.0002705250347550672,0.0002705250347550672,0.0002705250347550672,0.004862684082093551,0.004862684082093551,0.004862684082093551,0.002712059977177876,0.002712059977177876,0.002712059977177876,0.0016305336445059915,0.0016305336445059915,0.0016305336445059915,0.0002648528576771292,0.0002648528576771292,0.0002648528576771292,-0.00012090100613981958,-0.00012090100613981958,-0.00012090100613981958,0.0,0.0,0.0,0.02490436821040682,0.02490436821040682,0.02490436821040682,0.0,0.0,0.0,1.389963346306286
198,2025-08-21 20:00:00,1.3601899054458464,1.389669828186136,1.3909346940251346,1.3601899054458464,1.3601899054458464,0.030139538172803886,0.030139538172803886,0.030139538172803886,0.00010752205021528312,0.00010752205021528312,0.00010752205021528312,3.3855339156683397e-05,3.3855339156683397e-05,3.3855339156683397e-05,0.00043723141167180087,0.00043723141167180087,0.00043723141167180087,0.00520894515260324,0.00520894515260324,0.00520894515260324,0.002751260353495094,0.002751260353495094,0.002751260353495094,0.0017354683361448086,0.0017354683361448086,0.0017354683361448086,0.0003244124502648446,0.0003244124502648446,0.0003244124502648446,-0.00018080478834527427,-0.00018080478834527427,-0.00018080478834527427,0.0,0.0,0.0,0.024930593020200644,0.024930593020200644,0.024930593020200644,0.0,0.0,0.0,1.3903294436186502
199,2025-08-21 21:00:00,1.3601738927142428,1.3901210482480053,1.3913013645974692,1.3601738927142428,1.3601738927142428,0.03052641225868026,0.03052641225868026,0.03052641225868026,0.00016698928413525545,0.00016698928413525545,0.00016698928413525545,3.0202487150253174e-05,3.0202487150253174e-05,3.0202487150253174e-05,0.0005502264272873354,0.0005502264272873354,0.0005502264272873354,0.005570868711787732,0.005570868711787732,0.005570868711787732,0.0027878146403287475,0.0027878146403287475,0.0027878146403287475,0.0018732428606277362,0.0018732428606277362,0.0018732428606277362,0.0003446470927953153,0.0003446470927953153,0.0003446470927953153,-0.00018225408053691255,-0.00018225408053691255,-0.00018225408053691255,0.0,0.0,0.0,0.02495554354689253,0.02495554354689253,0.02495554354689253,0.0,0.0,0.0,1.3907003049729232
200,2025-08-21 22:00:00,1.3601578799826393,1.390164569682569,1.3914666639916935,1.3601578799826393,1.3601578799826393,0.030665168726892632,0.030665168726892632,0.030665168726892632,0.00022220885848951558,0.00022220885848951558,0.00022220885848951558,4.6089563397393455e-05,4.6089563397393455e-05,4.6089563397393455e-05,0.0005304445160279116,0.0005304445160279116,0.0005304445160279116,0.005685955168173203,0.005685955168173203,0.005685955168173203,0.0028250304495334067,0.0028250304495334067,0.0028250304495334067,0.0019586320851731577,0.0019586320851731577,0.0019586320851731577,0.0002822757783040014,0.0002822757783040014,0.0002822757783040014,-0.0001787260827521835,-0.0001787260827521835,-0.0001787260827521835,0.0,0.0,0.0,0.02497921355871943,0.02497921355871943,0.02497921355871943,0.0,0.0,0.0,1.3908230487095319
201,2025-08-21 23:00:00,1.3601418672510357,1.3899446088141247,1.3912188046711838,1.3601418672510357,1.3601418672510357,0.030412196835782432,0.030412196835782432,0.030412196835782432,0.00022634848980135198,0.00022634848980135198,0.00022634848980135198,4.8281709982884225e-05,4.8281709982884225e-05,4.8281709982884225e-05,0.0003663029993288128,0.0003663029993288128,0.0003663029993288128,0.005410599940478546,0.005410599940478546,0.005410599940478546,0.0028568712662406354,0.0028568712662406354,0.0028568712662406354,0.0019455152409054357,0.0019455152409054357,0.0019455152409054357,0.00012927813864439588,0.00012927813864439588,0.00012927813864439588,-0.00016199790442497083,-0.00016199790442497083,-0.00016199790442497083,0.0,0.0,0.0,0.025001596895303884,0.025001596895303884,0.025001596895303884,0.0,0.0,0.0,1.3905540640868181
202,2025-08-22 00:00:00,1.3601258545194321,1.3895846400172118,1.3908333004087186,1.3601258545194321,1.3601258545194321,0.030076867063537165,0.030076867063537165,0.030076867063537165,0.00020934528742367137,0.00020934528742367137,0.00020934528742367137,4.426313739417835e-05,4.426313739417835e-05,4.426313739417835e-05,0.0001855505065523186,0.0001855505065523186,0.0001855505065523186,0.005054179595688266,0.005054179595688266,0.005054179595688266,0.0028924327765805207,0.0028924327765805207,0.0028924327765805207,0.0018425952444392371,0.0018425952444392371,0.0018425952444392371,3.501571419053893e-06,3.501571419053893e-06,3.501571419053893e-06,-0.0001235089281207137,-0.0001235089281207137,-0.0001235089281207137,0.0,0.0,0.0,0.025022687467848897,0.025022687467848897,0.025022687467848897,0.0,0.0,0.0,1.3902027215829693
203,2025-08-22 01:00:00,1.3601098417878286,1.3897669570870013,1.3910747957594658,1.3601098417878286,1.3601098417878286,0.03028018238756431,0.03028018238756431,0.03028018238756431,0.00018669156300877692,0.00018669156300877692,0.00018669156300877692,3.567958825162591e-05,3.567958825162591e-05,3.567958825162591e-05,0.00024741078821795514,0.00024741078821795514,0.00024741078821795514,0.00523770312816243,0.00523770312816243,0.00523770312816243,0.0029298970263775498,0.0029298970263775498,0.0029298970263775498,0.001852757848355202,0.001852757848355202,0.001852757848355202,0.00012113946155900465,0.00012113946155900465,0.00012113946155900465,-0.00013587314760768414,-0.00013587314760768414,-0.00013587314760768414,0.0,0.0,0.0,0.025042479259401878,0.025042479259401878,0.025042479259401878,0.0,0.0,0.0,1.3903900241753928
204,2025-08-22 02:00:00,1.360093829056225,1.390172817692537,1.3914542890495742,1.360093829056225,1.360093829056225,0.030698192830298628,0.030698192830298628,0.030698192830298628,0.0001861100580418473,0.0001861100580418473,0.0001861100580418473,3.312389799209559e-05,3.312389799209559e-05,3.312389799209559e-05,0.0004817145319299586,0.0004817145319299586,0.0004817145319299586,0.0056372265053631415,0.0056372265053631415,0.0056372265053631415,0.0029675259173606613,0.0029675259173606613,0.0029675259173606613,0.0019276978948132991,0.0019276978948132991,0.0019276978948132991,0.00017791619377385283,0.00017791619377385283,0.00017791619377385283,-0.00013686198854857197,-0.00013686198854857197,-0.00013686198854857197,0.0,0.0,0.0,0.025060966324935485,0.025060966324935485,0.025060966324935485,0.0,0.0,0.0,1.3907920218865237
205,2025-08-22 03:00:00,1.3600778163246214,1.3902014717292117,1.3914540740170895,1.3600778163246214,1.3600778163246214,0.030770973602516214,0.030770973602516214,0.030770973602516214,0.00018557008914398405,0.00018557008914398405,0.00018557008914398405,3.495250090351028e-05,3.495250090351028e-05,3.495250090351028e-05,0.000457151808026436,0.000457151808026436,0.000457151808026436,0.005692830810918675,0.005692830810918675,0.005692830810918675,0.0030020118376758356,0.0030020118376758356,0.0030020118376758356,0.0019322544673649545,0.0019322544673649545,0.0019322544673649545,0.0001711626389449203,0.0001711626389449203,0.0001711626389449203,-9.027253114096525e-05,-9.027253114096525e-05,-9.027253114096525e-05,0.0,0.0,0.0,0.025078142791597535,0.025078142791597535,0.025078142791597535,0.0,0.0,0.0,1.3908487899271376
206,2025-08-22 04:00:00,1.3600618035930179,1.3903303689367459,1.3915575610908637,1.3600618035930179,1.3600618035930179,0.030905130365236944,0.030905130365236944,0.030905130365236944,0.00019041737757847396,0.00019041737757847396,0.00019041737757847396,4.225602800809805e-05,4.225602800809805e-05,4.225602800809805e-05,0.00045617000346009874,0.00045617000346009874,0.00045617000346009874,0.005811127506374551,0.005811127506374551,0.005811127506374551,0.0030334385867292674,0.0030334385867292674,0.0030334385867292674,0.001903494517166097,0.001903494517166097,0.001903494517166097,0.00024295264084044522,0.00024295264084044522,0.00024295264084044522,-5.760164740792844e-05,-5.760164740792844e-05,-5.760164740792844e-05,0.0,0.0,0.0,0.025094002858862395,0.025094002858862395,0.025094002858862395,0.0,0.0,0.0,1.3909669339582549
207,2025-08-22 05:00:00,1.3600457908614143,1.3904211434918474,1.391652072643247,1.3600457908614143,1.3600457908614143,0.030992120478634835,0.030992120478634835,0.030992120478634835,0.00019910424383306992,0.00019910424383306992,0.00019910424383306992,4.791598940060858e-05,4.791598940060858e-05,4.791598940060858e-05,0.0005410422622331327,0.0005410422622331327,0.0005410422622331327,0.005883579679849738,0.005883579679849738,0.005883579679849738,0.0030624667010162522,0.0030624667010162522,0.0030624667010162522,0.0019382578528354434,0.0019382578528354434,0.0019382578528354434,0.00019818187027426391,0.00019818187027426391,0.00019818187027426391,-0.00010338923974303288,-0.00010338923974303288,-0.00010338923974303288,0.0,0.0,0.0,0.025108540798785096,0.025108540798785096,0.025108540798785096,0.0,0.0,0.0,1.391037911340049
208,2025-08-22 06:00:00,1.3600297781298107,1.3903697963319972,1.3916045744163337,1.3600297781298107,1.3600297781298107,0.03093382976876433,0.03093382976876433,0.03093382976876433,0.00021018910874361023,0.00021018910874361023,0.00021018910874361023,5.485597283112027e-05,5.485597283112027e-05,5.485597283112027e-05,0.0004874000010041778,0.0004874000010041778,0.0004874000010041778,0.005812078812734872,0.005812078812734872,0.005812078812734872,0.0030950508677497187,0.0030950508677497187,0.0030950508677497187,0.0019367241746979266,0.0019367241746979266,0.0019367241746979266,0.00012512015943100566,0.00012512015943100566,0.00012512015943100566,-9.726147172268749e-05,-9.726147172268749e-05,-9.726147172268749e-05,0.0,0.0,0.0,0.02512175095602946,0.02512175095602946,0.02512175095602946,0.0,0.0,0.0,1.390963607898575
209,2025-08-22 07:00:00,1.3600137653982072,1.3902893613808711,1.3915048912238934,1.3600137653982072,1.3600137653982072,0.03089166939453303,0.03089166939453303,0.03089166939453303,0.00022491683020208403,0.00022491683020208403,0.00022491683020208403,5.777738367292616e-05,5.777738367292616e-05,5.777738367292616e-05,0.0004493221899810603,0.0004493221899810603,0.0004493221899810603,0.005758041646374085,0.005758041646374085,0.005758041646374085,0.003132596945202163,0.003132596945202163,0.003132596945202163,0.0019268242218370476,0.0019268242218370476,0.0019268242218370476,7.914278322598511e-05,7.914278322598511e-05,7.914278322598511e-05,-0.00011253870774718143,-0.00011253870774718143,-0.00011253870774718143,0.0,0.0,0.0,0.025133627748158947,0.025133627748158947,0.025133627748158947,0.0,0.0,0.0,1.3909054347927403
210,2025-08-22 08:00:00,1.3599977526666036,1.38999137944085,1.3912455693685617,1.3599977526666036,1.3599977526666036,0.030591586302515784,0.030591586302515784,0.030591586302515784,0.0002104647692541674,0.0002104647692541674,0.0002104647692541674,6.179377935339596e-05,6.179377935339596e-05,6.179377935339596e-05,0.0002770021557768416,0.0002770021557768416,0.0002770021557768416,0.005447420636757903,0.005447420636757903,0.005447420636757903,0.0031663395154910997,0.0031663395154910997,0.0031663395154910997,0.0018357629467067058,0.0018357629467067058,0.0018357629467067058,3.4560375333616944e-05,3.4560375333616944e-05,3.4560375333616944e-05,-0.00013850290515792467,-0.00013850290515792467,-0.00013850290515792467,0.0,0.0,0.0,0.02514416566575788,0.02514416566575788,0.02514416566575788,0.0,0.0,0.0,1.3905893389691193
211,2025-08-22 09:00:00,1.359981739935,1.3893773830340912,1.3906460109907546,1.359981739935,1.359981739935,0.030047436284902394,0.030047436284902394,0.030047436284902394,0.00017954339608382681,0.00017954339608382681,0.00017954339608382681,7.895870073030139e-05,7.895870073030139e-05,7.895870073030139e-05,-0.00013649734255408136,-0.00013649734255408136,-0.00013649734255408136,0.004894077012280898,0.004894077012280898,0.004894077012280898,0.003194374853284225,0.003194374853284225,0.003194374853284225,0.001621989239014773,0.001621989239014773,0.001621989239014773,-1.2743709624361598e-05,-1.2743709624361598e-05,-1.2743709624361598e-05,-3.154812465378408e-05,-3.154812465378408e-05,-3.154812465378408e-05,0.0,0.0,0.0,0.025153359272621495,0.025153359272621495,0.025153359272621495,0.0,0.0,0.0,1.3900291762199024
212,2025-08-22 10:00:00,1.3599657272033967,1.3898470980382687,1.3910992068758934,1.3599657272033967,1.3599657272033967,0.030482684743843018,0.030482684743843018,0.030482684743843018,0.000155544275286748,0.000155544275286748,0.000155544275286748,8.918581558489463e-05,8.918581558489463e-05,8.918581558489463e-05,0.00015963801487289776,0.00015963801487289776,0.00015963801487289776,0.005321481537959861,0.005321481537959861,0.005321481537959861,0.0032290264006609175,0.0032290264006609175,0.0032290264006609175,0.001587922839756027,0.001587922839756027,0.001587922839756027,0.00015218708602163426,0.00015218708602163426,0.00015218708602163426,-5.202289422325888e-05,-5.202289422325888e-05,-5.202289422325888e-05,0.0,0.0,0.0,0.025161203205883154,0.025161203205883154,0.025161203205883154,0.0,0.0,0.0,1.3904484119472398
213,2025-08-22 11:00:00,1.3599497144717931,1.3902399323226868,1.3915026516775864,1.3599497144717931,1.3599497144717931,0.030902910472570617,0.030902910472570617,0.030902910472570617,0.00015527879247648958,0.00015527879247648958,0.00015527879247648958,9.594293872426854e-05,9.594293872426854e-05,9.594293872426854e-05,0.0005580963292068509,0.0005580963292068509,0.0005580963292068509,0.0057352182964181065,0.0057352182964181065,0.0057352182964181065,0.00326020470912198,0.00326020470912198,0.00326020470912198,0.0016002458102295943,0.0016002458102295943,0.0016002458102295943,0.00011157121036711252,0.00011157121036711252,0.00011157121036711252,-4.6121493708190305e-05,-4.6121493708190305e-05,-4.6121493708190305e-05,0.0,0.0,0.0,0.02516769217615251,0.02516769217615251,0.02516769217615251,0.0,0.0,0.0,1.3908526249443638
214,2025-08-22 12:00:00,1.3599337017401893,1.3895499809152467,1.3908710295448121,1.3599337017401893,1.3599337017401893,0.030272325288771804,0.030272325288771804,0.030272325288771804,0.00012816105254301354,0.00012816105254301354,0.00012816105254301354,0.00010781361929093904,0.00010781361929093904,0.00010781361929093904,0.0001288840508568353,0.0001288840508568353,0.0001288840508568353,0.005099504321075332,0.005099504321075332,0.005099504321075332,0.003288984382816687,0.003288984382816687,0.003288984382816687,0.0014811055493025777,0.0014811055493025777,0.0014811055493025777,-3.5689047418304014e-05,-3.5689047418304014e-05,-3.5689047418304014e-05,2.4471368358245325e-07,2.4471368358245325e-07,2.4471368358245325e-07,0.0,0.0,0.0,0.025172820967696477,0.025172820967696477,0.025172820967696477,0.0,0.0,0.0,1.3902060270289611
215,2025-08-22 13:00:00,1.3599176890085858,1.3898103126594974,1.3911020475692677,1.3599176890085858,1.3599176890085858,0.030519212289800843,0.030519212289800843,0.030519212289800843,0.00011049443133801093,0.00011049443133801093,0.00011049443133801093,0.00011219573555368447,0.00011219573555368447,0.00011219573555368447,0.0003104309231890125,0.0003104309231890125,0.0003104309231890125,0.005342627851218089,0.005342627851218089,0.005342627851218089,0.0033228087807609477,0.0033228087807609477,0.0033228087807609477,0.001475379226102607,0.001475379226102607,0.001475379226102607,6.561522161169793e-05,6.561522161169793e-05,6.561522161169793e-05,-5.429646733787137e-05,-5.429646733787137e-05,-5.429646733787137e-05,0.0,0.0,0.0,0.025176584438582752,0.025176584438582752,0.025176584438582752,0.0,0.0,0.0,1.3904369012983866
216,2025-08-22 14:00:00,1.3599016762769824,1.3904408835088387,1.3916968964684642,1.3599016762769824,1.3599016762769824,0.03118949390130936,0.03118949390130936,0.03118949390130936,0.00012485142480948304,0.00012485142480948304,0.00012485142480948304,0.00010945718500301638,0.00010945718500301638,0.00010945718500301638,0.0008380319709597967,0.0008380319709597967,0.0008380319709597967,0.006010516380507206,0.006010516380507206,0.006010516380507206,0.0033634150153507526,0.0033634150153507526,0.0033634150153507526,0.0015421930284530453,0.0015421930284530453,0.0015421930284530453,0.0001385694074637381,0.0001385694074637381,0.0001385694074637381,-0.00010600165153262645,-0.00010600165153262645,-0.00010600165153262645,0.0,0.0,0.0,0.025178977520802153,0.025178977520802153,0.025178977520802153,0.0,0.0,0.0,1.3910911701782918
217,2025-08-22 15:00:00,1.3598856635453789,1.3844988349836058,1.3858443415017967,1.3598856635453789,1.3598856635453789,0.025293473564041963,0.025293473564041963,0.025293473564041963,0.00019798945036937987,0.00019798945036937987,0.00019798945036937987,-3.827869188266632e-05,-3.827869188266632e-05,-3.827869188266632e-05,-0.0024832316116218892,-0.0024832316116218892,-0.0024832316116218892,0.00011347834356817926,0.00011347834356817926,0.00011347834356817926,0.0033443107225013557,0.0033443107225013557,0.0033443107225013557,-1.1728998829677993e-05,-1.1728998829677993e-05,-1.1728998829677993e-05,-0.001097170071524845,-0.001097170071524845,-0.001097170071524845,0.00020158754455652233,0.00020158754455652233,0.00020158754455652233,0.0,0.0,0.0,0.02517999522047379,0.02517999522047379,0.02517999522047379,0.0,0.0,0.0,1.3851791371094209
218,2025-08-22 16:00:00,1.3598696508137753,1.3846539303434071,1.3858201914952193,1.3598696508137753,1.3598696508137753,0.025357846041763832,0.025357846041763832,0.025357846041763832,0.0002696292169450836,0.0002696292169450836,0.0002696292169450836,-5.288574609180542e-05,-5.288574609180542e-05,-5.288574609180542e-05,-0.0015713151976766138,-0.0015713151976766138,-0.0015713151976766138,0.0001782134239231614,0.0001782134239231614,0.0001782134239231614,0.0033252892431828093,0.0033252892431828093,0.0033252892431828093,-0.0010279612044471302,-0.0010279612044471302,-0.0010279612044471302,-0.0009432358477025453,-0.0009432358477025453,-0.0009432358477025453,0.00017869295971336256,0.00017869295971336256,0.00017869295971336256,0.0,0.0,0.0,0.02517963261784067,0.02517963261784067,0.02517963261784067,0.0,0.0,0.0,1.3852274968555391
219,2025-08-22 17:00:00,1.3598536380821715,1.3839405237019984,1.385216811478403,1.3598536380821715,1.3598536380821715,0.024701979271288872,0.024701979271288872,0.024701979271288872,0.0003330894989327478,0.0003330894989327478,0.0003330894989327478,-6.49371100413777e-05,-6.49371100413777e-05,-6.49371100413777e-05,-0.0010603747993281722,-0.0010603747993281722,-0.0010603747993281722,-0.000475905596267382,-0.000475905596267382,-0.000475905596267382,0.0033072595544829625,0.0033072595544829625,0.0033072595544829625,-0.002052404853082107,-0.002052404853082107,-0.002052404853082107,-0.001130889484969112,-0.001130889484969112,-0.001130889484969112,0.0001923515977376773,0.0001923515977376773,0.0001923515977376773,0.0,0.0,0.0,0.025177884867556254,0.025177884867556254,0.025177884867556254,0.0,0.0,0.0,1.3845556173534603
220,2025-08-22 18:00:00,1.3598376253505682,1.382862092728861,1.3841128228201371,1.3598376253505682,1.3598376253505682,0.023678187748438308,0.023678187748438308,0.023678187748438308,0.000406645764644346,0.000406645764644346,0.000406645764644346,-9.616268166224482e-05,-9.616268166224482e-05,-9.616268166224482e-05,-0.0009161869907766334,-0.0009161869907766334,-0.0009161869907766334,-0.0014965594502379296,-0.0014965594502379296,-0.0014965594502379296,0.0032605330056189844,0.0032605330056189844,0.0032605330056189844,-0.003084361184050812,-0.003084361184050812,-0.003084361184050812,-0.0012729824996507288,-0.0012729824996507288,-0.0012729824996507288,0.00020595513563915932,0.00020595513563915932,0.00020595513563915932,0.0,0.0,0.0,0.025174747198676236,0.025174747198676236,0.025174747198676236,0.0,0.0,0.0,1.3835158130990064
221,2025-08-22 19:00:00,1.3598216126189646,1.3825925366114113,1.3838310025098643,1.3598216126189646,1.3598216126189646,0.023381031304768624,0.023381031304768624,0.023381031304768624,0.0004749480113765443,0.0004749480113765443,0.0004749480113765443,-0.00010456119360542338,-0.00010456119360542338,-0.00010456119360542338,-0.000728670419423617,-0.000728670419423617,-0.000728670419423617,-0.0017891836101468705,-0.0017891836101468705,-0.0017891836101468705,0.003226790435330048,0.003226790435330048,0.003226790435330048,-0.0037532286791201242,-0.0037532286791201242,-0.0037532286791201242,-0.0011060055706833903,-0.0011060055706833903,-0.0011060055706833903,0.00020154380597909162,0.00020154380597909162,0.00020154380597909162,0.0,0.0,0.0,0.025170214914915494,0.025170214914915494,0.025170214914915494,0.0,0.0,0.0,1.3832026439237333
222,2025-08-22 20:00:00,1.359805599887361,1.3822531763406214,1.383432994173347,1.359805599887361,1.359805599887361,0.023070243226305805,0.023070243226305805,0.023070243226305805,0.0005175260526236758,0.0005175260526236758,0.0005175260526236758,-0.00010565835535228675,-0.00010565835535228675,-0.00010565835535228675,-0.0005682577478259529,-0.0005682577478259529,-0.0005682577478259529,-0.0020940401683040436,-0.0020940401683040436,-0.0020940401683040436,0.003198010761635341,0.003198010761635341,0.003198010761635341,-0.004160963508190124,-0.004160963508190124,-0.004160963508190124,-0.0011634193811838713,-0.0011634193811838713,-0.0011634193811838713,0.000188722009989175,0.000188722009989175,0.000188722009989175,0.0,0.0,0.0,0.025164283394609844,0.025164283394609844,0.025164283394609844,0.0,0.0,0.0,1.382875843113667
223,2025-08-22 21:00:00,1.3597895871557573,1.381874930542359,1.3831178206615036,1.3597895871557573,1.3597895871557573,0.02271956152027056,0.02271956152027056,0.02271956152027056,0.0005625226780723485,0.0005625226780723485,0.0005625226780723485,-0.00011168621423530903,-0.00011168621423530903,-0.00011168621423530903,-0.0005188307928675024,-0.0005188307928675024,-0.0005188307928675024,-0.002437386570683195,-0.002437386570683195,-0.002437386570683195,0.003159968788873685,0.003159968788873685,0.003159968788873685,-0.004481588492291413,-0.004481588492291413,-0.004481588492291413,-0.0012414641622167052,-0.0012414641622167052,-0.0012414641622167052,0.00019369162398170058,0.00019369162398170058,0.00019369162398170058,0.0,0.0,0.0,0.02515694809095375,0.02515694809095375,0.02515694809095375,0.0,0.0,0.0,1.382509148676028
224,2025-08-22 22:00:00,1.359821137914527,1.381906220761314,1.3831435966369756,1.359821137914527,1.359821137914527,0.022692682561035262,0.022692682561035262,0.022692682561035262,0.0006043052588461161,0.0006043052588461161,0.0006043052588461161,-8.666700797216628e-05,-8.666700797216628e-05,-8.666700797216628e-05,-0.00044650261460658534,-0.00044650261460658534,-0.00044650261460658534,-0.0024555219710718193,-0.0024555219710718193,-0.0024555219710718193,0.003118204150728685,0.003118204150728685,0.003118204150728685,-0.004677470957095823,-0.004677470957095823,-0.004677470957095823,-0.001156903440868477,-0.001156903440868477,-0.001156903440868477,0.00018951263989643214,0.00018951263989643214,0.00018951263989643214,0.0,0.0,0.0,0.02514820453210708,0.02514820453210708,0.02514820453210708,0.0,0.0,0.0,1.3825138204755623
225,2025-08-25 00:00:00,1.3613986758530152,1.381067797520744,1.3823298611112516,1.3613986758530152,1.3613986758530152,0.020282357416443967,0.020282357416443967,0.020282357416443967,0.0006158160364976835,0.0006158160364976835,0.0006158160364976835,-8.55720231335755e-05,-8.55720231335755e-05,-8.55720231335755e-05,-0.00039653469151295945,-0.00039653469151295945,-0.00039653469151295945,-0.0025564905529441686,-0.0025564905529441686,-0.0025564905529441686,0.0030834697898211405,0.0030834697898211405,0.0030834697898211405,-0.004742383879831589,-0.004742383879831589,-0.004742383879831589,-0.0012077271715632478,-0.0012077271715632478,-0.0012077271715632478,0.00017644138677837788,0.00017644138677837788,0.00017644138677837788,0.0,0.0,0.0,0.022838847969388135,0.022838847969388135,0.022838847969388135,0.0,0.0,0.0,1.3816810332694591
226,2025-08-25 01:00:00,1.361430226611785,1.381158476948283,1.3824302273533224,1.361430226611785,1.361430226611785,0.02040060973258005,0.02040060973258005,0.02040060973258005,0.000595569046269556,0.000595569046269556,0.000595569046269556,-9.470197624130537e-05,-9.470197624130537e-05,-9.470197624130537e-05,-0.00030667707931505495,-0.00030667707931505495,-0.00030667707931505495,-0.0023535203937049853,-0.0023535203937049853,-0.0023535203937049853,0.0030547729296571935,0.0030547729296571935,0.0030547729296571935,-0.00460734706302528,-0.00460734706302528,-0.00460734706302528,-0.001174915844461604,-0.001174915844461604,-0.001174915844461604,0.00017977959341151,0.00017977959341151,0.00017977959341151,0.0,0.0,0.0,0.022754130126285035,0.022754130126285035,0.022754130126285035,0.0,0.0,0.0,1.381830836344365
227,2025-08-25 02:00:00,1.3614617773705546,1.3826714348960474,1.384011949122016,1.3614617773705546,1.3614617773705546,0.02187821367474957,0.02187821367474957,0.02187821367474957,0.0005630547174280686,0.0005630547174280686,0.0005630547174280686,-0.00010693620048205192,-0.00010693620048205192,-0.00010693620048205192,-0.00022654649118237206,-0.00022654649118237206,-0.00022654649118237206,-0.00078966246118041,-0.00078966246118041,-0.00078966246118041,0.0030303764578413096,0.0030303764578413096,0.0030303764578413096,-0.0043171933483104104,-0.0043171933483104104,-0.0043171933483104104,0.00010002617861407646,0.00010002617861407646,0.00010002617861407646,0.00016755622491096924,0.00016755622491096924,0.00016755622491096924,0.0,0.0,0.0,0.022667876135929983,0.022667876135929983,0.022667876135929983,0.0,0.0,0.0,1.3833399910453041
228,2025-08-25 03:00:00,1.3614933281293244,1.3826472249575024,1.3838700527085905,1.3614933281293244,1.3614933281293244,0.02177403933269887,0.02177403933269887,0.02177403933269887,0.0005328628406466873,0.0005328628406466873,0.0005328628406466873,-0.00011113763336185908,-0.00011113763336185908,-0.00011113763336185908,-0.00018656119830350287,-0.00018656119830350287,-0.00018656119830350287,-0.0008060462199099896,-0.0008060462199099896,-0.0008060462199099896,0.003001100888837299,0.003001100888837299,0.003001100888837299,-0.004107488169220798,-0.004107488169220798,-0.004107488169220798,-9.957226365450262e-05,-9.957226365450262e-05,-9.957226365450262e-05,0.00016474931514668718,0.00016474931514668718,0.00016474931514668718,0.0,0.0,0.0,0.02258008555260886,0.02258008555260886,0.02258008555260886,0.0,0.0,0.0,1.3832673674620233
229,2025-08-25 04:00:00,1.3615248788880943,1.3827350006531152,1.3839752664930765,1.3615248788880943,1.3615248788880943,0.021816655975223566,0.021816655975223566,0.021816655975223566,0.0005153583224410113,0.0005153583224410113,0.0005153583224410113,-0.00011643405108033003,-0.00011643405108033003,-0.00011643405108033003,-0.00021542680881459633,-0.00021542680881459633,-0.00021542680881459633,-0.0006741020305558748,-0.0006741020305558748,-0.0006741020305558748,0.0029637194525711204,0.0029637194525711204,0.0029637194525711204,-0.004006960579426495,-0.004006960579426495,-0.004006960579426495,-3.214242850667867e-06,-3.214242850667867e-06,-3.214242850667867e-06,0.0001888558766040828,0.0001888558766040828,0.0001888558766040828,0.0,0.0,0.0,0.02249075800577944,0.02249075800577944,0.02249075800577944,0.0,0.0,0.0,1.3833415348633178
230,2025-08-25 05:00:00,1.3615564296468639,1.3830780940445242,1.3844153445777203,1.3615564296468639,1.3615564296468639,0.02219817610409548,0.02219817610409548,0.02219817610409548,0.0004991041269643124,0.0004991041269643124,0.0004991041269643124,-0.00010803336222891532,-0.00010803336222891532,-0.00010803336222891532,-8.169572132184208e-05,-8.169572132184208e-05,-8.169572132184208e-05,-0.00020171709567188883,-0.00020171709567188883,-0.00020171709567188883,0.00292948098697288,0.00292948098697288,0.00292948098697288,-0.003849109619558792,-0.003849109619558792,-0.003849109619558792,0.0002102928018405409,0.0002102928018405409,0.0002102928018405409,0.00019824369165992697,0.00019824369165992697,0.00019824369165992697,0.0,0.0,0.0,0.02239989319976737,0.02239989319976737,0.02239989319976737,0.0,0.0,0.0,1.3837546057509593
231,2025-08-25 06:00:00,1.3615879804056337,1.3831742221805186,1.3843784327979112,1.3615879804056337,1.3615879804056337,0.022205633671272266,0.022205633671272266,0.022205633671272266,0.0004732248286060207,0.0004732248286060207,0.0004732248286060207,-0.00010419982683958341,-0.00010419982683958341,-0.00010419982683958341,0.00013455960052446896,0.00013455960052446896,0.00013455960052446896,-0.0001018572426416865,-0.0001018572426416865,-0.0001018572426416865,0.0028932579542621734,0.0028932579542621734,0.0028932579542621734,-0.003657249698610372,-0.003657249698610372,-0.003657249698610372,0.00015040592744285013,0.00015040592744285013,0.00015040592744285013,8.143971972755768e-06,8.143971972755768e-06,8.143971972755768e-06,0.0,0.0,0.0,0.022307490913913954,0.022307490913913954,0.022307490913913954,0.0,0.0,0.0,1.383793614076906
232,2025-08-25 07:00:00,1.3616195311644035,1.3824698136374844,1.3837634317182383,1.3616195311644035,1.3616195311644035,0.021467252554630643,0.021467252554630643,0.021467252554630643,0.0004752614623492067,0.0004752614623492067,0.0004752614623492067,-0.00011826047708350857,-0.00011826047708350857,-0.00011826047708350857,-0.00031869616799050566,-0.00031869616799050566,-0.00031869616799050566,-0.0007462984476319486,-0.0007462984476319486,-0.0007462984476319486,0.002847524181892239,0.002847524181892239,0.002847524181892239,-0.0036760613067311648,-0.0036760613067311648,-0.0036760613067311648,-6.164165933517798e-05,-6.164165933517798e-05,-6.164165933517798e-05,0.00010557551926696285,0.00010557551926696285,0.00010557551926696285,0.0,0.0,0.0,0.02221355100226259,0.02221355100226259,0.02221355100226259,0.0,0.0,0.0,1.3830867837190342
233,2025-08-25 08:00:00,1.3616510819231733,1.3829725605324092,1.3841805251385966,1.3616510819231733,1.3616510819231733,0.02193693527751694,0.02193693527751694,0.02193693527751694,0.00047576356123257103,0.00047576356123257103,0.00047576356123257103,-0.00013104545910590473,-0.00013104545910590473,-0.00013104545910590473,-4.178013287355537e-06,-4.178013287355537e-06,-4.178013287355537e-06,-0.00018113811603517828,-0.00018113811603517828,-0.00018113811603517828,0.00281171521683542,0.00281171521683542,0.00281171521683542,-0.003455091462188477,-0.003455091462188477,-0.003455091462188477,0.00011911775432727299,0.00011911775432727299,0.00011911775432727299,2.580286151295161e-06,2.580286151295161e-06,2.580286151295161e-06,0.0,0.0,0.0,0.022118073393552123,0.022118073393552123,0.022118073393552123,0.0,0.0,0.0,1.3835880172006902
234,2025-08-25 09:00:00,1.3616826326819431,1.3824730008876829,1.3837122599079497,1.3616826326819431,1.3616826326819431,0.021431777944590887,0.021431777944590887,0.021431777944590887,0.00047835776939004717,0.00047835776939004717,0.00047835776939004717,-0.0001429161396725753,-0.0001429161396725753,-0.0001429161396725753,-0.0002713042190181438,-0.0002713042190181438,-0.0002713042190181438,-0.0005892801465317146,-0.0005892801465317146,-0.0005892801465317146,0.0027721835863951643,0.0027721835863951643,0.0027721835863951643,-0.003400559727927292,-0.003400559727927292,-0.003400559727927292,-1.8484114304010073e-06,-1.8484114304010073e-06,-1.8484114304010073e-06,-2.3193004268514148e-05,-2.3193004268514148e-05,-2.3193004268514148e-05,0.0,0.0,0.0,0.022021058091122602,0.022021058091122602,0.022021058091122602,0.0,0.0,0.0,1.383114410626534
235,2025-08-25 10:00:00,1.361714183440713,1.3825940284483065,1.3838499420556363,1.361714183440713,1.361714183440713,0.021487954995074332,0.021487954995074332,0.021487954995074332,0.0004807666769648464,0.0004807666769648464,0.0004807666769648464,-0.00013944614795731938,-0.00013944614795731938,-0.00013944614795731938,-0.0002825719529793755,-0.0002825719529793755,-0.0002825719529793755,-0.00043455017756110494,-0.00043455017756110494,-0.00043455017756110494,0.002733230664794972,0.002733230664794972,0.002733230664794972,-0.0032400943041234597,-0.0032400943041234597,-0.0032400943041234597,3.0759498243232745e-05,3.0759498243232745e-05,3.0759498243232745e-05,-1.719461250400072e-05,-1.719461250400072e-05,-1.719461250400072e-05,0.0,0.0,0.0,0.02192250517263544,0.02192250517263544,0.02192250517263544,0.0,0.0,0.0,1.3832021384357873
236,2025-08-25 11:00:00,1.3617457341994825,1.382875878377578,1.3841227066006996,1.3617457341994825,1.3617457341994825,0.021790819341204398,0.021790819341204398,0.021790819341204398,0.00046410926340328896,0.00046410926340328896,0.00046410926340328896,-0.00013122831939704253,-0.00013122831939704253,-0.00013122831939704253,-7.575052174797777e-06,-7.575052174797777e-06,-7.575052174797777e-06,-3.1595448992912814e-05,-3.1595448992912814e-05,-3.1595448992912814e-05,0.0026960986549965085,0.0026960986549965085,0.0026960986549965085,-0.00301666834551953,-0.00301666834551953,-0.00301666834551953,-2.2224905908123255e-05,-2.2224905908123255e-05,-2.2224905908123255e-05,-1.4106744393216679e-05,-1.4106744393216679e-05,-1.4106744393216679e-05,0.0,0.0,0.0,0.021822414790197312,0.021822414790197312,0.021822414790197312,0.0,0.0,0.0,1.383536553540687
237,2025-08-25 12:00:00,1.3617772849582523,1.382018406900494,1.383261116517326,1.3617772849582523,1.3617772849582523,0.020863546800489578,0.020863546800489578,0.020863546800489578,0.00046388052897031136,0.00046388052897031136,0.00046388052897031136,7.921831437851565e-06,7.921831437851565e-06,7.921831437851565e-06,-0.0006496043581153056,-0.0006496043581153056,-0.0006496043581153056,-0.0008572403695236217,-0.0008572403695236217,-0.0008572403695236217,0.002648876210823227,0.002648876210823227,0.002648876210823227,-0.003058156961698255,-0.003058156961698255,-0.003058156961698255,-0.0003073069344166544,-0.0003073069344166544,-0.0003073069344166544,3.7149313475203565e-05,3.7149313475203565e-05,3.7149313475203565e-05,0.0,0.0,0.0,0.0217207871700132,0.0217207871700132,0.0217207871700132,0.0,0.0,0.0,1.382640831758742
238,2025-08-25 13:00:00,1.3618088357170222,1.381683627925966,1.3829475698844773,1.3618088357170222,1.3618088357170222,0.02053407904878757,0.02053407904878757,0.02053407904878757,0.0004772644369897127,0.0004772644369897127,0.0004772644369897127,2.1433900808326782e-05,2.1433900808326782e-05,2.1433900808326782e-05,-0.0009485865799659189,-0.0009485865799659189,-0.0009485865799659189,-0.001083543563592816,-0.001083543563592816,-0.001083543563592816,0.002602315289021043,0.002602315289021043,0.002602315289021043,-0.003029685130292232,-0.003029685130292232,-0.003029685130292232,-0.0002381366599865051,-0.0002381366599865051,-0.0002381366599865051,3.185117983275735e-05,3.185117983275735e-05,3.185117983275735e-05,0.0,0.0,0.0,0.021617622612380386,0.021617622612380386,0.021617622612380386,0.0,0.0,0.0,1.3823429147658097
239,2025-08-25 14:00:00,1.3618403864757918,1.381922913198707,1.3831588328256974,1.3618403864757918,1.3618403864757918,0.020657609826846855,0.020657609826846855,0.020657609826846855,0.00047323978856772314,0.00047323978856772314,0.00047323978856772314,2.7276722491975092e-05,2.7276722491975092e-05,2.7276722491975092e-05,-0.0007906747770587965,-0.0007906747770587965,-0.0007906747770587965,-0.0008553116646829064,-0.0008553116646829064,-0.0008553116646829064,0.0025526951959568417,0.0025526951959568417,0.0025526951959568417,-0.002992265374538643,-0.002992265374538643,-0.002992265374538643,-0.0001702851461437921,-0.0001702851461437921,-0.0001702851461437921,4.4701926041785786e-05,4.4701926041785786e-05,4.4701926041785786e-05,0.0,0.0,0.0,0.021512921491529762,0.021512921491529762,0.021512921491529762,0.0,0.0,0.0,1.3824979963026387
240,2025-08-25 15:00:00,1.3618719372345616,1.381994603927194,1.3832369233857502,1.3618719372345616,1.3618719372345616,0.020758675595212734,0.020758675595212734,0.020758675595212734,0.0004672601024160224,0.0004672601024160224,0.0004672601024160224,4.3710202704329226e-05,4.3710202704329226e-05,4.3710202704329226e-05,-0.0005988878387385006,-0.0005988878387385006,-0.0005988878387385006,-0.000648008660207438,-0.000648008660207438,-0.000648008660207438,0.002498856542200084,0.002498856542200084,0.002498856542200084,-0.002939179659831517,-0.002939179659831517,-0.002939179659831517,-0.00020287329912981186,-0.00020287329912981186,-0.00020287329912981186,8.310529017195633e-05,8.310529017195633e-05,8.310529017195633e-05,0.0,0.0,0.0,0.021406684255420173,0.021406684255420173,0.021406684255420173,0.0,0.0,0.0,1.3826306128297743
241,2025-08-25 16:00:00,1.3619034879933314,1.3826673770030855,1.3838964639428137,1.3619034879933314,1.3619034879933314,0.021354136309633114,0.021354136309633114,0.021354136309633114,0.0004311663490719125,0.0004311663490719125,0.0004311663490719125,4.297876153974149e-05,4.297876153974149e-05,4.297876153974149e-05,-0.0001431822108025938,-0.0001431822108025938,-0.0001431822108025938,5.5224883873634905e-05,5.5224883873634905e-05,5.5224883873634905e-05,0.002445845037875668,0.002445845037875668,0.002445845037875668,-0.00269761016136443,-0.00269761016136443,-0.00269761016136443,-9.692416649577837e-05,-9.692416649577837e-05,-9.692416649577837e-05,7.295127404911492e-05,7.295127404911492e-05,7.295127404911492e-05,0.0,0.0,0.0,0.02129891142575948,0.02129891142575948,0.02129891142575948,0.0,0.0,0.0,1.3832576243029644
242,2025-08-25 17:00:00,1.361935038752101,1.3833625707622124,1.3846275840478202,1.361935038752101,1.361935038752101,0.022033093764087013,0.022033093764087013,0.022033093764087013,0.0003799922852044552,0.0003799922852044552,0.0003799922852044552,4.170091640997633e-05,4.170091640997633e-05,4.170091640997633e-05,0.00030044763948088694,0.00030044763948088694,0.00030044763948088694,0.0008434901664233937,0.0008434901664233937,0.0008434901664233937,0.0023910974070310625,0.0023910974070310625,0.0023910974070310625,-0.0024168450066330816,-0.0024168450066330816,-0.0024168450066330816,0.00010553186411939093,0.00010553186411939093,0.00010553186411939093,4.156506081070316e-05,4.156506081070316e-05,4.156506081070316e-05,0.0,0.0,0.0,0.021189603597663618,0.021189603597663618,0.021189603597663618,0.0,0.0,0.0,1.3839681325161879
243,2025-08-25 18:00:00,1.3619665895108708,1.3837491091927347,1.3850586056833087,1.3619665895108708,1.3619665895108708,0.022492583093332,0.022492583093332,0.022492583093332,0.00031021173807601503,0.00031021173807601503,0.00031021173807601503,4.3710202704329226e-05,4.3710202704329226e-05,4.3710202704329226e-05,0.0006683438599258298,0.0006683438599258298,0.0006683438599258298,0.0014138216537049435,0.0014138216537049435,0.0014138216537049435,0.0023456948887841654,0.0023456948887841654,0.0023456948887841654,-0.0020101470056477673,-0.0020101470056477673,-0.0020101470056477673,7.963128503569903e-05,7.963128503569903e-05,7.963128503569903e-05,-2.362331517332782e-05,-2.362331517332782e-05,-2.362331517332782e-05,0.0,0.0,0.0,0.021078761439627055,0.021078761439627055,0.021078761439627055,0.0,0.0,0.0,1.3844591726042028
244,2025-08-25 19:00:00,1.3619981402696406,1.38481832634175,1.3859921048893626,1.3619981402696406,1.3619981402696406,0.023394263228600127,0.023394263228600127,0.023394263228600127,0.00024966036600916023,0.00024966036600916023,0.00024966036600916023,9.19532275114454e-06,9.19532275114454e-06,9.19532275114454e-06,0.0010650118097104365,0.0010650118097104365,0.0010650118097104365,0.0024278775352179257,0.0024278775352179257,0.0024278775352179257,0.0023080659978010534,0.0023080659978010534,0.0023080659978010534,-0.0014857359040849124,-0.0014857359040849124,-0.0014857359040849124,0.00033383202471562896,0.00033383202471562896,0.00033383202471562896,-5.215208168458617e-05,-5.215208168458617e-05,-5.215208168458617e-05,0.0,0.0,0.0,0.020966385693382203,0.020966385693382203,0.020966385693382203,0.0,0.0,0.0,1.3853924034982408
245,2025-08-25 20:00:00,1.3620296910284104,1.385360206342121,1.3865875428337648,1.3620296910284104,1.3620296910284104,0.023947554958501226,0.023947554958501226,0.023947554958501226,0.00021953493329013795,0.00021953493329013795,0.00021953493329013795,-4.832112300352695e-07,-4.832112300352695e-07,-4.832112300352695e-07,0.001146289641575073,0.001146289641575073,0.001146289641575073,0.0030950777847537875,0.0030950777847537875,0.0030950777847537875,0.0022795337788232804,0.0022795337788232804,0.0022795337788232804,-0.0008805291268040198,-0.0008805291268040198,-0.0008805291268040198,0.00040708776737241457,0.00040708776737241457,0.00040708776737241457,-7.635599827306359e-05,-7.635599827306359e-05,-7.635599827306359e-05,0.0,0.0,0.0,0.020852477173747438,0.020852477173747438,0.020852477173747438,0.0,0.0,0.0,1.3859772459869117
246,2025-08-25 21:00:00,1.3620612417871802,1.3850468357677048,1.3863255484625703,1.3620612417871802,1.3620612417871802,0.02362568260851071,0.02362568260851071,0.02362568260851071,0.0001915613171939029,0.0001915613171939029,0.0001915613171939029,2.2575162288688576e-06,2.2575162288688576e-06,2.2575162288688576e-06,0.0007471390859245505,0.0007471390859245505,0.0007471390859245505,0.0028886458402147715,0.0028886458402147715,0.0028886458402147715,0.002251664068091766,0.002251664068091766,0.002251664068091766,-0.0004886593420685568,-0.0004886593420685568,-0.0004886593420685568,0.00029288134511131923,0.00029288134511131923,0.00029288134511131923,-0.00010819815026707978,-0.00010819815026707978,-0.00010819815026707978,0.0,0.0,0.0,0.020737036768295938,0.020737036768295938,0.020737036768295938,0.0,0.0,0.0,1.3856869243956909
247,2025-08-25 22:00:00,1.36209279254595,1.385133011814019,1.3863821392748548,1.36209279254595,1.36209279254595,0.023657673439818314,0.023657673439818314,0.023657673439818314,0.0001655858165331134,0.0001655858165331134,0.0001655858165331134,1.2667491374636485e-05,1.2667491374636485e-05,1.2667491374636485e-05,0.0005080295438032547,0.0005080295438032547,0.0005080295438032547,0.003037608002398378,0.003037608002398378,0.003037608002398378,0.0022146966994793854,0.0022146966994793854,0.0022146966994793854,-0.00023741688341487617,-0.00023741688341487617,-0.00023741688341487617,0.00043459823036508515,0.00043459823036508515,0.00043459823036508515,-6.055289574222085e-05,-6.055289574222085e-05,-6.055289574222085e-05,0.0,0.0,0.0,0.020620065437419937,0.020620065437419937,0.020620065437419937,0.0,0.0,0.0,1.3857504659857685
248,2025-08-25 23:00:00,1.3621243433047197,1.3850236067704373,1.3862696101265335,1.3621243433047197,1.3621243433047197,0.023520927821050832,0.023520927821050832,0.023520927821050832,0.00013149657457791727,0.00013149657457791727,0.00013149657457791727,1.4493917377815087e-05,1.4493917377815087e-05,1.4493917377815087e-05,0.00038122086669552187,0.00038122086669552187,0.00038122086669552187,0.0030193636069458497,0.0030193636069458497,0.0030193636069458497,0.0021749994419777026,0.0021749994419777026,0.0021749994419777026,-6.289036640837033e-06,-6.289036640837033e-06,-6.289036640837033e-06,0.00043861725473525473,0.00043861725473525473,0.00043861725473525473,-0.00011517541177752537,-0.00011517541177752537,-0.00011517541177752537,0.0,0.0,0.0,0.02050156421410498,0.02050156421410498,0.02050156421410498,0.0,0.0,0.0,1.3856452711257705
249,2025-08-26 00:00:00,1.3623240871666713,1.385299798868677,1.3865507458721635,1.3623240871666713,1.3623240871666713,0.02359356003851013,0.02359356003851013,0.02359356003851013,0.00010939164626571954,0.00010939164626571954,0.00010939164626571954,1.613748308989233e-05,1.613748308989233e-05,1.613748308989233e-05,0.00035086453211967487,0.00035086453211967487,0.00035086453211967487,0.00321202583480583,0.00321202583480583,0.00321202583480583,0.0021340619532650438,0.0021340619532650438,0.0021340619532650438,0.00022287122397500489,0.00022287122397500489,0.00022287122397500489,0.0004889407920577943,0.0004889407920577943,0.0004889407920577943,-0.0001102417959672998,-0.0001102417959672998,-0.0001102417959672998,0.0,0.0,0.0,0.0203815342037043,0.0203815342037043,0.0203815342037043,0.0,0.0,0.0,1.3859176472051815
250,2025-08-26 01:00:00,1.362523831028623,1.3848098493187415,1.3860392376527628,1.362523831028623,1.362523831028623,0.02289767861504656,0.02289767861504656,0.02289767861504656,4.429963431452456e-05,4.429963431452456e-05,4.429963431452456e-05,-1.819453657215457e-05,-1.819453657215457e-05,-1.819453657215457e-05,0.00010688159438937428,0.00010688159438937428,0.00010688159438937428,0.002637702031235264,0.002637702031235264,0.002637702031235264,0.0020814635307191713,0.0020814635307191713,0.0020814635307191713,0.00014167889645085542,0.00014167889645085542,0.00014167889645085542,0.0003040610343531625,0.0003040610343531625,0.0003040610343531625,-2.2488122419669114e-05,-2.2488122419669114e-05,-2.2488122419669114e-05,0.0,0.0,0.0,0.020259976583811297,0.020259976583811297,0.020259976583811297,0.0,0.0,0.0,1.3854215096436695
251,2025-08-26 02:00:00,1.3627235748905744,1.3848323330489691,1.3860786567137684,1.3627235748905744,1.3627235748905744,0.022750770652193313,0.022750770652193313,0.022750770652193313,-1.614294821158503e-05,-1.614294821158503e-05,-1.614294821158503e-05,-3.517877456615831e-05,-3.517877456615831e-05,-3.517877456615831e-05,0.000145900023627933,0.000145900023627933,0.000145900023627933,0.0026138780481700383,0.0026138780481700383,0.0026138780481700383,0.002040608855537272,0.002040608855537272,0.002040608855537272,0.00027756824273026244,0.00027756824273026244,0.00027756824273026244,0.00032966735189147203,0.00032966735189147203,0.00032966735189147203,-0.00012854470283915766,-0.00012854470283915766,-0.00012854470283915766,0.0,0.0,0.0,0.020136892604023272,0.020136892604023272,0.020136892604023272,0.0,0.0,0.0,1.3854743455427676
252,2025-08-26 03:00:00,1.362923318752526,1.3844888142780296,1.385777640773114,1.362923318752526,1.362923318752526,0.022220474907979685,0.022220474907979685,0.022220474907979685,-7.226820341440098e-05,-7.226820341440098e-05,-7.226820341440098e-05,-2.5136696910902435e-05,-2.5136696910902435e-05,-2.5136696910902435e-05,2.294229788328674e-05,2.294229788328674e-05,2.294229788328674e-05,0.0022081913220987895,0.0022081913220987895,0.0022081913220987895,0.0019950407102288558,0.0019950407102288558,0.0019950407102288558,0.00020652182624354457,0.00020652182624354457,0.00020652182624354457,0.0001543585868834047,0.0001543585868834047,0.0001543585868834047,-7.326719881499881e-05,-7.326719881499881e-05,-7.326719881499881e-05,0.0,0.0,0.0,0.020012283585880895,0.020012283585880895,0.020012283585880895,0.0,0.0,0.0,1.3851437936605058
253,2025-08-26 04:00:00,1.3631230626144777,1.3848027113976917,1.3860952323465072,1.3631230626144777,1.3631230626144777,0.02234360623388671,0.02234360623388671,0.02234360623388671,-0.00012505164832675818,-0.00012505164832675818,-0.00012505164832675818,-1.783099289811509e-05,-1.783099289811509e-05,-1.783099289811509e-05,0.00019958254733524932,0.00019958254733524932,0.00019958254733524932,0.0024574553113381756,0.0024574553113381756,0.0024574553113381756,0.001954020407985437,0.001954020407985437,0.001954020407985437,0.00036052828381066116,0.00036052828381066116,0.00036052828381066116,0.0001936078067495442,0.0001936078067495442,0.0001936078067495442,-0.00010740109331784267,-0.00010740109331784267,-0.00010740109331784267,0.0,0.0,0.0,0.019886150922548536,0.019886150922548536,0.019886150922548536,0.0,0.0,0.0,1.3854666688483643
254,2025-08-26 05:00:00,1.3633228064764291,1.3846942356815137,1.3859411589117794,1.3633228064764291,1.3633228064764291,0.021974679261892952,0.021974679261892952,0.021974679261892952,-0.00016953979707986673,-0.00016953979707986673,-0.00016953979707986673,-5.413908366230656e-06,-5.413908366230656e-06,-5.413908366230656e-06,0.0001662419792985779,0.0001662419792985779,0.0001662419792985779,0.0022161831831451293,0.0022161831831451293,0.0022161831831451293,0.0019058061731937316,0.0019058061731937316,0.0019058061731937316,0.00040662959387188606,0.00040662959387188606,0.00040662959387188606,4.91996208181156e-06,4.91996208181156e-06,4.91996208181156e-06,-9.246081985478075e-05,-9.246081985478075e-05,-9.246081985478075e-05,0.0,0.0,0.0,0.019758496078747825,0.019758496078747825,0.019758496078747825,0.0,0.0,0.0,1.385297485738322
255,2025-08-26 06:00:00,1.3635225503383808,1.3841715094265323,1.3854422499664534,1.3635225503383808,1.3635225503383808,0.021264314273734996,0.021264314273734996,0.021264314273734996,-0.00021712101352948704,-0.00021712101352948704,-0.00021712101352948704,-2.1246000339130087e-06,-2.1246000339130087e-06,-2.1246000339130087e-06,-0.00010578434772608957,-0.00010578434772608957,-0.00010578434772608957,0.00163499368321176,0.00163499368321176,0.00163499368321176,0.001854944863043301,0.001854944863043301,0.001854944863043301,0.0003475886553188037,0.0003475886553188037,0.0003475886553188037,-0.0001943719234464206,-0.0001943719234464206,-0.0001943719234464206,-4.8137950414434114e-05,-4.8137950414434114e-05,-4.8137950414434114e-05,0.0,0.0,0.0,0.019629320590523237,0.019629320590523237,0.019629320590523237,0.0,0.0,0.0,1.3847868646121158
256,2025-08-26 07:00:00,1.3637222942003322,1.3847863888967764,1.3860741589378,1.3637222942003322,1.3637222942003322,0.021728696336584342,0.021728696336584342,0.021728696336584342,-0.00022759310825139464,-0.00022759310825139464,-0.00022759310825139464,-1.582170660376211e-05,-1.582170660376211e-05,-1.582170660376211e-05,0.00028406688842526155,0.00028406688842526155,0.00028406688842526155,0.002230070271562715,0.002230070271562715,0.002230070271562715,0.001811526911908871,0.001811526911908871,0.001811526911908871,0.0004510998010902532,0.0004510998010902532,0.0004510998010902532,-1.1365066939337344e-05,-1.1365066939337344e-05,-1.1365066939337344e-05,-6.18434480671765e-05,-6.18434480671765e-05,-6.18434480671765e-05,0.0,0.0,0.0,0.019498626065021632,0.019498626065021632,0.019498626065021632,0.0,0.0,0.0,1.3854509905369166
257,2025-08-26 08:00:00,1.3639220380622838,1.3848522887990495,1.3861373813474367,1.3639220380622838,1.3639220380622838,0.021568354531048835,0.021568354531048835,0.021568354531048835,-0.00022914196819095043,-0.00022914196819095043,-0.00022914196819095043,-2.5863784259017987e-05,-2.5863784259017987e-05,-2.5863784259017987e-05,0.0002333124429200877,0.0002333124429200877,0.0002333124429200877,0.002201940350725565,0.002201940350725565,0.002201940350725565,0.0017626501688709987,0.0017626501688709987,0.0017626501688709987,0.0004857430965549778,0.0004857430965549778,0.0004857430965549778,3.5435267865401965e-06,3.5435267865401965e-06,3.5435267865401965e-06,-2.8303131957071033e-05,-2.8303131957071033e-05,-2.8303131957071033e-05,0.0,0.0,0.0,0.01936641418032327,0.01936641418032327,0.01936641418032327,0.0,0.0,0.0,1.3854903925933326
258,2025-08-26 09:00:00,1.3641217819242355,1.3850627443280608,1.3863666935372345,1.3641217819242355,1.3641217819242355,0.02158984025010614,0.02158984025010614,0.02158984025010614,-0.00023058019527768105,-0.00023058019527768105,-0.00023058019527768105,-2.6229504841293643e-05,-2.6229504841293643e-05,-2.6229504841293643e-05,0.0003448351532949942,0.0003448351532949942,0.0003448351532949942,0.002357153564814171,0.002357153564814171,0.002357153564814171,0.0017158417923517897,0.0017158417923517897,0.0017158417923517897,0.0005462516256885663,0.0005462516256885663,0.0005462516256885663,8.989531332974571e-06,8.989531332974571e-06,8.989531332974571e-06,-1.954837735179064e-06,-1.954837735179064e-06,-1.954837735179064e-06,0.0,0.0,0.0,0.019232686685291968,0.019232686685291968,0.019232686685291968,0.0,0.0,0.0,1.3857116221743417
259,2025-08-26 10:00:00,1.3643215257861872,1.3839700802211345,1.3851956553029792,1.3643215257861872,1.3643215257861872,0.020225847435358033,0.020225847435358033,0.020225847435358033,-0.0002733190171485327,-0.0002733190171485327,-0.0002733190171485327,-2.2576652834899924e-05,-2.2576652834899924e-05,-2.2576652834899924e-05,-0.000565139912344851,-0.000565139912344851,-0.000565139912344851,0.0011284020361129407,0.0011284020361129407,0.0011284020361129407,0.0016605144667916848,0.0016605144667916848,0.0016605144667916848,0.000413062518240405,0.000413062518240405,0.000413062518240405,-0.00015645238505471415,-0.00015645238505471415,-0.00015645238505471415,7.231301846384898e-05,7.231301846384898e-05,7.231301846384898e-05,0.0,0.0,0.0,0.01909744539924509,0.01909744539924509,0.01909744539924509,0.0,0.0,0.0,1.3845473732215452
260,2025-08-26 11:00:00,1.3645212696481386,1.3837189227413509,1.3850192689953313,1.3645212696481386,1.3645212696481386,0.019864286058692327,0.019864286058692327,0.019864286058692327,-0.0003131760577967513,-0.0003131760577967513,-0.0003131760577967513,-1.9472381701919732e-05,-1.9472381701919732e-05,-1.9472381701919732e-05,-0.0007353735848989558,-0.0007353735848989558,-0.0007353735848989558,0.0009035938467937291,0.0009035938467937291,0.0009035938467937291,0.0016070888948133799,0.0016070888948133799,0.0016070888948133799,0.0002845695245925575,0.0002845695245925575,0.0002845695245925575,2.120851457027609e-05,2.120851457027609e-05,2.120851457027609e-05,5.8748937215142313e-05,5.8748937215142313e-05,5.8748937215142313e-05,0.0,0.0,0.0,0.018960692211898597,0.018960692211898597,0.018960692211898597,0.0,0.0,0.0,1.384385555706831
261,2025-08-26 12:00:00,1.36472101351009,1.3832701906584903,1.3845991510204485,1.36472101351009,1.36472101351009,0.019191303137079303,0.019191303137079303,0.019191303137079303,-0.0003283486657799475,-0.0003283486657799475,-0.0003283486657799475,-1.8011676281016784e-05,-1.8011676281016784e-05,-1.8011676281016784e-05,-0.0008625432130255616,-0.0008625432130255616,-0.0008625432130255616,0.0003688740540391539,0.0003688740540391539,0.0003688740540391539,0.0015568900929092075,0.0015568900929092075,0.0015568900929092075,0.00013025906311235993,0.00013025906311235993,0.00013025906311235993,-0.0001659734620496542,-0.0001659734620496542,-0.0001659734620496542,5.660191515376682e-05,5.660191515376682e-05,5.660191515376682e-05,0.0,0.0,0.0,0.01882242908304015,0.01882242908304015,0.01882242908304015,0.0,0.0,0.0,1.3839123166471694
262,2025-08-26 13:00:00,1.3649207573720417,1.383457904884916,1.3846711298213477,1.3649207573720417,1.3649207573720417,0.019174264150186277,0.019174264150186277,0.019174264150186277,-0.0003424375160500582,-0.0003424375160500582,-0.0003424375160500582,-2.2028071961486486e-05,-2.2028071961486486e-05,-2.2028071961486486e-05,-0.0007172634374703532,-0.0007172634374703532,-0.0007172634374703532,0.0004916061077981336,0.0004916061077981336,0.0004916061077981336,0.0015009012449783727,0.0015009012449783727,0.0015009012449783727,3.217741227176352e-05,3.217741227176352e-05,3.217741227176352e-05,-1.815781311032536e-05,-1.815781311032536e-05,-1.815781311032536e-05,5.8414289140220745e-05,5.8414289140220745e-05,5.8414289140220745e-05,0.0,0.0,0.0,0.018682658042388143,0.018682658042388143,0.018682658042388143,0.0,0.0,0.0,1.3840950215222279
263,2025-08-26 14:00:00,1.3651205012339933,1.3835548277930745,1.384829409172611,1.3651205012339933,1.3651205012339933,0.0190686630721095,0.0190686630721095,0.0190686630721095,-0.0003756195014163178,-0.0003756195014163178,-0.0003756195014163178,-2.440090192987894e-05,-2.440090192987894e-05,-2.440090192987894e-05,-0.000432784164507938,-0.000432784164507938,-0.000432784164507938,0.000527281882698254,0.000527281882698254,0.000527281882698254,0.0014443336882074744,0.0014443336882074744,0.0014443336882074744,-6.78506964004997e-07,-6.78506964004997e-07,-6.78506964004997e-07,-0.00014289831591550087,-0.00014289831591550087,-0.00014289831591550087,5.9329585224420133e-05,5.9329585224420133e-05,5.9329585224420133e-05,0.0,0.0,0.0,0.018541381189411246,0.018541381189411246,0.018541381189411246,0.0,0.0,0.0,1.3841891643061028
264,2025-08-26 15:00:00,1.365320245095945,1.3821320164304196,1.3833228119132444,1.365320245095945,1.365320245095945,0.017393191949317835,0.017393191949317835,0.017393191949317835,-0.0003460035849514672,-0.0003460035849514672,-0.0003460035849514672,-4.156582330678439e-05,-4.156582330678439e-05,-4.156582330678439e-05,-0.0012622349555219193,-0.0012622349555219193,-0.0012622349555219193,-0.001005408743629507,-0.001005408743629507,-0.001005408743629507,0.0013746165258002002,0.0013746165258002002,0.0013746165258002002,-0.00042676677459352737,-0.00042676677459352737,-0.00042676677459352737,-0.000388447635149054,-0.000388447635149054,-0.000388447635149054,8.499350409304479e-05,8.499350409304479e-05,8.499350409304479e-05,0.0,0.0,0.0,0.018398600692947346,0.018398600692947346,0.018398600692947346,0.0,0.0,0.0,1.3827134370452627
265,2025-08-26 16:00:00,1.3655199889578964,1.3817682291525133,1.3830096255713613,1.3655199889578964,1.3655199889578964,0.016919557399432558,0.016919557399432558,0.016919557399432558,-0.0003070371675353576,-0.0003070371675353576,-0.0003070371675353576,-3.4442979585134823e-05,-3.4442979585134823e-05,-3.4442979585134823e-05,-0.0013108462287079621,-0.0013108462287079621,-0.0013108462287079621,-0.0013347613917531421,-0.0013347613917531421,-0.0013347613917531421,0.0012988628485245816,0.0012988628485245816,0.0012988628485245816,-0.0007842721030797296,-0.0007842721030797296,-0.0007842721030797296,-0.00034243289750196504,-0.00034243289750196504,-0.00034243289750196504,0.00014540713613242528,0.00014540713613242528,0.00014540713613242528,0.0,0.0,0.0,0.018254318791185702,0.018254318791185702,0.018254318791185702,0.0,0.0,0.0,1.382439546357329
266,2025-08-26 17:00:00,1.3657197328198478,1.3819514523513479,1.3831442494095607,1.3657197328198478,1.3657197328198478,0.01683825823947921,0.01683825823947921,0.01683825823947921,-0.0002841169554812152,-0.0002841169554812152,-0.0002841169554812152,-3.5357281040823914e-05,-3.5357281040823914e-05,-3.5357281040823914e-05,-0.0008938956407413949,-0.0008938956407413949,-0.0008938956407413949,-0.0012702795518658263,-0.0012702795518658263,-0.0012702795518658263,0.0012227779171259257,0.0012227779171259257,0.0012227779171259257,-0.0009746179091890467,-0.0009746179091890467,-0.0009746179091890467,-0.0003964813993718329,-0.0003964813993718329,-0.0003964813993718329,9.141171683256135e-05,9.141171683256135e-05,9.141171683256135e-05,0.0,0.0,0.0,0.018108537791345036,0.018108537791345036,0.018108537791345036,0.0,0.0,0.0,1.382557991059327
267,2025-08-26 18:00:00,1.3659194766817995,1.3825463203059634,1.383836855195115,1.3659194766817995,1.3659194766817995,0.01724927439500646,0.01724927439500646,0.01724927439500646,-0.00030090799872215283,-0.00030090799872215283,-0.00030090799872215283,-4.7957225863882646e-05,-4.7957225863882646e-05,-4.7957225863882646e-05,-0.0005066688842087086,-0.0005066688842087086,-0.0005066688842087086,-0.0007119856743502326,-0.0007119856743502326,-0.0007119856743502326,0.0012263339695724074,0.0012263339695724074,0.0012263339695724074,-0.0009461810063122833,-0.0009461810063122833,-0.0009461810063122833,-0.00024193115239231288,-0.00024193115239231288,-0.00024193115239231288,0.00010532662357670044,0.00010532662357670044,0.00010532662357670044,0.0,0.0,0.0,0.017961260069356694,0.017961260069356694,0.017961260069356694,0.0,0.0,0.0,1.383168751076806
268,2025-08-26 19:00:00,1.3661192205437511,1.382442233192595,1.3836980449573673,1.3661192205437511,1.3661192205437511,0.01695870938506796,0.01695870938506796,0.01695870938506796,-0.00032361106653376506,-0.00032361106653376506,-0.00032361106653376506,-6.347640462047475e-05,-6.347640462047475e-05,-6.347640462047475e-05,-0.0004681387672991034,-0.0004681387672991034,-0.0004681387672991034,-0.000853778684795024,-0.000853778684795024,-0.000853778684795024,0.0012171544840362178,0.0012171544840362178,0.0012171544840362178,-0.0009926944947408222,-0.0009926944947408222,-0.0009926944947408222,-0.00033004301937752045,-0.00033004301937752045,-0.00033004301937752045,0.00010703058374044405,0.00010703058374044405,0.00010703058374044405,0.0,0.0,0.0,0.017812488069862985,0.017812488069862985,0.017812488069862985,0.0,0.0,0.0,1.3830779299288192
269,2025-08-26 20:00:00,1.3663189644057028,1.3825608032473962,1.3838165079283706,1.3663189644057028,1.3663189644057028,0.016873413304300925,0.016873413304300925,0.016873413304300925,-0.00034469248664454786,-0.00034469248664454786,-0.00034469248664454786,-6.584923458886721e-05,-6.584923458886721e-05,-6.584923458886721e-05,-0.000466036197569216,-0.000466036197569216,-0.000466036197569216,-0.0007888110014516236,-0.0007888110014516236,-0.0007888110014516236,0.0012188087829009917,0.0012188087829009917,0.0012188087829009917,-0.001019030209827902,-0.001019030209827902,-0.001019030209827902,-0.00020133590921382564,-0.00020133590921382564,-0.00020133590921382564,8.932425349174348e-05,8.932425349174348e-05,8.932425349174348e-05,0.0,0.0,0.0,0.01766222430575255,0.01766222430575255,0.01766222430575255,0.0,0.0,0.0,1.3831923777100037
270,2025-08-26 21:00:00,1.3665187082676542,1.382952822062221,1.384203214134581,1.3665187082676542,1.3665187082676542,0.01704600940561434,0.01704600940561434,0.01704600940561434,-0.0003798822661607941,-0.0003798822661607941,-0.0003798822661607941,-4.04664846516849e-05,-4.04664846516849e-05,-4.04664846516849e-05,-0.0003018484657758134,-0.0003018484657758134,-0.0003018484657758134,-0.00046446195241568245,-0.00046446195241568245,-0.00046446195241568245,0.0012350185456746377,0.0012350185456746377,0.0012350185456746377,-0.0009599911243981378,-0.0009599911243981378,-0.0009599911243981378,-0.00013620338690269765,-0.00013620338690269765,-0.00013620338690269765,0.00011891122979880798,0.00011891122979880798,0.00011891122979880798,0.0,0.0,0.0,0.017510471358030025,0.017510471358030025,0.017510471358030025,0.0,0.0,0.0,1.3835647176732686
271,2025-08-26 22:00:00,1.3667184521296059,1.383089646538121,1.3843302835617808,1.3667184521296059,1.3667184521296059,0.016973702785637146,0.016973702785637146,0.016973702785637146,-0.0004125584899973085,-0.0004125584899973085,-0.0004125584899973085,-1.964653436014973e-05,-1.964653436014973e-05,-1.964653436014973e-05,-0.00023547643409466563,-0.00023547643409466563,-0.00023547643409466563,-0.0003835290900086504,-0.0003835290900086504,-0.0003835290900086504,0.0012444464718031054,0.0012444464718031054,0.0012444464718031054,-0.0009477599498750821,-0.0009477599498750821,-0.0009477599498750821,-0.00013218207707970815,-0.00013218207707970815,-0.00013218207707970815,0.00011964792359515831,0.00011964792359515831,0.00011964792359515831,0.0,0.0,0.0,0.0173572318756458,0.0173572318756458,0.0173572318756458,0.0,0.0,0.0,1.383692154915243
272,2025-08-26 23:00:00,1.3669181959915573,1.3830235782721392,1.384280265341781,1.3669181959915573,1.3669181959915573,0.01671492945521462,0.01671492945521462,0.01671492945521462,-0.0004243925122746309,-0.0004243925122746309,-0.0004243925122746309,-1.2889411220812329e-05,-1.2889411220812329e-05,-1.2889411220812329e-05,-0.00029180041310299766,-0.00029180041310299766,-0.00029180041310299766,-0.00048757911993371826,-0.00048757911993371826,-0.00048757911993371826,0.0012486640466204094,0.0012486640466204094,0.0012486640466204094,-0.0009686691527269318,-0.0009686691527269318,-0.0009686691527269318,-0.0001810140370329254,-0.0001810140370329254,-0.0001810140370329254,0.0001425223598041708,0.0001425223598041708,0.0001425223598041708,0.0,0.0,0.0,0.01720250857514834,0.01720250857514834,0.01720250857514834,0.0,0.0,0.0,1.383633125446772
273,2025-08-27 00:00:00,1.367117939853509,1.383009325779573,1.3842065629311107,1.367117939853509,1.367117939853509,0.016504128126004495,0.016504128126004495,0.016504128126004495,-0.00043086508461916584,-0.00043086508461916584,-0.00043086508461916584,-5.585884116224484e-06,-5.585884116224484e-06,-5.585884116224484e-06,-0.00030401918933604103,-0.00030401918933604103,-0.00030401918933604103,-0.0005421761144155055,-0.0005421761144155055,-0.0005421761144155055,0.0012559417785748912,0.0012559417785748912,0.0012559417785748912,-0.0009551642426460641,-0.0009551642426460641,-0.0009551642426460641,-0.0001999744244774444,-0.0001999744244774444,-0.0001999744244774444,9.749093220454303e-05,9.749093220454303e-05,9.749093220454303e-05,0.0,0.0,0.0,0.017046304240419998,0.017046304240419998,0.017046304240419998,0.0,0.0,0.0,1.3836220679795135
274,2025-08-27 01:00:00,1.3671783988465076,1.3831550816603124,1.3843880757438194,1.3671783988465076,1.3671783988465076,0.016597627904109735,0.016597627904109735,0.016597627904109735,-0.000432208294238962,-0.000432208294238962,-0.000432208294238962,-3.576597821871584e-06,-3.576597821871584e-06,-3.576597821871584e-06,-0.00033141357705700615,-0.00033141357705700615,-0.00033141357705700615,-0.0002909938183521611,-0.0002909938183521611,-0.0002909938183521611,0.001261730838726118,0.001261730838726118,0.001261730838726118,-0.0009622590653333666,-0.0009622590653333666,-0.0009622590653333666,7.697178706977451e-05,7.697178706977451e-05,7.697178706977451e-05,9.976109030315266e-05,9.976109030315266e-05,9.976109030315266e-05,0.0,0.0,0.0,0.016888621722461895,0.016888621722461895,0.016888621722461895,0.0,0.0,0.0,1.3837760267506174
275,2025-08-27 02:00:00,1.3672388578395063,1.3830052644536601,1.384273025760617,1.3672388578395063,1.3672388578395063,0.016358830850144997,0.016358830850144997,0.016358830850144997,-0.00042404440531090647,-0.00042404440531090647,-0.00042404440531090647,-7.412310119439596e-06,-7.412310119439596e-06,-7.412310119439596e-06,-0.00038965050940851614,-0.00038965050940851614,-0.00038965050940851614,-0.0003706330891459554,-0.0003706330891459554,-0.0003706330891459554,0.0012646253688016855,0.0012646253688016855,0.0012646253688016855,-0.0009853907000459225,-0.0009853907000459225,-0.0009853907000459225,7.698166405345601e-05,7.698166405345601e-05,7.698166405345601e-05,9.425780288368772e-05,9.425780288368772e-05,9.425780288368772e-05,0.0,0.0,0.0,0.016729463939290954,0.016729463939290954,0.016729463939290954,0.0,0.0,0.0,1.3835976886896513
276,2025-08-27 03:00:00,1.367299316832505,1.3834947965046778,1.3847812541734765,1.367299316832505,1.367299316832505,0.016837326932130227,0.016837326932130227,0.016837326932130227,-0.00044731523286747725,-0.00044731523286747725,-0.00044731523286747725,9.883787320115606e-07,9.883787320115606e-07,9.883787320115606e-07,0.000156383789884467,0.000156383789884467,0.000156383789884467,0.00026849305673902225,0.00026849305673902225,0.00026849305673902225,0.0012669411900372819,0.0012669411900372819,0.0012669411900372819,-0.0008731877769241456,-0.0008731877769241456,-0.0008731877769241456,0.00010549294131373067,0.00010549294131373067,0.00010549294131373067,5.9189766563154e-05,5.9189766563154e-05,5.9189766563154e-05,0.0,0.0,0.0,0.016568833875391206,0.016568833875391206,0.016568833875391206,0.0,0.0,0.0,1.3841366437646352
277,2025-08-27 04:00:00,1.3673597758255036,1.3839563301571955,1.3852464567617746,1.3673597758255036,1.3673597758255036,0.01720823407368482,0.01720823407368482,0.01720823407368482,-0.00046892385845572187,-0.00046892385845572187,-0.00046892385845572187,2.618826837805607e-05,2.618826837805607e-05,2.618826837805607e-05,0.0006547478256243062,0.0006547478256243062,0.0006547478256243062,0.0008014994919842967,0.0008014994919842967,0.0008014994919842967,0.0012647081823325367,0.0012647081823325367,0.0012647081823325367,-0.0007437270596333157,-0.0007437270596333157,-0.0007437270596333157,4.939184541711116e-06,4.939184541711116e-06,4.939184541711116e-06,6.35669491967243e-05,6.35669491967243e-05,6.35669491967243e-05,0.0,0.0,0.0,0.016406734581700527,0.016406734581700527,0.016406734581700527,0.0,0.0,0.0,1.3845680098991884
278,2025-08-27 05:00:00,1.3674202348185023,1.3839867646207382,1.385264109246271,1.3674202348185023,1.3674202348185023,0.017220916220498882,0.017220916220498882,0.017220916220498882,-0.0004926956225990887,-0.0004926956225990887,-0.0004926956225990887,3.385751606488299e-05,3.385751606488299e-05,3.385751606488299e-05,0.0007689712151820621,0.0007689712151820621,0.0007689712151820621,0.0009777470451773898,0.0009777470451773898,0.0009777470451773898,0.0012676855259388636,0.0012676855259388636,0.0012676855259388636,-0.0005858166806389612,-0.0005858166806389612,-0.0005858166806389612,0.00010002617861407646,0.00010002617861407646,0.00010002617861407646,-0.00011428108738444544,-0.00011428108738444544,-0.00011428108738444544,0.0,0.0,0.0,0.01624316917532149,0.01624316917532149,0.01624316917532149,0.0,0.0,0.0,1.384641151039001
279,2025-08-27 06:00:00,1.367480693811501,1.3839075838261536,1.3851764670892712,1.367480693811501,1.367480693811501,0.017023419224854144,0.017023419224854144,0.017023419224854144,-0.0005078860127526384,-0.0005078860127526384,-0.0005078860127526384,4.2621748590373694e-05,4.2621748590373694e-05,4.2621748590373694e-05,0.0006612293236599091,0.0006612293236599091,0.0006612293236599091,0.0009452783858096175,0.0009452783858096175,0.0009452783858096175,0.0012741370943363487,0.0012741370943363487,0.0012741370943363487,-0.0004894358976543792,-0.0004894358976543792,-0.0004894358976543792,7.557583216207107e-05,7.557583216207107e-05,7.557583216207107e-05,-0.00011096370253206743,-0.00011096370253206743,-0.00011096370253206743,0.0,0.0,0.0,0.016078140839044526,0.016078140839044526,0.016078140839044526,0.0,0.0,0.0,1.3845041130363551
280,2025-08-27 07:00:00,1.3675411528044998,1.3831698278018547,1.38446140061351,1.3675411528044998,1.3675411528044998,0.01627274285957009,0.01627274285957009,0.01627274285957009,-0.0005193861838596358,-0.0005193861838596358,-0.0005193861838596358,4.317032946378714e-05,4.317032946378714e-05,4.317032946378714e-05,0.00010422132533817223,0.00010422132533817223,0.00010422132533817223,0.00036109003814755543,0.00036109003814755543,0.00036109003814755543,0.001276204474979667,0.001276204474979667,0.001276204474979667,-0.0004715398672513722,-0.0004715398672513722,-0.0004715398672513722,-2.223950466096146e-05,-2.223950466096146e-05,-2.223950466096146e-05,-4.934053586210135e-05,-4.934053586210135e-05,-4.934053586210135e-05,0.0,0.0,0.0,0.015911652821422533,0.015911652821422533,0.015911652821422533,0.0,0.0,0.0,1.38381389566407
281,2025-08-27 08:00:00,1.3676016117974983,1.3842057770798255,1.3854454738432083,1.3676016117974983,1.3676016117974983,0.01722783394893597,0.01722783394893597,0.01722783394893597,-0.0004996830471075777,-0.0004996830471075777,-0.0004996830471075777,3.2396810643980036e-05,3.2396810643980036e-05,3.2396810643980036e-05,0.0008844804467688607,0.0008844804467688607,0.0008844804467688607,0.0014841255127251258,0.0014841255127251258,0.0014841255127251258,0.0012841437293048793,0.0012841437293048793,0.0012841437293048793,-0.00029841567115408295,-0.00029841567115408295,-0.00029841567115408295,0.00012582252366585129,0.00012582252366585129,0.00012582252366585129,-4.4619279396785155e-05,-4.4619279396785155e-05,-4.4619279396785155e-05,0.0,0.0,0.0,0.01574370843621084,0.01574370843621084,0.01574370843621084,0.0,0.0,0.0,1.3848294457464343
282,2025-08-27 09:00:00,1.367662070790497,1.3844105391298371,1.3856598288058048,1.367662070790497,1.367662070790497,0.017363276672193954,0.017363276672193954,0.017363276672193954,-0.00047025155945762257,-0.00047025155945762257,-0.00047025155945762257,3.184822977053001e-05,3.184822977053001e-05,3.184822977053001e-05,0.0009504587227574105,0.0009504587227574105,0.0009504587227574105,0.0017889656099811216,0.0017889656099811216,0.0017889656099811216,0.0013038267309942477,0.0013038267309942477,0.0013038267309942477,-0.0001113707875446479,-0.0001113707875446479,-0.0001113707875446479,0.00019239889620089318,0.00019239889620089318,0.00019239889620089318,-0.00010794462273968939,-0.00010794462273968939,-0.00010794462273968939,0.0,0.0,0.0,0.015574311062212834,0.015574311062212834,0.015574311062212834,0.0,0.0,0.0,1.385025347462691
283,2025-08-27 10:00:00,1.3677225297834956,1.3842358676530147,1.385437708409159,1.3677225297834956,1.3677225297834956,0.017127703032152573,0.017127703032152573,0.017127703032152573,-0.00044292232092552135,-0.00044292232092552135,-0.00044292232092552135,4.006605833080687e-05,4.006605833080687e-05,4.006605833080687e-05,0.0006968715114248048,0.0006968715114248048,0.0006968715114248048,0.0017242388891074655,0.0017242388891074655,0.0017242388891074655,0.0013149907836428126,0.0013149907836428126,0.0013149907836428126,4.251581748568994e-05,4.251581748568994e-05,4.251581748568994e-05,0.00018286161889384252,0.00018286161889384252,0.00018286161889384252,-0.00011014457974496995,-0.00011014457974496995,-0.00011014457974496995,0.0,0.0,0.0,0.015403464143045107,0.015403464143045107,0.015403464143045107,0.0,0.0,0.0,1.3848502328156482
284,2025-08-27 11:00:00,1.3677829887764945,1.3843450942674131,1.3856134245955114,1.3677829887764945,1.3677829887764945,0.01717341333999377,0.01717341333999377,0.01717341333999377,-0.00041754517085999885,-0.00041754517085999885,-0.00041754517085999885,7.311805595485258e-05,7.311805595485258e-05,7.311805595485258e-05,0.0005910994935783009,0.0005910994935783009,0.0005910994935783009,0.0019422421531960605,0.0019422421531960605,0.0019422421531960605,0.0013359150024184105,0.0013359150024184105,0.0013359150024184105,0.00021972862232875047,0.00021972862232875047,0.00021972862232875047,0.00024675089052491554,0.00024675089052491554,0.00024675089052491554,-0.0001068247407491709,-0.0001068247407491709,-0.0001068247407491709,0.0,0.0,0.0,0.01523117118679771,0.01523117118679771,0.01523117118679771,0.0,0.0,0.0,1.3849564021164882
285,2025-08-27 12:00:00,1.3678434477694932,1.3841997204736154,1.3854227130606078,1.3678434477694932,1.3678434477694932,0.016981918831865922,0.016981918831865922,0.016981918831865922,-0.00041430198864742196,-0.00041430198864742196,-0.00041430198864742196,6.690733678069254e-05,6.690733678069254e-05,6.690733678069254e-05,0.0004434839971308348,0.0004434839971308348,0.0004434839971308348,0.0019244830661496273,0.0019244830661496273,0.0019244830661496273,0.0013527862875628788,0.0013527862875628788,0.0013527862875628788,0.00034573488538924526,0.00034573488538924526,0.00034573488538924526,0.00026035095222575155,0.00026035095222575155,0.00026035095222575155,-0.00013047840429235386,-0.00013047840429235386,-0.00013047840429235386,0.0,0.0,0.0,0.015057435765716295,0.015057435765716295,0.015057435765716295,0.0,0.0,0.0,1.384825366601359
286,2025-08-27 13:00:00,1.3679039067624916,1.3839140757565795,1.3851460325670086,1.3679039067624916,1.3679039067624916,0.016599068308048096,0.016599068308048096,0.016599068308048096,-0.00042429152377167196,-0.00042429152377167196,-0.00042429152377167196,6.23423602268094e-05,6.23423602268094e-05,6.23423602268094e-05,0.00028694249799290786,0.00028694249799290786,0.00028694249799290786,0.0017168067919982443,0.0017168067919982443,0.0017168067919982443,0.0013657702661378284,0.0013657702661378284,0.0013657702661378284,0.0004156289609738599,0.0004156289609738599,0.0004156289609738599,0.00015294404203921452,0.00015294404203921452,0.00015294404203921452,-0.00014252981160070376,-0.00014252981160070376,-0.00014252981160070376,0.0,0.0,0.0,0.014882261516049853,0.014882261516049853,0.014882261516049853,0.0,0.0,0.0,1.3845029750705398
287,2025-08-27 14:00:00,1.3679643657554905,1.3838095926210447,1.3850661593417375,1.3679643657554905,1.3679643657554905,0.01650062151417696,0.01650062151417696,0.01650062151417696,-0.00043356752067276124,-0.00043356752067276124,-0.00043356752067276124,6.544445445155349e-05,6.544445445155349e-05,6.544445445155349e-05,0.00027013718827141516,0.00027013718827141516,0.00027013718827141516,0.0017949693764961069,0.0017949693764961069,0.0017949693764961069,0.0013914907685707014,0.0013914907685707014,0.0013914907685707014,0.0004954292771481726,0.0004954292771481726,0.0004954292771481726,0.00015156272678366238,0.00015156272678366238,0.00015156272678366238,-0.00014552751805663693,-0.00014552751805663693,-0.00014552751805663693,0.0,0.0,0.0,0.014705652137680854,0.014705652137680854,0.014705652137680854,0.0,0.0,0.0,1.3844649872696675
288,2025-08-27 15:00:00,1.3680248247484892,1.3825080778971217,1.3838017939433327,1.3680248247484892,1.3680248247484892,0.015142385191577453,0.015142385191577453,0.015142385191577453,-0.00041335993528854065,-0.00041335993528854065,-0.00041335993528854065,3.8235278511156157e-05,3.8235278511156157e-05,3.8235278511156157e-05,-0.00040612799073358143,-0.00040612799073358143,-0.00040612799073358143,0.0006147737978233211,0.0006147737978233211,0.0006147737978233211,0.0013976938963759088,0.0013976938963759088,0.0013976938963759088,0.0001483006445859548,0.0001483006445859548,0.0001483006445859548,-0.00018512939323863794,-0.00018512939323863794,-0.00018512939323863794,3.5161297611061335e-05,3.5161297611061335e-05,3.5161297611061335e-05,0.0,0.0,0.0,0.014527611393754131,0.014527611393754131,0.014527611393754131,0.0,0.0,0.0,1.3831672099400667
289,2025-08-27 16:00:00,1.3680852837414879,1.3814905867880345,1.3827166879483577,1.3680852837414879,1.3680852837414879,0.013991158386344491,0.013991158386344491,0.013991158386344491,-0.0003671234679609923,-0.0003671234679609923,-0.0003671234679609923,3.09317514066049e-05,3.09317514066049e-05,3.09317514066049e-05,-0.0010537376467106081,-0.0010537376467106081,-0.0010537376467106081,-0.00035698472423260306,-0.00035698472423260306,-0.00035698472423260306,0.001401332762353058,0.001401332762353058,0.001401332762353058,-0.00020128192455423597,-0.00020128192455423597,-0.00020128192455423597,-0.00021637165588608135,-0.00021637165588608135,-0.00021637165588608135,4.926545711965191e-05,4.926545711965191e-05,4.926545711965191e-05,0.0,0.0,0.0,0.014348143110577093,0.014348143110577093,0.014348143110577093,0.0,0.0,0.0,1.3820764421278324
290,2025-08-27 17:00:00,1.3681457427344865,1.379897242260339,1.3811356241100445,1.3681457427344865,1.3681457427344865,0.012399760816574824,0.012399760816574824,0.012399760816574824,-0.00027309970812625415,-0.00027309970812625415,-0.00027309970812625415,-4.493076185833281e-06,-4.493076185833281e-06,-4.493076185833281e-06,-0.0015275692332174938,-0.0015275692332174938,-0.0015275692332174938,-0.0017674903606478593,-0.0017674903606478593,-0.0017674903606478593,0.0013823112830346038,0.0013823112830346038,0.0013823112830346038,-0.0009826058167479272,-0.0009826058167479272,-0.0009826058167479272,-0.0005491282159083186,-0.0005491282159083186,-0.0005491282159083186,0.00018709440650336434,0.00018709440650336434,0.00018709440650336434,0.0,0.0,0.0,0.014167251177222683,0.014167251177222683,0.014167251177222683,0.0,0.0,0.0,1.3805455035510614
291,2025-08-27 18:00:00,1.3682062017274852,1.3788669128269329,1.3801406555168063,1.3682062017274852,1.3682062017274852,0.011291707614159109,0.011291707614159109,0.011291707614159109,-0.0001651228250618768,-0.0001651228250618768,-0.0001651228250618768,-3.261437667368362e-05,-3.261437667368362e-05,-3.261437667368362e-05,-0.0013875809922772007,-0.0013875809922772007,-0.0013875809922772007,-0.002693231930967833,-0.002693231930967833,-0.002693231930967833,0.0013445995785206408,0.0013445995785206408,0.0013445995785206408,-0.0018289748644743748,-0.0018289748644743748,-0.0018289748644743748,-0.0008460167652554752,-0.0008460167652554752,-0.0008460167652554752,0.0002224783142541367,0.0002224783142541367,0.0002224783142541367,0.0,0.0,0.0,0.013984939545126944,0.013984939545126944,0.013984939545126944,0.0,0.0,0.0,1.3794979093416444
292,2025-08-27 19:00:00,1.3682666607204839,1.378895668102357,1.3801487480057355,1.3682666607204839,1.3682666607204839,0.011238017725303162,0.011238017725303162,0.011238017725303162,-6.485857650209778e-05,-6.485857650209778e-05,-6.485857650209778e-05,-4.283931462011388e-05,-4.283931462011388e-05,-4.283931462011388e-05,-0.0009409396584587343,-0.0009409396584587343,-0.0009409396584587343,-0.0025631945026893628,-0.0025631945026893628,-0.0025631945026893628,0.0013131728294673004,0.0013131728294673004,0.0013131728294673004,-0.0022719721556402127,-0.0022719721556402127,-0.0022719721556402127,-0.0007332411138898167,-0.0007332411138898167,-0.0007332411138898167,0.00017748348695431238,0.00017748348695431238,0.00017748348695431238,0.0,0.0,0.0,0.013801212227992526,0.013801212227992526,0.013801212227992526,0.0,0.0,0.0,1.379504678445787
293,2025-08-27 20:00:00,1.3683271197134825,1.3784030476000666,1.3796533446919161,1.3683271197134825,1.3683271197134825,0.010709324321720583,0.010709324321720583,0.010709324321720583,2.2875301356015084e-05,2.2875301356015084e-05,2.2875301356015084e-05,-5.2152128019018026e-05,-5.2152128019018026e-05,-5.2152128019018026e-05,-0.0007554961457812791,-0.0007554961457812791,-0.0007554961457812791,-0.0029067489796891065,-0.0029067489796891065,-0.0029067489796891065,0.0012681005794680966,0.0012681005794680966,0.0012681005794680966,-0.0027346997756198116,-0.0027346997756198116,-0.0027346997756198116,-0.0008431131794941998,-0.0008431131794941998,-0.0008431131794941998,0.0001877363684010903,0.0001877363684010903,0.0001877363684010903,0.0,0.0,0.0,0.013616073301409688,0.013616073301409688,0.013616073301409688,0.0,0.0,0.0,1.3790364440352032
294,2025-08-27 21:00:00,1.3683875787064812,1.3780574533993315,1.3793074218600505,1.3683875787064812,1.3683875787064812,0.010292490677459297,0.010292490677459297,0.010292490677459297,0.00011123736695741044,0.00011123736695741044,0.00011123736695741044,-6.0369956579294885e-05,-6.0369956579294885e-05,-6.0369956579294885e-05,-0.000661478299866766,-0.000661478299866766,-0.000661478299866766,-0.0031370362249740734,-0.0031370362249740734,-0.0031370362249740734,0.0012155859563283277,0.0012155859563283277,0.0012155859563283277,-0.003047223190936876,-0.003047223190936876,-0.003047223190936876,-0.0008714153450227008,-0.0008714153450227008,-0.0008714153450227008,0.00017662724414582682,0.00017662724414582682,0.00017662724414582682,0.0,0.0,0.0,0.01342952690243337,0.01342952690243337,0.01342952690243337,0.0,0.0,0.0,1.3786800693839405
295,2025-08-27 22:00:00,1.3684480376994799,1.3778474927383189,1.3791440686153849,1.3684480376994799,1.3684480376994799,0.010054332839724739,0.010054332839724739,0.010054332839724739,0.00019328785644442037,0.00019328785644442037,0.00019328785644442037,-5.087645979745245e-05,-5.087645979745245e-05,-5.087645979745245e-05,-0.0005512806081454059,-0.0005512806081454059,-0.0005512806081454059,-0.0031872443897335463,-0.0031872443897335463,-0.0031872443897335463,0.0011541393023693951,0.0011541393023693951,0.0011541393023693951,-0.0032767868166005527,-0.0032767868166005527,-0.0032767868166005527,-0.0008782223288217182,-0.0008782223288217182,-0.0008782223288217182,0.00022249466481776643,0.00022249466481776643,0.00022249466481776643,0.0,0.0,0.0,0.013241577229458285,0.013241577229458285,0.013241577229458285,0.0,0.0,0.0,1.3785023705392045
296,2025-08-27 23:00:00,1.3685084966924785,1.3775384416186065,1.3788293673921415,1.3685084966924785,1.3685084966924785,0.009679268605348465,0.009679268605348465,0.009679268605348465,0.00027766652256480006,0.00027766652256480006,0.00027766652256480006,-4.704074749992103e-05,-4.704074749992103e-05,-4.704074749992103e-05,-0.0005256921958131408,-0.0005256921958131408,-0.0005256921958131408,-0.003372959936470148,-0.003372959936470148,-0.003372959936470148,0.0010933531849058487,0.0010933531849058487,0.0010933531849058487,-0.0034970745146015543,-0.0034970745146015543,-0.0034970745146015543,-0.0009176693145697605,-0.0009176693145697605,-0.0009176693145697605,0.00024349712854357988,0.00024349712854357988,0.00024349712854357988,0.0,0.0,0.0,0.013052228541818615,0.013052228541818615,0.013052228541818615,0.0,0.0,0.0,1.378187765297827
297,2025-08-28 00:00:00,1.3685689556854772,1.3771899335147133,1.3785047749422765,1.3685689556854772,1.3685689556854772,0.00927893535919969,0.00927893535919969,0.00927893535919969,0.000358627505821576,0.000358627505821576,0.000358627505821576,-4.8684313211998265e-05,-4.8684313211998265e-05,-4.8684313211998265e-05,-0.0005107778840743438,-0.0005107778840743438,-0.0005107778840743438,-0.0035825498002005616,-0.0035825498002005616,-0.0035825498002005616,0.0010328983215654316,0.0010328983215654316,0.0010328983215654316,-0.0036838583923406885,-0.0036838583923406885,-0.0036838583923406885,-0.000979947525068392,-0.000979947525068392,-0.000979947525068392,0.00024919248710785304,0.00024919248710785304,0.00024919248710785304,0.0,0.0,0.0,0.012861485159400249,0.012861485159400249,0.012861485159400249,0.0,0.0,0.0,1.377847891044677
298,2025-08-28 01:00:00,1.368629414678476,1.3773720187183092,1.378624787757474,1.368629414678476,1.368629414678476,0.009362278428046456,0.009362278428046456,0.009362278428046456,0.0004364460073318442,0.0004364460073318442,0.0004364460073318442,-4.9413577468313405e-05,-4.9413577468313405e-05,-4.9413577468313405e-05,-0.0004836874633638255,-0.0004836874633638255,-0.0004836874633638255,-0.0033070730344754162,-0.0033070730344754162,-0.0033070730344754162,0.0009716172946680179,0.0009716172946680179,0.0009716172946680179,-0.0037748451658570228,-0.0037748451658570228,-0.0037748451658570228,-0.0006703427682929093,-0.0006703427682929093,-0.0006703427682929093,0.00026315263850679166,0.00026315263850679166,0.00026315263850679166,0.0,0.0,0.0,0.012669351462521874,0.012669351462521874,0.012669351462521874,0.0,0.0,0.0,1.3779916931065226
299,2025-08-28 02:00:00,1.3686972186446342,1.3772601680879577,1.3785282551001756,1.3686972186446342,1.3686972186446342,0.009179896130932019,0.009179896130932019,0.009179896130932019,0.0005100619176455639,0.0005100619176455639,0.0005100619176455639,-4.941140056007731e-05,-4.941140056007731e-05,-4.941140056007731e-05,-0.00046389045438586976,-0.00046389045438586976,-0.00046389045438586976,-0.0032959357605160094,-0.0032959357605160094,-0.0032959357605160094,0.0009069448565102966,0.0009069448565102966,0.0009069448565102966,-0.0038298485028776257,-0.0038298485028776257,-0.0038298485028776257,-0.0006338560276806897,-0.0006338560276806897,-0.0006338560276806897,0.00026406385083239204,0.00026406385083239204,0.00026406385083239204,0.0,0.0,0.0,0.01247583189144803,0.01247583189144803,0.01247583189144803,0.0,0.0,0.0,1.3778771147755662
300,2025-08-28 03:00:00,1.3687650226107926,1.3771871103292563,1.3784530210227535,1.3687650226107926,1.3687650226107926,0.009075221609756146,0.009075221609756146,0.009075221609756146,0.0005850168291059367,0.0005850168291059367,0.0005850168291059367,-5.32471128576454e-05,-5.32471128576454e-05,-5.32471128576454e-05,-0.0005243126072241289,-0.0005243126072241289,-0.0005243126072241289,-0.0032057093364010803,-0.0032057093364010803,-0.0032057093364010803,0.0008475655831944983,0.0008475655831944983,0.0008475655831944983,-0.003970838679051099,-0.003970838679051099,-0.003970838679051099,-0.0003599949589209805,-0.0003599949589209805,-0.0003599949589209805,0.0002701016093523391,0.0002701016093523391,0.0002701016093523391,0.0,0.0,0.0,0.012280930946157226,0.012280930946157226,0.012280930946157226,0.0,0.0,0.0,1.3778402442205486
301,2025-08-28 04:00:00,1.368832826576951,1.3772952233943845,1.378574646617288,1.368832826576951,1.368832826576951,0.009094760611345612,0.009094760611345612,0.009094760611345612,0.0006583373966668712,0.0006583373966668712,0.0006583373966668712,-3.9369322904821515e-05,-3.9369322904821515e-05,-3.9369322904821515e-05,-0.0005638907032375872,-0.0005638907032375872,-0.0005638907032375872,-0.002989892574564696,-0.002989892574564696,-0.002989892574564696,0.0007823972497275656,0.0007823972497275656,0.0007823972497275656,-0.003962514524087765,-0.003962514524087765,-0.003962514524087765,-0.00012177319789610788,-0.00012177319789610788,-0.00012177319789610788,0.00025692052716714923,0.00025692052716714923,0.00025692052716714923,0.0,0.0,0.0,0.012084653185910309,0.012084653185910309,0.012084653185910309,0.0,0.0,0.0,1.3779275871882966
302,2025-08-28 05:00:00,1.368900630543109,1.3772438094901334,1.3785129725230938,1.368900630543109,1.368900630543109,0.009014345518727998,0.009014345518727998,0.009014345518727998,0.000701122921333393,0.000701122921333393,0.000701122921333393,-2.841294379387654e-05,-2.841294379387654e-05,-2.841294379387654e-05,-0.0004306623228157949,-0.0004306623228157949,-0.0004306623228157949,-0.0028726577104144567,-0.0028726577104144567,-0.0028726577104144567,0.0007286414095015675,0.0007286414095015675,0.0007286414095015675,-0.003833672648944102,-0.003833672648944102,-0.003833672648944102,-0.0002129425792928101,-0.0002129425792928101,-0.0002129425792928101,0.0002032684535971664,0.0002032684535971664,0.0002032684535971664,0.0,0.0,0.0,0.011887003229142453,0.011887003229142453,0.011887003229142453,0.0,0.0,0.0,1.377914976061837
303,2025-08-28 06:00:00,1.3689684345092672,1.377424847506553,1.3786517264565268,1.3689684345092672,1.3689684345092672,0.009057035268370171,0.009057035268370171,0.009057035268370171,0.0007012200813010065,0.0007012200813010065,0.0007012200813010065,-2.658869469889752e-05,-2.658869469889752e-05,-2.658869469889752e-05,-0.00027567266281857636,-0.00027567266281857636,-0.00027567266281857636,-0.002630950484463606,-0.002630950484463606,-0.002630950484463606,0.0006627287401330527,0.0006627287401330527,0.0006627287401330527,-0.003744932885140055,-0.003744932885140055,-0.003744932885140055,-0.0001490093138127285,-0.0001490093138127285,-0.0001490093138127285,0.0002013042505725922,0.0002013042505725922,0.0002013042505725922,0.0,0.0,0.0,0.011687985752833778,0.011687985752833778,0.011687985752833778,0.0,0.0,0.0,1.3780254697776373
304,2025-08-28 07:00:00,1.3690362384754255,1.3773848763344965,1.378614929035815,1.3690362384754255,1.3690362384754255,0.008977829296106531,0.008977829296106531,0.008977829296106531,0.0007102519032057513,0.0007102519032057513,0.0007102519032057513,-3.005868641415337e-05,-3.005868641415337e-05,-3.005868641415337e-05,-0.00024454520554831067,-0.00024454520554831067,-0.00024454520554831067,-0.0025097761963199508,-0.0025097761963199508,-0.0025097761963199508,0.0006039281756573177,0.0006039281756573177,0.0006039281756573177,-0.003546441523594536,-0.003546441523594536,-0.003546441523594536,-9.857295089706662e-05,-9.857295089706662e-05,-9.857295089706662e-05,9.56620912710467e-05,9.56620912710467e-05,9.56620912710467e-05,0.0,0.0,0.0,0.011487605492426483,0.011487605492426483,0.011487605492426483,0.0,0.0,0.0,1.378014067771532
305,2025-08-28 08:00:00,1.3691040424415837,1.377151928522291,1.3784083059927479,1.3691040424415837,1.3691040424415837,0.00869324994767846,0.00869324994767846,0.00869324994767846,0.000705255796978878,0.000705255796978878,0.000705255796978878,-2.8778664376152195e-05,-2.8778664376152195e-05,-2.8778664376152195e-05,-0.0002809945645413566,-0.0002809945645413566,-0.0002809945645413566,-0.0025926172937848087,-0.0025926172937848087,-0.0025926172937848087,0.0005452104247124338,0.0005452104247124338,0.0005452104247124338,-0.003439214230463898,-0.003439214230463898,-0.003439214230463898,-0.0001503730430843833,-0.0001503730430843833,-0.0001503730430843833,5.627698698966961e-05,5.627698698966961e-05,5.627698698966961e-05,0.0,0.0,0.0,0.011285867241463271,0.011285867241463271,0.011285867241463271,0.0,0.0,0.0,1.377797292389262
306,2025-08-28 09:00:00,1.369171846407742,1.3769884664589545,1.378260073096288,1.369171846407742,1.369171846407742,0.008450892304144081,0.008450892304144081,0.008450892304144081,0.0007079571200452801,0.0007079571200452801,0.0007079571200452801,-2.786653982866268e-05,-2.786653982866268e-05,-2.786653982866268e-05,-0.0004641295348089533,-0.0004641295348089533,-0.0004641295348089533,-0.002631883546926137,-0.002631883546926137,-0.002631883546926137,0.0004776434564790533,0.0004776434564790533,0.0004776434564790533,-0.003357303633515903,-0.003357303633515903,-0.003357303633515903,-0.00012312833038913564,-0.00012312833038913564,-0.00012312833038913564,0.00015494391509218437,0.00015494391509218437,0.00015494391509218437,0.0,0.0,0.0,0.011082775851070219,0.011082775851070219,0.011082775851070219,0.0,0.0,0.0,1.377622738711886
307,2025-08-28 10:00:00,1.3692396503739002,1.3760939858925365,1.3773582065397536,1.3692396503739002,1.3692396503739002,0.007457957788770558,0.007457957788770558,0.007457957788770558,0.0007259110781509042,0.0007259110781509042,0.0007259110781509042,-2.5857253534309707e-05,-2.5857253534309707e-05,-2.5857253534309707e-05,-0.0010929974006085028,-0.0010929974006085028,-0.0010929974006085028,-0.003420378441092064,-0.003420378441092064,-0.003420378441092064,0.0004054448457747558,0.0004054448457747558,0.0004054448457747558,-0.0033982569852106185,-0.0033982569852106185,-0.0033982569852106185,-0.00018999145494834135,-0.00018999145494834135,-0.00018999145494834135,0.00015536872928404894,0.00015536872928404894,0.00015536872928404894,0.0,0.0,0.0,0.010878336229862619,0.010878336229862619,0.010878336229862619,0.0,0.0,0.0,1.3766976081626707
308,2025-08-28 11:00:00,1.3693074543400585,1.3755697198357542,1.3767998191116186,1.3693074543400585,1.3693074543400585,0.006866066460043833,0.006866066460043833,0.006866066460043833,0.0007539617117866887,0.0007539617117866887,0.0007539617117866887,2.8104509187179757e-06,2.8104509187179757e-06,2.8104509187179757e-06,-0.0012039246027828311,-0.0012039246027828311,-0.0012039246027828311,-0.0038064868834070185,-0.0038064868834070185,-0.0038064868834070185,0.0003239839360032338,0.0003239839360032338,0.0003239839360032338,-0.0035568402603063393,-0.0035568402603063393,-0.0035568402603063393,-0.0003235888375059583,-0.0003235888375059583,-0.0003235888375059583,0.00019711071847946986,0.00019711071847946986,0.00019711071847946986,0.0,0.0,0.0,0.010672553343450852,0.010672553343450852,0.010672553343450852,0.0,0.0,0.0,1.3761735208001022
309,2025-08-28 12:00:00,1.3693752583062166,1.3756049587875736,1.3768860782501686,1.3693752583062166,1.3693752583062166,0.006886236236007533,0.006886236236007533,0.006886236236007533,0.000783574434341491,0.000783574434341491,0.000783574434341491,1.0113978023305744e-05,1.0113978023305744e-05,1.0113978023305744e-05,-0.0009922760078621441,-0.0009922760078621441,-0.0009922760078621441,-0.0035791959780627483,-0.0035791959780627483,-0.0035791959780627483,0.0002545152141881457,0.0002545152141881457,0.0002545152141881457,-0.0035506355963546483,-0.0035506355963546483,-0.0035506355963546483,-0.00023634388911512427,-0.00023634388911512427,-0.00023634388911512427,0.00015185588871622548,0.00015185588871622548,0.00015185588871622548,0.0,0.0,0.0,0.010465432214070283,0.010465432214070283,0.010465432214070283,0.0,0.0,0.0,1.3762614945422242
310,2025-08-28 13:00:00,1.3694430622723748,1.3755399337681946,1.3768092369072802,1.3694430622723748,1.3694430622723748,0.006740178126823141,0.006740178126823141,0.006740178126823141,0.0008225976123656033,0.0008225976123656033,0.0008225976123656033,3.2026736245232194e-05,3.2026736245232194e-05,3.2026736245232194e-05,-0.000948499842076601,-0.000948499842076601,-0.000948499842076601,-0.003516799793617773,-0.003516799793617773,-0.003516799793617773,0.00018281348466840433,0.00018281348466840433,0.00018281348466840433,-0.003573958398023797,-0.003573958398023797,-0.003573958398023797,-0.000181900062338413,-0.000181900062338413,-0.000181900062338413,0.00015012067554179788,0.00015012067554179788,0.00015012067554179788,0.0,0.0,0.0,0.010256977920440913,0.010256977920440913,0.010256977920440913,0.0,0.0,0.0,1.3761832403991978
311,2025-08-28 14:00:00,1.3695108662385331,1.3759897003622112,1.377189714899825,1.3695108662385331,1.3695108662385331,0.007046108827608221,0.007046108827608221,0.007046108827608221,0.0007676252586408564,0.0007676252586408564,0.0007676252586408564,1.8876033640560447e-05,1.8876033640560447e-05,1.8876033640560447e-05,-0.0003686990488629037,-0.0003686990488629037,-0.0003686990488629037,-0.003001086769535951,-0.003001086769535951,-0.003001086769535951,0.00011723108354758274,0.00011723108354758274,0.00011723108354758274,-0.0034670388433820374,-0.0034670388433820374,-0.0034670388433820374,-0.00017367139751361615,-0.00017367139751361615,-0.00017367139751361615,0.0001045901443936065,0.0001045901443936065,0.0001045901443936065,0.0,0.0,0.0,0.010047195597144174,0.010047195597144174,0.010047195597144174,0.0,0.0,0.0,1.3765569750661413
312,2025-08-28 15:00:00,1.3695786702046915,1.3755702984495928,1.3768200412673544,1.3695786702046915,1.3695786702046915,0.006603446849197794,0.006603446849197794,0.006603446849197794,0.0007288731083261173,0.0007288731083261173,0.0007288731083261173,6.273911909302134e-06,6.273911909302134e-06,6.273911909302134e-06,-0.0005640557365272399,-0.0005640557365272399,-0.0005640557365272399,-0.0032326435853308176,-0.0032326435853308176,-0.0032326435853308176,5.090434652508766e-05,5.090434652508766e-05,5.090434652508766e-05,-0.0033358621884126667,-0.0033358621884126667,-0.0033358621884126667,-0.00022544187449323423,-0.00022544187449323423,-0.00022544187449323423,0.00010666484734181658,0.00010666484734181658,0.00010666484734181658,0.0,0.0,0.0,0.009836090434528611,0.009836090434528611,0.009836090434528611,0.0,0.0,0.0,1.3761821170538893
313,2025-08-28 16:00:00,1.3696464741708496,1.3748088506780707,1.376086235033028,1.3696464741708496,1.3696464741708496,0.005812425715215122,0.005812425715215122,0.005812425715215122,0.0007022224785509793,0.0007022224785509793,0.0007022224785509793,-8.516002590974758e-06,-8.516002590974758e-06,-8.516002590974758e-06,-0.0007956640085612272,-0.0007956640085612272,-0.0007956640085612272,-0.0038112419629847184,-0.0038112419629847184,-0.0038112419629847184,-2.9150704973846667e-05,-2.9150704973846667e-05,-2.9150704973846667e-05,-0.0034532669325702593,-0.0034532669325702593,-0.0034532669325702593,-0.0003768692163068362,-0.0003768692163068362,-0.0003768692163068362,0.00015000242346744643,0.00015000242346744643,0.00015000242346744643,0.0,0.0,0.0,0.009623667678199839,0.009623667678199839,0.009623667678199839,0.0,0.0,0.0,1.3754588998860648
314,2025-08-28 17:00:00,1.369714278137008,1.3742180100502592,1.3754562918052562,1.369714278137008,1.369714278137008,0.005122331084026725,0.005122331084026725,0.005122331084026725,0.0006885348804906271,0.0006885348804906271,0.0006885348804906271,-4.680290293443255e-06,-4.680290293443255e-06,-4.680290293443255e-06,-0.0009392896689939438,-0.0009392896689939438,-0.0009392896689939438,-0.004287601544709627,-0.004287601544709627,-0.004287601544709627,-9.440185197163077e-05,-9.440185197163077e-05,-9.440185197163077e-05,-0.0035799978197000714,-0.0035799978197000714,-0.0035799978197000714,-0.0004967200479399726,-0.0004967200479399726,-0.0004967200479399726,0.00013895325369880793,0.00013895325369880793,0.00013895325369880793,0.0,0.0,0.0,0.009409932628736352,0.009409932628736352,0.009409932628736352,0.0,0.0,0.0,1.3748366092210347
315,2025-08-28 18:00:00,1.369782082103166,1.3740777584667623,1.375324206366891,1.369782082103166,1.369782082103166,0.004918910103895013,0.004918910103895013,0.004918910103895013,0.0006821928380554181,0.0006821928380554181,0.0006821928380554181,-1.4905228239836999e-05,-1.4905228239836999e-05,-1.4905228239836999e-05,-0.0008422471769772345,-0.0008422471769772345,-0.0008422471769772345,-0.004275980537373707,-0.004275980537373707,-0.004275980537373707,-0.00015948835778324056,-0.00015948835778324056,-0.00015948835778324056,-0.003663401213297886,-0.003663401213297886,-0.003663401213297886,-0.00044915375250248766,-0.00044915375250248766,-0.00044915375250248766,0.0001710223533715607,0.0001710223533715607,0.0001710223533715607,0.0,0.0,0.0,0.00919489064126872,0.00919489064126872,0.00919489064126872,0.0,0.0,0.0,1.3747009922070612
316,2025-08-28 19:00:00,1.3698498860693242,1.373920201456245,1.375234336668952,1.3698498860693242,1.3698498860693242,0.004727640772585855,0.004727640772585855,0.004727640772585855,0.0006805526083704244,0.0006805526083704244,0.0006805526083704244,-1.5270948822112575e-05,-1.5270948822112575e-05,-1.5270948822112575e-05,-0.0007786997445581664,-0.0007786997445581664,-0.0007786997445581664,-0.004250906352587916,-0.004250906352587916,-0.004250906352587916,-0.00022846118428893316,-0.00022846118428893316,-0.00022846118428893316,-0.003691832291316831,-0.003691832291316831,-0.003691832291316831,-0.0004219373813860709,-0.0004219373813860709,-0.0004219373813860709,0.00020474258941377332,0.00020474258941377332,0.00020474258941377332,0.0,0.0,0.0,0.00897854712517377,0.00897854712517377,0.00897854712517377,0.0,0.0,0.0,1.37457752684191
317,2025-08-28 20:00:00,1.3699176900354826,1.3742690856320852,1.3755174350112969,1.3699176900354826,1.3699176900354826,0.004977231554327268,0.004977231554327268,0.004977231554327268,0.0006460161137297823,0.0006460161137297823,0.0006460161137297823,-2.3488777382389438e-05,-2.3488777382389438e-05,-2.3488777382389438e-05,-0.0005054244299158283,-0.0005054244299158283,-0.0005054244299158283,-0.0037836759894403884,-0.0037836759894403884,-0.0037836759894403884,-0.0002985914284748436,-0.0002985914284748436,-0.0002985914284748436,-0.003531081287509376,-0.003531081287509376,-0.003531081287509376,-0.0002092411596376339,-0.0002092411596376339,-0.0002092411596376339,0.00013813497974990083,0.00013813497974990083,0.00013813497974990083,0.0,0.0,0.0,0.008760907543767654,0.008760907543767654,0.008760907543767654,0.0,0.0,0.0,1.3748949215898099
318,2025-08-28 21:00:00,1.369985494001641,1.3741929767327998,1.3754725265045205,1.369985494001641,1.369985494001641,0.004849893680000673,0.004849893680000673,0.004849893680000673,0.0006044855223967512,0.0006044855223967512,0.0006044855223967512,-2.8968055391961754e-05,-2.8968055391961754e-05,-2.8968055391961754e-05,-0.00045460350706327856,-0.00045460350706327856,-0.00045460350706327856,-0.0036920837338632576,-0.0036920837338632576,-0.0036920837338632576,-0.0003697972626853732,-0.0003697972626853732,-0.0003697972626853732,-0.003468176556447002,-0.003468176556447002,-0.003468176556447002,-0.00016295229786247634,-0.00016295229786247634,-0.00016295229786247634,0.00018792842319008288,0.00018792842319008288,0.00018792842319008288,0.0,0.0,0.0,0.00854197741386393,0.00854197741386393,0.00854197741386393,0.0,0.0,0.0,1.3748353876816417
319,2025-08-28 22:00:00,1.370053297967799,1.3741250560850369,1.3753275828820224,1.370053297967799,1.370053297967799,0.0046568272238368,0.0046568272238368,0.0046568272238368,0.000568839952879528,0.000568839952879528,0.000568839952879528,-2.6595225423569295e-05,-2.6595225423569295e-05,-2.6595225423569295e-05,-0.00042361610434303864,-0.00042361610434303864,-0.00042361610434303864,-0.003664935081525158,-0.003664935081525158,-0.003664935081525158,-0.00043794293975872475,-0.00043794293975872475,-0.00043794293975872475,-0.003313134316242712,-0.003313134316242712,-0.003313134316242712,-0.00018063782707583088,-0.00018063782707583088,-0.00018063782707583088,0.00014815137843918877,0.00014815137843918877,0.00014815137843918877,0.0,0.0,0.0,0.008321762305361958,0.008321762305361958,0.008321762305361958,0.0,0.0,0.0,1.3747101251916358
320,2025-08-28 23:00:00,1.3701211019339572,1.3741591076199848,1.375388668815721,1.3701211019339572,1.3701211019339572,0.004642335234448298,0.004642335234448298,0.004642335234448298,0.0005000961345467972,0.0005000961345467972,0.0005000961345467972,-2.769021026219659e-05,-2.769021026219659e-05,-2.769021026219659e-05,-0.0002622274421811114,-0.0002622274421811114,-0.0002622274421811114,-0.0034579326065852832,-0.0034579326065852832,-0.0034579326065852832,-0.0005096446692785581,-0.0005096446692785581,-0.0005096446692785581,-0.003164215880311495,-0.003164215880311495,-0.003164215880311495,-0.00013697284627219153,-0.00013697284627219153,-0.00013697284627219153,0.0001427223071734721,0.0001427223071734721,0.0001427223071734721,0.0,0.0,0.0,0.00810026784103358,0.00810026784103358,0.00810026784103358,0.0,0.0,0.0,1.3747634371684054
321,2025-08-29 00:00:00,1.3701889059001156,1.3738812109591574,1.3751062700785588,1.3701889059001156,1.3701889059001156,0.004307707710560111,0.004307707710560111,0.004307707710560111,0.00043626258895211866,0.00043626258895211866,0.00043626258895211866,-1.691451453415339e-05,-1.691451453415339e-05,-1.691451453415339e-05,-0.0003174457838196355,-0.0003174457838196355,-0.0003174457838196355,-0.003569791985501253,-0.003569791985501253,-0.003569791985501253,-0.0005791133910936461,-0.0005791133910936461,-0.0005791133910936461,-0.0030072352396958947,-0.0030072352396958947,-0.0030072352396958947,-0.00019701332554723867,-0.00019701332554723867,-0.00019701332554723867,0.0001116676802371966,0.0001116676802371966,0.0001116676802371966,0.0,0.0,0.0,0.007877499696061364,0.007877499696061364,0.007877499696061364,0.0,0.0,0.0,1.3744966136106758
322,2025-08-29 01:00:00,1.3702567098662737,1.37344125828678,1.3746728108702317,1.3702567098662737,1.3702567098662737,0.0038135342249637576,0.0038135342249637576,0.0038135342249637576,0.0003878816025755631,0.0003878816025755631,0.0003878816025755631,-1.892380082850629e-05,-1.892380082850629e-05,-1.892380082850629e-05,-0.000431723705201475,-0.000431723705201475,-0.000431723705201475,-0.0038399293726422636,-0.0038399293726422636,-0.0038399293726422636,-0.0006510635612057574,-0.0006510635612057574,-0.0006510635612057574,-0.002945953958742494,-0.002945953958742494,-0.002945953958742494,-0.0002748083512516459,-0.0002748083512516459,-0.0002748083512516459,9.466240201205202e-05,9.466240201205202e-05,9.466240201205202e-05,0.0,0.0,0.0,0.007653463597606021,0.007653463597606021,0.007653463597606021,0.0,0.0,0.0,1.3740702440912373
323,2025-08-29 02:00:00,1.3705194087032582,1.3737631899575606,1.3749736139486104,1.3705194087032582,1.3705194087032582,0.003855494267037601,0.003855494267037601,0.003855494267037601,0.0003265831851369235,0.0003265831851369235,0.0003265831851369235,-2.4949482803292382e-05,-2.4949482803292382e-05,-2.4949482803292382e-05,-0.0003525265524794547,-0.0003525265524794547,-0.0003525265524794547,-0.0035726710575935414,-0.0035726710575935414,-0.0035726710575935414,-0.0007234277989717574,-0.0007234277989717574,-0.0007234277989717574,-0.0028546470018711054,-0.0028546470018711054,-0.0028546470018711054,-7.420641332185854e-05,-7.420641332185854e-05,-7.420641332185854e-05,0.0001305030067170035,0.0001305030067170035,0.0001305030067170035,0.0,0.0,0.0,0.007428165324631142,0.007428165324631142,0.007428165324631142,0.0,0.0,0.0,1.3743749029702959
324,2025-08-29 03:00:00,1.3707821075402424,1.3742449724880028,1.3754757426188664,1.3707821075402424,1.3707821075402424,0.004061392609312267,0.004061392609312267,0.004061392609312267,0.0002696632260867581,0.0002696632260867581,0.0002696632260867581,-2.2028071961486486e-05,-2.2028071961486486e-05,-2.2028071961486486e-05,-0.00011289330629604357,-0.00011289330629604357,-0.00011289330629604357,-0.0031402180979576205,-0.0031402180979576205,-0.0031402180979576205,-0.0007885961324387821,-0.0007885961324387821,-0.0007885961324387821,-0.0026205534339174704,-0.0026205534339174704,-0.0026205534339174704,7.886310106149173e-05,7.886310106149173e-05,7.886310106149173e-05,5.532651950791276e-05,5.532651950791276e-05,5.532651950791276e-05,0.0,0.0,0.0,0.007201610707269887,0.007201610707269887,0.007201610707269887,0.0,0.0,0.0,1.3748435001495547
325,2025-08-29 04:00:00,1.3710448063772267,1.3747315927738428,1.3759440305886144,1.3710448063772267,1.3710448063772267,0.004281157203823318,0.004281157203823318,0.004281157203823318,0.00020448217596904727,0.00020448217596904727,0.00020448217596904727,-1.2168854597368472e-05,-1.2168854597368472e-05,-1.2168854597368472e-05,0.00019944918882153337,0.00019944918882153337,0.00019944918882153337,-0.002692648422887445,-0.002692648422887445,-0.002692648422887445,-0.0008528545029426148,-0.0008528545029426148,-0.0008528545029426148,-0.0024157677832508466,-0.0024157677832508466,-0.0024157677832508466,9.119171677604501e-05,9.119171677604501e-05,9.119171677604501e-05,9.301963633675966e-05,9.301963633675966e-05,9.301963633675966e-05,0.0,0.0,0.0,0.006973805626710763,0.006973805626710763,0.006973805626710763,0.0,0.0,0.0,1.37532596358105
326,2025-08-29 05:00:00,1.371307505214211,1.3748476455015954,1.3761176640550803,1.371307505214211,1.371307505214211,0.004177253223042003,0.004177253223042003,0.004177253223042003,0.00014863864127135206,0.00014863864127135206,0.00014863864127135206,-8.467549041113376e-07,-8.467549041113376e-07,-8.467549041113376e-07,0.0002727527794194324,0.0002727527794194324,0.0002727527794194324,-0.002567502791596932,-0.002567502791596932,-0.002567502791596932,-0.000923398814782322,-0.000923398814782322,-0.000923398814782322,-0.002247228356168794,-0.002247228356168794,-0.002247228356168794,8.024213000383628e-05,8.024213000383628e-05,8.024213000383628e-05,0.00010233758356367504,0.00010233758356367504,0.00010233758356367504,0.0,0.0,0.0,0.006744756014638934,0.006744756014638934,0.006744756014638934,0.0,0.0,0.0,1.375484758437253
327,2025-08-29 06:00:00,1.3715702040511952,1.3748238169952782,1.3761054632256238,1.3715702040511952,1.3715702040511952,0.003853432547440044,0.003853432547440044,0.003853432547440044,9.678393048063473e-05,9.678393048063473e-05,9.678393048063473e-05,7.1882133650276575e-06,7.1882133650276575e-06,7.1882133650276575e-06,0.0003408363094402782,0.0003408363094402782,0.0003408363094402782,-0.0026610353054531974,-0.0026610353054531974,-0.0026610353054531974,-0.000995348984894433,-0.000995348984894433,-0.000995348984894433,-0.0020889535641878303,-0.0020889535641878303,-0.0020889535641878303,-2.500944946389054e-05,-2.500944946389054e-05,-2.500944946389054e-05,3.4682398070162636e-06,3.4682398070162636e-06,3.4682398070162636e-06,0.0,0.0,0.0,0.006514467852893242,0.006514467852893242,0.006514467852893242,0.0,0.0,0.0,1.3754236365986352
328,2025-08-29 07:00:00,1.3718329028881797,1.374913889717354,1.3761772620803878,1.3718329028881797,1.3718329028881797,0.0037215988589784674,0.0037215988589784674,0.0037215988589784674,5.879147633502847e-05,5.879147633502847e-05,5.879147633502847e-05,1.5588902216442388e-05,1.5588902216442388e-05,1.5588902216442388e-05,0.00032956356525584853,0.00032956356525584853,0.00032956356525584853,-0.0025613483141762607,-0.0025613483141762607,-0.0025613483141762607,-0.0010683747450313471,-0.0010683747450313471,-0.0010683747450313471,-0.0019168420662436145,-0.0019168420662436145,-0.0019168420662436145,7.066264443924907e-05,7.066264443924907e-05,7.066264443924907e-05,-5.073809114786757e-05,-5.073809114786757e-05,-5.073809114786757e-05,0.0,0.0,0.0,0.006282947173154728,0.006282947173154728,0.006282947173154728,0.0,0.0,0.0,1.3755545017471582
329,2025-08-29 08:00:00,1.372095601725164,1.3733564380049692,1.3746577254388979,1.372095601725164,1.372095601725164,0.0019314841462861195,0.0019314841462861195,0.0019314841462861195,6.218023482301663e-05,6.218023482301663e-05,6.218023482301663e-05,1.528251972517215e-06,1.528251972517215e-06,1.528251972517215e-06,-0.000899810233047063,-0.000899810233047063,-0.000899810233047063,-0.0041187159102044745,-0.0041187159102044745,-0.0041187159102044745,-0.0011515727671983105,-0.0011515727671983105,-0.0011515727671983105,-0.0020183465217193195,-0.0020183465217193195,-0.0020183465217193195,-0.00017259206708872553,-0.00017259206708872553,-0.00017259206708872553,5.989719205341058e-05,5.989719205341058e-05,5.989719205341058e-05,0.0,0.0,0.0,0.006050200056490594,0.006050200056490594,0.006050200056490594,0.0,0.0,0.0,1.37402708587145
330,2025-08-29 09:00:00,1.3723583005621482,1.3729059421619894,1.3741269141960828,1.3723583005621482,1.3723583005621482,0.0011530122761422385,0.0011530122761422385,0.0011530122761422385,7.605027064593125e-05,7.605027064593125e-05,7.605027064593125e-05,1.6318166472794024e-05,1.6318166472794024e-05,1.6318166472794024e-05,-0.0013502871718020508,-0.0013502871718020508,-0.0013502871718020508,-0.004663220356829169,-0.004663220356829169,-0.004663220356829169,-0.001231626832821809,-0.001231626832821809,-0.001231626832821809,-0.0020687776919329093,-0.0020687776919329093,-0.0020687776919329093,-0.00016029895233223292,-0.00016029895233223292,-0.00016029895233223292,5.540185494110812e-05,5.540185494110812e-05,5.540185494110812e-05,0.0,0.0,0.0,0.005816232632971407,0.005816232632971407,0.005816232632971407,0.0,0.0,0.0,1.3735113128382905
331,2025-08-29 10:00:00,1.3726209993991325,1.3745350731099937,1.3757386222886132,1.3726209993991325,1.3726209993991325,0.002498962445252952,0.002498962445252952,0.002498962445252952,2.2445696069929407e-05,2.2445696069929407e-05,2.2445696069929407e-05,3.293668388448561e-05,3.293668388448561e-05,3.293668388448561e-05,-6.455752935624928e-05,-6.455752935624928e-05,-6.455752935624928e-05,-0.0030820886360621432,-0.0030820886360621432,-0.0030820886360621432,-0.0013063059059480607,-0.0013063059059480607,-0.0013063059059480607,-0.0018125281066100646,-0.0018125281066100646,-0.0018125281066100646,4.058686970005005e-05,4.058686970005005e-05,4.058686970005005e-05,5.333656197766017e-06,5.333656197766017e-06,5.333656197766017e-06,0.0,0.0,0.0,0.005581051081315095,0.005581051081315095,0.005581051081315095,0.0,0.0,0.0,1.3751199618443855
332,2025-08-29 11:00:00,1.3728836982361168,1.3746553932581314,1.3759772450525465,1.3728836982361168,1.3728836982361168,0.0024163008185564454,0.0024163008185564454,0.0024163008185564454,-3.1699897538264884e-05,-3.1699897538264884e-05,-3.1699897538264884e-05,5.2293751846881745e-05,5.2293751846881745e-05,5.2293751846881745e-05,9.807655250050401e-05,9.807655250050401e-05,9.807655250050401e-05,-0.0029283608100257874,-0.0029283608100257874,-0.0029283608100257874,-0.0013880152563117692,-0.0013880152563117692,-0.0013880152563117692,-0.0016980373480487137,-0.0016980373480487137,-0.0016980373480487137,3.2394513961679296e-05,3.2394513961679296e-05,3.2394513961679296e-05,6.626873563895416e-06,6.626873563895416e-06,6.626873563895416e-06,0.0,0.0,0.0,0.005344661628582233,0.005344661628582233,0.005344661628582233,0.0,0.0,0.0,1.3752999990546733
333,2025-08-29 12:00:00,1.3731463970731013,1.3745889133604032,1.3758268953304778,1.3731463970731013,1.3731463970731013,0.0020754405101197854,0.0020754405101197854,0.0020754405101197854,-7.737281657671331e-05,-7.737281657671331e-05,-7.737281657671331e-05,7.566721548971114e-05,7.566721548971114e-05,7.566721548971114e-05,-6.085337734460826e-05,-6.085337734460826e-05,-6.085337734460826e-05,-0.0030316300393881074,-0.0030316300393881074,-0.0030316300393881074,-0.0014688964713677,-0.0014688964713677,-0.0014688964713677,-0.0015646627385815749,-0.0015646627385815749,-0.0015646627385815749,4.334272262482054e-05,4.334272262482054e-05,4.334272262482054e-05,2.1145426367956896e-05,2.1145426367956896e-05,2.1145426367956896e-05,0.0,0.0,0.0,0.005107070549507892,0.005107070549507892,0.005107070549507892,0.0,0.0,0.0,1.375221837583221
334,2025-08-29 13:00:00,1.3734090959100855,1.3764387190682796,1.377665553125848,1.3734090959100855,1.3734090959100855,0.0036458945324640154,0.0036458945324640154,0.0036458945324640154,-5.939204360302561e-05,-5.939204360302561e-05,-5.939204360302561e-05,3.4214529014250776e-05,3.4214529014250776e-05,3.4214529014250776e-05,0.0013180791560353051,0.0013180791560353051,0.0013180791560353051,-0.0012223896340163955,-0.0012223896340163955,-0.0012223896340163955,-0.0015370431343164877,-0.0015370431343164877,-0.0015370431343164877,-0.0011045566679866751,-0.0011045566679866751,-0.0011045566679866751,0.000199043825592972,0.000199043825592972,0.000199043825592972,-7.273529875273509e-05,-7.273529875273509e-05,-7.273529875273509e-05,0.0,0.0,0.0,0.0048682841664804116,0.0048682841664804116,0.0048682841664804116,0.0,0.0,0.0,1.3770549904425495
335,2025-08-29 14:00:00,1.3736717947470698,1.3761360772303308,1.3773632469509345,1.3736717947470698,1.3736717947470698,0.003068316351699862,0.003068316351699862,0.003068316351699862,-4.218933348752595e-05,-4.218933348752595e-05,-4.218933348752595e-05,9.01463936820626e-06,9.01463936820626e-06,9.01463936820626e-06,0.0009343880614471995,0.0009343880614471995,0.0009343880614471995,-0.001559992497140578,-0.001559992497140578,-0.001559992497140578,-0.0016125493568751724,-0.0016125493568751724,-0.0016125493568751724,-0.0009040113482758241,-0.0009040113482758241,-0.0009040113482758241,7.60836441831337e-05,7.60836441831337e-05,7.60836441831337e-05,-2.0728803500594814e-05,-2.0728803500594814e-05,-2.0728803500594814e-05,0.0,0.0,0.0,0.00462830884884044,0.00462830884884044,0.00462830884884044,0.0,0.0,0.0,1.3767401110987696
336,2025-08-29 15:00:00,1.3739344935840543,1.3732063066265066,1.374485305093939,1.3739344935840543,1.3739344935840543,-7.09293279402023e-05,-7.09293279402023e-05,-7.09293279402023e-05,-7.538600198741583e-05,-7.538600198741583e-05,-7.538600198741583e-05,-3.700302366113733e-05,-3.700302366113733e-05,-3.700302366113733e-05,-0.001057282975347685,-0.001057282975347685,-0.001057282975347685,-0.004458080340559251,-0.004458080340559251,-0.004458080340559251,-0.0017129489324342977,-0.0017129489324342977,-0.0017129489324342977,-0.0013100839836672176,-0.0013100839836672176,-0.0013100839836672176,-0.00033927316805823705,-0.00033927316805823705,-0.00033927316805823705,7.389774459674058e-05,7.389774459674058e-05,7.389774459674058e-05,0.0,0.0,0.0,0.004387151012619048,0.004387151012619048,0.004387151012619048,0.0,0.0,0.0,1.3738635642561141
337,2025-08-29 16:00:00,1.3741971924210383,1.3726331778765681,1.3738740780444605,1.3741971924210383,1.3741971924210383,-0.0009341185281375876,-0.0009341185281375876,-0.0009341185281375876,-0.0001036874709059173,-0.0001036874709059173,-0.0001036874709059173,-4.5767256186591544e-05,-4.5767256186591544e-05,-4.5767256186591544e-05,-0.0011153581476201122,-0.0011153581476201122,-0.0011153581476201122,-0.0050789356483688965,-0.0050789356483688965,-0.0050789356483688965,-0.0018180629639953747,-0.0018180629639953747,-0.0018180629639953747,-0.0016874246374215896,-0.0016874246374215896,-0.0016874246374215896,-0.0003953015280162648,-0.0003953015280162648,-0.0003953015280162648,8.666635577695418e-05,8.666635577695418e-05,8.666635577695418e-05,0.0,0.0,0.0,0.004144817120231309,0.004144817120231309,0.004144817120231309,0.0,0.0,0.0,1.3732630738929008
338,2025-08-29 17:00:00,1.3744598912580226,1.372756913663466,1.3739736568638128,1.3744598912580226,1.3744598912580226,-0.00109264394830631,-0.00109264394830631,-0.00109264394830631,-0.00012996740633024014,-0.00012996740633024014,-0.00012996740633024014,-4.814008615502051e-05,-4.814008615502051e-05,-4.814008615502051e-05,-0.0008277419884332902,-0.0008277419884332902,-0.0008277419884332902,-0.004993957628151323,-0.004993957628151323,-0.004993957628151323,-0.0018996895008283235,-0.0018996895008283235,-0.0018996895008283235,-0.0018502107364542159,-0.0018502107364542159,-0.0018502107364542159,-0.00032830957439044964,-0.00032830957439044964,-0.00032830957439044964,9.010166444021634e-05,9.010166444021634e-05,9.010166444021634e-05,0.0,0.0,0.0,0.003901313679845013,0.003901313679845013,0.003901313679845013,0.0,0.0,0.0,1.3733672473097163
339,2025-08-29 18:00:00,1.374722590095007,1.3728706400013937,1.3741495560759234,1.374722590095007,1.374722590095007,-0.0012081775917518335,-0.0012081775917518335,-0.0012081775917518335,-0.00015908841104600734,-0.00015908841104600734,-0.00015908841104600734,-5.01493724493369e-05,-5.01493724493369e-05,-5.01493724493369e-05,-0.0006338104063211117,-0.0006338104063211117,-0.0006338104063211117,-0.004864824836878613,-0.004864824836878613,-0.004864824836878613,-0.001979000216425676,-0.001979000216425676,-0.001979000216425676,-0.0019815534616956683,-0.0019815534616956683,-0.0019815534616956683,-0.00015356979831905422,-0.00015356979831905422,-0.00015356979831905422,9.234682937824161e-05,9.234682937824161e-05,9.234682937824161e-05,0.0,0.0,0.0,0.0036566472451267794,0.0036566472451267794,0.0036566472451267794,0.0,0.0,0.0,1.3735144125032552
340,2025-08-29 19:00:00,1.3749852889319913,1.3726624941210672,1.3739016426549933,1.3749852889319913,1.3749852889319913,-0.0016656820213889773,-0.0016656820213889773,-0.0016656820213889773,-0.00017427463251066015,-0.00017427463251066015,-0.00017427463251066015,-5.051291612341298e-05,-5.051291612341298e-05,-5.051291612341298e-05,-0.0006085490485521234,-0.0006085490485521234,-0.0006085490485521234,-0.005076506436285082,-0.005076506436285082,-0.005076506436285082,-0.0020373038997166712,-0.0020373038997166712,-0.0020373038997166712,-0.0021086434357983166,-0.0021086434357983166,-0.0021086434357983166,-0.00019322991559190587,-0.00019322991559190587,-0.00019322991559190587,9.600741200800792e-05,9.600741200800792e-05,9.600741200800792e-05,0.0,0.0,0.0,0.0034108244148961047,0.0034108244148961047,0.0034108244148961047,0.0,0.0,0.0,1.3733196069106024
341,2025-08-29 20:00:00,1.3752479877689758,1.372696467734262,1.3738944684525523,1.3752479877689758,1.3752479877689758,-0.0019667951942351552,-0.0019667951942351552,-0.0019667951942351552,-0.0001883761238706949,-0.0001883761238706949,-0.0001883761238706949,-6.256645698122132e-05,-6.256645698122132e-05,-6.256645698122132e-05,-0.0004797950756409502,-0.0004797950756409502,-0.0004797950756409502,-0.005130647026860598,-0.005130647026860598,-0.005130647026860598,-0.0020796472467017346,-0.0020796472467017346,-0.0020796472467017346,-0.00207786426697696,-0.00207786426697696,-0.00207786426697696,-0.0003173527602919637,-0.0003173527602919637,-0.0003173527602919637,7.495490360292624e-05,7.495490360292624e-05,7.495490360292624e-05,0.0,0.0,0.0,0.0031638518326254426,0.0031638518326254426,0.0031638518326254426,0.0,0.0,0.0,1.3732811925747406
342,2025-08-29 21:00:00,1.37551068660596,1.3729173201162101,1.3741652412303036,1.37551068660596,1.37551068660596,-0.0019734166152884773,-0.0019734166152884773,-0.0019734166152884773,-0.00023729310832495477,-0.00023729310832495477,-0.00023729310832495477,-8.155780436134181e-05,-8.155780436134181e-05,-8.155780436134181e-05,-0.00029634192393023217,-0.00029634192393023217,-0.00029634192393023217,-0.004889152801325683,-0.004889152801325683,-0.004889152801325683,-0.002129764220950584,-0.002129764220950584,-0.002129764220950584,-0.0020021187291955882,-0.0020021187291955882,-0.0020021187291955882,-0.000216341983795906,-0.000216341983795906,-0.000216341983795906,7.426496923292401e-05,7.426496923292401e-05,7.426496923292401e-05,0.0,0.0,0.0,0.0029157361860372055,0.0029157361860372055,0.0029157361860372055,0.0,0.0,0.0,1.3735372699906716
343,2025-08-29 22:00:00,1.3757733854429444,1.3729272328153097,1.3742089355623206,1.3757733854429444,1.3757733854429444,-0.002192484904951648,-0.002192484904951648,-0.002192484904951648,-0.0002827160224610533,-0.0002827160224610533,-0.0002827160224610533,-7.18792703801255e-05,-7.18792703801255e-05,-7.18792703801255e-05,-0.00020892953652649405,-0.00020892953652649405,-0.00020892953652649405,-0.004858969111605514,-0.004858969111605514,-0.004858969111605514,-0.0021735134262079597,-0.0021735134262079597,-0.0021735134262079597,-0.0019211640478588637,-0.0019211640478588637,-0.0019211640478588637,-0.00023546214982343762,-0.00023546214982343762,-0.00023546214982343762,3.4695341652419774e-05,3.4695341652419774e-05,3.4695341652419774e-05,0.0,0.0,0.0,0.002666484206653866,0.002666484206653866,0.002666484206653866,0.0,0.0,0.0,1.3735809005379926
344,2025-09-01 00:00:00,1.3889083272921598,1.3722196426666762,1.3734653149378406,1.3889083272921598,1.3889083272921598,-0.016068880191263842,-0.016068880191263842,-0.016068880191263842,-0.00031740148445704396,-0.00031740148445704396,-0.00031740148445704396,-6.713143353510448e-05,-6.713143353510448e-05,-6.713143353510448e-05,-0.0002116559644133516,-0.0002116559644133516,-0.0002116559644133516,-0.004984228583913786,-0.004984228583913786,-0.004984228583913786,-0.0022147821690437484,-0.0022147821690437484,-0.0022147821690437484,-0.0017623313142843058,-0.0017623313142843058,-0.0017623313142843058,-0.0004330309652193698,-0.0004330309652193698,-0.0004330309652193698,2.2104747039138418e-05,2.2104747039138418e-05,2.2104747039138418e-05,0.0,0.0,0.0,-0.011084651607350057,-0.011084651607350057,-0.011084651607350057,0.0,0.0,0.0,1.372839447100896
345,2025-09-01 01:00:00,1.3891710261291443,1.3722538910813222,1.373554605069649,1.3891710261291443,1.3891710261291443,-0.016289387275703206,-0.016289387275703206,-0.016289387275703206,-0.0003384204200259853,-0.0003384204200259853,-0.0003384204200259853,-6.749497720918055e-05,-6.749497720918055e-05,-6.749497720918055e-05,-0.000285688757287717,-0.000285688757287717,-0.000285688757287717,-0.004907351195102875,-0.004907351195102875,-0.004907351195102875,-0.0022584485607704567,-0.0022584485607704567,-0.0022584485607704567,-0.0016900816752803954,-0.0016900816752803954,-0.0016900816752803954,-0.0003582052638937606,-0.0003582052638937606,-0.0003582052638937606,9.098845936462098e-05,9.098845936462098e-05,9.098845936462098e-05,0.0,0.0,0.0,-0.011382036080600332,-0.011382036080600332,-0.011382036080600332,0.0,0.0,0.0,1.372881638853441
346,2025-09-01 02:00:00,1.3894337249661286,1.37289927568726,1.3741407484336947,1.3894337249661286,1.3894337249661286,-0.015897549706990925,-0.015897549706990925,-0.015897549706990925,-0.00037568745131763564,-0.00037568745131763564,-0.00037568745131763564,-7.607634944349697e-05,-7.607634944349697e-05,-7.607634944349697e-05,-0.00012680601793384414,-0.00012680601793384414,-0.00012680601793384414,-0.004217392790786252,-0.004217392790786252,-0.004217392790786252,-0.0022948362346672463,-0.0022948362346672463,-0.0022948362346672463,-0.0015315771818211722,-0.0015315771818211722,-0.0015315771818211722,0.00013374536223308562,0.00013374536223308562,0.00013374536223308562,5.384508216405781e-05,5.384508216405781e-05,5.384508216405781e-05,0.0,0.0,0.0,-0.011680156916204673,-0.011680156916204673,-0.011680156916204673,0.0,0.0,0.0,1.3735361752591377
347,2025-09-01 03:00:00,1.3896964238031129,1.3727401876561567,1.3739395462513837,1.3896964238031129,1.3896964238031129,-0.016400831373107886,-0.016400831373107886,-0.016400831373107886,-0.0004033696442331517,-0.0004033696442331517,-0.0004033696442331517,-8.356273683922261e-05,-8.356273683922261e-05,-8.356273683922261e-05,-0.0002790389316328053,-0.0002790389316328053,-0.0002790389316328053,-0.00442182570221619,-0.00442182570221619,-0.00442182570221619,-0.0023339537974536133,-0.0023339537974536133,-0.0023339537974536133,-0.0015041476222441706,-0.0015041476222441706,-0.0015041476222441706,0.00010367599750051173,0.00010367599750051173,0.00010367599750051173,7.857103268626215e-05,7.857103268626215e-05,7.857103268626215e-05,0.0,0.0,0.0,-0.011979005670891696,-0.011979005670891696,-0.011979005670891696,0.0,0.0,0.0,1.373295592430005
348,2025-09-01 04:00:00,1.3900033040874267,1.3727718297277103,1.3740224896679563,1.3900033040874267,1.3900033040874267,-0.01661726447964847,-0.01661726447964847,-0.01661726447964847,-0.0004290745376547024,-0.0004290745376547024,-0.0004290745376547024,-7.735419457329864e-05,-7.735419457329864e-05,-7.735419457329864e-05,-0.0002295132287792066,-0.0002295132287792066,-0.0002295132287792066,-0.004338690598616847,-0.004338690598616847,-0.004338690598616847,-0.0023722442108077306,-0.0023722442108077306,-0.0023722442108077306,-0.001433914356772154,-0.001433914356772154,-0.001433914356772154,4.2038034118377604e-05,4.2038034118377604e-05,4.2038034118377604e-05,0.00016137189585186694,0.00016137189585186694,0.00016137189585186694,0.0,0.0,0.0,-0.012278573881031624,-0.012278573881031624,-0.012278573881031624,0.0,0.0,0.0,1.3733860396077782
349,2025-09-01 05:00:00,1.3903101843717405,1.3732418602804366,1.3745331145750277,1.3903101843717405,1.3903101843717405,-0.016421187724772572,-0.016421187724772572,-0.016421187724772572,-0.0004607182240222898,-0.0004607182240222898,-0.0004607182240222898,-5.6719281481137346e-05,-5.6719281481137346e-05,-5.6719281481137346e-05,0.00018112891121229766,0.00018112891121229766,0.00018112891121229766,-0.0038423346615997596,-0.0038423346615997596,-0.0038423346615997596,-0.002407143212901357,-0.002407143212901357,-0.002407143212901357,-0.0013145418696695922,-0.0013145418696695922,-0.0013145418696695922,9.678073644507752e-05,9.678073644507752e-05,9.678073644507752e-05,0.00011887827881724216,0.00011887827881724216,0.00011887827881724216,0.0,0.0,0.0,-0.012578853063172813,-0.012578853063172813,-0.012578853063172813,0.0,0.0,0.0,1.3738889966469678
350,2025-09-01 06:00:00,1.3906170646560547,1.3728296498491726,1.3740844921606457,1.3906170646560547,1.3906170646560547,-0.017174479405579368,-0.017174479405579368,-0.017174479405579368,-0.0004810132386549312,-0.0004810132386549312,-0.0004810132386549312,-5.251784860133019e-05,-5.251784860133019e-05,-5.251784860133019e-05,-9.670711823181589e-05,-9.670711823181589e-05,-9.670711823181589e-05,-0.0042946446911656605,-0.0042946446911656605,-0.0042946446911656605,-0.0024390658572640933,-0.0024390658572640933,-0.0024390658572640933,-0.0012819832657052024,-0.0012819832657052024,-0.0012819832657052024,7.488566285422002e-05,7.488566285422002e-05,7.488566285422002e-05,-1.8243025562507123e-05,-1.8243025562507123e-05,-1.8243025562507123e-05,0.0,0.0,0.0,-0.012879834714413708,-0.012879834714413708,-0.012879834714413708,0.0,0.0,0.0,1.3734425852504755
351,2025-09-01 07:00:00,1.3909239449403685,1.3740768107278114,1.3753610127955171,1.3909239449403685,1.3909239449403685,-0.016188775287747127,-0.016188775287747127,-0.016188775287747127,-0.00047485309563691225,-0.00047485309563691225,-0.00047485309563691225,-4.5395004879644115e-05,-4.5395004879644115e-05,-4.5395004879644115e-05,0.0009079701051939036,0.0009079701051939036,0.0009079701051939036,-0.0030072649748371905,-0.0030072649748371905,-0.0030072649748371905,-0.002463132060832192,-0.002463132060832192,-0.002463132060832192,-0.0009951870940281974,-0.0009951870940281974,-0.0009951870940281974,0.00018021734273692916,0.00018021734273692916,0.00018021734273692916,-0.00011688516739107733,-0.00011688516739107733,-0.00011688516739107733,0.0,0.0,0.0,-0.013181510312909936,-0.013181510312909936,-0.013181510312909936,0.0,0.0,0.0,1.3747351696526213
352,2025-09-01 08:00:00,1.3912308252246823,1.3743010562789495,1.3755413593143457,1.3912308252246823,1.3912308252246823,-0.01632278091371983,-0.01632278091371983,-0.01632278091371983,-0.00045848127339263135,-0.00045848127339263135,-0.00045848127339263135,-4.2107873455562654e-05,-4.2107873455562654e-05,-4.2107873455562654e-05,0.0009340994741000929,0.0009340994741000929,0.0009340994741000929,-0.002838909595436885,-0.002838909595436885,-0.002838909595436885,-0.0024937316604531916,-0.0024937316604531916,-0.0024937316604531916,-0.0008259700911835405,-0.0008259700911835405,-0.0008259700911835405,0.00010905385067078413,0.00010905385067078413,0.00010905385067078413,-6.177202172283588e-05,-6.177202172283588e-05,-6.177202172283588e-05,0.0,0.0,0.0,-0.013483871318282945,-0.013483871318282945,-0.013483871318282945,0.0,0.0,0.0,1.3749080443109625
353,2025-09-01 09:00:00,1.3915377055089964,1.3736273405517616,1.3748981017598092,1.3915377055089964,1.3915377055089964,-0.01726570365967117,-0.01726570365967117,-0.01726570365967117,-0.0004802996105471051,-0.0004802996105471051,-0.0004802996105471051,-5.543925944313609e-05,-5.543925944313609e-05,-5.543925944313609e-05,0.000348686089636308,0.000348686089636308,0.000348686089636308,-0.003478794487493748,-0.003478794487493748,-0.003478794487493748,-0.0025258199318774466,-0.0025258199318774466,-0.0025258199318774466,-0.0007726810726240547,-0.0007726810726240547,-0.0007726810726240547,4.3376581588687026e-05,4.3376581588687026e-05,4.3376581588687026e-05,-3.661728422700072e-05,-3.661728422700072e-05,-3.661728422700072e-05,0.0,0.0,0.0,-0.013786909172177422,-0.013786909172177422,-0.013786909172177422,0.0,0.0,0.0,1.3742720018493253
354,2025-09-01 10:00:00,1.3918445857933104,1.373151728135424,1.3744120233924493,1.3918445857933104,1.3918445857933104,-0.018092613868915648,-0.018092613868915648,-0.018092613868915648,-0.0005089935342070951,-0.0005089935342070951,-0.0005089935342070951,-7.412310119439596e-06,-7.412310119439596e-06,-7.412310119439596e-06,-0.00012071047011964553,-0.00012071047011964553,-0.00012071047011964553,-0.004001998570403239,-0.004001998570403239,-0.004001998570403239,-0.002562291405180432,-0.002562291405180432,-0.002562291405180432,-0.0007324348558571341,-0.0007324348558571341,-0.0007324348558571341,-1.9542797348559882e-05,-1.9542797348559882e-05,-1.9542797348559882e-05,-5.061319757093318e-05,-5.061319757093318e-05,-5.061319757093318e-05,0.0,0.0,0.0,-0.014090615298512412,-0.014090615298512412,-0.014090615298512412,0.0,0.0,0.0,1.3737519719243947
355,2025-09-01 11:00:00,1.3921514660776242,1.3730453765175445,1.3742547686783988,1.3921514660776242,1.3921514660776242,-0.018477827325291605,-0.018477827325291605,-0.018477827325291605,-0.0005249357282890522,-0.0005249357282890522,-0.0005249357282890522,2.0162586403233393e-05,2.0162586403233393e-05,2.0162586403233393e-05,-0.00031011916106108155,-0.00031011916106108155,-0.00031011916106108155,-0.00408284622115466,-0.00408284622115466,-0.00408284622115466,-0.00259462713132162,-0.00259462713132162,-0.00259462713132162,-0.0006901122179146321,-0.0006901122179146321,-0.0006901122179146321,3.654227609062597e-05,3.654227609062597e-05,3.654227609062597e-05,-1.9756845062133553e-05,-1.9756845062133553e-05,-1.9756845062133553e-05,0.0,0.0,0.0,-0.014394981104136945,-0.014394981104136945,-0.014394981104136945,0.0,0.0,0.0,1.3736736387523325
356,2025-09-01 12:00:00,1.3924583463619382,1.3733081919936527,1.3746391173163448,1.3924583463619382,1.3924583463619382,-0.0184745757346601,-0.0184745757346601,-0.0184745757346601,-0.000548794090002023,-0.000548794090002023,-0.000548794090002023,6.818953572689338e-05,6.818953572689338e-05,6.818953572689338e-05,-5.1584454186654235e-05,-5.1584454186654235e-05,-5.1584454186654235e-05,-0.0037745777553963365,-0.0037745777553963365,-0.0037745777553963365,-0.0026229937232378746,-0.0026229937232378746,-0.0026229937232378746,-0.0006029084826538339,-0.0006029084826538339,-0.0006029084826538339,9.168000579735739e-06,9.168000579735739e-06,9.168000579735739e-06,-2.5654541622580216e-05,-2.5654541622580216e-05,-2.5654541622580216e-05,0.0,0.0,0.0,-0.014699997979263767,-0.014699997979263767,-0.014699997979263767,0.0,0.0,0.0,1.3739837706272782
357,2025-09-01 13:00:00,1.392765226646252,1.3746411701560532,1.3758701548297052,1.392765226646252,1.392765226646252,-0.017524363451959367,-0.017524363451959367,-0.017524363451959367,-0.000536072482013358,-0.000536072482013358,-0.000536072482013358,7.385167402763998e-05,7.385167402763998e-05,7.385167402763998e-05,0.0007616635988596296,0.0007616635988596296,0.0007616635988596296,-0.002518706154234843,-0.002518706154234843,-0.002518706154234843,-0.0026363907835912767,-0.0026363907835912767,-0.0026363907835912767,-0.0003412001595415562,-0.0003412001595415562,-0.0003412001595415562,0.00023493755186918677,0.00023493755186918677,0.00023493755186918677,-7.549555384510837e-05,-7.549555384510837e-05,-7.549555384510837e-05,0.0,0.0,0.0,-0.015005657297724522,-0.015005657297724522,-0.015005657297724522,0.0,0.0,0.0,1.3752408631942927
358,2025-09-01 14:00:00,1.393072106930566,1.3745787641094296,1.3757849221262892,1.393072106930566,1.393072106930566,-0.017934885049824077,-0.017934885049824077,-0.017934885049824077,-0.0005228315561111905,-0.0005228315561111905,-0.0005228315561111905,7.585878341375679e-05,7.585878341375679e-05,7.585878341375679e-05,0.0005461044934708304,0.0005461044934708304,0.0005461044934708304,-0.002622934632227946,-0.002622934632227946,-0.002622934632227946,-0.0026454884414720513,-0.0026454884414720513,-0.0026454884414720513,-0.00020274186790472385,-0.00020274186790472385,-0.00020274186790472385,0.00015828638933233172,0.00015828638933233172,0.00015828638933233172,-3.212243295689969e-05,-3.212243295689969e-05,-3.212243295689969e-05,0.0,0.0,0.0,-0.01531195041759613,-0.01531195041759613,-0.01531195041759613,0.0,0.0,0.0,1.375137221880742
359,2025-09-01 15:00:00,1.39337898721488,1.3743357534205798,1.3755560458961016,1.39337898721488,1.39337898721488,-0.018389972559451163,-0.018389972559451163,-0.018389972559451163,-0.0005156570111338407,-0.0005156570111338407,-0.0005156570111338407,7.293954948015048e-05,7.293954948015048e-05,7.293954948015048e-05,0.00036318742083793086,0.00036318742083793086,0.00036318742083793086,-0.0027711038777088214,-0.0027711038777088214,-0.0027711038777088214,-0.002658803674169946,-0.002658803674169946,-0.002658803674169946,-9.49840552431163e-05,-9.49840552431163e-05,-9.49840552431163e-05,0.00011995077752852372,0.00011995077752852372,0.00011995077752852372,-5.7736885008523935e-05,-5.7736885008523935e-05,-5.7736885008523935e-05,0.0,0.0,0.0,-0.01561886868174234,-0.01561886868174234,-0.01561886868174234,0.0,0.0,0.0,1.3749890146554289
360,2025-09-01 16:00:00,1.3936858674991939,1.3751833954872665,1.3764829147726743,1.3936858674991939,1.3936858674991939,-0.017895216125781988,-0.017895216125781988,-0.017895216125781988,-0.00047031911799384703,-0.00047031911799384703,-0.00047031911799384703,6.435600033759797e-05,6.435600033759797e-05,6.435600033759797e-05,0.0007343253232065014,0.0007343253232065014,0.0007343253232065014,-0.0019688127077805368,-0.0019688127077805368,-0.0019688127077805368,-0.0026619456589625392,-0.0026619456589625392,-0.0026619456589625392,0.00014607851026185732,0.00014607851026185732,0.00014607851026185732,0.0002937782979875883,0.0002937782979875883,0.0002937782979875883,-7.508606261769573e-05,-7.508606261769573e-05,-7.508606261769573e-05,0.0,0.0,0.0,-0.01592640341800145,-0.01592640341800145,-0.01592640341800145,0.0,0.0,0.0,1.375790651373412
361,2025-09-01 17:00:00,1.393992747783508,1.3750175056333636,1.376235049054513,1.393992747783508,1.393992747783508,-0.018395125612662735,-0.018395125612662735,-0.018395125612662735,-0.0004282196457924243,-0.0004282196457924243,-0.0004282196457924243,6.782599205285381e-05,6.782599205285381e-05,6.782599205285381e-05,0.0006085961883457545,0.0006085961883457545,0.0006085961883457545,-0.002160579672908124,-0.002160579672908124,-0.002160579672908124,-0.0026708776897818873,-0.0026708776897818873,-0.0026708776897818873,0.0002901409646735234,0.0002901409646735234,0.0002901409646735234,7.612430775620194e-05,7.612430775620194e-05,7.612430775620194e-05,-0.00010416979016214563,-0.00010416979016214563,-0.00010416979016214563,0.0,0.0,0.0,-0.01623454593975461,-0.01623454593975461,-0.01623454593975461,0.0,0.0,0.0,1.3755976221708452
362,2025-09-01 18:00:00,1.3942996280678217,1.3750873238724308,1.3763371816401062,1.3942996280678217,1.3942996280678217,-0.018593812039393965,-0.018593812039393965,-0.018593812039393965,-0.00038912727874824596,-0.00038912727874824596,-0.00038912727874824596,9.302805860709784e-05,9.302805860709784e-05,9.302805860709784e-05,0.0004903661663769027,0.0004903661663769027,0.0004903661663769027,-0.0020505244928359302,-0.0020505244928359302,-0.0020505244928359302,-0.0026799743617872255,-0.0026799743617872255,-0.0026799743617872255,0.00040397289845544763,0.00040397289845544763,0.00040397289845544763,0.0001294767912089262,0.0001294767912089262,0.0001294767912089262,-9.826676694883311e-05,-9.826676694883311e-05,-9.826676694883311e-05,0.0,0.0,0.0,-0.016543287546558035,-0.016543287546558035,-0.016543287546558035,0.0,0.0,0.0,1.3757058160284277
363,2025-09-01 19:00:00,1.3946065083521357,1.3750541090101023,1.376262058313483,1.3946065083521357,1.3946065083521357,-0.018969598905235904,-0.018969598905235904,-0.018969598905235904,-0.0003707330322886953,-0.0003707330322886953,-0.0003707330322886953,9.339377918941001e-05,9.339377918941001e-05,9.339377918941001e-05,0.0003066946602846869,0.0003066946602846869,0.0003066946602846869,-0.00211697938090111,-0.00211697938090111,-0.00211697938090111,-0.002679560294133337,-0.002679560294133337,-0.002679560294133337,0.00043996077341517824,0.00043996077341517824,0.00043996077341517824,0.00015962458668186753,0.00015962458668186753,0.00015962458668186753,-6.635985405022071e-05,-6.635985405022071e-05,-6.635985405022071e-05,0.0,0.0,0.0,-0.016852619524334794,-0.016852619524334794,-0.016852619524334794,0.0,0.0,0.0,1.3756369094468999
364,2025-09-01 20:00:00,1.3949133886364498,1.3748045046112376,1.3760469021282695,1.3949133886364498,1.3949133886364498,-0.019492918433765005,-0.019492918433765005,-0.019492918433765005,-0.00036532151472464045,-0.00036532151472464045,-0.00036532151472464045,9.375949977168565e-05,9.375949977168565e-05,9.375949977168565e-05,0.00013436618551973873,0.00013436618551973873,0.00013436618551973873,-0.0023303852878923535,-0.0023303852878923535,-0.0023303852878923535,-0.0026774100999593514,-0.0026774100999593514,-0.0026774100999593514,0.0004273033820387127,0.0004273033820387127,0.0004273033820387127,0.00014047271801906087,0.00014047271801906087,0.00014047271801906087,-8.355545855755989e-05,-8.355545855755989e-05,-8.355545855755989e-05,0.0,0.0,0.0,-0.017162533145872648,-0.017162533145872648,-0.017162533145872648,0.0,0.0,0.0,1.3754204702026847
365,2025-09-01 21:00:00,1.3952202689207636,1.374717182416073,1.3759520273282344,1.3952202689207636,1.3952202689207636,-0.01984501937307822,-0.01984501937307822,-0.01984501937307822,-0.0003602965341294466,-0.0003602965341294466,-0.0003602965341294466,9.905591749015661e-05,9.905591749015661e-05,9.905591749015661e-05,4.617682470297171e-05,4.617682470297171e-05,4.617682470297171e-05,-0.0023719997015887095,-0.0023719997015887095,-0.0023719997015887095,-0.0026751770922545134,-0.0026751770922545134,-0.0026751770922545134,0.00038943163315533836,0.00038943163315533836,0.00038943163315533836,0.0001213125604322367,0.0001213125604322367,0.0001213125604322367,7.496989014547694e-06,7.496989014547694e-06,7.496989014547694e-06,0.0,0.0,0.0,-0.01747301967148951,-0.01747301967148951,-0.01747301967148951,0.0,0.0,0.0,1.3753752495476854
366,2025-09-01 22:00:00,1.3955271492050776,1.374443824222268,1.375716263695377,1.3955271492050776,1.3955271492050776,-0.02046542113361165,-0.02046542113361165,-0.02046542113361165,-0.0003833340693990316,-0.0003833340693990316,-0.0003833340693990316,0.00010453301859152934,0.00010453301859152934,0.00010453301859152934,-0.00010958718508570682,-0.00010958718508570682,-0.00010958718508570682,-0.002681350784387257,-0.002681350784387257,-0.002681350784387257,-0.0026740196745743882,-0.0026740196745743882,-0.0026740196745743882,0.0003267831394582869,0.0003267831394582869,0.0003267831394582869,6.522603395586773e-05,6.522603395586773e-05,6.522603395586773e-05,-1.0952047333814671e-05,-1.0952047333814671e-05,-1.0952047333814671e-05,0.0,0.0,0.0,-0.017784070349224395,-0.017784070349224395,-0.017784070349224395,0.0,0.0,0.0,1.3750617280714659
367,2025-09-01 23:00:00,1.3958340294893916,1.3744767280983177,1.375677992816531,1.3958340294893916,1.3958340294893916,-0.020720920450012642,-0.020720920450012642,-0.020720920450012642,-0.00039543705932105637,-0.00039543705932105637,-0.00039543705932105637,0.0001118365456960806,0.0001118365456960806,0.0001118365456960806,9.249249083344085e-05,9.249249083344085e-05,9.249249083344085e-05,-0.002625244034658298,-0.002625244034658298,-0.002625244034658298,-0.002675839600500681,-0.002675839600500681,-0.002675839600500681,0.00034931370461856366,0.00034931370461856366,0.00034931370461856366,-1.8185740567108464e-05,-1.8185740567108464e-05,-1.8185740567108464e-05,-8.942437541753747e-05,-8.942437541753747e-05,-8.942437541753747e-05,0.0,0.0,0.0,-0.018095676415354346,-0.018095676415354346,-0.018095676415354346,0.0,0.0,0.0,1.375113109039379
368,2025-09-02 00:00:00,1.3961409097737054,1.3741376012876234,1.3753405427261378,1.3961409097737054,1.3961409097737054,-0.021384383513197533,-0.021384383513197533,-0.021384383513197533,-0.0004178877170010844,-0.0004178877170010844,-0.0004178877170010844,0.0001089151348542747,0.0001089151348542747,0.0001089151348542747,-0.00017110240785993988,-0.00017110240785993988,-0.00017110240785993988,-0.002976554418207778,-0.002976554418207778,-0.002976554418207778,-0.002677575727020778,-0.002677575727020778,-0.002677575727020778,0.0002615518441501224,0.0002615518441501224,0.0002615518441501224,-4.140555220635077e-05,-4.140555220635077e-05,-4.140555220635077e-05,-3.9049993124022064e-05,-3.9049993124022064e-05,-3.9049993124022064e-05,0.0,0.0,0.0,-0.018407829094989756,-0.018407829094989756,-0.018407829094989756,0.0,0.0,0.0,1.374756526260508
369,2025-09-02 01:00:00,1.3964477900580194,1.3738454385745806,1.3751057720084874,1.3964477900580194,1.3964477900580194,-0.021947503275471215,-0.021947503275471215,-0.021947503275471215,-0.00044469242077226664,-0.00044469242077226664,-0.00044469242077226664,0.00010380157742694153,0.00010380157742694153,0.00010380157742694153,-0.00031453942354596774,-0.00031453942354596774,-0.00031453942354596774,-0.0032269836731268517,-0.0032269836731268517,-0.0032269836731268517,-0.0026823720106782366,-0.0026823720106782366,-0.0026823720106782366,0.00018860562288850155,0.00018860562288850155,0.00018860562288850155,-4.003706136065698e-05,-4.003706136065698e-05,-4.003706136065698e-05,-3.774995708516686e-05,-3.774995708516686e-05,-3.774995708516686e-05,0.0,0.0,0.0,-0.018720519602344363,-0.018720519602344363,-0.018720519602344363,0.0,0.0,0.0,1.3745002867825482
370,2025-09-02 02:00:00,1.3967546703423332,1.3736948495817352,1.3749270230010124,1.3967546703423332,1.3967546703423332,-0.022479999300065282,-0.022479999300065282,-0.022479999300065282,-0.00046958250284550695,-0.00046958250284550695,-0.00046958250284550695,0.00010197515142376293,0.00010197515142376293,0.00010197515142376293,-0.00039410608094674656,-0.00039410608094674656,-0.00039410608094674656,-0.003446260158767813,-0.003446260158767813,-0.003446260158767813,-0.0026851018995676297,-0.0026851018995676297,-0.0026851018995676297,0.00016453467932888487,0.00016453467932888487,0.00016453467932888487,-0.00013020018280013884,-0.00013020018280013884,-0.00013020018280013884,-3.377932336043882e-05,-3.377932336043882e-05,-3.377932336043882e-05,0.0,0.0,0.0,-0.019033739141297468,-0.019033739141297468,-0.019033739141297468,0.0,0.0,0.0,1.374274671042268
371,2025-09-02 03:00:00,1.3970615506266473,1.3742448997680647,1.3754603927182174,1.3970615506266473,1.3970615506266473,-0.02221124434569933,-0.02221124434569933,-0.02221124434569933,-0.0004640429321153662,-0.0004640429321153662,-0.0004640429321153662,0.00010909799514541249,0.00010909799514541249,0.00010909799514541249,3.538160054352374e-05,3.538160054352374e-05,3.538160054352374e-05,-0.0028637654399057675,-0.0028637654399057675,-0.0028637654399057675,-0.0026864249443092746,-0.0026864249443092746,-0.0026864249443092746,0.00017905237207145892,0.00017905237207145892,0.00017905237207145892,-7.145804645184067e-05,-7.145804645184067e-05,-7.145804645184067e-05,3.4628515210318745e-05,3.4628515210318745e-05,3.4628515210318745e-05,0.0,0.0,0.0,-0.019347478905793563,-0.019347478905793563,-0.019347478905793563,0.0,0.0,0.0,1.3748503062809478
372,2025-09-02 04:00:00,1.3973684309109613,1.374637057560346,1.3758305231093888,1.3973684309109613,1.3973684309109613,-0.022129355765933948,-0.022129355765933948,-0.022129355765933948,-0.0004588990450088068,-0.0004588990450088068,-0.0004588990450088068,0.00011311439082588221,0.00011311439082588221,0.00011311439082588221,0.0003421226116693834,0.0003421226116693834,0.0003421226116693834,-0.002467625685714465,-0.002467625685714465,-0.002467625685714465,-0.002679560294133337,-0.002679560294133337,-0.002679560294133337,0.0002728496842169481,0.0002728496842169481,0.0002728496842169481,-1.1344769482517753e-05,-1.1344769482517753e-05,-1.1344769482517753e-05,-4.5908263802017437e-05,-4.5908263802017437e-05,-4.5908263802017437e-05,0.0,0.0,0.0,-0.019661730080219483,-0.019661730080219483,-0.019661730080219483,0.0,0.0,0.0,1.3752390751450274
373,2025-09-02 05:00:00,1.3977346073670573,1.3750538086073014,1.3762971888822673,1.3977346073670573,1.3977346073670573,-0.02207478996631842,-0.02207478996631842,-0.02207478996631842,-0.00043866637480212097,-0.00043866637480212097,-0.00043866637480212097,0.00012480221110141497,0.00012480221110141497,0.00012480221110141497,0.000505816368742891,0.000505816368742891,0.000505816368742891,-0.0020983061262190945,-0.0020983061262190945,-0.0020983061262190945,-0.0026711241586233844,-0.0026711241586233844,-0.0026711241586233844,0.0003875835819481761,0.0003875835819481761,0.0003875835819481761,5.834088916713616e-05,5.834088916713616e-05,5.834088916713616e-05,-6.505864375320747e-05,-6.505864375320747e-05,-6.505864375320747e-05,0.0,0.0,0.0,-0.019976483840099323,-0.019976483840099323,-0.019976483840099323,0.0,0.0,0.0,1.3756598174007388
374,2025-09-02 06:00:00,1.3981007838231534,1.375191841770427,1.3764379849609636,1.3981007838231534,1.3981007838231534,-0.022269181901342052,-0.022269181901342052,-0.022269181901342052,-0.0004198788953244842,-0.0004198788953244842,-0.0004198788953244842,0.00012407076993682715,0.00012407076993682715,0.00012407076993682715,0.00045182519668545367,0.00045182519668545367,0.00045182519668545367,-0.001977450549060151,-0.001977450549060151,-0.001977450549060151,-0.00266980111388174,-0.00266980111388174,-0.00266980111388174,0.00044632232356260035,0.00044632232356260035,0.00044632232356260035,6.517701006926266e-05,6.517701006926266e-05,6.517701006926266e-05,2.483415989192907e-05,2.483415989192907e-05,2.483415989192907e-05,0.0,0.0,0.0,-0.020291731352281905,-0.020291731352281905,-0.020291731352281905,0.0,0.0,0.0,1.3758316019218113
375,2025-09-02 07:00:00,1.3984669602792497,1.374111717295663,1.375355669581598,1.3984669602792497,1.3984669602792497,-0.0237699519128122,-0.0237699519128122,-0.0237699519128122,-0.0004486057404942827,-0.0004486057404942827,-0.0004486057404942827,0.00011914007280066838,0.00011914007280066838,0.00011914007280066838,-0.0004489428334001632,-0.0004489428334001632,-0.0004489428334001632,-0.003162488137375075,-0.003162488137375075,-0.003162488137375075,-0.002677905995268563,-0.002677905995268563,-0.002677905995268563,0.0002709956452003483,0.0002709956452003483,0.0002709956452003483,-7.96758915493045e-05,-7.96758915493045e-05,-7.96758915493045e-05,0.00010250660533622122,0.00010250660533622122,0.00010250660533622122,0.0,0.0,0.0,-0.020607463775437124,-0.020607463775437124,-0.020607463775437124,0.0,0.0,0.0,1.3746970083664374
376,2025-09-02 08:00:00,1.3988331367353457,1.376580946760491,1.377880262420602,1.3988331367353457,1.3988331367353457,-0.021603046463367328,-0.021603046463367328,-0.021603046463367328,-0.00038986622053834046,-0.00038986622053834046,-0.00038986622053834046,6.91038371826555e-05,6.91038371826555e-05,6.91038371826555e-05,0.0012734933980800927,0.0012734933980800927,0.0012734933980800927,-0.00067937420270958,-0.00067937420270958,-0.00067937420270958,-0.0026581401800484347,-0.0026581401800484347,-0.0026581401800484347,0.000725331994788955,0.000725331994788955,0.000725331994788955,0.0003877938149434613,0.0003877938149434613,0.0003877938149434613,-8.709084711796901e-05,-8.709084711796901e-05,-8.709084711796901e-05,0.0,0.0,0.0,-0.020923672260657746,-0.020923672260657746,-0.020923672260657746,0.0,0.0,0.0,1.3772300902719783
377,2025-09-02 09:00:00,1.3991993131914418,1.3766469697238317,1.3778942308380628,1.3991993131914418,1.3991993131914418,-0.021934660271962808,-0.021934660271962808,-0.021934660271962808,-0.0003244753995197302,-0.0003244753995197302,-0.0003244753995197302,5.8876722328025725e-05,5.8876722328025725e-05,5.8876722328025725e-05,0.0011120540249543404,0.0011120540249543404,0.0011120540249543404,-0.0006943123202434918,-0.0006943123202434918,-0.0006943123202434918,-0.002644660306164274,-0.002644660306164274,-0.002644660306164274,0.0009351146595370809,0.0009351146595370809,0.0009351146595370809,0.00022778805559875572,0.00022778805559875572,0.00022778805559875572,-5.901007697768994e-05,-5.901007697768994e-05,-5.901007697768994e-05,0.0,0.0,0.0,-0.021240347951719318,-0.021240347951719318,-0.021240347951719318,0.0,0.0,0.0,1.377264652919479
378,2025-09-02 10:00:00,1.399565489647538,1.3768145232890527,1.3780145110278148,1.399565489647538,1.399565489647538,-0.022142394490725484,-0.022142394490725484,-0.022142394490725484,-0.0002637553514310207,-0.0002637553514310207,-0.0002637553514310207,5.303390064437742e-05,5.303390064437742e-05,5.303390064437742e-05,0.0007773468820995406,0.0007773468820995406,0.0007773468820995406,-0.0005849125050470077,-0.0005849125050470077,-0.0005849125050470077,-0.0026278718345505653,-0.0026278718345505653,-0.0026278718345505653,0.001186035041039555,0.001186035041039555,0.001186035041039555,0.00037688077168985455,0.00037688077168985455,0.00037688077168985455,-8.658191453874946e-05,-8.658191453874946e-05,-8.658191453874946e-05,0.0,0.0,0.0,-0.021557481985678476,-0.021557481985678476,-0.021557481985678476,0.0,0.0,0.0,1.3774230951568125
379,2025-09-02 11:00:00,1.399931666103634,1.3769263680318677,1.378141917644772,1.399931666103634,1.399931666103634,-0.022391422581060673,-0.022391422581060673,-0.022391422581060673,-0.0002068284316817849,-0.0002068284316817849,-0.0002068284316817849,5.412670857476862e-05,5.412670857476862e-05,5.412670857476862e-05,0.0006141203411492791,0.0006141203411492791,0.0006141203411492791,-0.0005163570879258858,-0.0005163570879258858,-0.0005163570879258858,-0.0026003323920667436,-0.0026003323920667436,-0.0026003323920667436,0.0013478486530562879,0.0013478486530562879,0.0013478486530562879,0.0003618393993619558,0.0003618393993619558,0.0003618393993619558,-8.713136631964876e-05,-8.713136631964876e-05,-8.713136631964876e-05,0.0,0.0,0.0,-0.021875065493134786,-0.021875065493134786,-0.021875065493134786,0.0,0.0,0.0,1.3775402435225734
380,2025-09-02 12:00:00,1.4002978425597303,1.3776195076834024,1.378864385344224,1.4002978425597303,1.4002978425597303,-0.02200811395165221,-0.02200811395165221,-0.02200811395165221,-0.00011701777480900235,-0.00011701777480900235,-0.00011701777480900235,3.422105973895905e-05,3.422105973895905e-05,3.422105973895905e-05,0.0007082456251321295,0.0007082456251321295,0.0007082456251321295,0.0001849756472867405,0.0001849756472867405,0.0001849756472867405,-0.0025612148292803766,-0.0025612148292803766,-0.0025612148292803766,0.0017205222592122276,0.0017205222592122276,0.0017205222592122276,0.0005312892239723265,0.0005312892239723265,0.0005312892239723265,-0.00013106991667952275,-0.00013106991667952275,-0.00013106991667952275,0.0,0.0,0.0,-0.02219308959893895,-0.02219308959893895,-0.02219308959893895,0.0,0.0,0.0,1.3782897286080782
381,2025-09-02 13:00:00,1.4006640190158264,1.3789119152608171,1.3801015166281951,1.4006640190158264,1.4006640190158264,-0.021173515339225284,-0.021173515339225284,-0.021173515339225284,-7.963333473424921e-06,-7.963333473424921e-06,-7.963333473424921e-06,-6.86590615422574e-06,-6.86590615422574e-06,-6.86590615422574e-06,0.0008906384080798208,0.0008906384080798208,0.0008906384080798208,0.0013380300831589767,0.0013380300831589767,0.0013380300831589767,-0.00251779687814613,-0.00251779687814613,-0.00251779687814613,0.002359854740701438,0.002359854740701438,0.002359854740701438,0.0007799312675377252,0.0007799312675377252,0.0007799312675377252,-0.00015976821538622637,-0.00015976821538622637,-0.00015976821538622637,0.0,0.0,0.0,-0.022511545422384257,-0.022511545422384257,-0.022511545422384257,0.0,0.0,0.0,1.3794905036766012
382,2025-09-02 14:00:00,1.4010301954719224,1.3784543053417162,1.379743590511464,1.4010301954719224,1.4010301954719224,-0.021884882482670127,-0.021884882482670127,-0.021884882482670127,9.330150490961113e-05,9.330150490961113e-05,9.330150490961113e-05,-4.174650668968608e-05,-4.174650668968608e-05,-4.174650668968608e-05,0.0005689814794021933,0.0005689814794021933,0.0005689814794021933,0.0009455415950443846,0.0009455415950443846,0.0009455415950443846,-0.0024861216885003284,-0.0024861216885003284,-0.0024861216885003284,0.0024681420835093257,0.0024681420835093257,0.0024681420835093257,0.00044221668827394776,0.00044221668827394776,0.00044221668827394776,-9.9231965860679e-05,-9.9231965860679e-05,-9.9231965860679e-05,0.0,0.0,0.0,-0.02283042407771451,-0.02283042407771451,-0.02283042407771451,0.0,0.0,0.0,1.3791453129892524
383,2025-09-02 15:00:00,1.4013963719280187,1.3785946858673386,1.379856772326186,1.4013963719280187,1.4013963719280187,-0.022163776490558916,-0.022163776490558916,-0.022163776490558916,0.00014038392045115044,0.00014038392045115044,0.00014038392045115044,-6.29278237470613e-05,-6.29278237470613e-05,-6.29278237470613e-05,0.0003552759111927605,0.0003552759111927605,0.0003552759111927605,0.0009859401842019838,0.0009859401842019838,0.0009859401842019838,-0.0024508914322834805,-0.0024508914322834805,-0.0024508914322834805,0.0026275264333351592,0.0026275264333351592,0.0026275264333351592,0.0004858371085732422,0.0004858371085732422,0.0004858371085732422,-0.00010926393331978692,-0.00010926393331978692,-0.00010926393331978692,0.0,0.0,0.0,-0.023149716674760897,-0.023149716674760897,-0.023149716674760897,0.0,0.0,0.0,1.3792325954374598
384,2025-09-02 16:00:00,1.4017625483841147,1.3783886351624313,1.379664780942607,1.4017625483841147,1.4017625483841147,-0.022739209997722654,-0.022739209997722654,-0.022739209997722654,0.00019233920404356552,0.00019233920404356552,0.00019233920404356552,-8.721558884561624e-05,-8.721558884561624e-05,-8.721558884561624e-05,0.0002823476060138134,0.0002823476060138134,0.0002823476060138134,0.0007302043213415338,0.0007302043213415338,0.0007302043213415338,-0.002440800997908846,-0.002440800997908846,-0.002440800997908846,0.0025061961248271434,0.0025061961248271434,0.0025061961248271434,0.000343837714889614,0.000343837714889614,0.000343837714889614,-6.649974167814017e-05,-6.649974167814017e-05,-6.649974167814017e-05,0.0,0.0,0.0,-0.023469414319064186,-0.023469414319064186,-0.023469414319064186,0.0,0.0,0.0,1.3790233383863921
385,2025-09-02 17:00:00,1.4021287248402108,1.3779062539812053,1.379218029105457,1.4021287248402108,1.4021287248402108,-0.02356418518719421,-0.02356418518719421,-0.02356418518719421,0.00019533705276336788,0.00019533705276336788,0.00019533705276336788,-0.00011369767743786152,-0.00011369767743786152,-0.00011369767743786152,1.105021878919076e-05,1.105021878919076e-05,1.105021878919076e-05,0.00022532292532795358,0.00022532292532795358,0.00022532292532795358,-0.0024303802952864266,-0.0024303802952864266,-0.0024303802952864266,0.002217330508516751,0.002217330508516751,0.002217330508516751,0.0003824139858370129,0.0003824139858370129,0.0003824139858370129,-3.6730867854080804e-05,-3.6730867854080804e-05,-3.6730867854080804e-05,0.0,0.0,0.0,-0.023789508112522163,-0.023789508112522163,-0.023789508112522163,0.0,0.0,0.0,1.3785645396530166
386,2025-09-02 18:00:00,1.402494901296307,1.377443061688064,1.3786376252448027,1.402494901296307,1.402494901296307,-0.024461167904336313,-0.024461167904336313,-0.024461167904336313,0.00018976939113492862,0.00018976939113492862,0.00018976939113492862,-0.00011844333737468294,-0.00011844333737468294,-0.00011844333737468294,-7.920701628107104e-05,-7.920701628107104e-05,-7.920701628107104e-05,-0.00035117875042888977,-0.00035117875042888977,-0.00035117875042888977,-0.002389195351856742,-0.002389195351856742,-0.002389195351856742,0.002070238457525006,0.002070238457525006,0.002070238457525006,1.4552784333957354e-05,1.4552784333957354e-05,1.4552784333957354e-05,-3.889367791028592e-05,-3.889367791028592e-05,-3.889367791028592e-05,0.0,0.0,0.0,-0.024109989153907423,-0.024109989153907423,-0.024109989153907423,0.0,0.0,0.0,1.3780337333919708
387,2025-09-02 19:00:00,1.402861077752403,1.3778777216744484,1.3791502237786202,1.402861077752403,1.402861077752403,-0.02434981850587923,-0.02434981850587923,-0.02434981850587923,0.0002097114480476195,0.0002097114480476195,0.0002097114480476195,-0.00013560825875158839,-0.00013560825875158839,-0.00013560825875158839,0.00012920692990380918,0.00012920692990380918,0.00012920692990380918,8.103003314171382e-05,8.103003314171382e-05,8.103003314171382e-05,-0.002339078377608076,-0.002339078377608076,-0.002339078377608076,0.002054127831517672,0.002054127831517672,0.002054127831517672,0.0002097279603860949,0.0002097279603860949,0.0002097279603860949,-4.705750035381719e-05,-4.705750035381719e-05,-4.705750035381719e-05,0.0,0.0,0.0,-0.024430848539020947,-0.024430848539020947,-0.024430848539020947,0.0,0.0,0.0,1.3785112592465238
388,2025-09-02 20:00:00,1.4032272542084991,1.377727835657589,1.378994821274421,1.4032272542084991,1.4032272542084991,-0.024855706972674377,-0.024855706972674377,-0.024855706972674377,0.00022822907232369002,0.00022822907232369002,0.00022822907232369002,-0.00014181680101751234,-0.00014181680101751234,-0.00014181680101751234,2.6095705143313308e-05,2.6095705143313308e-05,2.6095705143313308e-05,-0.00010362961131498216,-0.00010362961131498216,-0.00010362961131498216,-0.002294833277041214,-0.002294833277041214,-0.002294833277041214,0.002002311540639836,0.002002311540639836,0.002002311540639836,0.00012505977207731737,0.00012505977207731737,0.00012505977207731737,-4.867562344041262e-05,-4.867562344041262e-05,-4.867562344041262e-05,0.0,0.0,0.0,-0.024752077361359395,-0.024752077361359395,-0.024752077361359395,0.0,0.0,0.0,1.3783715472358247
389,2025-09-02 21:00:00,1.4035934306645954,1.3773605982214498,1.3785634830346847,1.4035934306645954,1.4035934306645954,-0.025621621543290722,-0.025621621543290722,-0.025621621543290722,0.0002318528534549407,0.0002318528534549407,0.0002318528534549407,-0.00014784248299229844,-0.00014784248299229844,-0.00014784248299229844,-0.0002080234592498231,-0.0002080234592498231,-0.0002080234592498231,-0.0005479548307384289,-0.0005479548307384289,-0.0005479548307384289,-0.002254227042451775,-0.002254227042451775,-0.002254227042451775,0.0018338129898702773,0.0018338129898702773,0.0018338129898702773,6.232575563565395e-05,6.232575563565395e-05,6.232575563565395e-05,-6.585344500540456e-05,-6.585344500540456e-05,-6.585344500540456e-05,0.0,0.0,0.0,-0.025073666712552296,-0.025073666712552296,-0.025073666712552296,0.0,0.0,0.0,1.3779718091213047
390,2025-09-02 22:00:00,1.4039596071206915,1.3772114489324514,1.3784418289675635,1.4039596071206915,1.4039596071206915,-0.026147576129401204,-0.026147576129401204,-0.026147576129401204,0.00023521779307681632,0.00023521779307681632,0.00023521779307681632,-0.00014674532124543506,-0.00014674532124543506,-0.00014674532124543506,-0.00024994810438496167,-0.00024994810438496167,-0.00024994810438496167,-0.0007519684467323728,-0.0007519684467323728,-0.0007519684467323728,-0.0022097344871679784,-0.0022097344871679784,-0.0022097344871679784,0.0017197804550234716,0.0017197804550234716,0.0017197804550234716,-0.00010403856995697926,-0.00010403856995697926,-0.00010403856995697926,3.4997879226935336e-06,3.4997879226935336e-06,3.4997879226935336e-06,0.0,0.0,0.0,-0.025395607682668835,-0.025395607682668835,-0.025395607682668835,0.0,0.0,0.0,1.3778120309912902
391,2025-09-02 23:00:00,1.404325783576788,1.3768654263028919,1.3781387102383214,1.404325783576788,1.404325783576788,-0.02683093656894842,-0.02683093656894842,-0.02683093656894842,0.0002408133438324486,0.0002408133438324486,0.0002408133438324486,-0.00013998819810609765,-0.00013998819810609765,-0.00013998819810609765,-0.00024446547494466847,-0.00024446547494466847,-0.00024446547494466847,-0.0011130452082570243,-0.0011130452082570243,-0.0011130452082570243,-0.0021703684837893335,-0.0021703684837893335,-0.0021703684837893335,0.0016041803135087834,0.0016041803135087834,0.0016041803135087834,-0.00038287576246026563,-0.00038287576246026563,-0.00038287576246026563,-2.034094629789105e-05,-2.034094629789105e-05,-2.034094629789105e-05,0.0,0.0,0.0,-0.025717891360691397,-0.025717891360691397,-0.025717891360691397,0.0,0.0,0.0,1.3774948470078394
392,2025-09-03 00:00:00,1.4046919600328838,1.37739646874908,1.3786449186627259,1.4046919600328838,1.4046919600328838,-0.026703757948230836,-0.026703757948230836,-0.026703757948230836,0.0002488431390946932,0.0002488431390946932,0.0002488431390946932,-0.000135786765226254,-0.000135786765226254,-0.000135786765226254,-0.00012679525591357426,-0.00012679525591357426,-0.00012679525591357426,-0.0006632491131033465,-0.0006632491131033465,-0.0006632491131033465,-0.0021294309950766737,-0.0021294309950766737,-0.0021294309950766737,0.0015579135252844491,0.0015579135252844491,0.0015579135252844491,-6.314502409578015e-05,-6.314502409578015e-05,-6.314502409578015e-05,-1.4847737170206946e-05,-1.4847737170206946e-05,-1.4847737170206946e-05,0.0,0.0,0.0,-0.02604050883512749,-0.02604050883512749,-0.02604050883512749,0.0,0.0,0.0,1.377988202084653
393,2025-09-03 01:00:00,1.4050581364889798,1.3777627706037974,1.3790337396507022,1.4050581364889798,1.4050581364889798,-0.02669872546572596,-0.02669872546572596,-0.02669872546572596,0.0002731359735927271,0.0002731359735927271,0.0002731359735927271,-0.00013889103635923426,-0.00013889103635923426,-0.00013889103635923426,0.00010847285053580231,0.00010847285053580231,0.00010847285053580231,-0.00033527427153019946,-0.00033527427153019946,-0.00033527427153019946,-0.0020838628497682585,-0.0020838628497682585,-0.0020838628497682585,0.0016047563578133676,0.0016047563578133676,0.0016047563578133676,-6.448888690073594e-05,-6.448888690073594e-05,-6.448888690073594e-05,-3.439668044386767e-05,-3.439668044386767e-05,-3.439668044386767e-05,0.0,0.0,0.0,-0.02636345119419576,-0.02636345119419576,-0.02636345119419576,0.0,0.0,0.0,1.3783594110232538
394,2025-09-03 02:00:00,1.4054243129450763,1.3779199285992607,1.379196335332684,1.4054243129450763,1.4054243129450763,-0.026887901597739246,-0.026887901597739246,-0.026887901597739246,0.0002956936056266158,0.0002956936056266158,0.0002956936056266158,-0.00014071528545421322,-0.00014071528545421322,-0.00014071528545421322,3.355867124597954e-05,3.355867124597954e-05,3.355867124597954e-05,-0.00020119207139778807,-0.00020119207139778807,-0.00020119207139778807,-0.0020438353240187913,-0.0020438353240187913,-0.0020438353240187913,0.0015745757521965736,0.0015745757521965736,0.0015745757521965736,6.0897070713927054e-05,6.0897070713927054e-05,6.0897070713927054e-05,1.8633438292120265e-05,1.8633438292120265e-05,1.8633438292120265e-05,0.0,0.0,0.0,-0.026686709526341463,-0.026686709526341463,-0.026686709526341463,0.0,0.0,0.0,1.378536411347337
395,2025-09-03 03:00:00,1.4057904894011723,1.3784765223750102,1.3796997978782015,1.4057904894011723,1.4057904894011723,-0.026690598199262082,-0.026690598199262082,-0.026690598199262082,0.0003045331345152902,0.0003045331345152902,0.0003045331345152902,-0.00013998602119786154,-0.00013998602119786154,-0.00013998602119786154,0.0002288025718827901,0.0002288025718827901,0.0002288025718827901,0.00031967672155098093,0.00031967672155098093,0.00031967672155098093,-0.001997440029278034,-0.001997440029278034,-0.001997440029278034,0.0016010456959604502,0.0016010456959604502,0.0016010456959604502,0.00023559139057603286,0.00023559139057603286,0.00023559139057603286,8.71299790923132e-05,8.71299790923132e-05,8.71299790923132e-05,0.0,0.0,0.0,-0.027010274920813065,-0.027010274920813065,-0.027010274920813065,0.0,0.0,0.0,1.3790998912019103
396,2025-09-03 04:00:00,1.4061566658572682,1.3789697490155626,1.380230104097489,1.4061566658572682,1.4061566658572682,-0.02654988950025269,-0.02654988950025269,-0.02654988950025269,0.0003226401699572452,0.0003226401699572452,0.0003226401699572452,-8.994978557981215e-05,-8.994978557981215e-05,-8.994978557981215e-05,0.0006367327842829725,0.0006367327842829725,0.0006367327842829725,0.0007842489675845485,0.0007842489675845485,0.0007842489675845485,-0.0019515416157218335,-0.0019515416157218335,-0.0019515416157218335,0.001675226741278774,0.001675226741278774,0.001675226741278774,0.00021093764944930877,0.00021093764944930877,0.00021093764944930877,-1.9796976082106676e-05,-1.9796976082106676e-05,-1.9796976082106676e-05,0.0,0.0,0.0,-0.027334138467837235,-0.027334138467837235,-0.027334138467837235,0.0,0.0,0.0,1.3796067763570155
397,2025-09-03 05:00:00,1.4065228423133647,1.378916907564355,1.3801925103784238,1.4065228423133647,1.4065228423133647,-0.026989987724385624,-0.026989987724385624,-0.026989987724385624,0.00034184333296186304,0.00034184333296186304,0.00034184333296186304,-7.022699703514036e-05,-7.022699703514036e-05,-7.022699703514036e-05,0.0005525295311901401,0.0005525295311901401,0.0005525295311901401,0.0006683035348661352,0.0006683035348661352,0.0006683035348661352,-0.0019034101944608876,-0.0019034101944608876,-0.0019034101944608876,0.0016492579483406123,0.0016492579483406123,0.0016492579483406123,7.043212474209341e-05,7.043212474209341e-05,7.043212474209341e-05,2.7877789127454477e-05,2.7877789127454477e-05,2.7877789127454477e-05,0.0,0.0,0.0,-0.027658291259251757,-0.027658291259251757,-0.027658291259251757,0.0,0.0,0.0,1.3795328545889791
398,2025-09-03 06:00:00,1.4068890187694607,1.3792034797599644,1.3804197863349865,1.4068890187694607,1.4068890187694607,-0.027070918063407355,-0.027070918063407355,-0.027070918063407355,0.00036839489479854805,0.00036839489479854805,0.00036839489479854805,-6.566202048129367e-05,-6.566202048129367e-05,-6.566202048129367e-05,0.0006515930342966035,0.0006515930342966035,0.0006515930342966035,0.0009118063255608636,0.0009118063255608636,0.0009118063255608636,-0.001851722720753552,-0.001851722720753552,-0.001851722720753552,0.001720088173641131,0.001720088173641131,0.001720088173641131,0.00016449382539152706,0.00016449382539152706,0.00016449382539152706,-7.537886133210053e-05,-7.537886133210053e-05,-7.537886133210053e-05,0.0,0.0,0.0,-0.027982724388968216,-0.027982724388968216,-0.027982724388968216,0.0,0.0,0.0,1.3798181007060533
399,2025-09-03 07:00:00,1.4072551952255568,1.3791167968623188,1.380392415429286,1.4072551952255568,1.4072551952255568,-0.02748646174696071,-0.02748646174696071,-0.02748646174696071,0.00039304991650404114,0.00039304991650404114,0.00039304991650404114,-6.894697499717562e-05,-6.894697499717562e-05,-6.894697499717562e-05,0.0004920622932567459,0.0004920622932567459,0.0004920622932567459,0.000820967206184173,0.000820967206184173,0.000820967206184173,-0.0018035912994925143,-0.0018035912994925143,-0.0018035912994925143,0.0017256157938144367,0.0017256157938144367,0.0017256157938144367,0.00022047562142666737,0.00022047562142666737,0.00022047562142666737,-0.00013769814432802813,-0.00013769814432802813,-0.00013769814432802813,0.0,0.0,0.0,-0.02830742895314488,-0.02830742895314488,-0.02830742895314488,0.0,0.0,0.0,1.379768733478596
400,2025-09-03 08:00:00,1.407621371681653,1.3794141751676252,1.3806775151946518,1.407621371681653,1.407621371681653,-0.02759028144374492,-0.02759028144374492,-0.02759028144374492,0.00043519048407871853,0.00043519048407871853,0.00043519048407871853,-5.0136310999956855e-05,-5.0136310999956855e-05,-5.0136310999956855e-05,0.000600772945697882,0.000600772945697882,0.000600772945697882,0.0010421146070880333,0.0010421146070880333,0.0010421146070880333,-0.0017514069446005304,-0.0017514069446005304,-0.0017514069446005304,0.001723653992324382,0.001723653992324382,0.001723653992324382,0.00020135547810373565,0.00020135547810373565,0.00020135547810373565,-0.00011731503751619753,-0.00011731503751619753,-0.00011731503751619753,0.0,0.0,0.0,-0.028632396050832957,-0.028632396050832957,-0.028632396050832957,0.0,0.0,0.0,1.380031090237908
401,2025-09-03 09:00:00,1.407987548137749,1.379419223522681,1.380662789391593,1.407987548137749,1.407987548137749,-0.027918706530281293,-0.027918706530281293,-0.027918706530281293,0.0004399063772290537,0.0004399063772290537,0.0004399063772290537,-2.7860009103990918e-05,-2.7860009103990918e-05,-2.7860009103990918e-05,0.00041754177908633424,0.00041754177908633424,0.00041754177908633424,0.0010389102541116116,0.0010389102541116116,0.0010389102541116116,-0.0017075759116876484,-0.0017075759116876484,-0.0017075759116876484,0.0017650585681793745,0.0017650585681793745,0.0017650585681793745,0.0002531641725331329,0.0002531641725331329,0.0002531641725331329,-0.00010132472212464474,-0.00010132472212464474,-0.00010132472212464474,0.0,0.0,0.0,-0.028957616784392903,-0.028957616784392903,-0.028957616784392903,0.0,0.0,0.0,1.3800688416074678
402,2025-09-03 10:00:00,1.4083537245938453,1.379323031789604,1.3806324405102932,1.4083537245938453,1.4083537245938453,-0.028391130822799884,-0.028391130822799884,-0.028391130822799884,0.0004442854208686504,0.0004442854208686504,0.0004442854208686504,-3.206523423123745e-06,-3.206523423123745e-06,-3.206523423123745e-06,0.00031418307813968753,0.00031418307813968753,0.00031418307813968753,0.000891951437051553,0.000891951437051553,0.000891951437051553,-0.0016634964381823957,-0.0016634964381823957,-0.0016634964381823957,0.0017160366274648424,0.0017160366274648424,0.0017160366274648424,0.00016040253453795914,0.00016040253453795914,0.00016040253453795914,-7.625326235406712e-05,-7.625326235406712e-05,-7.625326235406712e-05,0.0,0.0,0.0,-0.02928308225985144,-0.02928308225985144,-0.02928308225985144,0.0,0.0,0.0,1.3799625937710454
403,2025-09-03 11:00:00,1.4087199010499414,1.3794002344832612,1.3806228839165378,1.4087199010499414,1.4087199010499414,-0.0287211603494343,-0.0287211603494343,-0.0287211603494343,0.0004609334042107889,0.0004609334042107889,0.0004609334042107889,5.372671902956504e-06,5.372671902956504e-06,5.372671902956504e-06,0.000391582737581823,0.000391582737581823,0.000391582737581823,0.0008876232378489972,0.0008876232378489972,0.0008876232378489972,-0.0016142066133660717,-0.0016142066133660717,-0.0016142066133660717,0.0016841995171831422,0.0016841995171831422,0.0016841995171831422,0.00010446834935470673,0.00010446834935470673,0.00010446834935470673,-0.00014472682901834868,-0.00014472682901834868,-0.00014472682901834868,0.0,0.0,0.0,-0.029608783587283298,-0.029608783587283298,-0.029608783587283298,0.0,0.0,0.0,1.379998740700507
404,2025-09-03 12:00:00,1.4090860775060374,1.379315102125955,1.3805351050126207,1.4090860775060374,1.4090860775060374,-0.02920020704457451,-0.02920020704457451,-0.02920020704457451,0.0004763922458856312,0.0004763922458856312,0.0004763922458856312,2.710474674198126e-05,2.710474674198126e-05,2.710474674198126e-05,0.00023219619955537133,0.00023219619955537133,0.00023219619955537133,0.0007345048368208038,0.0007345048368208038,0.0007345048368208038,-0.0015676456915635203,-0.0015676456915635203,-0.0015676456915635203,0.0015696123196726256,0.0015696123196726256,0.0015696123196726256,8.814609379834796e-05,8.814609379834796e-05,8.814609379834796e-05,-9.130107726963321e-05,-9.130107726963321e-05,-9.130107726963321e-05,0.0,0.0,0.0,-0.029934711881395314,-0.029934711881395314,-0.029934711881395314,0.0,0.0,0.0,1.379885870461463
405,2025-09-03 13:00:00,1.4094522539621337,1.3794638116002125,1.3807694198943574,1.4094522539621337,1.4094522539621337,-0.029338663014801633,-0.029338663014801633,-0.029338663014801633,0.0005034354892854858,0.0005034354892854858,0.0005034354892854858,3.7880442470024456e-05,3.7880442470024456e-05,3.7880442470024456e-05,0.00038580754349530237,0.00038580754349530237,0.00038580754349530237,0.0009221952470165558,0.0009221952470165558,0.0009221952470165558,-0.0015178599714379842,-0.0015178599714379842,-0.0015178599714379842,0.001535461799249728,0.001535461799249728,0.001535461799249728,9.219482905837042e-05,9.219482905837042e-05,9.219482905837042e-05,-0.00011472488510437103,-0.00011472488510437103,-0.00011472488510437103,0.0,0.0,0.0,-0.03026085826181819,-0.03026085826181819,-0.03026085826181819,0.0,0.0,0.0,1.380113590947332
406,2025-09-03 14:00:00,1.4098184304182297,1.3796069064667782,1.380834311311208,1.4098184304182297,1.4098184304182297,-0.02963255640885483,-0.02963255640885483,-0.02963255640885483,0.0005057488047996589,0.0005057488047996589,0.0005057488047996589,3.112331933065055e-05,3.112331933065055e-05,3.112331933065055e-05,0.00035504642532953117,0.00035504642532953117,0.00035504642532953117,0.0009546574446552646,0.0009546574446552646,0.0009546574446552646,-0.001467164288349072,-0.001467164288349072,-0.001467164288349072,0.0015574420805349498,0.0015574420805349498,0.0015574420805349498,8.808829468166988e-05,8.808829468166988e-05,8.808829468166988e-05,-0.00011562719167212359,-0.00011562719167212359,-0.00011562719167212359,0.0,0.0,0.0,-0.030587213853510094,-0.030587213853510094,-0.030587213853510094,0.0,0.0,0.0,1.3801858740093749
407,2025-09-03 15:00:00,1.4101846068743258,1.3784788283805822,1.379712051055995,1.4101846068743258,1.4101846068743258,-0.03107328872577039,-0.03107328872577039,-0.03107328872577039,0.0004447933828070583,0.0004447933828070583,0.0004447933828070583,1.7609073051902726e-05,1.7609073051902726e-05,1.7609073051902726e-05,-0.00048801757236625675,-0.00048801757236625675,-0.00048801757236625675,-0.00015951893844697273,-0.00015951893844697273,-0.00015951893844697273,-0.0014355728981095572,-0.0014355728981095572,-0.0014355728981095572,0.0013224029710573436,0.0013224029710573436,0.0013224029710573436,-3.8606350150632795e-05,-3.8606350150632795e-05,-3.8606350150632795e-05,1.7872455263169436e-05,1.7872455263169436e-05,1.7872455263169436e-05,0.0,0.0,0.0,-0.03091376978732342,-0.03091376978732342,-0.03091376978732342,0.0,0.0,0.0,1.3791113181485555
408,2025-09-03 16:00:00,1.410550783330422,1.3777404073514636,1.378952626053975,1.410550783330422,1.410550783330422,-0.03221122859566936,-0.03221122859566936,-0.03221122859566936,0.00038819191952821493,0.00038819191952821493,0.00038819191952821493,1.6877631887351428e-05,1.6877631887351428e-05,1.6877631887351428e-05,-0.0009160912466740792,-0.0009160912466740792,-0.0009160912466740792,-0.0009707113954321767,-0.0009707113954321767,-0.0009707113954321767,-0.0014027402907837206,-0.0014027402907837206,-0.0014027402907837206,0.001080067612751492,0.001080067612751492,0.001080067612751492,-0.00015298648717314541,-0.00015298648717314541,-0.00015298648717314541,1.5969465031710272e-05,1.5969465031710272e-05,1.5969465031710272e-05,0.0,0.0,0.0,-0.031240517200237183,-0.031240517200237183,-0.031240517200237183,0.0,0.0,0.0,1.3783395547347528
409,2025-09-03 17:00:00,1.410916959786518,1.3775411014994683,1.378764784663703,1.410916959786518,1.410916959786518,-0.032760219957472546,-0.032760219957472546,-0.032760219957472546,0.0003356334179121462,0.0003356334179121462,0.0003356334179121462,2.5644041321078314e-05,2.5644041321078314e-05,2.5644041321078314e-05,-0.0009343976154370917,-0.0009343976154370917,-0.0009343976154370917,-0.0011927727215330884,-0.0011927727215330884,-0.0011927727215330884,-0.001370982287607251,-0.001370982287607251,-0.001370982287607251,0.0008511814103949742,0.0008511814103949742,0.0008511814103949742,-0.0001502748178982732,-0.0001502748178982732,-0.0001502748178982732,5.042312978132905e-05,5.042312978132905e-05,5.042312978132905e-05,0.0,0.0,0.0,-0.03156744723593946,-0.03156744723593946,-0.03156744723593946,0.0,0.0,0.0,1.3781567398290455
410,2025-09-03 18:00:00,1.4112831362426141,1.378273553407029,1.3795318845029003,1.4112831362426141,1.4112831362426141,-0.032350168300929696,-0.032350168300929696,-0.032350168300929696,0.00031952267852377214,0.00031952267852377214,0.00031952267852377214,1.0669089621427462e-05,1.0669089621427462e-05,1.0669089621427462e-05,-0.000290698153210638,-0.000290698153210638,-0.000290698153210638,-0.00045561725579911373,-0.00045561725579911373,-0.00045561725579911373,-0.0013376537849722028,-0.0013376537849722028,-0.0013376537849722028,0.0008523202438308047,0.0008523202438308047,0.0008523202438308047,-1.815602725417733e-05,-1.815602725417733e-05,-1.815602725417733e-05,8.378697661900144e-06,8.378697661900144e-06,8.378697661900144e-06,0.0,0.0,0.0,-0.03189455104513059,-0.03189455104513059,-0.03189455104513059,0.0,0.0,0.0,1.3789329679416844
411,2025-09-03 19:00:00,1.4116493126987104,1.37833388531376,1.3795935512071649,1.4116493126987104,1.4116493126987104,-0.03270808475575922,-0.03270808475575922,-0.03270808475575922,0.00030456270623456776,0.00030456270623456776,0.00030456270623456776,-1.2037678534791254e-06,-1.2037678534791254e-06,-1.2037678534791254e-06,-0.00025223128890423935,-0.00025223128890423935,-0.00025223128890423935,-0.0004862649697597162,-0.0004862649697597162,-0.0004862649697597162,-0.0013023397293492514,-0.0013023397293492514,-0.0013023397293492514,0.0008441182333822924,0.0008441182333822924,0.0008441182333822924,-6.444781862771656e-05,-6.444781862771656e-05,-6.444781862771656e-05,-1.4723304641889681e-05,-1.4723304641889681e-05,-1.4723304641889681e-05,0.0,0.0,0.0,-0.0322218197859995,-0.0322218197859995,-0.0322218197859995,0.0,0.0,0.0,1.3789412279429512
412,2025-09-03 20:00:00,1.4120154891548065,1.3789429219703464,1.3801838165807738,1.4120154891548065,1.4120154891548065,-0.03248306688007092,-0.03248306688007092,-0.03248306688007092,0.00030235116111447595,0.00030235116111447595,0.00030235116111447595,-9.604456704930362e-06,-9.604456704930362e-06,-9.604456704930362e-06,0.00017313474667898313,0.00017313474667898313,0.00017313474667898313,6.617774447340888e-05,6.617774447340888e-05,6.617774447340888e-05,-0.001266116696638544,-0.001266116696638544,-0.001266116696638544,0.0008523738684821107,0.0008523738684821107,0.0008523738684821107,-4.5917751087390616e-07,-4.5917751087390616e-07,-4.5917751087390616e-07,1.4498299052187352e-05,1.4498299052187352e-05,1.4498299052187352e-05,0.0,0.0,0.0,-0.032549244624544324,-0.032549244624544324,-0.032549244624544324,0.0,0.0,0.0,1.3795324222747356
413,2025-09-03 21:00:00,1.4123816656109027,1.3780929936335922,1.3793796258322324,1.4123816656109027,1.4123816656109027,-0.033628253496090055,-0.033628253496090055,-0.033628253496090055,0.00025568622236624155,0.00025568622236624155,0.00025568622236624155,-1.6727300426579926e-05,-1.6727300426579926e-05,-1.6727300426579926e-05,-0.00037385057775357145,-0.00037385057775357145,-0.00037385057775357145,-0.0007514367608877681,-0.0007514367608877681,-0.0007514367608877681,-0.0012346081199296965,-0.0012346081199296965,-0.0012346081199296965,0.0006966364650206121,0.0006966364650206121,0.0006966364650206121,-0.0001339189185629594,-0.0001339189185629594,-0.0001339189185629594,5.5345468398185445e-05,5.5345468398185445e-05,5.5345468398185445e-05,0.0,0.0,0.0,-0.032876816735202284,-0.032876816735202284,-0.032876816735202284,0.0,0.0,0.0,1.3787534121148126
414,2025-09-03 22:00:00,1.4127478420669988,1.378068556696792,1.3793143605726523,1.4127478420669988,1.4127478420669988,-0.034059315633981097,-0.034059315633981097,-0.034059315633981097,0.00021235449352859513,0.00021235449352859513,0.00021235449352859513,-1.143305961634498e-05,-1.143305961634498e-05,-1.143305961634498e-05,-0.00040341176264943195,-0.00040341176264943195,-0.00040341176264943195,-0.0008547883330139882,-0.0008547883330139882,-0.0008547883330139882,-0.0012013624308254078,-0.0012013624308254078,-0.0012013624308254078,0.0005691249694963291,0.0005691249694963291,0.0005691249694963291,-7.947244583754788e-05,-7.947244583754788e-05,-7.947244583754788e-05,5.941190288982031e-05,5.941190288982031e-05,5.941190288982031e-05,0.0,0.0,0.0,-0.03320452730096711,-0.03320452730096711,-0.03320452730096711,0.0,0.0,0.0,1.3786885264330178
415,2025-09-03 23:00:00,1.4131140185230948,1.378162737123736,1.3794290273072667,1.4131140185230948,1.4131140185230948,-0.03432687708261907,-0.03432687708261907,-0.03432687708261907,0.00018021767596881644,0.00018021767596881644,0.00018021767596881644,-3.398091347205985e-06,-3.398091347205985e-06,-3.398091347205985e-06,-0.0002606855775656499,-0.0002606855775656499,-0.0002606855775656499,-0.0007945095686058851,-0.0007945095686058851,-0.0007945095686058851,-0.001165635293424004,-0.001165635293424004,-0.001165635293424004,0.0004943386323495584,0.0004943386323495584,0.0004943386323495584,-0.00011076738173931291,-0.00011076738173931291,-0.00011076738173931291,7.142046715191286e-05,7.142046715191286e-05,7.142046715191286e-05,0.0,0.0,0.0,-0.03353236751401319,-0.03353236751401319,-0.03353236751401319,0.0,0.0,0.0,1.3787871414404758
416,2025-09-04 00:00:00,1.4134801949791913,1.378093506834869,1.3793663717594498,1.4134801949791913,1.4134801949791913,-0.03473743188558441,-0.03473743188558441,-0.03473743188558441,0.00015037634537759338,0.00015037634537759338,0.00015037634537759338,5.002597504208741e-06,5.002597504208741e-06,5.002597504208741e-06,-0.00023705140011151204,-0.00023705140011151204,-0.00023705140011151204,-0.0008771033095335365,-0.0008771033095335365,-0.0008771033095335365,-0.0011282538571577344,-0.0011282538571577344,-0.0011282538571577344,0.00043803094559444954,0.00043803094559444954,0.00043803094559444954,-0.00015430041453043427,-0.00015430041453043427,-0.00015430041453043427,4.909247378989271e-05,4.909247378989271e-05,4.909247378989271e-05,0.0,0.0,0.0,-0.033860328576050876,-0.033860328576050876,-0.033860328576050876,0.0,0.0,0.0,1.3787427630936069
417,2025-09-04 01:00:00,1.4138463714352871,1.3788201025298228,1.3801321964063862,1.4138463714352871,1.4138463714352871,-0.034375816876377814,-0.034375816876377814,-0.034375816876377814,0.00014176421646564433,0.00014176421646564433,0.00014176421646564433,5.5490014694225965e-06,5.5490014694225965e-06,5.5490014694225965e-06,0.00016055426767925518,0.00016055426767925518,0.00016055426767925518,-0.0001874151776894079,-0.0001874151776894079,-0.0001874151776894079,-0.0010901280849899748,-0.0010901280849899748,-0.0010901280849899748,0.00048066553188639806,0.00048066553188639806,0.00048066553188639806,8.949207369198e-05,8.949207369198e-05,8.949207369198e-05,2.4687816107866832e-05,2.4687816107866832e-05,2.4687816107866832e-05,0.0,0.0,0.0,-0.03418840169868841,-0.03418840169868841,-0.03418840169868841,0.0,0.0,0.0,1.3794705545589092
418,2025-09-04 02:00:00,1.4142125478913836,1.3792468138274498,1.3805008578534543,1.4142125478913836,1.4142125478913836,-0.03434109552421943,-0.03434109552421943,-0.03434109552421943,0.00014655696932343765,0.00014655696932343765,0.00014655696932343765,1.0113978023305744e-05,1.0113978023305744e-05,1.0113978023305744e-05,0.0003902978746822083,0.0003902978746822083,0.0003902978746822083,0.0001754825796410881,0.0001754825796410881,0.0001754825796410881,-0.001045965797953963,-0.001045965797953963,-0.001045965797953963,0.0005401926142541066,0.0005401926142541066,0.0005401926142541066,0.00014538240945077949,0.00014538240945077949,0.00014538240945077949,-1.1095468138786618e-05,-1.1095468138786618e-05,-1.1095468138786618e-05,0.0,0.0,0.0,-0.03451657810386052,-0.03451657810386052,-0.03451657810386052,0.0,0.0,0.0,1.3798714523671642
419,2025-09-04 03:00:00,1.4145787243474797,1.380039834247165,1.3813046537165548,1.4145787243474797,1.4145787243474797,-0.03390667108348269,-0.03390667108348269,-0.03390667108348269,0.0001701067367024963,0.0001701067367024963,0.0001701067367024963,1.3401109447423805e-05,1.3401109447423805e-05,1.3401109447423805e-05,0.0008356702306910399,0.0008356702306910399,0.0008356702306910399,0.0009381779407915953,0.0009381779407915953,0.0009381779407915953,-0.0009967587866683066,-0.0009967587866683066,-0.0009967587866683066,0.0006906457086303259,0.0006906457086303259,0.0006906457086303259,0.0002476181707540601,0.0002476181707540601,0.0002476181707540601,-2.2505228765444256e-05,-2.2505228765444256e-05,-2.2505228765444256e-05,0.0,0.0,0.0,-0.03484484902427429,-0.03484484902427429,-0.03484484902427429,0.0,0.0,0.0,1.380672053263997
420,2025-09-04 04:00:00,1.4149449008035757,1.3801494797593885,1.3813983194518455,1.4149449008035757,1.4149449008035757,-0.03418060126514831,-0.03418060126514831,-0.03418060126514831,0.00019232542872248216,0.00019232542872248216,0.00019232542872248216,3.6225992216839764e-05,3.6225992216839764e-05,3.6225992216839764e-05,0.0008048300034874251,0.0008048300034874251,0.0008048300034874251,0.0009926044386062039,0.0009926044386062039,0.0009926044386062039,-0.0009490394613106522,-0.0009490394613106522,-0.0009490394613106522,0.0008030953240211183,0.0008030953240211183,0.0008030953240211183,0.00010713845051832473,0.00010713845051832473,0.00010713845051832473,-1.971299049334027e-06,-1.971299049334027e-06,-1.971299049334027e-06,0.0,0.0,0.0,-0.03517320570375451,-0.03517320570375451,-0.03517320570375451,0.0,0.0,0.0,1.3807642995384275
421,2025-09-04 05:00:00,1.4153110772596715,1.3800348095734467,1.3813228299863851,1.4153110772596715,1.4153110772596715,-0.034568793875965176,-0.034568793875965176,-0.034568793875965176,0.00021734779235194141,0.00021734779235194141,0.00021734779235194141,6.23401833185733e-05,6.23401833185733e-05,6.23401833185733e-05,0.0006512479006277885,0.0006512479006277885,0.0006512479006277885,0.0009328455216591733,0.0009328455216591733,0.0009328455216591733,-0.0009018170171373708,-0.0009018170171373708,-0.0009018170171373708,0.0009063460837458466,0.0009063460837458466,0.0009063460837458466,0.00012483487355131062,0.00012483487355131062,0.00012483487355131062,-0.00012745429479891625,-0.00012745429479891625,-0.00012745429479891625,0.0,0.0,0.0,-0.035501639397624345,-0.035501639397624345,-0.035501639397624345,0.0,0.0,0.0,1.3807422833837064
422,2025-09-04 06:00:00,1.415677253715768,1.3801519083054357,1.381423671542905,1.415677253715768,1.415677253715768,-0.03491574475045875,-0.03491574475045875,-0.03491574475045875,0.0002481969698023263,0.0002481969698023263,0.0002481969698023263,7.128945304343796e-05,7.128945304343796e-05,7.128945304343796e-05,0.0005704014535154863,0.0005704014535154863,0.0005704014535154863,0.0009143966228028906,0.0009143966228028906,0.0009143966228028906,-0.0008602189919292331,-0.0008602189919292331,-0.0008602189919292331,0.0009374224545588785,0.0009374224545588785,0.0009374224545588785,7.715655347680972e-05,7.715655347680972e-05,7.715655347680972e-05,-0.00012985126966481503,-0.00012985126966481503,-0.00012985126966481503,0.0,0.0,0.0,-0.03583014137326164,-0.03583014137326164,-0.03583014137326164,0.0,0.0,0.0,1.3807615089653094
423,2025-09-04 07:00:00,1.416043430171864,1.3806631338024846,1.3819711052650732,1.416043430171864,1.416043430171864,-0.03471275351972,-0.03471275351972,-0.03471275351972,0.00029023892440837185,0.00029023892440837185,0.00029023892440837185,7.914373792963877e-05,7.914373792963877e-05,7.914373792963877e-05,0.0006620247214610707,0.0006620247214610707,0.0006620247214610707,0.0014459493905356316,0.0014459493905356316,0.0014459493905356316,-0.0008137408836577168,-0.0008137408836577168,-0.0008137408836577168,0.0011029915041439959,0.0011029915041439959,0.0011029915041439959,0.0003047924720005714,0.0003047924720005714,0.0003047924720005714,-0.00017950108575029991,-0.00017950108575029991,-0.00017950108575029991,0.0,0.0,0.0,-0.036158702910255636,-0.036158702910255636,-0.036158702910255636,0.0,0.0,0.0,1.381330676652144
424,2025-09-04 08:00:00,1.4164096066279603,1.3808182494401706,1.3820377344682526,1.4164096066279603,1.4164096066279603,-0.034976695941265304,-0.034976695941265304,-0.034976695941265304,0.00033183275907809693,0.00033183275907809693,0.00033183275907809693,7.585442959732112e-05,7.585442959732112e-05,7.585442959732112e-05,0.0005148233230616611,0.0005148233230616611,0.0005148233230616611,0.0015106193596732354,0.0015106193596732354,0.0015106193596732354,-0.0007673455889167764,-0.0007673455889167764,-0.0007673455889167764,0.0011915804859312833,0.0011915804859312833,0.0011915804859312833,0.000281607728928176,0.000281607728928176,0.000281607728928176,-0.00011773377800652679,-0.00011773377800652679,-0.00011773377800652679,0.0,0.0,0.0,-0.03648731530093854,-0.03648731530093854,-0.03648731530093854,0.0,0.0,0.0,1.381432910686695
425,2025-09-04 09:00:00,1.4167757830840564,1.3807681979467135,1.3820084270727746,1.4167757830840564,1.4167757830840564,-0.03537079037692789,-0.03537079037692789,-0.03537079037692789,0.0003704556055571274,0.0003704556055571274,0.0003704556055571274,8.57136469614027e-05,8.57136469614027e-05,8.57136469614027e-05,0.00036230752870575813,0.00036230752870575813,0.00036230752870575813,0.0014451794739957897,0.0014451794739957897,0.0014451794739957897,-0.0007130938533815665,-0.0007130938533815665,-0.0007130938533815665,0.0012042907545147,0.0012042907545147,0.0012042907545147,0.0002257134949123506,0.0002257134949123506,0.0002257134949123506,-9.020770327398291e-05,-9.020770327398291e-05,-9.020770327398291e-05,0.0,0.0,0.0,-0.036815969850923676,-0.036815969850923676,-0.036815969850923676,0.0,0.0,0.0,1.3814049927071286
426,2025-09-04 10:00:00,1.4171419595401524,1.3813428302299042,1.3826627217238303,1.4171419595401524,1.4171419595401524,-0.0351442589121362,-0.0351442589121362,-0.0351442589121362,0.00043238226036378195,0.00043238226036378195,0.00043238226036378195,8.279005921136071e-05,8.279005921136071e-05,8.279005921136071e-05,0.0005579168034299063,0.0005579168034299063,0.0005579168034299063,0.002000398967025576,0.002000398967025576,0.002000398967025576,-0.0006776151565725325,-0.0006776151565725325,-0.0006776151565725325,0.0013815868941628475,0.0013815868941628475,0.0013815868941628475,0.00035513120929510703,0.00035513120929510703,0.00035513120929510703,-0.00013179310286489445,-0.00013179310286489445,-0.00013179310286489445,0.0,0.0,0.0,-0.03714465787916177,-0.03714465787916177,-0.03714465787916177,0.0,0.0,0.0,1.3819977006280162
427,2025-09-04 11:00:00,1.4175081359962487,1.3815213733911822,1.3827482374030609,1.4175081359962487,1.4175081359962487,-0.03537319467622479,-0.03537319467622479,-0.03537319467622479,0.0004898855826842466,0.0004898855826842466,0.0004898855826842466,0.00011255710231952441,0.00011255710231952441,0.00011255710231952441,0.0005608378156013145,0.0005608378156013145,0.0005608378156013145,0.00210017604233422,0.00210017604233422,0.00210017604233422,-0.0006355202501797471,-0.0006355202501797471,-0.0006355202501797471,0.001512646905049298,0.001512646905049298,0.001512646905049298,0.00029234297488248335,0.00029234297488248335,0.00029234297488248335,-0.00023257408802289964,-0.00023257408802289964,-0.00023257408802289964,0.0,0.0,0.0,-0.03747337071855901,-0.03747337071855901,-0.03747337071855901,0.0,0.0,0.0,1.382134941320024
428,2025-09-04 12:00:00,1.4178743124523447,1.3817846980933646,1.383060102574276,1.4178743124523447,1.4178743124523447,-0.035444874372533644,-0.035444874372533644,-0.035444874372533644,0.0005558423006676093,0.0005558423006676093,0.0005558423006676093,0.00011858496120254665,0.00011858496120254665,0.00011858496120254665,0.0006268801780151379,0.0006268801780151379,0.0006268801780151379,0.0023572253438955155,0.0023572253438955155,0.0023572253438955155,-0.0005973126503565728,-0.0005973126503565728,-0.0005973126503565728,0.001609638614190364,0.001609638614190364,0.001609638614190364,0.0002773198370401294,0.0002773198370401294,0.0002773198370401294,-0.00023372789686369917,-0.00023372789686369917,-0.00023372789686369917,0.0,0.0,0.0,-0.037802099716429165,-0.037802099716429165,-0.037802099716429165,0.0,0.0,0.0,1.382429438079811
429,2025-09-04 13:00:00,1.418240488908441,1.3814198254305137,1.3826678681771707,1.418240488908441,1.418240488908441,-0.036218938893447974,-0.036218938893447974,-0.036218938893447974,0.0005264094305241134,0.0005264094305241134,0.0005264094305241134,9.411433581281733e-05,9.411433581281733e-05,9.411433581281733e-05,0.00032324790010258554,0.00032324790010258554,0.00032324790010258554,0.0019118973412192313,0.0019118973412192313,0.0019118973412192313,-0.0005625782894490285,-0.0005625782894490285,-0.0005625782894490285,0.0015694809995828044,0.0015694809995828044,0.0015694809995828044,0.00012202238125298687,0.00012202238125298687,0.00012202238125298687,-0.000160799416607048,-0.000160799416607048,-0.000160799416607048,0.0,0.0,0.0,-0.038130836234667204,-0.038130836234667204,-0.038130836234667204,0.0,0.0,0.0,1.382021550014993
430,2025-09-04 14:00:00,1.418606665364537,1.3810946154520536,1.3823185531562503,1.418606665364537,1.418606665364537,-0.036904316031039226,-0.036904316031039226,-0.036904316031039226,0.00048652236375918003,0.00048652236375918003,0.00048652236375918003,9.301935097419006e-05,9.301935097419006e-05,9.301935097419006e-05,9.272071293627566e-05,9.272071293627566e-05,9.272071293627566e-05,0.001555255619163415,0.001555255619163415,0.001555255619163415,-0.0005419034971412368,-0.0005419034971412368,-0.0005419034971412368,0.001471539648866509,0.001471539648866509,0.001471539648866509,8.390621773307042e-05,8.390621773307042e-05,8.390621773307042e-05,-0.00013054917796457378,-0.00013054917796457378,-0.00013054917796457378,0.0,0.0,0.0,-0.03845957165020265,-0.03845957165020265,-0.03845957165020265,0.0,0.0,0.0,1.381702349333498
431,2025-09-04 15:00:00,1.418972841820633,1.3825343507557204,1.383764250828295,1.418972841820633,1.418972841820633,-0.03580105271096314,-0.03580105271096314,-0.03580105271096314,0.0005106169716835728,0.0005106169716835728,0.0005106169716835728,6.343952197363628e-05,6.343952197363628e-05,6.343952197363628e-05,0.0009400106637802203,0.0009400106637802203,0.0009400106637802203,0.0029872446446397006,0.0029872446446397006,0.0029872446446397006,-0.0005188300700668136,-0.0005188300700668136,-0.0005188300700668136,0.0017978560649447098,0.0017978560649447098,0.0017978560649447098,0.0003792391425437947,0.0003792391425437947,0.0003792391425437947,-0.0001850876502194196,-0.0001850876502194196,-0.0001850876502194196,0.0,0.0,0.0,-0.038788297355602845,-0.038788297355602845,-0.038788297355602845,0.0,0.0,0.0,1.38317178910967
432,2025-09-04 16:00:00,1.4193390182767294,1.3826188317447619,1.3838724778342244,1.4193390182767294,1.4193390182767294,-0.0360922921730371,-0.0360922921730371,-0.0360922921730371,0.0005382450050189095,0.0005382450050189095,0.0005382450050189095,4.390177062833837e-05,4.390177062833837e-05,4.390177062833837e-05,0.0008380527563835054,0.0008380527563835054,0.0008380527563835054,0.0030247125860886903,0.0030247125860886903,0.0030247125860886903,-0.00048500567212255357,-0.00048500567212255357,-0.00048500567212255357,0.0019042410825574746,0.0019042410825574746,0.0019042410825574746,0.0003126079394332191,0.0003126079394332191,0.0003126079394332191,-0.00012733029581020285,-0.00012733029581020285,-0.00012733029581020285,0.0,0.0,0.0,-0.03911700475912579,-0.03911700475912579,-0.03911700475912579,0.0,0.0,0.0,1.3832467261036923
433,2025-09-04 17:00:00,1.4197051947328254,1.3825192958743335,1.3838162948021115,1.4197051947328254,1.4197051947328254,-0.036535795937461486,-0.036535795937461486,-0.036535795937461486,0.0005577694606493573,0.0005577694606493573,0.0005577694606493573,4.098035978653247e-05,4.098035978653247e-05,4.098035978653247e-05,0.0006272738622797149,0.0006272738622797149,0.0006272738622797149,0.0029098893477776397,0.0029098893477776397,0.0029098893477776397,-0.000453496109538362,-0.000453496109538362,-0.000453496109538362,0.002017546081403332,0.002017546081403332,0.002017546081403332,0.00023758557420633044,0.00023758557420633044,0.00023758557420633044,-0.00011776988100926548,-0.00011776988100926548,-0.00011776988100926548,0.0,0.0,0.0,-0.03944568528523913,-0.03944568528523913,-0.03944568528523913,0.0,0.0,0.0,1.383169398795364
434,2025-09-04 18:00:00,1.4200713711889215,1.3824972739310437,1.3838086612138645,1.4200713711889215,1.4200713711889215,-0.036896668678889445,-0.036896668678889445,-0.036896668678889445,0.000575899312306202,0.000575899312306202,0.000575899312306202,3.458895722943421e-05,3.458895722943421e-05,3.458895722943421e-05,0.00047177825003274793,0.00047177825003274793,0.00047177825003274793,0.002877661696291337,0.002877661696291337,0.002877661696291337,-0.00041272523376265747,-0.00041272523376265747,-0.00041272523376265747,0.0020711691044170955,0.0020711691044170955,0.0020711691044170955,0.00024985783288339276,0.00024985783288339276,0.00024985783288339276,-0.00011290652681487766,-0.00011290652681487766,-0.00011290652681487766,0.0,0.0,0.0,-0.039774330375180786,-0.039774330375180786,-0.039774330375180786,0.0,0.0,0.0,1.383174702510032
435,2025-09-04 19:00:00,1.4204375476450177,1.3823488384871094,1.3836704981466785,1.4204375476450177,1.4204375476450177,-0.03742199819000241,-0.03742199819000241,-0.03742199819000241,0.0005667226469848923,0.0005667226469848923,0.0005667226469848923,3.239898755217954e-05,3.239898755217954e-05,3.239898755217954e-05,0.0002497384953001039,0.0002497384953001039,0.0002497384953001039,0.002680933297026917,0.002680933297026917,0.002680933297026917,-0.0003665783796141786,-0.0003665783796141786,-0.0003665783796141786,0.002042810442296451,0.002042810442296451,0.002042810442296451,0.00024717663410964266,0.00024717663410964266,0.00024717663410964266,-9.13355296021744e-05,-9.13355296021744e-05,-9.13355296021744e-05,0.0,0.0,0.0,-0.04010293148702933,-0.04010293148702933,-0.04010293148702933,0.0,0.0,0.0,1.3830155494550154
436,2025-09-04 20:00:00,1.4208037241011138,1.3819013817263595,1.3831472568373944,1.4208037241011138,1.4208037241011138,-0.038269615366856496,-0.038269615366856496,-0.038269615366856496,0.0005230880102807863,0.0005230880102807863,0.0005230880102807863,2.0528306985509045e-05,2.0528306985509045e-05,2.0528306985509045e-05,3.2967225405117766e-05,3.2967225405117766e-05,3.2967225405117766e-05,0.0021618647293770933,0.0021618647293770933,0.0021618647293770933,-0.00032812233919872594,-0.00032812233919872594,-0.00032812233919872594,0.0019323152836895857,0.0019323152836895857,0.0019323152836895857,6.34162511808877e-05,6.34162511808877e-05,6.34162511808877e-05,-8.232800896606703e-05,-8.232800896606703e-05,-8.232800896606703e-05,0.0,0.0,0.0,-0.04043148009623359,-0.04043148009623359,-0.04043148009623359,0.0,0.0,0.0,1.3825341087342573
437,2025-09-04 21:00:00,1.4211699005572098,1.3813854959476246,1.3826980260459591,1.4211699005572098,1.4211699005572098,-0.03915457984689391,-0.03915457984689391,-0.03915457984689391,0.00045662410136975833,0.00045662410136975833,0.00045662410136975833,6.104113067507808e-06,6.104113067507808e-06,6.104113067507808e-06,-0.0001944552135403887,-0.0001944552135403887,-0.0001944552135403887,0.0016053878490934598,0.0016053878490934598,0.0016053878490934598,-0.00030140906027190133,-0.00030140906027190133,-0.00030140906027190133,0.001687658145192248,0.001687658145192248,0.001687658145192248,-4.398607663146802e-05,-4.398607663146802e-05,-4.398607663146802e-05,-5.148160092296308e-06,-5.148160092296308e-06,-5.148160092296308e-06,0.0,0.0,0.0,-0.040759967695987366,-0.040759967695987366,-0.040759967695987366,0.0,0.0,0.0,1.3820153207103159
438,2025-09-04 22:00:00,1.421536077013306,1.3808485437394014,1.3820984772120872,1.421536077013306,1.421536077013306,-0.0400340285642176,-0.0400340285642176,-0.0400340285642176,0.00038742243412000183,0.00038742243412000183,0.00038742243412000183,8.479119944136362e-06,8.479119944136362e-06,8.479119944136362e-06,-0.00042994957369613606,-0.00042994957369613606,-0.00042994957369613606,0.0010543572334263253,0.0010543572334263253,0.0010543572334263253,-0.00027544011724665824,-0.00027544011724665824,-0.00027544011724665824,0.0014445535553901962,0.0014445535553901962,0.0014445535553901962,-7.661123040673258e-05,-7.661123040673258e-05,-7.661123040673258e-05,-4.096954678482369e-06,-4.096954678482369e-06,-4.096954678482369e-06,0.0,0.0,0.0,-0.04108838579764392,-0.04108838579764392,-0.04108838579764392,0.0,0.0,0.0,1.3815020484490885
439,2025-09-04 23:00:00,1.4219022534694021,1.3809102900021186,1.38217879663332,1.4219022534694021,1.4219022534694021,-0.040360663297567205,-0.040360663297567205,-0.040360663297567205,0.0003276894804253142,0.0003276894804253142,0.0003276894804253142,1.4687662210060325e-05,1.4687662210060325e-05,1.4687662210060325e-05,-0.00035284401009442654,-0.00035284401009442654,-0.00035284401009442654,0.0010560626333763453,0.0010560626333763453,0.0010560626333763453,-0.00024194598754999962,-0.00024194598754999962,-0.00024194598754999962,0.0012983841545821308,0.0012983841545821308,0.0012983841545821308,4.1696012209934685e-05,4.1696012209934685e-05,4.1696012209934685e-05,-3.1604678406668635e-05,-3.1604678406668635e-05,-3.1604678406668635e-05,0.0,0.0,0.0,-0.04141672593094355,-0.04141672593094355,-0.04141672593094355,0.0,0.0,0.0,1.3815415901718349
440,2025-09-05 00:00:00,1.4222684299254986,1.380518643319416,1.3817817208360637,1.4222684299254986,1.4222684299254986,-0.041136192711852516,-0.041136192711852516,-0.041136192711852516,0.00026405749295358236,0.00026405749295358236,0.00026405749295358236,1.0854126820764912e-05,1.0854126820764912e-05,1.0854126820764912e-05,-0.0005082322852094065,-0.0005082322852094065,-0.0005082322852094065,0.0006087869327050428,0.0006087869327050428,0.0006087869327050428,-0.0002165567392401639,-0.0002165567392401639,-0.0002165567392401639,0.0010293295236933032,0.0010293295236933032,0.0010293295236933032,-2.6324860762435078e-05,-2.6324860762435078e-05,-2.6324860762435078e-05,5.5659674449397844e-05,5.5659674449397844e-05,5.5659674449397844e-05,0.0,0.0,0.0,-0.041744979644557555,-0.041744979644557555,-0.041744979644557555,0.0,0.0,0.0,1.381132237213646
441,2025-09-05 01:00:00,1.4226346063815944,1.3797722734904485,1.381018543651153,1.4226346063815944,1.4226346063815944,-0.04226272571576027,-0.04226272571576027,-0.04226272571576027,0.00018796736505441932,0.00018796736505441932,0.00018796736505441932,4.097003681391003e-06,4.097003681391003e-06,4.097003681391003e-06,-0.0006525591760440971,-0.0006525591760440971,-0.0006525591760440971,-0.00018958720950720375,-0.00018958720950720375,-0.00018958720950720375,-0.00019273897626434277,-0.00019273897626434277,-0.00019273897626434277,0.000765508769863688,0.000765508769863688,0.000765508769863688,-0.0003699085194645214,-0.0003699085194645214,-0.0003699085194645214,6.804632366625897e-05,6.804632366625897e-05,6.804632366625897e-05,0.0,0.0,0.0,-0.04207313850625307,-0.04207313850625307,-0.04207313850625307,0.0,0.0,0.0,1.3803718806658343
442,2025-09-05 02:00:00,1.4230007828376905,1.3794545624335501,1.3807019049960483,1.4230007828376905,1.4230007828376905,-0.04289796336581812,-0.04289796336581812,-0.04289796336581812,0.00013102671044476846,0.00013102671044476846,0.00013102671044476846,4.4415167499728934e-07,4.4415167499728934e-07,4.4415167499728934e-07,-0.0007193924040710994,-0.0007193924040710994,-0.0007193924040710994,-0.0004967692623406859,-0.0004967692623406859,-0.0004967692623406859,-0.00017421437813053658,-0.00017421437813053658,-0.00017421437813053658,0.0004960196223464064,0.0004960196223464064,0.0004960196223464064,-0.0003143824347615952,-0.0003143824347615952,-0.0003143824347615952,8.372947015637313e-05,8.372947015637313e-05,8.372947015637313e-05,0.0,0.0,0.0,-0.04240119410347743,-0.04240119410347743,-0.04240119410347743,0.0,0.0,0.0,1.3801028194718723
443,2025-09-05 03:00:00,1.4233669592937865,1.3791785391461195,1.3804707685260504,1.4233669592937865,1.4233669592937865,-0.043521548664860195,-0.043521548664860195,-0.043521548664860195,9.129676303474288e-05,9.129676303474288e-05,9.129676303474288e-05,4.826267937742646e-06,4.826267937742646e-06,4.826267937742646e-06,-0.0007221903729070237,-0.0007221903729070237,-0.0007221903729070237,-0.0007924106212523745,-0.0007924106212523745,-0.0007924106212523745,-0.00016007199600011693,-0.00016007199600011693,-0.00016007199600011693,0.00028349769527055945,0.00028349769527055945,0.00028349769527055945,-0.0003496407047055779,-0.0003496407047055779,-0.0003496407047055779,5.987172611729904e-05,5.987172611729904e-05,5.987172611729904e-05,0.0,0.0,0.0,-0.04272913804360782,-0.04272913804360782,-0.04272913804360782,0.0,0.0,0.0,1.3798454106289264
444,2025-09-05 04:00:00,1.423733135749883,1.3790799319437426,1.3804407194716932,1.423733135749883,1.423733135749883,-0.043990934560396794,-0.043990934560396794,-0.043990934560396794,5.209685641341634e-05,5.209685641341634e-05,5.209685641341634e-05,9.942002273275403e-06,9.942002273275403e-06,9.942002273275403e-06,-0.0006598470961566176,-0.0006598470961566176,-0.0006598470961566176,-0.00093397260614038,-0.00093397260614038,-0.00093397260614038,-0.00014411067381874895,-0.00014411067381874895,-0.00014411067381874895,0.0001052545942298285,0.0001052545942298285,0.0001052545942298285,-0.0003469344071360721,-0.0003469344071360721,-0.0003469344071360721,4.962611805453837e-05,4.962611805453837e-05,4.962611805453837e-05,0.0,0.0,0.0,-0.043056961954256415,-0.043056961954256415,-0.043056961954256415,0.0,0.0,0.0,1.3797422011894862
445,2025-09-05 05:00:00,1.4240993122059789,1.3793735383935486,1.3807472680995554,1.4240882777289927,1.4241167858631076,-0.04405852311873305,-0.04405852311873305,-0.04405852311873305,-5.869246511831548e-07,-5.869246511831548e-07,-5.869246511831548e-07,8.849194342884121e-06,8.849194342884121e-06,8.849194342884121e-06,-0.000514813823642116,-0.000514813823642116,-0.000514813823642116,-0.0006738656350325539,-0.0006738656350325539,-0.0006738656350325539,-0.0001288936875390545,-0.0001288936875390545,-0.0001288936875390545,1.6061625336270563e-05,1.6061625336270563e-05,1.6061625336270563e-05,-0.00027361489363546536,-0.00027361489363546536,-0.00027361489363546536,0.00021913287475611049,0.00021913287475611049,0.00021913287475611049,0.0,0.0,0.0,-0.0433846574837005,-0.0433846574837005,-0.0433846574837005,0.0,0.0,0.0,1.3800407890872457
446,2025-09-05 06:00:00,1.4244654886620753,1.3790081987210447,1.380369172354932,1.4244339802045651,1.4245420541825082,-0.044788474580781466,-0.044788474580781466,-0.044788474580781466,-2.5963971566087018e-05,-2.5963971566087018e-05,-2.5963971566087018e-05,1.560631748225803e-05,1.560631748225803e-05,1.560631748225803e-05,-0.0006287195119959266,-0.0006287195119959266,-0.0006287195119959266,-0.0010762582794954963,-0.0010762582794954963,-0.0010762582794954963,-0.00012360052269703962,-0.00012360052269703962,-0.00012360052269703962,-0.00020101855537565656,-0.00020101855537565656,-0.00020101855537565656,-0.0003348458132253899,-0.0003348458132253899,-0.0003348458132253899,0.00022228377788234544,0.00022228377788234544,0.00022228377788234544,0.0,0.0,0.0,-0.04371221630128597,-0.04371221630128597,-0.04371221630128597,0.0,0.0,0.0,1.379677014081294
447,2025-09-05 07:00:00,1.4248316651181714,1.3791326471781604,1.3805897724021765,1.424772539204207,1.4249670317241847,-0.04498133282457752,-0.04498133282457752,-0.04498133282457752,-4.952837227278323e-05,-4.952837227278323e-05,-4.952837227278323e-05,1.1222024311276581e-05,1.1222024311276581e-05,1.1222024311276581e-05,-0.0005300439995140163,-0.0005300439995140163,-0.0005300439995140163,-0.0009417027268659652,-0.0009417027268659652,-0.0009417027268659652,-0.0001118567753329756,-0.0001118567753329756,-0.0001118567753329756,-0.0002916415696435192,-0.0002916415696435192,-0.0002916415696435192,-0.00017591906915291874,-0.00017591906915291874,-0.00017591906915291874,0.0002060650347389712,0.0002060650347389712,0.0002060650347389712,0.0,0.0,0.0,-0.04403963009771156,-0.04403963009771156,-0.04403963009771156,0.0,0.0,0.0,1.3798503322935938
448,2025-09-05 08:00:00,1.4251978415742674,1.3784329283754353,1.3799029973593344,1.4250882683019606,1.4253835139863493,-0.045993031442206504,-0.045993031442206504,-0.045993031442206504,-3.82655074661363e-05,-3.82655074661363e-05,-3.82655074661363e-05,-1.0007538194396406e-07,-1.0007538194396406e-07,-1.0007538194396406e-07,-0.00080194507288264,-0.00080194507288264,-0.00080194507288264,-0.001626140856888175,-0.001626140856888175,-0.001626140856888175,-0.0001154128277794572,-0.0001154128277794572,-0.0001154128277794572,-0.0005865301622985133,-0.0005865301622985133,-0.0005865301622985133,-0.0003214702564083591,-0.0003214702564083591,-0.0003214702564083591,0.00023758304532887456,0.00023758304532887456,0.00023758304532887456,0.0,0.0,0.0,-0.04436689058531832,-0.04436689058531832,-0.04436689058531832,0.0,0.0,0.0,1.3792048101320609
449,2025-09-05 09:00:00,1.4255640180303637,1.3780155629681612,1.3795230644475178,1.4253715429583353,1.425821204607443,-0.04677703804459888,-0.04677703804459888,-0.04677703804459888,-1.3926444013865451e-05,-1.3926444013865451e-05,-1.3926444013865451e-05,2.455123339065052e-05,2.455123339065052e-05,2.455123339065052e-05,-0.0009705569923567969,-0.0009705569923567969,-0.0009705569923567969,-0.0020830485459334375,-0.0020830485459334375,-0.0020830485459334375,-0.0001192173208182169,-0.0001192173208182169,-0.0001192173208182169,-0.0008467233509714052,-0.0008467233509714052,-0.0008467233509714052,-0.0003934615751542512,-0.0003934615751542512,-0.0003934615751542512,0.00023628590399044766,0.00023628590399044766,0.00023628590399044766,0.0,0.0,0.0,-0.044693989498665446,-0.044693989498665446,-0.044693989498665446,0.0,0.0,0.0,1.3787869799857648
450,2025-09-05 10:00:00,1.4259301944864597,1.3782435776132824,1.3797860543346179,1.4256873342804484,1.42625131100479,-0.04695241502381589,-0.04695241502381589,-0.04695241502381589,-1.1788865871852367e-05,-1.1788865871852367e-05,-1.1788865871852367e-05,3.514189191931984e-05,3.514189191931984e-05,3.514189191931984e-05,-0.000796209534838275,-0.000796209534838275,-0.000796209534838275,-0.001931496429167608,-0.001931496429167608,-0.001931496429167608,-0.00012120188793068396,-0.00012120188793068396,-0.00012120188793068396,-0.0009874484040463343,-0.0009874484040463343,-0.0009874484040463343,-0.00024944093069167084,-0.00024944093069167084,-0.00024944093069167084,0.00019945130229188872,0.00019945130229188872,0.00019945130229188872,0.0,0.0,0.0,-0.045020918594648275,-0.045020918594648275,-0.045020918594648275,0.0,0.0,0.0,1.3789777794626439
451,2025-09-05 11:00:00,1.426296370942556,1.3782119182373356,1.379849612188037,1.426003069680028,1.4266985092248643,-0.0473133686410679,-0.0473133686410679,-0.0473133686410679,-9.803971882840623e-06,-9.803971882840623e-06,-9.803971882840623e-06,7.202742493269746e-05,7.202742493269746e-05,7.202742493269746e-05,-0.0007381351625164321,-0.0007381351625164321,-0.0007381351625164321,-0.0019656989882046146,-0.0019656989882046146,-0.0019656989882046146,-0.0001269909480819107,-0.0001269909480819107,-0.0001269909480819107,-0.0011077104636201716,-0.0011077104636201716,-0.0011077104636201716,-0.00023452275310674608,-0.00023452275310674608,-0.00023452275310674608,0.00017943688607078908,0.00017943688607078908,0.00017943688607078908,0.0,0.0,0.0,-0.04534766965286329,-0.04534766965286329,-0.04534766965286329,0.0,0.0,0.0,1.3789830023014882
452,2025-09-05 12:00:00,1.426662547398652,1.3786769700758505,1.380408582323746,1.4263087782004478,1.427137493847484,-0.04715217160781439,-0.04715217160781439,-0.04715217160781439,-6.164124092843697e-05,-6.164124092843697e-05,-6.164124092843697e-05,7.732166574293237e-05,7.732166574293237e-05,7.732166574293237e-05,-0.0003535660013468318,-0.0003535660013468318,-0.0003535660013468318,-0.0014779371316135954,-0.0014779371316135954,-0.0014779371316135954,-0.00012310364151239163,-0.00012310364151239163,-0.00012310364151239163,-0.0010374050513110773,-0.0010374050513110773,-0.0010374050513110773,-8.076270492945107e-05,-8.076270492945107e-05,-8.076270492945107e-05,0.00010121984267166074,0.00010121984267166074,0.00010121984267166074,0.0,0.0,0.0,-0.045674234476200795,-0.045674234476200795,-0.045674234476200795,0.0,0.0,0.0,1.3795103757908376
453,2025-09-05 13:00:00,1.427028723854748,1.3783456827917737,1.3801755115637422,1.4265862704645704,1.4275815469294777,-0.047775398625572785,-0.047775398625572785,-0.047775398625572785,-1.3829989342036161e-05,-1.3829989342036161e-05,-1.3829989342036161e-05,-6.3151483725762065e-06,-6.3151483725762065e-06,-6.3151483725762065e-06,-0.0006482820937752871,-0.0006482820937752871,-0.0006482820937752871,-0.0017747937347361035,-0.0017747937347361035,-0.0017747937347361035,-0.00012211086501853188,-0.00012211086501853188,-0.00012211086501853188,-0.001008164478870354,-0.001008164478870354,-0.001008164478870354,-0.00011207347010912011,-0.00011207347010912011,-0.00011207347010912011,0.00013598231075180194,0.00013598231075180194,0.00013598231075180194,0.0,0.0,0.0,-0.04600060489083668,-0.04600060489083668,-0.04600060489083668,0.0,0.0,0.0,1.3792533252291754
454,2025-09-05 14:00:00,1.4273949003108442,1.3790789179241727,1.38102994207856,1.4268168877379057,1.4280277998469777,-0.047437516709230354,-0.047437516709230354,-0.047437516709230354,3.0566172845335875e-05,3.0566172845335875e-05,3.0566172845335875e-05,-2.8593627176778233e-05,-2.8593627176778233e-05,-2.8593627176778233e-05,7.781051614001861e-06,7.781051614001861e-06,7.781051614001861e-06,-0.0011107439624292123,-0.0011107439624292123,-0.0011107439624292123,-0.00011863762610280958,-0.00011863762610280958,-0.00011863762610280958,-0.00098955128594481,-0.00098955128594481,-0.00098955128594481,-0.00011751149255274393,-0.00011751149255274393,-0.00011751149255274393,0.00010520284488859161,0.00010520284488859161,0.00010520284488859161,0.0,0.0,0.0,-0.04632677274680115,-0.04632677274680115,-0.04632677274680115,0.0,0.0,0.0,1.3799573836016137
455,2025-09-05 15:00:00,1.4277610767669404,1.3807762412347007,1.3827281598402155,1.4271120605077983,1.4284739254338135,-0.0460484573612305,-0.0460484573612305,-0.0460484573612305,-1.499283467650807e-05,-1.499283467650807e-05,-1.499283467650807e-05,-8.045628879800622e-05,-8.045628879800622e-05,-8.045628879800622e-05,0.0010027019426224685,0.0010027019426224685,0.0010027019426224685,0.0006042725571160066,0.0006042725571160066,0.0006042725571160066,-9.299993720069583e-05,-9.299993720069583e-05,-9.299993720069583e-05,-0.0004017104039830559,-0.0004017104039830559,-0.0004017104039830559,0.00026350929603429787,0.00026350929603429787,0.00026350929603429787,-7.177921688249358e-05,-7.177921688249358e-05,-7.177921688249358e-05,0.0,0.0,0.0,-0.04665272991834651,-0.04665272991834651,-0.04665272991834651,0.0,0.0,0.0,1.3817126194057099
456,2025-09-05 16:00:00,1.4281272532230365,1.381058783258746,1.383140623138746,1.4273936457228893,1.4289680566996394,-0.046051929827401514,-0.046051929827401514,-0.046051929827401514,-6.129151514855908e-05,-6.129151514855908e-05,-6.129151514855908e-05,-9.670908562742216e-05,-9.670908562742216e-05,-9.670908562742216e-05,0.0009605021753569486,0.0009605021753569486,0.0009605021753569486,0.0009265384766565595,0.0009265384766565595,0.0009265384766565595,-7.505404790686081e-05,-7.505404790686081e-05,-7.505404790686081e-05,-3.985344227215292e-05,-3.985344227215292e-05,-3.985344227215292e-05,0.0002963420196140284,0.0002963420196140284,0.0002963420196140284,-5.739762735942262e-05,-5.739762735942262e-05,-5.739762735942262e-05,0.0,0.0,0.0,-0.046978468304058066,-0.046978468304058066,-0.046978468304058066,0.0,0.0,0.0,1.3820753233956349
457,2025-09-05 17:00:00,1.4284934296791327,1.3812997930863409,1.3834268332986002,1.4276673833999323,1.4294181348012593,-0.04609695091953362,-0.04609695091953362,-0.04609695091953362,-9.339951117060047e-05,-9.339951117060047e-05,-9.339951117060047e-05,-0.00011442476478597713,-0.00011442476478597713,-0.00011442476478597713,0.0007673656105208779,0.0007673656105208779,0.0007673656105208779,0.0012070289078629115,0.0012070289078629115,0.0012070289078629115,-3.899565638232776e-05,-3.899565638232776e-05,-3.899565638232776e-05,0.00040876502405427594,0.00040876502405427594,0.00040876502405427594,0.000361584850205182,0.000361584850205182,0.000361584850205182,-8.386664457851891e-05,-8.386664457851891e-05,-8.386664457851891e-05,0.0,0.0,0.0,-0.047303979827396536,-0.047303979827396536,-0.047303979827396536,0.0,0.0,0.0,1.382396478759599
458,2025-09-05 18:00:00,1.4288596061352288,1.3821589312677511,1.3845131741910717,1.4279404032531504,1.4298712470637678,-0.0455794003542065,-0.0455794003542065,-0.0455794003542065,-0.00014766009705777656,-0.00014766009705777656,-0.00014766009705777656,-0.00013177254645402038,-0.00013177254645402038,-0.00013177254645402038,0.0007919541701663659,0.0007919541701663659,0.0007919541701663659,0.0020498560828042683,0.0020498560828042683,0.0020498560828042683,8.226787790862012e-06,8.226787790862012e-06,8.226787790862012e-06,0.0009585079276499117,0.0009585079276499117,0.0009585079276499117,0.0006834247179533931,0.0006834247179533931,0.0006834247179533931,-0.00011282487724446734,-0.00011282487724446734,-0.00011282487724446734,0.0,0.0,0.0,-0.04762925643701076,-0.04762925643701076,-0.04762925643701076,0.0,0.0,0.0,1.3832802057810223
459,2025-09-05 19:00:00,1.4292257825913248,1.3824454347584187,1.384957521597006,1.4282229087346183,1.4303563527373895,-0.04552475452287476,-0.04552475452287476,-0.04552475452287476,-0.00019792437797634533,-0.00019792437797634533,-0.00019792437797634533,-0.00013980751472315937,-0.00013980751472315937,-0.00013980751472315937,0.0006452657764657912,0.0006452657764657912,0.0006452657764657912,0.0024295355840629543,0.0024295355840629543,0.0024295355840629543,5.892247087968222e-05,5.892247087968222e-05,5.892247087968222e-05,0.0014281256059675068,0.0014281256059675068,0.0014281256059675068,0.0007475637369506187,0.0007475637369506187,0.0007475637369506187,-0.00011261011350113989,-0.00011261011350113989,-0.00011261011350113989,0.0,0.0,0.0,-0.04795429010693771,-0.04795429010693771,-0.04795429010693771,0.0,0.0,0.0,1.38370102806845
460,2025-09-05 20:00:00,1.429591959047421,1.3827681671518817,1.3855078773645206,1.4284586065529692,1.4308436711690777,-0.04557797071291826,-0.04557797071291826,-0.04557797071291826,-0.00023157365849478916,-0.00023157365849478916,-0.00023157365849478916,-0.00014546965302390599,-0.00014546965302390599,-0.00014546965302390599,0.0005468935523481003,0.0005468935523481003,0.0005468935523481003,0.002701102124075032,0.002701102124075032,0.002701102124075032,0.0001035806532249058,0.0001035806532249058,0.0001035806532249058,0.0018368939088343919,0.0018368939088343919,0.0018368939088343919,0.0007501099251073294,0.0007501099251073294,0.0007501099251073294,-0.0001593326039210007,-0.0001593326039210007,-0.0001593326039210007,0.0,0.0,0.0,-0.04827907283699329,-0.04827907283699329,-0.04827907283699329,0.0,0.0,0.0,1.3840139883345028
461,2025-09-05 21:00:00,1.4299581355035171,1.3819706837904393,1.3847732306078204,1.4287178758469998,1.4313369982726953,-0.04667113879580352,-0.04667113879580352,-0.04667113879580352,-0.0002310111134544705,-0.0002310111134544705,-0.0002310111134544705,-0.00018381589145815004,-0.00018381589145815004,-0.00018381589145815004,0.0001864953176489114,0.0001864953176489114,0.0001864953176489114,0.0019324578574392145,0.0019324578574392145,0.0019324578574392145,0.0001266540802991452,0.0001266540802991452,0.0001266540802991452,0.0016611471530309414,0.0016611471530309414,0.0016611471530309414,0.00041096719358114497,0.00041096719358114497,0.00041096719358114497,-3.797888220830769e-05,-3.797888220830769e-05,-3.797888220830769e-05,0.0,0.0,0.0,-0.04860359665324274,-0.04860359665324274,-0.04860359665324274,0.0,0.0,0.0,1.3832869967077137
462,2025-09-05 22:00:00,1.4303243119596134,1.3815032240791751,1.3844274148123965,1.428977021900154,1.431874256732483,-0.047309689597038386,-0.047309689597038386,-0.047309689597038386,-0.00023048875020274624,-0.00023048875020274624,-0.00023048875020274624,-0.00017432021776810801,-0.00017432021776810801,-0.00017432021776810801,9.30086633441626e-05,9.30086633441626e-05,9.30086633441626e-05,0.00161816401107012,0.00161816401107012,0.00161816401107012,0.00015038902974420697,0.00015038902974420697,0.00015038902974420697,0.001543403526909975,0.001543403526909975,0.001543403526909975,0.00032627972102153237,0.00032627972102153237,0.00032627972102153237,-9.01079619789027e-05,-9.01079619789027e-05,-9.01079619789027e-05,0.0,0.0,0.0,-0.0489278536081085,-0.0489278536081085,-0.0489278536081085,0.0,0.0,0.0,1.383014622362575
463,2025-09-08 00:00:00,1.4486331347644201,1.3843450886656397,1.3875962758402594,1.4471699418846231,1.450306708742647,-0.06274711451082432,-0.06274711451082432,-0.06274711451082432,-0.00027173038690117194,-0.00027173038690117194,-0.00027173038690117194,-0.00018710302288226812,-0.00018710302288226812,-0.00018710302288226812,0.000231453903053956,0.000231453903053956,0.000231453903053956,0.0018863969386160018,0.0018863969386160018,0.0018863969386160018,0.000187604838948866,0.000187604838948866,0.000187604838948866,0.0015781696519159122,0.0015781696519159122,0.0015781696519159122,0.0004625027532360382,0.0004625027532360382,0.0004625027532360382,-0.00011450079875533072,-0.00011450079875533072,-0.00011450079875533072,0.0,0.0,0.0,-0.06463351144944031,-0.06463351144944031,-0.06463351144944031,0.0,0.0,0.0,1.3858860202535959
464,2025-09-08 01:00:00,1.4489993112205162,1.384419845997292,1.3879913953058038,1.4473916020609807,1.4507825908974448,-0.06294460492025437,-0.06294460492025437,-0.06294460492025437,-0.0003122150630302484,-0.0003122150630302484,-0.0003122150630302484,-0.00018783446404685585,-0.00018783446404685585,-0.00018783446404685585,0.0002281201472802917,0.0002281201472802917,0.0002281201472802917,0.0019897287504135907,0.0019897287504135907,0.0019897287504135907,0.00022697084232751086,0.00022697084232751086,0.00022697084232751086,0.0016372538230846351,0.0016372538230846351,0.0016372538230846351,0.0005115551022717327,0.0005115551022717327,0.0005115551022717327,-0.00011412163747347547,-0.00011412163747347547,-0.00011412163747347547,0.0,0.0,0.0,-0.06493433367066796,-0.06493433367066796,-0.06493433367066796,0.0,0.0,0.0,1.3860547063002617
465,2025-09-08 02:00:00,1.4493654876766122,1.3836341692839618,1.38746552110925,1.4476165616844132,1.4512503086173938,-0.06389955475954055,-0.06389955475954055,-0.06389955475954055,-0.00033899047563932947,-0.00033899047563932947,-0.00033899047563932947,-0.00018856590521140716,-0.00018856590521140716,-0.00018856590521140716,0.00011644042368978464,0.00011644042368978464,0.00011644042368978464,0.001334964656456107,0.001334964656456107,0.001334964656456107,0.00026038215849341016,0.00026038215849341016,0.00026038215849341016,0.001565256793809678,0.001565256793809678,0.001565256793809678,1.716333605010127e-05,1.716333605010127e-05,1.716333605010127e-05,-9.672167473613033e-05,-9.672167473613033e-05,-9.672167473613033e-05,0.0,0.0,0.0,-0.06523451941599666,-0.06523451941599666,-0.06523451941599666,0.0,0.0,0.0,1.3854659329170718
466,2025-09-08 03:00:00,1.4497316641327085,1.3834825811221472,1.3874232446006316,1.447858274994482,1.4517561247643884,-0.06443572980544508,-0.06443572980544508,-0.06443572980544508,-0.0003557849071849259,-0.0003557849071849259,-0.0003557849071849259,-0.0001766952246447366,-0.0001766952246447366,-0.0001766952246447366,-4.023639650282211e-05,-4.023639650282211e-05,-4.023639650282211e-05,0.0010983327340449553,0.0010983327340449553,0.0010983327340449553,0.00028974054102827185,0.00028974054102827185,0.00028974054102827185,0.0014096103044160284,0.0014096103044160284,0.0014096103044160284,3.349306275457766e-05,3.349306275457766e-05,3.349306275457766e-05,-6.179464582143809e-05,-6.179464582143809e-05,-6.179464582143809e-05,0.0,0.0,0.0,-0.06553406253949003,-0.06553406253949003,-0.06553406253949003,0.0,0.0,0.0,1.3852959343272635
467,2025-09-08 04:00:00,1.4500978405888045,1.3830471572974712,1.3873737790766403,1.4480559674723865,1.4522864179606372,-0.0649635580072522,-0.0649635580072522,-0.0649635580072522,-0.00036072055916082233,-0.00036072055916082233,-0.00036072055916082233,-0.00017304019573010683,-0.00017304019573010683,-0.00017304019573010683,-0.00016854905693782066,-0.00016854905693782066,-0.00016854905693782066,0.0008693989281890126,0.0008693989281890126,0.0008693989281890126,0.00031885146884601603,0.00031885146884601603,0.00031885146884601603,0.0013578897218423655,0.0013578897218423655,0.0013578897218423655,-2.4946328040815355e-05,-2.4946328040815355e-05,-2.4946328040815355e-05,-8.00861226298039e-05,-8.00861226298039e-05,-8.00861226298039e-05,0.0,0.0,0.0,-0.06583295693544121,-0.06583295693544121,-0.06583295693544121,0.0,0.0,0.0,1.3851342825815522
468,2025-09-08 05:00:00,1.450464017044901,1.3829082922214622,1.387333873203006,1.4482878193668889,1.4528213389047404,-0.06548660587846145,-0.06548660587846145,-0.06548660587846145,-0.0003722965372085946,-0.0003722965372085946,-0.0003722965372085946,-0.0001578845606475543,-0.0001578845606475543,-0.0001578845606475543,-0.00021535114420832697,-0.00021535114420832697,-0.00021535114420832697,0.0006445906601039225,0.0006445906601039225,0.0006445906601039225,0.00034655653839135616,0.00034655653839135616,0.00034655653839135616,0.0013025121634886738,0.0013025121634886738,0.0013025121634886738,-0.0001755884477523152,-0.0001755884477523152,-0.0001755884477523152,-8.33573519593164e-05,-8.33573519593164e-05,-8.33573519593164e-05,0.0,0.0,0.0,-0.06613119653856536,-0.06613119653856536,-0.06613119653856536,0.0,0.0,0.0,1.3849774111664397
469,2025-09-08 06:00:00,1.450830193500997,1.3823218431067708,1.3872267269707073,1.448554977499951,1.4533256545602018,-0.066142585865996,-0.066142585865996,-0.066142585865996,-0.00037178165084196865,-0.00037178165084196865,-0.00037178165084196865,-0.00015970880974253333,-0.00015970880974253333,-0.00015970880974253333,-0.00046379033672822116,-0.00046379033672822116,-0.00046379033672822116,0.00028618945829681896,0.00028618945829681896,0.00028618945829681896,0.00036565984536540897,0.00036565984536540897,0.00036565984536540897,0.0011646842142519539,0.0011646842142519539,0.0011646842142519539,-0.0002719198726581243,-0.0002719198726581243,-0.0002719198726581243,2.30460686503034e-05,2.30460686503034e-05,2.30460686503034e-05,0.0,0.0,0.0,-0.06642877532429282,-0.06642877532429282,-0.06642877532429282,0.0,0.0,0.0,1.384687607635001
470,2025-09-08 07:00:00,1.451196369957093,1.381810253158233,1.3872243052660445,1.448837447946897,1.4539150729261072,-0.06682807789634124,-0.06682807789634124,-0.06682807789634124,-0.0003603753505074266,-0.0003603753505074266,-0.0003603753505074266,-0.00016044025090708453,-0.00016044025090708453,-0.00016044025090708453,-0.0006195536700891765,-0.0006195536700891765,-0.0006195536700891765,-0.00010239058751200763,-0.00010239058751200763,-0.00010239058751200763,0.0003824473311035901,0.0003824473311035901,0.0003824473311035901,0.0009948335903694734,0.0009948335903694734,0.0009948335903694734,-0.00035054135428190004,-0.00035054135428190004,-0.00035054135428190004,1.123911680051649e-05,1.123911680051649e-05,1.123911680051649e-05,0.0,0.0,0.0,-0.06672568730882923,-0.06672568730882923,-0.06672568730882923,0.0,0.0,0.0,1.3843682920607516
471,2025-09-08 08:00:00,1.4515625464131894,1.381287168614599,1.387029385927596,1.4490338516358519,1.4544102520191777,-0.06748716465733343,-0.06748716465733343,-0.06748716465733343,-0.0003252835082215261,-0.0003252835082215261,-0.0003252835082215261,-0.00017304019573010683,-0.00017304019573010683,-0.00017304019573010683,-0.0009710447186457391,-0.0009710447186457391,-0.0009710447186457391,-0.00046523810799825203,-0.00046523810799825203,-0.00046523810799825203,0.00038964224952731265,0.00038964224952731265,0.00038964224952731265,0.000663319559716307,0.000663319559716307,0.000663319559716307,-0.00013641568831249283,-0.00013641568831249283,-0.00013641568831249283,8.758419366799304e-05,8.758419366799304e-05,8.758419366799304e-05,0.0,0.0,0.0,-0.06702192654933518,-0.06702192654933518,-0.06702192654933518,0.0,0.0,0.0,1.384075381755856
472,2025-09-08 09:00:00,1.4519287228692854,1.381113476286381,1.387092818018983,1.449209230993869,1.4549037319022087,-0.06793605540601799,-0.06793605540601799,-0.06793605540601799,-0.00028818154134999243,-0.00028818154134999243,-0.00028818154134999243,-0.00016482236716982996,-0.00016482236716982996,-0.00016482236716982996,-0.0009624016237662722,-0.0009624016237662722,-0.0009624016237662722,-0.0006185682617933489,-0.0006185682617933489,-0.0006185682617933489,0.0003992358027172991,0.0003992358027172991,0.0003992358027172991,0.0004093997267715171,0.0004093997267715171,0.0004093997267715171,-0.00015541586759384974,-0.00015541586759384974,-0.00015541586759384974,0.00014361760859777923,0.00014361760859777923,0.00014361760859777923,0.0,0.0,0.0,-0.06731748714422464,-0.06731748714422464,-0.06731748714422464,0.0,0.0,0.0,1.3839926674632674
473,2025-09-08 10:00:00,1.4522948993253812,1.381119851483166,1.3873852376678382,1.449296157515345,1.4554477200965992,-0.0681568786211132,-0.0681568786211132,-0.0681568786211132,-0.0002687934219596287,-0.0002687934219596287,-0.0002687934219596287,-7.38798490415706e-05,-7.38798490415706e-05,-7.38798490415706e-05,-0.0007265854216156612,-0.0007265854216156612,-0.0007265854216156612,-0.0005445153879646167,-0.0005445153879646167,-0.0005445153879646167,0.0004025434145715026,0.0004025434145715026,0.0004025434145715026,0.00021916674198066871,0.00021916674198066871,0.00021916674198066871,-0.00025312987138614645,-0.00025312987138614645,-0.00025312987138614645,0.000156163019486219,0.000156163019486219,0.000156163019486219,0.0,0.0,0.0,-0.06761236323314859,-0.06761236323314859,-0.06761236323314859,0.0,0.0,0.0,1.384138020704268
474,2025-09-08 11:00:00,1.4526610757814777,1.3803060995685952,1.3869866715786947,1.44948478179926,1.4560437563734687,-0.06917840836679388,-0.06917840836679388,-0.06917840836679388,-0.00022759508310168635,-0.00022759508310168635,-0.00022759508310168635,-6.310633022172692e-05,-6.310633022172692e-05,-6.310633022172692e-05,-0.0009916328446943326,-0.0009916328446943326,-0.0009916328446943326,-0.0012718593695023562,-0.0012718593695023562,-0.0012718593695023562,0.00039758150385261706,0.00039758150385261706,0.00039758150385261706,-0.00014318109400026467,-0.00014318109400026467,-0.00014318109400026467,-0.00044727358189889613,-0.00044727358189889613,-0.00044727358189889613,0.00020334806056193378,0.00020334806056193378,0.00020334806056193378,0.0,0.0,0.0,-0.06790654899729154,-0.06790654899729154,-0.06790654899729154,0.0,0.0,0.0,1.3834826674146838
475,2025-09-08 12:00:00,1.4530272522375738,1.3799157506460251,1.3868760598470145,1.4496139428902377,1.4566089797714519,-0.06980701759076327,-0.06980701759076327,-0.06980701759076327,-0.00017533049700060654,-0.00017533049700060654,-0.00017533049700060654,-1.5627961771480363e-05,-1.5627961771480363e-05,-1.5627961771480363e-05,-0.0010018622760661912,-0.0010018622760661912,-0.0010018622760661912,-0.0016069789312014205,-0.0016069789312014205,-0.0016069789312014205,0.0003905522124905049,0.0003905522124905049,0.0003905522124905049,-0.0005141195981360792,-0.0005141195981360792,-0.0005141195981360792,-0.0004392807283725268,-0.0004392807283725268,-0.0004392807283725268,0.0001486899176549589,0.0001486899176549589,0.0001486899176549589,0.0,0.0,0.0,-0.06820003865956185,-0.06820003865956185,-0.06820003865956185,0.0,0.0,0.0,1.3832202346468105
476,2025-09-08 13:00:00,1.4533934286936698,1.379391595325593,1.386785348104534,1.4498130030743197,1.4572096395954324,-0.07041025059127776,-0.07041025059127776,-0.07041025059127776,-0.00010937733662990132,-0.00010937733662990132,-0.00010937733662990132,-2.512363546152238e-05,-2.512363546152238e-05,-2.512363546152238e-05,-0.0009006357859690008,-0.0009006357859690008,-0.0009006357859690008,-0.0019174241066711973,-0.0019174241066711973,-0.0019174241066711973,0.00036847057603478094,0.00036847057603478094,0.00036847057603478094,-0.0009495487783871283,-0.0009495487783871283,-0.0009495487783871283,-0.000491060167009355,-0.000491060167009355,-0.000491060167009355,0.00018985102075092943,0.00018985102075092943,0.00018985102075092943,0.0,0.0,0.0,-0.06849282648460656,-0.06849282648460656,-0.06849282648460656,0.0,0.0,0.0,1.382983178102392
477,2025-09-08 14:00:00,1.453759605149766,1.3796035054444558,1.387614427634186,1.4500540674720954,1.4577116397209502,-0.07014929083442364,-0.07014929083442364,-0.07014929083442364,-8.002338539889685e-05,-8.002338539889685e-05,-8.002338539889685e-05,-3.863788174027021e-05,-3.863788174027021e-05,-3.863788174027021e-05,-0.0005387877401353961,-0.0005387877401353961,-0.0005387877401353961,-0.0013643840553695177,-0.0013643840553695177,-0.0013643840553695177,0.000363095583537351,0.000363095583537351,0.000363095583537351,-0.0009037917335371295,-0.0009037917335371295,-0.0009037917335371295,-0.0002749001216327919,-0.0002749001216327919,-0.0002749001216327919,0.00010866122353761554,0.00010866122353761554,0.00010866122353761554,0.0,0.0,0.0,-0.06878490677905413,-0.06878490677905413,-0.06878490677905413,0.0,0.0,0.0,1.3836103143153424
478,2025-09-08 15:00:00,1.4541257816058621,1.3806270559143117,1.3885275692582233,1.4502729423106484,1.4582508795846176,-0.06966376395867845,-0.06966376395867845,-0.06966376395867845,-8.212884202584321e-05,-8.212884202584321e-05,-8.212884202584321e-05,-3.4072905186387056e-05,-3.4072905186387056e-05,-3.4072905186387056e-05,-6.461331075273699e-05,-6.461331075273699e-05,-6.461331075273699e-05,-0.0005874900668975365,-0.0005874900668975365,-0.0005874900668975365,0.0003645842553406063,0.0003645842553406063,0.0003645842553406063,-0.0006948312470997939,-0.0006948312470997939,-0.0006948312470997939,-0.00015401149099567935,-0.00015401149099567935,-0.00015401149099567935,7.75834738222977e-05,7.75834738222977e-05,7.75834738222977e-05,0.0,0.0,0.0,-0.0690762738917809,-0.0690762738917809,-0.0690762738917809,0.0,0.0,0.0,1.3844620176471838
479,2025-09-08 16:00:00,1.4544919580619584,1.3807245878818888,1.3890582688097841,1.4505005566223061,1.4587510508394612,-0.06971021769039061,-0.06971021769039061,-0.06971021769039061,-8.4083908893722e-05,-8.4083908893722e-05,-8.4083908893722e-05,-3.498720664211267e-05,-3.498720664211267e-05,-3.498720664211267e-05,1.0094404823889753e-05,1.0094404823889753e-05,1.0094404823889753e-05,-0.00034329547654306453,-0.00034329547654306453,-0.00034329547654306453,0.00036921589781170697,0.00036921589781170697,0.00036921589781170697,-0.0005517363897027878,-0.0005517363897027878,-0.0005517363897027878,-0.00011598773891198475,-0.00011598773891198475,-0.00011598773891198475,6.418946497194589e-05,6.418946497194589e-05,6.418946497194589e-05,0.0,0.0,0.0,-0.06936692221384755,-0.06936692221384755,-0.06936692221384755,0.0,0.0,0.0,1.3847817403715679
480,2025-09-08 17:00:00,1.4548581345180545,1.3810686140175967,1.3895983136111896,1.4507044368539297,1.4592762952823137,-0.06957808956331973,-0.06957808956331973,-0.06957808956331973,-0.00011179028726220716,-0.00011179028726220716,-0.00011179028726220716,-4.649216662650751e-05,-4.649216662650751e-05,-4.649216662650751e-05,0.00019931145699521153,0.00019931145699521153,0.00019931145699521153,7.875661541649857e-05,7.875661541649857e-05,7.875661541649857e-05,0.00037980222749564493,0.00037980222749564493,0.00037980222749564493,-0.0003506989791046359,-0.0003506989791046359,-0.0003506989791046359,-1.8147509051576585e-05,-1.8147509051576585e-05,-1.8147509051576585e-05,2.6771872970569122e-05,2.6771872970569122e-05,2.6771872970569122e-05,0.0,0.0,0.0,-0.06965684617873623,-0.06965684617873623,-0.06965684617873623,0.0,0.0,0.0,1.3852800449547347
481,2025-09-08 18:00:00,1.4552243109741505,1.3814609491486765,1.390647203012433,1.450908101884579,1.4597868685065327,-0.06934005617985374,-0.06934005617985374,-0.06934005617985374,-0.0001375176386043718,-0.0001375176386043718,-0.0001375176386043718,-6.136641897910607e-06,-6.136641897910607e-06,-6.136641897910607e-06,0.0003128039962096625,0.0003128039962096625,0.0003128039962096625,0.0006059840827919584,0.0006059840827919584,0.0006059840827919584,0.00037384754028289954,0.00037384754028289954,0.00037384754028289954,-0.00013391038009217816,-0.00013391038009217816,-0.00013391038009217816,0.00016273117013338264,0.00016273117013338264,0.00016273117013338264,3.4166036760474206e-05,3.4166036760474206e-05,3.4166036760474206e-05,0.0,0.0,0.0,-0.0699460402626457,-0.0699460402626457,-0.0699460402626457,0.0,0.0,0.0,1.3858842547942967
482,2025-09-08 19:00:00,1.4555904874302468,1.3805130576455238,1.3902550696324216,1.451111874515716,1.460292999396061,-0.0703366411553792,-0.0703366411553792,-0.0703366411553792,-0.0001236830482430575,-0.0001236830482430575,-0.0001236830482430575,-4.0468661559921e-05,-4.0468661559921e-05,-4.0468661559921e-05,-8.67065371172058e-05,-8.67065371172058e-05,-8.67065371172058e-05,-0.00010214217099798994,-0.00010214217099798994,-0.00010214217099798994,0.00036102918876946893,0.00036102918876946893,0.00036102918876946893,-0.000242587145526295,-0.000242587145526295,-0.000242587145526295,-5.623439822015121e-05,-5.623439822015121e-05,-5.623439822015121e-05,8.650843089917168e-05,8.650843089917168e-05,8.650843089917168e-05,0.0,0.0,0.0,-0.07023449898438122,-0.07023449898438122,-0.07023449898438122,0.0,0.0,0.0,1.3852538462748676
483,2025-09-08 20:00:00,1.4559566638863428,1.3798459282348448,1.3896255409920386,1.4513400334216027,1.4608777731057223,-0.07140030162728954,-0.07140030162728954,-0.07140030162728954,-0.00010027222680072514,-0.00010027222680072514,-0.00010027222680072514,-3.608436838897605e-05,-3.608436838897605e-05,-3.608436838897605e-05,-0.00045457743061715934,-0.00045457743061715934,-0.00045457743061715934,-0.0008780847216467884,-0.0008780847216467884,-0.0008780847216467884,0.0003371286122628885,0.0003371286122628885,0.0003371286122628885,-0.0005175464989534003,-0.0005175464989534003,-0.0005175464989534003,-0.0002099052228247779,-0.0002099052228247779,-0.0002099052228247779,0.00010317241367536197,0.00010317241367536197,0.00010317241367536197,0.0,0.0,0.0,-0.07052221690564275,-0.07052221690564275,-0.07052221690564275,0.0,0.0,0.0,1.3845563622590533
484,2025-09-08 21:00:00,1.456322840342439,1.3797067808508592,1.3895210519504344,1.4515387257771013,1.461392895266176,-0.07184815199539547,-0.07184815199539547,-0.07184815199539547,-7.233479520009181e-05,-7.233479520009181e-05,-7.233479520009181e-05,-3.77279341010168e-05,-3.77279341010168e-05,-3.77279341010168e-05,-0.00052720196189615,-0.00052720196189615,-0.00052720196189615,-0.0010389633641755599,-0.0010389633641755599,-0.0010389633641755599,0.00031289776750843124,0.00031289776750843124,0.00031289776750843124,-0.0007465078162103122,-0.0007465078162103122,-0.0007465078162103122,-6.715436260026327e-05,-6.715436260026327e-05,-6.715436260026327e-05,9.906573832384275e-05,9.906573832384275e-05,9.906573832384275e-05,0.0,0.0,0.0,-0.07080918863121992,-0.07080918863121992,-0.07080918863121992,0.0,0.0,0.0,1.3844746883470436
485,2025-09-08 22:00:00,1.4566890167985351,1.3791738976826942,1.389556245783771,1.4517316219633474,1.4619717937808419,-0.07256705169840791,-0.07256705169840791,-0.07256705169840791,-3.8046006749351174e-05,-3.8046006749351174e-05,-3.8046006749351174e-05,-3.6813632645291184e-05,-3.6813632645291184e-05,-3.6813632645291184e-05,-0.0006288725806130926,-0.0006288725806130926,-0.0006288725806130926,-0.0014716428894588033,-0.0014716428894588033,-0.0014716428894588033,0.00028494524324624914,0.00028494524324624914,0.00028494524324624914,-0.0010461738559841604,-0.0010461738559841604,-0.0010461738559841604,-9.713546088926576e-05,-9.713546088926576e-05,-9.713546088926576e-05,9.045340417610876e-05,9.045340417610876e-05,9.045340417610876e-05,0.0,0.0,0.0,-0.0710954088089491,-0.0710954088089491,-0.0710954088089491,0.0,0.0,0.0,1.3841219651001273
486,2025-09-08 23:00:00,1.4570551932546312,1.3789299227896017,1.3899725014743847,1.4518366479050786,1.4625468081694335,-0.0727303571484753,-0.0727303571484753,-0.0727303571484753,-4.354814735557228e-06,-4.354814735557228e-06,-4.354814735557228e-06,-3.827433806623064e-05,-3.827433806623064e-05,-3.827433806623064e-05,-0.000533345718949168,-0.000533345718949168,-0.000533345718949168,-0.0013494850185276326,-0.0013494850185276326,-0.0013494850185276326,0.00026360892856754303,0.00026360892856754303,0.00026360892856754303,-0.0011882193446089632,-0.0011882193446089632,-0.0011882193446089632,7.584429098160959e-05,7.584429098160959e-05,7.584429098160959e-05,7.525597828313386e-05,7.525597828313386e-05,7.525597828313386e-05,0.0,0.0,0.0,-0.07138087212994766,-0.07138087212994766,-0.07138087212994766,0.0,0.0,0.0,1.384324836106156
487,2025-09-09 00:00:00,1.4574213697107274,1.3783936224924795,1.389683452209825,1.4519895883490042,1.463157427574612,-0.07353467493693314,-0.07353467493693314,-0.07353467493693314,3.118896943813569e-05,3.118896943813569e-05,3.118896943813569e-05,-3.6632949262389496e-05,-3.6632949262389496e-05,-3.6632949262389496e-05,-0.0005746243608651672,-0.0005746243608651672,-0.0005746243608651672,-0.0018691016080694548,-0.0018691016080694548,-0.0018691016080694548,0.0002450005310276331,0.0002450005310276331,0.0002450005310276331,-0.0013619149669268093,-0.0013619149669268093,-0.0013619149669268093,-0.000261673273018625,-0.000261673273018625,-0.000261673273018625,8.955444153776761e-05,8.955444153776761e-05,8.955444153776761e-05,0.0,0.0,0.0,-0.07166557332886368,-0.07166557332886368,-0.07166557332886368,0.0,0.0,0.0,1.3838866947737942
488,2025-09-09 01:00:00,1.4577875461668235,1.3784604893643475,1.3901454416145056,1.4521380953933685,1.4637451430885897,-0.07365288989263111,-0.07365288989263111,-0.07365288989263111,4.0604516678448235e-05,4.0604516678448235e-05,4.0604516678448235e-05,-4.393647636697726e-05,-4.393647636697726e-05,-4.393647636697726e-05,-0.0003647340889603206,-0.0003647340889603206,-0.0003647340889603206,-0.0017033827088635308,-0.0017033827088635308,-0.0017033827088635308,0.00023491009665281513,0.00023491009665281513,0.00023491009665281513,-0.0013269481198600512,-0.0013269481198600512,-0.0013269481198600512,-0.00026694104655872804,-0.00026694104655872804,-0.00026694104655872804,2.3662409551282626e-05,2.3662409551282626e-05,2.3662409551282626e-05,0.0,0.0,0.0,-0.07194950718376758,-0.07194950718376758,-0.07194950718376758,0.0,0.0,0.0,1.3841346562741923
489,2025-09-09 02:00:00,1.4581537226229195,1.3783985477677432,1.390533254012639,1.4522765122724366,1.4643228127108687,-0.07381875198333598,-0.07381875198333598,-0.07381875198333598,2.1495475121589248e-05,2.1495475121589248e-05,2.1495475121589248e-05,-4.64943435347436e-05,-4.64943435347436e-05,-4.64943435347436e-05,-0.00023174402196497095,-0.00023174402196497095,-0.00023174402196497095,-0.0015860834669610556,-0.0015860834669610556,-0.0015860834669610556,0.00022126459570704344,0.00022126459570704344,0.00022126459570704344,-0.001302019013786073,-0.001302019013786073,-0.001302019013786073,-0.000258799837644272,-0.000258799837644272,-0.000258799837644272,1.0213679140371148e-05,1.0213679140371148e-05,1.0213679140371148e-05,0.0,0.0,0.0,-0.07223266851637493,-0.07223266851637493,-0.07223266851637493,0.0,0.0,0.0,1.3843349706395836
490,2025-09-09 03:00:00,1.4585198990790158,1.378007069944658,1.3905751416078536,1.4524439639692155,1.4649300871310735,-0.07437732728328758,-0.07437732728328758,-0.07437732728328758,2.0064611209238257e-05,2.0064611209238257e-05,2.0064611209238257e-05,-4.393647636697726e-05,-4.393647636697726e-05,-4.393647636697726e-05,-0.0004090931978640979,-0.0004090931978640979,-0.0004090931978640979,-0.0018622750910600148,-0.0018622750910600148,-0.0018622750910600148,0.00021299507313404608,0.00021299507313404608,0.00021299507313404608,-0.0012889102009802018,-0.0012889102009802018,-0.0012889102009802018,-0.000336197508273197,-0.000336197508273197,-0.000336197508273197,-1.7197391918825062e-05,-1.7197391918825062e-05,-1.7197391918825062e-05,0.0,0.0,0.0,-0.07251505219222758,-0.07251505219222758,-0.07251505219222758,0.0,0.0,0.0,1.3841425717957283
491,2025-09-09 04:00:00,1.4588860755351118,1.378413280287715,1.3912731165776318,1.4526272848404205,1.4655136947632263,-0.0741746309062418,-0.0741746309062418,-0.0741746309062418,-2.8590054271594946e-06,-2.8590054271594946e-06,-2.8590054271594946e-06,-3.0607267287603326e-05,-3.0607267287603326e-05,-3.0607267287603326e-05,-0.00018500861742338124,-0.00018500861742338124,-0.00018500861742338124,-0.0013779777854376828,-0.0013779777854376828,-0.0013779777854376828,0.0002126638190110086,0.0002126638190110086,0.0002126638190110086,-0.0011302977198641457,-0.0011302977198641457,-0.0011302977198641457,-0.0002776969422328845,-0.0002776969422328845,-0.0002776969422328845,3.582794778648299e-05,3.582794778648299e-05,3.582794778648299e-05,0.0,0.0,0.0,-0.0727966531208041,-0.0727966531208041,-0.0727966531208041,0.0,0.0,0.0,1.38471144462887
492,2025-09-09 05:00:00,1.459252251991208,1.378628922386418,1.3919207458333975,1.4527642062192052,1.4660621839008858,-0.07427836404533701,-0.07427836404533701,-0.07427836404533701,-2.1174743783900068e-05,-2.1174743783900068e-05,-2.1174743783900068e-05,-2.7502996154659634e-05,-2.7502996154659634e-05,-2.7502996154659634e-05,-0.00023278978292165566,-0.00023278978292165566,-0.00023278978292165566,-0.0012008977898235605,-0.0012008977898235605,-0.0012008977898235605,0.00021034799777541234,0.00021034799777541234,0.00021034799777541234,-0.0010909526061829468,-0.0010909526061829468,-0.0010909526061829468,-0.00014196452144127786,-0.00014196452144127786,-0.00014196452144127786,0.00010313886288546717,0.00010313886288546717,0.00010313886288546717,0.0,0.0,0.0,-0.07307746625551345,-0.07307746625551345,-0.07307746625551345,0.0,0.0,0.0,1.3849738879458708
493,2025-09-09 06:00:00,1.4596184284473044,1.3778963067313488,1.3916388956719057,1.4529265382912424,1.4666574023613967,-0.0749640892546564,-0.0749640892546564,-0.0749640892546564,-1.8263475612352315e-05,-1.8263475612352315e-05,-1.8263475612352315e-05,-2.8417297610348725e-05,-2.8417297610348725e-05,-2.8417297610348725e-05,-0.0005198814295117099,-0.0005198814295117099,-0.0005198814295117099,-0.001606602660712531,-0.001606602660712531,-0.001606602660712531,0.0001994313998436894,0.0001994313998436894,0.0001994313998436894,-0.0012329721257632162,-0.0012329721257632162,-0.0012329721257632162,-0.0001366088981636341,-0.0001366088981636341,-0.0001366088981636341,0.00013010916610504077,0.00013010916610504077,0.00013010916610504077,0.0,0.0,0.0,-0.07335748659394387,-0.07335748659394387,-0.07335748659394387,0.0,0.0,0.0,1.384654339192648
494,2025-09-09 07:00:00,1.4599846049034002,1.3781229599552485,1.392081410237873,1.4530642541878769,1.4673274144845398,-0.07516272185830672,-0.07516272185830672,-0.07516272185830672,-1.0191521937906789e-05,-1.0191521937906789e-05,-1.0191521937906789e-05,-2.4398725021679438e-05,-2.4398725021679438e-05,-2.4398725021679438e-05,-0.0004899728851942598,-0.0004899728851942598,-0.0004899728851942598,-0.0015260126804170306,-0.0015260126804170306,-0.0015260126804170306,0.00019215366788929926,0.00019215366788929926,0.00019215366788929926,-0.0012585019953526547,-0.0012585019953526547,-0.0012585019953526547,-6.854891188460658e-05,-6.854891188460658e-05,-6.854891188460658e-05,0.00013344769108477705,0.00013344769108477705,0.00013344769108477705,0.0,0.0,0.0,-0.07363670917788968,-0.07363670917788968,-0.07363670917788968,0.0,0.0,0.0,1.3848218830450936
495,2025-09-09 08:00:00,1.4603507813594967,1.3785693455953676,1.3933869487157642,1.453174901562108,1.4679265009230804,-0.07450464425636959,-0.07450464425636959,-0.07450464425636959,-4.231267619664876e-05,-4.231267619664876e-05,-4.231267619664876e-05,-3.5718647806700405e-05,-3.5718647806700405e-05,-3.5718647806700405e-05,0.00012566566522484196,0.00012566566522484196,0.00012566566522484196,-0.0005895151628813283,-0.0005895151628813283,-0.0005895151628813283,0.00019058218255528465,0.00019058218255528465,0.00019058218255528465,-0.0010867502105159944,-0.0010867502105159944,-0.0010867502105159944,0.00016026972791546493,0.00016026972791546493,0.00016026972791546493,9.874879594242389e-05,9.874879594242389e-05,9.874879594242389e-05,0.0,0.0,0.0,-0.07391512909348825,-0.07391512909348825,-0.07391512909348825,0.0,0.0,0.0,1.3858461371031272
496,2025-09-09 09:00:00,1.4607169578155927,1.37830514010047,1.393178872876224,1.4533069224583555,1.468495462466739,-0.07526399042878897,-0.07526399042878897,-0.07526399042878897,-7.213946229405192e-05,-7.213946229405192e-05,-7.213946229405192e-05,-1.9100130395008894e-05,-1.9100130395008894e-05,-1.9100130395008894e-05,-8.301900652840973e-05,-8.301900652840973e-05,-8.301900652840973e-05,-0.0010712489573908809,-0.0010712489573908809,-0.0010712489573908809,0.00018719175717041354,0.00018719175717041354,0.00018719175717041354,-0.0011269052736436597,-0.0011269052736436597,-0.0011269052736436597,-3.99562353771515e-05,-3.99562353771515e-05,-3.99562353771515e-05,8.267939367698728e-05,8.267939367698728e-05,8.267939367698728e-05,0.0,0.0,0.0,-0.0741927414713981,-0.0741927414713981,-0.0741927414713981,0.0,0.0,0.0,1.3854529673868037
497,2025-09-09 10:00:00,1.4610831342716888,1.3778268193048784,1.3935293871649568,1.453460896570411,1.469055243408989,-0.07565597259709962,-0.07565597259709962,-0.07565597259709962,-8.672846239311314e-05,-8.672846239311314e-05,-8.672846239311314e-05,1.8701880982293934e-05,1.8701880982293934e-05,1.8701880982293934e-05,-0.00032761671999039627,-0.00032761671999039627,-0.00032761671999039627,-0.001186431110410498,-0.001186431110410498,-0.001186431110410498,0.00018371851825469128,0.00018371851825469128,0.00018371851825469128,-0.001070185400622603,-0.001070185400622603,-0.001070185400622603,7.310004151299999e-05,7.310004151299999e-05,7.310004151299999e-05,2.2579031845629312e-05,2.2579031845629312e-05,2.2579031845629312e-05,0.0,0.0,0.0,-0.07446954148668913,-0.07446954148668913,-0.07446954148668913,0.0,0.0,0.0,1.3854271616745892
498,2025-09-09 11:00:00,1.461449310727785,1.3785256262727354,1.394667049703714,1.453667800162281,1.4697030391753687,-0.07509582904372299,-0.07509582904372299,-0.07509582904372299,-0.00013010407484803491,-0.00013010407484803491,-0.00013010407484803491,1.7787579526568333e-05,1.7787579526568333e-05,1.7787579526568333e-05,0.00038065598380372445,0.00038065598380372445,0.00038065598380372445,-0.00035030468456263917,-0.00035030468456263917,-0.00035030468456263917,0.00019719937801428855,0.00019719937801428855,0.00019719937801428855,-0.0008671217863170512,-0.0008671217863170512,-0.0008671217863170512,6.624631901710326e-05,6.624631901710326e-05,6.624631901710326e-05,-1.4968083759237721e-05,-1.4968083759237721e-05,-1.4968083759237721e-05,0.0,0.0,0.0,-0.07474552435916035,-0.07474552435916035,-0.07474552435916035,0.0,0.0,0.0,1.3863534816840621
499,2025-09-09 12:00:00,1.461815487183881,1.379286554120306,1.3955819694008837,1.4538009981329791,1.4702399421108507,-0.07481205560208373,-0.07481205560208373,-0.07481205560208373,-0.0001828202643531059,-0.0001828202643531059,-0.0001828202643531059,1.2856882390409533e-05,1.2856882390409533e-05,1.2856882390409533e-05,0.0007044417579645026,0.0007044417579645026,0.0007044417579645026,0.00020862975128969528,0.00020862975128969528,0.00020862975128969528,0.000215973402615809,0.000215973402615809,0.000215973402615809,-0.0006173312447607272,-0.0006173312447607272,-0.0006173312447607272,0.00013975162525130524,0.00013975162525130524,0.00013975162525130524,-6.424240781849787e-05,-6.424240781849787e-05,-6.424240781849787e-05,0.0,0.0,0.0,-0.07502068535337342,-0.07502068535337342,-0.07502068535337342,0.0,0.0,0.0,1.3870034315817974
500,2025-09-09 13:00:00,1.4621816636399771,1.3798715131522967,1.3967360510191988,1.4540268974415287,1.4710178735783512,-0.07427673250826862,-0.07427673250826862,-0.07427673250826862,-0.00019258931685844948,-0.00019258931685844948,-0.00019258931685844948,4.639053830132672e-06,4.639053830132672e-06,4.639053830132672e-06,0.0010457806099234946,0.0010457806099234946,0.0010457806099234946,0.0010182872704003886,0.0010182872704003886,0.0010182872704003886,0.00023896401615928903,0.00023896401615928903,0.00023896401615928903,-0.0002681838953433207,-0.0002681838953433207,-0.0002681838953433207,0.00026501125021871543,0.00026501125021871543,0.00026501125021871543,-7.533444752947284e-05,-7.533444752947284e-05,-7.533444752947284e-05,0.0,0.0,0.0,-0.07529501977866901,-0.07529501977866901,-0.07529501977866901,0.0,0.0,0.0,1.3879049311317084
501,2025-09-09 14:00:00,1.4625478400960734,1.3793586376772602,1.3968564950463156,1.454215157232483,1.4716939851037,-0.07487979635328929,-0.07487979635328929,-0.07487979635328929,-0.00020136203065580606,-0.00020136203065580606,-0.00020136203065580606,-1.4169433258850015e-05,-1.4169433258850015e-05,-1.4169433258850015e-05,0.0007596635479216427,0.0007596635479216427,0.0007596635479216427,0.0006887266360042687,0.0006887266360042687,0.0006887266360042687,0.0002570755325146428,0.0002570755325146428,0.0002570755325146428,-0.00012036677941320147,-0.00012036677941320147,-0.00012036677941320147,6.892387447257171e-05,6.892387447257171e-05,6.892387447257171e-05,-6.103807557673097e-05,-6.103807557673097e-05,-6.103807557673097e-05,0.0,0.0,0.0,-0.07556852298929355,-0.07556852298929355,-0.07556852298929355,0.0,0.0,0.0,1.3876680437427842
502,2025-09-09 15:00:00,1.4629140165521695,1.3795252763463015,1.3973547877766728,1.4543712560690756,1.4724143908829659,-0.07493124884894128,-0.07493124884894128,-0.07493124884894128,-0.00023030298211517577,-0.00023030298211517577,-0.00023030298211517577,-2.8047223211600886e-05,-2.8047223211600886e-05,-2.8047223211600886e-05,0.0006438518802627336,0.0006438518802627336,0.0006438518802627336,0.0009099415356445386,0.0009099415356445386,0.0009099415356445386,0.0002725399735113628,0.0002725399735113628,0.0002725399735113628,9.038322684777419e-05,9.038322684777419e-05,9.038322684777419e-05,0.0002118883591223842,0.0002118883591223842,0.0002118883591223842,-5.0371698772939586e-05,-5.0371698772939586e-05,-5.0371698772939586e-05,0.0,0.0,0.0,-0.07584119038458582,-0.07584119038458582,-0.07584119038458582,0.0,0.0,0.0,1.3879827677032281
503,2025-09-09 16:00:00,1.4632801930082655,1.3800396322342334,1.3986575734313682,1.4544634797878508,1.4730299377389577,-0.07426832859924697,-0.07426832859924697,-0.07426832859924697,-0.0002384015020715339,-0.0002384015020715339,-0.0002384015020715339,-4.411715974987904e-05,-4.411715974987904e-05,-4.411715974987904e-05,0.0008769815789661092,0.0008769815789661092,0.0008769815789661092,0.0018446888096946517,0.0018446888096946517,0.0018446888096946517,0.00030107219248913584,0.00030107219248913584,0.00030107219248913584,0.0005047986896981471,0.0005047986896981471,0.0005047986896981471,0.000537638968205323,0.000537638968205323,0.000537638968205323,-9.328395784265023e-05,-9.328395784265023e-05,-9.328395784265023e-05,0.0,0.0,0.0,-0.07611301740894162,-0.07611301740894162,-0.07611301740894162,0.0,0.0,0.0,1.3890118644090186
504,2025-09-09 17:00:00,1.4636463694643618,1.3804200155842465,1.3991153801483946,1.4546230552279753,1.4737616235383755,-0.07440404105649351,-0.07440404105649351,-0.07440404105649351,-0.00023049341859419762,-0.00023049341859419762,-0.00023049341859419762,-5.3066429474743634e-05,-5.3066429474743634e-05,-5.3066429474743634e-05,0.0007990934165745448,0.0007990934165745448,0.0007990934165745448,0.0019799584953486826,0.0019799584953486826,0.0019799584953486826,0.00032811573966365365,0.00032811573966365365,0.00032811573966365365,0.0007751374687272723,0.0007751374687272723,0.0007751374687272723,0.0004476033920963997,0.0004476033920963997,0.0004476033920963997,-8.643167364424653e-05,-8.643167364424653e-05,-8.643167364424653e-05,0.0,0.0,0.0,-0.07638399955184219,-0.07638399955184219,-0.07638399955184219,0.0,0.0,0.0,1.3892423284078683
505,2025-09-09 18:00:00,1.4640125459204578,1.3807467071732726,1.3999889957246374,1.4548938443581516,1.4744673001042752,-0.07436921577438542,-0.07436921577438542,-0.07436921577438542,-0.00023212602818014572,-0.00023212602818014572,-0.00023212602818014572,-6.786069779149271e-05,-6.786069779149271e-05,-6.786069779149271e-05,0.0006818853927834437,0.0006818853927834437,0.0006818853927834437,0.0022849165737750714,0.0022849165737750714,0.0022849165737750714,0.00033919697878155103,0.00033919697878155103,0.00033919697878155103,0.0011883059366980886,0.0011883059366980886,0.0011883059366980886,0.0004717565795674453,0.0004717565795674453,0.0004717565795674453,-9.624158808381891e-05,-9.624158808381891e-05,-9.624158808381891e-05,0.0,0.0,0.0,-0.07665413234816049,-0.07665413234816049,-0.07665413234816049,0.0,0.0,0.0,1.3896433301460724
506,2025-09-09 19:00:00,1.464378722376554,1.3812844605897643,1.4009809557188457,1.4551504317771102,1.475055055313572,-0.07410783135860875,-0.07410783135860875,-0.07410783135860875,-0.00022204459771003066,-0.00022204459771003066,-0.00022204459771003066,-7.096496892443639e-05,-7.096496892443639e-05,-7.096496892443639e-05,0.0006651792872558899,0.0006651792872558899,0.0006651792872558899,0.0028155800193995243,0.0028155800193995243,0.0028155800193995243,0.0003576397492599421,0.0003576397492599421,0.0003576397492599421,0.0015574274384299604,0.0015574274384299604,0.0015574274384299604,0.0006559797507091133,0.0006559797507091133,0.0006559797507091133,-0.0001276366396209141,-0.0001276366396209141,-0.0001276366396209141,0.0,0.0,0.0,-0.07692341137800827,-0.07692341137800827,-0.07692341137800827,0.0,0.0,0.0,1.3902708910179453
507,2025-09-09 20:00:00,1.4647448988326501,1.3817845536717925,1.40165535689806,1.4553532849911297,1.4756278439128863,-0.07381584643687297,-0.07381584643687297,-0.07381584643687297,-0.00018574845049813794,-0.00018574845049813794,-0.00018574845049813794,-8.374777403859648e-05,-8.374777403859648e-05,-8.374777403859648e-05,0.0006949510818099924,0.0006949510818099924,0.0006949510818099924,0.0033759858300059097,0.0033759858300059097,0.0033759858300059097,0.00037748739213548486,0.00037748739213548486,0.00037748739213548486,0.002024495931762276,0.002024495931762276,0.002024495931762276,0.0007456267658583887,0.0007456267658583887,0.0007456267658583887,-0.0001970791170234984,-0.0001970791170234984,-0.0001970791170234984,0.0,0.0,0.0,-0.07719183226687887,-0.07719183226687887,-0.07719183226687887,0.0,0.0,0.0,1.3909290523957771
508,2025-09-09 21:00:00,1.4651110752887462,1.380569001587288,1.4017120559797298,1.455445242488936,1.4762702273246018,-0.07466661044064396,-0.07466661044064396,-0.07466661044064396,-0.00017950801119127422,-0.00017950801119127422,-0.00017950801119127422,-0.00010383628316558042,-0.00010383628316558042,-0.00010383628316558042,0.00040679991399748247,0.00040679991399748247,0.00040679991399748247,0.0027927802451977422,0.0027927802451977422,0.0027927802451977422,0.0003724426678858398,0.0003724426678858398,0.0003724426678858398,0.0020216944448443537,0.0020216944448443537,0.0020216944448443537,0.0003777968442401973,0.0003777968442401973,0.0003777968442401973,-0.00010260933141327658,-0.00010260933141327658,-0.00010260933141327658,0.0,0.0,0.0,-0.0774593906858417,-0.0774593906858417,-0.0774593906858417,0.0,0.0,0.0,1.3904444648481022
509,2025-09-09 22:00:00,1.4654772517448422,1.3806014978026755,1.4017252802120066,1.455541194075629,1.4768316030384223,-0.07514454230666041,-0.07514454230666041,-0.07514454230666041,-0.00017551489038358732,-0.00017551489038358732,-0.00017551489038358732,-0.0001040191434566817,-0.0001040191434566817,-0.0001040191434566817,0.0002571447216805502,0.0002571447216805502,0.0002571447216805502,0.0025815400446921213,0.0025815400446921213,0.0025815400446921213,0.00036533056299287663,0.00036533056299287663,0.00036533056299287663,0.0020007292339374047,0.0020007292339374047,0.0020007292339374047,0.00032054201575364713,0.00032054201575364713,0.00032054201575364713,-8.267245583208815e-05,-8.267245583208815e-05,-8.267245583208815e-05,0.0,0.0,0.0,-0.07772608235135255,-0.07772608235135255,-0.07772608235135255,0.0,0.0,0.0,1.3903327094381819
510,2025-09-09 23:00:00,1.4658434282009385,1.3802742653921947,1.4020541234985229,1.4557259828407059,1.4774359079857478,-0.07547226728100236,-0.07547226728100236,-0.07547226728100236,-0.00017466731240951366,-0.00017466731240951366,-0.00017466731240951366,-0.00010255843803577875,-0.00010255843803577875,-0.00010255843803577875,0.0002340401822987707,0.0002340401822987707,0.0002340401822987707,0.0025196357445557024,0.0025196357445557024,0.0025196357445557024,0.0003600373981509535,0.0003600373981509535,0.0003600373981509535,0.0020586987598757442,0.0020586987598757442,0.0020586987598757442,0.0002836393841196479,0.0002836393841196479,0.0002836393841196479,-0.0001395542294441212,-0.0001395542294441212,-0.0001395542294441212,0.0,0.0,0.0,-0.07799190302555806,-0.07799190302555806,-0.07799190302555806,0.0,0.0,0.0,1.390371160919936
511,2025-09-10 00:00:00,1.4662096046570345,1.3806135273861209,1.4027060332332097,1.4558676650871294,1.478011871329333,-0.0755098660168841,-0.0755098660168841,-0.0755098660168841,-0.00016346894003496532,-0.00016346894003496532,-0.00016346894003496532,-0.00010146127628891537,-0.00010146127628891537,-0.00010146127628891537,0.00026266426744183194,0.00026266426744183194,0.00026266426744183194,0.002746982499400374,0.002746982499400374,0.002746982499400374,0.00037748739213548486,0.00037748739213548486,0.00037748739213548486,0.0021068036182552846,0.0021068036182552846,0.0021068036182552846,0.0003994136913230265,0.0003994136913230265,0.0003994136913230265,-0.00013445625343137306,-0.00013445625343137306,-0.00013445625343137306,0.0,0.0,0.0,-0.07825684851628446,-0.07825684851628446,-0.07825684851628446,0.0,0.0,0.0,1.3906997386401505
512,2025-09-10 01:00:00,1.4665757811131308,1.3809179512122443,1.4032272309697043,1.456071002243941,1.4785890365271432,-0.07532353584600002,-0.07532353584600002,-0.07532353584600002,-0.00013118968509841854,-0.00013118968509841854,-0.00013118968509841854,-0.0001049312680041712,-0.0001049312680041712,-0.0001049312680041712,0.0004133557329083645,0.0004133557329083645,0.0004133557329083645,0.00319737883099967,0.00319737883099967,0.00319737883099967,0.00040114051392522337,0.00040114051392522337,0.00040114051392522337,0.0022960702947350184,0.0022960702947350184,0.0022960702947350184,0.00046044369347894945,0.00046044369347894945,0.00046044369347894945,-0.0001375104509452964,-0.0001375104509452964,-0.0001375104509452964,0.0,0.0,0.0,-0.07852091467699968,-0.07852091467699968,-0.07852091467699968,0.0,0.0,0.0,1.3912522452671308
513,2025-09-10 02:00:00,1.4669419575692269,1.380645750926591,1.4039313421817878,1.4563203747592,1.4791622321666935,-0.07554877048530557,-0.07554877048530557,-0.07554877048530557,-8.667323427921998e-05,-8.667323427921998e-05,-8.667323427921998e-05,-0.00011059122939668173,-0.00011059122939668173,-0.00011059122939668173,0.00046187755375977824,0.00046187755375977824,0.00046187755375977824,0.0032353269216519806,0.0032353269216519806,0.0032353269216519806,0.0004179289855389324,0.0004179289855389324,0.0004179289855389324,0.0024115086077971474,0.0024115086077971474,0.0024115086077971474,0.000268435973242613,0.000268435973242613,0.000268435973242613,-0.00012715973501058842,-0.00012715973501058842,-0.00012715973501058842,0.0,0.0,0.0,-0.07878409740695755,-0.07878409740695755,-0.07878409740695755,0.0,0.0,0.0,1.3913931870839213
514,2025-09-10 03:00:00,1.467308134025323,1.3808867364600443,1.4038576747366378,1.4565973431073551,1.4797831820683935,-0.07571470662452101,-0.07571470662452101,-0.07571470662452101,-4.5336529947107194e-05,-4.5336529947107194e-05,-4.5336529947107194e-05,-0.00010584556945989681,-0.00010584556945989681,-0.00010584556945989681,0.0003905676192928436,0.0003905676192928436,0.0003905676192928436,0.0033316860267646868,0.0033316860267646868,0.0033316860267646868,0.0004321531953246752,0.0004321531953246752,0.0004321531953246752,0.0024677886496561967,0.0024677886496561967,0.0024677886496561967,0.00029972918293689056,0.00029972918293689056,0.00029972918293689056,-0.00010737052103891539,-0.00010737052103891539,-0.00010737052103891539,0.0,0.0,0.0,-0.0790463926512857,-0.0790463926512857,-0.0790463926512857,0.0,0.0,0.0,1.391593427400802
515,2025-09-10 04:00:00,1.4676743104814192,1.3803500158275435,1.4040165500897088,1.4567984053420948,1.4803454416550381,-0.07627597279165532,-0.07627597279165532,-0.07627597279165532,-1.2876614182164472e-05,-1.2876614182164472e-05,-1.2876614182164472e-05,-8.977563292161867e-05,-8.977563292161867e-05,-8.977563292161867e-05,0.00027803248102809637,0.00027803248102809637,0.00027803248102809637,0.003031823609310611,0.003031823609310611,0.003031823609310611,0.000448610412815255,0.000448610412815255,0.000448610412815255,0.0024333416697609562,0.0024333416697609562,0.0024333416697609562,0.00010537029672683795,0.00010537029672683795,0.00010537029672683795,-0.0001308790039167518,-0.0001308790039167518,-0.0001308790039167518,0.0,0.0,0.0,-0.07930779640096593,-0.07930779640096593,-0.07930779640096593,0.0,0.0,0.0,1.3913983376897638
516,2025-09-10 05:00:00,1.4680404869375152,1.3794707514109068,1.4037519042582862,1.4568486507693774,1.4809349703882515,-0.0773862577114419,-0.0773862577114419,-0.0773862577114419,-3.5804726522227766e-05,-3.5804726522227766e-05,-3.5804726522227766e-05,-8.813424411777751e-05,-8.813424411777751e-05,-8.813424411777751e-05,-0.00017296109717955202,-0.00017296109717955202,-0.00017296109717955202,0.0021820469813617262,0.0021820469813617262,0.0021820469813617262,0.0004593613836853675,0.0004593613836853675,0.0004593613836853675,0.002171465780149019,0.002171465780149019,0.002171465780149019,-9.280078238675484e-05,-9.280078238675484e-05,-9.280078238675484e-05,-5.90793322663487e-05,-5.90793322663487e-05,-5.90793322663487e-05,0.0,0.0,0.0,-0.07956830469280364,-0.07956830469280364,-0.07956830469280364,0.0,0.0,0.0,1.3906542292260733
517,2025-09-10 06:00:00,1.4684066633936117,1.3786250058544012,1.4032908419174313,1.4569067886500717,1.4814933134495647,-0.07813498234091071,-0.07813498234091071,-0.07813498234091071,-5.7095116552286636e-05,-5.7095116552286636e-05,-5.7095116552286636e-05,-7.900429101001114e-05,-7.900429101001114e-05,-7.900429101001114e-05,-0.00035540983544797577,-0.00035540983544797577,-0.00035540983544797577,0.0016929312687984502,0.0016929312687984502,0.0016929312687984502,0.0004669693838875426,0.0004669693838875426,0.0004669693838875426,0.0019585690396409358,0.0019585690396409358,0.0019585690396409358,-0.0002256152475045577,-0.0002256152475045577,-0.0002256152475045577,-1.5482664215196874e-05,-1.5482664215196874e-05,-1.5482664215196874e-05,0.0,0.0,0.0,-0.07982791360970917,-0.07982791360970917,-0.07982791360970917,0.0,0.0,0.0,1.390271681052701
518,2025-09-10 07:00:00,1.4687728398497077,1.3792125494801084,1.4048275153116285,1.4571379282200778,1.4820293841815737,-0.07769365988100707,-0.07769365988100707,-0.07769365988100707,-4.7418039592809173e-05,-4.7418039592809173e-05,-4.7418039592809173e-05,-8.649067840573669e-05,-8.649067840573669e-05,-8.649067840573669e-05,-3.65484411675731e-05,-3.65484411675731e-05,-3.65484411675731e-05,0.002392959399515494,0.002392959399515494,0.002392959399515494,0.00048350941490906535,0.00048350941490906535,0.00048350941490906535,0.001966915720863452,0.001966915720863452,0.001966915720863452,0.00017873890991368797,0.00017873890991368797,0.00017873890991368797,-6.574748700459181e-05,-6.574748700459181e-05,-6.574748700459181e-05,0.0,0.0,0.0,-0.08008661928052256,-0.08008661928052256,-0.08008661928052256,0.0,0.0,0.0,1.3910791799687008
519,2025-09-10 08:00:00,1.4691390163058036,1.3795146187874503,1.4053584767558136,1.457328076268722,1.482668269936917,-0.07746742533137851,-0.07746742533137851,-0.07746742533137851,-2.3838186542272143e-05,-2.3838186542272143e-05,-2.3838186542272143e-05,-8.502779607659765e-05,-8.502779607659765e-05,-8.502779607659765e-05,0.00034601207133133605,0.00034601207133133605,0.00034601207133133605,0.00287699254868145,0.00287699254868145,0.00287699254868145,0.0005046810884015053,0.0005046810884015053,0.0005046810884015053,0.001973516368753619,0.001973516368753619,0.001973516368753619,0.00019229915003862215,0.00019229915003862215,0.00019229915003862215,-3.0650147224762674e-05,-3.0650147224762674e-05,-3.0650147224762674e-05,0.0,0.0,0.0,-0.08034441788005997,-0.08034441788005997,-0.08034441788005997,0.0,0.0,0.0,1.391671590974425
520,2025-09-10 09:00:00,1.4695051927619,1.3796736534160503,1.4058290922769292,1.4574130092808009,1.4834094736784311,-0.07786647602327697,-0.07786647602327697,-0.07786647602327697,-1.942608709630461e-06,-1.942608709630461e-06,-1.942608709630461e-06,-6.512214724075156e-05,-6.512214724075156e-05,-6.512214724075156e-05,0.0002753067038813692,0.0002753067038813692,0.0002753067038813692,0.002734829606142006,0.002734829606142006,0.002734829606142006,0.0005262668295480174,0.0005262668295480174,0.0005262668295480174,0.0019167299598084175,0.0019167299598084175,0.0019167299598084175,9.044424558055123e-05,9.044424558055123e-05,9.044424558055123e-05,-6.853376725966582e-06,-6.853376725966582e-06,-6.853376725966582e-06,0.0,0.0,0.0,-0.08060130562941899,-0.08060130562941899,-0.08060130562941899,0.0,0.0,0.0,1.391638716738623
521,2025-09-10 10:00:00,1.469871369217996,1.3785887684058962,1.405551195291661,1.4573526917588144,1.4841210059157772,-0.0786095145001175,-0.0786095145001175,-0.0786095145001175,-1.3683504450163508e-05,-1.3683504450163508e-05,-1.3683504450163508e-05,-4.649652044294319e-05,-4.649652044294319e-05,-4.649652044294319e-05,-0.00011021619418138883,-0.00011021619418138883,-0.00011021619418138883,0.002247764295440779,0.002247764295440779,0.002247764295440779,0.000553227563191684,0.000553227563191684,0.000553227563191684,0.0017817490177624224,0.0017817490177624224,0.0017817490177624224,1.984568699833774e-05,1.984568699833774e-05,1.984568699833774e-05,6.33382465628301e-05,6.33382465628301e-05,6.33382465628301e-05,0.0,0.0,0.0,-0.08085727879555828,-0.08085727879555828,-0.08085727879555828,0.0,0.0,0.0,1.3912618547178786
522,2025-09-10 11:00:00,1.470237545674092,1.3788364304396445,1.4063566263062706,1.4574214309660842,1.4848257484098812,-0.07853033927920805,-0.07853033927920805,-0.07853033927920805,-6.888553380827369e-06,-6.888553380827369e-06,-6.888553380827369e-06,-1.7460918499367247e-05,-1.7460918499367247e-05,-1.7460918499367247e-05,0.000271140485761723,0.000271140485761723,0.000271140485761723,0.002581994412500431,0.002581994412500431,0.002581994412500431,0.0005873004017284058,0.0005873004017284058,0.0005873004017284058,0.0018258015089843553,0.0018258015089843553,0.0018258015089843553,1.5747782876030764e-05,1.5747782876030764e-05,1.5747782876030764e-05,-9.364629496988881e-05,-9.364629496988881e-05,-9.364629496988881e-05,0.0,0.0,0.0,-0.08111233369170849,-0.08111233369170849,-0.08111233369170849,0.0,0.0,0.0,1.3917072063948839
523,2025-09-10 12:00:00,1.4706037221301884,1.3790803280923405,1.4069896948356184,1.4575656486274151,1.4855888706139595,-0.07854946718909414,-0.07854946718909414,-0.07854946718909414,4.163893850287659e-06,4.163893850287659e-06,4.163893850287659e-06,6.461126016912106e-06,6.461126016912106e-06,6.461126016912106e-06,0.0004199899965915445,0.0004199899965915445,0.0004199899965915445,0.002816999488154183,0.002816999488154183,0.002816999488154183,0.0006207117178943051,0.0006207117178943051,0.0006207117178943051,0.0018383024331794927,0.0018383024331794927,0.0018383024331794927,1.982267071408959e-05,1.982267071408959e-05,1.982267071408959e-05,-9.245235009244886e-05,-9.245235009244886e-05,-9.245235009244886e-05,0.0,0.0,0.0,-0.08136646667724833,-0.08136646667724833,-0.08136646667724833,0.0,0.0,0.0,1.3920542549410944
524,2025-09-10 13:00:00,1.4709698985862845,1.3776089423662445,1.4068804597935978,1.4576975173078406,1.4863911297728734,-0.07967078894534456,-0.07967078894534456,-0.07967078894534456,-5.3692279246784184e-05,-5.3692279246784184e-05,-5.3692279246784184e-05,-1.4537330749325255e-05,-1.4537330749325255e-05,-1.4537330749325255e-05,-0.00020118589491476381,-0.00020118589491476381,-0.00020118589491476381,0.001948885212376141,0.001948885212376141,0.001948885212376141,0.0006563560417648577,0.0006563560417648577,0.0006563560417648577,0.0016655518177252637,0.0016655518177252637,0.0016655518177252637,-9.545424856214108e-05,-9.545424856214108e-05,-9.545424856214108e-05,-8.15289364096613e-06,-8.15289364096613e-06,-8.15289364096613e-06,0.0,0.0,0.0,-0.08161967415772069,-0.08161967415772069,-0.08161967415772069,0.0,0.0,0.0,1.39129910964094
525,2025-09-10 14:00:00,1.4713360750423805,1.37672741717377,1.4058492311627195,1.4578293859882658,1.4870110071476086,-0.08093084867967708,-0.08093084867967708,-0.08093084867967708,-9.566581303897467e-05,-9.566581303897467e-05,-9.566581303897467e-05,-3.699649293642905e-05,-3.699649293642905e-05,-3.699649293642905e-05,-0.0007640522750874317,-0.0007640522750874317,-0.0007640522750874317,0.0009411039051938719,0.0009411039051938719,0.0009411039051938719,0.000686707200793671,0.000686707200793671,0.000686707200793671,0.0013058931942096883,0.0013058931942096883,0.0013058931942096883,-0.00021077023417114384,-0.00021077023417114384,-0.00021077023417114384,5.598832542449175e-05,5.598832542449175e-05,5.598832542449175e-05,0.0,0.0,0.0,-0.08187195258487094,-0.08187195258487094,-0.08187195258487094,0.0,0.0,0.0,1.3904052263627034
526,2025-09-10 15:00:00,1.4717022514984768,1.3764008071298024,1.406432009130119,1.4578058076209297,1.487581642877975,-0.08125324112543386,-0.08125324112543386,-0.08125324112543386,-0.00012485819700812646,-0.00012485819700812646,-0.00012485819700812646,-5.8911428066591524e-05,-5.8911428066591524e-05,-5.8911428066591524e-05,-0.0008372811846916047,-0.0008372811846916047,-0.0008372811846916047,0.0008700573312824972,0.0008700573312824972,0.0008700573312824972,0.0007270659806661754,0.0007270659806661754,0.0007270659806661754,0.0010791120726747828,0.0010791120726747828,0.0010791120726747828,-4.564450960135862e-06,-4.564450960135862e-06,-4.564450960135862e-06,8.949453866799752e-05,8.949453866799752e-05,8.949453866799752e-05,0.0,0.0,0.0,-0.08212329845671637,-0.08212329845671637,-0.08212329845671637,0.0,0.0,0.0,1.390449010373043
527,2025-09-10 16:00:00,1.4720684279545728,1.375974312073612,1.406975564060908,1.4577451995566035,1.488148435405907,-0.08118990500374293,-0.08118990500374293,-0.08118990500374293,-0.0001715273476376089,-0.0001715273476376089,-0.0001715273476376089,-6.238141978184737e-05,-6.238141978184737e-05,-6.238141978184737e-05,-0.00036238396923186363,-0.00036238396923186363,-0.00036238396923186363,0.001183803313697803,0.001183803313697803,0.001183803313697803,0.0007525370566313345,0.0007525370566313345,0.0007525370566313345,0.0009371207753205947,0.0009371207753205947,0.0009371207753205947,1.849586184293743e-05,1.849586184293743e-05,1.849586184293743e-05,7.194235655425621e-05,7.194235655425621e-05,7.194235655425621e-05,0.0,0.0,0.0,-0.08237370831744074,-0.08237370831744074,-0.08237370831744074,0.0,0.0,0.0,1.3908785229508298
528,2025-09-10 17:00:00,1.472434604410669,1.376701464732997,1.4082645228361614,1.4577791994883713,1.4887288774260043,-0.08083017820750706,-0.08083017820750706,-0.08083017820750706,-0.00020932900539498786,-0.00020932900539498786,-0.00020932900539498786,-5.72656854463147e-05,-5.72656854463147e-05,-5.72656854463147e-05,0.00019041857231648566,0.00019041857231648566,0.00019041857231648566,0.0017930005500083888,0.0017930005500083888,0.0017930005500083888,0.0007808208350168294,0.0007808208350168294,0.0007808208350168294,0.0010399932373941195,0.0010399932373941195,0.0010399932373941195,3.88126215415279e-05,3.88126215415279e-05,3.88126215415279e-05,9.54997458072895e-06,9.54997458072895e-06,9.54997458072895e-06,0.0,0.0,0.0,-0.08262317875751544,-0.08262317875751544,-0.08262317875751544,0.0,0.0,0.0,1.391604426203162
529,2025-09-10 18:00:00,1.4728007808667651,1.3768624106531664,1.409117732147177,1.4576691290646737,1.4895836088286174,-0.08039294839091382,-0.08039294839091382,-0.08039294839091382,-0.00022267613985346032,-0.00022267613985346032,-0.00022267613985346032,-6.931922630412306e-05,-6.931922630412306e-05,-6.931922630412306e-05,0.0006328042558746328,0.0006328042558746328,0.0006328042558746328,0.0024787580227869934,0.0024787580227869934,0.0024787580227869934,0.0008161339047643446,0.0008161339047643446,0.0008161339047643446,0.001235114587211292,0.001235114587211292,0.001235114587211292,0.00011612737610661362,0.00011612737610661362,0.00011612737610661362,-2.9426735012306613e-05,-2.9426735012306613e-05,-2.9426735012306613e-05,0.0,0.0,0.0,-0.08287170641370083,-0.08287170641370083,-0.08287170641370083,0.0,0.0,0.0,1.3924078324758513
530,2025-09-10 19:00:00,1.4731669573228612,1.376812540170933,1.4095538171393216,1.4574809445194998,1.4904562271424528,-0.08074112484624588,-0.08074112484624588,-0.08074112484624588,-0.0002350699075648991,-0.0002350699075648991,-0.0002350699075648991,-7.66249303169104e-05,-7.66249303169104e-05,-7.66249303169104e-05,0.0004971470189030814,0.0004971470189030814,0.0004971470189030814,0.0023781631227313385,0.0023781631227313385,0.0023781631227313385,0.0008450792055206621,0.0008450792055206621,0.0008450792055206621,0.0013162154108956976,0.0013162154108956976,0.0013162154108956976,0.00010257933984049339,0.00010257933984049339,0.00010257933984049339,-7.116301454678643e-05,-7.116301454678643e-05,-7.116301454678643e-05,0.0,0.0,0.0,-0.0831192879689772,-0.0831192879689772,-0.0831192879689772,0.0,0.0,0.0,1.3924258324766152
531,2025-09-10 20:00:00,1.4735331337789574,1.3768128997922169,1.410774826711219,1.457582790378134,1.4910576790338104,-0.08064043553681138,-0.08064043553681138,-0.08064043553681138,-0.00023540561468844703,-0.00023540561468844703,-0.00023540561468844703,-8.246992890879481e-05,-8.246992890879481e-05,-8.246992890879481e-05,0.000629472534603182,0.000629472534603182,0.000629472534603182,0.00272548461580683,0.00272548461580683,0.00272548461580683,0.0008741073198076467,0.0008741073198076467,0.0008741073198076467,0.001421865496543773,0.001421865496543773,0.001421865496543773,0.00019623533991753355,0.00019623533991753355,0.00019623533991753355,-7.832053146806373e-05,-7.832053146806373e-05,-7.832053146806373e-05,0.0,0.0,0.0,-0.0833659201526182,-0.0833659201526182,-0.0833659201526182,0.0,0.0,0.0,1.3928926982421461
532,2025-09-10 21:00:00,1.4738993102350535,1.376733958436677,1.4106436838230387,1.4576819350151247,1.4917869153899943,-0.08114068913263739,-0.08114068913263739,-0.08114068913263739,-0.00024493741953416915,-0.00024493741953416915,-0.00024493741953416915,-8.210420832651916e-05,-8.210420832651916e-05,-8.210420832651916e-05,0.00042660948049185214,0.00042660948049185214,0.00042660948049185214,0.0024709106075507187,0.0024709106075507187,0.0024709106075507187,0.000913886404964836,0.000913886404964836,0.000913886404964836,0.001445318396236424,0.001445318396236424,0.001445318396236424,3.745225009222002e-05,3.745225009222002e-05,3.745225009222002e-05,-2.5314296373925102e-05,-2.5314296373925102e-05,-2.5314296373925102e-05,0.0,0.0,0.0,-0.08361159974018811,-0.08361159974018811,-0.08361159974018811,0.0,0.0,0.0,1.392758621102416
533,2025-09-10 22:00:00,1.4742654866911495,1.3762089486959623,1.4108699402045866,1.4576960966879577,1.4924591658488537,-0.08147739674871977,-0.08147739674871977,-0.08147739674871977,-0.00025378838117662506,-0.00025378838117662506,-0.00025378838117662506,-6.658285266165452e-05,-6.658285266165452e-05,-6.658285266165452e-05,0.00030575939635566873,0.00030575939635566873,0.00030575939635566873,0.0023789268047569737,0.0023789268047569737,0.0023789268047569737,0.0009613563038548676,0.0009613563038548676,0.0009613563038548676,0.0014241368752378892,0.0014241368752378892,0.0014241368752378892,2.117439021726267e-05,2.117439021726267e-05,2.117439021726267e-05,-1.312892707043517e-05,-1.312892707043517e-05,-1.312892707043517e-05,0.0,0.0,0.0,-0.08385632355347675,-0.08385632355347675,-0.08385632355347675,0.0,0.0,0.0,1.3927880899424299
534,2025-09-10 23:00:00,1.4746316631472458,1.3758921593359639,1.411484400471416,1.4576433462508127,1.4930475135791335,-0.08179192870129882,-0.08179192870129882,-0.08179192870129882,-0.0002705551960851112,-0.0002705551960851112,-0.0002705551960851112,-6.1284258034984e-05,-6.1284258034984e-05,-6.1284258034984e-05,0.0001812500239971117,0.0001812500239971117,0.0001812500239971117,0.0023081597592274294,0.0023081597592274294,0.0023081597592274294,0.0010079172256574186,0.0010079172256574186,0.0010079172256574186,0.0013518445447251346,0.0013518445447251346,0.0013518445447251346,0.00011211634603829477,0.00011211634603829477,0.00011211634603829477,-1.312892707043517e-05,-1.312892707043517e-05,-1.312892707043517e-05,0.0,0.0,0.0,-0.08410008846052626,-0.08410008846052626,-0.08410008846052626,0.0,0.0,0.0,1.3928397344459469
535,2025-09-11 00:00:00,1.4749978396033419,1.375939824291684,1.411863251327537,1.4580339728687948,1.4937007804227842,-0.08191208706587734,-0.08191208706587734,-0.08191208706587734,-0.00029128232890104184,-0.00029128232890104184,-0.00029128232890104184,-6.1284258034984e-05,-6.1284258034984e-05,-6.1284258034984e-05,0.00015744464610115963,0.00015744464610115963,0.00015744464610115963,0.0024308043098605885,0.0024308043098605885,0.0024308043098605885,0.0010619205206002587,0.0010619205206002587,0.0010619205206002587,0.0013150296247231741,0.0013150296247231741,0.0013150296247231741,0.000291452792730699,0.000291452792730699,0.000291452792730699,-4.247668735867736e-05,-4.247668735867736e-05,-4.247668735867736e-05,0.0,0.0,0.0,-0.08434289137573792,-0.08434289137573792,-0.08434289137573792,0.0,0.0,0.0,1.3930857525374645
536,2025-09-11 01:00:00,1.475364016059438,1.3764416241722912,1.4126213589960765,1.458116217157988,1.4942639706069345,-0.08164531901613235,-0.08164531901613235,-0.08164531901613235,-0.0002828783410670076,-0.0002828783410670076,-0.0002828783410670076,-5.5622119734237374e-05,-5.5622119734237374e-05,-5.5622119734237374e-05,0.0004129727085175428,0.0004129727085175428,0.0004129727085175428,0.0029394102435326874,0.0029394102435326874,0.0029394102435326874,0.001119397054458913,0.001119397054458913,0.001119397054458913,0.0014285577696255894,0.0014285577696255894,0.0014285577696255894,0.0003565214980328592,0.0003565214980328592,0.0003565214980328592,-3.953832630097253e-05,-3.953832630097253e-05,-3.953832630097253e-05,0.0,0.0,0.0,-0.08458472925966504,-0.08458472925966504,-0.08458472925966504,0.0,0.0,0.0,1.3937186970433055
537,2025-09-11 02:00:00,1.4757301925155342,1.3764385518996338,1.4129788360633013,1.4581349139769928,1.4950162213321028,-0.08187644467263912,-0.08187644467263912,-0.08187644467263912,-0.000274329725561085,-0.000274329725561085,-0.000274329725561085,-5.781208941149204e-05,-5.781208941149204e-05,-5.781208941149204e-05,0.00037992479427324165,0.00037992479427324165,0.00037992479427324165,0.002949154446478351,0.002949154446478351,0.002949154446478351,0.0011784460595269262,0.0011784460595269262,0.0011784460595269262,0.0014599317461644727,0.0014599317461644727,0.0014599317461644727,0.00028996417993153097,0.00028996417993153097,0.00028996417993153097,-2.6970518445243297e-05,-2.6970518445243297e-05,-2.6970518445243297e-05,0.0,0.0,0.0,-0.08482559911911747,-0.08482559911911747,-0.08482559911911747,0.0,0.0,0.0,1.393853747842895
538,2025-09-11 03:00:00,1.4760963689716302,1.3760224309749232,1.4137336829380664,1.458269678253699,1.4957851859937557,-0.08203982143392179,-0.08203982143392179,-0.08203982143392179,-0.00025474745110182017,-0.00025474745110182017,-0.00025474745110182017,-4.174215287321389e-05,-4.174215287321389e-05,-4.174215287321389e-05,0.0004591160988552714,0.0004591160988552714,0.0004591160988552714,0.0030256765732301076,0.0030256765732301076,0.0030256765732301076,0.001234021825679217,0.001234021825679217,0.001234021825679217,0.0015468634122609072,0.0015468634122609072,0.0015468634122609072,0.00018120291839485796,0.00018120291839485796,0.00018120291839485796,-9.903807798511176e-05,-9.903807798511176e-05,-9.903807798511176e-05,0.0,0.0,0.0,-0.0850654980071519,-0.0850654980071519,-0.0850654980071519,0.0,0.0,0.0,1.3940565475377085
539,2025-09-11 04:00:00,1.4764625454277265,1.375897658256711,1.4141287995354042,1.4583723575897212,1.496425980079254,-0.0823647966551348,-0.0823647966551348,-0.0823647966551348,-0.0002365639105325029,-0.0002365639105325029,-0.0002365639105325029,-3.151721492682023e-05,-3.151721492682023e-05,-3.151721492682023e-05,0.00045545865915153864,0.00045545865915153864,0.00045545865915153864,0.00293962636785767,0.00293962636785767,0.00293962636785767,0.0012893481653638854,0.0012893481653638854,0.0012893481653638854,0.0015742587593444476,0.0015742587593444476,0.0015742587593444476,6.995542121854644e-05,6.995542121854644e-05,6.995542121854644e-05,-0.00018131351176142474,-0.00018131351176142474,-0.00018131351176142474,0.0,0.0,0.0,-0.08530442302299247,-0.08530442302299247,-0.08530442302299247,0.0,0.0,0.0,1.3940977487725916
540,2025-09-11 05:00:00,1.4768287218838225,1.3758062488242833,1.414666772964197,1.4584036975011463,1.4971613588893422,-0.08236470010346783,-0.08236470010346783,-0.08236470010346783,-0.0002148856633970048,-0.0002148856633970048,-0.0002148856633970048,-2.3847967239956806e-05,-2.3847967239956806e-05,-2.3847967239956806e-05,0.0005169152611365312,0.0005169152611365312,0.0005169152611365312,0.0031776712085623726,0.0031776712085623726,0.0031776712085623726,0.001346577244505606,0.001346577244505606,0.001346577244505606,0.0015984549524977172,0.0015984549524977172,0.0015984549524977172,0.00012826811015995864,0.00012826811015995864,0.00012826811015995864,-0.00017381072910047869,-0.00017381072910047869,-0.00017381072910047869,0.0,0.0,0.0,-0.0855423713120302,-0.0855423713120302,-0.0855423713120302,0.0,0.0,0.0,1.3944640217803548
541,2025-09-11 06:00:00,1.4771948983399186,1.3764131642523751,1.415707747980906,1.458493670951682,1.4978861840879976,-0.08214260140849028,-0.08214260140849028,-0.08214260140849028,-0.00017598054400710724,-0.00017598054400710724,-0.00017598054400710724,-2.201936432854211e-05,-2.201936432854211e-05,-2.201936432854211e-05,0.0007384382152553206,0.0007384382152553206,0.0007384382152553206,0.003636738657384782,0.003636738657384782,0.003636738657384782,0.0014027317194979599,0.0014027317194979599,0.0014027317194979599,0.0017091671810993035,0.0017091671810993035,0.0017091671810993035,0.00016754668599771759,0.00016754668599771759,0.00016754668599771759,-0.00018314523612987003,-0.00018314523612987003,-0.00018314523612987003,0.0,0.0,0.0,-0.08577934006587505,-0.08577934006587505,-0.08577934006587505,0.0,0.0,0.0,1.3950522969314283
542,2025-09-11 07:00:00,1.477561074796015,1.3760379688830302,1.4160383678513462,1.458632996704789,1.4985836062383564,-0.08242212399192449,-0.08242212399192449,-0.08242212399192449,-0.0001329128562906401,-0.0001329128562906401,-0.0001329128562906401,-1.8915093195561915e-05,-1.8915093195561915e-05,-1.8915093195561915e-05,0.0005503939522795861,0.0005503939522795861,0.0005503939522795861,0.0035932025302766596,0.0035932025302766596,0.0035932025302766596,0.0014595477168612278,0.0014595477168612278,0.0014595477168612278,0.0016932038928353143,0.0016932038928353143,0.0016932038928353143,0.0001377449489623716,0.0001377449489623716,0.0001377449489623716,-9.586003117563814e-05,-9.586003117563814e-05,-9.586003117563814e-05,0.0,0.0,0.0,-0.08601532652220113,-0.08601532652220113,-0.08601532652220113,0.0,0.0,0.0,1.3951389508040906
543,2025-09-11 08:00:00,1.4779272512521109,1.3763524535884502,1.416919895871487,1.4587723224578957,1.4992769769435161,-0.08230306589142874,-0.08230306589142874,-0.08230306589142874,-8.740157324831428e-05,-8.740157324831428e-05,-8.740157324831428e-05,-2.8593627176778233e-05,-2.8593627176778233e-05,-2.8593627176778233e-05,0.0006030042197511749,0.0006030042197511749,0.0006030042197511749,0.0039472620733486535,0.0039472620733486535,0.0039472620733486535,0.0015301748422316026,0.0015301748422316026,0.0015301748422316026,0.0017804977473639028,0.0017804977473639028,0.0017804977473639028,0.00024352009787570252,0.00024352009787570252,0.00024352009787570252,-9.393963344863738e-05,-9.393963344863738e-05,-9.393963344863738e-05,0.0,0.0,0.0,-0.0862503279647774,-0.0862503279647774,-0.0862503279647774,0.0,0.0,0.0,1.3956241853606821
544,2025-09-11 09:00:00,1.478293427708207,1.3766328881032066,1.4174749334101675,1.458808712742789,1.499917291452785,-0.08230295871325054,-0.08230295871325054,-0.08230295871325054,-4.442677197830579e-05,-4.442677197830579e-05,-4.442677197830579e-05,2.997665026327951e-06,2.997665026327951e-06,2.997665026327951e-06,0.0006171100196275092,0.0006171100196275092,0.0006171100196275092,0.004181383010261831,0.004181383010261831,0.004181383010261831,0.0015984861463665648,0.0015984861463665648,0.0015984861463665648,0.0018492509416442118,0.0018492509416442118,0.0018492509416442118,0.0002882852477624602,0.0002882852477624602,0.0002882852477624602,-0.00013032023818693685,-0.00013032023818693685,-0.00013032023818693685,0.0,0.0,0.0,-0.08648434172351237,-0.08648434172351237,-0.08648434172351237,0.0,0.0,0.0,1.3959904689949565
545,2025-09-11 10:00:00,1.4786596041643034,1.3764854039284582,1.4181489251090433,1.4588200774358902,1.5005104985352535,-0.08222942746433012,-0.08222942746433012,-0.08222942746433012,1.925756878145904e-05,1.925756878145904e-05,1.925756878145904e-05,3.4588957229470725e-05,3.4588957229470725e-05,3.4588957229470725e-05,0.0006932579632303255,0.0006932579632303255,0.0006932579632303255,0.004487937709943806,0.004487937709943806,0.004487937709943806,0.001660346867979386,0.001660346867979386,0.001660346867979386,0.0019172950527815878,0.0019172950527815878,0.0019172950527815878,0.00028825779779339367,0.00028825779779339367,0.00028825779779339367,-0.00012506649785181675,-0.00012506649785181675,-0.00012506649785181675,0.0,0.0,0.0,-0.08671736517427393,-0.08671736517427393,-0.08671736517427393,0.0,0.0,0.0,1.3964301766999734
546,2025-09-11 11:00:00,1.4790257806203995,1.3760857497497943,1.4183642648099903,1.4587952665120851,1.5010383531478744,-0.08256259499375465,-0.08256259499375465,-0.08256259499375465,7.839302805838368e-05,7.839302805838368e-05,7.839302805838368e-05,5.522387032163201e-05,5.522387032163201e-05,5.522387032163201e-05,0.0005387279111669975,0.0005387279111669975,0.0005387279111669975,0.004386800745189053,0.004386800745189053,0.004386800745189053,0.0017311386345360267,0.0017311386345360267,0.0017311386345360267,0.0019584788821724627,0.0019584788821724627,0.0019584788821724627,0.00017831765909094281,0.00017831765909094281,0.00017831765909094281,-0.00015347924015739198,-0.00015347924015739198,-0.00015347924015739198,0.0,0.0,0.0,-0.0869493957389437,-0.0869493957389437,-0.0869493957389437,0.0,0.0,0.0,1.3964631856266447
547,2025-09-11 12:00:00,1.4793919570764953,1.3761477358384293,1.4192547318184885,1.4587739145511451,1.5015065814415494,-0.08267393795832918,-0.08267393795832918,-0.08267393795832918,7.760381221364207e-05,7.760381221364207e-05,7.760381221364207e-05,5.211959918865182e-05,5.211959918865182e-05,5.211959918865182e-05,0.00042787382842117053,0.00042787382842117053,0.00042787382842117053,0.004506492927052005,0.004506492927052005,0.004506492927052005,0.0018025100958081667,0.0018025100958081667,0.0018025100958081667,0.002056540248672525,0.002056540248672525,0.002056540248672525,0.00027456268088221585,0.00027456268088221585,0.00027456268088221585,-0.0001847173381343681,-0.0001847173381343681,-0.0001847173381343681,0.0,0.0,0.0,-0.08718043088538119,-0.08718043088538119,-0.08718043088538119,0.0,0.0,0.0,1.396718019118166
548,2025-09-11 13:00:00,1.4797581335325918,1.3748560490236625,1.4183059642503042,1.458759203721753,1.5020923716520196,-0.08392103429025383,-0.08392103429025383,-0.08392103429025383,8.207321617892511e-06,8.207321617892511e-06,8.207321617892511e-06,2.8561098346412028e-05,2.8561098346412028e-05,2.8561098346412028e-05,-9.877973399875259e-05,-9.877973399875259e-05,-9.877973399875259e-05,0.0034894338370549524,0.0034894338370549524,0.0034894338370549524,0.001852130188872276,0.001852130188872276,0.001852130188872276,0.0017769974963594583,0.0017769974963594583,0.0017769974963594583,-3.16994938276367e-05,-3.16994938276367e-05,-3.16994938276367e-05,-4.598304031469728e-05,-4.598304031469728e-05,-4.598304031469728e-05,0.0,0.0,0.0,-0.08741046812730877,-0.08741046812730877,-0.08741046812730877,0.0,0.0,0.0,1.395837099242338
