ds,trend,yhat_lower,yhat_upper,trend_lower,trend_upper,day_sin,day_sin_lower,day_sin_upper,extra_regressors_multiplicative,extra_regressors_multiplicative_lower,extra_regressors_multiplicative_upper,hour_sin,hour_sin_lower,hour_sin_upper,market_session,market_session_lower,market_session_upper,momentum_lag_20,momentum_lag_20_lower,momentum_lag_20_upper,multiplicative_terms,multiplicative_terms_lower,multiplicative_terms_upper,return_regime,return_regime_lower,return_regime_upper,volatility_lag_20,volatility_lag_20_lower,volatility_lag_20_upper,volatility_regime,volatility_regime_lower,volatility_regime_upper,weekly,weekly_lower,weekly_upper,additive_terms,additive_terms_lower,additive_terms_upper,yhat
2025-02-20 00:00:00,1.4290719039405584,1.4135504608660177,1.4238508654129822,1.4290719039405584,1.4290719039405584,-9.75363584501945e-05,-9.75363584501945e-05,-9.75363584501945e-05,-0.0064757243841739465,-0.0064757243841739465,-0.0064757243841739465,-0.003797939732651855,-0.003797939732651855,-0.003797939732651855,-0.003797939732651855,-0.003797939732651855,-0.003797939732651855,-0.00038139229938685855,-0.00038139229938685855,-0.00038139229938685855,-0.006884089934184338,-0.006884089934184338,-0.006884089934184338,-3.4750406005299914e-05,-3.4750406005299914e-05,-3.4750406005299914e-05,-0.003376945140751581,-0.003376945140751581,-0.003376945140751581,0.005010779285723698,0.005010779285723698,0.005010779285723698,-0.000408365550010392,-0.000408365550010392,-0.000408365550010392,0.0,0.0,0.0,1.4192340444314155
2025-02-21 00:00:00,1.4310193509950946,1.4195066691643523,1.4306183317047987,1.4310193509950946,1.4310193509950946,0.0005342497692875433,0.0005342497692875433,0.0005342497692875433,-0.003838084364314866,-0.003838084364314866,-0.003838084364314866,-0.003797939732651855,-0.003797939732651855,-0.003797939732651855,-0.003797939732651855,-0.003797939732651855,-0.003797939732651855,-0.00037103762061450256,-0.00037103762061450256,-0.00037103762061450256,-0.004766278955770881,-0.004766278955770881,-0.004766278955770881,0.001963397939299445,0.001963397939299445,0.001963397939299445,-0.003379594272707339,-0.003379594272707339,-0.003379594272707339,0.005010779285723698,0.005010779285723698,0.005010779285723698,-0.0009281945914560159,-0.0009281945914560159,-0.0009281945914560159,0.0,0.0,0.0,1.424198713577146
2025-02-24 00:00:00,1.4368616921587032,1.4174445957220585,1.4264162148189874,1.4368616921587032,1.4368616921587032,0.00021835670541867446,0.00021835670541867446,0.00021835670541867446,-0.008835819131799951,-0.008835819131799951,-0.008835819131799951,-0.003797939732651855,-0.003797939732651855,-0.003797939732651855,-0.003797939732651855,-0.003797939732651855,-0.003797939732651855,-0.0009744724240503288,-0.0009744724240503288,-0.0009744724240503288,-0.010027998881626175,-0.010027998881626175,-0.010027998881626175,-0.0020328987513100446,-0.0020328987513100446,-0.0020328987513100446,-0.0034617044822782394,-0.0034617044822782394,-0.0034617044822782394,0.005010779285723698,0.005010779285723698,0.005010779285723698,-0.001192179749826224,-0.001192179749826224,-0.001192179749826224,0.0,0.0,0.0,1.4224528447166842
2025-02-25 00:00:00,1.4388091392132392,1.423553660590422,1.4330242332245786,1.4388091392132392,1.4388091392132392,-0.00035086292684564826,-0.00035086292684564826,-0.00035086292684564826,-0.0070975451612964365,-0.0070975451612964365,-0.0070975451612964365,-0.003797939732651855,-0.003797939732651855,-0.003797939732651855,-0.003797939732651855,-0.003797939732651855,-0.003797939732651855,-0.000618407433645837,-0.000618407433645837,-0.000618407433645837,-0.006967003864418852,-0.006967003864418852,-0.006967003864418852,-3.4750406005299914e-05,-3.4750406005299914e-05,-3.4750406005299914e-05,-0.003508424215219638,-0.003508424215219638,-0.003508424215219638,0.005010779285723698,0.005010779285723698,0.005010779285723698,0.00013054129687758498,0.00013054129687758498,0.00013054129687758498,0.0,0.0,0.0,1.4287849503801793
2025-02-26 00:00:00,1.4407565862677754,1.4283858998007295,1.439230626169755,1.4407565862677754,1.4407565862677754,-0.0004914485660504931,-0.0004914485660504931,-0.0004914485660504931,-0.004764582841904944,-0.004764582841904944,-0.004764582841904944,-0.003797939732651855,-0.003797939732651855,-0.003797939732651855,-0.003797939732651855,-0.003797939732651855,-0.003797939732651855,-2.1939755482306493e-05,-2.1939755482306493e-05,-2.1939755482306493e-05,-0.0048960281442785285,-0.0048960281442785285,-0.0048960281442785285,0.001963397939299445,0.001963397939299445,0.001963397939299445,-0.0036294922800915765,-0.0036294922800915765,-0.0036294922800915765,0.005010779285723698,0.005010779285723698,0.005010779285723698,-0.00013144530237358418,-0.00013144530237358418,-0.00013144530237358418,0.0,0.0,0.0,1.4337026014723537
2025-02-27 00:00:00,1.4427040331429364,1.4282111230033132,1.4380877088081607,1.4427040331429364,1.4427040331429364,-9.75363584501945e-05,-9.75363584501945e-05,-9.75363584501945e-05,-0.006077150575750595,-0.006077150575750595,-0.006077150575750595,-0.003797939732651855,-0.003797939732651855,-0.003797939732651855,-0.003797939732651855,-0.003797939732651855,-0.003797939732651855,0.0002925539443125366,0.0002925539443125366,0.0002925539443125366,-0.006485516125748759,-0.006485516125748759,-0.006485516125748759,-3.4750406005299914e-05,-3.4750406005299914e-05,-3.4750406005299914e-05,-0.0036523175760276244,-0.0036523175760276244,-0.0036523175760276244,0.005010779285723698,0.005010779285723698,0.005010779285723698,-0.00040836554999816474,-0.00040836554999816474,-0.00040836554999816474,0.0,0.0,0.0,1.433347352871305
2025-02-28 00:00:00,1.4446514800180976,1.4308891819757192,1.442524941658239,1.4446514800180976,1.4446514800180976,0.0005342497692875433,0.0005342497692875433,0.0005342497692875433,-0.0050437708650005195,-0.0050437708650005195,-0.0050437708650005195,-0.003797939732651855,-0.003797939732651855,-0.003797939732651855,-0.003797939732651855,-0.003797939732651855,-0.003797939732651855,0.0007331469663567278,0.0007331469663567278,0.0007331469663567278,-0.00597196545645445,-0.00597196545645445,-0.00597196545645445,-3.4750406005299914e-05,-3.4750406005299914e-05,-3.4750406005299914e-05,-0.003691317015059478,-0.003691317015059478,-0.003691317015059478,0.005010779285723698,0.005010779285723698,0.005010779285723698,-0.0009281945914539305,-0.0009281945914539305,-0.0009281945914539305,0.0,0.0,0.0,1.4360240712828138
2025-03-03 00:00:00,1.4504938206435807,1.4382752479737717,1.449481798669498,1.4504938206435807,1.4504938206435807,0.00021835670541867446,0.00021835670541867446,0.00021835670541867446,-0.0032655632082010293,-0.0032655632082010293,-0.0032655632082010293,-0.003797939732651855,-0.003797939732651855,-0.003797939732651855,-0.003797939732651855,-0.003797939732651855,-0.003797939732651855,0.0009020840575587364,0.0009020840575587364,0.0009020840575587364,-0.004457742958018204,-0.004457742958018204,-0.004457742958018204,0.001963397939299445,0.001963397939299445,0.001963397939299445,-0.003764301730897873,-0.003764301730897873,-0.003764301730897873,0.005010779285723698,0.005010779285723698,0.005010779285723698,-0.0011921797498171739,-0.0011921797498171739,-0.0011921797498171739,0.0,0.0,0.0,1.444027892028958
2025-03-04 00:00:00,1.4498246128424637,1.4328105722301945,1.443445887629749,1.4498246128424637,1.4498246128424637,-0.00035086292684564826,-0.00035086292684564826,-0.00035086292684564826,-0.007960793648252053,-0.007960793648252053,-0.007960793648252053,-0.003797939732651855,-0.003797939732651855,-0.003797939732651855,-0.003797939732651855,-0.003797939732651855,-0.003797939732651855,-0.0018187104072693754,-0.0018187104072693754,-0.0018187104072693754,-0.007830252351378358,-0.007830252351378358,-0.007830252351378358,-3.4750406005299914e-05,-3.4750406005299914e-05,-3.4750406005299914e-05,-0.0023186639474395807,-0.0023186639474395807,-0.0023186639474395807,0.00415807350461156,0.00415807350461156,0.00415807350461156,0.00013054129687369628,0.00013054129687369628,0.00013054129687369628,0.0,0.0,0.0,1.4384721202586677
2025-03-05 00:00:00,1.449155405041346,1.4392399776081375,1.4485577246269685,1.449155405041346,1.449155405041346,-0.0004914485660504931,-0.0004914485660504931,-0.0004914485660504931,-0.003595578458722171,-0.003595578458722171,-0.003595578458722171,-0.003797939732651855,-0.003797939732651855,-0.003797939732651855,-0.003797939732651855,-0.003797939732651855,-0.003797939732651855,0.002308892577167827,0.002308892577167827,0.002308892577167827,-0.003727023761086184,-0.003727023761086184,-0.003727023761086184,0.001963397939299445,0.001963397939299445,0.001963397939299445,0.000609149717484608,0.000609149717484608,0.000609149717484608,-0.0003896906613198464,-0.0003896906613198464,-0.0003896906613198464,-0.00013144530236401382,-0.00013144530236401382,-0.00013144530236401382,0.0,0.0,0.0,1.4437543684132506
2025-03-06 00:00:00,1.4484861972402288,1.4318385072994444,1.4422610541467908,1.4484861972402288,1.4484861972402288,-9.75363584501945e-05,-9.75363584501945e-05,-9.75363584501945e-05,-0.00737282542668905,-0.00737282542668905,-0.00737282542668905,-0.003797939732651855,-0.003797939732651855,-0.003797939732651855,-0.003797939732651855,-0.003797939732651855,-0.003797939732651855,0.002207001884923596,0.002207001884923596,0.002207001884923596,-0.0077811909766903956,-0.0077811909766903956,-0.0077811909766903956,-0.0020328987513100446,-0.0020328987513100446,-0.0020328987513100446,0.0005361779247711504,0.0005361779247711504,0.0005361779247711504,-0.0003896906613198464,-0.0003896906613198464,-0.0003896906613198464,-0.0004083655500013453,-0.0004083655500013453,-0.0004083655500013453,0.0,0.0,0.0,1.4372152495124024
2025-03-07 00:00:00,1.4478169894391115,1.4306883349099062,1.4410423566739163,1.4478169894391115,1.4478169894391115,0.0005342497692875433,0.0005342497692875433,0.0005342497692875433,-0.007182077022308394,-0.007182077022308394,-0.007182077022308394,-0.003797939732651855,-0.003797939732651855,-0.003797939732651855,-0.003797939732651855,-0.003797939732651855,-0.003797939732651855,0.00172673250716636,0.00172673250716636,0.00172673250716636,-0.008110271613767758,-0.008110271613767758,-0.008110271613767758,-0.0020328987513100446,-0.0020328987513100446,-0.0020328987513100446,0.00038591940559082896,0.00038591940559082896,0.00038591940559082896,-0.00020020048773937147,-0.00020020048773937147,-0.00020020048773937147,-0.000928194591459365,-0.000928194591459365,-0.000928194591459365,0.0,0.0,0.0,1.4360748004077328
2025-03-10 00:00:00,1.4458093653827984,1.4272068901855426,1.4391480400286838,1.4458093653827984,1.4458093653827984,0.00021835670541867446,0.00021835670541867446,0.00021835670541867446,-0.006925681471381276,-0.006925681471381276,-0.006925681471381276,-0.003797939732651855,-0.003797939732651855,-0.003797939732651855,-0.003797939732651855,-0.003797939732651855,-0.003797939732651855,0.0012619226534981893,0.0012619226534981893,0.0012619226534981893,-0.00811786122120135,-0.00811786122120135,-0.00811786122120135,-0.0020328987513100446,-0.0020328987513100446,-0.0020328987513100446,0.00028607683257213544,0.00028607683257213544,0.00028607683257213544,0.00093674055374348,0.00093674055374348,0.00093674055374348,-0.0011921797498200713,-0.0011921797498200713,-0.0011921797498200713,0.0,0.0,0.0,1.4340724856023075
2025-03-11 00:00:00,1.4451401573640275,1.4367309584037358,1.448640573661909,1.4451401573640275,1.4451401573640275,-0.00035086292684564826,-0.00035086292684564826,-0.00035086292684564826,-0.0023346449626667903,-0.0023346449626667903,-0.0023346449626667903,-0.003797939732651855,-0.003797939732651855,-0.003797939732651855,-0.003797939732651855,-0.003797939732651855,-0.003797939732651855,0.0019127338130213003,0.0019127338130213003,0.0019127338130213003,-0.0022041036657936565,-0.0022041036657936565,-0.0022041036657936565,0.001963397939299445,0.001963397939299445,0.001963397939299445,4.1264429096442e-05,4.1264429096442e-05,4.1264429096442e-05,0.0016947012480653817,0.0016947012480653817,0.0016947012480653817,0.00013054129687313347,0.00013054129687313347,0.00013054129687313347,0.0,0.0,0.0,1.4419549186455958
2025-03-12 00:00:00,1.4444709493452563,1.4344808634462813,1.4481194575047693,1.4444709493452563,1.4444709493452563,-0.0004914485660504931,-0.0004914485660504931,-0.0004914485660504931,-0.0014781795222458295,-0.0014781795222458295,-0.0014781795222458295,-0.003797939732651855,-0.003797939732651855,-0.003797939732651855,-0.003797939732651855,-0.003797939732651855,-0.003797939732651855,0.0025655603807802248,0.0025655603807802248,0.0025655603807802248,-0.0016096248246151874,-0.0016096248246151874,-0.0016096248246151874,0.001963397939299445,0.001963397939299445,0.001963397939299445,-8.823649298786524e-05,-8.823649298786524e-05,-8.823649298786524e-05,0.0021684266820165693,0.0021684266820165693,0.0021684266820165693,-0.00013144530236935763,-0.00013144530236935763,-0.00013144530236935763,0.0,0.0,0.0,1.4421458930467546
2025-03-13 00:00:00,1.4438017413264852,1.4342149598297231,1.4447928385440365,1.4438017413264852,1.4438017413264852,-9.75363584501945e-05,-9.75363584501945e-05,-9.75363584501945e-05,-0.0029370653182817516,-0.0029370653182817516,-0.0029370653182817516,-0.003797939732651855,-0.003797939732651855,-0.003797939732651855,-0.003797939732651855,-0.003797939732651855,-0.003797939732651855,0.0032331621718661354,0.0032331621718661354,0.0032331621718661354,-0.003345430868277966,-0.003345430868277966,-0.003345430868277966,-3.4750406005299914e-05,-3.4750406005299914e-05,-3.4750406005299914e-05,5.2727665126411486e-05,5.2727665126411486e-05,5.2727665126411486e-05,0.0015052110744849063,0.0015052110744849063,0.0015052110744849063,-0.00040836554999621426,-0.00040836554999621426,-0.00040836554999621426,0.0,0.0,0.0,1.438971602413378
2025-03-14 00:00:00,1.4431325333102794,1.4298177440395694,1.4401843801621186,1.4431325333102794,1.4431325333102794,0.0005342497692875433,0.0005342497692875433,0.0005342497692875433,-0.004730142878699144,-0.004730142878699144,-0.004730142878699144,-0.003797939732651855,-0.003797939732651855,-0.003797939732651855,-0.003797939732651855,-0.003797939732651855,-0.003797939732651855,0.0021902193082716996,0.0021902193082716996,0.0021902193082716996,-0.0056583374701564245,-0.0056583374701564245,-0.0056583374701564245,-0.0020328987513100446,-0.0020328987513100446,-0.0020328987513100446,-0.00018375059524167593,-0.00018375059524167593,-0.00018375059524167593,0.0023579168555970444,0.0023579168555970444,0.0023579168555970444,-0.0009281945914572799,-0.0009281945914572799,-0.0009281945914572799,0.0,0.0,0.0,1.434966802422648
2025-03-17 00:00:00,1.441124909261662,1.4329740134494602,1.4445037478988034,1.441124909261662,1.441124909261662,0.00021835670541867446,0.00021835670541867446,0.00021835670541867446,-0.00030551289167749765,-0.00030551289167749765,-0.00030551289167749765,-0.003797939732651855,-0.003797939732651855,-0.003797939732651855,-0.003797939732651855,-0.003797939732651855,-0.003797939732651855,0.0042892736748530395,0.0042892736748530395,0.0042892736748530395,-0.001497692641496908,-0.001497692641496908,-0.001497692641496908,0.001963397939299445,0.001963397939299445,0.001963397939299445,0.00026157804747252395,0.00026157804747252395,0.00026157804747252395,0.0005577602065825298,0.0005577602065825298,0.0005577602065825298,-0.0011921797498194104,-0.0011921797498194104,-0.0011921797498194104,0.0,0.0,0.0,1.438966547089583
2025-03-18 00:00:00,1.4404557012454562,1.4290403972841665,1.4396354579071733,1.4404557012454562,1.4404557012454562,-0.00035086292684564826,-0.00035086292684564826,-0.00035086292684564826,-0.004878308398545764,-0.004878308398545764,-0.004878308398545764,-0.003797939732651855,-0.003797939732651855,-0.003797939732651855,-0.003797939732651855,-0.003797939732651855,-0.003797939732651855,0.0037055863371298872,0.0037055863371298872,0.0037055863371298872,-0.004747767101668068,-0.004747767101668068,-0.004747767101668068,-0.0020328987513100446,-0.0020328987513100446,-0.0020328987513100446,8.002550687932158e-05,8.002550687932158e-05,8.002550687932158e-05,0.0013157209009044307,0.0013157209009044307,0.0013157209009044307,0.000130541296877696,0.000130541296877696,0.000130541296877696,0.0,0.0,0.0,1.433616753055673
2025-03-19 00:00:00,1.4401158998756212,1.4272419788322712,1.4382028750880387,1.4401158998756212,1.4401158998756212,-0.0004914485660504931,-0.0004914485660504931,-0.0004914485660504931,-0.005165466775304733,-0.005165466775304733,-0.005165466775304733,-0.003797939732651855,-0.003797939732651855,-0.003797939732651855,-0.003797939732651855,-0.003797939732651855,-0.003797939732651855,0.0027955655538953084,0.0027955655538953084,0.0027955655538953084,-0.005296912077671978,-0.005296912077671978,-0.005296912077671978,-0.0020328987513100446,-0.0020328987513100446,-0.0020328987513100446,-0.00019872240213283815,-0.00019872240213283815,-0.00019872240213283815,0.0023579168555970444,0.0023579168555970444,0.0023579168555970444,-0.0001314453023672443,-0.0001314453023672443,-0.0001314453023672443,0.0,0.0,0.0,1.4324877325723224
2025-03-20 00:00:00,1.439776098505786,1.4296739485435255,1.440611176684295,1.439776098505786,1.439776098505786,-9.75363584501945e-05,-9.75363584501945e-05,-9.75363584501945e-05,-0.002866105530331141,-0.002866105530331141,-0.002866105530331141,-0.003797939732651855,-0.003797939732651855,-0.003797939732651855,-0.003797939732651855,-0.003797939732651855,-0.003797939732651855,0.0027975929001012667,0.0027975929001012667,0.0027975929001012667,-0.003274471080331751,-0.003274471080331751,-0.003274471080331751,-3.4750406005299914e-05,-3.4750406005299914e-05,-3.4750406005299914e-05,-0.00019870396948000943,-0.00019870396948000943,-0.00019870396948000943,0.002263171768806807,0.002263171768806807,0.002263171768806807,-0.0004083655500006101,-0.0004083655500006101,-0.0004083655500006101,0.0,0.0,0.0,1.4350615933090758
2025-03-21 00:00:00,1.439436297135951,1.4284699436281056,1.4393544617423064,1.439436297135951,1.439436297135951,0.0005342497692875433,0.0005342497692875433,0.0005342497692875433,-0.0029218021077738326,-0.0029218021077738326,-0.0029218021077738326,-0.003797939732651855,-0.003797939732651855,-0.003797939732651855,-0.003797939732651855,-0.003797939732651855,-0.003797939732651855,0.0024068290421204973,0.0024068290421204973,0.0024068290421204973,-0.0038499966992365476,-0.0038499966992365476,-0.0038499966992365476,-3.4750406005299914e-05,-3.4750406005299914e-05,-3.4750406005299914e-05,-0.00011644246951871877,-0.00011644246951871877,-0.00011644246951871877,0.0018841914216458562,0.0018841914216458562,0.0018841914216458562,-0.0009281945914627144,-0.0009281945914627144,-0.0009281945914627144,0.0,0.0,0.0,1.433894472143216
2025-03-24 00:00:00,1.4384168930264456,1.4266665528716238,1.437277406433643,1.4384168930264456,1.4384168930264456,0.00021835670541867446,0.00021835670541867446,0.00021835670541867446,-0.003235178707817895,-0.003235178707817895,-0.003235178707817895,-0.003797939732651855,-0.003797939732651855,-0.003797939732651855,-0.003797939732651855,-0.003797939732651855,-0.003797939732651855,0.0032390982264183443,0.0032390982264183443,0.0032390982264183443,-0.004427358457640203,-0.004427358457640203,-0.004427358457640203,-3.4750406005299914e-05,-3.4750406005299914e-05,-3.4750406005299914e-05,9.600076470085371e-05,9.600076470085371e-05,9.600076470085371e-05,0.0008419954669532428,0.0008419954669532428,0.0008419954669532428,-0.0011921797498223078,-0.0011921797498223078,-0.0011921797498223078,0.0,0.0,0.0,1.4320485058294925
2025-03-25 00:00:00,1.438077091737695,1.4264013274390228,1.435674954827877,1.438077091737695,1.438077091737695,-0.00035086292684564826,-0.00035086292684564826,-0.00035086292684564826,-0.004746587325084554,-0.004746587325084554,-0.004746587325084554,-0.003797939732651855,-0.003797939732651855,-0.003797939732651855,-0.003797939732651855,-0.003797939732651855,-0.003797939732651855,0.0029234559393684547,0.0029234559393684547,0.0029234559393684547,-0.00461604602820742,-0.00461604602820742,-0.00461604602820742,-3.4750406005299914e-05,-3.4750406005299914e-05,-3.4750406005299914e-05,0.00013266967428007101,0.00013266967428007101,0.00013266967428007101,0.00017877985942157934,0.00017877985942157934,0.00017877985942157934,0.0001305412968771332,0.0001305412968771332,0.0001305412968771332,0.0,0.0,0.0,1.4314388616901232
2025-03-26 00:00:00,1.4377372904489445,1.4228593175682884,1.4339434128148383,1.4377372904489445,1.4377372904489445,-0.0004914485660504931,-0.0004914485660504931,-0.0004914485660504931,-0.006016899908587797,-0.006016899908587797,-0.006016899908587797,-0.003797939732651855,-0.003797939732651855,-0.003797939732651855,-0.003797939732651855,-0.003797939732651855,-0.003797939732651855,0.0019329370002906536,0.0019329370002906536,0.0019329370002906536,-0.006148345210955217,-0.006148345210955217,-0.006148345210955217,-3.4750406005299914e-05,-3.4750406005299914e-05,-3.4750406005299914e-05,0.00027769692943018686,0.00027769692943018686,0.00027769692943018686,-0.00010545540094913378,-0.00010545540094913378,-0.00010545540094913378,-0.0001314453023674207,-0.0001314453023674207,-0.0001314453023674207,0.0,0.0,0.0,1.428897585264601
2025-03-27 00:00:00,1.437397489160194,1.4215268528104714,1.4323791285809837,1.437397489160194,1.437397489160194,-9.75363584501945e-05,-9.75363584501945e-05,-9.75363584501945e-05,-0.006411903687133545,-0.006411903687133545,-0.006411903687133545,-0.003797939732651855,-0.003797939732651855,-0.003797939732651855,-0.003797939732651855,-0.003797939732651855,-0.003797939732651855,0.0011076165537344668,0.0011076165537344668,0.0011076165537344668,-0.006820269237137336,-0.006820269237137336,-0.006820269237137336,-3.4750406005299914e-05,-3.4750406005299914e-05,-3.4750406005299914e-05,0.0002193563030500891,0.0002193563030500891,0.0002193563030500891,-1.071031415889607e-05,-1.071031415889607e-05,-1.071031415889607e-05,-0.0004083655500037906,-0.0004083655500037906,-0.0004083655500037906,0.0,0.0,0.0,1.4275940512833363
2025-03-28 00:00:00,1.4357123567936347,1.4197833190561406,1.4305091596009716,1.4357123567936347,1.4357123567936347,0.0005342497692875433,0.0005342497692875433,0.0005342497692875433,-0.006000203428081812,-0.006000203428081812,-0.006000203428081812,-0.003797939732651855,-0.003797939732651855,-0.003797939732651855,-0.003797939732651855,-0.003797939732651855,-0.003797939732651855,0.0009462415165735455,0.0009462415165735455,0.0009462415165735455,-0.006928398019534922,-0.006928398019534922,-0.006928398019534922,-3.4750406005299914e-05,-3.4750406005299914e-05,-3.4750406005299914e-05,0.00025539055831524357,0.00025539055831524357,0.00025539055831524357,-0.00010545540094913378,-0.00010545540094913378,-0.00010545540094913378,-0.0009281945914531093,-0.0009281945914531093,-0.0009281945914531093,0.0,0.0,0.0,1.4257651701442038
2025-03-30 23:00:00,1.4307271735425642,1.4264279809318432,1.436938636996773,1.4307271735425642,1.4307271735425642,0.0007875763376829974,0.0007875763376829974,0.0007875763376829974,0.001237393083557244,0.001237393083557244,0.001237393083557244,0.0011652769634272742,0.0011652769634272742,0.0011652769634272742,0.0011652769634272755,0.0011652769634272755,0.0011652769634272755,-0.00020695825860937532,-0.00020695825860937532,-0.00020695825860937532,0.0001671931488389125,0.0001671931488389125,0.0001671931488389125,-3.4750406005299914e-05,-3.4750406005299914e-05,-3.4750406005299914e-05,0.000835054054339447,0.000835054054339447,0.000835054054339447,-0.0024740825707050746,-0.0024740825707050746,-0.0024740825707050746,-0.0010701999347183318,-0.0010701999347183318,-0.0010701999347183318,0.0,0.0,0.0,1.4309663813238382
2025-03-31 23:00:00,1.429042041176005,1.4243772775698935,1.4350621699281885,1.429042041176005,1.429042041176005,0.00021835670541867446,0.00021835670541867446,0.00021835670541867446,0.0007152362655256745,0.0007152362655256745,0.0007152362655256745,0.0011652769634272742,0.0011652769634272742,0.0011652769634272742,0.0011652769634272755,0.0011652769634272755,0.0011652769634272755,-0.00015736194262699595,-0.00015736194262699595,-0.00015736194262699595,0.0007292031633173472,0.0007292031633173472,0.0007292031633173472,-3.4750406005299914e-05,-3.4750406005299914e-05,-3.4750406005299914e-05,0.0008325205525898207,0.0008325205525898207,0.0008325205525898207,-0.0024740825707050746,-0.0024740825707050746,-0.0024740825707050746,1.3966897791672732e-05,1.3966897791672732e-05,1.3966897791672732e-05,0.0,0.0,0.0,1.4300841031529439
2025-04-01 23:00:00,1.4273569088094458,1.4254375295264305,1.437631046570645,1.4273569088094458,1.4273569088094458,-0.00035086292684564826,-0.00035086292684564826,-0.00035086292684564826,0.0027893603197536804,0.0027893603197536804,0.0027893603197536804,0.0011652769634272742,0.0011652769634272742,0.0011652769634272742,0.0011652769634272755,0.0011652769634272755,0.0011652769634272755,0.00024470721324663475,0.00024470721324663475,0.00024470721324663475,0.002750024697957721,0.002750024697957721,0.002750024697957721,0.001963397939299445,0.001963397939299445,0.001963397939299445,0.0006019213039525849,0.0006019213039525849,0.0006019213039525849,-0.002000357136753886,-0.002000357136753886,-0.002000357136753886,-3.9335621795959e-05,-3.9335621795959e-05,-3.9335621795959e-05,0.0,0.0,0.0,1.4312821755614724
2025-04-02 23:00:00,1.4248313066387832,1.4162514147393566,1.4277969658405523,1.4248313066387832,1.4248313066387832,-0.0004914485660504931,-0.0004914485660504931,-0.0004914485660504931,-0.0014784540922971891,-0.0014784540922971891,-0.0014784540922971891,0.0011652769634272742,0.0011652769634272742,0.0011652769634272742,0.0011652769634272755,0.0011652769634272755,0.0011652769634272755,0.00016804359746886284,0.00016804359746886284,0.00016804359746886284,-0.0019422552397433757,-0.0019422552397433757,-0.0019422552397433757,-0.0020328987513100446,-0.0020328987513100446,-0.0020328987513100446,0.000547652837493822,0.000547652837493822,0.000547652837493822,-0.002000357136753886,-0.002000357136753886,-0.002000357136753886,-0.00046380114744618657,-0.00046380114744618657,-0.00046380114744618657,0.0,0.0,0.0,1.4220639205677137
2025-04-03 23:00:00,1.4223057044681207,1.4137245951611361,1.4246048996872138,1.4223057044681207,1.4223057044681207,-9.75363584501945e-05,-9.75363584501945e-05,-9.75363584501945e-05,-0.0011152541477511507,-0.0011152541477511507,-0.0011152541477511507,0.0011652769634272742,0.0011652769634272742,0.0011652769634272742,0.0011652769634272755,0.0011652769634272755,0.0011652769634272755,-4.5422934447667593e-05,-4.5422934447667593e-05,-4.5422934447667593e-05,-0.0019486116747322393,-0.0019486116747322393,-0.0019486116747322393,-0.0020328987513100446,-0.0020328987513100446,-0.0020328987513100446,0.0004461718459853796,0.0004461718459853796,0.0004461718459853796,-0.0017161218763831732,-0.0017161218763831732,-0.0017161218763831732,-0.0008333575269810887,-0.0008333575269810887,-0.0008333575269810887,0.0,0.0,0.0,1.4195341829673558
2025-04-06 23:00:00,1.414728897956133,1.4111217161397491,1.4211734730570709,1.414728897956133,1.414728897956133,0.0007875763376829974,0.0007875763376829974,0.0007875763376829974,0.0021086501996169654,0.0021086501996169654,0.0021086501996169654,0.0011652769634272742,0.0011652769634272742,0.0011652769634272742,0.0011652769634272755,0.0011652769634272755,0.0011652769634272755,-0.0011280041305954849,-0.0011280041305954849,-0.0011280041305954849,0.0010384502648949972,0.0010384502648949972,0.0010384502648949972,-0.0020328987513100446,-0.0020328987513100446,-0.0020328987513100446,-0.00020649403861209618,-0.00020649403861209618,-0.00020649403861209618,0.0023579168555970444,0.0023579168555970444,0.0023579168555970444,-0.001070199934721969,-0.001070199934721969,-0.001070199934721969,0.0,0.0,0.0,1.4161980235549703
2025-04-07 23:00:00,1.4122032957854702,1.416995993941101,1.4271676330556915,1.4122032957854702,1.4122032957854702,0.00021835670541867446,0.00021835670541867446,0.00021835670541867446,0.0073301791858834614,0.0073301791858834614,0.0073301791858834614,0.0011652769634272742,0.0011652769634272742,0.0011652769634272742,0.0011652769634272755,0.0011652769634272755,0.0011652769634272755,-0.0001121723992330473,-0.0001121723992330473,-0.0001121723992330473,0.007344146083674335,0.007344146083674335,0.007344146083674335,0.001963397939299445,0.001963397939299445,0.001963397939299445,-0.0010385403174872447,-0.0010385403174872447,-0.0010385403174872447,0.003968583331031085,0.003968583331031085,0.003968583331031085,1.3966897790873892e-05,1.3966897790873892e-05,1.3966897790873892e-05,0.0,0.0,0.0,1.422574723089565
2025-04-08 23:00:00,1.4094390194939406,1.4092318895798617,1.4212062116079685,1.4094390194939406,1.4094390194939406,-0.00035086292684564826,-0.00035086292684564826,-0.00035086292684564826,0.004076321768269168,0.004076321768269168,0.004076321768269168,0.0011652769634272742,0.0011652769634272742,0.0011652769634272742,0.0011652769634272755,0.0011652769634272755,0.0011652769634272755,-0.000863663231354799,-0.000863663231354799,-0.000863663231354799,0.004036986146467663,0.004036986146467663,0.004036986146467663,-3.4750406005299914e-05,-3.4750406005299914e-05,-3.4750406005299914e-05,-0.0008787938386204815,-0.0008787938386204815,-0.0008787938386204815,0.003873838244240847,0.003873838244240847,0.003873838244240847,-3.933562180150426e-05,-3.933562180150426e-05,-3.933562180150426e-05,0.0,0.0,0.0,1.4151289052899287
2025-04-09 23:00:00,1.406674743202411,1.4061192747640905,1.4180553514176613,1.406674743202411,1.406674743202411,-0.0004914485660504931,-0.0004914485660504931,-0.0004914485660504931,0.00406326641910924,0.00406326641910924,0.00406326641910924,0.0011652769634272742,0.0011652769634272742,0.0011652769634272742,0.0011652769634272755,0.0011652769634272755,0.0011652769634272755,-0.0007200328364581275,-0.0007200328364581275,-0.0007200328364581275,0.003599465271668165,0.003599465271668165,0.003599465271668165,-3.4750406005299914e-05,-3.4750406005299914e-05,-3.4750406005299914e-05,-0.0008948939434722367,-0.0008948939434722367,-0.0008948939434722367,0.003873838244240847,0.003873838244240847,0.003873838244240847,-0.00046380114744107336,-0.00046380114744107336,-0.00046380114744107336,0.0,0.0,0.0,1.4117380200891008
2025-04-10 23:00:00,1.4039104669108813,1.3985617083992752,1.4085225522067606,1.4039104669108813,1.4039104669108813,-9.75363584501945e-05,-9.75363584501945e-05,-9.75363584501945e-05,0.0009717155753432485,0.0009717155753432485,0.0009717155753432485,0.0011652769634272742,0.0011652769634272742,0.0011652769634272742,0.0011652769634272755,0.0011652769634272755,0.0011652769634272755,-0.001720107502862644,-0.001720107502862644,-0.001720107502862644,0.00013835804836261675,0.00013835804836261675,0.00013835804836261675,-0.0020328987513100446,-0.0020328987513100446,-0.0020328987513100446,-0.0014768790699195022,-0.0014768790699195022,-0.0014768790699195022,0.003968583331031085,0.003968583331031085,0.003968583331031085,-0.0008333575269806319,-0.0008333575269806319,-0.0008333575269806319,0.0,0.0,0.0,1.404104709223159
2025-04-13 23:00:00,1.395617638072563,1.386537746594702,1.3979144210915238,1.395617638072563,1.395617638072563,0.0007875763376829974,0.0007875763376829974,0.0007875763376829974,-0.0010516586441861905,-0.0010516586441861905,-0.0010516586441861905,0.0011652769634272742,0.0011652769634272742,0.0011652769634272742,0.0011652769634272755,0.0011652769634272755,0.0011652769634272755,-0.0043526609220275,-0.0043526609220275,-0.0043526609220275,-0.0021218585789064422,-0.0021218585789064422,-0.0021218585789064422,-0.0020328987513100446,-0.0020328987513100446,-0.0020328987513100446,-0.0018475576532075153,-0.0018475576532075153,-0.0018475576532075153,0.004063328417821322,0.004063328417821322,0.004063328417821322,-0.0010701999347202523,-0.0010701999347202523,-0.0010701999347202523,0.0,0.0,0.0,1.3926563348143455
2025-04-14 23:00:00,1.3928533617931234,1.3840022253590696,1.394657989047211,1.3928533617931234,1.3928533617931234,0.00021835670541867446,0.00021835670541867446,0.00021835670541867446,-0.001963447412935436,-0.001963447412935436,-0.001963447412935436,0.0011652769634272742,0.0011652769634272742,0.0011652769634272742,0.0011652769634272755,0.0011652769634272755,0.0011652769634272755,-0.004631723756110694,-0.004631723756110694,-0.004631723756110694,-0.001949480515139534,-0.001949480515139534,-0.001949480515139534,-0.0020328987513100446,-0.0020328987513100446,-0.0020328987513100446,-0.001911063955609244,-0.001911063955609244,-0.001911063955609244,0.004063328417821322,0.004063328417821322,0.004063328417821322,1.3966897795900796e-05,1.3966897795900796e-05,1.3966897795900796e-05,0.0,0.0,0.0,1.390138021303861
2025-04-15 23:00:00,1.390089085513684,1.3852847810261495,1.3966484946941067,1.390089085513684,1.390089085513684,-0.00035086292684564826,-0.00035086292684564826,-0.00035086292684564826,0.0006029381529701574,0.0006029381529701574,0.0006029381529701574,0.0011652769634272742,0.0011652769634272742,0.0011652769634272742,0.0011652769634272755,0.0011652769634272755,0.0011652769634272755,-0.0034064662868716874,-0.0034064662868716874,-0.0034064662868716874,0.0005636025311709284,0.0005636025311709284,0.0005636025311709284,-3.4750406005299914e-05,-3.4750406005299914e-05,-3.4750406005299914e-05,-0.001904119485192841,-0.001904119485192841,-0.001904119485192841,0.003968583331031085,0.003968583331031085,0.003968583331031085,-3.93356217992282e-05,-3.93356217992282e-05,-3.93356217992282e-05,0.0,0.0,0.0,1.3908725432408324
2025-04-16 23:00:00,1.3873248092342447,1.3849398748762678,1.396608784768668,1.3873248092342447,1.3873248092342447,-0.0004914485660504931,-0.0004914485660504931,-0.0004914485660504931,0.00304457370644133,0.00304457370644133,0.00304457370644133,0.0011652769634272742,0.0011652769634272742,0.0011652769634272742,0.0011652769634272755,0.0011652769634272755,0.0011652769634272755,-0.0027461610491343225,-0.0027461610491343225,-0.0027461610491343225,0.002580772559005369,0.002580772559005369,0.002580772559005369,0.001963397939299445,0.001963397939299445,0.001963397939299445,-0.0020750969623491715,-0.0020750969623491715,-0.0020750969623491715,0.004063328417821322,0.004063328417821322,0.004063328417821322,-0.0004638011474359602,-0.0004638011474359602,-0.0004638011474359602,0.0,0.0,0.0,1.390905179032344
2025-04-21 23:00:00,1.3863368186147247,1.3787015279022221,1.388180621834077,1.3863368186147247,1.3863368186147247,0.00021835670541867446,0.00021835670541867446,0.00021835670541867446,-0.0018402002185906213,-0.0018402002185906213,-0.0018402002185906213,0.0011652769634272742,0.0011652769634272742,0.0011652769634272742,0.0011652769634272755,0.0011652769634272755,0.0011652769634272755,-0.004197211430713496,-0.004197211430713496,-0.004197211430713496,-0.0018262333207984232,-0.0018262333207984232,-0.0018262333207984232,-0.0020328987513100446,-0.0020328987513100446,-0.0020328987513100446,-0.0022223290866616257,-0.0022223290866616257,-0.0022223290866616257,0.004063328417821322,0.004063328417821322,0.004063328417821322,1.396689779219792e-05,1.396689779219792e-05,1.396689779219792e-05,0.0,0.0,0.0,1.3838050441227208
2025-04-22 23:00:00,1.3861392204908207,1.3799503700593907,1.3895355939191056,1.3861392204908207,1.3861392204908207,-0.00035086292684564826,-0.00035086292684564826,-0.00035086292684564826,-0.0008470389559371501,-0.0008470389559371501,-0.0008470389559371501,0.0011652769634272742,0.0011652769634272742,0.0011652769634272742,0.0011652769634272755,0.0011652769634272755,0.0011652769634272755,-0.004561242539590418,-0.004561242539590418,-0.004561242539590418,-0.0008863745777341023,-0.0008863745777341023,-0.0008863745777341023,-3.4750406005299914e-05,-3.4750406005299914e-05,-3.4750406005299914e-05,-0.0021993203413814178,-0.0021993203413814178,-0.0021993203413814178,0.003968583331031085,0.003968583331031085,0.003968583331031085,-3.9335621796952294e-05,-3.9335621796952294e-05,-3.9335621796952294e-05,0.0,0.0,0.0,1.3849105819245775
2025-04-23 23:00:00,1.3859416223669168,1.3791202840992753,1.3895774156251484,1.3859416223669168,1.3859416223669168,-0.0004914485660504931,-0.0004914485660504931,-0.0004914485660504931,-0.0009552813986484385,-0.0009552813986484385,-0.0009552813986484385,0.0011652769634272742,0.0011652769634272742,0.0011652769634272742,0.0011652769634272755,0.0011652769634272755,0.0011652769634272755,-0.0045217140805413085,-0.0045217140805413085,-0.0045217140805413085,-0.00141908254609582,-0.00141908254609582,-0.00141908254609582,-3.4750406005299914e-05,-3.4750406005299914e-05,-3.4750406005299914e-05,-0.002206505603936971,-0.002206505603936971,-0.002206505603936971,0.003968583331031085,0.003968583331031085,0.003968583331031085,-0.00046380114744738174,-0.00046380114744738174,-0.00046380114744738174,0.0,0.0,0.0,1.3839748568007082
2025-04-24 23:00:00,1.3857440242430128,1.3797490436567872,1.3892524563497048,1.3857440242430128,1.3857440242430128,-9.75363584501945e-05,-9.75363584501945e-05,-9.75363584501945e-05,-4.0016907561892315e-06,-4.0016907561892315e-06,-4.0016907561892315e-06,0.0011652769634272742,0.0011652769634272742,0.0011652769634272742,0.0011652769634272755,0.0011652769634272755,0.0011652769634272755,-0.003980625003339776,-0.003980625003339776,-0.003980625003339776,-0.0008373592177330878,-0.0008373592177330878,-0.0008373592177330878,-3.4750406005299914e-05,-3.4750406005299914e-05,-3.4750406005299914e-05,-0.00228497226763679,-0.00228497226763679,-0.00228497226763679,0.004063328417821322,0.004063328417821322,0.004063328417821322,-0.0008333575269768983,-0.0008333575269768983,-0.0008333575269768983,0.0,0.0,0.0,1.3845836587108944
2025-04-27 23:00:00,1.385151229301225,1.380262644592678,1.3912585981526102,1.385151229301225,1.385151229301225,0.0007875763376829974,0.0007875763376829974,0.0007875763376829974,0.0011217946008842358,0.0011217946008842358,0.0011217946008842358,0.0011652769634272742,0.0011652769634272742,0.0011652769634272742,0.0011652769634272755,0.0011652769634272755,0.0011652769634272755,-0.0036585357820752592,-0.0036585357820752592,-0.0036585357820752592,5.159466615671038e-05,5.159466615671038e-05,5.159466615671038e-05,-3.4750406005299914e-05,-3.4750406005299914e-05,-3.4750406005299914e-05,-0.0022716328066038367,-0.0022716328066038367,-0.0022716328066038367,0.003968583331031085,0.003968583331031085,0.003968583331031085,-0.0010701999347275263,-0.0010701999347275263,-0.0010701999347275263,0.0,0.0,0.0,1.3852226957164773
2025-04-28 23:00:00,1.3849536309872956,1.3811726241594888,1.3916257581521487,1.3849536309872956,1.3849536309872956,0.00021835670541867446,0.00021835670541867446,0.00021835670541867446,0.000371091130534151,0.000371091130534151,0.000371091130534151,0.0011652769634272742,0.0011652769634272742,0.0011652769634272742,0.0011652769634272755,0.0011652769634272755,0.0011652769634272755,-0.003766080873336235,-0.003766080873336235,-0.003766080873336235,0.0003850580283313763,0.0003850580283313763,0.0003850580283313763,-3.4750406005299914e-05,-3.4750406005299914e-05,-3.4750406005299914e-05,-0.002250826466638385,-0.002250826466638385,-0.002250826466638385,0.003873838244240847,0.003873838244240847,0.003873838244240847,1.3966897797225149e-05,1.3966897797225149e-05,1.3966897797225149e-05,0.0,0.0,0.0,1.385486918501774
2025-04-29 23:00:00,1.384756032673366,1.3776157546478467,1.3881865256042822,1.384756032673366,1.384756032673366,-0.00035086292684564826,-0.00035086292684564826,-0.00035086292684564826,-0.000929535253780719,-0.000929535253780719,-0.000929535253780719,0.0011652769634272742,0.0011652769634272742,0.0011652769634272742,0.0011652769634272755,0.0011652769634272755,0.0011652769634272755,-0.004429119956537308,-0.004429119956537308,-0.004429119956537308,-0.0009688708755781239,-0.0009688708755781239,-0.0009688708755781239,-3.4750406005299914e-05,-3.4750406005299914e-05,-3.4750406005299914e-05,-0.0022244490486976218,-0.0022244490486976218,-0.0022244490486976218,0.0037790931574506093,0.0037790931574506093,0.0037790931574506093,-3.933562179740533e-05,-3.933562179740533e-05,-3.933562179740533e-05,0.0,0.0,0.0,1.3834143828835277
2025-04-30 23:00:00,1.384572426264298,1.376960790121105,1.3873455016025935,1.384572426264298,1.384572426264298,-0.0004914485660504931,-0.0004914485660504931,-0.0004914485660504931,-0.0013134885123497414,-0.0013134885123497414,-0.0013134885123497414,0.0011652769634272742,0.0011652769634272742,0.0011652769634272742,0.0011652769634272755,0.0011652769634272755,0.0011652769634272755,-0.004490121468173146,-0.004490121468173146,-0.004490121468173146,-0.0017772896597920097,-0.0017772896597920097,-0.0017772896597920097,-3.4750406005299914e-05,-3.4750406005299914e-05,-3.4750406005299914e-05,-0.0022173249828454865,-0.0022173249828454865,-0.0022173249828454865,0.003589602983870134,0.003589602983870134,0.003589602983870134,-0.0004638011474422686,-0.0004638011474422686,-0.0004638011474422686,0.0,0.0,0.0,1.3821116400078655
2025-05-01 23:00:00,1.38438881985523,1.3737907285166213,1.3840006151678195,1.38438881985523,1.38438881985523,-9.75363584501945e-05,-9.75363584501945e-05,-9.75363584501945e-05,-0.002581918416612773,-0.002581918416612773,-0.002581918416612773,0.0011652769634272742,0.0011652769634272742,0.0011652769634272742,0.0011652769634272755,0.0011652769634272755,0.0011652769634272755,-0.005951272535670706,-0.005951272535670706,-0.005951272535670706,-0.003415275943594881,-0.003415275943594881,-0.003415275943594881,-3.4750406005299914e-05,-3.4750406005299914e-05,-3.4750406005299914e-05,-0.0018500455064698299,-0.0018500455064698299,-0.0018500455064698299,0.003021132463128708,0.003021132463128708,0.003021132463128708,-0.0008333575269821076,-0.0008333575269821076,-0.0008333575269821076,0.0,0.0,0.0,1.3796607500221967
2025-05-04 23:00:00,1.383838000628026,1.3802791691287117,1.3902043387827145,1.383838000628026,1.383838000628026,0.0007875763376829974,0.0007875763376829974,0.0007875763376829974,0.002333061592019007,0.002333061592019007,0.002333061592019007,0.0011652769634272742,0.0011652769634272742,0.0011652769634272742,0.0011652769634272755,0.0011652769634272755,0.0011652769634272755,-0.004040129705795726,-0.004040129705795726,-0.004040129705795726,0.0012628616572931983,0.0012628616572931983,0.0012628616572931983,0.001963397939299445,0.001963397939299445,0.001963397939299445,-0.0019189595427314425,-0.0019189595427314425,-0.0019189595427314425,0.003210622636709183,0.003210622636709183,0.003210622636709183,-0.0010701999347258093,-0.0010701999347258093,-0.0010701999347258093,0.0,0.0,0.0,1.3855855965789243
2025-05-05 23:00:00,1.3836543942189583,1.3792603068200144,1.3889574538429275,1.3836543942189583,1.3836543942189583,0.00021835670541867446,0.00021835670541867446,0.00021835670541867446,3.1872605128614544e-06,3.1872605128614544e-06,3.1872605128614544e-06,0.0011652769634272742,0.0011652769634272742,0.0011652769634272742,0.0011652769634272755,0.0011652769634272755,0.0011652769634272755,-0.003423529430060695,-0.003423529430060695,-0.003423529430060695,1.7154158303461802e-05,1.7154158303461802e-05,1.7154158303461802e-05,-3.4750406005299914e-05,-3.4750406005299914e-05,-3.4750406005299914e-05,-0.0018243407384523627,-0.0018243407384523627,-0.0018243407384523627,0.0027368972027579956,0.0027368972027579956,0.0027368972027579956,1.3966897790600023e-05,1.3966897790600023e-05,1.3966897790600023e-05,0.0,0.0,0.0,1.3836781296454739
2025-05-06 23:00:00,1.3846880104379102,1.3811467137787694,1.3919498039677474,1.3846880104379102,1.3846880104379102,-0.00035086292684564826,-0.00035086292684564826,-0.00035086292684564826,0.001273431378317699,0.001273431378317699,0.001273431378317699,0.0011652769634272742,0.0011652769634272742,0.0011652769634272742,0.0011652769634272755,0.0011652769634272755,0.0011652769634272755,-0.0017692944880391107,-0.0017692944880391107,-0.0017692944880391107,0.0012340957565225691,0.0012340957565225691,0.0012340957565225691,-3.4750406005299914e-05,-3.4750406005299914e-05,-3.4750406005299914e-05,-0.001354876670034074,-0.001354876670034074,-0.001354876670034074,0.0024526619423872824,0.0024526619423872824,0.0024526619423872824,-3.933562179512959e-05,-3.933562179512959e-05,-3.933562179512959e-05,0.0,0.0,0.0,1.3863968480356994
2025-05-07 23:00:00,1.3857216266568624,1.3743737016052433,1.3860399142570607,1.3857216266568624,1.3857216266568624,-0.0004914485660504931,-0.0004914485660504931,-0.0004914485660504931,-0.0036432433517501078,-0.0036432433517501078,-0.0036432433517501078,0.0011652769634272742,0.0011652769634272742,0.0011652769634272742,0.0011652769634272755,0.0011652769634272755,0.0011652769634272755,-0.004409924780750672,-0.004409924780750672,-0.004409924780750672,-0.004107044499188524,-0.004107044499188524,-0.004107044499188524,-0.0020328987513100446,-0.0020328987513100446,-0.0020328987513100446,-0.00016575590781740235,-0.00016575590781740235,-0.00016575590781740235,0.0011262307273239554,0.0011262307273239554,0.0011262307273239554,-0.0004638011474384162,-0.0004638011474384162,-0.0004638011474384162,0.0,0.0,0.0,1.3800304062726947
2025-05-08 23:00:00,1.3867552428758143,1.3839729668186043,1.3948173327821431,1.3867552428758143,1.3867552428758143,-9.75363584501945e-05,-9.75363584501945e-05,-9.75363584501945e-05,0.001959411470816726,0.001959411470816726,0.001959411470816726,0.0011652769634272742,0.0011652769634272742,0.0011652769634272742,0.0011652769634272755,0.0011652769634272755,0.0011652769634272755,-0.0035502972486945437,-0.0035502972486945437,-0.0035502972486945437,0.0011260539438294095,0.0011260539438294095,0.0011260539438294095,0.001963397939299445,0.001963397939299445,0.001963397939299445,-0.0004761531230481491,-0.0004761531230481491,-0.0004761531230481491,0.0017894463348556192,0.0017894463348556192,0.0017894463348556192,-0.000833357526987317,-0.000833357526987317,-0.000833357526987317,0.0,0.0,0.0,1.3883168040861806
2025-05-11 23:00:00,1.3898560915326703,1.3887835547608525,1.3996011444726106,1.3898560915326703,1.3898560915326703,0.0007875763376829974,0.0007875763376829974,0.0007875763376829974,0.003835405978025647,0.003835405978025647,0.003835405978025647,0.0011652769634272742,0.0011652769634272742,0.0011652769634272742,0.0011652769634272755,0.0011652769634272755,0.0011652769634272755,-0.0025998257382789432,-0.0025998257382789432,-0.0025998257382789432,0.002765206043296202,0.002765206043296202,0.002765206043296202,0.001963397939299445,0.001963397939299445,0.001963397939299445,-0.0009094682563392082,-0.0009094682563392082,-0.0009094682563392082,0.002263171768806807,0.002263171768806807,0.002263171768806807,-0.0010701999347294462,-0.0010701999347294462,-0.0010701999347294462,0.0,0.0,0.0,1.3936993299962883
2025-05-12 23:00:00,1.3908897079796032,1.388596387899844,1.3990905181925564,1.3908897079796032,1.3908897079796032,0.00021835670541867446,0.00021835670541867446,0.00021835670541867446,0.002449500469987289,0.002449500469987289,0.002449500469987289,0.0011652769634272742,0.0011652769634272742,0.0011652769634272742,0.0011652769634272755,0.0011652769634272755,0.0011652769634272755,-0.000753177682728657,-0.000753177682728657,-0.000753177682728657,0.0024634673677829165,0.0024634673677829165,0.0024634673677829165,-3.4750406005299914e-05,-3.4750406005299914e-05,-3.4750406005299914e-05,-0.0001534775405052208,-0.0001534775405052208,-0.0001534775405052208,0.0008419954669532428,0.0008419954669532428,0.0008419954669532428,1.3966897795627251e-05,1.3966897795627251e-05,1.3966897795627251e-05,0.0,0.0,0.0,1.3943161193873963
2025-05-13 23:00:00,1.3919233244265363,1.390257338486941,1.401223640416195,1.3919233244265363,1.3919233244265363,-0.00035086292684564826,-0.00035086292684564826,-0.00035086292684564826,0.0033367570233885663,0.0033367570233885663,0.0033367570233885663,0.0011652769634272742,0.0011652769634272742,0.0011652769634272742,0.0011652769634272755,0.0011652769634272755,0.0011652769634272755,0.0017300142332299093,0.0017300142332299093,0.0017300142332299093,0.0032974214015957133,0.0032974214015957133,0.0032974214015957133,0.001963397939299445,0.001963397939299445,0.001963397939299445,0.0007062069422968112,0.0007062069422968112,0.0007062069422968112,-0.0030425530914465005,-0.0030425530914465005,-0.0030425530914465005,-3.933562179285352e-05,-3.933562179285352e-05,-3.933562179285352e-05,0.0,0.0,0.0,1.3965130821858807
2025-05-14 23:00:00,1.3929569408734694,1.3890149719753173,1.3994526282852255,1.3929569408734694,1.3929569408734694,-0.0004914485660504931,-0.0004914485660504931,-0.0004914485660504931,0.001673896129910187,0.001673896129910187,0.001673896129910187,0.0011652769634272742,0.0011652769634272742,0.0011652769634272742,0.0011652769634272755,0.0011652769634272755,0.0011652769634272755,0.002166388482965552,0.002166388482965552,0.002166388482965552,0.0012100949824768838,0.0012100949824768838,0.0012100949824768838,-3.4750406005299914e-05,-3.4750406005299914e-05,-3.4750406005299914e-05,0.0009351959571728539,0.0009351959571728539,0.0009351959571728539,-0.003232043265026975,-0.003232043265026975,-0.003232043265026975,-0.0004638011474333031,-0.0004638011474333031,-0.0004638011474333031,0.0,0.0,0.0,1.3946425510784268
2025-05-15 23:00:00,1.3918412448456152,1.3885377987858143,1.398721060655553,1.3918412448456152,1.3918412448456152,-9.75363584501945e-05,-9.75363584501945e-05,-9.75363584501945e-05,0.0023479209145870726,0.0023479209145870726,0.0023479209145870726,0.0011652769634272742,0.0011652769634272742,0.0011652769634272742,0.0011652769634272755,0.0011652769634272755,0.0011652769634272755,0.0024261785511118304,0.0024261785511118304,0.0024261785511118304,0.0015145633876086995,0.0015145633876086995,0.0015145633876086995,-3.4750406005299914e-05,-3.4750406005299914e-05,-3.4750406005299914e-05,0.0008607733793129255,0.0008607733793129255,0.0008607733793129255,-0.003137298178236738,-0.003137298178236738,-0.003137298178236738,-0.0008333575269783738,-0.0008333575269783738,-0.0008333575269783738,0.0,0.0,0.0,1.3939492766364223
2025-05-18 23:00:00,1.3884941567620521,1.3838444513191068,1.3951434570829613,1.3884941567620521,1.3884941567620521,0.0007875763376829974,0.0007875763376829974,0.0007875763376829974,0.0022497859372427845,0.0022497859372427845,0.0022497859372427845,0.0011652769634272742,0.0011652769634272742,0.0011652769634272742,0.0011652769634272755,0.0011652769634272755,0.0011652769634272755,0.0014096706909599022,0.0014096706909599022,0.0014096706909599022,0.0011795860025210214,0.0011795860025210214,0.0011795860025210214,-3.4750406005299914e-05,-3.4750406005299914e-05,-3.4750406005299914e-05,0.0009887786527776102,0.0009887786527776102,0.0009887786527776102,-0.003232043265026975,-0.003232043265026975,-0.003232043265026975,-0.0010701999347217626,-0.0010701999347217626,-0.0010701999347217626,0.0,0.0,0.0,1.3901320050339507
2025-05-19 23:00:00,1.3873784607341977,1.3870537745651212,1.3968534216815915,1.3873784607341977,1.3873784607341977,0.00021835670541867446,0.00021835670541867446,0.00021835670541867446,0.0032607439264813274,0.0032607439264813274,0.0032607439264813274,0.0011652769634272742,0.0011652769634272742,0.0011652769634272742,0.0011652769634272755,0.0011652769634272755,0.0011652769634272755,0.002597111433980479,0.002597111433980479,0.002597111433980479,0.003274710824281982,0.003274710824281982,0.003274710824281982,-3.4750406005299914e-05,-3.4750406005299914e-05,-3.4750406005299914e-05,0.0015710057048403756,0.0015710057048403756,0.0015710057048403756,-0.0034215334386074507,-0.0034215334386074507,-0.0034215334386074507,1.3966897800654263e-05,1.3966897800654263e-05,1.3966897800654263e-05,0.0,0.0,0.0,1.3919217239969395
2025-05-20 23:00:00,1.386262764706343,1.3863418337965505,1.3944041364823634,1.386262764706343,1.386262764706343,-0.00035086292684564826,-0.00035086292684564826,-0.00035086292684564826,0.0031254397727344656,0.0031254397727344656,0.0031254397727344656,0.0011652769634272742,0.0011652769634272742,0.0011652769634272742,0.0011652769634272755,0.0011652769634272755,0.0011652769634272755,0.002969805529971885,0.002969805529971885,0.002969805529971885,0.003086104150936067,0.003086104150936067,0.003086104150936067,-3.4750406005299914e-05,-3.4750406005299914e-05,-3.4750406005299914e-05,0.00163222708736643,0.00163222708736643,0.00163222708736643,-0.0034215334386074507,-0.0034215334386074507,-0.0034215334386074507,-3.933562179839884e-05,-3.933562179839884e-05,-3.933562179839884e-05,0.0,0.0,0.0,1.3905409159787914
2025-05-21 23:00:00,1.3850408386003124,1.3807800822199814,1.3931901956816473,1.3850408386003124,1.3850408386003124,-0.0004914485660504931,-0.0004914485660504931,-0.0004914485660504931,0.002346874241050404,0.002346874241050404,0.002346874241050404,0.0011652769634272742,0.0011652769634272742,0.0011652769634272742,0.0011652769634272755,0.0011652769634272755,0.0011652769634272755,0.0022150188327383345,0.0022150188327383345,0.0022150188327383345,0.0018830730936139472,0.0018830730936139472,0.0018830730936139472,-3.4750406005299914e-05,-3.4750406005299914e-05,-3.4750406005299914e-05,0.0014647986317500514,0.0014647986317500514,0.0014647986317500514,-0.003137298178236738,-0.003137298178236738,-0.003137298178236738,-0.00046380114743645726,-0.00046380114743645726,-0.00046380114743645726,0.0,0.0,0.0,1.387648971737037
2025-05-22 23:00:00,1.3838189124942815,1.3800231443997606,1.3921183664487882,1.3838189124942815,1.3838189124942815,-9.75363584501945e-05,-9.75363584501945e-05,-9.75363584501945e-05,0.0017784859275272312,0.0017784859275272312,0.0017784859275272312,0.0011652769634272742,0.0011652769634272742,0.0011652769634272742,0.0011652769634272755,0.0011652769634272755,0.0011652769634272755,0.0012685260247948097,0.0012685260247948097,0.0012685260247948097,0.0009451284005436481,0.0009451284005436481,0.0009451284005436481,-3.4750406005299914e-05,-3.4750406005299914e-05,-3.4750406005299914e-05,0.001354245831779867,0.001354245831779867,0.001354245831779867,-0.0030425530914465005,-0.0030425530914465005,-0.0030425530914465005,-0.0008333575269835831,-0.0008333575269835831,-0.0008333575269835831,0.0,0.0,0.0,1.3851267990496894
2025-05-25 23:00:00,1.3801531341761892,1.3768317300677524,1.3885651473277634,1.3801531341761892,1.3801531341761892,0.0007875763376829974,0.0007875763376829974,0.0007875763376829974,0.002845258689758033,0.002845258689758033,0.002845258689758033,0.0011652769634272742,0.0011652769634272742,0.0011652769634272742,0.0011652769634272755,0.0011652769634272755,0.0011652769634272755,0.0014353800087538685,0.0014353800087538685,0.0014353800087538685,0.0017750587550326336,0.0017750587550326336,0.0017750587550326336,-3.4750406005299914e-05,-3.4750406005299914e-05,-3.4750406005299914e-05,0.001369051913918418,0.001369051913918418,0.001369051913918418,-0.0030425530914465005,-0.0030425530914465005,-0.0030425530914465005,-0.0010701999347253997,-0.0010701999347253997,-0.0010701999347253997,0.0,0.0,0.0,1.3826029870802945
2025-05-26 23:00:00,1.3789312080701583,1.3719788762915837,1.3820753153110454,1.3789312080701583,1.3789312080701583,0.00021835670541867446,0.00021835670541867446,0.00021835670541867446,-0.0013037443021115048,-0.0013037443021115048,-0.0013037443021115048,0.0011652769634272742,0.0011652769634272742,0.0011652769634272742,0.0011652769634272755,0.0011652769634272755,0.0011652769634272755,-0.00024293863143590492,-0.00024293863143590492,-0.00024293863143590492,-0.0012897774043203792,-0.0012897774043203792,-0.0012897774043203792,-0.0020328987513100446,-0.0020328987513100446,-0.0020328987513100446,0.0006130297586955822,0.0006130297586955822,0.0006130297586955822,-0.0021898473103343615,-0.0021898473103343615,-0.0021898473103343615,1.3966897791125427e-05,1.3966897791125427e-05,1.3966897791125427e-05,0.0,0.0,0.0,1.3771526937558773
2025-05-27 23:00:00,1.377732943153729,1.3729582125487192,1.384363534092353,1.377732943153729,1.377732943153729,-0.00035086292684564826,-0.00035086292684564826,-0.00035086292684564826,0.0006808560031677252,0.0006808560031677252,0.0006808560031677252,0.0011652769634272742,0.0011652769634272742,0.0011652769634272742,0.0011652769634272755,0.0011652769634272755,0.0011652769634272755,0.00025011699472435664,0.00025011699472435664,0.00025011699472435664,0.0006415203813794232,0.0006415203813794232,0.0006415203813794232,-3.4750406005299914e-05,-3.4750406005299914e-05,-3.4750406005299914e-05,0.0006756457247741285,0.0006756457247741285,0.0006756457247741285,-0.0021898473103343615,-0.0021898473103343615,-0.0021898473103343615,-3.9335621788301716e-05,-3.9335621788301716e-05,-3.9335621788301716e-05,0.0,0.0,0.0,1.37861678691686
2025-05-28 23:00:00,1.3765346782372996,1.3754165070043554,1.3874351728689491,1.3765346782372996,1.3765346782372996,-0.0004914485660504931,-0.0004914485660504931,-0.0004914485660504931,0.004163793393882851,0.004163793393882851,0.004163793393882851,0.0011652769634272742,0.0011652769634272742,0.0011652769634272742,0.0011652769634272755,0.0011652769634272755,0.0011652769634272755,0.0012320801795149847,0.0012320801795149847,0.0012320801795149847,0.003699992246443239,0.003699992246443239,0.003699992246443239,0.001963397939299445,0.001963397939299445,0.001963397939299445,0.00037160635669634983,0.00037160635669634983,0.00037160635669634983,-0.0012423964424319854,-0.0012423964424319854,-0.0012423964424319854,-0.0004638011474396114,-0.0004638011474396114,-0.0004638011474396114,0.0,0.0,0.0,1.3816278458737377
2025-05-29 23:00:00,1.37533641332087,1.373385959823928,1.3841044019761657,1.37533641332087,1.37533641332087,-9.75363584501945e-05,-9.75363584501945e-05,-9.75363584501945e-05,0.003634905321975831,0.003634905321975831,0.003634905321975831,0.0011652769634272742,0.0011652769634272742,0.0011652769634272742,0.0011652769634272755,0.0011652769634272755,0.0011652769634272755,0.002218564624257173,0.002218564624257173,0.002218564624257173,0.002801547794992704,0.002801547794992704,0.002801547794992704,-3.4750406005299914e-05,-3.4750406005299914e-05,-3.4750406005299914e-05,0.0003657248909613503,0.0003657248909613503,0.0003657248909613503,-0.0011476513556417476,-0.0011476513556417476,-0.0011476513556417476,-0.0008333575269831264,-0.0008333575269831264,-0.0008333575269831264,0.0,0.0,0.0,1.3791894840169825
2025-06-01 23:00:00,1.3717420415119799,1.369120431897833,1.3800044727867486,1.3717420415119799,1.3717420415119799,0.0007875763376829974,0.0007875763376829974,0.0007875763376829974,0.00309479500022426,0.00309479500022426,0.00309479500022426,0.0011652769634272742,0.0011652769634272742,0.0011652769634272742,0.0011652769634272755,0.0011652769634272755,0.0011652769634272755,0.000929612896564216,0.000929612896564216,0.000929612896564216,0.0020245950654979,0.0020245950654979,0.0020245950654979,-3.4750406005299914e-05,-3.4750406005299914e-05,-3.4750406005299914e-05,0.0004189437743500195,0.0004189437743500195,0.0004189437743500195,-0.0013371415292222227,-0.0013371415292222227,-0.0013371415292222227,-0.0010701999347263599,-0.0010701999347263599,-0.0010701999347263599,0.0,0.0,0.0,1.374519263680361
2025-06-02 23:00:00,1.370543917575683,1.3663939948375479,1.3754386054926815,1.370543917575683,1.370543917575683,0.00021835670541867446,0.00021835670541867446,0.00021835670541867446,0.0007050303989016027,0.0007050303989016027,0.0007050303989016027,0.0011652769634272742,0.0011652769634272742,0.0011652769634272742,0.0011652769634272755,0.0011652769634272755,0.0011652769634272755,0.00023136880686908283,0.00023136880686908283,0.00023136880686908283,0.000718997296697755,0.000718997296697755,0.000718997296697755,-0.0020328987513100446,-0.0020328987513100446,-0.0020328987513100446,0.00015785019880871186,0.00015785019880871186,0.00015785019880871186,-0.00020020048773937147,-0.00020020048773937147,-0.00020020048773937147,1.3966897796152439e-05,1.3966897796152439e-05,1.3966897796152439e-05,0.0,0.0,0.0,1.3715293349474253
2025-06-03 23:00:00,1.3693457936393862,1.3662289621984687,1.3777218537697749,1.3693457936393862,1.3693457936393862,-0.00035086292684564826,-0.00035086292684564826,-0.00035086292684564826,0.0019382429283327784,0.0019382429283327784,0.0019382429283327784,0.0011652769634272742,0.0011652769634272742,0.0011652769634272742,0.0011652769634272755,0.0011652769634272755,0.0011652769634272755,3.983255405562789e-05,3.983255405562789e-05,3.983255405562789e-05,0.0018989073065362027,0.0018989073065362027,0.0018989073065362027,-3.4750406005299914e-05,-3.4750406005299914e-05,-3.4750406005299914e-05,0.00015367026801292062,0.00015367026801292062,0.00015367026801292062,-0.00020020048773937147,-0.00020020048773937147,-0.00020020048773937147,-3.9335621796575914e-05,-3.9335621796575914e-05,-3.9335621796575914e-05,0.0,0.0,0.0,1.371946054372103
2025-06-04 23:00:00,1.3681476697030897,1.3647326623207547,1.3754097244298786,1.3681476697030897,1.3681476697030897,-0.0004914485660504931,-0.0004914485660504931,-0.0004914485660504931,0.0021485125522976546,0.0021485125522976546,0.0021485125522976546,0.0011652769634272742,0.0011652769634272742,0.0011652769634272742,0.0011652769634272755,0.0011652769634272755,0.0011652769634272755,0.0007556728034266413,0.0007556728034266413,0.0007556728034266413,0.0016847114048548894,0.0016847114048548894,0.0016847114048548894,-3.4750406005299914e-05,-3.4750406005299914e-05,-3.4750406005299914e-05,0.00026241071576281667,0.00026241071576281667,0.00026241071576281667,-0.0006739259216905596,-0.0006739259216905596,-0.0006739259216905596,-0.0004638011474427656,-0.0004638011474427656,-0.0004638011474427656,0.0,0.0,0.0,1.370452603685764
2025-06-05 23:00:00,1.3681273400870946,1.3630733206258727,1.3735658218988374,1.3681273400870946,1.3681273400870946,-9.75363584501945e-05,-9.75363584501945e-05,-9.75363584501945e-05,0.0006099495892809385,0.0006099495892809385,0.0006099495892809385,0.0011652769634272742,0.0011652769634272742,0.0011652769634272742,0.0011652769634272755,0.0011652769634272755,0.0011652769634272755,-0.0005192923403836048,-0.0005192923403836048,-0.0005192923403836048,-0.00022340793770739688,-0.00022340793770739688,-0.00022340793770739688,-3.4750406005299914e-05,-3.4750406005299914e-05,-3.4750406005299914e-05,0.0004576064700681865,0.0004576064700681865,0.0004576064700681865,-0.0015266317028026983,-0.0015266317028026983,-0.0015266317028026983,-0.0008333575269883355,-0.0008333575269883355,-0.0008333575269883355,0.0,0.0,0.0,1.3678216895795248
2025-06-08 23:00:00,1.3680663512391098,1.3612274867270064,1.3711797597924578,1.3680663512391098,1.3680663512391098,0.0007875763376829974,0.0007875763376829974,0.0007875763376829974,-0.0004963936186466193,-0.0004963936186466193,-0.0004963936186466193,0.0011652769634272742,0.0011652769634272742,0.0011652769634272742,0.0011652769634272755,0.0011652769634272755,0.0011652769634272755,-0.0018134350087550038,-0.0018134350087550038,-0.0018134350087550038,-0.0015665935533739394,-0.0015665935533739394,-0.0015665935533739394,-3.4750406005299914e-05,-3.4750406005299914e-05,-3.4750406005299914e-05,0.0009919793626519244,0.0009919793626519244,0.0009919793626519244,-0.002758317831075787,-0.002758317831075787,-0.002758317831075787,-0.0010701999347273198,-0.0010701999347273198,-0.0010701999347273198,0.0,0.0,0.0,1.3659231473126707
2025-06-09 23:00:00,1.3680460216231147,1.3616858472678761,1.3734161563343434,1.3680460216231147,1.3680460216231147,0.00021835670541867446,0.00021835670541867446,0.00021835670541867446,-0.0005367711934332871,-0.0005367711934332871,-0.0005367711934332871,0.0011652769634272742,0.0011652769634272742,0.0011652769634272742,0.0011652769634272755,0.0011652769634272755,0.0011652769634272755,-0.001502743887309645,-0.001502743887309645,-0.001502743887309645,-0.0005228042956437592,-0.0005228042956437592,-0.0005228042956437592,-3.4750406005299914e-05,-3.4750406005299914e-05,-3.4750406005299914e-05,0.0009258950383135084,0.0009258950383135084,0.0009258950383135084,-0.0024740825707050746,-0.0024740825707050746,-0.0024740825707050746,1.3966897789527422e-05,1.3966897789527422e-05,1.3966897789527422e-05,0.0,0.0,0.0,1.3673308012863719
2025-06-10 23:00:00,1.3680256921125957,1.359726298636546,1.370622205234806,1.3680256921125957,1.3680256921125957,-0.00035086292684564826,-0.00035086292684564826,-0.00035086292684564826,-0.0018115928083707244,-0.0018115928083707244,-0.0018115928083707244,0.0011652769634272742,0.0011652769634272742,0.0011652769634272742,0.0011652769634272755,0.0011652769634272755,0.0011652769634272755,-0.0020248535055108537,-0.0020248535055108537,-0.0020248535055108537,-0.0018509284301650238,-0.0018509284301650238,-0.0018509284301650238,-3.4750406005299914e-05,-3.4750406005299914e-05,-3.4750406005299914e-05,0.001121383021002553,0.001121383021002553,0.001121383021002553,-0.002853062917866025,-0.002853062917866025,-0.002853062917866025,-3.9335621794299956e-05,-3.9335621794299956e-05,-3.9335621794299956e-05,0.0,0.0,0.0,1.3654935744658683
2025-06-11 23:00:00,1.3680053626020765,1.3591385772323987,1.3711411794677784,1.3680053626020765,1.3680053626020765,-0.0004914485660504931,-0.0004914485660504931,-0.0004914485660504931,-0.0018812330299436504,-0.0018812330299436504,-0.0018812330299436504,0.0011652769634272742,0.0011652769634272742,0.0011652769634272742,0.0011652769634272755,0.0011652769634272755,0.0011652769634272755,-0.0018879997358010486,-0.0018879997358010486,-0.0018879997358010486,-0.0023450341773813025,-0.0023450341773813025,-0.0023450341773813025,-3.4750406005299914e-05,-3.4750406005299914e-05,-3.4750406005299914e-05,0.0011502197557149044,0.0011502197557149044,0.0011502197557149044,-0.0029478080046562625,-0.0029478080046562625,-0.0029478080046562625,-0.0004638011474376524,-0.0004638011474376524,-0.0004638011474376524,0.0,0.0,0.0,1.3647973432719338
2025-06-12 23:00:00,1.3679850330915575,1.3582917777021213,1.3697187903009749,1.3679850330915575,1.3679850330915575,-9.75363584501945e-05,-9.75363584501945e-05,-9.75363584501945e-05,-0.0019889890285739818,-0.0019889890285739818,-0.0019889890285739818,0.0011652769634272742,0.0011652769634272742,0.0011652769634272742,0.0011652769634272755,0.0011652769634272755,0.0011652769634272755,-0.002508402379360423,-0.002508402379360423,-0.002508402379360423,-0.002822346555553374,-0.002822346555553374,-0.002822346555553374,-3.4750406005299914e-05,-3.4750406005299914e-05,-3.4750406005299914e-05,0.0013636992798338864,0.0013636992798338864,0.0013636992798338864,-0.0030425530914465005,-0.0030425530914465005,-0.0030425530914465005,-0.0008333575269793927,-0.0008333575269793927,-0.0008333575269793927,0.0,0.0,0.0,1.364124105245363
2025-06-15 23:00:00,1.36792404456,1.3545315876669346,1.3668351063860715,1.36792404456,1.36792404456,0.0007875763376829974,0.0007875763376829974,0.0007875763376829974,-0.00365817922651067,-0.00365817922651067,-0.00365817922651067,0.0011652769634272742,0.0011652769634272742,0.0011652769634272742,0.0011652769634272755,0.0011652769634272755,0.0011652769634272755,-0.003087329393571559,-0.003087329393571559,-0.003087329393571559,-0.004728379161238949,-0.004728379161238949,-0.004728379161238949,-0.0020328987513100446,-0.0020328987513100446,-0.0020328987513100446,0.0011969815716994113,0.0011969815716994113,0.0011969815716994113,-0.002853062917866025,-0.002853062917866025,-0.002853062917866025,-0.0010701999347282798,-0.0010701999347282798,-0.0010701999347282798,0.0,0.0,0.0,1.361455981013545
2025-06-16 23:00:00,1.36790371517023,1.3595025721310732,1.3693405633739073,1.36790371517023,1.36790371517023,0.00021835670541867446,0.00021835670541867446,0.00021835670541867446,-0.002349634066951541,-0.002349634066951541,-0.002349634066951541,0.0011652769634272742,0.0011652769634272742,0.0011652769634272742,0.0011652769634272755,0.0011652769634272755,0.0011652769634272755,-0.0032211786546503035,-0.0032211786546503035,-0.0032211786546503035,-0.0023356671691569858,-0.0023356671691569858,-0.0023356671691569858,-3.4750406005299914e-05,-3.4750406005299914e-05,-3.4750406005299914e-05,0.0012104472792968638,0.0012104472792968638,0.0012104472792968638,-0.002853062917866025,-0.002853062917866025,-0.002853062917866025,1.3966897794554433e-05,1.3966897794554433e-05,1.3966897794554433e-05,0.0,0.0,0.0,1.364708747372139
2025-06-17 23:00:00,1.3678833857804598,1.3573134503099744,1.3693923522704772,1.3678833857804598,1.3678833857804598,-0.00035086292684564826,-0.00035086292684564826,-0.00035086292684564826,-0.0030677872497697385,-0.0030677872497697385,-0.0030677872497697385,0.0011652769634272742,0.0011652769634272742,0.0011652769634272742,0.0011652769634272755,0.0011652769634272755,0.0011652769634272755,-0.003396575919458216,-0.003396575919458216,-0.003396575919458216,-0.003107122871569584,-0.003107122871569584,-0.003107122871569584,-3.4750406005299914e-05,-3.4750406005299914e-05,-3.4750406005299914e-05,0.001236910993550901,0.001236910993550901,0.001236910993550901,-0.002853062917866025,-0.002853062917866025,-0.002853062917866025,-3.9335621799845325e-05,-3.9335621799845325e-05,-3.9335621799845325e-05,0.0,0.0,0.0,1.3636332040268613
2025-06-18 23:00:00,1.3678630563906895,1.3640415430652355,1.375420641022449,1.3678630563906895,1.3678630563906895,-0.0004914485660504931,-0.0004914485660504931,-0.0004914485660504931,0.0019641689723861573,0.0019641689723861573,0.0019641689723861573,0.0011652769634272742,0.0011652769634272742,0.0011652769634272742,0.0011652769634272755,0.0011652769634272755,0.0011652769634272755,-0.0014036755737057527,-0.0014036755737057527,-0.0014036755737057527,0.0015003678249370833,0.0015003678249370833,0.0015003678249370833,0.001963397939299445,0.001963397939299445,0.001963397939299445,0.0004287573412594431,0.0004287573412594431,0.0004287573412594431,-0.0008634160952710345,-0.0008634160952710345,-0.0008634160952710345,-0.0004638011474490739,-0.0004638011474490739,-0.0004638011474490739,0.0,0.0,0.0,1.369915354109418
2025-06-19 23:00:00,1.3678427270009192,1.3629980210738815,1.3740521219253645,1.3678427270009192,1.3678427270009192,-9.75363584501945e-05,-9.75363584501945e-05,-9.75363584501945e-05,0.0009847809067383383,0.0009847809067383383,0.0009847809067383383,0.0011652769634272742,0.0011652769634272742,0.0011652769634272742,0.0011652769634272755,0.0011652769634272755,0.0011652769634272755,-0.0006388842599419701,-0.0006388842599419701,-0.0006388842599419701,0.00015142337975940245,0.00015142337975940245,0.00015142337975940245,-3.4750406005299914e-05,-3.4750406005299914e-05,-3.4750406005299914e-05,0.00047830427313276324,0.00047830427313276324,0.00047830427313276324,-0.00105290626885151,-0.00105290626885151,-0.00105290626885151,-0.0008333575269789359,-0.0008333575269789359,-0.0008333575269789359,0.0,0.0,0.0,1.3680498503696212
2025-06-22 23:00:00,1.3677817382718098,1.3641626616149773,1.3742105932953748,1.3677817382718098,1.3677817382718098,0.0007875763376829974,0.0007875763376829974,0.0007875763376829974,0.0019919557132154785,0.0019919557132154785,0.0019919557132154785,0.0011652769634272742,0.0011652769634272742,0.0011652769634272742,0.0011652769634272755,0.0011652769634272755,0.0011652769634272755,-0.0006100780339533468,-0.0006100780339533468,-0.0006100780339533468,0.0009217557784835617,0.0009217557784835617,0.0009217557784835617,-3.4750406005299914e-05,-3.4750406005299914e-05,-3.4750406005299914e-05,0.0004768150706978506,0.0004768150706978506,0.0004768150706978506,-0.0009581611820612722,-0.0009581611820612722,-0.0009581611820612722,-0.0010701999347319168,-0.0010701999347319168,-0.0010701999347319168,0.0,0.0,0.0,1.369042498992766
2025-06-23 23:00:00,1.3677614086954397,1.3698778060248424,1.3791680623202816,1.3677614086954397,1.3677614086954397,0.00021835670541867446,0.00021835670541867446,0.00021835670541867446,0.004677182395342135,0.004677182395342135,0.004677182395342135,0.0011652769634272742,0.0011652769634272742,0.0011652769634272742,0.0011652769634272755,0.0011652769634272755,0.0011652769634272755,0.001464206936217843,0.001464206936217843,0.001464206936217843,0.004691149293135891,0.004691149293135891,0.004691149293135891,0.001963397939299445,0.001963397939299445,0.001963397939299445,0.0010800043714664599,0.0010800043714664599,0.0010800043714664599,-0.002379337483914837,-0.002379337483914837,-0.002379337483914837,1.3966897793755485e-05,1.3966897793755485e-05,1.3966897793755485e-05,0.0,0.0,0.0,1.37417778166102
2025-06-24 23:00:00,1.36774107911907,1.3657235456121628,1.37659569656493,1.36774107911907,1.36774107911907,-0.00035086292684564826,-0.00035086292684564826,-0.00035086292684564826,0.002080281330307178,0.002080281330307178,0.002080281330307178,0.0011652769634272742,0.0011652769634272742,0.0011652769634272742,0.0011652769634272755,0.0011652769634272755,0.0011652769634272755,0.001346376520149537,0.001346376520149537,0.001346376520149537,0.0020409457085017874,0.0020409457085017874,0.0020409457085017874,-3.4750406005299914e-05,-3.4750406005299914e-05,-3.4750406005299914e-05,0.0010735566132786386,0.0010735566132786386,0.0010735566132786386,-0.002284592397124599,-0.002284592397124599,-0.002284592397124599,-3.933562180539053e-05,-3.933562180539053e-05,-3.933562180539053e-05,0.0,0.0,0.0,1.3705325644048396
2025-06-25 23:00:00,1.3665552927845368,1.3614593736832543,1.3716568002269904,1.3665552927845368,1.3665552927845368,-0.0004914485660504931,-0.0004914485660504931,-0.0004914485660504931,0.0004727597531159409,0.0004727597531159409,0.0004727597531159409,0.0011652769634272742,0.0011652769634272742,0.0011652769634272742,0.0011652769634272755,0.0011652769634272755,0.0011652769634272755,0.0003805985081332855,0.0003805985081332855,0.0003805985081332855,8.95860567898699e-06,8.95860567898699e-06,8.95860567898699e-06,-3.4750406005299914e-05,-3.4750406005299914e-05,-3.4750406005299914e-05,0.001425104468420637,0.001425104468420637,0.001425104468420637,-0.003137298178236738,-0.003137298178236738,-0.003137298178236738,-0.00046380114743695426,-0.00046380114743695426,-0.00046380114743695426,0.0,0.0,0.0,1.3665675352145434
2025-06-26 23:00:00,1.3653695064500033,1.3586864438599593,1.3702224338333786,1.3653695064500033,1.3653695064500033,-9.75363584501945e-05,-9.75363584501945e-05,-9.75363584501945e-05,0.00020064365519411806,0.00020064365519411806,0.00020064365519411806,0.0011652769634272742,0.0011652769634272742,0.0011652769634272742,0.0011652769634272755,0.0011652769634272755,0.0011652769634272755,-0.00032268182733520654,-0.00032268182733520654,-0.00032268182733520654,-0.000632713871782951,-0.000632713871782951,-0.000632713871782951,-3.4750406005299914e-05,-3.4750406005299914e-05,-3.4750406005299914e-05,0.0015571015851572445,0.0015571015851572445,0.0015571015851572445,-0.003232043265026975,-0.003232043265026975,-0.003232043265026975,-0.0008333575269770689,-0.0008333575269770689,-0.0008333575269770689,0.0,0.0,0.0,1.364505618223163
2025-06-29 23:00:00,1.3618121474464033,1.3532310850623004,1.3655796176248995,1.3618121474464033,1.3618121474464033,0.0007875763376829974,0.0007875763376829974,0.0007875763376829974,-0.0010838076257016383,-0.0010838076257016383,-0.0010838076257016383,0.0011652769634272742,0.0011652769634272742,0.0011652769634272742,0.0011652769634272755,0.0011652769634272755,0.0011652769634272755,-0.0006268255860346451,-0.0006268255860346451,-0.0006268255860346451,-0.0021540075604231947,-0.0021540075604231947,-0.0021540075604231947,-0.0020328987513100446,-0.0020328987513100446,-0.0020328987513100446,0.001405594451761767,0.001405594451761767,0.001405594451761767,-0.0029478080046562625,-0.0029478080046562625,-0.0029478080046562625,-0.0010701999347215566,-0.0010701999347215566,-0.0010701999347215566,0.0,0.0,0.0,1.3588787937849276
2025-06-30 23:00:00,1.3606263611118699,1.3611938347296235,1.370583074080393,1.3606263611118699,1.3606263611118699,0.00021835670541867446,0.00021835670541867446,0.00021835670541867446,0.0035898995251006987,0.0035898995251006987,0.0035898995251006987,0.0011652769634272742,0.0011652769634272742,0.0011652769634272742,0.0011652769634272755,0.0011652769634272755,0.0011652769634272755,0.0008643847933926258,0.0008643847933926258,0.0008643847933926258,0.0036038664228907518,0.0036038664228907518,0.0036038664228907518,0.001963397939299445,0.001963397939299445,0.001963397939299445,0.0016347395987428546,0.0016347395987428546,0.0016347395987428546,-0.0034215334386074507,-0.0034215334386074507,-0.0034215334386074507,1.3966897790052718e-05,1.3966897790052718e-05,1.3966897790052718e-05,0.0,0.0,0.0,1.365529876768781
2025-07-01 23:00:00,1.360911267654044,1.353484852981409,1.365196077205588,1.360911267654044,1.360911267654044,-0.00035086292684564826,-0.00035086292684564826,-0.00035086292684564826,-0.0011247189342312924,-0.0011247189342312924,-0.0011247189342312924,0.0011652769634272742,0.0011652769634272742,0.0011652769634272742,0.0011652769634272755,0.0011652769634272755,0.0011652769634272755,9.390937038905563e-05,9.390937038905563e-05,9.390937038905563e-05,-0.0011640545560265855,-0.0011640545560265855,-0.0011640545560265855,-0.0020328987513100446,-0.0020328987513100446,-0.0020328987513100446,0.00130866201738587,0.00130866201738587,0.00130866201738587,-0.0024740825707050746,-0.0024740825707050746,-0.0024740825707050746,-3.9335621795293465e-05,-3.9335621795293465e-05,-3.9335621795293465e-05,0.0,0.0,0.0,1.3593270926925833
2025-07-02 23:00:00,1.3611961741962184,1.3604801908606572,1.3703126575065794,1.3611961741962184,1.3611961741962184,-0.0004914485660504931,-0.0004914485660504931,-0.0004914485660504931,0.0033481239563606146,0.0033481239563606146,0.0033481239563606146,0.0011652769634272742,0.0011652769634272742,0.0011652769634272742,0.0011652769634272755,0.0011652769634272755,0.0011652769634272755,0.0005370504264603874,0.0005370504264603874,0.0005370504264603874,0.002884322808920506,0.002884322808920506,0.002884322808920506,0.001963397939299445,0.001963397939299445,0.001963397939299445,0.0011984175401310872,0.0011984175401310872,0.0011984175401310872,-0.0021898473103343615,-0.0021898473103343615,-0.0021898473103343615,-0.0004638011474401085,-0.0004638011474401085,-0.0004638011474401085,0.0,0.0,0.0,1.365122303368868
2025-07-03 23:00:00,1.3614810807383926,1.3519839651387826,1.3644103601067892,1.3614810807383926,1.3614810807383926,-9.75363584501945e-05,-9.75363584501945e-05,-9.75363584501945e-05,-0.00025807757714633485,-0.00025807757714633485,-0.00025807757714633485,0.0011652769634272742,0.0011652769634272742,0.0011652769634272742,0.0011652769634272755,0.0011652769634272755,0.0011652769634272755,0.00026293131683310586,0.00026293131683310586,0.00026293131683310586,-0.0010914351041286128,-0.0010914351041286128,-0.0010914351041286128,-0.0020328987513100446,-0.0020328987513100446,-0.0020328987513100446,0.0010897392520996597,0.0010897392520996597,0.0010897392520996597,-0.001810866963173411,-0.001810866963173411,-0.001810866963173411,-0.0008333575269822781,-0.0008333575269822781,-0.0008333575269822781,0.0,0.0,0.0,1.3599951124932679
2025-07-06 23:00:00,1.3623358003649155,1.3593657504740613,1.3699427724060838,1.3623358003649155,1.3623358003649155,0.0007875763376829974,0.0007875763376829974,0.0007875763376829974,0.0026952494319796953,0.0026952494319796953,0.0026952494319796953,0.0011652769634272742,0.0011652769634272742,0.0011652769634272742,0.0011652769634272755,0.0011652769634272755,0.0011652769634272755,0.00024008191963245627,0.00024008191963245627,0.00024008191963245627,0.001625049497254502,0.001625049497254502,0.001625049497254502,-3.4750406005299914e-05,-3.4750406005299914e-05,-3.4750406005299914e-05,0.0010879095301981655,0.0010879095301981655,0.0010879095301981655,-0.0017161218763831732,-0.0017161218763831732,-0.0017161218763831732,-0.0010701999347251933,-0.0010701999347251933,-0.0010701999347251933,0.0,0.0,0.0,1.3645496634723904
2025-07-07 23:00:00,1.3626207069070897,1.3611111811566736,1.3717786967099967,1.3626207069070897,1.3626207069070897,0.00021835670541867446,0.00021835670541867446,0.00021835670541867446,0.002469975016361645,0.002469975016361645,0.002469975016361645,0.0011652769634272742,0.0011652769634272742,0.0011652769634272742,0.0011652769634272755,0.0011652769634272755,0.0011652769634272755,0.00032426004508250624,0.00032426004508250624,0.00032426004508250624,0.002483941914150899,0.002483941914150899,0.002483941914150899,-3.4750406005299914e-05,-3.4750406005299914e-05,-3.4750406005299914e-05,0.0010634413610236754,0.0010634413610236754,0.0010634413610236754,-0.0014318866160124605,-0.0014318866160124605,-0.0014318866160124605,1.3966897789253877e-05,1.3966897789253877e-05,1.3966897789253877e-05,0.0,0.0,0.0,1.3660053775940662
2025-07-08 23:00:00,1.362905613449264,1.3641513124207496,1.3764671993270023,1.362905613449264,1.362905613449264,-0.00035086292684564826,-0.00035086292684564826,-0.00035086292684564826,0.005110227730922648,0.005110227730922648,0.005110227730922648,0.0011652769634272742,0.0011652769634272742,0.0011652769634272742,0.0011652769634272755,0.0011652769634272755,0.0011652769634272755,0.00101216925471589,0.00101216925471589,0.00101216925471589,0.005070892109121809,0.005070892109121809,0.005070892109121809,0.001963397939299445,0.001963397939299445,0.001963397939299445,0.0008288954585889714,0.0008288954585889714,0.0008288954585889714,-0.0006739259216905596,-0.0006739259216905596,-0.0006739259216905596,-3.9335621800838725e-05,-3.9335621800838725e-05,-3.9335621800838725e-05,0.0,0.0,0.0,1.3698167607699818
2025-07-09 23:00:00,1.3631905199914383,1.3613466325556918,1.3712297880623106,1.3631905199914383,1.3631905199914383,-0.0004914485660504931,-0.0004914485660504931,-0.0004914485660504931,0.0031641152576876476,0.0031641152576876476,0.0031641152576876476,0.0011652769634272742,0.0011652769634272742,0.0011652769634272742,0.0011652769634272755,0.0011652769634272755,0.0011652769634272755,0.0014405402793662991,0.0014405402793662991,0.0014405402793662991,0.0027003141102443853,0.0027003141102443853,0.0027003141102443853,-3.4750406005299914e-05,-3.4750406005299914e-05,-3.4750406005299914e-05,0.0008773812055838645,0.0008773812055838645,0.0008773812055838645,-0.0009581611820612722,-0.0009581611820612722,-0.0009581611820612722,-0.00046380114744326264,-0.00046380114744326264,-0.00046380114744326264,0.0,0.0,0.0,1.3668715625875225
2025-07-10 23:00:00,1.3634754265336124,1.3627152222541479,1.3719363043279773,1.3634754265336124,1.3634754265336124,-9.75363584501945e-05,-9.75363584501945e-05,-9.75363584501945e-05,0.003872448210803489,0.003872448210803489,0.003872448210803489,0.0011652769634272742,0.0011652769634272742,0.0011652769634272742,0.0011652769634272755,0.0011652769634272755,0.0011652769634272755,0.0016723428287203751,0.0016723428287203751,0.0016723428287203751,0.003039090683823078,0.003039090683823078,0.003039090683823078,-3.4750406005299914e-05,-3.4750406005299914e-05,-3.4750406005299914e-05,0.0008652543149550935,0.0008652543149550935,0.0008652543149550935,-0.0008634160952710345,-0.0008634160952710345,-0.0008634160952710345,-0.0008333575269804115,-0.0008333575269804115,-0.0008333575269804115,0.0,0.0,0.0,1.3676191520000125
2025-07-13 23:00:00,1.3643301461601351,1.3639904804827117,1.3746557781219988,1.3643301461601351,1.3643301461601351,0.0007875763376829974,0.0007875763376829974,0.0007875763376829974,0.004579428070690879,0.004579428070690879,0.004579428070690879,0.0011652769634272742,0.0011652769634272742,0.0011652769634272742,0.0011652769634272755,0.0011652769634272755,0.0011652769634272755,0.002201492795913331,0.002201492795913331,0.002201492795913331,0.0035092281359674024,0.0035092281359674024,0.0035092281359674024,-3.4750406005299914e-05,-3.4750406005299914e-05,-3.4750406005299914e-05,0.0011054223794187124,0.0011054223794187124,0.0011054223794187124,-0.001810866963173411,-0.001810866963173411,-0.001810866963173411,-0.001070199934723477,-0.001070199934723477,-0.001070199934723477,0.0,0.0,0.0,1.369117891895789
2025-07-14 23:00:00,1.3646150527023095,1.3657504934139222,1.3771142848639704,1.3646150527023095,1.3646150527023095,0.00021835670541867446,0.00021835670541867446,0.00021835670541867446,0.004696281407934955,0.004696281407934955,0.004696281407934955,0.0011652769634272742,0.0011652769634272742,0.0011652769634272742,0.0011652769634272755,0.0011652769634272755,0.0011652769634272755,0.0027146560463018866,0.0027146560463018866,0.0027146560463018866,0.0047102483057292355,0.0047102483057292355,0.0047102483057292355,-3.4750406005299914e-05,-3.4750406005299914e-05,-3.4750406005299914e-05,0.0010888419249580803,0.0010888419249580803,0.0010888419249580803,-0.0016213767895929356,-0.0016213767895929356,-0.0016213767895929356,1.396689779428078e-05,1.396689779428078e-05,1.396689779428078e-05,0.0,0.0,0.0,1.3710427284422733
2025-07-15 23:00:00,1.3648999592444837,1.365399145360908,1.376026119730011,1.3648999592444837,1.3648999592444837,-0.00035086292684564826,-0.00035086292684564826,-0.00035086292684564826,0.004418408891221146,0.004418408891221146,0.004418408891221146,0.0011652769634272742,0.0011652769634272742,0.0011652769634272742,0.0011652769634272755,0.0011652769634272755,0.0011652769634272755,0.0030997590856626177,0.0030997590856626177,0.0030997590856626177,0.004379073269422583,0.004379073269422583,0.004379073269422583,-3.4750406005299914e-05,-3.4750406005299914e-05,-3.4750406005299914e-05,0.0010898310879381003,0.0010898310879381003,0.0010898310879381003,-0.0017161218763831732,-0.0017161218763831732,-0.0017161218763831732,-3.933562179856277e-05,-3.933562179856277e-05,-3.933562179856277e-05,0.0,0.0,0.0,1.3708769561714473
2025-07-16 23:00:00,1.365184865786658,1.3628762645180574,1.3730532592081441,1.365184865786658,1.365184865786658,-0.0004914485660504931,-0.0004914485660504931,-0.0004914485660504931,0.002030755219805251,0.002030755219805251,0.002030755219805251,0.0011652769634272742,0.0011652769634272742,0.0011652769634272742,0.0011652769634272755,0.0011652769634272755,0.0011652769634272755,0.0018491915857234227,0.0018491915857234227,0.0018491915857234227,0.001566954072365841,0.001566954072365841,0.001566954072365841,-3.4750406005299914e-05,-3.4750406005299914e-05,-3.4750406005299914e-05,0.0017987421178905227,0.0017987421178905227,0.0017987421178905227,-0.0034215334386074507,-0.0034215334386074507,-0.0034215334386074507,-0.00046380114743941014,-0.00046380114743941014,-0.00046380114743941014,0.0,0.0,0.0,1.3673240477716346
2025-07-17 23:00:00,1.3654697723288323,1.3615176547982173,1.3705098195980994,1.3654697723288323,1.3654697723288323,-9.75363584501945e-05,-9.75363584501945e-05,-9.75363584501945e-05,0.0019738737600361357,0.0019738737600361357,0.0019738737600361357,0.0011652769634272742,0.0011652769634272742,0.0011652769634272742,0.0011652769634272755,0.0011652769634272755,0.0011652769634272755,0.001347478709904498,0.001347478709904498,0.001347478709904498,0.001140516233050515,0.001140516233050515,0.001140516233050515,-3.4750406005299914e-05,-3.4750406005299914e-05,-3.4750406005299914e-05,0.0017549162395497952,0.0017549162395497952,0.0017549162395497952,-0.0033267883518172127,-0.0033267883518172127,-0.0033267883518172127,-0.0008333575269856209,-0.0008333575269856209,-0.0008333575269856209,0.0,0.0,0.0,1.367027112769913
2025-07-20 23:00:00,1.366324491955355,1.366872368154866,1.3779461709812717,1.366324491955355,1.366324491955355,0.0007875763376829974,0.0007875763376829974,0.0007875763376829974,0.005599329421908231,0.005599329421908231,0.005599329421908231,0.0011652769634272742,0.0011652769634272742,0.0011652769634272742,0.0011652769634272755,0.0011652769634272755,0.0011652769634272755,0.0019464641372997262,0.0019464641372997262,0.0019464641372997262,0.004529129487181118,0.004529129487181118,0.004529129487181118,0.001963397939299445,0.001963397939299445,0.001963397939299445,0.001613890172218013,0.001613890172218013,0.001613890172218013,-0.0030425530914465005,-0.0030425530914465005,-0.0030425530914465005,-0.0010701999347271138,-0.0010701999347271138,-0.0010701999347271138,0.0,0.0,0.0,1.372512752500928
2025-07-21 23:00:00,1.3666093984975292,1.3645954121685095,1.3743086274869392,1.3666093984975292,1.3666093984975292,0.00021835670541867446,0.00021835670541867446,0.00021835670541867446,0.0022493960127032923,0.0022493960127032923,0.0022493960127032923,0.0011652769634272742,0.0011652769634272742,0.0011652769634272742,0.0011652769634272755,0.0011652769634272755,0.0011652769634272755,0.001238891743398527,0.001238891743398527,0.001238891743398527,0.002263362910496774,0.002263362910496774,0.002263362910496774,-3.4750406005299914e-05,-3.4750406005299914e-05,-3.4750406005299914e-05,0.0017283873080638167,0.0017283873080638167,0.0017283873080638167,-0.003232043265026975,-0.003232043265026975,-0.003232043265026975,1.3966897793481724e-05,1.3966897793481724e-05,1.3966897793481724e-05,0.0,0.0,0.0,1.3697025315232245
2025-07-22 23:00:00,1.3668943050397035,1.3606468586834244,1.3723944229360876,1.3668943050397035,1.3668943050397035,-0.00035086292684564826,-0.00035086292684564826,-0.00035086292684564826,-0.0005540561958202705,-0.0005540561958202705,-0.0005540561958202705,0.0011652769634272742,0.0011652769634272742,0.0011652769634272742,0.0011652769634272755,0.0011652769634272755,0.0011652769634272755,0.0007630568577614116,0.0007630568577614116,0.0007630568577614116,-0.0005933918176192859,-0.0005933918176192859,-0.0005933918176192859,-0.0020328987513100446,-0.0020328987513100446,-0.0020328987513100446,0.001589157615585486,0.001589157615585486,0.001589157615585486,-0.002853062917866025,-0.002853062917866025,-0.002853062917866025,-3.9335621799015856e-05,-3.9335621799015856e-05,-3.9335621799015856e-05,0.0,0.0,0.0,1.3660832011435426
2025-07-23 23:00:00,1.3671792115818777,1.3611827866304937,1.3714642622841309,1.3671792115818777,1.3671792115818777,-0.0004914485660504931,-0.0004914485660504931,-0.0004914485660504931,-0.0009192171639443872,-0.0009192171639443872,-0.0009192171639443872,0.0011652769634272742,0.0011652769634272742,0.0011652769634272742,0.0011652769634272755,0.0011652769634272755,0.0011652769634272755,-0.00012177441641680077,-0.00012177441641680077,-0.00012177441641680077,-0.0013830183113869516,-0.0013830183113869516,-0.0013830183113869516,-0.0020328987513100446,-0.0020328987513100446,-0.0020328987513100446,0.00130196269294205,0.00130196269294205,0.00130196269294205,-0.0019056120499636483,-0.0019056120499636483,-0.0019056120499636483,-0.00046380114744256446,-0.00046380114744256446,-0.00046380114744256446,0.0,0.0,0.0,1.3652883776973124
2025-07-24 23:00:00,1.3674641181240519,1.3620096680036695,1.3735525224111362,1.3674641181240519,1.3674641181240519,-9.75363584501945e-05,-9.75363584501945e-05,-9.75363584501945e-05,0.0016264004854229781,0.0016264004854229781,0.0016264004854229781,0.0011652769634272742,0.0011652769634272742,0.0011652769634272742,0.0011652769634272755,0.0011652769634272755,0.0011652769634272755,2.7567806221409076e-05,2.7567806221409076e-05,2.7567806221409076e-05,0.0007930429584463005,0.0007930429584463005,0.0007930429584463005,-3.4750406005299914e-05,-3.4750406005299914e-05,-3.4750406005299914e-05,0.0013061775667661624,0.0013061775667661624,0.0013061775667661624,-0.0019056120499636483,-0.0019056120499636483,-0.0019056120499636483,-0.0008333575269766777,-0.0008333575269766777,-0.0008333575269766777,0.0,0.0,0.0,1.3685485759138583
2025-07-27 23:00:00,1.3683188377505748,1.3697632422859904,1.3813844216845088,1.3683188377505748,1.3683188377505748,0.0007875763376829974,0.0007875763376829974,0.0007875763376829974,0.005383580850986017,0.005383580850986017,0.005383580850986017,0.0011652769634272742,0.0011652769634272742,0.0011652769634272742,0.0011652769634272755,0.0011652769634272755,0.0011652769634272755,0.0014027817114988135,0.0014027817114988135,0.0014027817114988135,0.0043133809162665855,0.0043133809162665855,0.0043133809162665855,0.001963397939299445,0.001963397939299445,0.001963397939299445,0.0014680985931455229,0.0014680985931455229,0.0014680985931455229,-0.002568827657495312,-0.002568827657495312,-0.002568827657495312,-0.0010701999347194299,-0.0010701999347194299,-0.0010701999347194299,0.0,0.0,0.0,1.374220918112696
2025-07-28 23:00:00,1.368603744292749,1.3711536376629263,1.381291088199472,1.368603744292749,1.368603744292749,0.00021835670541867446,0.00021835670541867446,0.00021835670541867446,0.005628771736515058,0.005628771736515058,0.005628771736515058,0.0011652769634272742,0.0011652769634272742,0.0011652769634272742,0.0011652769634272755,0.0011652769634272755,0.0011652769634272755,0.0016989694348830849,0.0016989694348830849,0.0016989694348830849,0.0056427386343135665,0.0056427386343135665,0.0056427386343135665,0.001963397939299445,0.001963397939299445,0.001963397939299445,0.001323105780022952,0.001323105780022952,0.001323105780022952,-0.0019056120499636483,-0.0019056120499636483,-0.0019056120499636483,1.3966897798508844e-05,1.3966897798508844e-05,1.3966897798508844e-05,0.0,0.0,0.0,1.376326417515736
2025-07-29 23:00:00,1.3688886508349232,1.3689629269601404,1.3784015629104551,1.3688886508349232,1.3688886508349232,-0.00035086292684564826,-0.00035086292684564826,-0.00035086292684564826,0.003565134851622083,0.003565134851622083,0.003565134851622083,0.0011652769634272742,0.0011652769634272742,0.0011652769634272742,0.0011652769634272755,0.0011652769634272755,0.0011652769634272755,0.00307513130188141,0.00307513130188141,0.00307513130188141,0.0035257992298253437,0.0035257992298253437,0.0035257992298253437,-3.4750406005299914e-05,-3.4750406005299914e-05,-3.4750406005299914e-05,0.00168236113397381,0.00168236113397381,0.00168236113397381,-0.003137298178236738,-0.003137298178236738,-0.003137298178236738,-3.933562179673979e-05,-3.933562179673979e-05,-3.933562179673979e-05,0.0,0.0,0.0,1.3737150773857538
2025-07-30 23:00:00,1.3691735573770976,1.370939383844187,1.381307700098939,1.3691735573770976,1.3691735573770976,-0.0004914485660504931,-0.0004914485660504931,-0.0004914485660504931,0.005520189191698323,0.005520189191698323,0.005520189191698323,0.0011652769634272742,0.0011652769634272742,0.0011652769634272742,0.0011652769634272755,0.0011652769634272755,0.0011652769634272755,0.0030793448069716344,0.0030793448069716344,0.0030793448069716344,0.005056388044252604,0.005056388044252604,0.005056388044252604,0.001963397939299445,0.001963397939299445,0.001963397939299445,0.0016808941760696875,0.0016808941760696875,0.0016808941760696875,-0.0030425530914465005,-0.0030425530914465005,-0.0030425530914465005,-0.0004638011474457186,-0.0004638011474457186,-0.0004638011474457186,0.0,0.0,0.0,1.3760966301831261
2025-07-31 23:00:00,1.3694584639192717,1.3717524341484313,1.3843538520628913,1.3694584639192717,1.3694584639192717,-9.75363584501945e-05,-9.75363584501945e-05,-9.75363584501945e-05,0.007099794054407254,0.007099794054407254,0.007099794054407254,0.0011652769634272742,0.0011652769634272742,0.0011652769634272742,0.0011652769634272755,0.0011652769634272755,0.0011652769634272755,0.00445752839817375,0.00445752839817375,0.00445752839817375,0.0062664365274253675,0.0062664365274253675,0.0062664365274253675,0.001963397939299445,0.001963397939299445,0.001963397939299445,0.001867383587137155,0.001867383587137155,0.001867383587137155,-0.0034215334386074507,-0.0034215334386074507,-0.0034215334386074507,-0.0008333575269818871,-0.0008333575269818871,-0.0008333575269818871,0.0,0.0,0.0,1.3780400884603674
2025-08-01 23:00:00,1.3697433704614461,1.3730701567508898,1.382541404466556,1.3697433704614461,1.3698140930262097,0.0007875763376829974,0.0007875763376829974,0.0007875763376829974,0.006596793311050224,0.006596793311050224,0.006596793311050224,0.0011652769634272742,0.0011652769634272742,0.0011652769634272742,0.0011652769634272755,0.0011652769634272755,0.0011652769634272755,0.005038624242527111,0.005038624242527111,0.005038624242527111,0.0060649060839649774,0.0060649060839649774,0.0060649060839649774,-3.4750406005299914e-05,-3.4750406005299914e-05,-3.4750406005299914e-05,0.0018963226485983176,0.0018963226485983176,0.0018963226485983176,-0.0034215334386074507,-0.0034215334386074507,-0.0034215334386074507,-0.0005318872270852472,-0.0005318872270852472,-0.0005318872270852472,0.0,0.0,0.0,1.3780507353624285
2025-08-02 23:00:00,1.3700282770036205,1.374861801696158,1.3844256216922957,1.3697973554197307,1.3705128289064712,0.00021835670541867446,0.00021835670541867446,0.00021835670541867446,0.0037544713484433828,0.0037544713484433828,0.0037544713484433828,0.0011652769634272742,0.0011652769634272742,0.0011652769634272742,0.0011652769634272755,0.0011652769634272755,0.0011652769634272755,0.003661276209157296,0.003661276209157296,0.003661276209157296,0.006679085908681602,0.006679085908681602,0.006679085908681602,-0.0020328987513100446,-0.0020328987513100446,-0.0020328987513100446,0.0013880502214963185,0.0013880502214963185,0.0013880502214963185,-0.001810866963173411,-0.001810866963173411,-0.001810866963173411,0.0029246145602382194,0.0029246145602382194,0.0029246145602382194,0.0,0.0,0.0,1.3791788135630507
2025-08-03 23:00:00,1.3703131835457947,1.368294666429007,1.3792987719222294,1.3696612056687554,1.371120770050546,-0.00035086292684564826,-0.00035086292684564826,-0.00035086292684564826,0.003963683200486758,0.003963683200486758,0.003963683200486758,0.0011652769634272742,0.0011652769634272742,0.0011652769634272742,0.0011652769634272755,0.0011652769634272755,0.0011652769634272755,0.00273768101884742,0.00273768101884742,0.00273768101884742,0.002893483265766368,0.002893483265766368,0.002893483265766368,-3.4750406005299914e-05,-3.4750406005299914e-05,-3.4750406005299914e-05,0.0015656539847603364,0.0015656539847603364,0.0015656539847603364,-0.002284592397124599,-0.002284592397124599,-0.002284592397124599,-0.0010701999347203903,-0.0010701999347203903,-0.0010701999347203903,0.0,0.0,0.0,1.3742781618112434
2025-08-04 23:00:00,1.3705980900879688,1.370034559141293,1.3812657597959093,1.3693891980275215,1.3718958989681835,-0.0004914485660504931,-0.0004914485660504931,-0.0004914485660504931,0.003912357721907809,0.003912357721907809,0.003912357721907809,0.0011652769634272742,0.0011652769634272742,0.0011652769634272742,0.0011652769634272755,0.0011652769634272755,0.0011652769634272755,0.002732321713005588,0.002732321713005588,0.002732321713005588,0.003926324619699693,0.003926324619699693,0.003926324619699693,-3.4750406005299914e-05,-3.4750406005299914e-05,-3.4750406005299914e-05,0.0015655283644378257,0.0015655283644378257,0.0015655283644378257,-0.0021898473103343615,-0.0021898473103343615,-0.0021898473103343615,1.3966897791883718e-05,1.3966897791883718e-05,1.3966897791883718e-05,0.0,0.0,0.0,1.3759795031127946
2025-08-05 23:00:00,1.3708829966301432,1.3702846852983182,1.3828614913257624,1.3690083387608722,1.3731545312080013,-9.75363584501945e-05,-9.75363584501945e-05,-9.75363584501945e-05,0.0038267414813003085,0.0038267414813003085,0.0038267414813003085,0.0011652769634272742,0.0011652769634272742,0.0011652769634272742,0.0011652769634272755,0.0011652769634272755,0.0011652769634272755,0.002135412902401392,0.002135412902401392,0.002135412902401392,0.003787405859498023,0.003787405859498023,0.003787405859498023,-3.4750406005299914e-05,-3.4750406005299914e-05,-3.4750406005299914e-05,0.0014934185532537471,0.0014934185532537471,0.0014934185532537471,-0.002000357136753886,-0.002000357136753886,-0.002000357136753886,-3.933562180228527e-05,-3.933562180228527e-05,-3.933562180228527e-05,0.0,0.0,0.0,1.3760750869242664
2025-08-06 23:00:00,1.3711679031723174,1.3701528845372188,1.383624304564178,1.3686750794712486,1.374180126036844,0.0007875763376829974,0.0007875763376829974,0.0007875763376829974,0.005035325530416631,0.005035325530416631,0.005035325530416631,0.0011652769634272742,0.0011652769634272742,0.0011652769634272742,0.0011652769634272755,0.0011652769634272755,0.0011652769634272755,0.002402918131441962,0.002402918131441962,0.002402918131441962,0.0045715243829760254,0.0045715243829760254,0.0045715243829760254,-3.4750406005299914e-05,-3.4750406005299914e-05,-3.4750406005299914e-05,0.0015493846771963084,0.0015493846771963084,0.0015493846771963084,-0.002000357136753886,-0.002000357136753886,-0.002000357136753886,-0.0004638011474406054,-0.0004638011474406054,-0.0004638011474406054,0.0,0.0,0.0,1.3774362306748238
2025-08-07 23:00:00,1.3714528097144916,1.3688750774858365,1.3826803841197222,1.368270851610811,1.3748511579529847,0.00021835670541867446,0.00021835670541867446,0.00021835670541867446,0.004105083297283772,0.004105083297283772,0.004105083297283772,0.0011652769634272742,0.0011652769634272742,0.0011652769634272742,0.0011652769634272755,0.0011652769634272755,0.0011652769634272755,0.0023058869528994846,0.0023058869528994846,0.0023058869528994846,0.0032717257703023415,0.0032717257703023415,0.0032717257703023415,-3.4750406005299914e-05,-3.4750406005299914e-05,-3.4750406005299914e-05,0.0015696285152409625,0.0015696285152409625,0.0015696285152409625,-0.002284592397124599,-0.002284592397124599,-0.002284592397124599,-0.0008333575269814303,-0.0008333575269814303,-0.0008333575269814303,0.0,0.0,0.0,1.375939827214788
2025-08-08 23:00:00,1.371737716256666,1.3704040066474312,1.3826851016532975,1.3677786585964011,1.375900984221017,-0.00035086292684564826,-0.00035086292684564826,-0.00035086292684564826,0.003632639225138991,0.003632639225138991,0.003632639225138991,0.0011652769634272742,0.0011652769634272742,0.0011652769634272742,0.0011652769634272755,0.0011652769634272755,0.0011652769634272755,0.0023083590115554244,0.0023083590115554244,0.0023083590115554244,0.0031007519980591203,0.0031007519980591203,0.0031007519980591203,-3.4750406005299914e-05,-3.4750406005299914e-05,-3.4750406005299914e-05,0.0015691869299143267,0.0015691869299143267,0.0015691869299143267,-0.0021898473103343615,-0.0021898473103343615,-0.0021898473103343615,-0.0005318872270798706,-0.0005318872270798706,-0.0005318872270798706,0.0,0.0,0.0,1.3759911347211617
2025-08-09 23:00:00,1.3720226227988401,1.3730743869315423,1.3903714014559103,1.3673314157363967,1.3769598489590371,-0.0004914485660504931,-0.0004914485660504931,-0.0004914485660504931,0.003198341271155221,0.003198341271155221,0.003198341271155221,0.0011652769634272742,0.0011652769634272742,0.0011652769634272742,0.0011652769634272755,0.0011652769634272755,0.0011652769634272755,0.002107929592398102,0.002107929592398102,0.002107929592398102,0.006122955831393317,0.006122955831393317,0.006122955831393317,-3.4750406005299914e-05,-3.4750406005299914e-05,-3.4750406005299914e-05,0.0015706491210829617,0.0015706491210829617,0.0015706491210829617,-0.002284592397124599,-0.002284592397124599,-0.002284592397124599,0.0029246145602380962,0.0029246145602380962,0.0029246145602380962,0.0,0.0,0.0,1.38042345671791
2025-08-10 23:00:00,1.3723075293410143,1.366839107954398,1.3850824928202576,1.3663762759612237,1.3779894705328672,-9.75363584501945e-05,-9.75363584501945e-05,-9.75363584501945e-05,0.00355745737891188,0.00355745737891188,0.00355745737891188,0.0011652769634272742,0.0011652769634272742,0.0011652769634272742,0.0011652769634272755,0.0011652769634272755,0.0011652769634272755,0.0022306303827383397,0.0022306303827383397,0.0022306303827383397,0.00248725744419053,0.00248725744419053,0.00248725744419053,-3.4750406005299914e-05,-3.4750406005299914e-05,-3.4750406005299914e-05,0.0016026424044795597,0.0016026424044795597,0.0016026424044795597,-0.0024740825707050746,-0.0024740825707050746,-0.0024740825707050746,-0.0010701999347213502,-0.0010701999347213502,-0.0010701999347213502,0.0,0.0,0.0,1.3757208114590864
2025-08-11 23:00:00,1.3725924358831887,1.3740328483589719,1.392692608774141,1.3649142165574875,1.3790390746247443,0.0007875763376829974,0.0007875763376829974,0.0007875763376829974,0.007475215878613996,0.007475215878613996,0.007475215878613996,0.0011652769634272742,0.0011652769634272742,0.0011652769634272742,0.0011652769634272755,0.0011652769634272755,0.0011652769634272755,0.002410206058507458,0.002410206058507458,0.002410206058507458,0.0074891827764109065,0.0074891827764109065,0.0074891827764109065,0.001963397939299445,0.001963397939299445,0.001963397939299445,0.001510113319072245,0.001510113319072245,0.001510113319072245,-0.0015266317028026983,-0.0015266317028026983,-0.0015266317028026983,1.3966897796910947e-05,1.3966897796910947e-05,1.3966897796910947e-05,0.0,0.0,0.0,1.382872031513037
2025-08-12 23:00:00,1.3728773424253629,1.37022602137591,1.39243907117479,1.364295803178991,1.3809530715221254,0.00021835670541867446,0.00021835670541867446,0.00021835670541867446,0.0050990254430557155,0.0050990254430557155,0.0050990254430557155,0.0011652769634272742,0.0011652769634272742,0.0011652769634272742,0.0011652769634272755,0.0011652769634272755,0.0011652769634272755,0.002584968770223943,0.002584968770223943,0.002584968770223943,0.005059689821260798,0.005059689821260798,0.005059689821260798,-3.4750406005299914e-05,-3.4750406005299914e-05,-3.4750406005299914e-05,0.0015265281493665466,0.0015265281493665466,0.0015265281493665466,-0.0015266317028026983,-0.0015266317028026983,-0.0015266317028026983,-3.933562179491687e-05,-3.933562179491687e-05,-3.933562179491687e-05,0.0,0.0,0.0,1.379823675940672
2025-08-13 23:00:00,1.3731622489675372,1.3672498339222863,1.3889318981646268,1.3636773898004946,1.3831299474114103,-0.00035086292684564826,-0.00035086292684564826,-0.00035086292684564826,0.003725426351046321,0.003725426351046321,0.003725426351046321,0.0011652769634272742,0.0011652769634272742,0.0011652769634272742,0.0011652769634272755,0.0011652769634272755,0.0011652769634272755,0.0030338307970293136,0.0030338307970293136,0.0030338307970293136,0.0032616252036108285,0.0032616252036108285,0.0032616252036108285,-3.4750406005299914e-05,-3.4750406005299914e-05,-3.4750406005299914e-05,0.0016944629646696685,0.0016944629646696685,0.0016944629646696685,-0.0029478080046562625,-0.0029478080046562625,-0.0029478080046562625,-0.00046380114743549227,-0.00046380114743549227,-0.00046380114743549227,0.0,0.0,0.0,1.3776409895674167
2025-08-14 23:00:00,1.3734471555097114,1.3714226805984884,1.3946422373823943,1.3621575956710397,1.3850919952965255,-0.0004914485660504931,-0.0004914485660504931,-0.0004914485660504931,0.007087026340012541,0.007087026340012541,0.007087026340012541,0.0011652769634272742,0.0011652769634272742,0.0011652769634272742,0.0011652769634272755,0.0011652769634272755,0.0011652769634272755,0.004749995246266101,0.004749995246266101,0.004749995246266101,0.006253668813032978,0.006253668813032978,0.006253668813032978,0.001963397939299445,0.001963397939299445,0.001963397939299445,0.001956061232250389,0.001956061232250389,0.001956061232250389,-0.0034215334386074507,-0.0034215334386074507,-0.0034215334386074507,-0.0008333575269795635,-0.0008333575269795635,-0.0008333575269795635,0.0,0.0,0.0,1.3820362391524714
2025-08-15 23:00:00,1.3737320620518856,1.3681871805544408,1.3933334906946768,1.3615762935826936,1.3870147223839053,-9.75363584501945e-05,-9.75363584501945e-05,-9.75363584501945e-05,0.005619814729612482,0.005619814729612482,0.005619814729612482,0.0011652769634272742,0.0011652769634272742,0.0011652769634272742,0.0011652769634272755,0.0011652769634272755,0.0011652769634272755,0.00487119962611011,0.00487119962611011,0.00487119962611011,0.005087927502529022,0.005087927502529022,0.005087927502529022,-3.4750406005299914e-05,-3.4750406005299914e-05,-3.4750406005299914e-05,0.001971881379710769,0.001971881379710769,0.001971881379710769,-0.0034215334386074507,-0.0034215334386074507,-0.0034215334386074507,-0.0005318872270834607,-0.0005318872270834607,-0.0005318872270834607,0.0,0.0,0.0,1.3807215111915054
2025-08-16 23:00:00,1.37401696859406,1.3713406092390736,1.4026769923307598,1.3610647932976032,1.388786038611804,0.0007875763376829974,0.0007875763376829974,0.0007875763376829974,0.006386476031440127,0.006386476031440127,0.006386476031440127,0.0011652769634272742,0.0011652769634272742,0.0011652769634272742,0.0011652769634272755,0.0011652769634272755,0.0011652769634272755,0.004717098041278198,0.004717098041278198,0.004717098041278198,0.009311090591678102,0.009311090591678102,0.009311090591678102,-3.4750406005299914e-05,-3.4750406005299914e-05,-3.4750406005299914e-05,0.002007531570237132,0.002007531570237132,0.002007531570237132,-0.0034215334386074507,-0.0034215334386074507,-0.0034215334386074507,0.002924614560237974,0.002924614560237974,0.002924614560237974,0.0,0.0,0.0,1.3868105650631422
2025-08-17 23:00:00,1.3743018751362341,1.3581689875095282,1.3938793515875587,1.3605532930125128,1.3903433472804203,0.00021835670541867446,0.00021835670541867446,0.00021835670541867446,0.0025363282039883505,0.0025363282039883505,0.0025363282039883505,0.0011652769634272742,0.0011652769634272742,0.0011652769634272742,0.0011652769634272755,0.0011652769634272755,0.0011652769634272755,0.0030354695899222984,0.0030354695899222984,0.0030354695899222984,0.0014661282692633637,0.0014661282692633637,0.0014661282692633637,-0.0020328987513100446,-0.0020328987513100446,-0.0020328987513100446,0.00174316456417866,0.00174316456417866,0.00174316456417866,-0.002758317831075787,-0.002758317831075787,-0.002758317831075787,-0.0010701999347249875,-0.0010701999347249875,-0.0010701999347249875,0.0,0.0,0.0,1.3763167779658732
2025-08-18 23:00:00,1.3745867816784083,1.3652882360182275,1.3950480971508055,1.3596707946473419,1.3919006559490363,-0.00035086292684564826,-0.00035086292684564826,-0.00035086292684564826,0.003946866852182383,0.003946866852182383,0.003946866852182383,0.0011652769634272742,0.0011652769634272742,0.0011652769634272742,0.0011652769634272755,0.0011652769634272755,0.0011652769634272755,0.0030103212259410365,0.0030103212259410365,0.0030103212259410365,0.003960833749975592,0.003960833749975592,0.003960833749975592,-3.4750406005299914e-05,-3.4750406005299914e-05,-3.4750406005299914e-05,0.001749922863313532,0.001749922863313532,0.001749922863313532,-0.002758317831075787,-0.002758317831075787,-0.002758317831075787,1.396689779320818e-05,1.396689779320818e-05,1.396689779320818e-05,0.0,0.0,0.0,1.3800312913955506
2025-08-19 23:00:00,1.3748716882205827,1.3586752754050988,1.3979574485973967,1.3571913550080792,1.3934579646176524,-0.0004914485660504931,-0.0004914485660504931,-0.0004914485660504931,0.0029050489231693087,0.0029050489231693087,0.0029050489231693087,0.0011652769634272742,0.0011652769634272742,0.0011652769634272742,0.0011652769634272755,0.0011652769634272755,0.0011652769634272755,0.002183042644524847,0.002183042644524847,0.002183042644524847,0.0028657133013688467,0.0028657133013688467,0.0028657133013688467,-3.4750406005299914e-05,-3.4750406005299914e-05,-3.4750406005299914e-05,0.0017707142417117295,0.0017707142417117295,0.0017707142417117295,-0.002853062917866025,-0.002853062917866025,-0.002853062917866025,-3.933562180046213e-05,-3.933562180046213e-05,-3.933562180046213e-05,0.0,0.0,0.0,1.3788116763051916
2025-08-20 23:00:00,1.3751565947627569,1.3569172563214627,1.394559018925241,1.3560960881946318,1.3950152732862684,-9.75363584501945e-05,-9.75363584501945e-05,-9.75363584501945e-05,8.321229120119623e-05,8.321229120119623e-05,8.321229120119623e-05,0.0011652769634272742,0.0011652769634272742,0.0011652769634272742,0.0011652769634272755,0.0011652769634272755,0.0011652769634272755,0.000880259693373431,0.000880259693373431,0.000880259693373431,-0.0003805888562374506,-0.0003805888562374506,-0.0003805888562374506,-0.0020328987513100446,-0.0020328987513100446,-0.0020328987513100446,0.0017611516118092416,0.0017611516118092416,0.0017611516118092416,-0.002758317831075787,-0.002758317831075787,-0.002758317831075787,-0.0004638011474386465,-0.0004638011474386465,-0.0004638011474386465,0.0,0.0,0.0,1.3746332254872087
2025-08-21 23:00:00,1.375441501304931,1.3552466880426415,1.4021640643844722,1.3554637256555202,1.3975353983943795,0.0007875763376829974,0.0007875763376829974,0.0007875763376829974,0.00210472029709121,0.00210472029709121,0.00210472029709121,0.0011652769634272742,0.0011652769634272742,0.0011652769634272742,0.0011652769634272755,0.0011652769634272755,0.0011652769634272755,8.064875379620677e-05,8.064875379620677e-05,8.064875379620677e-05,0.001271362770113514,0.001271362770113514,0.001271362770113514,-3.4750406005299914e-05,-3.4750406005299914e-05,-3.4750406005299914e-05,0.0017937546026287818,0.0017937546026287818,0.0017937546026287818,-0.002853062917866025,-0.002853062917866025,-0.002853062917866025,-0.0008333575269776966,-0.0008333575269776966,-0.0008333575269776966,0.0,0.0,0.0,1.3771901864221592
2025-08-22 23:00:00,1.3757264078471054,1.3553390496880413,1.4026442617621673,1.3545920098522435,1.4000885505438492,0.00021835670541867446,0.00021835670541867446,0.00021835670541867446,0.0022111883261018944,0.0022111883261018944,0.0022111883261018944,0.0011652769634272742,0.0011652769634272742,0.0011652769634272742,0.0011652769634272755,0.0011652769634272755,0.0011652769634272755,0.0009250346951166189,0.0009250346951166189,0.0009250346951166189,0.0016793010990087873,0.0016793010990087873,0.0016793010990087873,-3.4750406005299914e-05,-3.4750406005299914e-05,-3.4750406005299914e-05,0.0021935268433248022,0.0021935268433248022,0.0021935268433248022,-0.0034215334386074507,-0.0034215334386074507,-0.0034215334386074507,-0.0005318872270931075,-0.0005318872270931075,-0.0005318872270931075,0.0,0.0,0.0,1.3780366667157384
2025-08-23 23:00:00,1.3760113143892796,1.353047523102235,1.4115561727863088,1.353864834127086,1.4025609156420682,-0.00035086292684564826,-0.00035086292684564826,-0.00035086292684564826,0.001978421045663361,0.001978421045663361,0.001978421045663361,0.0011652769634272742,0.0011652769634272742,0.0011652769634272742,0.0011652769634272755,0.0011652769634272755,0.0011652769634272755,0.0011692357439725928,0.0011692357439725928,0.0011692357439725928,0.004903035605903144,0.004903035605903144,0.004903035605903144,-3.4750406005299914e-05,-3.4750406005299914e-05,-3.4750406005299914e-05,0.002191033059504379,0.002191033059504379,0.002191033059504379,-0.0033267883518172127,-0.0033267883518172127,-0.0033267883518172127,0.0029246145602397832,0.0029246145602397832,0.0029246145602397832,0.0,0.0,0.0,1.382757946857856
2025-08-24 23:00:00,1.376296220931454,1.3488372024031492,1.4042254275409065,1.3518164565228106,1.404955723552773,-0.0004914485660504931,-0.0004914485660504931,-0.0004914485660504931,0.0022634410216407115,0.0022634410216407115,0.0022634410216407115,0.0011652769634272742,0.0011652769634272742,0.0011652769634272742,0.0011652769634272755,0.0011652769634272755,0.0011652769634272755,0.0016049114429524597,0.0016049114429524597,0.0016049114429524597,0.0011932410869120872,0.0011932410869120872,0.0011932410869120872,-3.4750406005299914e-05,-3.4750406005299914e-05,-3.4750406005299914e-05,0.00208621788891647,0.00208621788891647,0.00208621788891647,-0.003232043265026975,-0.003232043265026975,-0.003232043265026975,-0.0010701999347286241,-0.0010701999347286241,-0.0010701999347286241,0.0,0.0,0.0,1.3779384741300311
