,ds,trend,yhat_lower,yhat_upper,trend_lower,trend_upper,additive_terms,additive_terms_lower,additive_terms_upper,adx,adx_lower,adx_upper,cci,cci_lower,cci_upper,extra_regressors_additive,extra_regressors_additive_lower,extra_regressors_additive_upper,ma_20,ma_20_lower,ma_20_upper,ma_50,ma_50_lower,ma_50_upper,momentum_10,momentum_10_lower,momentum_10_upper,rsi,rsi_lower,rsi_upper,volatility_14,volatility_14_lower,volatility_14_upper,volume,volume_lower,volume_upper,yearly,yearly_lower,yearly_upper,multiplicative_terms,multiplicative_terms_lower,multiplicative_terms_upper,yhat
0,2025-08-11 12:00:00,126552.09568531251,119872.05509821103,120892.31603446262,126552.09568531251,126552.09568531251,-6165.118334678244,-6165.118334678244,-6165.118334678244,10.498652639752535,10.498652639752535,10.498652639752535,4.2851309804744275,4.2851309804744275,4.2851309804744275,-280.44237910385186,-280.44237910385186,-280.44237910385186,-252.50207352866778,-252.50207352866778,-252.50207352866778,-88.44052815912357,-88.44052815912357,-88.44052815912357,22.614248791227695,22.614248791227695,22.614248791227695,34.654408867572016,34.654408867572016,34.654408867572016,-7.932237189602764,-7.932237189602764,-7.932237189602764,-3.6199815054843953,-3.6199815054843953,-3.6199815054843953,-5884.675955574393,-5884.675955574393,-5884.675955574393,0.0,0.0,0.0,120386.97735063426
1,2025-08-11 13:00:00,126528.16521901269,119736.8888395567,120733.42258327529,126528.16521901269,126528.16521901269,-6288.27103827403,-6288.27103827403,-6288.27103827403,10.498652639752535,10.498652639752535,10.498652639752535,4.2851309804744275,4.2851309804744275,4.2851309804744275,-268.9630976005377,-268.9630976005377,-268.9630976005377,-252.50207352866778,-252.50207352866778,-252.50207352866778,-88.44052815912357,-88.44052815912357,-88.44052815912357,22.614248791227695,22.614248791227695,22.614248791227695,34.654408867572016,34.654408867572016,34.654408867572016,-7.932237189602764,-7.932237189602764,-7.932237189602764,7.859299997829703,7.859299997829703,7.859299997829703,-6019.307940673492,-6019.307940673492,-6019.307940673492,0.0,0.0,0.0,120239.89418073866
2,2025-08-11 14:00:00,126504.23475271289,119573.00876816786,120640.30230232226,126504.23475271289,126504.23475271289,-6423.166938421547,-6423.166938421547,-6423.166938421547,10.498652639752535,10.498652639752535,10.498652639752535,4.2851309804744275,4.2851309804744275,4.2851309804744275,-270.3601817794727,-270.3601817794727,-270.3601817794727,-252.50207352866778,-252.50207352866778,-252.50207352866778,-88.44052815912357,-88.44052815912357,-88.44052815912357,22.614248791227695,22.614248791227695,22.614248791227695,34.654408867572016,34.654408867572016,34.654408867572016,-7.932237189602764,-7.932237189602764,-7.932237189602764,6.4622158188947205,6.4622158188947205,6.4622158188947205,-6152.806756642074,-6152.806756642074,-6152.806756642074,0.0,0.0,0.0,120081.06781429134
3,2025-08-11 15:00:00,126480.30428641304,119396.0317289717,120445.78495266591,126480.30428641304,126480.30428641304,-6565.614326091545,-6565.614326091545,-6565.614326091545,10.498652639752535,10.498652639752535,10.498652639752535,4.2851309804744275,4.2851309804744275,4.2851309804744275,-280.44237910385186,-280.44237910385186,-280.44237910385186,-252.50207352866778,-252.50207352866778,-252.50207352866778,-88.44052815912357,-88.44052815912357,-88.44052815912357,22.614248791227695,22.614248791227695,22.614248791227695,34.654408867572016,34.654408867572016,34.654408867572016,-7.932237189602764,-7.932237189602764,-7.932237189602764,-3.6199815054843953,-3.6199815054843953,-3.6199815054843953,-6285.171946987693,-6285.171946987693,-6285.171946987693,0.0,0.0,0.0,119914.6899603215
4,2025-08-11 16:00:00,126456.37382011324,119216.77624198994,120314.0559760918,126456.37382011324,126456.37382011324,-6689.5161872252565,-6689.5161872252565,-6689.5161872252565,10.498652639752535,10.498652639752535,10.498652639752535,4.2851309804744275,4.2851309804744275,4.2851309804744275,-273.11308323925124,-273.11308323925124,-273.11308323925124,-252.50207352866778,-252.50207352866778,-252.50207352866778,-88.44052815912357,-88.44052815912357,-88.44052815912357,22.614248791227695,22.614248791227695,22.614248791227695,34.654408867572016,34.654408867572016,34.654408867572016,-7.932237189602764,-7.932237189602764,-7.932237189602764,3.7093143591162154,3.7093143591162154,3.7093143591162154,-6416.4031039860065,-6416.4031039860065,-6416.4031039860065,0.0,0.0,0.0,119766.85763288799
5,2025-08-11 17:00:00,126432.44335381342,119089.66853881466,120156.98014304119,126432.44335381342,126432.44335381342,-6817.11426016364,-6817.11426016364,-6817.11426016364,10.498652639752535,10.498652639752535,10.498652639752535,4.2851309804744275,4.2851309804744275,4.2851309804744275,-270.61439157681724,-270.61439157681724,-270.61439157681724,-252.50207352866778,-252.50207352866778,-252.50207352866778,-88.44052815912357,-88.44052815912357,-88.44052815912357,22.614248791227695,22.614248791227695,22.614248791227695,34.654408867572016,34.654408867572016,34.654408867572016,-7.932237189602764,-7.932237189602764,-7.932237189602764,6.208006021550225,6.208006021550225,6.208006021550225,-6546.499868586823,-6546.499868586823,-6546.499868586823,0.0,0.0,0.0,119615.32909364978
6,2025-08-11 18:00:00,126408.51288751361,118954.46890283549,119971.33149301288,126408.51288751361,126408.51288751361,-6949.734860677099,-6949.734860677099,-6949.734860677099,10.498652639752535,10.498652639752535,10.498652639752535,4.2851309804744275,4.2851309804744275,4.2851309804744275,-274.2729302966697,-274.2729302966697,-274.2729302966697,-252.50207352866778,-252.50207352866778,-252.50207352866778,-88.44052815912357,-88.44052815912357,-88.44052815912357,22.614248791227695,22.614248791227695,22.614248791227695,34.654408867572016,34.654408867572016,34.654408867572016,-7.932237189602764,-7.932237189602764,-7.932237189602764,2.549467301697791,2.549467301697791,2.549467301697791,-6675.46193038043,-6675.46193038043,-6675.46193038043,0.0,0.0,0.0,119458.77802683652
7,2025-08-11 19:00:00,126384.5824212138,118775.16652432807,119783.54262624828,126384.5824212138,126384.5824212138,-7083.731406587928,-7083.731406587928,-7083.731406587928,10.498652639752535,10.498652639752535,10.498652639752535,4.2851309804744275,4.2851309804744275,4.2851309804744275,-280.44237910385186,-280.44237910385186,-280.44237910385186,-252.50207352866778,-252.50207352866778,-252.50207352866778,-88.44052815912357,-88.44052815912357,-88.44052815912357,22.614248791227695,22.614248791227695,22.614248791227695,34.654408867572016,34.654408867572016,34.654408867572016,-7.932237189602764,-7.932237189602764,-7.932237189602764,-3.6199815054843953,-3.6199815054843953,-3.6199815054843953,-6803.2890274840765,-6803.2890274840765,-6803.2890274840765,0.0,0.0,0.0,119300.85101462586
8,2025-08-11 20:00:00,126360.65195491399,118622.76240653008,119694.77599591287,126360.65195491399,126360.65195491399,-7204.69064975493,-7204.69064975493,-7204.69064975493,10.498652639752535,10.498652639752535,10.498652639752535,4.2851309804744275,4.2851309804744275,4.2851309804744275,-274.7097033298105,-274.7097033298105,-274.7097033298105,-252.50207352866778,-252.50207352866778,-252.50207352866778,-88.44052815912357,-88.44052815912357,-88.44052815912357,22.614248791227695,22.614248791227695,22.614248791227695,34.654408867572016,34.654408867572016,34.654408867572016,-7.932237189602764,-7.932237189602764,-7.932237189602764,2.112694268556987,2.112694268556987,2.112694268556987,-6929.98094642512,-6929.98094642512,-6929.98094642512,0.0,0.0,0.0,119155.96130515906
9,2025-08-11 21:00:00,126336.72148861414,118493.86159333667,119529.96988338324,126336.72148861414,126336.72148861414,-7335.521258605708,-7335.521258605708,-7335.521258605708,10.498652639752535,10.498652639752535,10.498652639752535,4.2851309804744275,4.2851309804744275,4.2851309804744275,-279.98373651642294,-279.98373651642294,-279.98373651642294,-252.50207352866778,-252.50207352866778,-252.50207352866778,-88.44052815912357,-88.44052815912357,-88.44052815912357,22.614248791227695,22.614248791227695,22.614248791227695,34.654408867572016,34.654408867572016,34.654408867572016,-7.932237189602764,-7.932237189602764,-7.932237189602764,-3.1613389180554914,-3.1613389180554914,-3.1613389180554914,-7055.537522089286,-7055.537522089286,-7055.537522089286,0.0,0.0,0.0,119001.20023000844
10,2025-08-11 22:00:00,126312.79102231434,118131.46653815692,119234.08390951708,126312.79102231434,126312.79102231434,-7655.0361435195855,-7655.0361435195855,-7655.0361435195855,10.498652639752535,10.498652639752535,10.498652639752535,4.2851309804744275,4.2851309804744275,4.2851309804744275,-475.0775058947849,-475.0775058947849,-475.0775058947849,-252.50207352866778,-252.50207352866778,-252.50207352866778,-88.44052815912357,-88.44052815912357,-88.44052815912357,-172.02087799970536,-172.02087799970536,-172.02087799970536,34.654408867572016,34.654408867572016,34.654408867572016,-7.932237189602764,-7.932237189602764,-7.932237189602764,-3.6199815054843953,-3.6199815054843953,-3.6199815054843953,-7179.9586376248,-7179.9586376248,-7179.9586376248,0.0,0.0,0.0,118657.75487879476
11,2025-08-11 23:00:00,126288.86055601452,117717.4907672327,118827.92425080287,126288.86055601452,126288.86055601452,-7999.614026485155,-7999.614026485155,-7999.614026485155,10.498652639752535,10.498652639752535,10.498652639752535,4.2851309804744275,4.2851309804744275,4.2851309804744275,-696.36980218648,-696.36980218648,-696.36980218648,-252.50207352866778,-252.50207352866778,-252.50207352866778,-88.44052815912357,-88.44052815912357,-88.44052815912357,-393.82273490631314,-393.82273490631314,-393.82273490631314,34.654408867572016,34.654408867572016,34.654408867572016,-7.932237189602764,-7.932237189602764,-7.932237189602764,-3.110420890571677,-3.110420890571677,-3.110420890571677,-7303.244224298674,-7303.244224298674,-7303.244224298674,0.0,0.0,0.0,118289.24652952937
12,2025-08-12 00:00:00,126264.93008971472,117648.25928838749,118690.63545207385,126264.93008971472,126264.93008971472,-8098.87659559406,-8098.87659559406,-8098.87659559406,10.498652639752535,10.498652639752535,10.498652639752535,4.2851309804744275,4.2851309804744275,4.2851309804744275,-673.4823341061173,-673.4823341061173,-673.4823341061173,-252.50207352866778,-252.50207352866778,-252.50207352866778,-88.44052815912357,-88.44052815912357,-88.44052815912357,-370.4257062110377,-370.4257062110377,-370.4257062110377,34.654408867572016,34.654408867572016,34.654408867572016,-7.932237189602764,-7.932237189602764,-7.932237189602764,-3.6199815054843953,-3.6199815054843953,-3.6199815054843953,-7425.3942614879425,-7425.3942614879425,-7425.3942614879425,0.0,0.0,0.0,118166.05349412066
13,2025-08-12 01:00:00,126240.9996234149,117304.80906573251,118419.35922190145,126240.9996234149,126240.9996234149,-8401.127231029299,-8401.127231029299,-8401.127231029299,10.498652639752535,10.498652639752535,10.498652639752535,-31.0481412837771,-31.0481412837771,-31.0481412837771,-854.7184545376268,-854.7184545376268,-854.7184545376268,-252.50207352866778,-252.50207352866778,-252.50207352866778,-88.44052815912357,-88.44052815912357,-88.44052815912357,-389.24570936190594,-389.24570936190594,-389.24570936190594,-93.83593213729414,-93.83593213729414,-93.83593213729414,-7.932237189602764,-7.932237189602764,-7.932237189602764,-2.2124855170079054,-2.2124855170079054,-2.2124855170079054,-7546.408776491672,-7546.408776491672,-7546.408776491672,0.0,0.0,0.0,117839.8723923856
14,2025-08-12 02:00:00,126217.0691571151,117270.20361470182,118302.90419721976,126217.0691571151,126217.0691571151,-8402.10840532201,-8402.10840532201,-8402.10840532201,10.498652639752535,10.498652639752535,10.498652639752535,-18.178008127005313,-18.178008127005313,-18.178008127005313,-735.8205608637337,-735.8205608637337,-735.8205608637337,-252.50207352866778,-252.50207352866778,-252.50207352866778,-88.44052815912357,-88.44052815912357,-88.44052815912357,-270.3903033690492,-270.3903033690492,-270.3903033690492,-68.30670490707021,-68.30670490707021,-68.30670490707021,-44.88161390708579,-44.88161390708579,-44.88161390708579,-3.6199815054843953,-3.6199815054843953,-3.6199815054843953,-7666.287844458276,-7666.287844458276,-7666.287844458276,0.0,0.0,0.0,117814.96075179309
15,2025-08-12 03:00:00,126193.13869081525,116922.2337771188,118000.90236000248,126193.13869081525,126193.13869081525,-8708.9424075368,-8708.9424075368,-8708.9424075368,10.498652639752535,10.498652639752535,10.498652639752535,-28.02720552071578,-28.02720552071578,-28.02720552071578,-923.9108191973281,-923.9108191973281,-923.9108191973281,-252.50207352866778,-252.50207352866778,-252.50207352866778,-88.44052815912357,-88.44052815912357,-88.44052815912357,-195.80656775365043,-195.80656775365043,-195.80656775365043,-303.3973519221753,-303.3973519221753,-303.3973519221753,-62.615763447263404,-62.615763447263404,-62.615763447263404,-3.6199815054843953,-3.6199815054843953,-3.6199815054843953,-7785.031588339472,-7785.031588339472,-7785.031588339472,0.0,0.0,0.0,117484.19628327845
16,2025-08-12 04:00:00,126169.20822451545,116911.16287853011,117936.91998397601,126169.20822451545,126169.20822451545,-8763.786460475625,-8763.786460475625,-8763.786460475625,10.498652639752535,10.498652639752535,10.498652639752535,-14.06357438221206,-14.06357438221206,-14.06357438221206,-861.146281804946,-861.146281804946,-861.146281804946,-252.50207352866778,-252.50207352866778,-252.50207352866778,-88.44052815912357,-88.44052815912357,-88.44052815912357,-176.64791819644114,-176.64791819644114,-176.64791819644114,-277.02327579613325,-277.02327579613325,-277.02327579613325,-59.34758287663639,-59.34758287663639,-59.34758287663639,-3.6199815054843953,-3.6199815054843953,-3.6199815054843953,-7902.64017867068,-7902.64017867068,-7902.64017867068,0.0,0.0,0.0,117405.42176403981
17,2025-08-12 05:00:00,126145.27775821563,116760.19573196917,117849.89293134175,126145.27775821563,126145.27775821563,-8858.58694287227,-8858.58694287227,-8858.58694287227,10.498652639752535,10.498652639752535,10.498652639752535,-42.2696879303602,-42.2696879303602,-42.2696879303602,-839.4731092967188,-839.4731092967188,-839.4731092967188,-252.50207352866778,-252.50207352866778,-252.50207352866778,-88.44052815912357,-88.44052815912357,-88.44052815912357,-45.343878431605475,-45.343878431605475,-45.343878431605475,-360.2999865788085,-360.2999865788085,-360.2999865788085,-57.495625802421394,-57.495625802421394,-57.495625802421394,-3.6199815054843953,-3.6199815054843953,-3.6199815054843953,-8019.113833575551,-8019.113833575551,-8019.113833575551,0.0,0.0,0.0,117286.69081534336
18,2025-08-12 06:00:00,126121.34729191582,116886.30500066804,117872.81976924068,126121.34729191582,126121.34729191582,-8770.274282745064,-8770.274282745064,-8770.274282745064,10.498652639752535,10.498652639752535,10.498652639752535,-20.33608776240481,-20.33608776240481,-20.33608776240481,-635.8214641364995,-635.8214641364995,-635.8214641364995,-252.50207352866778,-252.50207352866778,-252.50207352866778,-88.44052815912357,-88.44052815912357,-88.44052815912357,42.982321409578134,42.982321409578134,42.982321409578134,-274.1315461366549,-274.1315461366549,-274.1315461366549,-56.94081870604803,-56.94081870604803,-56.94081870604803,3.0486161070690008,3.0486161070690008,3.0486161070690008,-8134.4528186085645,-8134.4528186085645,-8134.4528186085645,0.0,0.0,0.0,117351.07300917077
19,2025-08-12 07:00:00,126097.416825616,120430.34558980049,121495.5881571029,126097.416825616,126097.416825616,-5124.692306759397,-5124.692306759397,-5124.692306759397,10.498652639752535,10.498652639752535,10.498652639752535,18.53261893006778,18.53261893006778,18.53261893006778,3123.965139863259,3123.965139863259,3123.965139863259,3215.4487175498934,3215.4487175498934,3215.4487175498934,-88.44052815912357,-88.44052815912357,-88.44052815912357,151.74932729878645,151.74932729878645,151.74932729878645,-112.12999706905491,-112.12999706905491,-112.12999706905491,-68.07366982157814,-68.07366982157814,-68.07366982157814,-3.6199815054843953,-3.6199815054843953,-3.6199815054843953,-8248.657446622658,-8248.657446622658,-8248.657446622658,0.0,0.0,0.0,120972.7245188566
20,2025-08-12 08:00:00,126073.4863593162,119991.62208776204,121034.4556780041,126073.4863593162,126073.4863593162,-5559.597738414475,-5559.597738414475,-5559.597738414475,10.498652639752535,10.498652639752535,10.498652639752535,-7.253089745779099,-7.253089745779099,-7.253089745779099,2802.13033926089,2802.13033926089,2802.13033926089,3194.161035226593,3194.161035226593,3194.161035226593,-88.44052815912357,-88.44052815912357,-88.44052815912357,16.742143100489777,16.742143100489777,16.742143100489777,-247.90485146469234,-247.90485146469234,-247.90485146469234,-72.05304083086568,-72.05304083086568,-72.05304083086568,-3.6199815054843953,-3.6199815054843953,-3.6199815054843953,-8361.728077675365,-8361.728077675365,-8361.728077675365,0.0,0.0,0.0,120513.88862090172
21,2025-08-12 09:00:00,126049.55589301635,119663.80434662398,120721.46241835195,126049.55589301635,126049.55589301635,-5835.837965415774,-5835.837965415774,-5835.837965415774,10.498652639752535,10.498652639752535,10.498652639752535,-105.56714888570065,-105.56714888570065,-105.56714888570065,2637.8271535169597,2637.8271535169597,2637.8271535169597,3147.3592016448533,3147.3592016448533,3147.3592016448533,-88.44052815912357,-88.44052815912357,-88.44052815912357,-56.886640392389076,-56.886640392389076,-56.886640392389076,-165.95274574910385,-165.95274574910385,-165.95274574910385,-99.5636560758445,-99.5636560758445,-99.5636560758445,-3.6199815054843953,-3.6199815054843953,-3.6199815054843953,-8473.665118932735,-8473.665118932735,-8473.665118932735,0.0,0.0,0.0,120213.71792760058
22,2025-08-12 10:00:00,126025.62542671655,119514.33873295551,120523.64642179031,126025.62542671655,126025.62542671655,-6006.903899842344,-6006.903899842344,-6006.903899842344,10.498652639752535,10.498652639752535,10.498652639752535,-113.33992584263116,-113.33992584263116,-113.33992584263116,2577.5651247060487,2577.5651247060487,2577.5651247060487,3096.2106673298163,3096.2106673298163,3096.2106673298163,-88.44052815912357,-88.44052815912357,-88.44052815912357,-130.28884836694294,-130.28884836694294,-130.28884836694294,-93.3824341050329,-93.3824341050329,-93.3824341050329,-100.07247728430454,-100.07247728430454,-100.07247728430454,-3.6199815054843953,-3.6199815054843953,-3.6199815054843953,-8584.469024548393,-8584.469024548393,-8584.469024548393,0.0,0.0,0.0,120018.7215268742
23,2025-08-12 11:00:00,126001.69496041673,119416.85283234985,120496.67115007048,126001.69496041673,126001.69496041673,-6049.348183337752,-6049.348183337752,-6049.348183337752,10.498652639752535,10.498652639752535,10.498652639752535,-88.47857231836393,-88.47857231836393,-88.47857231836393,2644.792112143189,2644.792112143189,2644.792112143189,3044.5022750233716,3044.5022750233716,3044.5022750233716,-88.44052815912357,-88.44052815912357,-88.44052815912357,-117.54337527677431,-117.54337527677431,-117.54337527677431,-9.927901706330776,-9.927901706330776,-9.927901706330776,-102.19845655385816,-102.19845655385816,-102.19845655385816,-3.6199815054843953,-3.6199815054843953,-3.6199815054843953,-8694.140295480942,-8694.140295480942,-8694.140295480942,0.0,0.0,0.0,119952.34677707899
24,2025-08-12 12:00:00,125977.76449411693,119780.03192303672,120902.71361256334,125977.76449411693,125977.76449411693,-5643.660922081914,-5643.660922081914,-5643.660922081914,10.498652639752535,10.498652639752535,10.498652639752535,30.669370139209537,30.669370139209537,30.669370139209537,3159.018557390956,3159.018557390956,3159.018557390956,3021.004989233981,3021.004989233981,3021.004989233981,-88.44052815912357,-88.44052815912357,-88.44052815912357,91.04455615905468,91.04455615905468,91.04455615905468,162.8835260353303,162.8835260353303,162.8835260353303,-65.0220271517643,-65.0220271517643,-65.0220271517643,-3.6199815054843953,-3.6199815054843953,-3.6199815054843953,-8802.67947947287,-8802.67947947287,-8802.67947947287,0.0,0.0,0.0,120334.10357203502
25,2025-08-12 13:00:00,125953.83402781711,119551.10999068394,120591.71267071314,125953.83402781711,125953.83402781711,-5860.468952369016,-5860.468952369016,-5860.468952369016,10.498652639752535,10.498652639752535,10.498652639752535,59.330354126477836,59.330354126477836,59.330354126477836,3049.6182184917693,3049.6182184917693,3049.6182184917693,2999.977503206683,2999.977503206683,2999.977503206683,-88.44052815912357,-88.44052815912357,-88.44052815912357,43.69191336666953,43.69191336666953,43.69191336666953,80.4992072690422,80.4992072690422,80.4992072690422,-54.15836968042367,-54.15836968042367,-54.15836968042367,-1.7805142773086187,-1.7805142773086187,-1.7805142773086187,-8910.087170860785,-8910.087170860785,-8910.087170860785,0.0,0.0,0.0,120093.36507544809
26,2025-08-12 14:00:00,125929.90356151728,119637.20112318796,120679.07775007775,125929.90356151728,125929.90356151728,-5747.105387714711,-5747.105387714711,-5747.105387714711,10.498652639752535,10.498652639752535,10.498652639752535,88.01655913116065,88.01655913116065,88.01655913116065,3269.258622730445,3269.258622730445,3269.258622730445,2989.5076998673608,2989.5076998673608,2989.5076998673608,-88.44052815912357,-88.44052815912357,-88.44052815912357,148.10060743575096,148.10060743575096,148.10060743575096,162.47149038919883,162.47149038919883,162.47149038919883,-37.27587706817067,-37.27587706817067,-37.27587706817067,-3.6199815054843953,-3.6199815054843953,-3.6199815054843953,-9016.364010445155,-9016.364010445155,-9016.364010445155,0.0,0.0,0.0,120182.79817380257
27,2025-08-12 15:00:00,125905.97309521746,120041.67327675117,121109.62741688009,125905.97309521746,125905.97309521746,-5336.923096058565,-5336.923096058565,-5336.923096058565,-10.444956654618759,-10.444956654618759,-10.444956654618759,171.679640801753,171.679640801753,171.679640801753,3784.5875893836524,3784.5875893836524,3784.5875893836524,3015.3887416701737,3015.3887416701737,3015.3887416701737,-88.44052815912357,-88.44052815912357,-88.44052815912357,440.85630292055805,440.85630292055805,440.85630292055805,273.57921886057807,273.57921886057807,273.57921886057807,-22.988563167069373,-22.988563167069373,-22.988563167069373,4.957733111401442,4.957733111401442,4.957733111401442,-9121.510685442217,-9121.510685442217,-9121.510685442217,0.0,0.0,0.0,120569.04999915889
28,2025-08-12 16:00:00,125882.04262891765,119661.02856738157,120731.66693490472,125882.04262891765,125882.04262891765,-5680.274246013377,-5680.274246013377,-5680.274246013377,-8.952658058413785,-8.952658058413785,-8.952658058413785,137.1684759695731,137.1684759695731,137.1684759695731,3545.2536832039327,3545.2536832039327,3545.2536832039327,3037.3443529332276,3037.3443529332276,3037.3443529332276,-88.44052815912357,-88.44052815912357,-88.44052815912357,306.16735598547945,306.16735598547945,306.16735598547945,177.82859534080086,177.82859534080086,177.82859534080086,-16.21962088705746,-16.21962088705746,-16.21962088705746,0.35771007944632527,0.35771007944632527,0.35771007944632527,-9225.527929217309,-9225.527929217309,-9225.527929217309,0.0,0.0,0.0,120201.76838290428
29,2025-08-12 17:00:00,125858.11216261784,119293.40971588137,120382.2958790171,125858.11216261784,125858.11216261784,-6031.729456538214,-6031.729456538214,-6031.729456538214,9.34932475084618,9.34932475084618,9.34932475084618,66.77387299467038,66.77387299467038,66.77387299467038,3296.6870647589994,3296.6870647589994,3296.6870647589994,3053.017623292687,3053.017623292687,3053.017623292687,-88.44052815912357,-88.44052815912357,-88.44052815912357,124.0079393173354,124.0079393173354,124.0079393173354,146.67017340063225,146.67017340063225,146.67017340063225,-11.071359332563592,-11.071359332563592,-11.071359332563592,-3.6199815054843953,-3.6199815054843953,-3.6199815054843953,-9328.416521297213,-9328.416521297213,-9328.416521297213,0.0,0.0,0.0,119826.38270607962
30,2025-08-12 18:00:00,125834.18169631803,119248.0841653685,120321.12366300302,125834.18169631803,125834.18169631803,-6057.892694464788,-6057.892694464788,-6057.892694464788,18.916288462282875,18.916288462282875,18.916288462282875,68.81690081645256,68.81690081645256,68.81690081645256,3372.284592703497,3372.284592703497,3372.284592703497,3065.3852075528876,3065.3852075528876,3065.3852075528876,-88.44052815912357,-88.44052815912357,-88.44052815912357,220.39881599876898,220.39881599876898,220.39881599876898,105.33341490356567,105.33341490356567,105.33341490356567,-14.505525365852572,-14.505525365852572,-14.505525365852572,-3.6199815054843953,-3.6199815054843953,-3.6199815054843953,-9430.177287168286,-9430.177287168286,-9430.177287168286,0.0,0.0,0.0,119776.28900185325
31,2025-08-12 19:00:00,125810.25123001821,119563.90792153723,120635.33447988918,125810.25123001821,125810.25123001821,-5705.372151096868,-5705.372151096868,-5705.372151096868,27.799897622902474,27.799897622902474,27.799897622902474,69.12425922027866,69.12425922027866,69.12425922027866,3825.438947016572,3825.438947016572,3825.438947016572,3093.376500973314,3093.376500973314,3093.376500973314,-88.44052815912357,-88.44052815912357,-88.44052815912357,478.1078991405635,478.1078991405635,478.1078991405635,264.0791603879336,264.0791603879336,264.0791603879336,-16.010377071725014,-16.010377071725014,-16.010377071725014,-2.597865097571676,-2.597865097571676,-2.597865097571676,-9530.81109811344,-9530.81109811344,-9530.81109811344,0.0,0.0,0.0,120104.87907892134
32,2025-08-12 20:00:00,125786.32076371838,119734.87207365109,120767.91402042602,125786.32076371838,125786.32076371838,-5514.686417592475,-5514.686417592475,-5514.686417592475,25.110375780501133,25.110375780501133,25.110375780501133,88.8291853278485,88.8291853278485,88.8291853278485,4115.632453542779,4115.632453542779,4115.632453542779,3128.363036436383,3128.363036436383,3128.363036436383,-88.44052815912357,-88.44052815912357,-88.44052815912357,633.9110154581139,633.9110154581139,633.9110154581139,332.51292135542195,332.51292135542195,332.51292135542195,-5.570933155549936,-5.570933155549936,-5.570933155549936,0.917380499184384,0.917380499184384,0.917380499184384,-9630.318871135254,-9630.318871135254,-9630.318871135254,0.0,0.0,0.0,120271.63434612591
33,2025-08-12 21:00:00,125762.39029741856,119407.52772828215,120454.19328469061,125762.39029741856,125762.39029741856,-5862.72131577067,-5862.72131577067,-5862.72131577067,22.612962641128462,22.612962641128462,22.612962641128462,70.29547945691698,70.29547945691698,70.29547945691698,3865.980253017634,3865.980253017634,3865.980253017634,3152.1664085210728,3152.1664085210728,3152.1664085210728,-88.44052815912357,-88.44052815912357,-88.44052815912357,489.7497234480954,489.7497234480954,489.7497234480954,218.4833911995125,218.4833911995125,218.4833911995125,4.732797415516258,4.732797415516258,4.732797415516258,-3.6199815054843953,-3.6199815054843953,-3.6199815054843953,-9728.701568788303,-9728.701568788303,-9728.701568788303,0.0,0.0,0.0,119899.66898164789
34,2025-08-12 22:00:00,125738.45983111876,119180.12384058657,120250.01606423006,125738.45983111876,125738.45983111876,-6006.663011520116,-6006.663011520116,-6006.663011520116,32.13594672539398,32.13594672539398,32.13594672539398,60.090964563545946,60.090964563545946,60.090964563545946,3819.2971875416292,3819.2971875416292,3819.2971875416292,3180.221947940513,3180.221947940513,3180.221947940513,-88.44052815912357,-88.44052815912357,-88.44052815912357,328.51596786053057,328.51596786053057,328.51596786053057,302.726671297278,302.726671297278,302.726671297278,1.8970103977754433,1.8970103977754433,1.8970103977754433,2.1492069157162486,2.1492069157162486,2.1492069157162486,-9825.960199061745,-9825.960199061745,-9825.960199061745,0.0,0.0,0.0,119731.79681959865
35,2025-08-12 23:00:00,125809.19269865759,119494.16216853389,120577.75109989145,125809.19269865759,125809.19269865759,-5778.480298021731,-5778.480298021731,-5778.480298021731,33.736971507908024,33.736971507908024,33.736971507908024,71.1963070881637,71.1963070881637,71.1963070881637,4143.615517149372,4143.615517149372,4143.615517149372,3218.9944083454807,3218.9944083454807,3218.9944083454807,-88.44052815912357,-88.44052815912357,-88.44052815912357,502.3268564513055,502.3268564513055,502.3268564513055,418.36651949427596,418.36651949427596,418.36651949427596,-11.093624696940003,-11.093624696940003,-11.093624696940003,-1.4713928816972648,-1.4713928816972648,-1.4713928816972648,-9922.095815171104,-9922.095815171104,-9922.095815171104,0.0,0.0,0.0,120030.71240063585
36,2025-08-13 00:00:00,125879.9255661964,119030.22865797333,120079.51905069854,125879.9255661964,125879.9255661964,-6336.4030312146415,-6336.4030312146415,-6336.4030312146415,49.018819025335944,49.018819025335944,49.018819025335944,40.80782393926012,40.80782393926012,40.80782393926012,3680.7064843142743,3680.7064843142743,3680.7064843142743,3236.431919727869,3236.431919727869,3236.431919727869,-88.44052815912357,-88.44052815912357,-88.44052815912357,147.58783092695177,147.58783092695177,147.58783092695177,289.68384289724906,289.68384289724906,289.68384289724906,5.441676655590927,5.441676655590927,5.441676655590927,0.17509930114069455,0.17509930114069455,0.17509930114069455,-10017.109515528915,-10017.109515528915,-10017.109515528915,0.0,0.0,0.0,119543.52253498176
37,2025-08-13 01:00:00,125950.6584337352,118706.7170743512,119760.42119045772,125950.6584337352,125950.6584337352,-6747.123556590269,-6747.123556590269,-6747.123556590269,82.44186062400905,82.44186062400905,82.44186062400905,-12.750993593648833,-12.750993593648833,-12.750993593648833,3363.8788868909896,3363.8788868909896,3363.8788868909896,3256.6790463171483,3256.6790463171483,3256.6790463171483,-88.44052815912357,-88.44052815912357,-88.44052815912357,-109.97270050124973,-109.97270050124973,-109.97270050124973,229.40074747529516,229.40074747529516,229.40074747529516,10.141436234044173,10.141436234044173,10.141436234044173,-3.6199815054843953,-3.6199815054843953,-3.6199815054843953,-10111.002443481259,-10111.002443481259,-10111.002443481259,0.0,0.0,0.0,119203.53487714492
38,2025-08-13 02:00:00,126021.39130127401,118646.75472306291,119741.59152003784,126021.39130127401,126021.39130127401,-6824.706857246574,-6824.706857246574,-6824.706857246574,101.9344228069017,101.9344228069017,101.9344228069017,-34.00822819287157,-34.00822819287157,-34.00822819287157,3379.068929973131,3379.068929973131,3379.068929973131,3275.8810281724577,3275.8810281724577,3275.8810281724577,-88.44052815912357,-88.44052815912357,-88.44052815912357,11.00832132478468,11.00832132478468,11.00832132478468,119.44815823850735,119.44815823850735,119.44815823850735,-12.394640220280579,-12.394640220280579,-12.394640220280579,5.6403960027553985,5.6403960027553985,5.6403960027553985,-10203.775787219705,-10203.775787219705,-10203.775787219705,0.0,0.0,0.0,119196.68444402743
39,2025-08-13 03:00:00,126092.12416881284,118853.29985577177,119897.28310087994,126092.12416881284,126092.12416881284,-6704.196540240003,-6704.196540240003,-6704.196540240003,120.03465911958789,120.03465911958789,120.03465911958789,-40.99104485717771,-40.99104485717771,-40.99104485717771,3591.2342393948556,3591.2342393948556,3591.2342393948556,3289.6200350616105,3289.6200350616105,3289.6200350616105,-88.44052815912357,-88.44052815912357,-88.44052815912357,128.72816119572948,128.72816119572948,128.72816119572948,208.52186785602748,208.52186785602748,208.52186785602748,-23.546103333110693,-23.546103333110693,-23.546103333110693,-2.692807488687621,-2.692807488687621,-2.692807488687621,-10295.430779634858,-10295.430779634858,-10295.430779634858,0.0,0.0,0.0,119387.92762857283
40,2025-08-13 04:00:00,126162.85703635165,118638.7708098573,119683.16755561286,126162.85703635165,126162.85703635165,-7004.066206259238,-7004.066206259238,-7004.066206259238,147.79902444679388,147.79902444679388,147.79902444679388,-43.02113034269744,-43.02113034269744,-43.02113034269744,3381.9024918830287,3381.9024918830287,3381.9024918830287,3305.502563817865,3305.502563817865,3305.502563817865,-88.44052815912357,-88.44052815912357,-88.44052815912357,57.79466232181526,57.79466232181526,57.79466232181526,42.522736000584125,42.522736000584125,42.522736000584125,-41.69508921891536,-41.69508921891536,-41.69508921891536,1.4402530167072498,1.4402530167072498,1.4402530167072498,-10385.968698142267,-10385.968698142267,-10385.968698142267,0.0,0.0,0.0,119158.79083009242
41,2025-08-13 05:00:00,126233.58990389045,118053.03327234565,119127.54877937923,126233.58990389045,126233.58990389045,-7618.353638502788,-7618.353638502788,-7618.353638502788,155.77126051615807,155.77126051615807,155.77126051615807,-87.00761816080237,-87.00761816080237,-87.00761816080237,2857.037226061684,2857.037226061684,2857.037226061684,3322.2572320107292,3322.2572320107292,3322.2572320107292,-88.44052815912357,-88.44052815912357,-88.44052815912357,-186.56992554284545,-186.56992554284545,-186.56992554284545,-198.78592016528853,-198.78592016528853,-198.78592016528853,-56.56729293165925,-56.56729293165925,-56.56729293165925,-3.6199815054843953,-3.6199815054843953,-3.6199815054843953,-10475.390864564471,-10475.390864564471,-10475.390864564471,0.0,0.0,0.0,118615.23626538766
42,2025-08-13 06:00:00,126304.32277142926,118326.70847602622,119400.96386315842,126304.32277142926,126304.32277142926,-7483.779255912567,-7483.779255912567,-7483.779255912567,162.94399896620243,162.94399896620243,162.94399896620243,-65.76624764711734,-65.76624764711734,-65.76624764711734,3079.9193890114134,3079.9193890114134,3079.9193890114134,3349.045748549616,3349.045748549616,3349.045748549616,-88.44052815912357,-88.44052815912357,-88.44052815912357,-223.34659732491298,-223.34659732491298,-223.34659732491298,-7.424961683408708,-7.424961683408708,-7.424961683408708,-47.13913855588839,-47.13913855588839,-47.13913855588839,0.047114866045990585,0.047114866045990585,0.047114866045990585,-10563.698644923981,-10563.698644923981,-10563.698644923981,0.0,0.0,0.0,118820.54351551669
43,2025-08-13 07:00:00,126375.05563896809,118726.04088959836,119755.94679745992,126375.05563896809,126375.05563896809,-7118.569592346619,-7118.569592346619,-7118.569592346619,182.1321865465181,182.1321865465181,182.1321865465181,-18.97567915099721,-18.97567915099721,-18.97567915099721,3532.3238569795917,3532.3238569795917,3532.3238569795917,3380.7325636133223,3380.7325636133223,3380.7325636133223,-88.44052815912357,-88.44052815912357,-88.44052815912357,-24.98680811087528,-24.98680811087528,-24.98680811087528,160.71154793912913,160.71154793912913,160.71154793912913,-55.22944419289749,-55.22944419289749,-55.22944419289749,-3.6199815054843953,-3.6199815054843953,-3.6199815054843953,-10650.89344932621,-10650.89344932621,-10650.89344932621,0.0,0.0,0.0,119256.48604662146
44,2025-08-13 08:00:00,126445.7885065069,118934.44368410662,119962.59166542908,126445.7885065069,126445.7885065069,-6995.799714984089,-6995.799714984089,-6995.799714984089,194.15508001365748,194.15508001365748,194.15508001365748,35.371534554668486,35.371534554668486,35.371534554668486,3741.177016804474,3741.177016804474,3741.177016804474,3402.9050051230483,3402.9050051230483,3402.9050051230483,-88.44052815912357,-88.44052815912357,-88.44052815912357,22.570515791747734,22.570515791747734,22.570515791747734,226.24097512079751,226.24097512079751,226.24097512079751,-48.00558413483734,-48.00558413483734,-48.00558413483734,-3.6199815054843953,-3.6199815054843953,-3.6199815054843953,-10736.976731788565,-10736.976731788565,-10736.976731788565,0.0,0.0,0.0,119449.9887915228
45,2025-08-13 09:00:00,126516.5213740457,118973.3828285365,119996.51861857937,126516.5213740457,126516.5213740457,-7029.346787933801,-7029.346787933801,-7029.346787933801,198.0739553622582,198.0739553622582,198.0739553622582,63.98036978170291,63.98036978170291,63.98036978170291,3792.603202165007,3792.603202165007,3792.603202165007,3441.907833324477,3441.907833324477,3441.907833324477,-88.44052815912357,-88.44052815912357,-88.44052815912357,46.38487275673777,46.38487275673777,46.38487275673777,180.24992641917353,180.24992641917353,180.24992641917353,-54.352453705540384,-54.352453705540384,-54.352453705540384,4.799226385322042,4.799226385322042,4.799226385322042,-10821.949990098808,-10821.949990098808,-10821.949990098808,0.0,0.0,0.0,119487.1745861119
46,2025-08-13 10:00:00,126587.25424158451,119216.62798918744,120262.49406480731,126587.25424158451,126587.25424158451,-6839.680493708107,-6839.680493708107,-6839.680493708107,188.20389021097387,188.20389021097387,188.20389021097387,104.10732889157069,104.10732889157069,104.10732889157069,4066.134271894212,4066.134271894212,4066.134271894212,3473.733695086053,3473.733695086053,3473.733695086053,-88.44052815912357,-88.44052815912357,-88.44052815912357,314.691587501334,314.691587501334,314.691587501334,135.57075692466827,135.57075692466827,135.57075692466827,-64.66606933828321,-64.66606933828321,-64.66606933828321,2.9336107770191906,2.9336107770191906,2.9336107770191906,-10905.81476560232,-10905.81476560232,-10905.81476560232,0.0,0.0,0.0,119747.5737478764
47,2025-08-13 11:00:00,126657.98710912334,119471.92921818327,120560.40014076681,126657.98710912334,126657.98710912334,-6640.691389329156,-6640.691389329156,-6640.691389329156,171.18957250958394,171.18957250958394,171.18957250958394,116.76777861063852,116.76777861063852,116.76777861063852,4347.881253775057,4347.881253775057,4347.881253775057,3493.7885425782806,3493.7885425782806,3493.7885425782806,-88.44052815912357,-88.44052815912357,-88.44052815912357,436.34169572134397,436.34169572134397,436.34169572134397,294.73231802651605,294.73231802651605,294.73231802651605,-76.75285851643756,-76.75285851643756,-76.75285851643756,0.25473300425496986,0.25473300425496986,0.25473300425496986,-10988.572643104211,-10988.572643104211,-10988.572643104211,0.0,0.0,0.0,120017.29571979419
48,2025-08-13 12:00:00,126728.71997666215,119151.67748527,120208.75046683128,126728.71997666215,126728.71997666215,-7061.291884410269,-7061.291884410269,-7061.291884410269,167.9300196255764,167.9300196255764,167.9300196255764,77.40890576768193,77.40890576768193,77.40890576768193,4008.9333662526087,4008.9333662526087,4008.9333662526087,3512.18974394588,3512.18974394588,3512.18974394588,-88.44052815912357,-88.44052815912357,-88.44052815912357,295.4332140436691,295.4332140436691,295.4332140436691,116.26737605071675,116.26737605071675,116.26737605071675,-68.23538351630731,-68.23538351630731,-68.23538351630731,-3.6199815054843953,-3.6199815054843953,-3.6199815054843953,-11070.225250662877,-11070.225250662877,-11070.225250662877,0.0,0.0,0.0,119667.42809225188
49,2025-08-13 13:00:00,126799.45284420095,121372.69700962797,122392.64641104113,126799.45284420095,126799.45284420095,-4920.189327541209,-4920.189327541209,-4920.189327541209,128.23709397605663,128.23709397605663,128.23709397605663,141.58499817373786,141.58499817373786,141.58499817373786,6230.584931893097,6230.584931893097,6230.584931893097,3585.043330127809,3585.043330127809,3585.043330127809,1128.7157377836966,1128.7157377836966,1128.7157377836966,811.4458057124178,811.4458057124178,811.4458057124178,385.7622725028284,385.7622725028284,385.7622725028284,40.73836992631572,40.73836992631572,40.73836992631572,9.057323690233657,9.057323690233657,9.057323690233657,-11150.774259434305,-11150.774259434305,-11150.774259434305,0.0,0.0,0.0,121879.26351665973
50,2025-08-13 14:00:00,126870.18571173976,121126.07229997651,122168.75082992057,126870.18571173976,126870.18571173976,-5249.736240875973,-5249.736240875973,-5249.736240875973,87.14920582065297,87.14920582065297,87.14920582065297,111.91349453530607,111.91349453530607,111.91349453530607,5980.4851425910765,5980.4851425910765,5980.4851425910765,3635.2040822080053,3635.2040822080053,3635.2040822080053,1134.5374293825423,1134.5374293825423,1134.5374293825423,618.8317992568811,618.8317992568811,618.8317992568811,321.19737037270585,321.19737037270585,321.19737037270585,54.35688936206149,54.35688936206149,54.35688936206149,17.2948716529209,17.2948716529209,17.2948716529209,-11230.22138346705,-11230.22138346705,-11230.22138346705,0.0,0.0,0.0,121620.4494708638
51,2025-08-13 15:00:00,126940.91857927859,121174.37012906594,122266.28004897495,126940.91857927859,126940.91857927859,-5220.774166632364,-5220.774166632364,-5220.774166632364,71.20751999895431,71.20751999895431,71.20751999895431,64.93801940091325,64.93801940091325,64.93801940091325,6087.7942130028105,6087.7942130028105,6087.7942130028105,3672.735677032015,3672.735677032015,3672.735677032015,1138.1994636563627,1138.1994636563627,1138.1994636563627,718.7284426632776,718.7284426632776,718.7284426632776,363.9663263829569,363.9663263829569,363.9663263829569,50.89195131162515,50.89195131162515,50.89195131162515,7.126812556706336,7.126812556706336,7.126812556706336,-11308.568379635173,-11308.568379635173,-11308.568379635173,0.0,0.0,0.0,121720.14441264622
52,2025-08-13 16:00:00,127011.6514468174,121216.5911901585,122355.09746388294,127011.6514468174,127011.6514468174,-5210.385898410678,-5210.385898410678,-5210.385898410678,48.34502008398284,48.34502008398284,48.34502008398284,82.09760967682676,82.09760967682676,82.09760967682676,6175.431148941051,6175.431148941051,6175.431148941051,3707.995716890893,3707.995716890893,3707.995716890893,1142.750366390502,1142.750366390502,1142.750366390502,728.0427295419884,728.0427295419884,728.0427295419884,412.7720968727499,412.7720968727499,412.7720968727499,54.91687834931075,54.91687834931075,54.91687834931075,-1.4892688652023203,-1.4892688652023203,-1.4892688652023203,-11385.81704735173,-11385.81704735173,-11385.81704735173,0.0,0.0,0.0,121801.26554840672
53,2025-08-13 17:00:00,127082.38431435621,121496.7039864008,122571.78166637824,127082.38431435621,127082.38431435621,-5080.2296622880185,-5080.2296622880185,-5080.2296622880185,23.583177093214278,23.583177093214278,23.583177093214278,91.29177706531124,91.29177706531124,91.29177706531124,6381.739566132691,6381.739566132691,6381.739566132691,3768.0703149689425,3768.0703149689425,3768.0703149689425,1148.8952495847454,1148.8952495847454,1148.8952495847454,815.6264772066011,815.6264772066011,815.6264772066011,479.42394808733616,479.42394808733616,479.42394808733616,57.44444289621009,57.44444289621009,57.44444289621009,-2.5958207696708318,-2.5958207696708318,-2.5958207696708318,-11461.969228420709,-11461.969228420709,-11461.969228420709,0.0,0.0,0.0,122002.15465206819
54,2025-08-13 18:00:00,127153.11718189501,121260.71296359962,122311.52188796207,127153.11718189501,127153.11718189501,-5357.996999953809,-5357.996999953809,-5357.996999953809,-0.8344032545791042,-0.8344032545791042,-0.8344032545791042,75.68059853582717,75.68059853582717,75.68059853582717,6179.029806994261,6179.029806994261,6179.029806994261,3814.861134950849,3814.861134950849,3814.861134950849,1155.215342427417,1155.215342427417,1155.215342427417,611.9481020027362,611.9481020027362,611.9481020027362,454.39841824251414,454.39841824251414,454.39841824251414,60.224127729962035,60.224127729962035,60.224127729962035,7.536486359533626,7.536486359533626,7.536486359533626,-11537.02680694807,-11537.02680694807,-11537.02680694807,0.0,0.0,0.0,121795.1201819412
55,2025-08-13 19:00:00,127223.85004943384,121872.04063742701,122969.04795494619,127223.85004943384,127223.85004943384,-4810.513422597259,-4810.513422597259,-4810.513422597259,-39.48610040136414,-39.48610040136414,-39.48610040136414,101.523738804246,101.523738804246,101.523738804246,6800.478286429206,6800.478286429206,6800.478286429206,3893.1907747487426,3893.1907747487426,3893.1907747487426,1168.0250602359986,1168.0250602359986,1168.0250602359986,952.2789368888342,952.2789368888342,952.2789368888342,635.0584136851356,635.0584136851356,635.0584136851356,82.08616433115581,82.08616433115581,82.08616433115581,7.801298136456918,7.801298136456918,7.801298136456918,-11610.991709026464,-11610.991709026464,-11610.991709026464,0.0,0.0,0.0,122413.33662683658
56,2025-08-13 20:00:00,127294.58291697265,121838.07563671008,122901.79308772286,127294.58291697265,127294.58291697265,-4905.7910154600895,-4905.7910154600895,-4905.7910154600895,-77.99084639444881,-77.99084639444881,-77.99084639444881,108.8884787825472,108.8884787825472,108.8884787825472,6778.074887219307,6778.074887219307,6778.074887219307,3988.148426341454,3988.148426341454,3988.148426341454,1180.4230964194262,1180.4230964194262,1180.4230964194262,875.0549449374182,875.0549449374182,875.0549449374182,616.1791150701827,616.1791150701827,616.1791150701827,82.1530256601678,82.1530256601678,82.1530256601678,5.218646402560333,5.218646402560333,5.218646402560333,-11683.865902679398,-11683.865902679398,-11683.865902679398,0.0,0.0,0.0,122388.79190151257
57,2025-08-13 21:00:00,127365.31578451146,121612.53141273459,122724.61539891377,127365.31578451146,127365.31578451146,-5196.4192785295045,-5196.4192785295045,-5196.4192785295045,-104.14244568227939,-104.14244568227939,-104.14244568227939,86.92459206011104,86.92459206011104,86.92459206011104,6559.232119078717,6559.232119078717,6559.232119078717,4078.365411556908,4078.365411556908,4078.365411556908,1194.0753162325884,1194.0753162325884,1194.0753162325884,699.5426944979465,699.5426944979465,699.5426944979465,507.2200089355497,507.2200089355497,507.2200089355497,96.15030605863925,96.15030605863925,96.15030605863925,1.0962354192535804,1.0962354192535804,1.0962354192535804,-11755.651397608222,-11755.651397608222,-11755.651397608222,0.0,0.0,0.0,122168.89650598196
58,2025-08-13 22:00:00,127436.04865205029,122014.12814887582,123073.39927085435,127436.04865205029,127436.04865205029,-4896.4957630818,-4896.4957630818,-4896.4957630818,-138.58368064262984,-138.58368064262984,-138.58368064262984,97.71900495245133,97.71900495245133,97.71900495245133,6929.854481940608,6929.854481940608,6929.854481940608,4179.935353148144,4179.935353148144,4179.935353148144,1210.1051676041307,1210.1051676041307,1210.1051676041307,972.4876806891208,972.4876806891208,972.4876806891208,514.5481173205728,514.5481173205728,514.5481173205728,97.2628203743029,97.2628203743029,97.2628203743029,-3.6199815054843953,-3.6199815054843953,-3.6199815054843953,-11826.350245022408,-11826.350245022408,-11826.350245022408,0.0,0.0,0.0,122539.5528889685
59,2025-08-13 23:00:00,127506.7815195891,121768.70447854113,122816.09273322503,127506.7815195891,127506.7815195891,-5206.719350923905,-5206.719350923905,-5206.719350923905,-170.56482739152673,-170.56482739152673,-170.56482739152673,93.80382942911918,93.80382942911918,93.80382942911918,6689.245186558863,6689.245186558863,6689.245186558863,4294.048867146869,4294.048867146869,4294.048867146869,1228.312685654809,1228.312685654809,1228.312685654809,598.2345417866992,598.2345417866992,598.2345417866992,531.3484879354189,531.3484879354189,531.3484879354189,97.90589641041586,97.90589641041586,97.90589641041586,16.155705587057525,16.155705587057525,16.155705587057525,-11895.964537482767,-11895.964537482767,-11895.964537482767,0.0,0.0,0.0,122300.0621686652
60,2025-08-14 00:00:00,127577.5143871279,122299.99465076788,123335.54422417571,127577.5143871279,127577.5143871279,-4762.56854698387,-4762.56854698387,-4762.56854698387,-209.58420049378228,-209.58420049378228,-209.58420049378228,97.79804886030432,97.79804886030432,97.79804886030432,7201.9278617181335,7201.9278617181335,7201.9278617181335,4425.104968885582,4425.104968885582,4425.104968885582,1247.5249730430044,1247.5249730430044,1247.5249730430044,986.7486378150811,986.7486378150811,986.7486378150811,539.9643682748824,539.9643682748824,539.9643682748824,99.0658476952651,99.0658476952651,99.0658476952651,15.30521763779707,15.30521763779707,15.30521763779707,-11964.496408702003,-11964.496408702003,-11964.496408702003,0.0,0.0,0.0,122814.94584014404
61,2025-08-14 01:00:00,127648.24725466671,122128.28175873216,123234.64356915624,127648.24725466671,127648.24725466671,-4948.67665499803,-4948.67665499803,-4948.67665499803,-245.81647551730532,-245.81647551730532,-245.81647551730532,74.10732694291305,74.10732694291305,74.10732694291305,7083.271378342269,7083.271378342269,7083.271378342269,4554.78827129536,4554.78827129536,4554.78827129536,1265.8344728768539,1265.8344728768539,1265.8344728768539,874.8496960645051,874.8496960645051,874.8496960645051,447.84953278228943,447.84953278228943,447.84953278228943,111.82328845314547,111.82328845314547,111.82328845314547,-0.16473455549264265,-0.16473455549264265,-0.16473455549264265,-12031.948033340299,-12031.948033340299,-12031.948033340299,0.0,0.0,0.0,122699.57059966869
62,2025-08-14 02:00:00,127718.98012220554,122350.36988761979,123351.6826139836,127718.98012220554,127718.98012220554,-4879.053485089152,-4879.053485089152,-4879.053485089152,-274.24523115766243,-274.24523115766243,-274.24523115766243,66.17805940316673,66.17805940316673,66.17805940316673,7219.268141735223,7219.268141735223,7219.268141735223,4680.6640804635745,4680.6640804635745,4680.6640804635745,1284.1335639145166,1284.1335639145166,1284.1335639145166,816.8933680955422,816.8933680955422,816.8933680955422,539.6544670278394,539.6544670278394,539.6544670278394,100.40358890360942,100.40358890360942,100.40358890360942,5.586245084637692,5.586245084637692,5.586245084637692,-12098.321626824376,-12098.321626824376,-12098.321626824376,0.0,0.0,0.0,122839.92663711638
63,2025-08-14 03:00:00,127789.71298974435,121882.78641734882,122961.25410485474,127789.71298974435,127789.71298974435,-5368.460373634874,-5368.460373634874,-5368.460373634874,-302.80108530293984,-302.80108530293984,-302.80108530293984,57.6634849172181,57.6634849172181,57.6634849172181,6795.159071553132,6795.159071553132,6795.159071553132,4792.106337603287,4792.106337603287,4792.106337603287,1301.3091154505435,1301.3091154505435,1301.3091154505435,562.0786821533337,562.0786821533337,562.0786821533337,343.4467868650948,343.4467868650948,343.4467868650948,43.44148705375027,43.44148705375027,43.44148705375027,-2.0857371871555723,-2.0857371871555723,-2.0857371871555723,-12163.619445188006,-12163.619445188006,-12163.619445188006,0.0,0.0,0.0,122421.25261610947
64,2025-08-14 04:00:00,127860.44585728315,122033.7488995885,123081.35303479584,127860.44585728315,127860.44585728315,-5313.5141631261295,-5313.5141631261295,-5313.5141631261295,-314.6990526325804,-314.6990526325804,-314.6990526325804,35.31586978719505,35.31586978719505,35.31586978719505,6914.3296217133275,6914.3296217133275,6914.3296217133275,4884.053146342208,4884.053146342208,4884.053146342208,1317.0017035110254,1317.0017035110254,1317.0017035110254,538.8700022922463,538.8700022922463,538.8700022922463,436.50284899917693,436.50284899917693,436.50284899917693,20.905084919540855,20.905084919540855,20.905084919540855,-3.6199815054843953,-3.6199815054843953,-3.6199815054843953,-12227.843784839457,-12227.843784839457,-12227.843784839457,0.0,0.0,0.0,122546.93169415701
65,2025-08-14 05:00:00,127931.17872482196,121231.80061751294,122293.40764188138,127931.17872482196,127931.17872482196,-6163.2202026232,-6163.2202026232,-6163.2202026232,-282.59293468928763,-282.59293468928763,-282.59293468928763,-17.165092488389085,-17.165092488389085,-17.165092488389085,6127.7767797623355,6127.7767797623355,6127.7767797623355,4943.820510874967,4943.820510874967,4943.820510874967,1330.1126964467821,1330.1126964467821,1330.1126964467821,-163.71319114924088,-163.71319114924088,-163.71319114924088,246.3246616509458,246.3246616509458,246.3246616509458,66.24177321621161,66.24177321621161,66.24177321621161,4.74835590034755,4.74835590034755,4.74835590034755,-12290.996982385535,-12290.996982385535,-12290.996982385535,0.0,0.0,0.0,121767.95852219877
66,2025-08-14 06:00:00,128001.91159236079,121014.37977581071,122058.45285579936,128001.91159236079,128001.91159236079,-6457.576421824823,-6457.576421824823,-6457.576421824823,-226.9670384313353,-226.9670384313353,-226.9670384313353,-75.01168933503197,-75.01168933503197,-75.01168933503197,5895.504992629689,5895.504992629689,5895.504992629689,4982.984642423921,4982.984642423921,4982.984642423921,1340.7180387883545,1340.7180387883545,1340.7180387883545,-323.2749707405586,-323.2749707405586,-323.2749707405586,120.55743365100325,120.55743365100325,120.55743365100325,67.722941950835,67.722941950835,67.722941950835,8.775634322501073,8.775634322501073,8.775634322501073,-12353.081414454511,-12353.081414454511,-12353.081414454511,0.0,0.0,0.0,121544.33517053597
67,2025-08-14 07:00:00,128072.64445989957,121161.5945117255,122300.24664986125,128072.64445989957,128072.64445989957,-6372.518200952026,-6372.518200952026,-6372.518200952026,-175.3144204775223,-175.3144204775223,-175.3144204775223,-70.74508366764267,-70.74508366764267,-70.74508366764267,6041.581296499747,6041.581296499747,6041.581296499747,5018.784119224517,5018.784119224517,5018.784119224517,1352.634614730551,1352.634614730551,1352.634614730551,-190.73074997910604,-190.73074997910604,-190.73074997910604,46.08396579910095,46.08396579910095,46.08396579910095,59.08091948247131,59.08091948247131,59.08091948247131,1.7879313873787095,1.7879313873787095,1.7879313873787095,-12414.099497451773,-12414.099497451773,-12414.099497451773,0.0,0.0,0.0,121700.12625894755
68,2025-08-14 08:00:00,128074.46957854791,121044.6665686969,122078.6712466939,128074.46957854791,128074.46957854791,-6538.571024406895,-6538.571024406895,-6538.571024406895,-127.35127523469595,-127.35127523469595,-127.35127523469595,-75.43547298273903,-75.43547298273903,-75.43547298273903,5935.482663015071,5935.482663015071,5935.482663015071,5059.805189594976,5059.805189594976,5059.805189594976,1363.4972771655503,1363.4972771655503,1363.4972771655503,-395.8946342690544,-395.8946342690544,-395.8946342690544,56.36012158521513,56.36012158521513,56.36012158521513,58.12143866130362,58.12143866130362,58.12143866130362,-3.6199815054843953,-3.6199815054843953,-3.6199815054843953,-12474.053687421967,-12474.053687421967,-12474.053687421967,0.0,0.0,0.0,121535.89855414102
69,2025-08-14 09:00:00,128076.29469719627,120565.47064340951,121666.3076576597,128076.29469719627,128076.29469719627,-6943.302945012554,-6943.302945012554,-6943.302945012554,-82.31776529792965,-82.31776529792965,-82.31776529792965,-68.23324777793323,-68.23324777793323,-68.23324777793323,5589.643534806037,5589.643534806037,5589.643534806037,5059.563578748683,5059.563578748683,5059.563578748683,1374.0431275899114,1374.0431275899114,1374.0431275899114,-501.1673616032021,-501.1673616032021,-501.1673616032021,-184.30177918831723,-184.30177918831723,-184.30177918831723,-8.76013101219889,-8.76013101219889,-8.76013101219889,0.8171133470243802,0.8171133470243802,0.8171133470243802,-12532.94647981859,-12532.94647981859,-12532.94647981859,0.0,0.0,0.0,121132.9917521837
70,2025-08-14 10:00:00,128078.1198158446,119994.76628335229,121063.11865643246,128078.1198158446,128078.1198158446,-7523.50705073488,-7523.50705073488,-7523.50705073488,-62.711783472975604,-62.711783472975604,-62.711783472975604,-84.1363331191536,-84.1363331191536,-84.1363331191536,5067.273358545814,5067.273358545814,5067.273358545814,5056.368258097725,5056.368258097725,5056.368258097725,1382.2716930543168,1382.2716930543168,1382.2716930543168,-909.0160974784333,-909.0160974784333,-909.0160974784333,-324.4521532786757,-324.4521532786757,-324.4521532786757,12.569756248493759,12.569756248493759,12.569756248493759,-3.6199815054843953,-3.6199815054843953,-3.6199815054843953,-12590.780409280693,-12590.780409280693,-12590.780409280693,0.0,0.0,0.0,120554.61276510972
71,2025-08-14 11:00:00,128079.94493449296,120208.85703844659,121290.43567116135,128079.94493449296,128079.94493449296,-7316.008347970475,-7316.008347970475,-7316.008347970475,-46.63608210917618,-46.63608210917618,-46.63608210917618,-77.73478104623204,-77.73478104623204,-77.73478104623204,5331.549701509581,5331.549701509581,5331.549701509581,5057.332177532928,5057.332177532928,5057.332177532928,1392.2881295165957,1392.2881295165957,1392.2881295165957,-755.0835037687855,-755.0835037687855,-755.0835037687855,-255.02578900695158,-255.02578900695158,-255.02578900695158,11.355876495989115,11.355876495989115,11.355876495989115,5.053673895213148,5.053673895213148,5.053673895213148,-12647.558049480056,-12647.558049480056,-12647.558049480056,0.0,0.0,0.0,120763.93658652248
72,2025-08-14 12:00:00,128081.7700531413,119137.19324692614,120186.29712747791,128081.7700531413,128081.7700531413,-8431.877123708318,-8431.877123708318,-8431.877123708318,-71.96479065455753,-71.96479065455753,-71.96479065455753,-112.61475820868102,-112.61475820868102,-112.61475820868102,4271.404889177351,4271.404889177351,4271.404889177351,4985.579951334095,4985.579951334095,4985.579951334095,1394.0980696043341,1394.0980696043341,1394.0980696043341,-1516.5480918118851,-1516.5480918118851,-1516.5480918118851,-557.1898478173543,-557.1898478173543,-557.1898478173543,129.5048989872926,129.5048989872926,129.5048989872926,20.53945774410707,20.53945774410707,20.53945774410707,-12703.28201288567,-12703.28201288567,-12703.28201288567,0.0,0.0,0.0,119649.89292943299
73,2025-08-14 13:00:00,128083.59517178965,118730.147586054,119792.03365990042,128083.59517178965,128083.59517178965,-8836.603716484642,-8836.603716484642,-8836.603716484642,-104.37496513927717,-104.37496513927717,-104.37496513927717,-125.43213007161428,-125.43213007161428,-125.43213007161428,3921.3512340960942,3921.3512340960942,3921.3512340960942,4886.234298008729,4886.234298008729,4886.234298008729,1393.905644234352,1393.905644234352,1393.905644234352,-1582.1576037972238,-1582.1576037972238,-1582.1576037972238,-674.149324225966,-674.149324225966,-674.149324225966,114.48275188966467,114.48275188966467,114.48275188966467,12.842563197429103,12.842563197429103,12.842563197429103,-12757.954950580735,-12757.954950580735,-12757.954950580735,0.0,0.0,0.0,119246.99145530502
74,2025-08-14 14:00:00,128085.42029043799,118740.11771889988,119790.4060764222,128085.42029043799,128085.42029043799,-8789.765986290064,-8789.765986290064,-8789.765986290064,-125.75636182721908,-125.75636182721908,-125.75636182721908,-94.00273401491947,-94.00273401491947,-94.00273401491947,4021.813565710383,4021.813565710383,4021.813565710383,4804.279118816482,4804.279118816482,4804.279118816482,1392.448931681739,1392.448931681739,1392.448931681739,-1365.8921323681518,-1365.8921323681518,-1365.8921323681518,-696.529611500179,-696.529611500179,-696.529611500179,110.88633642811564,110.88633642811564,110.88633642811564,-3.6199815054843953,-3.6199815054843953,-3.6199815054843953,-12811.579552000447,-12811.579552000447,-12811.579552000447,0.0,0.0,0.0,119295.65430414793
75,2025-08-14 15:00:00,128087.24540908635,118654.7428794857,119774.25757580918,128087.24540908635,128087.24540908635,-8888.864092607579,-8888.864092607579,-8888.864092607579,-147.34617100875815,-147.34617100875815,-147.34617100875815,-85.05617799370688,-85.05617799370688,-85.05617799370688,3975.294452211535,3975.294452211535,3975.294452211535,4670.95054431264,4670.95054431264,4670.95054431264,1390.3189440044926,1390.3189440044926,1390.3189440044926,-1259.6365593838625,-1259.6365593838625,-1259.6365593838625,-703.0950236405693,-703.0950236405693,-703.0950236405693,112.77887742678332,112.77887742678332,112.77887742678332,-3.6199815054843953,-3.6199815054843953,-3.6199815054843953,-12864.158544819114,-12864.158544819114,-12864.158544819114,0.0,0.0,0.0,119198.38131647877
76,2025-08-14 16:00:00,128089.0705277347,118358.95830835447,119463.4817906408,128089.0705277347,128089.0705277347,-9191.236585363793,-9191.236585363793,-9191.236585363793,-172.53056250037787,-172.53056250037787,-172.53056250037787,-79.49378254929006,-79.49378254929006,-79.49378254929006,3724.458109288599,3724.458109288599,3724.458109288599,4523.825600420534,4523.825600420534,4523.825600420534,1384.5373918982732,1384.5373918982732,1384.5373918982732,-1259.7878319423035,-1259.7878319423035,-1259.7878319423035,-785.030742738759,-785.030742738759,-785.030742738759,97.58004687737758,97.58004687737758,97.58004687737758,15.35798982314444,15.35798982314444,15.35798982314444,-12915.694694652391,-12915.694694652391,-12915.694694652391,0.0,0.0,0.0,118897.83394237091
77,2025-08-14 17:00:00,128090.89564638304,118161.27037369237,119238.96533734925,128090.89564638304,128090.89564638304,-9401.964266084537,-9401.964266084537,-9401.964266084537,-195.91606888545343,-195.91606888545343,-195.91606888545343,-64.59702904887689,-64.59702904887689,-64.59702904887689,3564.2265388074698,3564.2265388074698,3564.2265388074698,4388.092619403596,4388.092619403596,4388.092619403596,1376.6896784867354,1376.6896784867354,1376.6896784867354,-1264.1557722979549,-1264.1557722979549,-1264.1557722979549,-778.7789723467902,-778.7789723467902,-778.7789723467902,102.74959835646771,102.74959835646771,102.74959835646771,0.14248513974583313,0.14248513974583313,0.14248513974583313,-12966.190804892005,-12966.190804892005,-12966.190804892005,0.0,0.0,0.0,118688.9313802985
78,2025-08-14 18:00:00,128092.7207650314,118236.1029657959,119280.0684389523,128092.7207650314,128092.7207650314,-9336.493259715196,-9336.493259715196,-9336.493259715196,-220.3390748391882,-220.3390748391882,-220.3390748391882,-53.281670140566014,-53.281670140566014,-53.281670140566014,3679.156456758808,3679.156456758808,3679.156456758808,4248.50763184578,4248.50763184578,4248.50763184578,1371.2293644188567,1371.2293644188567,1371.2293644188567,-1101.693768205535,-1101.693768205535,-1101.693768205535,-682.3297692959533,-682.3297692959533,-682.3297692959533,119.55872608281277,119.55872608281277,119.55872608281277,-2.494983107398965,-2.494983107398965,-2.494983107398965,-13015.649716474005,-13015.649716474005,-13015.649716474005,0.0,0.0,0.0,118756.2275053162
79,2025-08-14 19:00:00,128094.54588367973,117995.15648155613,119084.29086811464,128094.54588367973,128094.54588367973,-9571.613666563728,-9571.613666563728,-9571.613666563728,-234.04889422796072,-234.04889422796072,-234.04889422796072,-39.98455357125882,-39.98455357125882,-39.98455357125882,3492.4606411289633,3492.4606411289633,3492.4606411289633,4094.8133051044906,4094.8133051044906,4094.8133051044906,1366.9054711194478,1366.9054711194478,1366.9054711194478,-1154.2754243742918,-1154.2754243742918,-1154.2754243742918,-646.0196368609923,-646.0196368609923,-646.0196368609923,108.6903554450123,108.6903554450123,108.6903554450123,-3.6199815054843953,-3.6199815054843953,-3.6199815054843953,-13064.074307692692,-13064.074307692692,-13064.074307692692,0.0,0.0,0.0,118522.932217116
80,2025-08-14 20:00:00,128096.37100232809,117928.83857011887,119033.16561874567,128096.37100232809,128096.37100232809,-9622.603217028114,-9622.603217028114,-9622.603217028114,-250.78136431997774,-250.78136431997774,-250.78136431997774,-42.265397906231094,-42.265397906231094,-42.265397906231094,3488.8642769396565,3488.8642769396565,3488.8642769396565,3920.9280670230683,3920.9280670230683,3920.9280670230683,1361.3400617868379,1361.3400617868379,1361.3400617868379,-974.6152215725024,-974.6152215725024,-974.6152215725024,-639.4150362010666,-639.4150362010666,-639.4150362010666,108.5343456001199,108.5343456001199,108.5343456001199,5.13882252940877,5.13882252940877,5.13882252940877,-13111.46749396777,-13111.46749396777,-13111.46749396777,0.0,0.0,0.0,118473.76778529998
81,2025-08-14 21:00:00,128098.1961209764,117706.99161877549,118807.78459248265,128098.1961209764,128098.1961209764,-9837.663971868018,-9837.663971868018,-9837.663971868018,-270.7253516131044,-270.7253516131044,-270.7253516131044,-39.352324030047214,-39.352324030047214,-39.352324030047214,3320.1682557423683,3320.1682557423683,3320.1682557423683,3760.949793228218,3760.949793228218,3760.949793228218,1354.6434818703474,1354.6434818703474,1354.6434818703474,-974.3388162254492,-974.3388162254492,-974.3388162254492,-620.6288921166124,-620.6288921166124,-620.6288921166124,110.01625086483232,110.01625086483232,110.01625086483232,-0.3958862358159898,-0.3958862358159898,-0.3958862358159898,-13157.832227610386,-13157.832227610386,-13157.832227610386,0.0,0.0,0.0,118260.53214910837
82,2025-08-14 22:00:00,128100.02123962475,118480.42044837642,119579.70863634389,128100.02123962475,128100.02123962475,-9072.78119293241,-9072.78119293241,-9072.78119293241,-282.5691418941702,-282.5691418941702,-282.5691418941702,-26.502585666907777,-26.502585666907777,-26.502585666907777,4130.39030470195,4130.39030470195,4130.39030470195,3605.5355093133207,3605.5355093133207,3605.5355093133207,1347.6130573676417,1347.6130573676417,1347.6130573676417,-144.90518378508634,-144.90518378508634,-144.90518378508634,-491.3075194602681,-491.3075194602681,-491.3075194602681,126.14615033290524,126.14615033290524,126.14615033290524,-3.6199815054843953,-3.6199815054843953,-3.6199815054843953,-13203.171497634363,-13203.171497634363,-13203.171497634363,0.0,0.0,0.0,119027.24004669234
83,2025-08-14 23:00:00,128101.84635827309,118434.07252225008,119512.76197620375,128101.84635827309,128101.84635827309,-9121.298977623683,-9121.298977623683,-9121.298977623683,-284.77215095458126,-284.77215095458126,-284.77215095458126,-9.894156239681497,-9.894156239681497,-9.894156239681497,4126.189351879622,4126.189351879622,4126.189351879622,3457.5806447839536,3457.5806447839536,3457.5806447839536,1341.939164569785,1341.939164569785,1341.939164569785,6.569168118323395,6.569168118323395,6.569168118323395,-506.53265333638535,-506.53265333638535,-506.53265333638535,124.91931644369353,124.91931644369353,124.91931644369353,-3.6199815054843953,-3.6199815054843953,-3.6199815054843953,-13247.488329503305,-13247.488329503305,-13247.488329503305,0.0,0.0,0.0,118980.54738064941
84,2025-08-15 00:00:00,128103.67147692144,118156.02668794326,119206.2921843184,128103.67147692144,128103.67147692144,-9421.38322940989,-9421.38322940989,-9421.38322940989,-289.2319537159595,-289.2319537159595,-289.2319537159595,-7.471434012866607,-7.471434012866607,-7.471434012866607,3869.4025555866147,3869.4025555866147,3869.4025555866147,3315.948045457557,3315.948045457557,3315.948045457557,1335.0576987925726,1335.0576987925726,1335.0576987925726,-147.49745743119186,-147.49745743119186,-147.49745743119186,-447.9668245065564,-447.9668245065564,-447.9668245065564,114.18446250854439,114.18446250854439,114.18446250854439,-3.6199815054843953,-3.6199815054843953,-3.6199815054843953,-13290.785784996504,-13290.785784996504,-13290.785784996504,0.0,0.0,0.0,118682.28824751155
85,2025-08-15 01:00:00,128105.49659556978,118566.10148323343,119628.44901879104,128105.49659556978,128105.49659556978,-9001.41616436551,-9001.41616436551,-9001.41616436551,-281.95007431534077,-281.95007431534077,-281.95007431534077,41.48919391552265,41.48919391552265,41.48919391552265,4331.650797477219,4331.650797477219,4331.650797477219,3216.9227043272776,3216.9227043272776,3216.9227043272776,1329.8370922802894,1329.8370922802894,1329.8370922802894,231.38786228410987,231.38786228410987,231.38786228410987,-331.0921996367314,-331.0921996367314,-331.0921996367314,128.6762001275759,128.6762001275759,128.6762001275759,-3.6199815054843953,-3.6199815054843953,-3.6199815054843953,-13333.06696184273,-13333.06696184273,-13333.06696184273,0.0,0.0,0.0,119104.08043120427
86,2025-08-15 02:00:00,128107.32171421814,118824.09649599178,119865.07878806163,128107.32171421814,128107.32171421814,-8745.786065908818,-8745.786065908818,-8745.786065908818,-267.26988516426616,-267.26988516426616,-267.26988516426616,98.71792113339426,98.71792113339426,98.71792113339426,4628.548927733702,4628.548927733702,4628.548927733702,3129.1080605749476,3129.1080605749476,3129.1080605749476,1326.440467047081,1326.440467047081,1326.440467047081,360.19261192365593,360.19261192365593,360.19261192365593,18.13160043889038,18.13160043889038,18.13160043889038,-36.53660812318378,-36.53660812318378,-36.53660812318378,-0.23524009681710253,-0.23524009681710253,-0.23524009681710253,-13374.33499364252,-13374.33499364252,-13374.33499364252,0.0,0.0,0.0,119361.53564830932
87,2025-08-15 03:00:00,128109.14683286649,119021.76216417944,120121.64328872309,128109.14683286649,128109.14683286649,-8558.938899276429,-8558.938899276429,-8558.938899276429,-245.05789113894764,-245.05789113894764,-245.05789113894764,105.23240902284896,105.23240902284896,105.23240902284896,4855.654150269164,4855.654150269164,4855.654150269164,3048.3402851144688,3048.3402851144688,3048.3402851144688,1324.9187681980382,1324.9187681980382,1324.9187681980382,447.9256330502547,447.9256330502547,447.9256330502547,225.95977429202503,225.95977429202503,225.95977429202503,-48.04484676403925,-48.04484676403925,-48.04484676403925,-3.6199815054843953,-3.6199815054843953,-3.6199815054843953,-13414.593049545594,-13414.593049545594,-13414.593049545594,0.0,0.0,0.0,119550.20793359006
88,2025-08-15 04:00:00,128110.97195151483,118616.41226927716,119698.3208221919,128110.97195151483,128110.97195151483,-8950.491709063695,-8950.491709063695,-8950.491709063695,-219.17922795458014,-219.17922795458014,-219.17922795458014,103.46213734875698,103.46213734875698,103.46213734875698,4503.352625017843,4503.352625017843,4503.352625017843,2969.2064230789183,2969.2064230789183,2969.2064230789183,1322.699557907139,1322.699557907139,1322.699557907139,297.0124213679774,297.0124213679774,297.0124213679774,88.57206101230781,88.57206101230781,88.57206101230781,-54.80076623719294,-54.80076623719294,-54.80076623719294,-3.6199815054843953,-3.6199815054843953,-3.6199815054843953,-13453.844334081537,-13453.844334081537,-13453.844334081537,0.0,0.0,0.0,119160.48024245113
89,2025-08-15 05:00:00,128112.79707016319,118751.20076158065,119818.20611649776,128112.79707016319,128112.79707016319,-8809.192795913745,-8809.192795913745,-8809.192795913745,-198.79397789782723,-198.79397789782723,-198.79397789782723,73.16645865081782,73.16645865081782,73.16645865081782,4682.899290979115,4682.899290979115,4682.899290979115,2889.841504896916,2889.841504896916,2889.841504896916,1320.859551355342,1320.859551355342,1320.859551355342,349.20196983438314,349.20196983438314,349.20196983438314,336.4951246681484,336.4951246681484,336.4951246681484,-84.25135902318128,-84.25135902318128,-84.25135902318128,-3.6199815054843953,-3.6199815054843953,-3.6199815054843953,-13492.092086892859,-13492.092086892859,-13492.092086892859,0.0,0.0,0.0,119303.60427424945
90,2025-08-15 06:00:00,128114.62218881153,119118.2713555643,120154.71491273408,128114.62218881153,128114.62218881153,-8482.71006959149,-8482.71006959149,-8482.71006959149,-167.19395136748957,-167.19395136748957,-167.19395136748957,83.90797611889128,83.90797611889128,83.90797611889128,5046.629512938482,5046.629512938482,5046.629512938482,2839.177568974448,2839.177568974448,2839.177568974448,1320.2352677787449,1320.2352677787449,1320.2352677787449,495.8633473261676,495.8633473261676,495.8633473261676,578.3002226946435,578.3002226946435,578.3002226946435,-100.04093708143908,-100.04093708143908,-100.04093708143908,-3.6199815054843953,-3.6199815054843953,-3.6199815054843953,-13529.339582529972,-13529.339582529972,-13529.339582529972,0.0,0.0,0.0,119631.91211922004
91,2025-08-15 07:00:00,128116.44730745988,118806.02295280174,119936.95224990713,128116.44730745988,128116.44730745988,-8737.720783312918,-8737.720783312918,-8737.720783312918,-141.61927191331418,-141.61927191331418,-141.61927191331418,59.47557695855763,59.47557695855763,59.47557695855763,4827.869346934694,4827.869346934694,4827.869346934694,2781.833425854496,2781.833425854496,2781.833425854496,1320.3941469111612,1320.3941469111612,1320.3941469111612,417.24815897769645,417.24815897769645,417.24815897769645,489.603807902618,489.603807902618,489.603807902618,-95.44651625103748,-95.44651625103748,-95.44651625103748,-3.6199815054843953,-3.6199815054843953,-3.6199815054843953,-13565.590130247612,-13565.590130247612,-13565.590130247612,0.0,0.0,0.0,119378.72652414696
92,2025-08-15 08:00:00,128118.27242610822,118560.48955893826,119589.00604522772,128118.27242610822,128118.27242610822,-9024.901278694888,-9024.901278694888,-9024.901278694888,-114.94019622984517,-114.94019622984517,-114.94019622984517,56.90324758221865,56.90324758221865,56.90324758221865,4575.945795005547,4575.945795005547,4575.945795005547,2783.0770448354106,2783.0770448354106,2783.0770448354106,1318.8057829275947,1318.8057829275947,1318.8057829275947,252.8293341711938,252.8293341711938,252.8293341711938,383.3774181896963,383.3774181896963,383.3774181896963,-100.48685496523795,-100.48685496523795,-100.48685496523795,-3.6199815054843953,-3.6199815054843953,-3.6199815054843953,-13600.847073700434,-13600.847073700434,-13600.847073700434,0.0,0.0,0.0,119093.37114741333
93,2025-08-15 09:00:00,128120.09754475657,118337.87225006492,119470.78193372453,128120.09754475657,128120.09754475657,-9223.331323959712,-9223.331323959712,-9223.331323959712,-100.01019481226167,-100.01019481226167,-100.01019481226167,27.530406010029875,27.530406010029875,27.530406010029875,4411.782466824251,4411.782466824251,4411.782466824251,2790.4701531719447,2790.4701531719447,2790.4701531719447,1315.381502652318,1315.381502652318,1315.381502652318,172.70712773227274,172.70712773227274,172.70712773227274,303.4271287822696,303.4271287822696,303.4271287822696,-94.10367520683768,-94.10367520683768,-94.10367520683768,-3.6199815054843953,-3.6199815054843953,-3.6199815054843953,-13635.113790783962,-13635.113790783962,-13635.113790783962,0.0,0.0,0.0,118896.76622079685
94,2025-08-15 10:00:00,128121.92266340491,118679.46034531757,119702.00091983592,128121.92266340491,128121.92266340491,-8937.700363134956,-8937.700363134956,-8937.700363134956,-86.14662206736267,-86.14662206736267,-86.14662206736267,34.276181666349224,34.276181666349224,34.276181666349224,4730.693330246787,4730.693330246787,4730.693330246787,2794.0904152163876,2794.0904152163876,2794.0904152163876,1311.456745478843,1311.456745478843,1311.456745478843,283.3868820961994,283.3868820961994,283.3868820961994,497.067655393005,497.067655393005,497.067655393005,-99.81794603115007,-99.81794603115007,-99.81794603115007,-3.6199815054843953,-3.6199815054843953,-3.6199815054843953,-13668.393693381742,-13668.393693381742,-13668.393693381742,0.0,0.0,0.0,119184.22230026996
95,2025-08-15 11:00:00,128123.74778205327,118532.78475287736,119597.69369559702,128123.74778205327,128123.74778205327,-9045.023219191562,-9045.023219191562,-9045.023219191562,-68.82438414030209,-68.82438414030209,-68.82438414030209,51.46180605638679,51.46180605638679,51.46180605638679,4655.667007905922,4655.667007905922,4655.667007905922,2818.2703147453026,2818.2703147453026,2818.2703147453026,1307.3548250998824,1307.3548250998824,1307.3548250998824,144.7711256934878,144.7711256934878,144.7711256934878,505.9375479870975,505.9375479870975,505.9375479870975,-99.6842460304474,-99.6842460304474,-99.6842460304474,-3.6199815054843953,-3.6199815054843953,-3.6199815054843953,-13700.690227097486,-13700.690227097486,-13700.690227097486,0.0,0.0,0.0,119078.72456286171
96,2025-08-15 12:00:00,128125.5729007016,118065.43867725834,119145.2353272674,128125.5729007016,128125.5729007016,-9491.325152908736,-9491.325152908736,-9491.325152908736,-64.85937674320385,-64.85937674320385,-64.85937674320385,3.6881654331128324,3.6881654331128324,3.6881654331128324,4240.681718175137,4240.681718175137,4240.681718175137,2844.174530997755,2844.174530997755,2844.174530997755,1300.7855011109689,1300.7855011109689,1300.7855011109689,37.663238364556946,37.663238364556946,37.663238364556946,224.27195656493504,224.27195656493504,224.27195656493504,-101.42231604750356,-101.42231604750356,-101.42231604750356,-3.6199815054843953,-3.6199815054843953,-3.6199815054843953,-13732.006871083873,-13732.006871083873,-13732.006871083873,0.0,0.0,0.0,118634.24774779286
97,2025-08-15 13:00:00,128127.39801934996,117223.16327035545,118307.44350012807,128127.39801934996,128127.39801934996,-10370.168352175911,-10370.168352175911,-10370.168352175911,-83.32588777245122,-83.32588777245122,-83.32588777245122,-146.01462656258448,-146.01462656258448,-146.01462656258448,3392.1787855389093,3392.1787855389093,3392.1787855389093,2842.524556073081,2842.524556073081,2842.524556073081,1290.0503387981817,1290.0503387981817,1290.0503387981817,-370.84734188221745,-370.84734188221745,-370.84734188221745,-102.659728534872,-102.659728534872,-102.659728534872,-33.92854307474429,-33.92854307474429,-33.92854307474429,-3.6199815054843953,-3.6199815054843953,-3.6199815054843953,-13762.34713771482,-13762.34713771482,-13762.34713771482,0.0,0.0,0.0,117757.22966717405
98,2025-08-15 14:00:00,128129.2231379983,116925.54175476775,117977.13507528315,128129.2231379983,128129.2231379983,-10660.835420360529,-10660.835420360529,-10660.835420360529,-108.8375869935164,-108.8375869935164,-108.8375869935164,-171.5215996454898,-171.5215996454898,-171.5215996454898,3130.8791520980208,3130.8791520980208,3130.8791520980208,2819.0538864832774,2819.0538864832774,2819.0538864832774,1279.0197009807266,1279.0197009807266,1279.0197009807266,-477.29863687445,-477.29863687445,-477.29863687445,-180.73255171975737,-180.73255171975737,-180.73255171975737,-25.184078627284887,-25.184078627284887,-25.184078627284887,-3.6199815054843953,-3.6199815054843953,-3.6199815054843953,-13791.71457245855,-13791.71457245855,-13791.71457245855,0.0,0.0,0.0,117468.38771763777
99,2025-08-15 15:00:00,128131.04825664662,116567.13356428321,117643.08773946023,128131.04825664662,128131.04825664662,-11011.780205498228,-11011.780205498228,-11011.780205498228,-140.66303878303862,-140.66303878303862,-140.66303878303862,-145.4860039481089,-145.4860039481089,-145.4860039481089,2808.332548055846,2808.332548055846,2808.332548055846,2796.4597158800293,2796.4597158800293,2796.4597158800293,1261.9981446844783,1261.9981446844783,1261.9981446844783,-518.4472480127339,-518.4472480127339,-518.4472480127339,-399.9753024481724,-399.9753024481724,-399.9753024481724,-48.57675755366204,-48.57675755366204,-48.57675755366204,3.0230382370537896,3.0230382370537896,3.0230382370537896,-13820.112753554075,-13820.112753554075,-13820.112753554075,0.0,0.0,0.0,117119.26805114839
100,2025-08-15 16:00:00,128132.87337529498,116544.20409226265,117603.17656429538,128132.87337529498,128132.87337529498,-11059.001044100518,-11059.001044100518,-11059.001044100518,-170.378257731985,-170.378257731985,-170.378257731985,-101.60279448137182,-101.60279448137182,-101.60279448137182,2788.544247695339,2788.544247695339,2788.544247695339,2783.35009033122,2783.35009033122,2783.35009033122,1248.0157126802528,1248.0157126802528,1248.0157126802528,-551.4262769072162,-551.4262769072162,-551.4262769072162,-368.6858253451685,-368.6858253451685,-368.6858253451685,-47.108419344908356,-47.108419344908356,-47.108419344908356,-3.6199815054843953,-3.6199815054843953,-3.6199815054843953,-13847.545291795857,-13847.545291795857,-13847.545291795857,0.0,0.0,0.0,117073.87233119446
101,2025-08-15 17:00:00,128134.69849394335,116649.04611839695,117702.26910792278,128134.69849394335,128134.69849394335,-10944.366671327207,-10944.366671327207,-10944.366671327207,-174.98148217180642,-174.98148217180642,-174.98148217180642,-62.64889163476034,-62.64889163476034,-62.64889163476034,2929.649158988953,2929.649158988953,2929.649158988953,2774.8636527614563,2774.8636527614563,2774.8636527614563,1235.1972343892492,1235.1972343892492,1235.1972343892492,-420.57612427934515,-420.57612427934515,-420.57612427934515,-377.28186889191335,-377.28186889191335,-377.28186889191335,-47.89719292383272,-47.89719292383272,-47.89719292383272,2.973831739905565,2.973831739905565,2.973831739905565,-13874.015830316159,-13874.015830316159,-13874.015830316159,0.0,0.0,0.0,117190.33182261614
102,2025-08-15 18:00:00,128159.24697442462,116388.42348157545,117420.87499153937,128159.24697442462,128159.24697442462,-11233.269831462936,-11233.269831462936,-11233.269831462936,-179.25590486592623,-179.25590486592623,-179.25590486592623,-62.331354890529475,-62.331354890529475,-62.331354890529475,2666.258212847789,2666.258212847789,2666.258212847789,2739.471220254619,2739.471220254619,2739.471220254619,1218.767727978181,1218.767727978181,1218.767727978181,-572.7928694645105,-572.7928694645105,-572.7928694645105,-435.7415697503529,-435.7415697503529,-435.7415697503529,-38.23905490820721,-38.23905490820721,-38.23905490820721,-3.6199815054843953,-3.6199815054843953,-3.6199815054843953,-13899.528044310726,-13899.528044310726,-13899.528044310726,0.0,0.0,0.0,116925.97714296168
103,2025-08-15 19:00:00,128183.79545490589,116342.46140651383,117425.54565532734,128183.79545490589,128183.79545490589,-11340.802987815416,-11340.802987815416,-11340.802987815416,-187.793146967395,-187.793146967395,-187.793146967395,-62.20874500633656,-62.20874500633656,-62.20874500633656,2583.2826530123994,2583.2826530123994,2583.2826530123994,2699.2851184213428,2699.2851184213428,2699.2851184213428,1199.7558938584937,1199.7558938584937,1199.7558938584937,-550.3169304607671,-550.3169304607671,-550.3169304607671,-478.0980567271003,-478.0980567271003,-478.0980567271003,-40.17615492095826,-40.17615492095826,-40.17615492095826,2.8346748151202017,2.8346748151202017,2.8346748151202017,-13924.085640827816,-13924.085640827816,-13924.085640827816,0.0,0.0,0.0,116842.99246709047
104,2025-08-15 20:00:00,128208.34393538718,116378.90429156883,117442.42936302004,128208.34393538718,128208.34393538718,-11293.84986518285,-11293.84986518285,-11293.84986518285,-195.72058606161607,-195.72058606161607,-195.72058606161607,-48.178086810930864,-48.178086810930864,-48.178086810930864,2653.842493299873,2653.842493299873,2653.842493299873,2671.8816758918933,2671.8816758918933,2671.8816758918933,1183.0041726305562,1183.0041726305562,1183.0041726305562,-509.74664778837877,-509.74664778837877,-509.74664778837877,-412.61879337957515,-412.61879337957515,-412.61879337957515,-31.159259676591624,-31.159259676591624,-31.159259676591624,-3.6199815054843953,-3.6199815054843953,-3.6199815054843953,-13947.692358482722,-13947.692358482722,-13947.692358482722,0.0,0.0,0.0,116914.49407020432
105,2025-08-15 21:00:00,128232.89241586845,116336.93704838667,117363.58899453106,128232.89241586845,128232.89241586845,-11375.49234339718,-11375.49234339718,-11375.49234339718,-200.61604452065075,-200.61604452065075,-200.61604452065075,-37.82308749104118,-37.82308749104118,-37.82308749104118,2594.859623861249,2594.859623861249,2594.859623861249,2629.937528185608,2629.937528185608,2629.937528185608,1161.7832317728687,1161.7832317728687,1161.7832317728687,-541.6622152155027,-541.6622152155027,-541.6622152155027,-383.2973464967608,-383.2973464967608,-383.2973464967608,-29.842460867787672,-29.842460867787672,-29.842460867787672,-3.6199815054843953,-3.6199815054843953,-3.6199815054843953,-13970.35196725843,-13970.35196725843,-13970.35196725843,0.0,0.0,0.0,116857.40007247127
106,2025-08-15 22:00:00,128257.44089634973,116740.25296505805,117804.24292678881,128257.44089634973,128257.44089634973,-11004.77395299157,-11004.77395299157,-11004.77395299157,-182.23323703814134,-182.23323703814134,-182.23323703814134,-11.377847230806534,-11.377847230806534,-11.377847230806534,2987.2943152362427,2987.2943152362427,2987.2943152362427,2599.3112310056163,2599.3112310056163,2599.3112310056163,1141.6798476483307,1141.6798476483307,1141.6798476483307,-303.5868494051471,-303.5868494051471,-303.5868494051471,-238.2840709034425,-238.2840709034425,-238.2840709034425,-14.594777334682295,-14.594777334682295,-14.594777334682295,-3.6199815054843953,-3.6199815054843953,-3.6199815054843953,-13992.068268227811,-13992.068268227811,-13992.068268227811,0.0,0.0,0.0,117252.66694335816
107,2025-08-15 23:00:00,128281.989376831,116864.4730439392,117900.14237950025,128281.989376831,128281.989376831,-10911.173916512993,-10911.173916512993,-10911.173916512993,-172.7683659033026,-172.7683659033026,-172.7683659033026,-20.658813142399737,-20.658813142399737,-20.658813142399737,3101.671176786398,3101.671176786398,3101.671176786398,2550.6212534028564,2550.6212534028564,2550.6212534028564,1121.678994744888,1121.678994744888,1121.678994744888,-106.66618345951888,-106.66618345951888,-106.66618345951888,-256.17641194496366,-256.17641194496366,-256.17641194496366,-11.790052404201427,-11.790052404201427,-11.790052404201427,-2.569244506959859,-2.569244506959859,-2.569244506959859,-14012.845093299391,-14012.845093299391,-14012.845093299391,0.0,0.0,0.0,117370.815460318
108,2025-08-16 00:00:00,128306.53785731227,117159.08806168546,118230.05807223756,128306.53785731227,128306.53785731227,-10599.707276934418,-10599.707276934418,-10599.707276934418,-163.9795569923809,-163.9795569923809,-163.9795569923809,1.4754319598762844,1.4754319598762844,1.4754319598762844,3432.979028085865,3432.979028085865,3432.979028085865,2517.5269920607448,2517.5269920607448,2517.5269920607448,1101.5450557670272,1101.5450557670272,1101.5450557670272,184.811870366997,184.811870366997,184.811870366997,-202.27651659242778,-202.27651659242778,-202.27651659242778,-3.0595159448582723,-3.0595159448582723,-3.0595159448582723,-3.064732539113278,-3.064732539113278,-3.064732539113278,-14032.686305020283,-14032.686305020283,-14032.686305020283,0.0,0.0,0.0,117706.83058037785
109,2025-08-16 01:00:00,128331.08633779356,117209.16445499819,118238.89423188474,128331.08633779356,128331.08633779356,-10581.876281093531,-10581.876281093531,-10581.876281093531,-146.7838649444451,-146.7838649444451,-146.7838649444451,42.02113271038786,42.02113271038786,42.02113271038786,3469.71951517519,3469.71951517519,3469.71951517519,2485.036413659372,2485.036413659372,2485.036413659372,1080.201926020373,1080.201926020373,1080.201926020373,233.9758501745254,233.9758501745254,233.9758501745254,-217.07841261891713,-217.07841261891713,-217.07841261891713,-4.033548320621598,-4.033548320621598,-4.033548320621598,-3.6199815054843953,-3.6199815054843953,-3.6199815054843953,-14051.59579626872,-14051.59579626872,-14051.59579626872,0.0,0.0,0.0,117749.21005670003
110,2025-08-16 02:00:00,128355.63481827483,117008.35954545437,118086.31267975907,128355.63481827483,128355.63481827483,-10801.07729650976,-10801.07729650976,-10801.07729650976,-137.127957387714,-137.127957387714,-137.127957387714,36.96325132753488,36.96325132753488,36.96325132753488,3268.5001935355053,3268.5001935355053,3268.5001935355053,2438.310528026462,2438.310528026462,2438.310528026462,1055.9268429007946,1055.9268429007946,1055.9268429007946,99.71030006087258,99.71030006087258,99.71030006087258,-217.80525518054736,-217.80525518054736,-217.80525518054736,-3.857534706413213,-3.857534706413213,-3.857534706413213,-3.6199815054843953,-3.6199815054843953,-3.6199815054843953,-14069.577490045265,-14069.577490045265,-14069.577490045265,0.0,0.0,0.0,117554.55752176508
111,2025-08-16 03:00:00,128380.1832987561,117000.647083988,118029.87276276434,128380.1832987561,128380.1832987561,-10870.665607982603,-10870.665607982603,-10870.665607982603,-130.2397178847691,-130.2397178847691,-130.2397178847691,30.695373957962808,30.695373957962808,30.695373957962808,3215.969731208898,3215.969731208898,3215.969731208898,2393.436303865135,2393.436303865135,2393.436303865135,1032.8638808855958,1032.8638808855958,1032.8638808855958,-11.64843479418801,-11.64843479418801,-11.64843479418801,-43.617891400107126,-43.617891400107126,-43.617891400107126,-51.899801915246755,-51.899801915246755,-51.899801915246755,-3.6199815054843953,-3.6199815054843953,-3.6199815054843953,-14086.635339191502,-14086.635339191502,-14086.635339191502,0.0,0.0,0.0,117509.5176907735
112,2025-08-16 04:00:00,128404.73177923738,117545.34008297537,118619.9090688573,128404.73177923738,128404.73177923738,-10338.28942582035,-10338.28942582035,-10338.28942582035,-110.79582507008557,-110.79582507008557,-110.79582507008557,76.7023778992533,76.7023778992533,76.7023778992533,3764.4839003305115,3764.4839003305115,3764.4839003305115,2361.5113197050823,2361.5113197050823,2361.5113197050823,1010.2828675008925,1010.2828675008925,1010.2828675008925,296.0818246799049,296.0818246799049,296.0818246799049,188.28931975730154,188.28931975730154,188.28931975730154,-53.96800263635324,-53.96800263635324,-53.96800263635324,-3.6199815054843953,-3.6199815054843953,-3.6199815054843953,-14102.773326150862,-14102.773326150862,-14102.773326150862,0.0,0.0,0.0,118066.44235341703
113,2025-08-16 05:00:00,128429.28025971865,117465.89722372632,118496.5988714268,128429.28025971865,128429.28025971865,-10460.962343209938,-10460.962343209938,-10460.962343209938,-92.74078174216532,-92.74078174216532,-92.74078174216532,55.89097204898059,55.89097204898059,55.89097204898059,3657.033119515469,3657.033119515469,3657.033119515469,2330.349715683312,2330.349715683312,2330.349715683312,987.8876251824515,987.8876251824515,987.8876251824515,281.3952306428224,281.3952306428224,281.3952306428224,141.50502836163113,141.50502836163113,141.50502836163113,-50.085779788484096,-50.085779788484096,-50.085779788484096,2.831109126921055,2.831109126921055,2.831109126921055,-14117.995462725408,-14117.995462725408,-14117.995462725408,0.0,0.0,0.0,117968.31791650872
114,2025-08-16 06:00:00,128453.82874019994,117111.46108130952,118145.985303243,128453.82874019994,128453.82874019994,-10861.235955341093,-10861.235955341093,-10861.235955341093,-86.33280468940852,-86.33280468940852,-86.33280468940852,2.431449545649251,2.431449545649251,2.431449545649251,3271.0698344740667,3271.0698344740667,3271.0698344740667,2286.4295446073447,2286.4295446073447,2286.4295446073447,965.8881307894248,965.8881307894248,965.8881307894248,89.6434798898177,89.6434798898177,89.6434798898177,63.913106510585905,63.913106510585905,63.913106510585905,-47.28309067386267,-47.28309067386267,-47.28309067386267,-3.6199815054843953,-3.6199815054843953,-3.6199815054843953,-14132.30578981516,-14132.30578981516,-14132.30578981516,0.0,0.0,0.0,117592.59278485885
115,2025-08-16 07:00:00,128478.37722068121,117160.74702269051,118213.17505651397,128478.37722068121,128478.37722068121,-10811.124685347526,-10811.124685347526,-10811.124685347526,-76.1801203206434,-76.1801203206434,-76.1801203206434,29.31431376195317,29.31431376195317,29.31431376195317,3334.5836917949573,3334.5836917949573,3334.5836917949573,2246.0075681776866,2246.0075681776866,2246.0075681776866,948.457762154949,948.457762154949,948.457762154949,163.99597136755582,163.99597136755582,163.99597136755582,64.38324875964858,64.38324875964858,64.38324875964858,-47.22713950653421,-47.22713950653421,-47.22713950653421,5.832087400341522,5.832087400341522,5.832087400341522,-14145.708377142484,-14145.708377142484,-14145.708377142484,0.0,0.0,0.0,117667.25253533368
116,2025-08-16 08:00:00,128502.92570116249,117107.38390950848,118156.73211099274,128502.92570116249,128502.92570116249,-10864.958382596085,-10864.958382596085,-10864.958382596085,-66.75262769250428,-66.75262769250428,-66.75262769250428,34.57334303250837,34.57334303250837,34.57334303250837,3293.2489404361177,3293.2489404361177,3293.2489404361177,2214.737893207581,2214.737893207581,2214.737893207581,932.5184459432055,932.5184459432055,932.5184459432055,29.994494556566625,29.994494556566625,29.994494556566625,218.1792176744918,218.1792176744918,218.1792176744918,-66.38184478024635,-66.38184478024635,-66.38184478024635,-3.6199815054843953,-3.6199815054843953,-3.6199815054843953,-14158.207323032202,-14158.207323032202,-14158.207323032202,0.0,0.0,0.0,117637.9673185664
117,2025-08-16 09:00:00,128527.47418164376,117142.29797340027,118116.57359225552,128527.47418164376,128527.47418164376,-10911.760996401481,-10911.760996401481,-10911.760996401481,-62.80028051694498,-62.80028051694498,-62.80028051694498,-2.6070550123521086,-2.6070550123521086,-2.6070550123521086,3258.0457577387792,3258.0457577387792,3258.0457577387792,2204.007893572246,2204.007893572246,2204.007893572246,915.5933465265791,915.5933465265791,915.5933465265791,72.64166338136454,72.64166338136454,72.64166338136454,199.12423933116415,199.12423933116415,199.12423933116415,-64.29406803779291,-64.29406803779291,-64.29406803779291,-3.6199815054843953,-3.6199815054843953,-3.6199815054843953,-14169.80675414026,-14169.80675414026,-14169.80675414026,0.0,0.0,0.0,117615.71318524228
118,2025-08-16 10:00:00,128552.02266212503,116725.65286232956,117795.20292932236,128552.02266212503,128552.02266212503,-11276.71572770319,-11276.71572770319,-11276.71572770319,-66.27447947706099,-66.27447947706099,-66.27447947706099,-68.93501101380106,-68.93501101380106,-68.93501101380106,2903.795097488938,2903.795097488938,2903.795097488938,2204.80087276008,2204.80087276008,2204.80087276008,899.211061252465,899.211061252465,899.211061252465,-82.56412207512275,-82.56412207512275,-82.56412207512275,89.42132178927747,89.42132178927747,89.42132178927747,-72.75361468178174,-72.75361468178174,-72.75361468178174,0.8890689348831599,0.8890689348831599,0.8890689348831599,-14180.510825192128,-14180.510825192128,-14180.510825192128,0.0,0.0,0.0,117275.30693442184
119,2025-08-16 11:00:00,128576.57114260632,116704.77635880605,117802.12672755055,128576.57114260632,128576.57114260632,-11319.624502924366,-11319.624502924366,-11319.624502924366,-60.729565545265345,-60.729565545265345,-60.729565545265345,-55.53468835252129,-55.53468835252129,-55.53468835252129,2870.69921577452,2870.69921577452,2870.69921577452,2207.4301402697256,2207.4301402697256,2207.4301402697256,882.5714253605952,882.5714253605952,882.5714253605952,-109.69330838589602,-109.69330838589602,-109.69330838589602,77.77822453264581,77.77822453264581,77.77822453264581,-72.73981422983827,-72.73981422983827,-72.73981422983827,1.616802125074331,1.616802125074331,1.616802125074331,-14190.323718698884,-14190.323718698884,-14190.323718698884,0.0,0.0,0.0,117256.94663968196
120,2025-08-16 12:00:00,128601.1196230876,117051.08500627064,118155.094499351,128601.1196230876,128601.1196230876,-11004.317144761975,-11004.317144761975,-11004.317144761975,-40.09268983413717,-40.09268983413717,-40.09268983413717,31.01727684848071,31.01727684848071,31.01727684848071,3194.932500000055,3194.932500000055,3194.932500000055,2218.5362084492854,2218.5362084492854,2218.5362084492854,870.4915442582775,870.4915442582775,870.4915442582775,124.0571352260282,124.0571352260282,124.0571352260282,68.99493484554961,68.99493484554961,68.99493484554961,-74.45192828794444,-74.45192828794444,-74.45192828794444,-3.6199815054843953,-3.6199815054843953,-3.6199815054843953,-14199.24964476203,-14199.24964476203,-14199.24964476203,0.0,0.0,0.0,117596.80247832561
121,2025-08-16 13:00:00,128625.66810356887,117165.52114818436,118289.59376609146,128625.66810356887,128625.66810356887,-10908.838185894614,-10908.838185894614,-10908.838185894614,-17.737269306581233,-17.737269306581233,-17.737269306581233,50.134413182061046,50.134413182061046,50.134413182061046,3298.454654869583,3298.454654869583,3298.454654869583,2219.5196311341956,2219.5196311341956,2219.5196311341956,857.6756605352402,857.6756605352402,857.6756605352402,115.78774485679034,115.78774485679034,115.78774485679034,161.7817924897629,161.7817924897629,161.7817924897629,-85.08733651640141,-85.08733651640141,-85.08733651640141,-3.6199815054843953,-3.6199815054843953,-3.6199815054843953,-14207.292840764198,-14207.292840764198,-14207.292840764198,0.0,0.0,0.0,117716.82991767426
122,2025-08-16 14:00:00,128650.21658405014,117005.37169573204,118134.11924708211,128650.21658405014,128650.21658405014,-11075.807815540496,-11075.807815540496,-11075.807815540496,0.18449382896908517,0.18449382896908517,0.18449382896908517,56.763160983569655,56.763160983569655,56.763160983569655,3138.649755566315,3138.649755566315,3138.649755566315,2239.100664383687,2239.100664383687,2239.100664383687,853.3964548534815,853.3964548534815,853.3964548534815,28.702998867789812,28.702998867789812,28.702998867789812,63.047204804304656,63.047204804304656,63.047204804304656,-98.92524065000212,-98.92524065000212,-98.92524065000212,-3.6199815054843953,-3.6199815054843953,-3.6199815054843953,-14214.457571106812,-14214.457571106812,-14214.457571106812,0.0,0.0,0.0,117574.40876850965
123,2025-08-16 15:00:00,128674.76506453141,117066.86913048678,118184.61419609225,128674.76506453141,128674.76506453141,-11047.689015367876,-11047.689015367876,-11047.689015367876,18.577199772618687,18.577199772618687,18.577199772618687,66.3817370332233,66.3817370332233,66.3817370332233,3173.0591116229734,3173.0591116229734,3173.0591116229734,2261.4926895400417,2261.4926895400417,2261.4926895400417,850.5797002981839,850.5797002981839,850.5797002981839,76.86464844946293,76.86464844946293,76.86464844946293,1.4736472282984219,1.4736472282984219,1.4736472282984219,-98.69052919337102,-98.69052919337102,-98.69052919337102,-3.6199815054843953,-3.6199815054843953,-3.6199815054843953,-14220.74812699085,-14220.74812699085,-14220.74812699085,0.0,0.0,0.0,117627.07604916353
124,2025-08-16 16:00:00,128699.3135450127,117398.23876337777,118497.29260691664,128699.3135450127,128699.3135450127,-10759.647086637173,-10759.647086637173,-10759.647086637173,37.72334767628743,37.72334767628743,37.72334767628743,77.41540423129528,77.41540423129528,77.41540423129528,3466.521739453947,3466.521739453947,3466.521739453947,2276.0076963172833,2276.0076963172833,2276.0076963172833,846.6616584770878,846.6616584770878,846.6616584770878,174.56471154807832,174.56471154807832,174.56471154807832,165.3496145496247,165.3496145496247,165.3496145496247,-107.58071184022556,-107.58071184022556,-107.58071184022556,-3.6199815054843953,-3.6199815054843953,-3.6199815054843953,-14226.16882609112,-14226.16882609112,-14226.16882609112,0.0,0.0,0.0,117939.66645837553
125,2025-08-16 17:00:00,128723.86202549397,117314.39530199576,118452.08572740243,128723.86202549397,128723.86202549397,-10855.255761057902,-10855.255761057902,-10855.255761057902,53.98234868695798,53.98234868695798,53.98234868695798,51.70664184684821,51.70664184684821,51.70664184684821,3375.4682513077814,3375.4682513077814,3375.4682513077814,2288.0561156323793,2288.0561156323793,2288.0561156323793,844.7805967027924,844.7805967027924,844.7805967027924,71.0353637490076,71.0353637490076,71.0353637490076,177.59969248777202,177.59969248777202,177.59969248777202,-108.07252629249137,-108.07252629249137,-108.07252629249137,-3.6199815054843953,-3.6199815054843953,-3.6199815054843953,-14230.724012365685,-14230.724012365685,-14230.724012365685,0.0,0.0,0.0,117868.60626443606
126,2025-08-16 18:00:00,128748.41050597525,117146.62720918877,118202.62471838226,128748.41050597525,128748.41050597525,-11087.859133101681,-11087.859133101681,-11087.859133101681,68.95008528974958,68.95008528974958,68.95008528974958,46.67038673517721,46.67038673517721,46.67038673517721,3146.5589226166244,3146.5589226166244,3146.5589226166244,2287.3659300429695,2287.3659300429695,2287.3659300429695,844.1578088183137,844.1578088183137,844.1578088183137,54.2878848993983,54.2878848993983,54.2878848993983,-26.89795814955607,-26.89795814955607,-26.89795814955607,-125.49054863655147,-125.49054863655147,-125.49054863655147,-2.4846663828761004,-2.4846663828761004,-2.4846663828761004,-14234.418055718304,-14234.418055718304,-14234.418055718304,0.0,0.0,0.0,117660.55137287357
127,2025-08-16 19:00:00,128772.95898645652,117401.89431178158,118504.09913124322,128772.95898645652,128772.95898645652,-10854.405671662775,-10854.405671662775,-10854.405671662775,82.2023413192276,82.2023413192276,82.2023413192276,45.47425846306563,45.47425846306563,45.47425846306563,3382.8496801410465,3382.8496801410465,3382.8496801410465,2297.6953099844486,2297.6953099844486,2297.6953099844486,843.5880111689708,843.5880111689708,843.5880111689708,142.00217069211544,142.00217069211544,142.00217069211544,107.47341245835203,107.47341245835203,107.47341245835203,-131.96584243964912,-131.96584243964912,-131.96584243964912,-3.6199815054843953,-3.6199815054843953,-3.6199815054843953,-14237.255351803822,-14237.255351803822,-14237.255351803822,0.0,0.0,0.0,117918.55331479374
128,2025-08-16 20:00:00,128797.5074669378,117471.15863869498,118554.41248515883,128797.5074669378,128797.5074669378,-10792.778802203635,-10792.778802203635,-10792.778802203635,86.5213863437979,86.5213863437979,86.5213863437979,12.756976417773423,12.756976417773423,12.756976417773423,3446.461519497929,3446.461519497929,3446.461519497929,2294.3217066862208,2294.3217066862208,2294.3217066862208,841.5746264284845,841.5746264284845,841.5746264284845,135.47463301495023,135.47463301495023,135.47463301495023,212.52363799086504,212.52363799086504,212.52363799086504,-137.58756098525572,-137.58756098525572,-137.58756098525572,0.8761136010929268,0.8761136010929268,0.8761136010929268,-14239.240321701564,-14239.240321701564,-14239.240321701564,0.0,0.0,0.0,118004.72866473415
129,2025-08-16 21:00:00,128822.05594741908,117123.37356339526,118179.41751133489,128822.05594741908,128822.05594741908,-11170.319826659788,-11170.319826659788,-11170.319826659788,84.51356829193173,84.51356829193173,84.51356829193173,-32.85579196330889,-32.85579196330889,-32.85579196330889,3070.0575850244954,3070.0575850244954,3070.0575850244954,2284.669892584345,2284.669892584345,2284.669892584345,839.3938462677894,839.3938462677894,839.3938462677894,88.48746903158072,88.48746903158072,88.48746903158072,-48.40097605640979,-48.40097605640979,-48.40097605640979,-142.13044162594773,-142.13044162594773,-142.13044162594773,-3.6199815054843953,-3.6199815054843953,-3.6199815054843953,-14240.377411684285,-14240.377411684285,-14240.377411684285,0.0,0.0,0.0,117651.73612075929
130,2025-08-16 22:00:00,128846.60442790035,116946.87462146967,118003.83966950211,128846.60442790035,128846.60442790035,-11364.380634274541,-11364.380634274541,-11364.380634274541,68.63327222153062,68.63327222153062,68.63327222153062,-65.46967187406973,-65.46967187406973,-65.46967187406973,2876.290458674566,2876.290458674566,2876.290458674566,2283.8048660976206,2283.8048660976206,2283.8048660976206,838.1360912915652,838.1360912915652,838.1360912915652,-41.689416998745685,-41.689416998745685,-41.689416998745685,-61.28763765388946,-61.28763765388946,-61.28763765388946,-142.2170629039609,-142.2170629039609,-142.2170629039609,-3.6199815054843953,-3.6199815054843953,-3.6199815054843953,-14240.671092949107,-14240.671092949107,-14240.671092949107,0.0,0.0,0.0,117482.22379362582
131,2025-08-16 23:00:00,128871.15290838163,117083.3793286339,118171.73021124337,128871.15290838163,128871.15290838163,-11252.799507193755,-11252.799507193755,-11252.799507193755,53.8872830133009,53.8872830133009,53.8872830133009,-70.53939771916532,-70.53939771916532,-70.53939771916532,2987.326354146833,2987.326354146833,2987.326354146833,2283.5921659508863,2283.5921659508863,2283.5921659508863,836.3271585066838,836.3271585066838,836.3271585066838,-25.756399140082223,-25.756399140082223,-25.756399140082223,63.70700244958715,63.70700244958715,63.70700244958715,-150.27147740889322,-150.27147740889322,-150.27147740889322,-3.6199815054843953,-3.6199815054843953,-3.6199815054843953,-14240.125861340588,-14240.125861340588,-14240.125861340588,0.0,0.0,0.0,117618.35340118787
132,2025-08-17 00:00:00,128895.7013888629,116882.01962895882,117940.26695804362,128895.7013888629,128895.7013888629,-11493.822730976648,-11493.822730976648,-11493.822730976648,38.52482483132703,38.52482483132703,38.52482483132703,-97.0111950294825,-97.0111950294825,-97.0111950294825,2744.923506100528,2744.923506100528,2744.923506100528,2267.5577412969647,2267.5577412969647,2267.5577412969647,832.2882098184418,832.2882098184418,832.2882098184418,-125.38121922985445,-125.38121922985445,-125.38121922985445,-21.47522885048043,-21.47522885048043,-21.47522885048043,-147.16903158303575,-147.16903158303575,-147.16903158303575,-2.4105951533524936,-2.4105951533524936,-2.4105951533524936,-14238.746237077175,-14238.746237077175,-14238.746237077175,0.0,0.0,0.0,117401.87865788625
133,2025-08-17 01:00:00,128920.24986934417,117101.12658266524,118191.55960992657,128920.24986934417,128920.24986934417,-11278.637313952146,-11278.637313952146,-11278.637313952146,20.190196997837376,20.190196997837376,20.190196997837376,-73.90027710988343,-73.90027710988343,-73.90027710988343,2957.899450558415,2957.899450558415,2957.899450558415,2262.998340416933,2262.998340416933,2262.998340416933,828.9692384781943,828.9692384781943,828.9692384781943,-38.23092680039204,-38.23092680039204,-38.23092680039204,104.44671888366331,104.44671888366331,104.44671888366331,-142.9538588024529,-142.9538588024529,-142.9538588024529,-3.6199815054843953,-3.6199815054843953,-3.6199815054843953,-14236.53676451056,-14236.53676451056,-14236.53676451056,0.0,0.0,0.0,117641.61255539203
134,2025-08-17 02:00:00,128944.79834982546,116941.88242883008,118009.24652985869,128944.79834982546,128944.79834982546,-11451.401388693965,-11451.401388693965,-11451.401388693965,15.488733821336789,15.488733821336789,15.488733821336789,-20.543877812057644,-20.543877812057644,-20.543877812057644,2782.100623109035,2782.100623109035,2782.100623109035,2267.2865314011283,2267.2865314011283,2267.2865314011283,826.3819658282775,826.3819658282775,826.3819658282775,-31.160160709424975,-31.160160709424975,-31.160160709424975,-105.4891944725554,-105.4891944725554,-105.4891944725554,-166.24339344218512,-166.24339344218512,-166.24339344218512,-3.6199815054843953,-3.6199815054843953,-3.6199815054843953,-14233.502011803,-14233.502011803,-14233.502011803,0.0,0.0,0.0,117493.3969611315
135,2025-08-17 03:00:00,128969.34683030673,117322.07882704247,118398.93798768202,128969.34683030673,128969.34683030673,-11108.849022382887,-11108.849022382887,-11108.849022382887,35.59201778002064,35.59201778002064,35.59201778002064,26.38673491494213,26.38673491494213,26.38673491494213,3120.797548359325,3120.797548359325,3120.797548359325,2268.7215116791026,2268.7215116791026,2268.7215116791026,822.3160946818615,822.3160946818615,822.3160946818615,38.33832569889935,38.33832569889935,38.33832569889935,97.19117605353527,97.19117605353527,97.19117605353527,-164.24892251844685,-164.24892251844685,-164.24892251844685,-3.499389930589255,-3.499389930589255,-3.499389930589255,-14229.646570742212,-14229.646570742212,-14229.646570742212,0.0,0.0,0.0,117860.49780792385
136,2025-08-17 04:00:00,128935.71999201106,117820.10587175874,118822.46952689234,128935.71999201106,128935.71999201106,-10646.102763953852,-10646.102763953852,-10646.102763953852,47.071972860497674,47.071972860497674,47.071972860497674,122.10942570903394,122.10942570903394,122.10942570903394,3578.8722924047097,3578.8722924047097,3578.8722924047097,2281.6475772307294,2281.6475772307294,2281.6475772307294,819.7785766882081,819.7785766882081,819.7785766882081,190.72034942452257,190.72034942452257,190.72034942452257,261.91376141155536,261.91376141155536,261.91376141155536,-140.74938941435252,-140.74938941435252,-140.74938941435252,-3.6199815054843953,-3.6199815054843953,-3.6199815054843953,-14224.975056358562,-14224.975056358562,-14224.975056358562,0.0,0.0,0.0,118289.6172280572
137,2025-08-17 05:00:00,128902.09315371538,117759.89847427196,118861.80188921157,128902.09315371538,128902.09315371538,-10616.650172427542,-10616.650172427542,-10616.650172427542,53.9391649479125,53.9391649479125,53.9391649479125,127.1267632199037,127.1267632199037,127.1267632199037,3602.8419343279256,3602.8419343279256,3602.8419343279256,2299.6587136043145,2299.6587136043145,2299.6587136043145,815.9942924767648,815.9942924767648,815.9942924767648,163.22928187785632,163.22928187785632,163.22928187785632,280.1634357053645,280.1634357053645,280.1634357053645,-141.42203296516897,-141.42203296516897,-141.42203296516897,4.152315460978195,4.152315460978195,4.152315460978195,-14219.492106755468,-14219.492106755468,-14219.492106755468,0.0,0.0,0.0,118285.44298128784
138,2025-08-17 06:00:00,128868.46631541975,117582.63925952684,118653.65130305126,128868.46631541975,128868.46631541975,-10756.923171382236,-10756.923171382236,-10756.923171382236,68.97128049007486,68.97128049007486,68.97128049007486,90.34462708935804,90.34462708935804,90.34462708935804,3456.279211404789,3456.279211404789,3456.279211404789,2315.88220505534,2315.88220505534,2315.88220505534,812.2976436138681,812.2976436138681,812.2976436138681,148.70707284545495,148.70707284545495,148.70707284545495,163.99006752865841,163.99006752865841,163.99006752865841,-140.29370371248058,-140.29370371248058,-140.29370371248058,-3.6199815054843953,-3.6199815054843953,-3.6199815054843953,-14213.202382787023,-14213.202382787023,-14213.202382787023,0.0,0.0,0.0,118111.54314403751
139,2025-08-17 07:00:00,128834.83947712407,117701.96234096216,118793.11335532954,128834.83947712407,128834.83947712407,-10580.169652933699,-10580.169652933699,-10580.169652933699,88.54851466548047,88.54851466548047,88.54851466548047,72.66131395940484,72.66131395940484,72.66131395940484,3625.940914844682,3625.940914844682,3625.940914844682,2334.1487192750083,2334.1487192750083,2334.1487192750083,808.6461707578825,808.6461707578825,808.6461707578825,219.9394724919811,219.9394724919811,219.9394724919811,243.25185780600785,243.25185780600785,243.25185780600785,-140.95511734531448,-140.95511734531448,-140.95511734531448,-0.30001676576826675,-0.30001676576826675,-0.30001676576826675,-14206.110567778382,-14206.110567778382,-14206.110567778382,0.0,0.0,0.0,118254.66982419038
140,2025-08-17 08:00:00,128801.2126388284,118057.06131787099,119081.83143476606,128801.2126388284,128801.2126388284,-10227.418595795056,-10227.418595795056,-10227.418595795056,85.15492134662772,85.15492134662772,85.15492134662772,97.55985383243627,97.55985383243627,97.55985383243627,3970.8027714904615,3970.8027714904615,3970.8027714904615,2351.7016440056273,2351.7016440056273,2351.7016440056273,805.6413558116507,805.6413558116507,805.6413558116507,341.829786319873,341.829786319873,341.829786319873,420.58665833555574,420.58665833555574,420.58665833555574,-128.05146665582433,-128.05146665582433,-128.05146665582433,-3.6199815054843953,-3.6199815054843953,-3.6199815054843953,-14198.221367285516,-14198.221367285516,-14198.221367285516,0.0,0.0,0.0,118573.79404303334
141,2025-08-17 09:00:00,128767.58580053273,118013.661848788,119072.52216821873,128767.58580053273,128767.58580053273,-10209.19978177482,-10209.19978177482,-10209.19978177482,76.67791860592918,76.67791860592918,76.67791860592918,94.02866171094323,94.02866171094323,94.02866171094323,3980.3397270264654,3980.3397270264654,3980.3397270264654,2372.073820842978,2372.073820842978,2372.073820842978,803.1642759894034,803.1642759894034,803.1642759894034,359.2979548523875,359.2979548523875,359.2979548523875,404.8183751367491,404.8183751367491,404.8183751367491,-127.71263310363527,-127.71263310363527,-127.71263310363527,-2.008647008290022,-2.008647008290022,-2.008647008290022,-14189.539508801285,-14189.539508801285,-14189.539508801285,0.0,0.0,0.0,118558.38601875791
142,2025-08-17 10:00:00,128733.95896223705,118086.16915776941,119118.77006903233,128733.95896223705,128733.95896223705,-10120.400652051178,-10120.400652051178,-10120.400652051178,72.67605027554269,72.67605027554269,72.67605027554269,73.51189682375887,73.51189682375887,73.51189682375887,4059.6690894205612,4059.6690894205612,4059.6690894205612,2388.4090544422875,2388.4090544422875,2388.4090544422875,800.8927469986085,800.8927469986085,800.8927469986085,412.00150042468493,412.00150042468493,412.00150042468493,444.4848449872571,444.4848449872571,444.4848449872571,-128.6870230260937,-128.6870230260937,-128.6870230260937,-3.6199815054843953,-3.6199815054843953,-3.6199815054843953,-14180.06974147174,-14180.06974147174,-14180.06974147174,0.0,0.0,0.0,118613.55831018588
143,2025-08-17 11:00:00,128700.33212394138,118077.90791400576,119127.14463388603,128700.33212394138,128700.33212394138,-10095.982335688892,-10095.982335688892,-10095.982335688892,66.49571196685051,66.49571196685051,66.49571196685051,65.96346612808767,65.96346612808767,65.96346612808767,4073.8345001515436,4073.8345001515436,4073.8345001515436,2406.062707721357,2406.062707721357,2406.062707721357,799.4409793872957,799.4409793872957,799.4409793872957,339.62588609437404,339.62588609437404,339.62588609437404,532.711239867864,532.711239867864,532.711239867864,-132.8455095088011,-132.8455095088011,-132.8455095088011,-3.6199815054843953,-3.6199815054843953,-3.6199815054843953,-14169.816835840436,-14169.816835840436,-14169.816835840436,0.0,0.0,0.0,118604.34978825248
144,2025-08-17 12:00:00,128666.70528564574,117830.64558650392,118960.49275374002,128666.70528564574,128666.70528564574,-10286.097242948763,-10286.097242948763,-10286.097242948763,74.13614234710602,74.13614234710602,74.13614234710602,47.56498293548174,47.56498293548174,47.56498293548174,3872.688340624979,3872.688340624979,3872.688340624979,2417.0441845528267,2417.0441845528267,2417.0441845528267,796.5022190890043,796.5022190890043,796.5022190890043,253.50012601845125,253.50012601845125,253.50012601845125,415.72630269830927,415.72630269830927,415.72630269830927,-128.16563551071576,-128.16563551071576,-128.16563551071576,-3.6199815054843953,-3.6199815054843953,-3.6199815054843953,-14158.785583573741,-14158.785583573741,-14158.785583573741,0.0,0.0,0.0,118380.60804269699
145,2025-08-17 13:00:00,128633.07844735007,118002.63798089563,119102.21467411521,128633.07844735007,128633.07844735007,-10071.541713617358,-10071.541713617358,-10071.541713617358,69.47619791744741,69.47619791744741,69.47619791744741,60.50104277413071,60.50104277413071,60.50104277413071,4075.439083540008,4075.439083540008,4075.439083540008,2437.6907835859697,2437.6907835859697,2437.6907835859697,794.1511131725223,794.1511131725223,794.1511131725223,297.7819148849262,297.7819148849262,297.7819148849262,543.2090771478724,543.2090771478724,543.2090771478724,-124.66181251720256,-124.66181251720256,-124.66181251720256,-2.709233425658357,-2.709233425658357,-2.709233425658357,-14146.980797157368,-14146.980797157368,-14146.980797157368,0.0,0.0,0.0,118561.5367337327
146,2025-08-17 14:00:00,128599.45160905439,117705.22135576316,118684.78815713734,128599.45160905439,128599.45160905439,-10393.744664841412,-10393.744664841412,-10393.744664841412,65.14910666133586,65.14910666133586,65.14910666133586,43.01781058519494,43.01781058519494,43.01781058519494,3740.6626448114616,3740.6626448114616,3740.6626448114616,2451.120491879867,2451.120491879867,2451.120491879867,791.8688090935915,791.8688090935915,791.8688090935915,60.18194273839174,60.18194273839174,60.18194273839174,448.8239344655321,448.8239344655321,448.8239344655321,-115.87946910696701,-115.87946910696701,-115.87946910696701,-3.6199815054843953,-3.6199815054843953,-3.6199815054843953,-14134.407309652875,-14134.407309652875,-14134.407309652875,0.0,0.0,0.0,118205.70694421299
147,2025-08-17 15:00:00,128565.82477075873,117710.40022118857,118746.62439280872,128565.82477075873,128565.82477075873,-10336.486345664138,-10336.486345664138,-10336.486345664138,62.18400575574645,62.18400575574645,62.18400575574645,30.718208658985347,30.718208658985347,30.718208658985347,3784.5836287480724,3784.5836287480724,3784.5836287480724,2467.2379774325204,2467.2379774325204,2467.2379774325204,793.6626628599483,793.6626628599483,793.6626628599483,119.21820955027627,119.21820955027627,119.21820955027627,432.08998580456245,432.08998580456245,432.08998580456245,-116.90743980848266,-116.90743980848266,-116.90743980848266,-3.6199815054843953,-3.6199815054843953,-3.6199815054843953,-14121.069974412212,-14121.069974412212,-14121.069974412212,0.0,0.0,0.0,118229.3384250946
148,2025-08-17 16:00:00,128532.19793246305,117303.9952775592,118337.23650594032,128532.19793246305,128532.19793246305,-10727.088215187026,-10727.088215187026,-10727.088215187026,92.07488869084958,92.07488869084958,92.07488869084958,-42.719910910129094,-42.719910910129094,-42.719910910129094,3379.885449592333,3379.885449592333,3379.885449592333,2472.081207958186,2472.081207958186,2472.081207958186,795.4159497930713,795.4159497930713,795.4159497930713,1.0185067996727217,1.0185067996727217,1.0185067996727217,160.19700702435517,160.19700702435517,160.19700702435517,-94.56221825818798,-94.56221825818798,-94.56221825818798,-3.6199815054843953,-3.6199815054843953,-3.6199815054843953,-14106.97366477936,-14106.97366477936,-14106.97366477936,0.0,0.0,0.0,117805.10971727602
149,2025-08-17 17:00:00,128498.57109416738,117282.6086165904,118283.23306980476,128498.57109416738,128498.57109416738,-10725.886418542314,-10725.886418542314,-10725.886418542314,114.35293744787606,114.35293744787606,114.35293744787606,-90.39374475158026,-90.39374475158026,-90.39374475158026,3366.2368553078995,3366.2368553078995,3366.2368553078995,2483.8600235274193,2483.8600235274193,2483.8600235274193,797.8078972617506,797.8078972617506,797.8078972617506,11.88802767603197,11.88802767603197,11.88802767603197,140.9713656731101,140.9713656731101,140.9713656731101,-95.50857192376309,-95.50857192376309,-95.50857192376309,3.2589203970546707,3.2589203970546707,3.2589203970546707,-14092.123273850215,-14092.123273850215,-14092.123273850215,0.0,0.0,0.0,117772.68467562506
150,2025-08-17 18:00:00,128464.94425587174,116560.69140707802,117637.91372932047,128464.94425587174,128464.94425587174,-11374.208646840798,-11374.208646840798,-11374.208646840798,105.86046954639693,105.86046954639693,105.86046954639693,-133.5742516293153,-133.5742516293153,-133.5742516293153,2702.3150673106375,2702.3150673106375,2702.3150673106375,2483.671645080315,2483.671645080315,2483.671645080315,798.2690893485333,798.2690893485333,798.2690893485333,-249.49103461590883,-249.49103461590883,-249.49103461590883,-201.31428989263313,-201.31428989263313,-201.31428989263313,-97.48657902126637,-97.48657902126637,-97.48657902126637,-3.6199815054843953,-3.6199815054843953,-3.6199815054843953,-14076.523714151435,-14076.523714151435,-14076.523714151435,0.0,0.0,0.0,117090.73560903095
151,2025-08-17 19:00:00,128431.31741757607,116652.51239440995,117733.89599690327,128431.31741757607,128431.31741757607,-11218.017777025136,-11218.017777025136,-11218.017777025136,97.9746064950236,97.9746064950236,97.9746064950236,-94.56767337502745,-94.56767337502745,-94.56767337502745,2842.162140367868,2842.162140367868,2842.162140367868,2487.6675167689914,2487.6675167689914,2487.6675167689914,798.1207105852892,798.1207105852892,798.1207105852892,-217.58161410000616,-217.58161410000616,-217.58161410000616,-140.03969310768676,-140.03969310768676,-140.03969310768676,-96.24977602505605,-96.24977602505605,-96.24977602505605,6.838063126339439,6.838063126339439,6.838063126339439,-14060.179917393003,-14060.179917393003,-14060.179917393003,0.0,0.0,0.0,117213.29964055093
152,2025-08-17 20:00:00,128397.69057928039,116792.66798343498,117836.10564031299,128397.69057928039,128397.69057928039,-11094.246443114182,-11094.246443114182,-11094.246443114182,90.65201937589119,90.65201937589119,90.65201937589119,-71.32062196023307,-71.32062196023307,-71.32062196023307,2948.850391055829,2948.850391055829,2948.850391055829,2497.940222561334,2497.940222561334,2497.940222561334,800.1567138535609,800.1567138535609,800.1567138535609,-195.74096765918685,-195.74096765918685,-195.74096765918685,-73.94936457076486,-73.94936457076486,-73.94936457076486,-95.71400565931185,-95.71400565931185,-95.71400565931185,-3.173604885460556,-3.173604885460556,-3.173604885460556,-14043.09683417001,-14043.09683417001,-14043.09683417001,0.0,0.0,0.0,117303.4441361662
153,2025-08-17 21:00:00,128364.06374098473,116851.70268632926,117872.80781773699,128364.06374098473,128364.06374098473,-11013.418798283243,-11013.418798283243,-11013.418798283243,87.78950897356266,87.78950897356266,87.78950897356266,-52.71693012739628,-52.71693012739628,-52.71693012739628,3011.8606354361527,3011.8606354361527,3011.8606354361527,2505.170191950377,2505.170191950377,2505.170191950377,803.1456256243895,803.1456256243895,803.1456256243895,-160.2065294143062,-160.2065294143062,-160.2065294143062,-72.05035289706056,-72.05035289706056,-72.05035289706056,-95.65089716792868,-95.65089716792868,-95.65089716792868,-3.6199815054843953,-3.6199815054843953,-3.6199815054843953,-14025.279433719395,-14025.279433719395,-14025.279433719395,0.0,0.0,0.0,117350.64494270149
154,2025-08-17 22:00:00,128330.43690268905,116951.11391364112,118040.39612457706,128330.43690268905,128330.43690268905,-10828.693942684919,-10828.693942684919,-10828.693942684919,109.40214990425754,109.40214990425754,109.40214990425754,-13.959082218831027,-13.959082218831027,-13.959082218831027,3178.0387608936167,3178.0387608936167,3178.0387608936167,2517.0639619678495,2517.0639619678495,2517.0639619678495,805.7861632283997,805.7861632283997,805.7861632283997,-20.18932574121173,-20.18932574121173,-20.18932574121173,-115.20514619679136,-115.20514619679136,-115.20514619679136,-101.23997854457161,-101.23997854457161,-101.23997854457161,-3.6199815054843953,-3.6199815054843953,-3.6199815054843953,-14006.732703578537,-14006.732703578537,-14006.732703578537,0.0,0.0,0.0,117501.74296000414
155,2025-08-17 23:00:00,128296.8100643934,116450.46890157873,117567.75319066936,128296.8100643934,128296.8100643934,-11297.517690172714,-11297.517690172714,-11297.517690172714,104.10321838988783,104.10321838988783,104.10321838988783,-59.84644414171949,-59.84644414171949,-59.84644414171949,2689.943959197857,2689.943959197857,2689.943959197857,2507.9472252577602,2507.9472252577602,2507.9472252577602,806.0874078312493,806.0874078312493,806.0874078312493,-310.76331126233663,-310.76331126233663,-310.76331126233663,-277.95210382799377,-277.95210382799377,-277.95210382799377,-76.01205154350586,-76.01205154350586,-76.01205154350586,-3.6199815054843953,-3.6199815054843953,-3.6199815054843953,-13987.461649370569,-13987.461649370569,-13987.461649370569,0.0,0.0,0.0,116999.29237422069
156,2025-08-18 00:00:00,128263.18322609772,116387.62952195197,117434.6667200949,128263.18322609772,128263.18322609772,-11338.089180571676,-11338.089180571676,-11338.089180571676,83.27156157150092,83.27156157150092,83.27156157150092,-91.68767240502338,-91.68767240502338,-91.68767240502338,2629.382113893166,2629.382113893166,2629.382113893166,2482.469097648767,2482.469097648767,2482.469097648767,804.2347642072463,804.2347642072463,804.2347642072463,-267.3383410482692,-267.3383410482692,-267.3383410482692,-314.4737456695025,-314.4737456695025,-314.4737456695025,-76.03496546405968,-76.03496546405968,-76.03496546405968,8.941415052506729,8.941415052506729,8.941415052506729,-13967.471294464842,-13967.471294464842,-13967.471294464842,0.0,0.0,0.0,116925.09404552604
157,2025-08-18 01:00:00,128229.55638780206,115765.58132264543,116824.09226193042,128229.55638780206,128229.55638780206,-11908.41768964577,-11908.41768964577,-11908.41768964577,37.556695363429284,37.556695363429284,37.556695363429284,-144.6017963313741,-144.6017963313741,-144.6017963313741,2038.348990100927,2038.348990100927,2038.348990100927,2432.38934141733,2432.38934141733,2432.38934141733,800.2655941350846,800.2655941350846,800.2655941350846,-615.005041816518,-615.005041816518,-615.005041816518,-453.3806873241762,-453.3806873241762,-453.3806873241762,-30.544424495230203,-30.544424495230203,-30.544424495230203,11.669309152381889,11.669309152381889,11.669309152381889,-13946.766679746697,-13946.766679746697,-13946.766679746697,0.0,0.0,0.0,116321.1386981563
158,2025-08-18 02:00:00,128195.92954950639,115396.11570445052,116404.50055229345,128195.92954950639,128195.92954950639,-12260.065388455412,-12260.065388455412,-12260.065388455412,-21.743140768168416,-21.743140768168416,-21.743140768168416,-184.6102370947813,-184.6102370947813,-184.6102370947813,1665.2874748551303,1665.2874748551303,1665.2874748551303,2360.225023024819,2360.225023024819,2360.225023024819,791.3713541039664,791.3713541039664,791.3713541039664,-759.4472866586332,-759.4472866586332,-759.4472866586332,-527.2536262781867,-527.2536262781867,-527.2536262781867,-2.5895358760501255,-2.5895358760501255,-2.5895358760501255,9.334924402164555,9.334924402164555,9.334924402164555,-13925.352863310542,-13925.352863310542,-13925.352863310542,0.0,0.0,0.0,115935.86416105097
159,2025-08-18 03:00:00,128162.30271121071,115059.78928029982,116151.98533450856,128162.30271121071,128162.30271121071,-12538.155175801046,-12538.155175801046,-12538.155175801046,-81.60263689675459,-81.60263689675459,-81.60263689675459,-139.870285558626,-139.870285558626,-139.870285558626,1365.0797443652586,1365.0797443652586,1365.0797443652586,2281.985786525544,2281.985786525544,2281.985786525544,781.6338184357087,781.6338184357087,781.6338184357087,-841.2848548699033,-841.2848548699033,-841.2848548699033,-636.1573090606361,-636.1573090606361,-636.1573090606361,-15.19444705597459,-15.19444705597459,-15.19444705597459,15.569672845900445,15.569672845900445,15.569672845900445,-13903.234920166306,-13903.234920166306,-13903.234920166306,0.0,0.0,0.0,115624.14753540966
160,2025-08-18 04:00:00,128128.67587291505,115239.65332335472,116279.10746747698,128128.67587291505,128128.67587291505,-12370.068857907865,-12370.068857907865,-12370.068857907865,-137.1864547304418,-137.1864547304418,-137.1864547304418,-97.10716831529818,-97.10716831529818,-97.10716831529818,1510.3490840877857,1510.3490840877857,1510.3490840877857,2197.4678803226216,2197.4678803226216,2197.4678803226216,773.6014328337536,773.6014328337536,773.6014328337536,-655.2260131542201,-655.2260131542201,-655.2260131542201,-563.6338083090099,-563.6338083090099,-563.6338083090099,-8.622014564582482,-8.622014564582482,-8.622014564582482,1.0552300049633938,1.0552300049633938,1.0552300049633938,-13880.417941995649,-13880.417941995649,-13880.417941995649,0.0,0.0,0.0,115758.60701500718
161,2025-08-18 05:00:00,128095.0490346194,115212.97608759966,116265.64371957764,128095.0490346194,128095.0490346194,-12373.609420174294,-12373.609420174294,-12373.609420174294,-175.79376487076607,-175.79376487076607,-175.79376487076607,-70.76153941856985,-70.76153941856985,-70.76153941856985,1483.2976166604165,1483.2976166604165,1483.2976166604165,2119.0092896267006,2119.0092896267006,2119.0092896267006,766.6565375008897,766.6565375008897,766.6565375008897,-615.3195999860031,-615.3195999860031,-615.3195999860031,-531.7266017691477,-531.7266017691477,-531.7266017691477,-5.146722917202428,-5.146722917202428,-5.146722917202428,-3.6199815054843953,-3.6199815054843953,-3.6199815054843953,-13856.907036834711,-13856.907036834711,-13856.907036834711,0.0,0.0,0.0,115721.4396144451
162,2025-08-18 06:00:00,128061.42219632372,114853.95856911488,115949.40635074812,128061.42219632372,128061.42219632372,-12644.823665360544,-12644.823665360544,-12644.823665360544,-213.04869573422013,-213.04869573422013,-213.04869573422013,-64.1751010562446,-64.1751010562446,-64.1751010562446,1187.8836634355566,1187.8836634355566,1187.8836634355566,2027.231585535192,2027.231585535192,2027.231585535192,756.4226457188518,756.4226457188518,756.4226457188518,-794.1591755519282,-794.1591755519282,-794.1591755519282,-533.0076260924753,-533.0076260924753,-533.0076260924753,-4.460815637769527,-4.460815637769527,-4.460815637769527,13.080846254150742,13.080846254150742,13.080846254150742,-13832.707328796101,-13832.707328796101,-13832.707328796101,0.0,0.0,0.0,115416.59853096318
163,2025-08-18 07:00:00,128027.79535802806,114643.68581510767,115738.79946472151,128027.79535802806,128027.79535802806,-12809.34039916467,-12809.34039916467,-12809.34039916467,-247.6425601074275,-247.6425601074275,-247.6425601074275,-53.04585938817575,-53.04585938817575,-53.04585938817575,998.4835586528309,998.4835586528309,998.4835586528309,1936.7420137239194,1936.7420137239194,1936.7420137239194,747.0783244567068,747.0783244567068,747.0783244567068,-814.3311955207372,-814.3311955207372,-814.3311955207372,-564.9511111177068,-564.9511111177068,-564.9511111177068,-6.745808567343603,-6.745808567343603,-6.745808567343603,1.3797551735950615,1.3797551735950615,1.3797551735950615,-13807.8239578175,-13807.8239578175,-13807.8239578175,0.0,0.0,0.0,115218.45495886338
164,2025-08-18 08:00:00,127994.16851973238,114457.38982878602,115480.57190647566,127994.16851973238,127994.16851973238,-13008.633140435779,-13008.633140435779,-13008.633140435779,-281.8512594893466,-281.8512594893466,-281.8512594893466,-48.19377757286989,-48.19377757286989,-48.19377757286989,773.6289389127209,773.6289389127209,773.6289389127209,1847.6559875410978,1847.6559875410978,1847.6559875410978,738.1310331417935,738.1310331417935,738.1310331417935,-936.3978358244543,-936.3978358244543,-936.3978358244543,-535.981692701294,-535.981692701294,-535.981692701294,-9.303066542112672,-9.303066542112672,-9.303066542112672,-0.43044964009305137,-0.43044964009305137,-0.43044964009305137,-13782.2620793485,-13782.2620793485,-13782.2620793485,0.0,0.0,0.0,114985.5353792966
165,2025-08-18 09:00:00,127960.5416814367,114415.10737733575,115457.85443282667,127960.5416814367,127960.5416814367,-13007.649791371237,-13007.649791371237,-13007.649791371237,-321.34423414655447,-321.34423414655447,-321.34423414655447,-52.02600379881759,-52.02600379881759,-52.02600379881759,748.3770726977712,748.3770726977712,748.3770726977712,1747.8135749733635,1747.8135749733635,1747.8135749733635,727.8750722698941,727.8750722698941,727.8750722698941,-775.2284305201784,-775.2284305201784,-775.2284305201784,-576.7123564385726,-576.7123564385726,-576.7123564385726,-12.738453493618858,-12.738453493618858,-12.738453493618858,10.737903852255458,10.737903852255458,10.737903852255458,-13756.026864069008,-13756.026864069008,-13756.026864069008,0.0,0.0,0.0,114952.89189006547
166,2025-08-18 10:00:00,127926.91484314104,114334.06210898182,115452.13568047316,127926.91484314104,127926.91484314104,-13039.090666631348,-13039.090666631348,-13039.090666631348,-345.9597665244199,-345.9597665244199,-345.9597665244199,-39.1022684324924,-39.1022684324924,-39.1022684324924,690.0328309675905,690.0328309675905,690.0328309675905,1657.9290628027952,1657.9290628027952,1657.9290628027952,717.7950841546469,717.7950841546469,717.7950841546469,-702.9021397461107,-702.9021397461107,-702.9021397461107,-581.0934208389375,-581.0934208389375,-581.0934208389375,-13.01373894240654,-13.01373894240654,-13.01373894240654,-3.6199815054843953,-3.6199815054843953,-3.6199815054843953,-13729.123497598937,-13729.123497598937,-13729.123497598937,0.0,0.0,0.0,114887.82417650969
167,2025-08-18 11:00:00,127893.2880048454,114453.00826990942,115555.91894080232,127893.2880048454,127893.2880048454,-12896.295086111799,-12896.295086111799,-12896.295086111799,-371.6415947581366,-371.6415947581366,-371.6415947581366,-42.02855335197966,-42.02855335197966,-42.02855335197966,805.2620941654653,805.2620941654653,805.2620941654653,1562.0832102737197,1562.0832102737197,1562.0832102737197,708.2657549344647,708.2657549344647,708.2657549344647,-426.22871120335907,-426.22871120335907,-426.22871120335907,-613.9350794719603,-613.9350794719603,-613.9350794719603,-16.213826945554572,-16.213826945554572,-16.213826945554572,4.9608946882713525,4.9608946882713525,4.9608946882713525,-13701.557180277267,-13701.557180277267,-13701.557180277267,0.0,0.0,0.0,114996.9929187336
168,2025-08-18 12:00:00,127859.66116654969,114941.10343507063,115967.48503940021,127859.66116654969,127859.66116654969,-12388.513490929963,-12388.513490929963,-12388.513490929963,-370.64092249032467,-370.64092249032467,-370.64092249032467,-23.849476608898136,-23.849476608898136,-23.849476608898136,1284.8196358454106,1284.8196358454106,1284.8196358454106,1492.3781369434694,1492.3781369434694,1492.3781369434694,700.6405028326396,700.6405028326396,700.6405028326396,29.638775322438953,29.638775322438953,29.638775322438953,-536.6816191991368,-536.6816191991368,-536.6816191991368,-3.045779449293266,-3.045779449293266,-3.045779449293266,-3.6199815054843953,-3.6199815054843953,-3.6199815054843953,-13673.333126775375,-13673.333126775375,-13673.333126775375,0.0,0.0,0.0,115471.14767561972
169,2025-08-18 13:00:00,127806.79646236176,114742.52513273124,115826.54480516749,127806.79646236176,127806.79646236176,-12487.876754201416,-12487.876754201416,-12487.876754201416,-353.06098268236417,-353.06098268236417,-353.06098268236417,-19.902081367244644,-19.902081367244644,-19.902081367244644,1156.5798116850758,1156.5798116850758,1156.5798116850758,1409.3183854681686,1409.3183854681686,1409.3183854681686,691.6330175409498,691.6330175409498,691.6330175409498,-46.9639938936883,-46.9639938936883,-46.9639938936883,-515.9533781543329,-515.9533781543329,-515.9533781543329,-9.898865395489121,-9.898865395489121,-9.898865395489121,1.4077101690763711,1.4077101690763711,1.4077101690763711,-13644.456565886494,-13644.456565886494,-13644.456565886494,0.0,0.0,0.0,115318.91970816035
170,2025-08-18 14:00:00,127753.9317581738,115122.75579152221,116177.21284736642,127753.9317581738,127753.9317581738,-12127.176460285371,-12127.176460285371,-12127.176460285371,-342.6635644951648,-342.6635644951648,-342.6635644951648,-0.4399713500757998,-0.4399713500757998,-0.4399713500757998,1487.7562799683742,1487.7562799683742,1487.7562799683742,1353.5218825744648,1353.5218825744648,1353.5218825744648,683.1939868281257,683.1939868281257,683.1939868281257,88.66903840981637,88.66903840981637,88.66903840981637,-316.6629591334435,-316.6629591334435,-316.6629591334435,14.693090275599781,14.693090275599781,14.693090275599781,7.444776859051574,7.444776859051574,7.444776859051574,-13614.932740253746,-13614.932740253746,-13614.932740253746,0.0,0.0,0.0,115626.75529788843
171,2025-08-18 15:00:00,127701.06705398583,115621.61710765802,116722.87708666014,127701.06705398583,127701.06705398583,-11517.457302299477,-11517.457302299477,-11517.457302299477,-301.8082058019243,-301.8082058019243,-301.8082058019243,157.09624586062392,157.09624586062392,157.09624586062392,2067.30960370461,2067.30960370461,2067.30960370461,1311.3177680221586,1311.3177680221586,1311.3177680221586,677.300257812851,677.300257812851,677.300257812851,211.75655306191993,211.75655306191993,211.75655306191993,5.59377713721219,5.59377713721219,5.59377713721219,-2.845894607441738,-2.845894607441738,-2.845894607441738,8.899102219210189,8.899102219210189,8.899102219210189,-13584.766906004086,-13584.766906004086,-13584.766906004086,0.0,0.0,0.0,116183.60975168635
172,2025-08-18 16:00:00,127648.2023497979,115864.90856149649,116943.01001667319,127648.2023497979,127648.2023497979,-11237.406995736923,-11237.406995736923,-11237.406995736923,-254.49188438780416,-254.49188438780416,-254.49188438780416,162.92087782217965,162.92087782217965,162.92087782217965,2316.5573368207006,2316.5573368207006,2316.5573368207006,1262.9297466147602,1262.9297466147602,1262.9297466147602,670.2941612003532,670.2941612003532,670.2941612003532,320.84178340739953,320.84178340739953,320.84178340739953,205.1274245492479,205.1274245492479,205.1274245492479,-47.633534641959976,-47.633534641959976,-47.633534641959976,-3.431237743476232,-3.431237743476232,-3.431237743476232,-13553.964332557622,-13553.964332557622,-13553.964332557622,0.0,0.0,0.0,116410.79535406097
173,2025-08-18 17:00:00,127595.33764560994,116181.13399526787,117266.14857734583,127595.33764560994,127595.33764560994,-10875.564639603099,-10875.564639603099,-10875.564639603099,-207.94697110264534,-207.94697110264534,-207.94697110264534,151.31984971977087,151.31984971977087,151.31984971977087,2646.965662663834,2646.965662663834,2646.965662663834,1226.4864331240508,1226.4864331240508,1226.4864331240508,665.4560550547008,665.4560550547008,665.4560550547008,485.8987003494599,485.8987003494599,485.8987003494599,360.3627323210824,360.3627323210824,360.3627323210824,-39.04381044103585,-39.04381044103585,-39.04381044103585,4.432673638449766,4.432673638449766,4.432673638449766,-13522.530302266934,-13522.530302266934,-13522.530302266934,0.0,0.0,0.0,116719.77300600684
174,2025-08-18 18:00:00,127542.47294142196,116183.48844773235,117191.46713572442,127542.47294142196,127542.47294142196,-10870.78303362619,-10870.78303362619,-10870.78303362619,-164.72669448071218,-164.72669448071218,-164.72669448071218,110.05601873795767,110.05601873795767,110.05601873795767,2619.687076573803,2619.687076573803,2619.687076573803,1183.0568261405565,1183.0568261405565,1183.0568261405565,660.3880701873908,660.3880701873908,660.3880701873908,528.9948897319621,528.9948897319621,528.9948897319621,338.6713378269997,338.6713378269997,338.6713378269997,-39.08652045463443,-39.08652045463443,-39.08652045463443,2.333148884282894,2.333148884282894,2.333148884282894,-13490.470110199993,-13490.470110199993,-13490.470110199993,0.0,0.0,0.0,116671.68990779578
175,2025-08-18 19:00:00,127489.60823723403,115942.5190356195,117045.30397349066,127489.60823723403,127489.60823723403,-10976.449055125015,-10976.449055125015,-10976.449055125015,-125.55018692551889,-125.55018692551889,-125.55018692551889,82.46938916292845,82.46938916292845,82.46938916292845,2481.340008687867,2481.340008687867,2481.340008687867,1152.2442155634255,1152.2442155634255,1152.2442155634255,654.9874006583674,654.9874006583674,654.9874006583674,512.3875119034137,512.3875119034137,512.3875119034137,245.77312675899364,245.77312675899364,245.77312675899364,-37.35146692825876,-37.35146692825876,-37.35146692825876,-3.6199815054843953,-3.6199815054843953,-3.6199815054843953,-13457.789063812881,-13457.789063812881,-13457.789063812881,0.0,0.0,0.0,116513.15918210901
176,2025-08-18 20:00:00,127436.74353304607,116078.46949989909,117208.61041697091,127436.74353304607,127436.74353304607,-10808.683220460316,-10808.683220460316,-10808.683220460316,-80.91209628565112,-80.91209628565112,-80.91209628565112,62.69321522762695,62.69321522762695,62.69321522762695,2615.8092621923915,2615.8092621923915,2615.8092621923915,1126.2087539129893,1126.2087539129893,1126.2087539129893,649.7630091292851,649.7630091292851,649.7630091292851,495.05424069145676,495.05424069145676,495.05424069145676,422.5356404114845,422.5356404114845,422.5356404114845,-55.91351938931538,-55.91351938931538,-55.91351938931538,-3.6199815054843953,-3.6199815054843953,-3.6199815054843953,-13424.49248265271,-13424.49248265271,-13424.49248265271,0.0,0.0,0.0,116628.06031258576
177,2025-08-18 21:00:00,127383.87882885813,116343.1259358883,117414.3554182766,127383.87882885813,127383.87882885813,-10526.054404271768,-10526.054404271768,-10526.054404271768,-47.07498954923134,-47.07498954923134,-47.07498954923134,71.76593079638437,71.76593079638437,71.76593079638437,2864.5312938535008,2864.5312938535008,2864.5312938535008,1134.950110428836,1134.950110428836,1134.950110428836,645.5825801761542,645.5825801761542,645.5825801761542,629.7919754749478,629.7919754749478,629.7919754749478,474.9414649769418,474.9414649769418,474.9414649769418,-53.857300090560834,-53.857300090560834,-53.857300090560834,8.431521640028759,8.431521640028759,8.431521640028759,-13390.585698125271,-13390.585698125271,-13390.585698125271,0.0,0.0,0.0,116857.82442458636
178,2025-08-18 22:00:00,127331.01412467017,116099.0781439673,117156.64687719896,127331.01412467017,127331.01412467017,-10704.887407389077,-10704.887407389077,-10704.887407389077,-28.480849706578013,-28.480849706578013,-28.480849706578013,68.39604424402981,68.39604424402981,68.39604424402981,2651.1866457752017,2651.1866457752017,2651.1866457752017,1163.8927035346571,1163.8927035346571,1163.8927035346571,640.987447689298,640.987447689298,640.987447689298,411.0722848230417,411.0722848230417,411.0722848230417,450.93206328489515,450.93206328489515,450.93206328489515,-51.993066588657896,-51.993066588657896,-51.993066588657896,-3.6199815054843953,-3.6199815054843953,-3.6199815054843953,-13356.074053164277,-13356.074053164277,-13356.074053164277,0.0,0.0,0.0,116626.12671728109
179,2025-08-18 23:00:00,127278.14942048221,116071.02935008127,117152.95266449581,127278.14942048221,127278.14942048221,-10680.164437418925,-10680.164437418925,-10680.164437418925,7.552329842124936,7.552329842124936,7.552329842124936,35.5777456960762,35.5777456960762,35.5777456960762,2640.7984645560646,2640.7984645560646,2640.7984645560646,1188.883479351133,1188.883479351133,1188.883479351133,635.8585057369836,635.8585057369836,635.8585057369836,441.2866641911755,441.2866641911755,441.2866641911755,378.3757198089883,378.3757198089883,378.3757198089883,-44.48218011280853,-44.48218011280853,-44.48218011280853,-2.2537999576086847,-2.2537999576086847,-2.2537999576086847,-13320.96290197499,-13320.96290197499,-13320.96290197499,0.0,0.0,0.0,116597.98498306329
180,2025-08-19 00:00:00,127225.28471629426,116000.83322921493,117038.64805901606,127225.28471629426,127225.28471629426,-10671.137871708246,-10671.137871708246,-10671.137871708246,24.03286800443942,24.03286800443942,24.03286800443942,20.313912576304208,20.313912576304208,20.313912576304208,2614.119738023313,2614.119738023313,2614.119738023313,1217.7349808083538,1217.7349808083538,1217.7349808083538,631.7793870317844,631.7793870317844,631.7793870317844,350.52919712056513,350.52919712056513,350.52919712056513,414.8430646729983,414.8430646729983,414.8430646729983,-42.41073814795934,-42.41073814795934,-42.41073814795934,-2.7029340431731974,-2.7029340431731974,-2.7029340431731974,-13285.25760973156,-13285.25760973156,-13285.25760973156,0.0,0.0,0.0,116554.14684458602
181,2025-08-19 01:00:00,127172.4200121063,115474.0442825019,116466.67950642061,127172.4200121063,127172.4200121063,-11220.82685301453,-11220.82685301453,-11220.82685301453,49.55251229703056,49.55251229703056,49.55251229703056,2.5997298499450516,2.5997298499450516,2.5997298499450516,2028.1366992864296,2028.1366992864296,2028.1366992864296,1220.3117042688095,1220.3117042688095,1220.3117042688095,625.2055759665093,625.2055759665093,625.2055759665093,-87.84108526164107,-87.84108526164107,-87.84108526164107,227.9572825913779,227.9572825913779,227.9572825913779,-6.029038920116899,-6.029038920116899,-6.029038920116899,-3.6199815054843953,-3.6199815054843953,-3.6199815054843953,-13248.96355230096,-13248.96355230096,-13248.96355230096,0.0,0.0,0.0,115951.59315909178
182,2025-08-19 02:00:00,127119.55530791834,115369.3589856335,116441.18462598835,127119.55530791834,127119.55530791834,-11223.335440253535,-11223.335440253535,-11223.335440253535,70.33886570790418,70.33886570790418,70.33886570790418,-36.425648031663215,-36.425648031663215,-36.425648031663215,1988.750675697262,1988.750675697262,1988.750675697262,1237.2343298591036,1237.2343298591036,1237.2343298591036,619.356046179617,619.356046179617,619.356046179617,-23.912570107625562,-23.912570107625562,-23.912570107625562,142.36408276887795,142.36408276887795,142.36408276887795,-16.584449173467444,-16.584449173467444,-16.584449173467444,-3.6199815054843953,-3.6199815054843953,-3.6199815054843953,-13212.086115950797,-13212.086115950797,-13212.086115950797,0.0,0.0,0.0,115896.21986766481
183,2025-08-19 03:00:00,127066.6906037304,114649.59396682674,115715.00262686746,127066.6906037304,127066.6906037304,-11881.926871949581,-11881.926871949581,-11881.926871949581,61.95407985048215,61.95407985048215,61.95407985048215,-128.28742674664122,-128.28742674664122,-128.28742674664122,1292.7038251362321,1292.7038251362321,1292.7038251362321,1227.2270977126857,1227.2270977126857,1227.2270977126857,609.2869857741504,609.2869857741504,609.2869857741504,-508.1578890311659,-508.1578890311659,-508.1578890311659,11.112281687672589,11.112281687672589,11.112281687672589,23.18867739453282,23.18867739453282,23.18867739453282,-3.6199815054843953,-3.6199815054843953,-3.6199815054843953,-13174.630697085813,-13174.630697085813,-13174.630697085813,0.0,0.0,0.0,115184.76373178081
184,2025-08-19 04:00:00,127013.82589954244,114764.78515995758,115821.71901836155,127013.82589954244,127013.82589954244,-11727.418158583176,-11727.418158583176,-11727.418158583176,46.81226677113497,46.81226677113497,46.81226677113497,-126.53032183127678,-126.53032183127678,-126.53032183127678,1409.1845433416806,1409.1845433416806,1409.1845433416806,1233.4009087679358,1233.4009087679358,1233.4009087679358,600.5905433949171,600.5905433949171,600.5905433949171,-357.2993618807994,-357.2993618807994,-357.2993618807994,-3.9778616660216666,-3.9778616660216666,-3.9778616660216666,19.808351291275134,19.808351291275134,19.808351291275134,-3.6199815054843953,-3.6199815054843953,-3.6199815054843953,-13136.602701924856,-13136.602701924856,-13136.602701924856,0.0,0.0,0.0,115286.40774095926
185,2025-08-19 05:00:00,126960.96119535448,114439.09556485272,115536.29689439583,126960.96119535448,126960.96119535448,-11985.908320521876,-11985.908320521876,-11985.908320521876,37.520512480994675,37.520512480994675,37.520512480994675,-92.75848648666818,-92.75848648666818,-92.75848648666818,1112.099225749181,1112.099225749181,1112.099225749181,1231.4021698486067,1231.4021698486067,1231.4021698486067,589.8777859396114,589.8777859396114,589.8777859396114,-438.5664725435034,-438.5664725435034,-438.5664725435034,-218.50118650267828,-218.50118650267828,-218.50118650267828,6.744884518302585,6.744884518302585,6.744884518302585,-3.6199815054843953,-3.6199815054843953,-3.6199815054843953,-13098.007546271056,-13098.007546271056,-13098.007546271056,0.0,0.0,0.0,114975.0528748326
186,2025-08-19 06:00:00,126908.09649116654,114470.03832061459,115515.66494602694,126908.09649116654,126908.09649116654,-11924.297707402437,-11924.297707402437,-11924.297707402437,27.986969979651278,27.986969979651278,27.986969979651278,-78.51939633549664,-78.51939633549664,-78.51939633549664,1134.5529477630157,1134.5529477630157,1134.5529477630157,1228.2203867474384,1228.2203867474384,1228.2203867474384,577.654928880283,577.654928880283,577.654928880283,-435.73823123768994,-435.73823123768994,-435.73823123768994,-188.4915247036322,-188.4915247036322,-188.4915247036322,7.059795937946396,7.059795937946396,7.059795937946396,-3.6199815054843953,-3.6199815054843953,-3.6199815054843953,-13058.850655165452,-13058.850655165452,-13058.850655165452,0.0,0.0,0.0,114983.7987837641
187,2025-08-19 07:00:00,126855.23178697858,114108.60183751273,115155.29407802857,126855.23178697858,126855.23178697858,-12201.41442705584,-12201.41442705584,-12201.41442705584,10.612537952106452,10.612537952106452,10.612537952106452,-72.50779128178016,-72.50779128178016,-72.50779128178016,817.7230356033841,817.7230356033841,817.7230356033841,1226.6849073710048,1226.6849073710048,1226.6849073710048,565.5252625973733,565.5252625973733,565.5252625973733,-547.4317379289164,-547.4317379289164,-547.4317379289164,-351.01100381604624,-351.01100381604624,-351.01100381604624,-10.529157784873044,-10.529157784873044,-10.529157784873044,-3.6199815054843953,-3.6199815054843953,-3.6199815054843953,-13019.137462659226,-13019.137462659226,-13019.137462659226,0.0,0.0,0.0,114653.81735992273
188,2025-08-19 08:00:00,126802.36708279062,114367.26676261579,115447.63066251518,126802.36708279062,126802.36708279062,-11917.166645535757,-11917.166645535757,-11917.166645535757,6.3710646479585185,6.3710646479585185,6.3710646479585185,-45.69206458967572,-45.69206458967572,-45.69206458967572,1061.7067659471925,1061.7067659471925,1061.7067659471925,1219.5393755806674,1219.5393755806674,1219.5393755806674,554.7911686361025,554.7911686361025,554.7911686361025,-400.6394294761726,-400.6394294761726,-400.6394294761726,-265.58671934491946,-265.58671934491946,-265.58671934491946,-3.4566480012837313,-3.4566480012837313,-3.4566480012837313,-3.6199815054843953,-3.6199815054843953,-3.6199815054843953,-12978.873411482951,-12978.873411482951,-12978.873411482951,0.0,0.0,0.0,114885.20043725485
189,2025-08-19 09:00:00,126749.50237860267,114549.12292711115,115623.12421854347,126749.50237860267,126749.50237860267,-11652.68504372182,-11652.68504372182,-11652.68504372182,14.653871457187652,14.653871457187652,14.653871457187652,-22.072699742490727,-22.072699742490727,-22.072699742490727,1285.378909068574,1285.378909068574,1285.378909068574,1226.1773639787957,1226.1773639787957,1226.1773639787957,544.2367103509614,544.2367103509614,544.2367103509614,-265.71056785575416,-265.71056785575416,-265.71056785575416,-206.55629706459473,-206.55629706459473,-206.55629706459473,-1.729490550046374,-1.729490550046374,-1.729490550046374,-3.6199815054843953,-3.6199815054843953,-3.6199815054843953,-12938.063952790395,-12938.063952790395,-12938.063952790395,0.0,0.0,0.0,115096.81733488085
190,2025-08-19 10:00:00,126696.63767441471,114460.28037641858,115545.36195186261,126696.63767441471,126696.63767441471,-11671.09493003044,-11671.09493003044,-11671.09493003044,26.52730105542169,26.52730105542169,26.52730105542169,-11.685591157906947,-11.685591157906947,-11.685591157906947,1225.6196158566063,1225.6196158566063,1225.6196158566063,1219.0263253885378,1219.0263253885378,1219.0263253885378,532.5112472326015,532.5112472326015,532.5112472326015,-341.1561794989748,-341.1561794989748,-341.1561794989748,-194.69733765235654,-194.69733765235654,-194.69733765235654,-1.286168005232035,-1.286168005232035,-1.286168005232035,-3.6199815054843953,-3.6199815054843953,-3.6199815054843953,-12896.714545887044,-12896.714545887044,-12896.714545887044,0.0,0.0,0.0,115025.54274438428
191,2025-08-19 11:00:00,126643.77297022675,114770.87820452962,115817.3509060873,126643.77297022675,126643.77297022675,-11342.909395161274,-11342.909395161274,-11342.909395161274,40.034540622814106,40.034540622814106,40.034540622814106,4.575685368574656,4.575685368574656,4.575685368574656,1511.9212627378795,1511.9212627378795,1511.9212627378795,1201.4091546589043,1201.4091546589043,1201.4091546589043,521.5636966386692,521.5636966386692,521.5636966386692,-30.719883214916027,-30.719883214916027,-30.719883214916027,-225.54082267055634,-225.54082267055634,-225.54082267055634,-4.612956489337682,-4.612956489337682,-4.612956489337682,5.211847823727293,5.211847823727293,5.211847823727293,-12854.830657899154,-12854.830657899154,-12854.830657899154,0.0,0.0,0.0,115300.86357506548
192,2025-08-19 12:00:00,126590.90826603881,114749.19229123548,115817.19216854565,126590.90826603881,126590.90826603881,-11322.874642676614,-11322.874642676614,-11322.874642676614,46.70316692395526,46.70316692395526,46.70316692395526,7.0103608098407735,7.0103608098407735,7.0103608098407735,1489.5431208474308,1489.5431208474308,1489.5431208474308,1187.2704458758878,1187.2704458758878,1187.2704458758878,510.50357231940495,510.50357231940495,510.50357231940495,-53.162058776810966,-53.162058776810966,-53.162058776810966,-200.31989925616858,-200.31989925616858,-200.31989925616858,-4.842485543193772,-4.842485543193772,-4.842485543193772,-3.6199815054843953,-3.6199815054843953,-3.6199815054843953,-12812.417763524045,-12812.417763524045,-12812.417763524045,0.0,0.0,0.0,115268.0336233622
193,2025-08-19 13:00:00,126538.04356185085,114892.4882457675,115911.72817171892,126538.04356185085,126538.04356185085,-11140.61949930779,-11140.61949930779,-11140.61949930779,39.73407514314763,39.73407514314763,39.73407514314763,-3.9875069660727025,-3.9875069660727025,-3.9875069660727025,1628.861845452682,1628.861845452682,1628.861845452682,1150.1009231463236,1150.1009231463236,1150.1009231463236,498.37219667407277,498.37219667407277,498.37219667407277,158.74257113446316,158.74257113446316,158.74257113446316,-206.5642698880155,-206.5642698880155,-206.5642698880155,-3.916162285752609,-3.916162285752609,-3.916162285752609,-3.6199815054843953,-3.6199815054843953,-3.6199815054843953,-12769.481344760472,-12769.481344760472,-12769.481344760472,0.0,0.0,0.0,115397.42406254305
194,2025-08-19 14:00:00,126485.1788576629,113790.86153736633,114841.95455359294,126485.1788576629,126485.1788576629,-12185.482203496973,-12185.482203496973,-12185.482203496973,5.608520450330402,5.608520450330402,5.608520450330402,-131.30341282626972,-131.30341282626972,-131.30341282626972,540.5446871003168,540.5446871003168,540.5446871003168,1073.3030915249174,1073.3030915249174,1073.3030915249174,481.6267024092504,481.6267024092504,481.6267024092504,-471.27363244732646,-471.27363244732646,-471.27363244732646,-475.2446211737223,-475.2446211737223,-475.2446211737223,61.44802066862166,61.44802066862166,61.44802066862166,-3.6199815054843953,-3.6199815054843953,-3.6199815054843953,-12726.02689059729,-12726.02689059729,-12726.02689059729,0.0,0.0,0.0,114299.69665416593
195,2025-08-19 15:00:00,126432.31415347494,113750.10052959161,114820.4034509373,126432.31415347494,126432.31415347494,-12158.64485144386,-12158.64485144386,-12158.64485144386,-29.4927337684164,-29.4927337684164,-29.4927337684164,-164.4149738259545,-164.4149738259545,-164.4149738259545,523.4150452713537,523.4150452713537,523.4150452713537,996.3925999552451,996.3925999552451,996.3925999552451,463.2477597269377,463.2477597269377,463.2477597269377,-392.6051562621983,-392.6051562621983,-392.6051562621983,-416.09718762810843,-416.09718762810843,-416.09718762810843,48.455481947790155,48.455481947790155,48.455481947790155,17.929255126058415,17.929255126058415,17.929255126058415,-12682.059896715213,-12682.059896715213,-12682.059896715213,0.0,0.0,0.0,114273.66930203108
196,2025-08-19 16:00:00,126379.44944928699,113392.9576856324,114450.25546991473,126379.44944928699,126379.44944928699,-12464.571434475067,-12464.571434475067,-12464.571434475067,-66.72962711904229,-66.72962711904229,-66.72962711904229,-136.54514453936645,-136.54514453936645,-136.54514453936645,173.01443077928482,173.01443077928482,173.01443077928482,906.9819020274141,906.9819020274141,906.9819020274141,444.34224184513874,444.34224184513874,444.34224184513874,-546.3781425831256,-546.3781425831256,-546.3781425831256,-475.4029260486329,-475.4029260486329,-475.4029260486329,49.64923897557245,49.64923897557245,49.64923897557245,-2.903111778673291,-2.903111778673291,-2.903111778673291,-12637.585865254352,-12637.585865254352,-12637.585865254352,0.0,0.0,0.0,113914.87801481193
197,2025-08-19 17:00:00,126326.58474509904,113483.88781815668,114560.20851517991,126326.58474509904,126326.58474509904,-12318.081298482211,-12318.081298482211,-12318.081298482211,-104.21019774494158,-104.21019774494158,-104.21019774494158,-102.34900301289912,-102.34900301289912,-102.34900301289912,274.52900603627256,274.52900603627256,274.52900603627256,813.426648813187,813.426648813187,813.426648813187,425.571763594813,425.571763594813,425.571763594813,-482.16900337141215,-482.16900337141215,-482.16900337141215,-312.14346843813905,-312.14346843813905,-312.14346843813905,24.265114980299984,24.265114980299984,24.265114980299984,12.137151215364588,12.137151215364588,12.137151215364588,-12592.610304518483,-12592.610304518483,-12592.610304518483,0.0,0.0,0.0,114008.50344661683
198,2025-08-19 18:00:00,126273.72004091108,112807.59362862997,113870.31164148934,126273.72004091108,126273.72004091108,-12928.42068081637,-12928.42068081637,-12928.42068081637,-143.89281738627503,-143.89281738627503,-143.89281738627503,-89.94343603265675,-89.94343603265675,-89.94343603265675,-381.2819521931897,-381.2819521931897,-381.2819521931897,711.5327238269249,711.5327238269249,711.5327238269249,406.77711007592063,406.77711007592063,406.77711007592063,-730.7156264911891,-730.7156264911891,-730.7156264911891,-542.3207568795812,-542.3207568795812,-542.3207568795812,10.900832199151244,10.900832199151244,10.900832199151244,-3.6199815054843953,-3.6199815054843953,-3.6199815054843953,-12547.138728623182,-12547.138728623182,-12547.138728623182,0.0,0.0,0.0,113345.29936009471
199,2025-08-19 19:00:00,126220.85533672312,112768.44953315577,113833.59273665622,126220.85533672312,126220.85533672312,-12914.825305953978,-12914.825305953978,-12914.825305953978,-182.21890696916293,-182.21890696916293,-182.21890696916293,-71.16696304100013,-71.16696304100013,-71.16696304100013,-413.6486486220474,-413.6486486220474,-413.6486486220474,620.7434903202483,620.7434903202483,620.7434903202483,388.0032741494038,388.0032741494038,388.0032741494038,-733.3099360684685,-733.3099360684685,-733.3099360684685,-459.79822229282183,-459.79822229282183,-459.79822229282183,11.359029157516154,11.359029157516154,11.359029157516154,12.739586122237748,12.739586122237748,12.739586122237748,-12501.17665733193,-12501.17665733193,-12501.17665733193,0.0,0.0,0.0,113306.03003076915
200,2025-08-19 20:00:00,126167.99063253518,112893.88834951344,113898.71035868854,126167.99063253518,126167.99063253518,-12749.288497364152,-12749.288497364152,-12749.288497364152,-216.54851816918236,-216.54851816918236,-216.54851816918236,-51.23204563052401,-51.23204563052401,-51.23204563052401,-294.558881686228,-294.558881686228,-294.558881686228,532.5002339744942,532.5002339744942,532.5002339744942,372.2099863275703,372.2099863275703,372.2099863275703,-625.4288789557019,-625.4288789557019,-625.4288789557019,-331.300664813085,-331.300664813085,-331.300664813085,22.63434463978866,22.63434463978866,22.63434463978866,2.6066609404121035,2.6066609404121035,2.6066609404121035,-12454.729615677923,-12454.729615677923,-12454.729615677923,0.0,0.0,0.0,113418.70213517103
201,2025-08-19 21:00:00,126115.12592834722,112687.50458765462,113780.57838816017,126115.12592834722,126115.12592834722,-12919.853667465079,-12919.853667465079,-12919.853667465079,-247.23719989391367,-247.23719989391367,-247.23719989391367,-38.4729087100491,-38.4729087100491,-38.4729087100491,-512.0505337522127,-512.0505337522127,-512.0505337522127,462.08386565515985,462.08386565515985,462.08386565515985,355.73692169902813,355.73692169902813,355.73692169902813,-723.386963599411,-723.386963599411,-723.386963599411,-339.54912865395255,-339.54912865395255,-339.54912865395255,22.39486125641012,22.39486125641012,22.39486125641012,-3.6199815054843953,-3.6199815054843953,-3.6199815054843953,-12407.803133712867,-12407.803133712867,-12407.803133712867,0.0,0.0,0.0,113195.27226088214
202,2025-08-19 22:00:00,126062.26122415929,112287.54343816133,113371.26466115938,126062.26122415929,126062.26122415929,-13227.352808376134,-13227.352808376134,-13227.352808376134,-281.45074699944166,-281.45074699944166,-281.45074699944166,-43.40185047630739,-43.40185047630739,-43.40185047630739,-866.9500621174512,-866.9500621174512,-866.9500621174512,383.1223205669681,383.1223205669681,383.1223205669681,338.01632774447114,338.01632774447114,338.01632774447114,-803.7719861135637,-803.7719861135637,-803.7719861135637,-470.59773600205733,-470.59773600205733,-470.59773600205733,14.75359066796414,14.75359066796414,14.75359066796414,-3.6199815054843953,-3.6199815054843953,-3.6199815054843953,-12360.402746258682,-12360.402746258682,-12360.402746258682,0.0,0.0,0.0,112834.90841578315
203,2025-08-19 23:00:00,126008.94365083193,112072.79661442144,113148.24044943637,126008.94365083193,126008.94365083193,-13379.765603728305,-13379.765603728305,-13379.765603728305,-317.8706483586747,-317.8706483586747,-317.8706483586747,-51.89867376600723,-51.89867376600723,-51.89867376600723,-1067.2316111565867,-1067.2316111565867,-1067.2316111565867,321.2362147667202,321.2362147667202,321.2362147667202,318.75257633758997,318.75257633758997,318.75257633758997,-812.307968375785,-812.307968375785,-812.307968375785,-544.7310401654946,-544.7310401654946,-544.7310401654946,12.531573847173322,12.531573847173322,12.531573847173322,7.056354557891197,7.056354557891197,7.056354557891197,-12312.53399257172,-12312.53399257172,-12312.53399257172,0.0,0.0,0.0,112629.17804710363
204,2025-08-20 00:00:00,125955.6260775046,112756.12338221428,113801.98083855775,125955.6260775046,125955.6260775046,-12680.485045178779,-12680.485045178779,-12680.485045178779,-340.70830101546176,-340.70830101546176,-340.70830101546176,-37.58276126706382,-37.58276126706382,-37.58276126706382,-416.2826290764849,-416.2826290764849,-416.2826290764849,257.72973309134136,257.72973309134136,257.72973309134136,300.0254426344371,300.0254426344371,300.0254426344371,-204.4109110405627,-204.4109110405627,-204.4109110405627,-422.0724818146004,-422.0724818146004,-422.0724818146004,27.50361683469642,27.50361683469642,27.50361683469642,3.233033500728866,3.233033500728866,3.233033500728866,-12264.202416102293,-12264.202416102293,-12264.202416102293,0.0,0.0,0.0,113275.14103232582
205,2025-08-20 01:00:00,125902.30850417727,112485.95587223052,113570.73254178425,125902.30850417727,125902.30850417727,-12881.043194594406,-12881.043194594406,-12881.043194594406,-366.59186814032915,-366.59186814032915,-366.59186814032915,-44.25181844391158,-44.25181844391158,-44.25181844391158,-665.6296304123338,-665.6296304123338,-665.6296304123338,197.71043246243883,197.71043246243883,197.71043246243883,282.54098488898376,282.54098488898376,282.54098488898376,-243.3842681299922,-243.3842681299922,-243.3842681299922,-509.61779240386574,-509.61779240386574,-509.61779240386574,21.36294259634908,21.36294259634908,21.36294259634908,-3.3982432420067954,-3.3982432420067954,-3.3982432420067954,-12215.413564182072,-12215.413564182072,-12215.413564182072,0.0,0.0,0.0,113021.26530958287
206,2025-08-20 02:00:00,125848.99093084995,112941.76245352562,113984.22761129416,125848.99093084995,125848.99093084995,-12394.09273470344,-12394.09273470344,-12394.09273470344,-386.23754368390144,-386.23754368390144,-386.23754368390144,-17.84440573866276,-17.84440573866276,-17.84440573866276,-227.91974691014525,-227.91974691014525,-227.91974691014525,151.15158642696687,151.15158642696687,151.15158642696687,267.51370510326876,267.51370510326876,267.51370510326876,76.70123422175959,76.70123422175959,76.70123422175959,-361.0453012913323,-361.0453012913323,-361.0453012913323,41.97837566438855,41.97837566438855,41.97837566438855,-0.13739761263251832,-0.13739761263251832,-0.13739761263251832,-12166.172987793294,-12166.172987793294,-12166.172987793294,0.0,0.0,0.0,113454.8981961465
207,2025-08-20 03:00:00,125795.6733575226,112967.96072864857,114015.56784345619,125795.6733575226,125795.6733575226,-12319.78296534436,-12319.78296534436,-12319.78296534436,-391.91097611315257,-391.91097611315257,-391.91097611315257,26.08834941371831,26.08834941371831,26.08834941371831,-203.29672411938623,-203.29672411938623,-203.29672411938623,108.28046073489857,108.28046073489857,108.28046073489857,256.34302166438675,256.34302166438675,256.34302166438675,56.55196611464806,56.55196611464806,56.55196611464806,-298.9409156534187,-298.9409156534187,-298.9409156534187,42.81987029600433,42.81987029600433,42.81987029600433,-2.528500576470943,-2.528500576470943,-2.528500576470943,-12116.486241224975,-12116.486241224975,-12116.486241224975,0.0,0.0,0.0,113475.89039217823
208,2025-08-20 04:00:00,125742.35578419527,113270.28555756634,114324.95795613776,125742.35578419527,125742.35578419527,-11948.399152999973,-11948.399152999973,-11948.399152999973,-394.55865585159034,-394.55865585159034,-394.55865585159034,62.94152322402887,62.94152322402887,62.94152322402887,117.95972883840805,117.95972883840805,117.95972883840805,59.13387763914685,59.13387763914685,59.13387763914685,248.67103681486944,248.67103681486944,248.67103681486944,234.06333943974545,234.06333943974545,234.06333943974545,-41.57816078434459,-41.57816078434459,-41.57816078434459,-47.09325013796325,-47.09325013796325,-47.09325013796325,-3.6199815054843953,-3.6199815054843953,-3.6199815054843953,-12066.35888183838,-12066.35888183838,-12066.35888183838,0.0,0.0,0.0,113793.9566311953
209,2025-08-20 05:00:00,125689.03821086793,113292.03283556878,114390.41070715728,125689.03821086793,125689.03821086793,-11843.435301666703,-11843.435301666703,-11843.435301666703,-391.1338653009294,-391.1338653009294,-391.1338653009294,85.6953717266873,85.6953717266873,85.6953717266873,172.36116812492813,172.36116812492813,172.36116812492813,9.890466644874287,9.890466644874287,9.890466644874287,241.9739685091143,241.9739685091143,241.9739685091143,236.06534572525274,236.06534572525274,236.06534572525274,27.619023492694904,27.619023492694904,27.619023492694904,-47.49008010454,-47.49008010454,-47.49008010454,9.740937431774055,9.740937431774055,9.740937431774055,-12015.796469791632,-12015.796469791632,-12015.796469791632,0.0,0.0,0.0,113845.60290920123
210,2025-08-20 06:00:00,125635.72063754058,113214.08432383765,114298.68447705904,125635.72063754058,125635.72063754058,-11891.910499327447,-11891.910499327447,-11891.910499327447,-387.9537026467444,-387.9537026467444,-387.9537026467444,78.7961761723167,78.7961761723167,78.7961761723167,72.8940684029722,72.8940684029722,72.8940684029722,-41.2851427697487,-41.2851427697487,-41.2851427697487,234.68411773428238,234.68411773428238,234.68411773428238,102.46708686947692,102.46708686947692,102.46708686947692,151.0927951791671,151.0927951791671,151.0927951791671,-61.28728063029335,-61.28728063029335,-61.28728063029335,-3.6199815054843953,-3.6199815054843953,-3.6199815054843953,-11964.80456773042,-11964.80456773042,-11964.80456773042,0.0,0.0,0.0,113743.81013821313
211,2025-08-20 07:00:00,125582.40306421326,112947.35574275957,114046.39484411493,125582.40306421326,125582.40306421326,-12081.404942252251,-12081.404942252251,-12081.404942252251,-377.6725797699612,-377.6725797699612,-377.6725797699612,59.01597008787121,59.01597008787121,59.01597008787121,-168.0162017233857,-168.0162017233857,-168.0162017233857,-104.48622649981945,-104.48622649981945,-104.48622649981945,225.76631292117838,225.76631292117838,225.76631292117838,56.076410979212085,56.076410979212085,56.076410979212085,35.17182018865306,35.17182018865306,35.17182018865306,-58.26792812503533,-58.26792812503533,-58.26792812503533,-3.6199815054843953,-3.6199815054843953,-3.6199815054843953,-11913.388740528866,-11913.388740528866,-11913.388740528866,0.0,0.0,0.0,113500.998121961
212,2025-08-20 08:00:00,125529.08549088593,113621.67063263919,114648.43887055875,125529.08549088593,125529.08549088593,-11404.051797779717,-11404.051797779717,-11404.051797779717,-352.85657895240354,-352.85657895240354,-352.85657895240354,95.27956189923576,95.27956189923576,95.27956189923576,457.50275722500777,457.50275722500777,457.50275722500777,-150.311061996551,-150.311061996551,-150.311061996551,220.81941806698998,220.81941806698998,220.81941806698998,351.4570269028444,351.4570269028444,351.4570269028444,336.8557550465547,336.8557550465547,336.8557550465547,-52.90137925203161,-52.90137925203161,-52.90137925203161,9.16001551036908,9.16001551036908,9.16001551036908,-11861.554555004725,-11861.554555004725,-11861.554555004725,0.0,0.0,0.0,114125.03369310622
213,2025-08-20 09:00:00,125475.76791755858,113385.43872950037,114430.3137658295,125475.76791755858,125475.76791755858,-11550.637647334948,-11550.637647334948,-11550.637647334948,-329.81314962181415,-329.81314962181415,-329.81314962181415,73.9815982914885,73.9815982914885,73.9815982914885,258.6699323132544,258.6699323132544,258.6699323132544,-197.13125157801733,-197.13125157801733,-197.13125157801733,214.49749376457734,214.49749376457734,214.49749376457734,346.4303036527461,346.4303036527461,346.4303036527461,193.47554386017885,193.47554386017885,193.47554386017885,-40.94069511141074,-40.94069511141074,-40.94069511141074,-1.82991094449413,-1.82991094449413,-1.82991094449413,-11809.307579648204,-11809.307579648204,-11809.307579648204,0.0,0.0,0.0,113925.13027022363
214,2025-08-20 10:00:00,125422.45034423126,113206.93626764616,114324.35287301778,125422.45034423126,125422.45034423126,-11656.22287027724,-11656.22287027724,-11656.22287027724,-312.3805565481102,-312.3805565481102,-312.3805565481102,60.03847673464897,60.03847673464897,60.03847673464897,100.43051408060815,100.43051408060815,100.43051408060815,-200.711130423076,-200.711130423076,-200.711130423076,209.12710436991642,209.12710436991642,209.12710436991642,254.44084339987106,254.44084339987106,254.44084339987106,141.26689020321052,141.26689020321052,141.26689020321052,-47.731132150368296,-47.731132150368296,-47.731132150368296,-3.6199815054843953,-3.6199815054843953,-3.6199815054843953,-11756.653384357849,-11756.653384357849,-11756.653384357849,0.0,0.0,0.0,113766.22747395402
215,2025-08-20 11:00:00,125369.13277090392,113168.1370651708,114216.4733839387,125369.13277090392,125369.13277090392,-11678.936333140047,-11678.936333140047,-11678.936333140047,-313.71973049971666,-313.71973049971666,-313.71973049971666,15.46106724980052,15.46106724980052,15.46106724980052,24.661206982660943,24.661206982660943,24.661206982660943,-206.30695693719986,-206.30695693719986,-206.30695693719986,203.2860298221574,203.2860298221574,203.2860298221574,269.0322070646079,269.0322070646079,269.0322070646079,103.14980122832495,103.14980122832495,103.14980122832495,-44.53129729434782,-44.53129729434782,-44.53129729434782,-1.709913650965515,-1.709913650965515,-1.709913650965515,-11703.59754012271,-11703.59754012271,-11703.59754012271,0.0,0.0,0.0,113690.19643776387
216,2025-08-20 12:00:00,125315.81519757656,113172.88533013774,114307.0838767155,125315.81519757656,125315.81519757656,-11599.59151620683,-11599.59151620683,-11599.59151620683,-308.4971220143738,-308.4971220143738,-308.4971220143738,52.1782724342864,52.1782724342864,52.1782724342864,50.55410259858786,50.55410259858786,50.55410259858786,-196.5316987372168,-196.5316987372168,-196.5316987372168,197.63851004455387,197.63851004455387,197.63851004455387,135.50532421748997,135.50532421748997,135.50532421748997,210.89672168400293,210.89672168400293,210.89672168400293,-49.6550520854028,-49.6550520854028,-49.6550520854028,9.019147055248126,9.019147055248126,9.019147055248126,-11650.145618805418,-11650.145618805418,-11650.145618805418,0.0,0.0,0.0,113716.22368136974
217,2025-08-20 13:00:00,125262.49762424924,112558.2341604619,113614.01790454931,125262.49762424924,125262.49762424924,-12186.76732245942,-12186.76732245942,-12186.76732245942,-329.0506877734624,-329.0506877734624,-329.0506877734624,-87.28830892519012,-87.28830892519012,-87.28830892519012,-590.4641296413319,-590.4641296413319,-590.4641296413319,-215.52992899565186,-215.52992899565186,-215.52992899565186,189.09127058544613,189.09127058544613,189.09127058544613,-196.70500987653955,-196.70500987653955,-196.70500987653955,60.81028128822353,60.81028128822353,60.81028128822353,-8.17176443867317,-8.17176443867317,-8.17176443867317,-3.6199815054843953,-3.6199815054843953,-3.6199815054843953,-11596.303192818088,-11596.303192818088,-11596.303192818088,0.0,0.0,0.0,113075.73030178982
218,2025-08-20 14:00:00,125209.18005092192,112856.78089927178,113980.74084083784,125209.18005092192,125209.18005092192,-11833.722032072561,-11833.722032072561,-11833.722032072561,-351.92377833834854,-351.92377833834854,-351.92377833834854,-54.73173699252454,-54.73173699252454,-54.73173699252454,-291.6461972151967,-291.6461972151967,-291.6461972151967,-202.8255121406271,-202.8255121406271,-202.8255121406271,181.25976559260354,181.25976559260354,181.25976559260354,14.679420323784619,14.679420323784619,14.679420323784619,118.88830663988422,118.88830663988422,118.88830663988422,6.627319205515527,6.627319205515527,6.627319205515527,-3.6199815054843953,-3.6199815054843953,-3.6199815054843953,-11542.075834857365,-11542.075834857365,-11542.075834857365,0.0,0.0,0.0,113375.45801884936
219,2025-08-20 15:00:00,125155.86247759456,112866.96217544025,113963.49660608443,125155.86247759456,125155.86247759456,-11739.185302853171,-11739.185302853171,-11739.185302853171,-340.32950046586353,-340.32950046586353,-340.32950046586353,27.46149920104884,27.46149920104884,27.46149920104884,-251.71618520603852,-251.71618520603852,-251.71618520603852,-196.74852898388917,-196.74852898388917,-196.74852898388917,174.34402099392878,174.34402099392878,174.34402099392878,-68.46540232656871,-68.46540232656871,-68.46540232656871,152.23790577199463,152.23790577199463,152.23790577199463,3.403802108794985,3.403802108794985,3.403802108794985,-3.6199815054843953,-3.6199815054843953,-3.6199815054843953,-11487.469117647133,-11487.469117647133,-11487.469117647133,0.0,0.0,0.0,113416.67717474139
220,2025-08-20 16:00:00,125102.54490426724,113117.3210767156,114168.74803142325,125102.54490426724,125102.54490426724,-11482.040157561038,-11482.040157561038,-11482.040157561038,-329.563385298556,-329.563385298556,-329.563385298556,67.46020497027925,67.46020497027925,67.46020497027925,-49.551543892082854,-49.551543892082854,-49.551543892082854,-188.5438560098027,-188.5438560098027,-188.5438560098027,167.06497583156113,167.06497583156113,167.06497583156113,90.35908526353784,90.35908526353784,90.35908526353784,140.4016258268446,140.4016258268446,140.4016258268446,0.7142052386526629,0.7142052386526629,0.7142052386526629,2.5556002854003235,2.5556002854003235,2.5556002854003235,-11432.488613668955,-11432.488613668955,-11432.488613668955,0.0,0.0,0.0,113620.5047467062
221,2025-08-20 17:00:00,125049.2273309399,113447.41329280022,114521.06932103689,125049.2273309399,125049.2273309399,-11050.99502454984,-11050.99502454984,-11050.99502454984,-319.5662783574845,-319.5662783574845,-319.5662783574845,124.18565715261819,124.18565715261819,124.18565715261819,326.144870293343,326.144870293343,326.144870293343,-165.75511180953984,-165.75511180953984,-165.75511180953984,159.23808001239885,159.23808001239885,159.23808001239885,315.5566887393541,315.5566887393541,315.5566887393541,207.86491019659732,207.86491019659732,207.86491019659732,8.240905864883262,8.240905864883262,8.240905864883262,-3.6199815054843953,-3.6199815054843953,-3.6199815054843953,-11377.139894843182,-11377.139894843182,-11377.139894843182,0.0,0.0,0.0,113998.23230639007
222,2025-08-20 18:00:00,124995.90975761255,112748.74454140457,113838.39010643134,124995.90975761255,124995.90975761255,-11693.25524806763,-11693.25524806763,-11693.25524806763,-324.3552498274339,-324.3552498274339,-324.3552498274339,12.193925280594923,12.193925280594923,12.193925280594923,-371.82671574600874,-371.82671574600874,-371.82671574600874,-155.22404532115084,-155.22404532115084,-155.22404532115084,149.35564535440434,149.35564535440434,149.35564535440434,-128.38600520931837,-128.38600520931837,-128.38600520931837,41.85159080341662,41.85159080341662,41.85159080341662,33.53095495726333,33.53095495726333,33.53095495726333,-0.7935317837848249,-0.7935317837848249,-0.7935317837848249,-11321.428532321619,-11321.428532321619,-11321.428532321619,0.0,0.0,0.0,113302.65450954493
223,2025-08-20 19:00:00,124942.59218428523,113457.04964741142,114520.07298734263,124942.59218428523,124942.59218428523,-10954.070203228104,-10954.070203228104,-10954.070203228104,-320.17068805212995,-320.17068805212995,-320.17068805212995,93.60490580543897,93.60490580543897,93.60490580543897,311.2898929211173,311.2898929211173,311.2898929211173,-111.52689964176787,-111.52689964176787,-111.52689964176787,140.75318738414575,140.75318738414575,140.75318738414575,282.5306885095813,282.5306885095813,282.5306885095813,167.35731875554646,167.35731875554646,167.35731875554646,62.361361665787044,62.361361665787044,62.361361665787044,-3.6199815054843953,-3.6199815054843953,-3.6199815054843953,-11265.360096149223,-11265.360096149223,-11265.360096149223,0.0,0.0,0.0,113988.52198105713
224,2025-08-20 20:00:00,124889.2746109579,113554.80381291041,114544.54116736521,124889.2746109579,124889.2746109579,-10870.03587676071,-10870.03587676071,-10870.03587676071,-313.1865098371813,-313.1865098371813,-313.1865098371813,114.05519801917337,114.05519801917337,114.05519801917337,338.9042783019724,338.9042783019724,338.9042783019724,-78.11301445455975,-78.11301445455975,-78.11301445455975,132.24874303428712,132.24874303428712,132.24874303428712,247.11281547904332,247.11281547904332,247.11281547904332,178.2422978123259,178.2422978123259,178.2422978123259,62.16472975436815,62.16472975436815,62.16472975436815,-3.6199815054843953,-3.6199815054843953,-3.6199815054843953,-11208.94015506268,-11208.94015506268,-11208.94015506268,0.0,0.0,0.0,114019.23873419719
225,2025-08-20 21:00:00,124835.95703763055,113648.55604688967,114731.13714341307,124835.95703763055,124835.95703763055,-10639.2104114807,-10639.2104114807,-10639.2104114807,-301.00198411364426,-301.00198411364426,-301.00198411364426,99.30497289946227,99.30497289946227,99.30497289946227,512.9638646712945,512.9638646712945,512.9638646712945,-36.51487734295689,-36.51487734295689,-36.51487734295689,124.39727513028191,124.39727513028191,124.39727513028191,333.60775610721987,333.60775610721987,333.60775610721987,228.04834256391288,228.04834256391288,228.04834256391288,58.473036291432706,58.473036291432706,58.473036291432706,6.649343135585938,6.649343135585938,6.649343135585938,-11152.174276151996,-11152.174276151996,-11152.174276151996,0.0,0.0,0.0,114196.74662614985
226,2025-08-20 22:00:00,124782.63946430323,113683.73116818609,114783.57419456876,124782.63946430323,124782.63946430323,-10564.072008387639,-10564.072008387639,-10564.072008387639,-279.52529690293375,-279.52529690293375,-279.52529690293375,106.53309404847545,106.53309404847545,106.53309404847545,530.9960162510811,530.9960162510811,530.9960162510811,-2.4220496161717686,-2.4220496161717686,-2.4220496161717686,117.36901785493471,117.36901785493471,117.36901785493471,373.8824741101228,373.8824741101228,373.8824741101228,171.68583389224423,171.68583389224423,171.68583389224423,47.092924369893765,47.092924369893765,47.092924369893765,-3.6199815054843953,-3.6199815054843953,-3.6199815054843953,-11095.068024638718,-11095.068024638718,-11095.068024638718,0.0,0.0,0.0,114218.56745591559
227,2025-08-20 23:00:00,124729.3218909759,113869.4399495672,114881.77386228292,124729.3218909759,124729.3218909759,-10336.394773933449,-10336.394773933449,-10336.394773933449,-259.8023563209397,-259.8023563209397,-259.8023563209397,71.19472420342765,71.19472420342765,71.19472420342765,701.2321896505845,701.2321896505845,701.2321896505845,18.63251151071211,18.63251151071211,18.63251151071211,107.83639200722065,107.83639200722065,107.83639200722065,549.8810205839485,549.8810205839485,549.8810205839485,169.74952291502544,169.74952291502544,169.74952291502544,47.36035625667434,47.36035625667434,47.36035625667434,-3.6199815054843953,-3.6199815054843953,-3.6199815054843953,-11037.626963584033,-11037.626963584033,-11037.626963584033,0.0,0.0,0.0,114392.92711704245
228,2025-08-21 00:00:00,124676.00431764853,113604.0807090731,114677.6268309471,124676.00431764853,124676.00431764853,-10497.717928894643,-10497.717928894643,-10497.717928894643,-248.62033234020438,-248.62033234020438,-248.62033234020438,53.5575746376608,53.5575746376608,53.5575746376608,482.1387247098218,482.1387247098218,482.1387247098218,40.010826582622265,40.010826582622265,40.010826582622265,99.15811160373693,99.15811160373693,99.15811160373693,339.56770052284685,339.56770052284685,339.56770052284685,155.248602544727,155.248602544727,155.248602544727,46.83622266391677,46.83622266391677,46.83622266391677,-3.6199815054843953,-3.6199815054843953,-3.6199815054843953,-10979.856653604465,-10979.856653604465,-10979.856653604465,0.0,0.0,0.0,114178.28638875388
229,2025-08-21 01:00:00,124622.68674432121,113936.09242156742,114992.92633240893,124622.68674432121,124622.68674432121,-10124.137979947183,-10124.137979947183,-10124.137979947183,-228.0980981678182,-228.0980981678182,-228.0980981678182,62.08873641289028,62.08873641289028,62.08873641289028,797.6246727208138,797.6246727208138,797.6246727208138,67.79722115619074,67.79722115619074,67.79722115619074,92.83295172245215,92.83295172245215,92.83295172245215,501.8831870714496,501.8831870714496,501.8831870714496,258.32617413588804,258.32617413588804,258.32617413588804,46.41448189524556,46.41448189524556,46.41448189524556,-3.6199815054843953,-3.6199815054843953,-3.6199815054843953,-10921.762652668,-10921.762652668,-10921.762652668,0.0,0.0,0.0,114498.54876437402
230,2025-08-21 02:00:00,124569.36917099389,113482.78842819306,114473.24923466233,124569.36917099389,124569.36917099389,-10593.269329699415,-10593.269329699415,-10593.269329699415,-200.0143817600855,-200.0143817600855,-200.0143817600855,34.155185259896605,34.155185259896605,34.155185259896605,270.08118604519234,270.08118604519234,270.08118604519234,76.43486627363077,76.43486627363077,76.43486627363077,82.85399913617906,82.85399913617906,82.85399913617906,107.61751607259922,107.61751607259922,107.61751607259922,100.86215071231348,100.86215071231348,100.86215071231348,69.89410128279327,69.89410128279327,69.89410128279327,-1.7222509321345625,-1.7222509321345625,-1.7222509321345625,-10863.350515744607,-10863.350515744607,-10863.350515744607,0.0,0.0,0.0,113976.09984129448
231,2025-08-21 03:00:00,124516.05159766653,113506.07963483476,114564.00271406432,124516.05159766653,124516.05159766653,-10507.232194738444,-10507.232194738444,-10507.232194738444,-173.9366450957624,-173.9366450957624,-173.9366450957624,17.003392671852755,17.003392671852755,17.003392671852755,297.39359983542397,297.39359983542397,297.39359983542397,92.29146718028142,92.29146718028142,92.29146718028142,75.70285091229727,75.70285091229727,75.70285091229727,-28.3660494616559,-28.3660494616559,-28.3660494616559,286.51005995236324,286.51005995236324,286.51005995236324,31.808505181532016,31.808505181532016,31.808505181532016,-3.6199815054843953,-3.6199815054843953,-3.6199815054843953,-10804.625794573867,-10804.625794573867,-10804.625794573867,0.0,0.0,0.0,114008.81940292809
232,2025-08-21 04:00:00,124462.73402433921,113450.30009520154,114530.67177887286,124462.73402433921,124462.73402433921,-10481.141455372626,-10481.141455372626,-10481.141455372626,-157.49549372324313,-157.49549372324313,-157.49549372324313,-39.88746876970645,-39.88746876970645,-39.88746876970645,264.4525820569534,264.4525820569534,264.4525820569534,87.2550397575743,87.2550397575743,87.2550397575743,67.83468620033275,67.83468620033275,67.83468620033275,159.899352954004,159.899352954004,159.899352954004,133.31793934225973,133.31793934225973,133.31793934225973,15.100305185862814,15.100305185862814,15.100305185862814,-1.5717788901305736,-1.5717788901305736,-1.5717788901305736,-10745.59403742958,-10745.59403742958,-10745.59403742958,0.0,0.0,0.0,113981.59256896659
233,2025-08-21 05:00:00,124409.41645101189,113315.51221999955,114348.5710100177,124409.41645101189,124409.41645101189,-10601.678216231037,-10601.678216231037,-10601.678216231037,-150.6682296121445,-150.6682296121445,-150.6682296121445,-52.909821338698535,-52.909821338698535,-52.909821338698535,84.58257257950955,84.58257257950955,84.58257257950955,96.42523831684481,96.42523831684481,96.42523831684481,64.06398531529553,64.06398531529553,64.06398531529553,-77.25478767843386,-77.25478767843386,-77.25478767843386,194.47799125223037,194.47799125223037,194.47799125223037,14.068177829900097,14.068177829900097,14.068177829900097,-3.6199815054843953,-3.6199815054843953,-3.6199815054843953,-10686.260788810547,-10686.260788810547,-10686.260788810547,0.0,0.0,0.0,113807.73823478085
234,2025-08-21 06:00:00,124356.09887768452,113085.4124390555,114120.48618854667,124356.09887768452,124356.09887768452,-10770.260354856222,-10770.260354856222,-10770.260354856222,-145.24646239738047,-145.24646239738047,-145.24646239738047,-67.80238199630047,-67.80238199630047,-67.80238199630047,-143.62876567469408,-143.62876567469408,-143.62876567469408,96.76620101160698,96.76620101160698,96.76620101160698,57.91763695325878,57.91763695325878,57.91763695325878,-149.5606796946623,-149.5606796946623,-149.5606796946623,61.24537045213589,61.24537045213589,61.24537045213589,6.671531502131946,6.671531502131946,6.671531502131946,-3.6199815054843953,-3.6199815054843953,-3.6199815054843953,-10626.631589181527,-10626.631589181527,-10626.631589181527,0.0,0.0,0.0,113585.8385228283
235,2025-08-21 07:00:00,124302.7813043572,112973.42719231811,114095.12380414901,124302.7813043572,124302.7813043572,-10759.705899023567,-10759.705899023567,-10759.705899023567,-140.64127525076688,-140.64127525076688,-140.64127525076688,-56.51191215483182,-56.51191215483182,-56.51191215483182,-192.99392430741372,-192.99392430741372,-192.99392430741372,105.68606962471577,105.68606962471577,105.68606962471577,53.52909312504032,53.52909312504032,53.52909312504032,-130.7911644720628,-130.7911644720628,-130.7911644720628,-26.054358508206274,-26.054358508206274,-26.054358508206274,-2.73366633251947,-2.73366633251947,-2.73366633251947,4.523289661217414,4.523289661217414,4.523289661217414,-10566.711974716154,-10566.711974716154,-10566.711974716154,0.0,0.0,0.0,113543.07540533363
236,2025-08-21 08:00:00,124249.46373102987,112916.44312291082,113962.51974431712,124249.46373102987,124249.46373102987,-10813.742236054099,-10813.742236054099,-10813.742236054099,-129.8346894819528,-129.8346894819528,-129.8346894819528,-73.21771937930646,-73.21771937930646,-73.21771937930646,-307.2347589835522,-307.2347589835522,-307.2347589835522,103.28946441149594,103.28946441149594,103.28946441149594,47.98602760125573,47.98602760125573,47.98602760125573,-307.91279063992886,-307.91279063992886,-307.91279063992886,81.37034671926833,81.37034671926833,81.37034671926833,-25.295416708899737,-25.295416708899737,-25.295416708899737,-3.6199815054843953,-3.6199815054843953,-3.6199815054843953,-10506.507477070545,-10506.507477070545,-10506.507477070545,0.0,0.0,0.0,113435.72149497578
237,2025-08-21 09:00:00,124195.77331827838,112530.59143447566,113595.09918517867,124195.77331827838,124195.77331827838,-11135.771941613872,-11135.771941613872,-11135.771941613872,-134.1223563034388,-134.1223563034388,-134.1223563034388,-102.69986639050875,-102.69986639050875,-102.69986639050875,-689.7483185680358,-689.7483185680358,-689.7483185680358,119.03111086991588,119.03111086991588,119.03111086991588,41.73720906678872,41.73720906678872,41.73720906678872,-259.81461346479745,-259.81461346479745,-259.81461346479745,-281.7697092238223,-281.7697092238223,-281.7697092238223,-74.00958300767564,-74.00958300767564,-74.00958300767564,1.8994898855026778,1.8994898855026778,1.8994898855026778,-10446.023623045838,-10446.023623045838,-10446.023623045838,0.0,0.0,0.0,113060.00137666451
238,2025-08-21 10:00:00,124142.08290552687,112387.1988938282,113451.27181271625,124142.08290552687,124142.08290552687,-11215.397577972795,-11215.397577972795,-11215.397577972795,-140.43426970008957,-140.43426970008957,-140.43426970008957,-95.49113081215484,-95.49113081215484,-95.49113081215484,-830.1316435985761,-830.1316435985761,-830.1316435985761,112.23365472423492,112.23365472423492,112.23365472423492,33.95200948103077,33.95200948103077,33.95200948103077,-327.6975851809609,-327.6975851809609,-327.6975851809609,-334.0583767464794,-334.0583767464794,-334.0583767464794,-75.01596385867275,-75.01596385867275,-75.01596385867275,-3.6199815054843953,-3.6199815054843953,-3.6199815054843953,-10385.26593437422,-10385.26593437422,-10385.26593437422,0.0,0.0,0.0,112926.68532755408
239,2025-08-21 11:00:00,124088.39249277538,112174.59229192324,113226.34334547275,124088.39249277538,124088.39249277538,-11373.7625706717,-11373.7625706717,-11373.7625706717,-155.08423251362953,-155.08423251362953,-155.08423251362953,-89.97979691626604,-89.97979691626604,-89.97979691626604,-1049.5226432099428,-1049.5226432099428,-1049.5226432099428,105.5339442770487,105.5339442770487,105.5339442770487,25.261916162225774,25.261916162225774,25.261916162225774,-485.66239076666494,-485.66239076666494,-485.66239076666494,-370.19545272933436,-370.19545272933436,-370.19545272933436,-75.77664921783797,-75.77664921783797,-75.77664921783797,-3.6199815054843953,-3.6199815054843953,-3.6199815054843953,-10324.239927461756,-10324.239927461756,-10324.239927461756,0.0,0.0,0.0,112714.62992210369
240,2025-08-21 12:00:00,124034.70208002387,112171.65098590514,113239.73588187588,124034.70208002387,124034.70208002387,-11305.54792118777,-11305.54792118777,-11305.54792118777,-172.5996761939767,-172.5996761939767,-172.5996761939767,-90.86385154867256,-90.86385154867256,-90.86385154867256,-1042.5968080813223,-1042.5968080813223,-1042.5968080813223,83.060693821944,83.060693821944,83.060693821944,15.944517358252327,15.944517358252327,15.944517358252327,-289.1872601840735,-289.1872601840735,-289.1872601840735,-504.66470222463323,-504.66470222463323,-504.66470222463323,-85.28197440965366,-85.28197440965366,-85.28197440965366,0.9954452994910349,0.9954452994910349,0.9954452994910349,-10262.951113106446,-10262.951113106446,-10262.951113106446,0.0,0.0,0.0,112729.1541588361
241,2025-08-21 13:00:00,123981.01166727237,112786.42922551901,113852.66631568321,123981.01166727237,123981.01166727237,-10678.251115651039,-10678.251115651039,-10678.251115651039,-160.85071226024542,-160.85071226024542,-160.85071226024542,-40.54850601968499,-40.54850601968499,-40.54850601968499,-476.8461193975534,-476.8461193975534,-476.8461193975534,64.33367345934504,64.33367345934504,64.33367345934504,7.969975359742589,7.969975359742589,7.969975359742589,-107.42822913369196,-107.42822913369196,-107.42822913369196,-177.40340988312926,-177.40340988312926,-177.40340988312926,-59.298929414405,-59.298929414405,-59.298929414405,-3.6199815054843953,-3.6199815054843953,-3.6199815054843953,-10201.404996253485,-10201.404996253485,-10201.404996253485,0.0,0.0,0.0,113302.76055162132
242,2025-08-21 14:00:00,123927.32125452085,112663.66626833662,113737.84139448016,123927.32125452085,123927.32125452085,-10745.968331904995,-10745.968331904995,-10745.968331904995,-128.53289186524458,-128.53289186524458,-128.53289186524458,-35.41928062516701,-35.41928062516701,-35.41928062516701,-606.36125618726,-606.36125618726,-606.36125618726,56.30957763248559,56.30957763248559,56.30957763248559,-1.0990164548726957,-1.0990164548726957,-1.0990164548726957,-165.12558761859916,-165.12558761859916,-165.12558761859916,-272.8809537752606,-272.8809537752606,-272.8809537752606,-55.99312197511705,-55.99312197511705,-55.99312197511705,-3.6199815054843953,-3.6199815054843953,-3.6199815054843953,-10139.607075717735,-10139.607075717735,-10139.607075717735,0.0,0.0,0.0,113181.35292261586
243,2025-08-21 15:00:00,123873.63084176937,112125.9484463383,113146.63564097158,123873.63084176937,123873.63084176937,-11213.763925319465,-11213.763925319465,-11213.763925319465,-115.12361977251884,-115.12361977251884,-115.12361977251884,-87.381527232078,-87.381527232078,-87.381527232078,-1136.2010813703214,-1136.2010813703214,-1136.2010813703214,11.066627326818878,11.066627326818878,11.066627326818878,-10.775503465138222,-10.775503465138222,-10.775503465138222,-381.6778207927069,-381.6778207927069,-381.6778207927069,-489.7063491973562,-489.7063491973562,-489.7063491973562,-58.982906731857824,-58.982906731857824,-58.982906731857824,-3.6199815054843953,-3.6199815054843953,-3.6199815054843953,-10077.562843949145,-10077.562843949145,-10077.562843949145,0.0,0.0,0.0,112659.8669164499
244,2025-08-21 16:00:00,123819.94042901785,111952.48998331912,113056.73287970076,123819.94042901785,123819.94042901785,-11323.627192992692,-11323.627192992692,-11323.627192992692,-115.76300839190827,-115.76300839190827,-115.76300839190827,-119.14037897733273,-119.14037897733273,-119.14037897733273,-1308.3494062421948,-1308.3494062421948,-1308.3494062421948,-47.890778718370086,-47.890778718370086,-47.890778718370086,-16.906589662674783,-16.906589662674783,-16.906589662674783,-477.02441756699164,-477.02441756699164,-477.02441756699164,-454.0820102241285,-454.0820102241285,-454.0820102241285,-76.05276366554914,-76.05276366554914,-76.05276366554914,-1.489459035239608,-1.489459035239608,-1.489459035239608,-10015.277786750496,-10015.277786750496,-10015.277786750496,0.0,0.0,0.0,112496.31323602516
245,2025-08-21 17:00:00,123766.25001626636,111883.83468820089,112975.56988652216,123766.25001626636,123766.25001626636,-11328.298391139742,-11328.298391139742,-11328.298391139742,-122.6358594670301,-122.6358594670301,-122.6358594670301,-114.59470706546468,-114.59470706546468,-114.59470706546468,-1375.541008076918,-1375.541008076918,-1375.541008076918,-106.17383122392019,-106.17383122392019,-106.17383122392019,-22.280000965906858,-22.280000965906858,-22.280000965906858,-487.2785275109443,-487.2785275109443,-487.2785275109443,-443.4960520669958,-443.4960520669958,-443.4960520669958,-75.46204827117154,-75.46204827117154,-75.46204827117154,-3.6199815054843953,-3.6199815054843953,-3.6199815054843953,-9952.757383062824,-9952.757383062824,-9952.757383062824,0.0,0.0,0.0,112437.95162512662
246,2025-08-21 18:00:00,123712.55960351486,112165.74995190463,113264.79282434378,123712.55960351486,123712.55960351486,-10994.171783189066,-10994.171783189066,-10994.171783189066,-123.06672396715764,-123.06672396715764,-123.06672396715764,-81.36191741123986,-81.36191741123986,-81.36191741123986,-1104.164678536481,-1104.164678536481,-1104.164678536481,-164.8322639236957,-164.8322639236957,-164.8322639236957,-25.21720452341735,-25.21720452341735,-25.21720452341735,-314.1496789529173,-314.1496789529173,-314.1496789529173,-324.7347143691893,-324.7347143691893,-324.7347143691893,-67.18219388337933,-67.18219388337933,-67.18219388337933,-3.6199815054843953,-3.6199815054843953,-3.6199815054843953,-9890.007104652585,-9890.007104652585,-9890.007104652585,0.0,0.0,0.0,112718.38782032579
247,2025-08-21 19:00:00,123658.86919076336,111896.83530363829,112931.52097414827,123658.86919076336,123658.86919076336,-11247.365237076874,-11247.365237076874,-11247.365237076874,-131.755413393652,-131.755413393652,-131.755413393652,-85.07456816659786,-85.07456816659786,-85.07456816659786,-1420.3328211823873,-1420.3328211823873,-1420.3328211823873,-228.26853390015708,-228.26853390015708,-228.26853390015708,-30.74302380131882,-30.74302380131882,-30.74302380131882,-423.00564874208914,-423.00564874208914,-423.00564874208914,-463.64450454398747,-463.64450454398747,-463.64450454398747,-57.855581796726725,-57.855581796726725,-57.855581796726725,0.01445316214180723,0.01445316214180723,0.01445316214180723,-9827.032415894486,-9827.032415894486,-9827.032415894486,0.0,0.0,0.0,112411.5039536865
248,2025-08-21 20:00:00,123605.17877801185,112270.84077944637,113307.89813877243,123605.17877801185,123605.17877801185,-10821.887640194685,-10821.887640194685,-10821.887640194685,-136.14713915039843,-136.14713915039843,-136.14713915039843,-55.50421454583715,-55.50421454583715,-55.50421454583715,-1058.0488666741671,-1058.0488666741671,-1058.0488666741671,-281.4268207343473,-281.4268207343473,-281.4268207343473,-32.93787567767878,-32.93787567767878,-32.93787567767878,-228.72603467237138,-228.72603467237138,-228.72603467237138,-283.0371351797288,-283.0371351797288,-283.0371351797288,-36.64966520832071,-36.64966520832071,-36.64966520832071,-3.6199815054843953,-3.6199815054843953,-3.6199815054843953,-9763.83877352052,-9763.83877352052,-9763.83877352052,0.0,0.0,0.0,112783.29113781716
249,2025-08-21 21:00:00,123551.48836526035,112270.13578390112,113375.64271150596,123551.48836526035,123551.48836526035,-10725.51041146523,-10725.51041146523,-10725.51041146523,-140.22517021023415,-140.22517021023415,-140.22517021023415,-45.05663174269661,-45.05663174269661,-45.05663174269661,-1025.078785113355,-1025.078785113355,-1025.078785113355,-341.52619941201743,-341.52619941201743,-341.52619941201743,-35.18028445861264,-35.18028445861264,-35.18028445861264,-153.2151083293887,-153.2151083293887,-153.2151083293887,-280.26950934768547,-280.26950934768547,-280.26950934768547,-36.43350915826328,-36.43350915826328,-36.43350915826328,6.82762754554327,6.82762754554327,6.82762754554327,-9700.431626351876,-9700.431626351876,-9700.431626351876,0.0,0.0,0.0,112825.97795379511
250,2025-08-21 22:00:00,123497.79795250884,112282.11477118479,113358.58830479071,123497.79795250884,123497.79795250884,-10688.885898652083,-10688.885898652083,-10688.885898652083,-144.01191333722468,-144.01191333722468,-144.01191333722468,-32.87154640067212,-32.87154640067212,-32.87154640067212,-1052.0694836228035,-1052.0694836228035,-1052.0694836228035,-385.44292873803744,-385.44292873803744,-385.44292873803744,-39.26236402372649,-39.26236402372649,-39.26236402372649,-155.6606446168192,-155.6606446168192,-155.6606446168192,-252.33227122861427,-252.33227122861427,-252.33227122861427,-38.867833772224984,-38.867833772224984,-38.867833772224984,-3.6199815054843953,-3.6199815054843953,-3.6199815054843953,-9636.81641502928,-9636.81641502928,-9636.81641502928,0.0,0.0,0.0,112808.91205385677
251,2025-08-21 23:00:00,123444.10753975734,112004.96564455584,113106.35217262921,123444.10753975734,123444.10753975734,-10868.532808525162,-10868.532808525162,-10868.532808525162,-154.3359876397115,-154.3359876397115,-154.3359876397115,-40.721507915650236,-40.721507915650236,-40.721507915650236,-1295.5342367062603,-1295.5342367062603,-1295.5342367062603,-431.60872692953967,-431.60872692953967,-431.60872692953967,-43.18739591616229,-43.18739591616229,-43.18739591616229,-364.6344823565983,-364.6344823565983,-364.6344823565983,-220.24464635150125,-220.24464635150125,-220.24464635150125,-40.373702337525906,-40.373702337525906,-40.373702337525906,-0.42778725957102187,-0.42778725957102187,-0.42778725957102187,-9572.998571818902,-9572.998571818902,-9572.998571818902,0.0,0.0,0.0,112575.57473123218
252,2025-08-22 00:00:00,123390.41712700586,112350.99638359631,113358.25131657078,123390.41712700586,123390.41712700586,-10523.938150839003,-10523.938150839003,-10523.938150839003,-137.16959022765113,-137.16959022765113,-137.16959022765113,-9.522143923647937,-9.522143923647937,-9.522143923647937,-1014.9546305352065,-1014.9546305352065,-1014.9546305352065,-468.1089440193774,-468.1089440193774,-468.1089440193774,-45.40681987736236,-45.40681987736236,-45.40681987736236,-189.30201038808775,-189.30201038808775,-189.30201038808775,-129.2726043880049,-129.2726043880049,-129.2726043880049,-36.303450021055724,-36.303450021055724,-36.303450021055724,0.130932309980598,0.130932309980598,0.130932309980598,-9508.983520303796,-9508.983520303796,-9508.983520303796,0.0,0.0,0.0,112866.47897616685
253,2025-08-22 01:00:00,123336.72671425436,112681.11081277835,113744.51767591039,123336.72671425436,123336.72671425436,-10121.936961637131,-10121.936961637131,-10121.936961637131,-127.89096560910068,-127.89096560910068,-127.89096560910068,2.3278662188201147,2.3278662188201147,2.3278662188201147,-677.1602864867784,-677.1602864867784,-677.1602864867784,-501.93652755023834,-501.93652755023834,-501.93652755023834,-45.44482266696129,-45.44482266696129,-45.44482266696129,61.74233058099476,61.74233058099476,61.74233058099476,-30.127693837915835,-30.127693837915835,-30.127693837915835,-32.210492116892844,-32.210492116892844,-32.210492116892844,-3.6199815054843953,-3.6199815054843953,-3.6199815054843953,-9444.776675150351,-9444.776675150351,-9444.776675150351,0.0,0.0,0.0,113214.78975261723
254,2025-08-22 02:00:00,123283.03630150286,113158.32815162704,114248.15044221493,123283.03630150286,123283.03630150286,-9562.506962373807,-9562.506962373807,-9562.506962373807,-84.09588458014102,-84.09588458014102,-84.09588458014102,70.89272769973418,70.89272769973418,70.89272769973418,-182.12352047897315,-182.12352047897315,-182.12352047897315,-521.2257004042101,-521.2257004042101,-521.2257004042101,-45.708827588436726,-45.708827588436726,-45.708827588436726,337.63622478422934,337.63622478422934,337.63622478422934,88.73331394071857,88.73331394071857,88.73331394071857,-24.735392825383002,-24.735392825383002,-24.735392825383002,-3.6199815054843953,-3.6199815054843953,-3.6199815054843953,-9380.383441894835,-9380.383441894835,-9380.383441894835,0.0,0.0,0.0,113720.52933912905
255,2025-08-22 03:00:00,123229.34588875136,112853.76615465655,113908.81756970985,123229.34588875136,123229.34588875136,-9847.774190346967,-9847.774190346967,-9847.774190346967,-43.429023624678685,-43.429023624678685,-43.429023624678685,69.65396379066502,69.65396379066502,69.65396379066502,-531.9649737157841,-531.9649737157841,-531.9649737157841,-551.407552941016,-551.407552941016,-551.407552941016,-46.128018198520515,-46.128018198520515,-46.128018198520515,213.56179519279584,213.56179519279584,213.56179519279584,-130.37347900360095,-130.37347900360095,-130.37347900360095,-40.2226774259444,-40.2226774259444,-40.2226774259444,-3.6199815054843953,-3.6199815054843953,-3.6199815054843953,-9315.809216631182,-9315.809216631182,-9315.809216631182,0.0,0.0,0.0,113381.57169840438
256,2025-08-22 04:00:00,123175.65547599984,112776.73435612611,113857.83265833919,123175.65547599984,123175.65547599984,-9867.83775539206,-9867.83775539206,-9867.83775539206,-8.236879332701742,-8.236879332701742,-8.236879332701742,59.63048504745123,59.63048504745123,59.63048504745123,-616.7783695490799,-616.7783695490799,-616.7783695490799,-577.18350664544,-577.18350664544,-577.18350664544,-48.90628157495494,-48.90628157495494,-48.90628157495494,91.65059743877455,91.65059743877455,91.65059743877455,-90.22106405127448,-90.22106405127448,-90.22106405127448,-44.59982608109401,-44.59982608109401,-44.59982608109401,1.088105650159526,1.088105650159526,1.088105650159526,-9251.059385842982,-9251.059385842982,-9251.059385842982,0.0,0.0,0.0,113307.81772060778
257,2025-08-22 05:00:00,123121.96506324834,113501.62483626293,114517.16995052184,123121.96506324834,123121.96506324834,-9124.007404439868,-9124.007404439868,-9124.007404439868,26.38662437959569,26.38662437959569,26.38662437959569,89.81672854995833,89.81672854995833,89.81672854995833,62.131921639929466,62.131921639929466,62.131921639929466,-582.6953544608493,-582.6953544608493,-582.6953544608493,-50.1850983381865,-50.1850983381865,-50.1850983381865,452.5402554942645,452.5402554942645,452.5402554942645,174.32800520875838,174.32800520875838,174.32800520875838,-44.4392576881272,-44.4392576881272,-44.4392576881272,-3.6199815054843953,-3.6199815054843953,-3.6199815054843953,-9186.139326079796,-9186.139326079796,-9186.139326079796,0.0,0.0,0.0,113997.95765880847
258,2025-08-22 06:00:00,123068.27465049684,113327.00320482191,114372.02813497726,123068.27465049684,123068.27465049684,-9237.032549699885,-9237.032549699885,-9237.032549699885,58.40252920848359,58.40252920848359,58.40252920848359,69.16045375243219,69.16045375243219,69.16045375243219,-115.97814594085793,-115.97814594085793,-115.97814594085793,-591.40550577718,-591.40550577718,-591.40550577718,-52.59093437655784,-52.59093437655784,-52.59093437655784,215.4080238426966,215.4080238426966,215.4080238426966,235.3373769924662,235.3373769924662,235.3373769924662,-54.745654939886926,-54.745654939886926,-54.745654939886926,4.455565356688289,4.455565356688289,4.455565356688289,-9121.054403759028,-9121.054403759028,-9121.054403759028,0.0,0.0,0.0,113831.24210079695
259,2025-08-22 07:00:00,123014.58423774534,113353.0497217797,114432.37833382007,123014.58423774534,123014.58423774534,-9133.280803955764,-9133.280803955764,-9133.280803955764,88.13158369245095,88.13158369245095,88.13158369245095,63.32623665775928,63.32623665775928,63.32623665775928,-77.47082902068217,-77.47082902068217,-77.47082902068217,-593.0827852514392,-593.0827852514392,-593.0827852514392,-54.95318167312402,-54.95318167312402,-54.95318167312402,225.91215744812783,225.91215744812783,225.91215744812783,251.24339681229804,251.24339681229804,251.24339681229804,-54.428255201270645,-54.428255201270645,-54.428255201270645,-3.6199815054843953,-3.6199815054843953,-3.6199815054843953,-9055.80997493508,-9055.80997493508,-9055.80997493508,0.0,0.0,0.0,113881.30343378958
260,2025-08-22 08:00:00,122960.89382499384,113285.27869321575,114339.06287857128,122960.89382499384,122960.89382499384,-9149.520920792098,-9149.520920792098,-9149.520920792098,110.76485247281818,110.76485247281818,110.76485247281818,51.14447602197406,51.14447602197406,51.14447602197406,-159.10953578643603,-159.10953578643603,-159.10953578643603,-594.7254177762265,-594.7254177762265,-594.7254177762265,-57.68107990672011,-57.68107990672011,-57.68107990672011,228.7884134997185,228.7884134997185,228.7884134997185,161.29370178651163,161.29370178651163,161.29370178651163,-55.07450037902728,-55.07450037902728,-55.07450037902728,-3.6199815054843953,-3.6199815054843953,-3.6199815054843953,-8990.411385005662,-8990.411385005662,-8990.411385005662,0.0,0.0,0.0,113811.37290420174
261,2025-08-22 09:00:00,122907.20341224234,113521.81040223682,114570.97355929755,122907.20341224234,122907.20341224234,-8861.74005851272,-8861.74005851272,-8861.74005851272,138.48673440008983,138.48673440008983,138.48673440008983,34.36649295566455,34.36649295566455,34.36649295566455,63.12390999376132,63.12390999376132,63.12390999376132,-610.4271399352541,-610.4271399352541,-610.4271399352541,-59.33665846273176,-59.33665846273176,-59.33665846273176,267.09352539266126,267.09352539266126,267.09352539266126,379.7669773151362,379.7669773151362,379.7669773151362,-83.20604016632024,-83.20604016632024,-83.20604016632024,-3.6199815054843953,-3.6199815054843953,-3.6199815054843953,-8924.86396850648,-8924.86396850648,-8924.86396850648,0.0,0.0,0.0,114045.46335372962
262,2025-08-22 10:00:00,122853.51299949083,112887.63650088185,113933.26537952624,122853.51299949083,122853.51299949083,-9433.741881898137,-9433.741881898137,-9433.741881898137,145.11631073038413,145.11631073038413,145.11631073038413,-23.532808576463925,-23.532808576463925,-23.532808576463925,-574.5688330395063,-574.5688330395063,-574.5688330395063,-632.4339185475244,-632.4339185475244,-632.4339185475244,-65.23707230605483,-65.23707230605483,-65.23707230605483,11.4460334832155,11.4460334832155,11.4460334832155,53.83048660923173,53.83048660923173,53.83048660923173,-69.17288516960915,-69.17288516960915,-69.17288516960915,5.41502073731467,5.41502073731467,5.41502073731467,-8859.173048858629,-8859.173048858629,-8859.173048858629,0.0,0.0,0.0,113419.7711175927
263,2025-08-22 11:00:00,122799.82258673933,112551.50415001676,113608.35335835793,122799.82258673933,122799.82258673933,-9710.531444527847,-9710.531444527847,-9710.531444527847,133.06187812524576,133.06187812524576,133.06187812524576,-83.89622542738284,-83.89622542738284,-83.89622542738284,-917.1875063678194,-917.1875063678194,-917.1875063678194,-646.5407337810253,-646.5407337810253,-646.5407337810253,-70.56161415856715,-70.56161415856715,-70.56161415856715,-143.09864584050058,-143.09864584050058,-143.09864584050058,-38.421804636734926,-38.421804636734926,-38.421804636734926,-66.63210515157054,-66.63210515157054,-66.63210515157054,-1.0982554972838978,-1.0982554972838978,-1.0982554972838978,-8793.343938160027,-8793.343938160027,-8793.343938160027,0.0,0.0,0.0,113089.29114221148
264,2025-08-22 12:00:00,122746.13217398782,112407.31185593981,113459.20238986649,122746.13217398782,122746.13217398782,-9796.770933672922,-9796.770933672922,-9796.770933672922,103.68884783399834,103.68884783399834,103.68884783399834,-93.85722173437885,-93.85722173437885,-93.85722173437885,-1069.3889967892944,-1069.3889967892944,-1069.3889967892944,-648.9919480934088,-648.9919480934088,-648.9919480934088,-76.5425511817806,-76.5425511817806,-76.5425511817806,-273.25246503092876,-273.25246503092876,-273.25246503092876,-9.308374842219951,-9.308374842219951,-9.308374842219951,-67.50530223509125,-67.50530223509125,-67.50530223509125,-3.6199815054843953,-3.6199815054843953,-3.6199815054843953,-8727.381936883628,-8727.381936883628,-8727.381936883628,0.0,0.0,0.0,112949.3612403149
265,2025-08-22 13:00:00,122692.44176123632,112596.77043711992,113701.11252901942,122692.44176123632,122692.44176123632,-9560.018312506998,-9560.018312506998,-9560.018312506998,76.41389113498298,76.41389113498298,76.41389113498298,-74.01956427751651,-74.01956427751651,-74.01956427751651,-898.7259788177402,-898.7259788177402,-898.7259788177402,-651.0434605119281,-651.0434605119281,-651.0434605119281,-81.44445317503022,-81.44445317503022,-81.44445317503022,-145.71778521794278,-145.71778521794278,-145.71778521794278,28.32542287486444,28.32542287486444,28.32542287486444,-67.31698106553573,-67.31698106553573,-67.31698106553573,16.07695142036571,16.07695142036571,16.07695142036571,-8661.292333689258,-8661.292333689258,-8661.292333689258,0.0,0.0,0.0,113132.42344872931
266,2025-08-22 14:00:00,122638.75134848482,115329.46690568424,116397.69704575057,122638.75134848482,122638.75134848482,-6753.861388441995,-6753.861388441995,-6753.861388441995,45.39817825005407,45.39817825005407,45.39817825005407,252.90741034509355,252.90741034509355,252.90741034509355,1841.2190167599597,1841.2190167599597,1841.2190167599597,-554.9371822368493,-554.9371822368493,-554.9371822368493,-72.89681689964587,-72.89681689964587,-72.89681689964587,1185.6727723139413,1185.6727723139413,1185.6727723139413,568.089413475195,568.089413475195,568.089413475195,362.68832010902764,362.68832010902764,362.68832010902764,54.29692140314287,54.29692140314287,54.29692140314287,-8595.080405201954,-8595.080405201954,-8595.080405201954,0.0,0.0,0.0,115884.88996004283
267,2025-08-22 15:00:00,122585.06093573333,115460.67761331938,116533.19395907196,122585.06093573333,122585.06093573333,-6579.314032203008,-6579.314032203008,-6579.314032203008,3.189195195756479,3.189195195756479,3.189195195756479,206.16495773479969,206.16495773479969,206.16495773479969,1949.437383488858,1949.437383488858,1949.437383488858,-424.2463648925299,-424.2463648925299,-424.2463648925299,-58.5091133793567,-58.5091133793567,-58.5091133793567,1248.4585782040836,1248.4585782040836,1248.4585782040836,598.3474617307264,598.3474617307264,598.3474617307264,366.08259196509727,366.08259196509727,366.08259196509727,9.950076930281336,9.950076930281336,9.950076930281336,-8528.751415691866,-8528.751415691866,-8528.751415691866,0.0,0.0,0.0,116005.74690353032
268,2025-08-22 16:00:00,122531.37052298183,115309.1849572586,116354.5885085797,122531.37052298183,122531.37052298183,-6678.74533241815,-6678.74533241815,-6678.74533241815,-36.00486049751995,-36.00486049751995,-36.00486049751995,124.69457073242937,124.69457073242937,124.69457073242937,1783.5652845353209,1783.5652845353209,1783.5652845353209,-317.74278947701947,-317.74278947701947,-317.74278947701947,-48.22561956270249,-48.22561956270249,-48.22561956270249,1188.049533068513,1188.049533068513,1188.049533068513,484.1413403274577,484.1413403274577,484.1413403274577,374.98216606430816,374.98216606430816,374.98216606430816,13.670943879854853,13.670943879854853,13.670943879854853,-8462.31061695347,-8462.31061695347,-8462.31061695347,0.0,0.0,0.0,115852.62519056367
269,2025-08-22 17:00:00,122477.68011023031,115785.06596986533,116829.07947533339,122477.68011023031,122477.68011023031,-6183.880123713622,-6183.880123713622,-6183.880123713622,-75.29392211077659,-75.29392211077659,-75.29392211077659,101.00283212464845,101.00283212464845,101.00283212464845,2211.883124279328,2211.883124279328,2211.883124279328,-190.4455375806197,-190.4455375806197,-190.4455375806197,-34.3417811411318,-34.3417811411318,-34.3417811411318,1431.941439968649,1431.941439968649,1431.941439968649,602.1747429909308,602.1747429909308,602.1747429909308,374.1895301325774,374.1895301325774,374.1895301325774,2.6558198950510055,2.6558198950510055,2.6558198950510055,-8395.76324799295,-8395.76324799295,-8395.76324799295,0.0,0.0,0.0,116293.7999865167
270,2025-08-22 18:00:00,122416.7784083663,115818.44043879093,116861.74302659504,122416.7784083663,122416.7784083663,-6059.495627303665,-6059.495627303665,-6059.495627303665,-116.03643351350144,-116.03643351350144,-116.03643351350144,85.91034549985307,85.91034549985307,85.91034549985307,2269.6189075057573,2269.6189075057573,2269.6189075057573,-64.79022985902489,-64.79022985902489,-64.79022985902489,-22.79909770478868,-22.79909770478868,-22.79909770478868,1410.4172392299417,1410.4172392299417,1410.4172392299417,592.2523277308409,592.2523277308409,592.2523277308409,374.99760466513044,374.99760466513044,374.99760466513044,9.667151457306378,9.667151457306378,9.667151457306378,-8329.114534809423,-8329.114534809423,-8329.114534809423,0.0,0.0,0.0,116357.28278106263
271,2025-08-22 19:00:00,122355.87670650228,115739.52945427492,116828.56860391852,122355.87670650228,122355.87670650228,-6032.91122193787,-6032.91122193787,-6032.91122193787,-144.52002180625226,-144.52002180625226,-144.52002180625226,65.36722486881682,65.36722486881682,65.36722486881682,2229.4584682487,2229.4584682487,2229.4584682487,59.20087703811689,59.20087703811689,59.20087703811689,-13.260916429199533,-13.260916429199533,-13.260916429199533,1351.3451643370117,1351.3451643370117,1351.3451643370117,537.7366048279779,537.7366048279779,537.7366048279779,377.20951691771296,377.20951691771296,377.20951691771296,-3.6199815054843953,-3.6199815054843953,-3.6199815054843953,-8262.369690186571,-8262.369690186571,-8262.369690186571,0.0,0.0,0.0,116322.96548456441
272,2025-08-22 20:00:00,122294.97500463827,116324.8246261675,117355.74124765123,122294.97500463827,122294.97500463827,-5465.052810510217,-5465.052810510217,-5465.052810510217,-173.29316786685564,-173.29316786685564,-173.29316786685564,60.48335314857442,60.48335314857442,60.48335314857442,2730.4811029577286,2730.4811029577286,2730.4811029577286,187.612338117412,187.612338117412,187.612338117412,0.20159467926000935,0.20159467926000935,0.20159467926000935,1667.4442463220896,1667.4442463220896,1667.4442463220896,610.5169779415646,610.5169779415646,610.5169779415646,371.6967949479151,371.6967949479151,371.6967949479151,5.818965667768663,5.818965667768663,5.818965667768663,-8195.533913467945,-8195.533913467945,-8195.533913467945,0.0,0.0,0.0,116829.92219412806
273,2025-08-22 21:00:00,122234.07330277425,116454.38144560477,117535.3311232827,122234.07330277425,122234.07330277425,-5236.080491775269,-5236.080491775269,-5236.080491775269,-200.6826591413356,-200.6826591413356,-200.6826591413356,55.41642740481637,55.41642740481637,55.41642740481637,2892.5318985090735,2892.5318985090735,2892.5318985090735,309.4835564970821,309.4835564970821,309.4835564970821,10.563291826798864,10.563291826798864,10.563291826798864,1744.7747916175151,1744.7747916175151,1744.7747916175151,603.7907796334199,603.7907796334199,603.7907796334199,372.805692176261,372.805692176261,372.805692176261,-3.6199815054843953,-3.6199815054843953,-3.6199815054843953,-8128.612390284343,-8128.612390284343,-8128.612390284343,0.0,0.0,0.0,116997.99281099899
274,2025-08-22 22:00:00,122173.17160091022,116454.21448685678,117534.38270692129,122173.17160091022,122173.17160091022,-5188.334668044243,-5188.334668044243,-5188.334668044243,-213.74764290030183,-213.74764290030183,-213.74764290030183,45.37762979904823,45.37762979904823,45.37762979904823,2873.275624304107,2873.275624304107,2873.275624304107,413.5588625998655,413.5588625998655,413.5588625998655,19.699559262518484,19.699559262518484,19.699559262518484,1656.5607292321556,1656.5607292321556,1656.5607292321556,570.4512348971126,570.4512348971126,570.4512348971126,375.7834438554802,375.7834438554802,375.7834438554802,5.59180755822836,5.59180755822836,5.59180755822836,-8061.61029234835,-8061.61029234835,-8061.61029234835,0.0,0.0,0.0,116984.83693286598
275,2025-08-22 23:00:00,122112.26989904621,116590.20870906729,117669.81139353524,122112.26989904621,122112.26989904621,-4978.597992523347,-4978.597992523347,-4978.597992523347,-225.8794135336278,-225.8794135336278,-225.8794135336278,42.225889005193025,42.225889005193025,42.225889005193025,3015.934784746324,3015.934784746324,3015.934784746324,530.8890360992225,530.8890360992225,530.8890360992225,29.355198156080426,29.355198156080426,29.355198156080426,1690.7652923389146,1690.7652923389146,1690.7652923389146,577.172195401933,577.172195401933,577.172195401933,375.0265687840925,375.0265687840925,375.0265687840925,-3.6199815054843953,-3.6199815054843953,-3.6199815054843953,-7994.532777269672,-7994.532777269672,-7994.532777269672,0.0,0.0,0.0,117133.67190652287
276,2025-08-23 00:00:00,122051.3681971822,115530.45562303603,116599.52139093663,122051.3681971822,122051.3681971822,-6012.931109151293,-6012.931109151293,-6012.931109151293,-238.5546474589957,-238.5546474589957,-238.5546474589957,39.75960594054128,39.75960594054128,39.75960594054128,1914.4538791094183,1914.4538791094183,1914.4538791094183,651.0423623552585,651.0423623552585,651.0423623552585,38.025786428656026,38.025786428656026,38.025786428656026,378.7819911722558,378.7819911722558,378.7819911722558,685.8323815119543,685.8323815119543,685.8323815119543,362.60664730656066,362.60664730656066,362.60664730656066,-3.040248146812471,-3.040248146812471,-3.040248146812471,-7927.384988260712,-7927.384988260712,-7927.384988260712,0.0,0.0,0.0,116038.4370880309
277,2025-08-23 01:00:00,121990.46649531818,115207.29266484326,116227.21846623182,121990.46649531818,121990.46649531818,-6281.376253405821,-6281.376253405821,-6281.376253405821,-230.37297474832306,-230.37297474832306,-230.37297474832306,25.349207863133305,25.349207863133305,25.349207863133305,1578.7958005446908,1578.7958005446908,1578.7958005446908,744.6965085179712,744.6965085179712,744.6965085179712,46.40508102963657,46.40508102963657,46.40508102963657,-4.6866942851359115,-4.6866942851359115,-4.6866942851359115,632.4085551606119,632.4085551606119,632.4085551606119,368.6160985122813,368.6160985122813,368.6160985122813,-3.6199815054843953,-3.6199815054843953,-3.6199815054843953,-7860.172053950512,-7860.172053950512,-7860.172053950512,0.0,0.0,0.0,115709.09024191236
278,2025-08-23 02:00:00,121929.56479345416,115163.9104846689,116219.31278756371,121929.56479345416,121929.56479345416,-6218.940759590778,-6218.940759590778,-6218.940759590778,-195.64607770719755,-195.64607770719755,-195.64607770719755,-10.312570985762578,-10.312570985762578,-10.312570985762578,1573.9583285749309,1573.9583285749309,1573.9583285749309,831.5619176348624,831.5619176348624,831.5619176348624,52.7111632052997,52.7111632052997,52.7111632052997,-24.913189175101863,-24.913189175101863,-24.913189175101863,538.767351851996,538.767351851996,538.767351851996,378.5757172538347,378.5757172538347,378.5757172538347,3.2140164970000837,3.2140164970000837,3.2140164970000837,-7792.899088165708,-7792.899088165708,-7792.899088165708,0.0,0.0,0.0,115710.62403386338
279,2025-08-23 03:00:00,121868.66309159013,114685.59241438862,115778.28317487595,121868.66309159013,121868.66309159013,-6619.304958294183,-6619.304958294183,-6619.304958294183,-158.87452722299074,-158.87452722299074,-158.87452722299074,-89.55095938297177,-89.55095938297177,-89.55095938297177,1106.2662314009906,1106.2662314009906,1106.2662314009906,902.8329871910884,902.8329871910884,902.8329871910884,56.133795166812966,56.133795166812966,56.133795166812966,-446.77276956733846,-446.77276956733846,-446.77276956733846,455.69164200769904,455.69164200769904,455.69164200769904,387.29256546727476,387.29256546727476,387.29256546727476,-0.4865022585836368,-0.4865022585836368,-0.4865022585836368,-7725.571189695174,-7725.571189695174,-7725.571189695174,0.0,0.0,0.0,115249.35813329594
280,2025-08-23 04:00:00,121807.76138972613,114256.74407128966,115331.9932608738,121807.76138972613,121807.76138972613,-7033.828093045993,-7033.828093045993,-7033.828093045993,-124.72951605908439,-124.72951605908439,-124.72951605908439,-96.14898354090857,-96.14898354090857,-96.14898354090857,624.3653490331045,624.3653490331045,624.3653490331045,987.7678040376113,987.7678040376113,987.7678040376113,63.55590785917893,63.55590785917893,63.55590785917893,-262.695894354185,-262.695894354185,-262.695894354185,49.20903433759788,49.20903433759788,49.20903433759788,10.616306062855797,10.616306062855797,10.616306062855797,-3.209309309961344,-3.209309309961344,-3.209309309961344,-7658.193442079098,-7658.193442079098,-7658.193442079098,0.0,0.0,0.0,114773.93329668014
281,2025-08-23 05:00:00,121746.8596878621,114301.3447678865,115334.09266695757,121746.8596878621,121746.8596878621,-6923.839959455411,-6923.839959455411,-6923.839959455411,-95.49392905451063,-95.49392905451063,-95.49392905451063,-62.555590959770456,-62.555590959770456,-62.555590959770456,666.9309539061139,666.9309539061139,666.9309539061139,1072.9283996806657,1072.9283996806657,1072.9283996806657,71.1200197300267,71.1200197300267,71.1200197300267,-203.63959977280493,-203.63959977280493,-203.63959977280493,-98.75942965884737,-98.75942965884737,-98.75942965884737,-15.320468106054385,-15.320468106054385,-15.320468106054385,-1.3484479525906883,-1.3484479525906883,-1.3484479525906883,-7590.770913361525,-7590.770913361525,-7590.770913361525,0.0,0.0,0.0,114823.0197284067
282,2025-08-23 06:00:00,121685.9579859981,114270.19725290999,115329.28872949246,121685.9579859981,121685.9579859981,-6882.821557118635,-6882.821557118635,-6882.821557118635,-64.47799646811461,-64.47799646811461,-64.47799646811461,-62.11729558957513,-62.11729558957513,-62.11729558957513,640.4870988166853,640.4870988166853,640.4870988166853,1166.911577138334,1166.911577138334,1166.911577138334,78.39244111300279,78.39244111300279,78.39244111300279,-396.3462067025524,-396.3462067025524,-396.3462067025524,-56.42743840419034,-56.42743840419034,-56.42743840419034,-21.82800076473458,-21.82800076473458,-21.82800076473458,-3.6199815054843953,-3.6199815054843953,-3.6199815054843953,-7523.30865593532,-7523.30865593532,-7523.30865593532,0.0,0.0,0.0,114803.13642887947
283,2025-08-23 07:00:00,121625.05628413407,114130.39479468847,115161.45361644203,121625.05628413407,121625.05628413407,-6986.6347159884435,-6986.6347159884435,-6986.6347159884435,-34.7552599747754,-34.7552599747754,-34.7552599747754,-53.344860745384274,-53.344860745384274,-53.344860745384274,469.1769902708657,469.1769902708657,469.1769902708657,1267.6100676429342,1267.6100676429342,1267.6100676429342,85.24414566944534,85.24414566944534,85.24414566944534,-387.96521036304944,-387.96521036304944,-387.96521036304944,-331.4212109957967,-331.4212109957967,-331.4212109957967,-72.57069945702342,-72.57069945702342,-72.57069945702342,-3.6199815054843953,-3.6199815054843953,-3.6199815054843953,-7455.811706259309,-7455.811706259309,-7455.811706259309,0.0,0.0,0.0,114638.42156814563
284,2025-08-23 08:00:00,121564.15458227006,114377.37230501254,115441.09280372005,121564.15458227006,121564.15458227006,-6667.991291830278,-6667.991291830278,-6667.991291830278,-5.812309731052258,-5.812309731052258,-5.812309731052258,-47.36187835242876,-47.36187835242876,-47.36187835242876,720.2937928399783,720.2937928399783,720.2937928399783,1367.9639242528247,1367.9639242528247,1367.9639242528247,92.56818369275184,92.56818369275184,92.56818369275184,-307.8731183223128,-307.8731183223128,-307.8731183223128,-302.45724561747403,-302.45724561747403,-302.45724561747403,-73.1137815768458,-73.1137815768458,-73.1137815768458,-3.6199815054843953,-3.6199815054843953,-3.6199815054843953,-7388.285084670256,-7388.285084670256,-7388.285084670256,0.0,0.0,0.0,114896.16329043978
285,2025-08-23 09:00:00,121503.25288040603,114475.75929434608,115505.0157509093,121503.25288040603,121503.25288040603,-6487.711303287779,-6487.711303287779,-6487.711303287779,22.981299513399627,22.981299513399627,22.981299513399627,-44.061487075823855,-44.061487075823855,-44.061487075823855,833.0224918845141,833.0224918845141,833.0224918845141,1466.732051937056,1466.732051937056,1466.732051937056,99.61902897155619,99.61902897155619,99.61902897155619,-359.92984916253744,-359.92984916253744,-359.92984916253744,-275.8920777339663,-275.8920777339663,-275.8920777339663,-72.80649305968555,-72.80649305968555,-72.80649305968555,-3.6199815054843953,-3.6199815054843953,-3.6199815054843953,-7320.733795172293,-7320.733795172293,-7320.733795172293,0.0,0.0,0.0,115015.54157711825
286,2025-08-23 10:00:00,121442.35117854201,114249.11652916003,115294.9145331372,121442.35117854201,121442.35117854201,-6670.401381659027,-6670.401381659027,-6670.401381659027,51.190217562099214,51.190217562099214,51.190217562099214,-45.3023448523503,-45.3023448523503,-45.3023448523503,582.7614435565828,582.7614435565828,582.7614435565828,1456.2872586473463,1456.2872586473463,1456.2872586473463,107.09599388312479,107.09599388312479,107.09599388312479,-407.92995742013375,-407.92995742013375,-407.92995742013375,-487.1383703740797,-487.1383703740797,-487.1383703740797,-87.82137238393956,-87.82137238393956,-87.82137238393956,-3.6199815054843953,-3.6199815054843953,-3.6199815054843953,-7253.16282521561,-7253.16282521561,-7253.16282521561,0.0,0.0,0.0,114771.94979688298
287,2025-08-23 11:00:00,121381.449476678,114218.06162621874,115272.07454665028,121381.449476678,121381.449476678,-6653.39256340618,-6653.39256340618,-6653.39256340618,75.61273947502164,75.61273947502164,75.61273947502164,-68.63101965178778,-68.63101965178778,-68.63101965178778,532.1845820983522,532.1845820983522,532.1845820983522,1416.466211758471,1416.466211758471,1416.466211758471,114.09204799138315,114.09204799138315,114.09204799138315,-378.3386438143185,-378.3386438143185,-378.3386438143185,-539.2907893703036,-539.2907893703036,-539.2907893703036,-84.1059827846293,-84.1059827846293,-84.1059827846293,-3.6199815054843953,-3.6199815054843953,-3.6199815054843953,-7185.577145504532,-7185.577145504532,-7185.577145504532,0.0,0.0,0.0,114728.05691327182
288,2025-08-23 12:00:00,121320.54777481398,114420.99660568852,115421.70762714249,121320.54777481398,121320.54777481398,-6395.749602586516,-6395.749602586516,-6395.749602586516,96.91310163233602,96.91310163233602,96.91310163233602,-73.61817078811124,-73.61817078811124,-73.61817078811124,722.2321071594118,722.2321071594118,722.2321071594118,1388.338166140149,1388.338166140149,1388.338166140149,121.5378780873795,121.5378780873795,121.5378780873795,-219.7744350677507,-219.7744350677507,-219.7744350677507,-502.5671508101828,-502.5671508101828,-502.5671508101828,-84.97730052892346,-84.97730052892346,-84.97730052892346,-3.6199815054843953,-3.6199815054843953,-3.6199815054843953,-7117.981709745928,-7117.981709745928,-7117.981709745928,0.0,0.0,0.0,114924.79817222747
289,2025-08-23 13:00:00,121259.64607294997,114219.23395201014,115252.58545417279,121259.64607294997,121259.64607294997,-6530.618023059301,-6530.618023059301,-6530.618023059301,99.08332895059418,99.08332895059418,99.08332895059418,-116.0764043109369,-116.0764043109369,-116.0764043109369,519.7634314159127,519.7634314159127,519.7634314159127,1327.0165073312387,1327.0165073312387,1327.0165073312387,128.1552168458003,128.1552168458003,128.1552168458003,-192.6620944106511,-192.6620944106511,-192.6620944106511,-634.3199944384583,-634.3199944384583,-634.3199944384583,-87.81314704618975,-87.81314704618975,-87.81314704618975,-3.6199815054843953,-3.6199815054843953,-3.6199815054843953,-7050.381454475214,-7050.381454475214,-7050.381454475214,0.0,0.0,0.0,114729.02804989066
290,2025-08-23 14:00:00,121198.74437108595,113877.12122710657,114945.959229876,121198.74437108595,121198.74437108595,-6750.474269628662,-6750.474269628662,-6750.474269628662,96.5758942168194,96.5758942168194,96.5758942168194,-118.56562242326925,-118.56562242326925,-118.56562242326925,232.30702922617746,232.30702922617746,232.30702922617746,1264.0205518980247,1264.0205518980247,1264.0205518980247,134.30705958705263,134.30705958705263,134.30705958705263,-398.2347506181494,-398.2347506181494,-398.2347506181494,-653.580114940756,-653.580114940756,-653.580114940756,-88.59600698806003,-88.59600698806003,-88.59600698806003,-3.6199815054843953,-3.6199815054843953,-3.6199815054843953,-6982.78129885484,-6982.78129885484,-6982.78129885484,0.0,0.0,0.0,114448.2701014573
291,2025-08-23 15:00:00,121137.84266922194,114110.94759325933,115166.79425220517,121137.84266922194,121137.84266922194,-6495.106151945587,-6495.106151945587,-6495.106151945587,93.78167566838465,93.78167566838465,93.78167566838465,-89.41258923624306,-89.41258923624306,-89.41258923624306,420.07999247637576,420.07999247637576,420.07999247637576,1210.1124224753407,1210.1124224753407,1210.1124224753407,139.1650065465517,139.1650065465517,139.1650065465517,-348.7697596912516,-348.7697596912516,-348.7697596912516,-494.99938200725154,-494.99938200725154,-494.99938200725154,-86.17739977367073,-86.17739977367073,-86.17739977367073,-3.6199815054843953,-3.6199815054843953,-3.6199815054843953,-6915.186144421962,-6915.186144421962,-6915.186144421962,0.0,0.0,0.0,114642.73651727635
292,2025-08-23 16:00:00,121076.94096735792,114400.58170565021,115453.71199679095,121076.94096735792,121076.94096735792,-6138.750296485376,-6138.750296485376,-6138.750296485376,98.91751690506568,98.91751690506568,98.91751690506568,-59.43751769248188,-59.43751769248188,-59.43751769248188,708.8505784512686,708.8505784512686,708.8505784512686,1151.1467562302664,1151.1467562302664,1151.1467562302664,145.85062822893673,145.85062822893673,145.85062822893673,-214.71319219705433,-214.71319219705433,-214.71319219705433,-316.30082217842903,-316.30082217842903,-316.30082217842903,-92.99280933955062,-92.99280933955062,-92.99280933955062,-3.6199815054843953,-3.6199815054843953,-3.6199815054843953,-6847.600874936645,-6847.600874936645,-6847.600874936645,0.0,0.0,0.0,114938.19067087254
293,2025-08-23 17:00:00,121016.0392654939,114546.6630388777,115615.06649950863,121016.0392654939,121016.0392654939,-5913.214583383766,-5913.214583383766,-5913.214583383766,108.29107348580852,108.29107348580852,108.29107348580852,-35.621484857289055,-35.621484857289055,-35.621484857289055,866.8157727552491,866.8157727552491,866.8157727552491,1094.5081718494862,1094.5081718494862,1094.5081718494862,154.69633457695494,154.69633457695494,154.69633457695494,-195.1772801985822,-195.1772801985822,-195.1772801985822,-151.12200502830154,-151.12200502830154,-151.12200502830154,-105.1390555673431,-105.1390555673431,-105.1390555673431,-3.6199815054843953,-3.6199815054843953,-3.6199815054843953,-6780.030356139014,-6780.030356139014,-6780.030356139014,0.0,0.0,0.0,115102.82468211013
294,2025-08-23 18:00:00,120955.13756362989,114374.28599908714,115434.48265924804,120955.13756362989,120955.13756362989,-6040.945780360013,-6040.945780360013,-6040.945780360013,119.31308845626737,119.31308845626737,119.31308845626737,-24.588675003219254,-24.588675003219254,-24.588675003219254,671.533655194811,671.533655194811,671.533655194811,1047.0368031780201,1047.0368031780201,1047.0368031780201,165.36061939781746,165.36061939781746,165.36061939781746,-166.90475017639332,-166.90475017639332,-166.90475017639332,-342.4185346575486,-342.4185346575486,-342.4185346575486,-122.64491449464819,-122.64491449464819,-122.64491449464819,-3.6199815054843953,-3.6199815054843953,-3.6199815054843953,-6712.479435554823,-6712.479435554823,-6712.479435554823,0.0,0.0,0.0,114914.19178326988
295,2025-08-23 19:00:00,120894.23586176588,114293.88319246964,115360.54352519043,120894.23586176588,120894.23586176588,-6049.937775438163,-6049.937775438163,-6049.937775438163,129.32274734061554,129.32274734061554,129.32274734061554,-20.763946375169382,-20.763946375169382,-20.763946375169382,595.0151668869946,595.0151668869946,595.0151668869946,994.8915380782831,994.8915380782831,994.8915380782831,175.83278409198638,175.83278409198638,175.83278409198638,-170.0009661120584,-170.0009661120584,-170.0009661120584,-386.6770210889124,-386.6770210889124,-386.6770210889124,-123.96998754226571,-123.96998754226571,-123.96998754226571,-3.6199815054843953,-3.6199815054843953,-3.6199815054843953,-6644.952942325158,-6644.952942325158,-6644.952942325158,0.0,0.0,0.0,114844.29808632772
296,2025-08-23 20:00:00,120833.33415990185,114658.50466914875,115743.696346728,120833.33415990185,120833.33415990185,-5624.506636477264,-5624.506636477264,-5624.506636477264,150.62006173464164,150.62006173464164,150.62006173464164,4.620289935373264,4.620289935373264,4.620289935373264,952.9490504945996,952.9490504945996,952.9490504945996,949.3716416268685,949.3716416268685,949.3716416268685,186.25122596712586,186.25122596712586,186.25122596712586,-42.17136461561628,-42.17136461561628,-42.17136461561628,-171.79723250634484,-171.79723250634484,-171.79723250634484,-120.3255901419642,-120.3255901419642,-120.3255901419642,-3.6199815054843953,-3.6199815054843953,-3.6199815054843953,-6577.4556869718635,-6577.4556869718635,-6577.4556869718635,0.0,0.0,0.0,115208.82752342458
297,2025-08-23 21:00:00,120772.43245803783,114621.46912842595,115663.85653226315,120772.43245803783,120772.43245803783,-5628.7924550813095,-5628.7924550813095,-5628.7924550813095,166.01175247953944,166.01175247953944,166.01175247953944,-5.855747433872334,-5.855747433872334,-5.855747433872334,881.2000060982964,881.2000060982964,881.2000060982964,910.1485414288114,910.1485414288114,910.1485414288114,197.8516614339238,197.8516614339238,197.8516614339238,1.929477784626217,1.929477784626217,1.929477784626217,-268.45683789561815,-268.45683789561815,-268.45683789561815,-116.80886019362963,-116.80886019362963,-116.80886019362963,-3.6199815054843953,-3.6199815054843953,-3.6199815054843953,-6509.992461179606,-6509.992461179606,-6509.992461179606,0.0,0.0,0.0,115143.64000295653
298,2025-08-23 22:00:00,120711.5307561738,114848.22369539036,115916.92076952191,120711.5307561738,120711.5307561738,-5326.013468200512,-5326.013468200512,-5326.013468200512,180.30403674265878,180.30403674265878,180.30403674265878,16.335056753745835,16.335056753745835,16.335056753745835,1116.5545694746188,1116.5545694746188,1116.5545694746188,890.4328210313892,890.4328210313892,890.4328210313892,208.60669508488593,208.60669508488593,208.60669508488593,76.01499196160123,76.01499196160123,76.01499196160123,-141.23963120296065,-141.23963120296065,-141.23963120296065,-110.27941939121705,-110.27941939121705,-110.27941939121705,-3.6199815054843953,-3.6199815054843953,-3.6199815054843953,-6442.568037675131,-6442.568037675131,-6442.568037675131,0.0,0.0,0.0,115385.51728797329
299,2025-08-23 23:00:00,120650.6290543098,115139.73924912195,116178.81297247694,120650.6290543098,120650.6290543098,-4966.648161666793,-4966.648161666793,-4966.648161666793,201.99289969574536,201.99289969574536,201.99289969574536,58.79859825332728,58.79859825332728,58.79859825332728,1408.5390082893841,1408.5390082893841,1408.5390082893841,886.4316719927921,886.4316719927921,886.4316719927921,219.492220242303,219.492220242303,219.492220242303,238.06336937561275,238.06336937561275,238.06336937561275,-84.46607622084288,-84.46607622084288,-84.46607622084288,-108.1536935440689,-108.1536935440689,-108.1536935440689,-3.6199815054843953,-3.6199815054843953,-3.6199815054843953,-6375.187169956177,-6375.187169956177,-6375.187169956177,0.0,0.0,0.0,115683.98089264301
300,2025-08-24 00:00:00,120589.72735244577,115294.59299664239,116359.81154624381,120589.72735244577,120589.72735244577,-4757.6744136241805,-4757.6744136241805,-4757.6744136241805,220.06996745647447,220.06996745647447,220.06996745647447,81.67885225877126,81.67885225877126,81.67885225877126,1550.180178498555,1550.180178498555,1550.180178498555,870.4614933378845,870.4614933378845,870.4614933378845,230.63213515755834,230.63213515755834,230.63213515755834,301.8615675540341,301.8615675540341,301.8615675540341,-40.443454256024985,-40.443454256024985,-40.443454256024985,-110.46040150465831,-110.46040150465831,-110.46040150465831,-3.6199815054843953,-3.6199815054843953,-3.6199815054843953,-6307.854592122736,-6307.854592122736,-6307.854592122736,0.0,0.0,0.0,115832.0529388216
301,2025-08-24 01:00:00,120528.82565058176,115517.99323648475,116563.61168221886,120528.82565058176,120528.82565058176,-4515.452140585809,-4515.452140585809,-4515.452140585809,235.91626018916782,235.91626018916782,235.91626018916782,78.36726830173345,78.36726830173345,78.36726830173345,1725.1228781023312,1725.1228781023312,1725.1228781023312,855.72414951405,855.72414951405,855.72414951405,242.37725594379194,242.37725594379194,242.37725594379194,266.6223304174114,266.6223304174114,266.6223304174114,171.64158207834726,171.64158207834726,171.64158207834726,-123.63120941496138,-123.63120941496138,-123.63120941496138,-1.8947589272092773,-1.8947589272092773,-1.8947589272092773,-6240.57501868814,-6240.57501868814,-6240.57501868814,0.0,0.0,0.0,116013.37350999594
302,2025-08-24 02:00:00,120467.92394871774,115071.83442790587,116128.2315459067,120467.92394871774,120467.92394871774,-4867.503071717107,-4867.503071717107,-4867.503071717107,241.54721175605047,241.54721175605047,241.54721175605047,36.99548019304144,36.99548019304144,36.99548019304144,1305.8500726884465,1305.8500726884465,1305.8500726884465,835.3336166769806,835.3336166769806,835.3336166769806,251.79279046548436,251.79279046548436,251.79279046548436,62.29617143542675,62.29617143542675,62.29617143542675,-14.481672060903305,-14.481672060903305,-14.481672060903305,-104.01354427214929,-104.01354427214929,-104.01354427214929,-3.6199815054843953,-3.6199815054843953,-3.6199815054843953,-6173.353144405553,-6173.353144405553,-6173.353144405553,0.0,0.0,0.0,115600.42087700064
303,2025-08-24 03:00:00,120407.02224685371,115080.48006023344,116121.16126616974,120407.02224685371,120407.02224685371,-4780.288530892658,-4780.288530892658,-4780.288530892658,240.94309344713898,240.94309344713898,240.94309344713898,-21.76154899326289,-21.76154899326289,-21.76154899326289,1325.905113128744,1325.905113128744,1325.905113128744,813.5039734619988,813.5039734619988,813.5039734619988,260.2406121850556,260.2406121850556,260.2406121850556,25.30232292091527,25.30232292091527,25.30232292091527,128.45348943640366,128.45348943640366,128.45348943640366,-117.15684782402114,-117.15684782402114,-117.15684782402114,-3.6199815054843953,-3.6199815054843953,-3.6199815054843953,-6106.193644021402,-6106.193644021402,-6106.193644021402,0.0,0.0,0.0,115626.73371596105
304,2025-08-24 04:00:00,120298.24005234527,115210.41850501494,116295.89128285163,120298.24005234527,120298.24005234527,-4541.848020933348,-4541.848020933348,-4541.848020933348,251.11179779161154,251.11179779161154,251.11179779161154,-5.661019698980481,-5.661019698980481,-5.661019698980481,1497.2531512131416,1497.2531512131416,1497.2531512131416,794.4054735550956,794.4054735550956,794.4054735550956,267.5900159257555,267.5900159257555,267.5900159257555,29.802582974429622,29.802582974429622,29.802582974429622,288.57974499975234,288.57974499975234,288.57974499975234,-124.95546282903817,-124.95546282903817,-124.95546282903817,-3.6199815054843953,-3.6199815054843953,-3.6199815054843953,-6039.101172146491,-6039.101172146491,-6039.101172146491,0.0,0.0,0.0,115756.39203141192
305,2025-08-24 05:00:00,120189.45785783682,114955.61148187536,116026.83892937072,120189.45785783682,120189.45785783682,-4704.391158432892,-4704.391158432892,-4704.391158432892,253.28775095575955,253.28775095575955,253.28775095575955,-47.86494601010086,-47.86494601010086,-47.86494601010086,1267.6892046258915,1267.6892046258915,1267.6892046258915,772.5934979898408,772.5934979898408,772.5934979898408,275.75432767762754,275.75432767762754,275.75432767762754,0.14786004503128095,0.14786004503128095,0.14786004503128095,142.0594891855674,142.0594891855674,142.0594891855674,-127.40797915818887,-127.40797915818887,-127.40797915818887,-0.880796059645274,-0.880796059645274,-0.880796059645274,-5972.080363058784,-5972.080363058784,-5972.080363058784,0.0,0.0,0.0,115485.06669940393
306,2025-08-24 06:00:00,120080.67566332837,114560.48275892435,115660.39667463806,120080.67566332837,120080.67566332837,-4988.1374097787275,-4988.1374097787275,-4988.1374097787275,250.59560375841656,250.59560375841656,250.59560375841656,-91.39563167976509,-91.39563167976509,-91.39563167976509,916.998420657533,916.998420657533,916.998420657533,751.7032230604391,751.7032230604391,751.7032230604391,283.8812471264812,283.8812471264812,283.8812471264812,-117.08155211942834,-117.08155211942834,-117.08155211942834,-28.48365457103676,-28.48365457103676,-28.48365457103676,-128.60083341208926,-128.60083341208926,-128.60083341208926,-3.6199815054843953,-3.6199815054843953,-3.6199815054843953,-5905.13583043626,-5905.13583043626,-5905.13583043626,0.0,0.0,0.0,115092.53825354963
307,2025-08-24 07:00:00,119971.89346881991,114602.47240023008,115637.46304511819,119971.89346881991,119971.89346881991,-4816.135926265538,-4816.135926265538,-4816.135926265538,252.82279469971482,252.82279469971482,252.82279469971482,-68.91966343722147,-68.91966343722147,-68.91966343722147,1022.1362410563662,1022.1362410563662,1022.1362410563662,742.6275578997247,742.6275578997247,742.6275578997247,290.4031973567938,290.4031973567938,290.4031973567938,-19.089462264559625,-19.089462264559625,-19.089462264559625,-42.99020783595203,-42.99020783595203,-42.99020783595203,-129.09799385664968,-129.09799385664968,-129.09799385664968,-3.6199815054843953,-3.6199815054843953,-3.6199815054843953,-5838.272167321903,-5838.272167321903,-5838.272167321903,0.0,0.0,0.0,115155.75754255438
308,2025-08-24 08:00:00,119863.11127431146,114347.12712837591,115437.2891165722,119863.11127431146,119863.11127431146,-4983.827946968157,-4983.827946968157,-4983.827946968157,246.4787040823102,246.4787040823102,246.4787040823102,-95.03034378076514,-95.03034378076514,-95.03034378076514,787.6659988362253,787.6659988362253,787.6659988362253,730.4834579360906,730.4834579360906,730.4834579360906,297.3922003450556,297.3922003450556,297.3922003450556,-130.016187705056,-130.016187705056,-130.016187705056,-129.6705962898838,-129.6705962898838,-129.6705962898838,-128.35125424604192,-128.35125424604192,-128.35125424604192,-3.6199815054843953,-3.6199815054843953,-3.6199815054843953,-5771.493945804383,-5771.493945804383,-5771.493945804383,0.0,0.0,0.0,114879.2833273433
309,2025-08-24 09:00:00,119754.329079803,114375.99549253756,115405.21360053094,119754.329079803,119754.329079803,-4892.745648744879,-4892.745648744879,-4892.745648744879,247.02814881487893,247.02814881487893,247.02814881487893,-74.48645745738003,-74.48645745738003,-74.48645745738003,812.0600681555495,812.0600681555495,812.0600681555495,729.3605296533274,729.3605296533274,729.3605296533274,304.08328588232797,304.08328588232797,304.08328588232797,-158.26952749899846,-158.26952749899846,-158.26952749899846,-105.0761187878916,-105.0761187878916,-105.0761187878916,-127.96638095259466,-127.96638095259466,-127.96638095259466,-2.613411498119955,-2.613411498119955,-2.613411498119955,-5704.805716900428,-5704.805716900428,-5704.805716900428,0.0,0.0,0.0,114861.58343105813
310,2025-08-24 10:00:00,119645.54688529455,114161.68375444593,115225.65906605158,119645.54688529455,119645.54688529455,-4944.054043189639,-4944.054043189639,-4944.054043189639,242.05895197671418,242.05895197671418,242.05895197671418,-72.10213220523583,-72.10213220523583,-72.10213220523583,694.1579671696786,694.1579671696786,694.1579671696786,734.8106554196872,734.8106554196872,734.8106554196872,311.1786966814634,311.1786966814634,311.1786966814634,-142.15700078510966,-142.15700078510966,-142.15700078510966,-247.42133718606456,-247.42133718606456,-247.42133718606456,-134.8461466554958,-134.8461466554958,-134.8461466554958,2.6362799237196817,2.6362799237196817,2.6362799237196817,-5638.212010359318,-5638.212010359318,-5638.212010359318,0.0,0.0,0.0,114701.49284210491
311,2025-08-24 11:00:00,119536.7646907861,114147.22913822086,115183.889872646,119536.7646907861,119536.7646907861,-4886.839167142349,-4886.839167142349,-4886.839167142349,237.444697769847,237.444697769847,237.444697769847,-69.14646286603525,-69.14646286603525,-69.14646286603525,684.878167361516,684.878167361516,684.878167361516,732.048536362075,732.048536362075,732.048536362075,317.7580326502881,317.7580326502881,317.7580326502881,-206.27657549418146,-206.27657549418146,-206.27657549418146,-183.55903807366462,-183.55903807366462,-183.55903807366462,-139.77104148132838,-139.77104148132838,-139.77104148132838,-3.6199815054843953,-3.6199815054843953,-3.6199815054843953,-5571.717334503865,-5571.717334503865,-5571.717334503865,0.0,0.0,0.0,114649.92552364376
312,2025-08-24 12:00:00,119427.98249627766,113982.92873661233,114958.72216168258,119427.98249627766,119427.98249627766,-4928.418454265412,-4928.418454265412,-4928.418454265412,232.88373017400005,232.88373017400005,232.88373017400005,-69.67745813133601,-69.67745813133601,-69.67745813133601,576.9077217392404,576.9077217392404,576.9077217392404,722.5130534084122,722.5130534084122,722.5130534084122,326.1027431865175,326.1027431865175,326.1027431865175,-85.10310966311519,-85.10310966311519,-85.10310966311519,-399.5586993440635,-399.5586993440635,-399.5586993440635,-148.30205914304,-148.30205914304,-148.30205914304,-1.9504787481346095,-1.9504787481346095,-1.9504787481346095,-5505.326176004653,-5505.326176004653,-5505.326176004653,0.0,0.0,0.0,114499.56404201225
313,2025-08-24 13:00:00,119319.2003017692,113713.47227229363,114805.52531705012,119319.2003017692,119319.2003017692,-5059.951448927401,-5059.951448927401,-5059.951448927401,226.06662337136402,226.06662337136402,226.06662337136402,-67.50355410185419,-67.50355410185419,-67.50355410185419,379.09155084524156,379.09155084524156,379.09155084524156,708.1120832794189,708.1120832794189,708.1120832794189,334.90931734476374,334.90931734476374,334.90931734476374,-106.94183538992199,-106.94183538992199,-106.94183538992199,-559.0706539222148,-559.0706539222148,-559.0706539222148,-152.86044823082972,-152.86044823082972,-152.86044823082972,-3.6199815054843953,-3.6199815054843953,-3.6199815054843953,-5439.042999772643,-5439.042999772643,-5439.042999772643,0.0,0.0,0.0,114259.2488528418
314,2025-08-24 14:00:00,119210.41810726075,113589.0843996129,114656.05938475812,119210.41810726075,119210.41810726075,-5062.27887802402,-5062.27887802402,-5062.27887802402,203.81828155187483,203.81828155187483,203.81828155187483,-91.17089355139554,-91.17089355139554,-91.17089355139554,310.59337069647563,310.59337069647563,310.59337069647563,691.8890507283936,691.8890507283936,691.8890507283936,343.7415014150383,343.7415014150383,343.7415014150383,-133.36942843818986,-133.36942843818986,-133.36942843818986,-548.1453334391528,-548.1453334391528,-548.1453334391528,-152.54982606460877,-152.54982606460877,-152.54982606460877,-3.6199815054843953,-3.6199815054843953,-3.6199815054843953,-5372.872248720495,-5372.872248720495,-5372.872248720495,0.0,0.0,0.0,114148.13922923672
315,2025-08-24 15:00:00,119101.6359127523,113354.8905783992,114480.00436121806,119101.6359127523,119101.6359127523,-5175.0597946259895,-5175.0597946259895,-5175.0597946259895,207.67549104829772,207.67549104829772,207.67549104829772,-75.85707840810777,-75.85707840810777,-75.85707840810777,131.7585489905774,131.7585489905774,131.7585489905774,671.5129732411041,671.5129732411041,671.5129732411041,351.7759016227075,351.7759016227075,351.7759016227075,-154.03642537930403,-154.03642537930403,-154.03642537930403,-709.63938362761,-709.63938362761,-709.63938362761,-156.18932368901577,-156.18932368901577,-156.18932368901577,-3.483605817494366,-3.483605817494366,-3.483605817494366,-5306.818343616567,-5306.818343616567,-5306.818343616567,0.0,0.0,0.0,113926.57611812631
316,2025-08-24 16:00:00,118992.85371824387,113314.55697881374,114398.39159284554,118992.85371824387,118992.85371824387,-5124.725220807491,-5124.725220807491,-5124.725220807491,202.30037308195645,202.30037308195645,202.30037308195645,-106.91891527386076,-106.91891527386076,-106.91891527386076,116.16046212964584,116.16046212964584,116.16046212964584,641.9928544941392,641.9928544941392,641.9928544941392,345.4819376056545,345.4819376056545,345.4819376056545,-147.1847937229561,-147.1847937229561,-147.1847937229561,-646.4896465086415,-646.4896465086415,-646.4896465086415,-183.65705877511382,-183.65705877511382,-183.65705877511382,10.635711228467914,10.635711228467914,10.635711228467914,-5240.885682937136,-5240.885682937136,-5240.885682937136,0.0,0.0,0.0,113868.12849743638
317,2025-08-24 17:00:00,118884.07152373542,113311.0698753785,114394.64350143366,118884.07152373542,118884.07152373542,-5022.371288531512,-5022.371288531512,-5022.371288531512,193.6707741977695,193.6707741977695,193.6707741977695,-85.94370780997434,-85.94370780997434,-85.94370780997434,152.70735409659198,152.70735409659198,152.70735409659198,620.1416429794831,620.1416429794831,620.1416429794831,336.78931076754554,336.78931076754554,336.78931076754554,-152.76363208584624,-152.76363208584624,-152.76363208584624,-574.2786895629446,-574.2786895629446,-574.2786895629446,-181.28836288395664,-181.28836288395664,-181.28836288395664,-3.6199815054843953,-3.6199815054843953,-3.6199815054843953,-5175.078642628104,-5175.078642628104,-5175.078642628104,0.0,0.0,0.0,113861.7002352039
318,2025-08-24 18:00:00,118775.28932922696,113648.04903115274,114700.1818587592,118775.28932922696,118775.28932922696,-4582.9933677260915,-4582.9933677260915,-4582.9933677260915,213.7196036996978,213.7196036996978,213.7196036996978,-29.60418296871321,-29.60418296871321,-29.60418296871321,526.4082083114932,526.4082083114932,526.4082083114932,598.3418282640432,598.3418282640432,598.3418282640432,330.4758111799348,330.4758111799348,330.4758111799348,-40.822218454299474,-40.822218454299474,-40.822218454299474,-384.5870763486606,-384.5870763486606,-384.5870763486606,-168.53846436527274,-168.53846436527274,-168.53846436527274,7.422907304763476,7.422907304763476,7.422907304763476,-5109.401576037585,-5109.401576037585,-5109.401576037585,0.0,0.0,0.0,114192.29596150087
319,2025-08-24 19:00:00,118666.50713471851,112354.21829965034,113496.672422601,118666.50713471851,118666.50713471851,-5712.2610084859225,-5712.2610084859225,-5712.2610084859225,146.4050550202614,146.4050550202614,146.4050550202614,-253.85948396082978,-253.85948396082978,-253.85948396082978,-668.4021948425172,-668.4021948425172,-668.4021948425172,512.2976206845459,512.2976206845459,512.2976206845459,312.9799678597679,312.9799678597679,312.9799678597679,-790.0901097762222,-790.0901097762222,-790.0901097762222,-727.0883094317827,-727.0883094317827,-727.0883094317827,97.83913626958062,97.83913626958062,97.83913626958062,33.11392849216174,33.11392849216174,33.11392849216174,-5043.858813643405,-5043.858813643405,-5043.858813643405,0.0,0.0,0.0,112954.2461262326
320,2025-08-24 20:00:00,118557.72494021007,112488.99705900971,113563.28327065511,118557.72494021007,118557.72494021007,-5534.2509910810295,-5534.2509910810295,-5534.2509910810295,83.89868838935611,83.89868838935611,83.89868838935611,-169.95073008222806,-169.95073008222806,-169.95073008222806,-555.7963281339834,-555.7963281339834,-555.7963281339834,433.31496619667126,433.31496619667126,433.31496619667126,296.89636314486523,296.89636314486523,296.89636314486523,-720.9153324518011,-720.9153324518011,-720.9153324518011,-615.5110795429233,-615.5110795429233,-615.5110795429233,102.972320133264,102.972320133264,102.972320133264,33.49847607881236,33.49847607881236,33.49847607881236,-4978.454662947047,-4978.454662947047,-4978.454662947047,0.0,0.0,0.0,113023.47394912904
321,2025-08-24 21:00:00,118448.94274570161,112665.2665930501,113717.23803808578,118448.94274570161,118448.94274570161,-5235.511733085126,-5235.511733085126,-5235.511733085126,43.023259907435715,43.023259907435715,43.023259907435715,-89.73894460536953,-89.73894460536953,-89.73894460536953,-322.31832475890513,-322.31832475890513,-322.31832475890513,361.44962114957417,361.44962114957417,361.44962114957417,282.58619142022354,282.58619142022354,282.58619142022354,-570.5436348003273,-570.5436348003273,-570.5436348003273,-481.1982936598845,-481.1982936598845,-481.1982936598845,110.92312128842102,110.92312128842102,110.92312128842102,21.18035454102169,21.18035454102169,21.18035454102169,-4913.19340832622,-4913.19340832622,-4913.19340832622,0.0,0.0,0.0,113213.4310126165
322,2025-08-24 22:00:00,118340.16055119316,112995.47395825868,113992.84372209082,118340.16055119316,118340.16055119316,-4864.573577745559,-4864.573577745559,-4864.573577745559,13.517701690673315,13.517701690673315,13.517701690673315,-53.88003775752398,-53.88003775752398,-53.88003775752398,-16.494266941983003,-16.494266941983003,-16.494266941983003,314.59707911860943,314.59707911860943,314.59707911860943,268.685900385323,268.685900385323,268.685900385323,-390.0965467043544,-390.0965467043544,-390.0965467043544,-291.8215430524128,-291.8215430524128,-291.8215430524128,123.08695361035879,123.08695361035879,123.08695361035879,-0.5837742326563575,-0.5837742326563575,-0.5837742326563575,-4848.079310803577,-4848.079310803577,-4848.079310803577,0.0,0.0,0.0,113475.5869734476
323,2025-08-24 23:00:00,118231.37835668471,112851.48101019765,113962.77584078968,118231.37835668471,118231.37835668471,-4824.3201353273835,-4824.3201353273835,-4824.3201353273835,-4.120228243651044,-4.120228243651044,-4.120228243651044,-27.280629481621357,-27.280629481621357,-27.280629481621357,-41.20352737576841,-41.20352737576841,-41.20352737576841,268.41567832734495,268.41567832734495,268.41567832734495,254.7772456842771,254.7772456842771,254.7772456842771,-360.3866832442252,-360.3866832442252,-360.3866832442252,-303.8418048559224,-303.8418048559224,-303.8418048559224,122.79176921111774,122.79176921111774,122.79176921111774,8.441125226911794,8.441125226911794,8.441125226911794,-4783.116607951615,-4783.116607951615,-4783.116607951615,0.0,0.0,0.0,113407.05822135732
324,2025-08-25 00:00:00,118122.59616217627,112324.95245762677,113378.98065874662,118122.59616217627,118122.59616217627,-5304.992372598793,-5304.992372598793,-5304.992372598793,-42.17444205805433,-42.17444205805433,-42.17444205805433,-59.29323594480959,-59.29323594480959,-59.29323594480959,-586.6828589061345,-586.6828589061345,-586.6828589061345,196.35438298324982,196.35438298324982,196.35438298324982,238.69473984521926,238.69473984521926,238.69473984521926,-647.8655522304375,-647.8655522304375,-647.8655522304375,-414.73261213387826,-414.73261213387826,-414.73261213387826,140.36151185153767,140.36151185153767,140.36151185153767,1.972348781038575,1.972348781038575,1.972348781038575,-4718.309513692658,-4718.309513692658,-4718.309513692658,0.0,0.0,0.0,112817.60378957748
325,2025-08-25 01:00:00,118013.81396766783,112512.01457148966,113609.72086991709,118013.81396766783,118013.81396766783,-4968.452752462058,-4968.452752462058,-4968.452752462058,-77.51049774285742,-77.51049774285742,-77.51049774285742,-41.25621618486017,-41.25621618486017,-41.25621618486017,-314.79053428685006,-314.79053428685006,-314.79053428685006,140.20177369501286,140.20177369501286,140.20177369501286,223.78018640648355,223.78018640648355,223.78018640648355,-434.83450818156336,-434.83450818156336,-434.83450818156336,-274.31875016797494,-274.31875016797494,-274.31875016797494,152.7674593943938,152.7674593943938,152.7674593943938,-3.6199815054843953,-3.6199815054843953,-3.6199815054843953,-4653.662218175208,-4653.662218175208,-4653.662218175208,0.0,0.0,0.0,113045.36121520576
326,2025-08-25 02:00:00,117905.03177315935,112685.68067457326,113782.5750472651,117905.03177315935,117905.03177315935,-4669.175030220437,-4669.175030220437,-4669.175030220437,-88.37431575713317,-88.37431575713317,-88.37431575713317,-12.635813057009893,-12.635813057009893,-12.635813057009893,-79.9961426383714,-79.9961426383714,-79.9961426383714,98.42466558615664,98.42466558615664,98.42466558615664,210.3650795809535,210.3650795809535,210.3650795809535,-267.59722456476663,-267.59722456476663,-267.59722456476663,-178.10005133841904,-178.10005133841904,-178.10005133841904,159.99208803852903,159.99208803852903,159.99208803852903,-2.0705711266818683,-2.0705711266818683,-2.0705711266818683,-4589.178887582067,-4589.178887582067,-4589.178887582067,0.0,0.0,0.0,113235.85674293892
327,2025-08-25 03:00:00,117796.24957865091,112426.21681440613,113506.42146616598,117796.24957865091,117796.24957865091,-4822.848550978942,-4822.848550978942,-4822.848550978942,-97.66784125145794,-97.66784125145794,-97.66784125145794,-12.58910190112735,-12.58910190112735,-12.58910190112735,-297.9848869877429,-297.9848869877429,-297.9848869877429,46.602007181463755,46.602007181463755,46.602007181463755,197.5338726447594,197.5338726447594,197.5338726447594,-383.921353842377,-383.921353842377,-383.921353842377,-205.57977357667372,-205.57977357667372,-205.57977357667372,161.25728526315436,161.25728526315436,161.25728526315436,-3.6199815054843953,-3.6199815054843953,-3.6199815054843953,-4524.863663991197,-4524.863663991197,-4524.863663991197,0.0,0.0,0.0,112973.40102767196
328,2025-08-25 04:00:00,117687.46738414247,112016.13438699159,113105.0700238473,117687.46738414247,117687.46738414247,-5114.865452746436,-5114.865452746436,-5114.865452746436,-115.83388945185669,-115.83388945185669,-115.83388945185669,-42.25407562754709,-42.25407562754709,-42.25407562754709,-654.1447875209495,-654.1447875209495,-654.1447875209495,-12.507294761392377,-12.507294761392377,-12.507294761392377,185.10348067259574,185.10348067259574,185.10348067259574,-583.9953358174002,-583.9953358174002,-583.9953358174002,-249.10648877779133,-249.10648877779133,-249.10648877779133,163.10535977471474,163.10535977471474,163.10535977471474,1.3434564677277485,1.3434564677277485,1.3434564677277485,-4460.720665225486,-4460.720665225486,-4460.720665225486,0.0,0.0,0.0,112572.60193139603
329,2025-08-25 05:00:00,117578.68518963401,112433.80088287812,113543.71119212024,117578.68518963401,117578.68518963401,-4611.248916418284,-4611.248916418284,-4611.248916418284,-137.57374715204665,-137.57374715204665,-137.57374715204665,-59.289988340690186,-59.289988340690186,-59.289988340690186,-214.4949317012203,-214.4949317012203,-214.4949317012203,-84.49723115657918,-84.49723115657918,-84.49723115657918,172.73618248846662,172.73618248846662,172.73618248846662,10.129449319102966,10.129449319102966,10.129449319102966,-278.0145178379484,-278.0145178379484,-278.0145178379484,165.6349024839589,165.6349024839589,165.6349024839589,-3.6199815054843953,-3.6199815054843953,-3.6199815054843953,-4396.753984717065,-4396.753984717065,-4396.753984717065,0.0,0.0,0.0,112967.43627321572
330,2025-08-25 06:00:00,117469.90299512555,111943.09435675376,113034.05694241513,117469.90299512555,117469.90299512555,-4960.461326089977,-4960.461326089977,-4960.461326089977,-166.03492928347003,-166.03492928347003,-166.03492928347003,-89.39866315851569,-89.39866315851569,-89.39866315851569,-627.4936347874204,-627.4936347874204,-627.4936347874204,-169.3827162538678,-169.3827162538678,-169.3827162538678,157.2399574364072,157.2399574364072,157.2399574364072,-219.49831940460115,-219.49831940460115,-219.49831940460115,-311.70696505881295,-311.70696505881295,-311.70696505881295,168.50619339068592,168.50619339068592,168.50619339068592,2.7818075447541877,2.7818075447541877,2.7818075447541877,-4332.967691302556,-4332.967691302556,-4332.967691302556,0.0,0.0,0.0,112509.44166903557
331,2025-08-25 07:00:00,117361.12080061711,111476.72059476603,112499.09828617667,117361.12080061711,117361.12080061711,-5390.924247863171,-5390.924247863171,-5390.924247863171,-198.0994512228781,-198.0994512228781,-198.0994512228781,-116.06282316256055,-116.06282316256055,-116.06282316256055,-1121.5584187338548,-1121.5584187338548,-1121.5584187338548,-264.9490986872305,-264.9490986872305,-264.9490986872305,139.77671409960567,139.77671409960567,139.77671409960567,-503.3438115708357,-503.3438115708357,-503.3438115708357,-360.4389304167947,-360.4389304167947,-360.4389304167947,169.16835812302452,169.16835812302452,169.16835812302452,12.390624103814595,12.390624103814595,12.390624103814595,-4269.365829129316,-4269.365829129316,-4269.365829129316,0.0,0.0,0.0,111970.19655275394
332,2025-08-25 08:00:00,117252.33860610866,111069.72586393273,112173.66471814214,117252.33860610866,117252.33860610866,-5633.691944707071,-5633.691944707071,-5633.691944707071,-231.32002626498712,-231.32002626498712,-231.32002626498712,-112.16425904381975,-112.16425904381975,-112.16425904381975,-1427.7395271927094,-1427.7395271927094,-1427.7395271927094,-356.35234038448743,-356.35234038448743,-356.35234038448743,123.45898778131631,123.45898778131631,123.45898778131631,-632.9253894067095,-632.9253894067095,-632.9253894067095,-386.0073394423938,-386.0073394423938,-386.0073394423938,166.37039096868452,166.37039096868452,166.37039096868452,1.2004485996873064,1.2004485996873064,1.2004485996873064,-4205.9524175143615,-4205.9524175143615,-4205.9524175143615,0.0,0.0,0.0,111618.6466614016
333,2025-08-25 09:00:00,117143.5564116002,111176.14817465442,112293.08813175597,117143.5564116002,117143.5564116002,-5408.951893934864,-5408.951893934864,-5408.951893934864,-261.7212975002461,-261.7212975002461,-261.7212975002461,-77.89311790900989,-77.89311790900989,-77.89311790900989,-1266.220443226189,-1266.220443226189,-1266.220443226189,-437.8538969336982,-437.8538969336982,-437.8538969336982,108.02701644179285,108.02701644179285,108.02701644179285,-541.9241801655419,-541.9241801655419,-541.9241801655419,-79.9756171386194,-79.9756171386194,-79.9756171386194,16.88999544098995,16.88999544098995,16.88999544098995,8.230654538143495,8.230654538143495,8.230654538143495,-4142.731450708675,-4142.731450708675,-4142.731450708675,0.0,0.0,0.0,111734.60451766534
334,2025-08-25 10:00:00,117034.77421709175,110813.97359624345,111910.550998216,117034.77421709175,117034.77421709175,-5654.172162192072,-5654.172162192072,-5654.172162192072,-293.62345191073297,-293.62345191073297,-293.62345191073297,-84.62333521308031,-84.62333521308031,-84.62333521308031,-1574.4652643068448,-1574.4652643068448,-1574.4652643068448,-542.8580166222206,-542.8580166222206,-542.8580166222206,89.53989553752177,89.53989553752177,89.53989553752177,-543.9530668567493,-543.9530668567493,-543.9530668567493,-244.5666949939118,-244.5666949939118,-244.5666949939118,41.97512954596478,41.97512954596478,41.97512954596478,3.64427620636378,3.64427620636378,3.64427620636378,-4079.7068978852285,-4079.7068978852285,-4079.7068978852285,0.0,0.0,0.0,111380.60205489967
335,2025-08-25 11:00:00,116925.9920225833,110570.55544956242,111616.71646187235,116925.9920225833,116925.9920225833,-5821.912455051622,-5821.912455051622,-5821.912455051622,-323.60346577476287,-323.60346577476287,-323.60346577476287,-72.08378817326124,-72.08378817326124,-72.08378817326124,-1805.0297521491839,-1805.0297521491839,-1805.0297521491839,-636.4102869865001,-636.4102869865001,-636.4102869865001,71.9894136684533,71.9894136684533,71.9894136684533,-617.2665037159519,-617.2665037159519,-617.2665037159519,-268.1504077372782,-268.1504077372782,-268.1504077372782,37.920811908515866,37.920811908515866,37.920811908515866,2.5744746616011396,2.5744746616011396,2.5744746616011396,-4016.8827029024374,-4016.8827029024374,-4016.8827029024374,0.0,0.0,0.0,111104.07956753168
336,2025-08-25 12:00:00,116817.20982807486,110429.48812682128,111488.66145075804,116817.20982807486,116817.20982807486,-5841.859129987721,-5841.859129987721,-5841.859129987721,-330.35654723722644,-330.35654723722644,-330.35654723722644,-45.257521663856195,-45.257521663856195,-45.257521663856195,-1887.5963458204328,-1887.5963458204328,-1887.5963458204328,-715.1875837275178,-715.1875837275178,-715.1875837275178,56.60499923350377,56.60499923350377,56.60499923350377,-603.1231936087539,-603.1231936087539,-603.1231936087539,-281.7943984686967,-281.7943984686967,-281.7943984686967,35.13788115759888,35.13788115759888,35.13788115759888,-3.6199815054843953,-3.6199815054843953,-3.6199815054843953,-3954.2627841672884,-3954.2627841672884,-3954.2627841672884,0.0,0.0,0.0,110975.35069808715
337,2025-08-25 13:00:00,116708.42763356643,110335.98280220634,111412.39975988779,116708.42763356643,116708.42763356643,-5829.991175371857,-5829.991175371857,-5829.991175371857,-344.35232229175017,-344.35232229175017,-344.35232229175017,-48.279490138617,-48.279490138617,-48.279490138617,-1938.1401408073896,-1938.1401408073896,-1938.1401408073896,-799.0972179897807,-799.0972179897807,-799.0972179897807,42.04715310340055,42.04715310340055,42.04715310340055,-550.1502090967871,-550.1502090967871,-550.1502090967871,-297.5261642939518,-297.5261642939518,-297.5261642939518,34.22087631192561,34.22087631192561,34.22087631192561,24.997233588170893,24.997233588170893,24.997233588170893,-3891.851034564467,-3891.851034564467,-3891.851034564467,0.0,0.0,0.0,110878.43645819457
338,2025-08-25 14:00:00,116649.54581845643,110972.17112899885,112024.24869582595,116649.54581845643,116649.54581845643,-5127.180647979364,-5127.180647979364,-5127.180647979364,-332.0298138047602,-332.0298138047602,-332.0298138047602,-0.3842227734137598,-0.3842227734137598,-0.3842227734137598,-1297.5293267266427,-1297.5293267266427,-1297.5293267266427,-867.1555286953054,-867.1555286953054,-867.1555286953054,30.421626638166966,30.421626638166966,30.421626638166966,-152.6957033134987,-152.6957033134987,-152.6957033134987,-17.62327075547944,-17.62327075547944,-17.62327075547944,42.001340243340685,42.001340243340685,42.001340243340685,-0.0637542656928094,-0.0637542656928094,-0.0637542656928094,-3829.6513212527207,-3829.6513212527207,-3829.6513212527207,0.0,0.0,0.0,111522.36517047707
339,2025-08-25 15:00:00,116590.66400334645,111054.79723589092,112118.10565980701,116590.66400334645,116590.66400334645,-5009.51535822047,-5009.51535822047,-5009.51535822047,-308.69560481506556,-308.69560481506556,-308.69560481506556,21.41904636458544,21.41904636458544,21.41904636458544,-1241.8478726834373,-1241.8478726834373,-1241.8478726834373,-874.771662428424,-874.771662428424,-874.771662428424,20.070368811144057,20.070368811144057,20.070368811144057,-11.900076111972238,-11.900076111972238,-11.900076111972238,-116.88825534790244,-116.88825534790244,-116.88825534790244,29.28529123434549,29.28529123434549,29.28529123434549,-0.3669803901482409,-0.3669803901482409,-0.3669803901482409,-3767.6674855370325,-3767.6674855370325,-3767.6674855370325,0.0,0.0,0.0,111581.14864512598
340,2025-08-25 16:00:00,116531.78218823644,111449.69022705352,112494.57011167204,116531.78218823644,116531.78218823644,-4579.482516958382,-4579.482516958382,-4579.482516958382,-271.80456183422837,-271.80456183422837,-271.80456183422837,55.24978908796834,55.24978908796834,55.24978908796834,-873.5791741988885,-873.5791741988885,-873.5791741988885,-876.7694835477621,-876.7694835477621,-876.7694835477621,12.101504337825505,12.101504337825505,12.101504337825505,288.8480956103984,288.8480956103984,288.8480956103984,-111.00593285348585,-111.00593285348585,-111.00593285348585,30.557150489269464,30.557150489269464,30.557150489269464,-0.7557354888738702,-0.7557354888738702,-0.7557354888738702,-3705.903342759493,-3705.903342759493,-3705.903342759493,0.0,0.0,0.0,111952.29967127806
341,2025-08-25 17:00:00,116472.90037312644,111655.75969107312,112723.14587248351,116472.90037312644,116472.90037312644,-4314.628683666438,-4314.628683666438,-4314.628683666438,-237.5485933520225,-237.5485933520225,-237.5485933520225,61.89528146936744,61.89528146936744,61.89528146936744,-670.2660014924825,-670.2660014924825,-670.2660014924825,-890.334337889582,-890.334337889582,-890.334337889582,3.1583032829999156,3.1583032829999156,3.1583032829999156,434.0988774762494,434.0988774762494,434.0988774762494,-70.76838566384674,-70.76838566384674,-70.76838566384674,27.673363554265237,27.673363554265237,27.673363554265237,1.5594896300867138,1.5594896300867138,1.5594896300867138,-3644.3626821739545,-3644.3626821739545,-3644.3626821739545,0.0,0.0,0.0,112158.27168946
342,2025-08-25 18:00:00,116414.01855801644,111571.93745996983,112640.49538366741,116414.01855801644,116414.01855801644,-4301.653861701457,-4301.653861701457,-4301.653861701457,-205.73947976140278,-205.73947976140278,-205.73947976140278,61.66731616059971,61.66731616059971,61.66731616059971,-718.6045949317688,-718.6045949317688,-718.6045949317688,-920.6038403250411,-920.6038403250411,-920.6038403250411,-6.9244625461861435,-6.9244625461861435,-6.9244625461861435,359.6064497180845,359.6064497180845,359.6064497180845,-25.276897345375186,-25.276897345375186,-25.276897345375186,22.286300673036614,22.286300673036614,22.286300673036614,-3.6199815054843953,-3.6199815054843953,-3.6199815054843953,-3583.049266769687,-3583.049266769687,-3583.049266769687,0.0,0.0,0.0,112112.36469631498
343,2025-08-25 19:00:00,116355.13674290644,110628.19158898616,111660.55786918303,116355.13674290644,116355.13674290644,-5209.09516860737,-5209.09516860737,-5209.09516860737,-210.54067056007892,-210.54067056007892,-210.54067056007892,-41.70425978561285,-41.70425978561285,-41.70425978561285,-1687.1283354378884,-1687.1283354378884,-1687.1283354378884,-997.9303247383308,-997.9303247383308,-997.9303247383308,-23.58528232237655,-23.58528232237655,-23.58528232237655,-318.56561548309986,-318.56561548309986,-318.56561548309986,-215.59356596854178,-215.59356596854178,-215.59356596854178,124.41136492563695,124.41136492563695,124.41136492563695,-3.6199815054843953,-3.6199815054843953,-3.6199815054843953,-3521.966833169482,-3521.966833169482,-3521.966833169482,0.0,0.0,0.0,111146.04157429907
344,2025-08-25 20:00:00,116296.25492779644,110279.62924118312,111368.51026770042,116296.25492779644,116296.25492779644,-5444.94521800355,-5444.94521800355,-5444.94521800355,-231.94715665663375,-231.94715665663375,-231.94715665663375,-131.02531763389618,-131.02531763389618,-131.02531763389618,-1983.8261264979524,-1983.8261264979524,-1983.8261264979524,-1079.9304761298913,-1079.9304761298913,-1079.9304761298913,-44.2612418101936,-44.2612418101936,-44.2612418101936,-382.0840352569276,-382.0840352569276,-382.0840352569276,-276.9637644858493,-276.9637644858493,-276.9637644858493,148.71363794783304,148.71363794783304,148.71363794783304,13.672227527606546,13.672227527606546,13.672227527606546,-3461.1190915055968,-3461.1190915055968,-3461.1190915055968,0.0,0.0,0.0,110851.3097097929
345,2025-08-25 21:00:00,116237.37311268644,110413.16178749636,111419.26603272719,116237.37311268644,116237.37311268644,-5330.557983441159,-5330.557983441159,-5330.557983441159,-254.61783171822788,-254.61783171822788,-254.61783171822788,-116.04879431701022,-116.04879431701022,-116.04879431701022,-1930.0482581364179,-1930.0482581364179,-1930.0482581364179,-1164.6624591795307,-1164.6624591795307,-1164.6624591795307,-63.510890977078866,-63.510890977078866,-63.510890977078866,-338.37204113372775,-338.37204113372775,-338.37204113372775,-152.7252744781649,-152.7252744781649,-152.7252744781649,153.45329902612005,153.45329902612005,153.45329902612005,6.435734641202392,6.435734641202392,6.435734641202392,-3400.509725304741,-3400.509725304741,-3400.509725304741,0.0,0.0,0.0,110906.81512924528
346,2025-08-25 22:00:00,116178.49129757643,110125.57754388056,111198.31708914351,116178.49129757643,116178.49129757643,-5509.384603937987,-5509.384603937987,-5509.384603937987,-262.30995158028736,-262.30995158028736,-262.30995158028736,-73.03574386775958,-73.03574386775958,-73.03574386775958,-2169.24221261348,-2169.24221261348,-2169.24221261348,-1259.645809171846,-1259.645809171846,-1259.645809171846,-83.50624950130295,-83.50624950130295,-83.50624950130295,-476.98825063860505,-476.98825063860505,-476.98825063860505,-166.90625220689054,-166.90625220689054,-166.90625220689054,152.74322286163522,152.74322286163522,152.74322286163522,0.4068214915759052,0.4068214915759052,0.4068214915759052,-3340.1423913245067,-3340.1423913245067,-3340.1423913245067,0.0,0.0,0.0,110669.10669363844
347,2025-08-25 23:00:00,116119.60948246645,110040.29382044675,111109.43488608857,116119.60948246645,116119.60948246645,-5537.866859608546,-5537.866859608546,-5537.866859608546,-272.63282460947386,-272.63282460947386,-272.63282460947386,-70.1941924535664,-70.1941924535664,-70.1941924535664,-2257.846140140709,-2257.846140140709,-2257.846140140709,-1344.573742518475,-1344.573742518475,-1344.573742518475,-102.41768910292802,-102.41768910292802,-102.41768910292802,-407.64452421437716,-407.64452421437716,-407.64452421437716,-206.71354119186236,-206.71354119186236,-206.71354119186236,149.0845588181962,149.0845588181962,149.0845588181962,-2.7541848682222656,-2.7541848682222656,-2.7541848682222656,-3280.0207194678374,-3280.0207194678374,-3280.0207194678374,0.0,0.0,0.0,110581.7426228579
348,2025-08-26 00:00:00,116060.72766735645,109304.5090015448,110334.04608123975,116060.72766735645,116060.72766735645,-6250.905777210674,-6250.905777210674,-6250.905777210674,-292.1256794400669,-292.1256794400669,-292.1256794400669,-85.4278799529512,-85.4278799529512,-85.4278799529512,-3030.7574645801715,-3030.7574645801715,-3030.7574645801715,-1446.953872047272,-1446.953872047272,-1446.953872047272,-125.84514213065255,-125.84514213065255,-125.84514213065255,-1022.188550342278,-1022.188550342278,-1022.188550342278,-223.88670841402688,-223.88670841402688,-223.88670841402688,157.89669180853545,157.89669180853545,157.89669180853545,7.773675938540862,7.773675938540862,7.773675938540862,-3220.148312630504,-3220.148312630504,-3220.148312630504,0.0,0.0,0.0,109809.82189014577
349,2025-08-26 01:00:00,116001.84585224644,109483.30201673778,110519.80099672278,116001.84585224644,116001.84585224644,-6005.814330148681,-6005.814330148681,-6005.814330148681,-312.27289930878817,-312.27289930878817,-312.27289930878817,-65.02002404335308,-65.02002404335308,-65.02002404335308,-2845.285583534898,-2845.285583534898,-2845.285583534898,-1520.7672475644733,-1520.7672475644733,-1520.7672475644733,-147.49974213036822,-147.49974213036822,-147.49974213036822,-810.1170561182789,-810.1170561182789,-810.1170561182789,-159.20733537110914,-159.20733537110914,-159.20733537110914,170.28399849153166,170.28399849153166,170.28399849153166,-0.6852774900587325,-0.6852774900587325,-0.6852774900587325,-3160.5287466137834,-3160.5287466137834,-3160.5287466137834,0.0,0.0,0.0,109996.03152209775
350,2025-08-26 02:00:00,115942.96403713644,109114.3818193251,110192.34238205307,115942.96403713644,115942.96403713644,-6264.088038570518,-6264.088038570518,-6264.088038570518,-326.9842813676042,-326.9842813676042,-326.9842813676042,-44.72820098029835,-44.72820098029835,-44.72820098029835,-3162.9224685798054,-3162.9224685798054,-3162.9224685798054,-1582.9993639594127,-1582.9993639594127,-1582.9993639594127,-169.15031291865853,-169.15031291865853,-169.15031291865853,-963.4296116548248,-963.4296116548248,-963.4296116548248,-242.94248060932372,-242.94248060932372,-242.94248060932372,161.55276834680313,161.55276834680313,161.55276834680313,5.759014563513679,5.759014563513679,5.759014563513679,-3101.165569990713,-3101.165569990713,-3101.165569990713,0.0,0.0,0.0,109678.87599856591
351,2025-08-26 03:00:00,115884.08222202644,109153.5860360927,110234.69792359298,115884.08222202644,115884.08222202644,-6207.340512959862,-6207.340512959862,-6207.340512959862,-341.550241949795,-341.550241949795,-341.550241949795,-38.85579380114994,-38.85579380114994,-38.85579380114994,-3165.278208980826,-3165.278208980826,-3165.278208980826,-1629.6534317434234,-1629.6534317434234,-1629.6534317434234,-190.85952094294453,-190.85952094294453,-190.85952094294453,-914.3741818009593,-914.3741818009593,-914.3741818009593,-209.42780755823958,-209.42780755823958,-209.42780755823958,163.06275032117043,163.06275032117043,163.06275032117043,-3.6199815054843953,-3.6199815054843953,-3.6199815054843953,-3042.0623039790366,-3042.0623039790366,-3042.0623039790366,0.0,0.0,0.0,109676.74170906657
352,2025-08-26 04:00:00,115825.20040691644,109129.49378991549,110162.00226267781,115825.20040691644,115825.20040691644,-6183.283062925115,-6183.283062925115,-6183.283062925115,-341.719447783256,-341.719447783256,-341.719447783256,-22.11780753980274,-22.11780753980274,-22.11780753980274,-3200.0606205687977,-3200.0606205687977,-3200.0606205687977,-1670.8977569604576,-1670.8977569604576,-1670.8977569604576,-209.951481426243,-209.951481426243,-209.951481426243,-774.8846047518232,-774.8846047518232,-774.8846047518232,-318.0262058923024,-318.0262058923024,-318.0262058923024,141.1566652905717,141.1566652905717,141.1566652905717,-3.6199815054843953,-3.6199815054843953,-3.6199815054843953,-2983.2224423563175,-2983.2224423563175,-2983.2224423563175,0.0,0.0,0.0,109641.91734399133
353,2025-08-26 05:00:00,115766.31859180646,109764.74053118793,110770.99404426382,115766.31859180646,115766.31859180646,-5511.399607886766,-5511.399607886766,-5511.399607886766,-337.2595775833451,-337.2595775833451,-337.2595775833451,-11.676994954379834,-11.676994954379834,-11.676994954379834,-2586.7501565742414,-2586.7501565742414,-2586.7501565742414,-1715.8373743707727,-1715.8373743707727,-1715.8373743707727,-228.45783265778016,-228.45783265778016,-228.45783265778016,-149.55795908074572,-149.55795908074572,-149.55795908074572,-285.9041106715512,-285.9041106715512,-285.9041106715512,143.27331386323272,143.27331386323272,143.27331386323272,-1.329621118899194,-1.329621118899194,-1.329621118899194,-2924.649451312524,-2924.649451312524,-2924.649451312524,0.0,0.0,0.0,110254.91898391969
354,2025-08-26 06:00:00,115707.43677669644,109792.17592806923,110855.44426594663,115707.43677669644,115707.43677669644,-5369.751011949826,-5369.751011949826,-5369.751011949826,-335.8251360417369,-335.8251360417369,-335.8251360417369,-14.849603143866323,-14.849603143866323,-14.849603143866323,-2503.4042425944754,-2503.4042425944754,-2503.4042425944754,-1744.3295571335132,-1744.3295571335132,-1744.3295571335132,-248.19461959109063,-248.19461959109063,-248.19461959109063,118.37803096448195,118.37803096448195,118.37803096448195,-407.6885504164093,-407.6885504164093,-407.6885504164093,132.7251742731437,132.7251742731437,132.7251742731437,-3.6199815054843953,-3.6199815054843953,-3.6199815054843953,-2866.3467693553503,-2866.3467693553503,-2866.3467693553503,0.0,0.0,0.0,110337.68576474662
355,2025-08-26 07:00:00,115648.55496158644,109814.68796526201,110893.40550711972,115648.55496158644,115648.55496158644,-5278.560135861123,-5278.560135861123,-5278.560135861123,-337.2627563501058,-337.2627563501058,-337.2627563501058,-1.162969163132043,-1.162969163132043,-1.162969163132043,-2470.2423286584212,-2470.2423286584212,-2470.2423286584212,-1771.2516135703484,-1771.2516135703484,-1771.2516135703484,-266.4249087911989,-266.4249087911989,-266.4249087911989,94.76824483052123,94.76824483052123,94.76824483052123,-328.11465115991473,-328.11465115991473,-328.11465115991473,140.5948993762159,140.5948993762159,140.5948993762159,-1.3885738304584185,-1.3885738304584185,-1.3885738304584185,-2808.317807202702,-2808.317807202702,-2808.317807202702,0.0,0.0,0.0,110369.99482572533
356,2025-08-26 08:00:00,115589.67314647645,109727.61240257812,110825.4128140622,115589.67314647645,115589.67314647645,-5317.146628738504,-5317.146628738504,-5317.146628738504,-338.3575873108159,-338.3575873108159,-338.3575873108159,25.87417823620046,25.87417823620046,25.87417823620046,-2566.5806810479407,-2566.5806810479407,-2566.5806810479407,-1813.904302865762,-1813.904302865762,-1813.904302865762,-284.7044337339752,-284.7044337339752,-284.7044337339752,38.06308025166118,38.06308025166118,38.06308025166118,-330.4869658802139,-330.4869658802139,-330.4869658802139,140.5553317604492,140.5553317604492,140.5553317604492,-3.6199815054843953,-3.6199815054843953,-3.6199815054843953,-2750.5659476905635,-2750.5659476905635,-2750.5659476905635,0.0,0.0,0.0,110272.52651773795
357,2025-08-26 09:00:00,115530.79133136645,109840.94204186463,110887.36841291186,115530.79133136645,115530.79133136645,-5184.174620890109,-5184.174620890109,-5184.174620890109,-339.37421606004665,-339.37421606004665,-339.37421606004665,47.26232509337222,47.26232509337222,47.26232509337222,-2491.0800752829646,-2491.0800752829646,-2491.0800752829646,-1852.8649122678423,-1852.8649122678423,-1852.8649122678423,-303.23795161831583,-303.23795161831583,-303.23795161831583,13.866627043985966,13.866627043985966,13.866627043985966,-99.43728217032881,-99.43728217032881,-99.43728217032881,44.777284555663314,44.777284555663314,44.777284555663314,-2.0719498594522054,-2.0719498594522054,-2.0719498594522054,-2693.094545607144,-2693.094545607144,-2693.094545607144,0.0,0.0,0.0,110346.61671047634
358,2025-08-26 10:00:00,115471.90951625645,110365.43311241189,111417.14809531526,115471.90951625645,115471.90951625645,-4585.610995527207,-4585.610995527207,-4585.610995527207,-340.3182284700466,-340.3182284700466,-340.3182284700466,55.331231822985615,55.331231822985615,55.331231822985615,-1949.7040678579103,-1949.7040678579103,-1949.7040678579103,-1911.2060156224945,-1911.2060156224945,-1911.2060156224945,-321.0091854346745,-321.0091854346745,-321.0091854346745,401.1746493368278,401.1746493368278,401.1746493368278,179.24452534790493,179.24452534790493,179.24452534790493,-9.301063332928374,-9.301063332928374,-9.301063332928374,-3.6199815054843953,-3.6199815054843953,-3.6199815054843953,-2635.9069276692962,-2635.9069276692962,-2635.9069276692962,0.0,0.0,0.0,110886.29852072924
359,2025-08-26 11:00:00,115413.02770114645,109579.957197844,110648.77982821522,115413.02770114645,115413.02770114645,-5276.969889335296,-5276.969889335296,-5276.969889335296,-351.9977282857431,-351.9977282857431,-351.9977282857431,-17.19809060519885,-17.19809060519885,-17.19809060519885,-2697.9634969700433,-2697.9634969700433,-2697.9634969700433,-1980.231916963177,-1980.231916963177,-1980.231916963177,-340.3937521357168,-340.3937521357168,-340.3937521357168,47.35638764128188,47.35638764128188,47.35638764128188,-43.84979624328253,-43.84979624328253,-43.84979624328253,-8.028618872722143,-8.028618872722143,-8.028618872722143,-3.6199815054843953,-3.6199815054843953,-3.6199815054843953,-2579.006392365252,-2579.006392365252,-2579.006392365252,0.0,0.0,0.0,110136.05781181116
360,2025-08-26 12:00:00,115354.14588603645,109811.74891481767,110831.81424877292,115354.14588603645,115354.14588603645,-5017.506295594106,-5017.506295594106,-5017.506295594106,-340.46945767252294,-340.46945767252294,-340.46945767252294,33.72122622606644,33.72122622606644,33.72122622606644,-2495.110085733619,-2495.110085733619,-2495.110085733619,-2051.4894489695967,-2051.4894489695967,-2051.4894489695967,-358.5672355595649,-358.5672355595649,-358.5672355595649,179.25952356843166,179.25952356843166,179.25952356843166,46.70663097069873,46.70663097069873,46.70663097069873,-1.6325250990339917,-1.6325250990339917,-1.6325250990339917,-2.6387991980978796,-2.6387991980978796,-2.6387991980978796,-2522.3962098604866,-2522.3962098604866,-2522.3962098604866,0.0,0.0,0.0,110336.63959044234
361,2025-08-26 13:00:00,115295.26407092645,109554.1814188169,110597.7409007969,115295.26407092645,115295.26407092645,-5191.566744954607,-5191.566744954607,-5191.566744954607,-333.87867242177845,-333.87867242177845,-333.87867242177845,-10.210906612155648,-10.210906612155648,-10.210906612155648,-2725.487123033244,-2725.487123033244,-2725.487123033244,-2124.0128566065964,-2124.0128566065964,-2124.0128566065964,-376.790962028941,-376.790962028941,-376.790962028941,112.4237283993271,112.4237283993271,112.4237283993271,5.102481690035854,5.102481690035854,5.102481690035854,-1.3940932244275044,-1.3940932244275044,-1.3940932244275044,3.2741577712923577,3.2741577712923577,3.2741577712923577,-2466.079621921363,-2466.079621921363,-2466.079621921363,0.0,0.0,0.0,110103.69732597185
362,2025-08-26 14:00:00,115236.38225581645,110002.82687105105,111066.98418270386,115236.38225581645,115236.38225581645,-4735.2669530295,-4735.2669530295,-4735.2669530295,-314.42539354630566,-314.42539354630566,-314.42539354630566,56.011605936202095,56.011605936202095,56.011605936202095,-2325.207111239474,-2325.207111239474,-2325.207111239474,-2182.128181164717,-2182.128181164717,-2182.128181164717,-393.33643036586056,-393.33643036586056,-393.33643036586056,150.66730378806548,150.66730378806548,150.66730378806548,427.8466217517436,427.8466217517436,427.8466217517436,-66.22265613311781,-66.22265613311781,-66.22265613311781,-3.6199815054843953,-3.6199815054843953,-3.6199815054843953,-2410.0598417900246,-2410.0598417900246,-2410.0598417900246,0.0,0.0,0.0,110501.11530278696
363,2025-08-26 15:00:00,115177.50044070644,109153.60486411322,110230.78942977016,115177.50044070644,115177.50044070644,-5513.308006011914,-5513.308006011914,-5513.308006011914,-303.2353614555851,-303.2353614555851,-303.2353614555851,-33.30790825398691,-33.30790825398691,-33.30790825398691,-3158.967951919205,-3158.967951919205,-3158.967951919205,-2214.095384124127,-2214.095384124127,-2214.095384124127,-412.33413172122386,-412.33413172122386,-412.33413172122386,-160.08474114318756,-160.08474114318756,-160.08474114318756,11.282456605288255,11.282456605288255,11.282456605288255,-43.57290032089808,-43.57290032089808,-43.57290032089808,-3.6199815054843953,-3.6199815054843953,-3.6199815054843953,-2354.340054092709,-2354.340054092709,-2354.340054092709,0.0,0.0,0.0,109664.19243469453
364,2025-08-26 16:00:00,115118.61862559644,109448.94174422558,110511.58507944719,115118.61862559644,115118.61862559644,-5130.041026743612,-5130.041026743612,-5130.041026743612,-295.8862412581514,-295.8862412581514,-295.8862412581514,-62.99198806118532,-62.99198806118532,-62.99198806118532,-2831.1176119686347,-2831.1176119686347,-2831.1176119686347,-2206.590763089292,-2206.590763089292,-2206.590763089292,-429.85353982337665,-429.85353982337665,-429.85353982337665,69.00446383570903,69.00446383570903,69.00446383570903,132.8364622178962,132.8364622178962,132.8364622178962,-34.01602428474985,-34.01602428474985,-34.01602428474985,-3.6199815054843953,-3.6199815054843953,-3.6199815054843953,-2298.923414774976,-2298.923414774976,-2298.923414774976,0.0,0.0,0.0,109988.57759885283
365,2025-08-26 17:00:00,115059.73681048646,109212.9420785593,110259.58130125797,115059.73681048646,115059.73681048646,-5313.16007566012,-5313.16007566012,-5313.16007566012,-283.0751401543849,-283.0751401543849,-283.0751401543849,-60.8331667444862,-60.8331667444862,-60.8331667444862,-3069.3470246917245,-3069.3470246917245,-3069.3470246917245,-2213.944635476434,-2213.944635476434,-2213.944635476434,-447.37081122249924,-447.37081122249924,-447.37081122249924,-94.96231966307157,-94.96231966307157,-94.96231966307157,66.9937290000715,66.9937290000715,66.9937290000715,-32.5346989254353,-32.5346989254353,-32.5346989254353,-3.6199815054843953,-3.6199815054843953,-3.6199815054843953,-2243.8130509683956,-2243.8130509683956,-2243.8130509683956,0.0,0.0,0.0,109746.57673482633
366,2025-08-26 18:00:00,115000.85499537645,109980.92870601689,111046.80991808716,115000.85499537645,115000.85499537645,-4488.032521765298,-4488.032521765298,-4488.032521765298,-233.92789154786854,-233.92789154786854,-233.92789154786854,136.90243127887007,136.90243127887007,136.90243127887007,-2299.020460840002,-2299.020460840002,-2299.020460840002,-2198.101113219581,-2198.101113219581,-2198.101113219581,-461.3313267585048,-461.3313267585048,-461.3313267585048,254.29832451254092,254.29832451254092,254.29832451254092,194.52993022151674,194.52993022151674,194.52993022151674,3.7910839115017927,3.7910839115017927,3.7910839115017927,4.818100761522859,4.818100761522859,4.818100761522859,-2189.012060925296,-2189.012060925296,-2189.012060925296,0.0,0.0,0.0,110512.82247361114
367,2025-08-26 19:00:00,114941.97318026646,110330.28394321095,111366.32052233908,114941.97318026646,114941.97318026646,-4100.590765589708,-4100.590765589708,-4100.590765589708,-181.33556943151584,-181.33556943151584,-181.33556943151584,177.30415746933252,177.30415746933252,177.30415746933252,-1966.0672516768905,-1966.0672516768905,-1966.0672516768905,-2171.09507808404,-2171.09507808404,-2171.09507808404,-473.74315993863956,-473.74315993863956,-473.74315993863956,419.40794381436706,419.40794381436706,419.40794381436706,254.68883395550637,254.68883395550637,254.68883395550637,12.32560204358309,12.32560204358309,12.32560204358309,-3.6199815054843953,-3.6199815054843953,-3.6199815054843953,-2134.523513912818,-2134.523513912818,-2134.523513912818,0.0,0.0,0.0,110841.38241467676
368,2025-08-26 20:00:00,114883.09136515646,110508.71792026485,111607.66055550323,114883.09136515646,114883.09136515646,-3827.8214895935953,-3827.8214895935953,-3827.8214895935953,-138.94986422300153,-138.94986422300153,-138.94986422300153,160.08390812489887,160.08390812489887,160.08390812489887,-1747.471039432408,-1747.471039432408,-1747.471039432408,-2110.076522720481,-2110.076522720481,-2110.076522720481,-486.153070086048,-486.153070086048,-486.153070086048,463.82963615175385,463.82963615175385,463.82963615175385,361.03590394460946,361.03590394460946,361.03590394460946,6.378950881345353,6.378950881345353,6.378950881345353,-3.6199815054843953,-3.6199815054843953,-3.6199815054843953,-2080.3504501611874,-2080.3504501611874,-2080.3504501611874,0.0,0.0,0.0,111055.26987556287
369,2025-08-26 21:00:00,114824.20955004645,110754.95069099861,111806.15610506957,114824.20955004645,114824.20955004645,-3526.0539890344435,-3526.0539890344435,-3526.0539890344435,-105.11262457898329,-105.11262457898329,-105.11262457898329,126.32785978527964,126.32785978527964,126.32785978527964,-1499.5581083162112,-1499.5581083162112,-1499.5581083162112,-2059.775117792442,-2059.775117792442,-2059.775117792442,-489.6692591159309,-489.6692591159309,-489.6692591159309,681.6220264993268,681.6220264993268,681.6220264993268,346.11259141394373,346.11259141394373,346.11259141394373,4.55639697807913,4.55639697807913,4.55639697807913,-3.6199815054843953,-3.6199815054843953,-3.6199815054843953,-2026.495880718232,-2026.495880718232,-2026.495880718232,0.0,0.0,0.0,111298.15556101201
370,2025-08-26 22:00:00,114765.32773493645,110996.34413879941,112029.6221642577,114765.32773493645,114765.32773493645,-3269.9547723876453,-3269.9547723876453,-3269.9547723876453,-86.04001448673382,-86.04001448673382,-86.04001448673382,119.72156529886526,119.72156529886526,119.72156529886526,-1296.9919849838348,-1296.9919849838348,-1296.9919849838348,-1997.1497241035415,-1997.1497241035415,-1997.1497241035415,-492.4813434488917,-492.4813434488917,-492.4813434488917,703.9274767357051,703.9274767357051,703.9274767357051,446.06943661278115,446.06943661278115,446.06943661278115,4.548388048539423,4.548388048539423,4.548388048539423,4.412230359441326,4.412230359441326,4.412230359441326,-1972.962787403811,-1972.962787403811,-1972.962787403811,0.0,0.0,0.0,111495.3729625488
371,2025-08-26 23:00:00,114743.59231767268,110993.70056430249,112076.18301511837,114743.59231767268,114743.59231767268,-3216.6364258847025,-3216.6364258847025,-3216.6364258847025,-80.43868157696285,-80.43868157696285,-80.43868157696285,103.40487294639762,103.40487294639762,103.40487294639762,-1296.8823031400934,-1296.8823031400934,-1296.8823031400934,-1940.229834027075,-1940.229834027075,-1940.229834027075,-497.05791714371895,-497.05791714371895,-497.05791714371895,699.0582564793357,699.0582564793357,699.0582564793357,415.2322369608062,415.2322369608062,415.2322369608062,6.7687447266084115,6.7687447266084115,6.7687447266084115,-3.6199815054843953,-3.6199815054843953,-3.6199815054843953,-1919.754122744609,-1919.754122744609,-1919.754122744609,0.0,0.0,0.0,111526.95589178798
372,2025-08-27 00:00:00,114721.85690040894,110592.65810894535,111659.10825344441,114721.85690040894,114721.85690040894,-3564.9937175701652,-3564.9937175701652,-3564.9937175701652,-58.21601034136634,-58.21601034136634,-58.21601034136634,59.53412357952294,59.53412357952294,59.53412357952294,-1698.1209077424533,-1698.1209077424533,-1698.1209077424533,-1903.622234338883,-1903.622234338883,-1903.622234338883,-505.04695819850116,-505.04695819850116,-505.04695819850116,402.88332799168853,402.88332799168853,402.88332799168853,286.9910399033713,286.9910399033713,286.9910399033713,22.975785167199128,22.975785167199128,22.975785167199128,-3.6199815054843953,-3.6199815054843953,-3.6199815054843953,-1866.8728098277122,-1866.8728098277122,-1866.8728098277122,0.0,0.0,0.0,111156.86318283877
373,2025-08-27 01:00:00,114700.12148314518,111001.64327803162,112104.09775860584,114700.12148314518,114700.12148314518,-3168.1690054485466,-3168.1690054485466,-3168.1690054485466,-27.91275435504788,-27.91275435504788,-27.91275435504788,39.54773404504134,39.54773404504134,39.54773404504134,-1353.847263130756,-1353.847263130756,-1353.847263130756,-1872.7986101619279,-1872.7986101619279,-1872.7986101619279,-513.3091309491289,-513.3091309491289,-513.3091309491289,644.1244354405824,644.1244354405824,644.1244354405824,368.62188900220104,368.62188900220104,368.62188900220104,11.49915535300834,11.49915535300834,11.49915535300834,-3.6199815054843953,-3.6199815054843953,-3.6199815054843953,-1814.3217423177907,-1814.3217423177907,-1814.3217423177907,0.0,0.0,0.0,111531.95247769663
374,2025-08-27 02:00:00,114678.38606588142,110813.78343778949,111870.76454621505,114678.38606588142,114678.38606588142,-3335.4929073527937,-3335.4929073527937,-3335.4929073527937,-0.3136460607376871,-0.3136460607376871,-0.3136460607376871,33.09472108641422,33.09472108641422,33.09472108641422,-1573.3891230727781,-1573.3891230727781,-1573.3891230727781,-1838.376980590187,-1838.376980590187,-1838.376980590187,-518.8802178069296,-518.8802178069296,-518.8802178069296,458.15160833325353,458.15160833325353,458.15160833325353,283.57594699257584,283.57594699257584,283.57594699257584,11.667276992285801,11.667276992285801,11.667276992285801,-2.307832019453087,-2.307832019453087,-2.307832019453087,-1762.1037842800156,-1762.1037842800156,-1762.1037842800156,0.0,0.0,0.0,111342.89315852863
375,2025-08-27 03:00:00,114656.65064861767,111089.61532802811,112164.54506384119,114656.65064861767,114656.65064861767,-2988.615387987198,-2988.615387987198,-2988.615387987198,17.8180927421763,17.8180927421763,17.8180927421763,36.42172395993423,36.42172395993423,36.42172395993423,-1278.3936178171984,-1278.3936178171984,-1278.3936178171984,-1803.566433274415,-1803.566433274415,-1803.566433274415,-525.0094420203993,-525.0094420203993,-525.0094420203993,628.095453216212,628.095453216212,628.095453216212,358.97945112623785,358.97945112623785,358.97945112623785,12.487517938540169,12.487517938540169,12.487517938540169,-3.6199815054843953,-3.6199815054843953,-3.6199815054843953,-1710.2217701699997,-1710.2217701699997,-1710.2217701699997,0.0,0.0,0.0,111668.03526063047
376,2025-08-27 04:00:00,114634.91523135392,110931.63190704385,111996.4212651395,114634.91523135392,114634.91523135392,-3161.8888832903745,-3161.8888832903745,-3161.8888832903745,34.65470734488189,34.65470734488189,34.65470734488189,46.49129321154795,46.49129321154795,46.49129321154795,-1503.2103785487318,-1503.2103785487318,-1503.2103785487318,-1760.4800834856565,-1760.4800834856565,-1760.4800834856565,-531.9993607385304,-531.9993607385304,-531.9993607385304,380.1464180253948,380.1464180253948,380.1464180253948,323.21759812021156,323.21759812021156,323.21759812021156,8.162450577687203,8.162450577687203,8.162450577687203,-3.403401604268227,-3.403401604268227,-3.403401604268227,-1658.6785047416427,-1658.6785047416427,-1658.6785047416427,0.0,0.0,0.0,111473.02634806355
377,2025-08-27 05:00:00,114613.17981409015,110868.92119102825,111906.70385392044,114613.17981409015,114613.17981409015,-3215.621673402525,-3215.621673402525,-3215.621673402525,54.76601055853615,54.76601055853615,54.76601055853615,32.55883015162388,32.55883015162388,32.55883015162388,-1608.1449104396825,-1608.1449104396825,-1608.1449104396825,-1724.4169686391106,-1724.4169686391106,-1724.4169686391106,-538.8412059367064,-538.8412059367064,-538.8412059367064,127.40184022075519,127.40184022075519,127.40184022075519,471.48549387282316,471.48549387282316,471.48549387282316,-27.47892916211946,-27.47892916211946,-27.47892916211946,-3.6199815054843953,-3.6199815054843953,-3.6199815054843953,-1607.4767629628427,-1607.4767629628427,-1607.4767629628427,0.0,0.0,0.0,111397.55814068763
378,2025-08-27 06:00:00,114591.44439682641,110509.87299649663,111584.72636796802,114591.44439682641,114591.44439682641,-3511.3379596071545,-3511.3379596071545,-3511.3379596071545,87.37735627702119,87.37735627702119,87.37735627702119,-7.961061292189845,-7.961061292189845,-7.961061292189845,-1954.7186696364154,-1954.7186696364154,-1954.7186696364154,-1700.2685037597116,-1700.2685037597116,-1700.2685037597116,-545.536442782723,-545.536442782723,-545.536442782723,-65.71780791454727,-65.71780791454727,-65.71780791454727,301.3351418422422,301.3351418422422,301.3351418422422,-20.327370501022653,-20.327370501022653,-20.327370501022653,-3.6199815054843953,-3.6199815054843953,-3.6199815054843953,-1556.6192899707394,-1556.6192899707394,-1556.6192899707394,0.0,0.0,0.0,111080.10643721925
379,2025-08-27 07:00:00,114569.70897956265,110292.31058107893,111331.62996573323,114569.70897956265,114569.70897956265,-3761.1342161993934,-3761.1342161993934,-3761.1342161993934,103.87959441961652,103.87959441961652,103.87959441961652,-78.65831661800821,-78.65831661800821,-78.65831661800821,-2255.0254152463094,-2255.0254152463094,-2255.0254152463094,-1675.7288266363166,-1675.7288266363166,-1675.7288266363166,-552.0794242757147,-552.0794242757147,-552.0794242757147,-273.67396397001374,-273.67396397001374,-273.67396397001374,235.92004350181887,235.92004350181887,235.92004350181887,-11.064540162207095,-11.064540162207095,-11.064540162207095,-3.6199815054843953,-3.6199815054843953,-3.6199815054843953,-1506.108800953084,-1506.108800953084,-1506.108800953084,0.0,0.0,0.0,110808.57476336326
380,2025-08-27 08:00:00,114547.9735622989,109990.49369197279,111058.19628164163,114547.9735622989,114547.9735622989,-4034.7391584152397,-4034.7391584152397,-4034.7391584152397,111.85841457659551,111.85841457659551,111.85841457659551,-105.72666827876846,-105.72666827876846,-105.72666827876846,-2578.7911772493567,-2578.7911772493567,-2578.7911772493567,-1658.1031662568068,-1658.1031662568068,-1658.1031662568068,-556.6155837589523,-556.6155837589523,-556.6155837589523,-382.1659929111928,-382.1659929111928,-382.1659929111928,63.92434066317597,63.92434066317597,63.92434066317597,-54.280266394670384,-54.280266394670384,-54.280266394670384,2.317745111262581,2.317745111262581,2.317745111262581,-1455.9479811658834,-1455.9479811658834,-1455.9479811658834,0.0,0.0,0.0,110513.23440388366
381,2025-08-27 09:00:00,114526.23814503514,110020.88727322136,111093.27507054649,114526.23814503514,114526.23814503514,-3975.8999885321987,-3975.8999885321987,-3975.8999885321987,131.41394609887124,131.41394609887124,131.41394609887124,-68.57836434022093,-68.57836434022093,-68.57836434022093,-2569.7605027486593,-2569.7605027486593,-2569.7605027486593,-1635.3265829063587,-1635.3265829063587,-1635.3265829063587,-559.0958381114124,-559.0958381114124,-559.0958381114124,-313.1969705783295,-313.1969705783295,-313.1969705783295,-50.72659855484101,-50.72659855484101,-50.72659855484101,-70.83687522392486,-70.83687522392486,-70.83687522392486,-3.4132191324432113,-3.4132191324432113,-3.4132191324432113,-1406.1394857835396,-1406.1394857835396,-1406.1394857835396,0.0,0.0,0.0,110550.33815650294
382,2025-08-27 10:00:00,114504.50272777138,110303.19804963634,111387.06527091705,114504.50272777138,114504.50272777138,-3643.474508580421,-3643.474508580421,-3643.474508580421,156.2243131323103,156.2243131323103,156.2243131323103,-40.21222501146832,-40.21222501146832,-40.21222501146832,-2286.788568715589,-2286.788568715589,-2286.788568715589,-1617.9689201227377,-1617.9689201227377,-1617.9689201227377,-561.1725608345624,-561.1725608345624,-561.1725608345624,-90.74350175800662,-90.74350175800662,-90.74350175800662,-57.728708157927755,-57.728708157927755,-57.728708157927755,-71.56698445771204,-71.56698445771204,-71.56698445771204,-3.6199815054843953,-3.6199815054843953,-3.6199815054843953,-1356.6859398648319,-1356.6859398648319,-1356.6859398648319,0.0,0.0,0.0,110861.02821919096
383,2025-08-27 11:00:00,114482.76731050764,110660.8258308483,111728.52739419007,114482.76731050764,114482.76731050764,-3275.0707414479352,-3275.0707414479352,-3275.0707414479352,178.7733783078782,178.7733783078782,178.7733783078782,-3.997991614017415,-3.997991614017415,-3.997991614017415,-1967.4808031334821,-1967.4808031334821,-1967.4808031334821,-1569.9945970589922,-1569.9945970589922,-1569.9945970589922,-562.9457496301911,-562.9457496301911,-562.9457496301911,56.040649436279175,56.040649436279175,56.040649436279175,-13.703868393104466,-13.703868393104466,-13.703868393104466,-65.12203536417326,-65.12203536417326,-65.12203536417326,13.469411182839083,13.469411182839083,13.469411182839083,-1307.5899383144533,-1307.5899383144533,-1307.5899383144533,0.0,0.0,0.0,111207.6965690597
384,2025-08-27 12:00:00,114461.03189324387,110632.66139126901,111698.46784660422,114461.03189324387,114461.03189324387,-3274.442221866142,-3274.442221866142,-3274.442221866142,198.9188453015613,198.9188453015613,198.9188453015613,6.926510097521975,6.926510097521975,6.926510097521975,-2015.5881760662696,-2015.5881760662696,-2015.5881760662696,-1532.5481281836715,-1532.5481281836715,-1532.5481281836715,-561.514585940947,-561.514585940947,-561.514585940947,106.58394825367702,106.58394825367702,106.58394825367702,-151.1309306219698,-151.1309306219698,-151.1309306219698,-79.20385346695718,-79.20385346695718,-79.20385346695718,-3.6199815054843953,-3.6199815054843953,-3.6199815054843953,-1258.8540457998727,-1258.8540457998727,-1258.8540457998727,0.0,0.0,0.0,111186.58967137773
385,2025-08-27 13:00:00,114439.29647598013,110802.54657126388,111888.45228699889,114439.29647598013,114439.29647598013,-3087.741349300917,-3087.741349300917,-3087.741349300917,197.69995323177284,197.69995323177284,197.69995323177284,61.370408840722554,61.370408840722554,61.370408840722554,-1877.2605526060026,-1877.2605526060026,-1877.2605526060026,-1486.3749875922836,-1486.3749875922836,-1486.3749875922836,-560.4438230041434,-560.4438230041434,-560.4438230041434,48.212073112207,48.212073112207,48.212073112207,-57.44893322072014,-57.44893322072014,-57.44893322072014,-76.65526246807362,-76.65526246807362,-76.65526246807362,-3.6199815054843953,-3.6199815054843953,-3.6199815054843953,-1210.4807966949147,-1210.4807966949147,-1210.4807966949147,0.0,0.0,0.0,111351.5551266792
386,2025-08-27 14:00:00,114417.56105871637,111227.47333848875,112305.44458078379,114417.56105871637,114417.56105871637,-2657.445717664206,-2657.445717664206,-2657.445717664206,174.0188580378552,174.0188580378552,174.0188580378552,130.5519929013647,130.5519929013647,130.5519929013647,-1494.9730226605484,-1494.9730226605484,-1494.9730226605484,-1455.1746065211116,-1455.1746065211116,-1455.1746065211116,-559.7737224097258,-559.7737224097258,-559.7737224097258,103.54143225216737,103.54143225216737,103.54143225216737,199.49893300772055,199.49893300772055,199.49893300772055,-87.00742196614533,-87.00742196614533,-87.00742196614533,-0.6284879626736568,-0.6284879626736568,-0.6284879626736568,-1162.4726950036575,-1162.4726950036575,-1162.4726950036575,0.0,0.0,0.0,111760.11534105217
387,2025-08-27 15:00:00,114395.82564145263,111503.93216521612,112560.69469982944,114395.82564145263,114395.82564145263,-2345.0455872912917,-2345.0455872912917,-2345.0455872912917,152.02926964350303,152.02926964350303,152.02926964350303,104.02830059362103,104.02830059362103,104.02830059362103,-1230.2133729212485,-1230.2133729212485,-1230.2133729212485,-1429.4259573662657,-1429.4259573662657,-1429.4259573662657,-557.5974293253919,-557.5974293253919,-557.5974293253919,286.55677767429273,286.55677767429273,286.55677767429273,301.63965632458434,301.63965632458434,301.63965632458434,-83.82400896010752,-83.82400896010752,-83.82400896010752,-3.6199815054843953,-3.6199815054843953,-3.6199815054843953,-1114.832214370043,-1114.832214370043,-1114.832214370043,0.0,0.0,0.0,112050.78005416134
388,2025-08-27 16:00:00,114374.09022418885,111820.40951777522,112866.36192759157,114374.09022418885,114374.09022418885,-2055.3539166283604,-2055.3539166283604,-2055.3539166283604,127.63995426009774,127.63995426009774,127.63995426009774,94.72304562106629,94.72304562106629,94.72304562106629,-987.7921186920198,-987.7921186920198,-987.7921186920198,-1405.8937951774117,-1405.8937951774117,-1405.8937951774117,-557.8228209706908,-557.8228209706908,-557.8228209706908,453.02251159097017,453.02251159097017,453.02251159097017,391.30968416288493,391.30968416288493,391.30968416288493,-87.15071667345163,-87.15071667345163,-87.15071667345163,-3.6199815054843953,-3.6199815054843953,-3.6199815054843953,-1067.5617979363408,-1067.5617979363408,-1067.5617979363408,0.0,0.0,0.0,112318.7363075605
389,2025-08-27 17:00:00,114352.3548069251,112000.87550172162,113111.92881982077,114352.3548069251,114352.3548069251,-1799.1864108347856,-1799.1864108347856,-1799.1864108347856,100.66144967091684,100.66144967091684,100.66144967091684,100.33834715876552,100.33834715876552,100.33834715876552,-778.5225524679597,-778.5225524679597,-778.5225524679597,-1381.2928549049584,-1381.2928549049584,-1381.2928549049584,-557.0530889664301,-557.0530889664301,-557.0530889664301,677.5943914742687,677.5943914742687,677.5943914742687,375.02180883660134,375.02180883660134,375.02180883660134,-90.17262423163906,-90.17262423163906,-90.17262423163906,-3.6199815054843953,-3.6199815054843953,-3.6199815054843953,-1020.6638583668258,-1020.6638583668258,-1020.6638583668258,0.0,0.0,0.0,112553.16839609032
390,2025-08-27 18:00:00,114330.61938966135,111624.6360508882,112727.97886303268,114330.61938966135,114330.61938966135,-2157.851496071468,-2157.851496071468,-2157.851496071468,70.40841918502502,70.40841918502502,70.40841918502502,81.48958819266969,81.48958819266969,81.48958819266969,-1183.710718321028,-1183.710718321028,-1183.710718321028,-1379.2734654859462,-1379.2734654859462,-1379.2734654859462,-559.3307533473551,-559.3307533473551,-559.3307533473551,504.47995755645076,504.47995755645076,504.47995755645076,174.16987521019965,174.16987521019965,174.16987521019965,-72.03435812658759,-72.03435812658759,-72.03435812658759,-3.6199815054843953,-3.6199815054843953,-3.6199815054843953,-974.14077775044,-974.14077775044,-974.14077775044,0.0,0.0,0.0,112172.76789358989
391,2025-08-27 19:00:00,114308.88397239758,111705.90382559338,112765.21490652069,114308.88397239758,114308.88397239758,-2066.7275414076216,-2066.7275414076216,-2066.7275414076216,59.729478690316164,59.729478690316164,59.729478690316164,51.14792125882909,51.14792125882909,51.14792125882909,-1138.7326338350556,-1138.7326338350556,-1138.7326338350556,-1373.1765201795165,-1373.1765201795165,-1373.1765201795165,-561.2916667663011,-561.2916667663011,-561.2916667663011,485.2850176332312,485.2850176332312,485.2850176332312,279.5482167304143,279.5482167304143,279.5482167304143,-79.47612280600292,-79.47612280600292,-79.47612280600292,-0.4989583960259892,-0.4989583960259892,-0.4989583960259892,-927.9949075725658,-927.9949075725658,-927.9949075725658,0.0,0.0,0.0,112242.15643098995
392,2025-08-27 20:00:00,114287.14855513384,112060.19433474669,113127.59263741344,114287.14855513384,114287.14855513384,-1702.6082686679124,-1702.6082686679124,-1702.6082686679124,70.83354539552627,70.83354539552627,70.83354539552627,47.40117704729375,47.40117704729375,47.40117704729375,-820.3796999946594,-820.3796999946594,-820.3796999946594,-1344.180924124505,-1344.180924124505,-1344.180924124505,-561.3965178363965,-561.3965178363965,-561.3965178363965,546.716212971884,546.716212971884,546.716212971884,511.26179902902624,511.26179902902624,511.26179902902624,-87.39501097200362,-87.39501097200362,-87.39501097200362,-3.6199815054843953,-3.6199815054843953,-3.6199815054843953,-882.2285686732531,-882.2285686732531,-882.2285686732531,0.0,0.0,0.0,112584.54028646593
393,2025-08-27 21:00:00,114265.41313787008,111468.98141617027,112540.86939449915,114265.41313787008,114265.41313787008,-2293.5073184773723,-2293.5073184773723,-2293.5073184773723,79.550059211321,79.550059211321,79.550059211321,18.82142152221503,18.82142152221503,18.82142152221503,-1456.6632673021227,-1456.6632673021227,-1456.6632673021227,-1340.1738093859965,-1340.1738093859965,-1340.1738093859965,-558.8386706396323,-558.8386706396323,-558.8386706396323,86.41569262792034,86.41569262792034,86.41569262792034,275.9437332047851,275.9437332047851,275.9437332047851,-23.49812385025353,-23.49812385025353,-23.49812385025353,5.116430007518129,5.116430007518129,5.116430007518129,-836.8440511752493,-836.8440511752493,-836.8440511752493,0.0,0.0,0.0,111971.9058193927
394,2025-08-27 22:00:00,114243.67772060633,111431.3027654694,112480.46676043057,114243.67772060633,114243.67772060633,-2293.372144263634,-2293.372144263634,-2293.372144263634,100.81519674402723,100.81519674402723,100.81519674402723,-27.964266961202544,-27.964266961202544,-27.964266961202544,-1501.5285297750154,-1501.5285297750154,-1501.5285297750154,-1332.720126250386,-1332.720126250386,-1332.720126250386,-552.5094815469192,-552.5094815469192,-552.5094815469192,78.98612073958374,78.98612073958374,78.98612073958374,254.91931268946158,254.91931268946158,254.91931268946158,-23.197865414344466,-23.197865414344466,-23.197865414344466,0.14258022476447704,0.14258022476447704,0.14258022476447704,-791.8436144886182,-791.8436144886182,-791.8436144886182,0.0,0.0,0.0,111950.3055763427
395,2025-08-27 23:00:00,114221.94230334257,111247.35549314538,112288.24637697735,114221.94230334257,114221.94230334257,-2477.612832303386,-2477.612832303386,-2477.612832303386,120.56139588154012,120.56139588154012,120.56139588154012,-45.82575585451627,-45.82575585451627,-45.82575585451627,-1730.3833450862035,-1730.3833450862035,-1730.3833450862035,-1340.771067726832,-1340.771067726832,-1340.771067726832,-548.4376276320204,-548.4376276320204,-548.4376276320204,-56.16483425176503,-56.16483425176503,-56.16483425176503,162.6927756758631,162.6927756758631,162.6927756758631,-18.818249672988518,-18.818249672988518,-18.818249672988518,-3.6199815054843953,-3.6199815054843953,-3.6199815054843953,-747.2294872171826,-747.2294872171826,-747.2294872171826,0.0,0.0,0.0,111744.32947103918
396,2025-08-28 00:00:00,114200.20688607883,111149.55299674551,112241.56885174038,114200.20688607883,114200.20688607883,-2511.93409637687,-2511.93409637687,-2511.93409637687,147.92267601732823,147.92267601732823,147.92267601732823,-58.442443073293205,-58.442443073293205,-58.442443073293205,-1808.930229224943,-1808.930229224943,-1808.930229224943,-1349.7868464384703,-1349.7868464384703,-1349.7868464384703,-543.991057054381,-543.991057054381,-543.991057054381,-123.15690686453982,-123.15690686453982,-123.15690686453982,142.21697294078805,142.21697294078805,142.21697294078805,-20.072643246890642,-20.072643246890642,-20.072643246890642,-3.6199815054843953,-3.6199815054843953,-3.6199815054843953,-703.0038671519264,-703.0038671519264,-703.0038671519264,0.0,0.0,0.0,111688.27278970196
397,2025-08-28 01:00:00,114178.47146881507,111253.440647485,112360.03356886891,114178.47146881507,114178.47146881507,-2354.828753883959,-2354.828753883959,-2354.828753883959,167.81574305655582,167.81574305655582,167.81574305655582,-20.54350499128733,-20.54350499128733,-20.54350499128733,-1695.6598326623455,-1695.6598326623455,-1695.6598326623455,-1341.3091279685746,-1341.3091279685746,-1341.3091279685746,-538.4069057837697,-538.4069057837697,-538.4069057837697,-87.53302523424942,-87.53302523424942,-87.53302523424942,147.2300055962326,147.2300055962326,147.2300055962326,-19.29303583176858,-19.29303583176858,-19.29303583176858,-3.6199815054843953,-3.6199815054843953,-3.6199815054843953,-659.1689212216133,-659.1689212216133,-659.1689212216133,0.0,0.0,0.0,111823.6427149311
398,2025-08-28 02:00:00,114156.73605155131,111172.9881355714,112224.7672177735,114156.73605155131,114156.73605155131,-2434.831390684069,-2434.831390684069,-2434.831390684069,181.67547793143424,181.67547793143424,181.67547793143424,-23.955243099527923,-23.955243099527923,-23.955243099527923,-1819.1046052187057,-1819.1046052187057,-1819.1046052187057,-1328.1834409200114,-1328.1834409200114,-1328.1834409200114,-529.7361038408901,-529.7361038408901,-529.7361038408901,-193.89961744290184,-193.89961744290184,-193.89961744290184,95.62096810725328,95.62096810725328,95.62096810725328,-17.006664448577187,-17.006664448577187,-17.006664448577187,-3.6199815054843953,-3.6199815054843953,-3.6199815054843953,-615.7267854653633,-615.7267854653633,-615.7267854653633,0.0,0.0,0.0,111721.90466086725
399,2025-08-28 03:00:00,114135.00063428756,111511.82494365964,112546.69087073201,114135.00063428756,114135.00063428756,-2093.847974404698,-2093.847974404698,-2093.847974404698,184.20656755865136,184.20656755865136,184.20656755865136,13.002191906423208,13.002191906423208,13.002191906423208,-1521.1684094352447,-1521.1684094352447,-1521.1684094352447,-1288.8054619743398,-1288.8054619743398,-1288.8054619743398,-521.220945451555,-521.220945451555,-521.220945451555,-88.52786338582182,-88.52786338582182,-88.52786338582182,185.36037578830687,185.36037578830687,185.36037578830687,-1.8103945636258902,-1.8103945636258902,-1.8103945636258902,-3.372879313283532,-3.372879313283532,-3.372879313283532,-572.6795649694533,-572.6795649694533,-572.6795649694533,0.0,0.0,0.0,112041.15265988286
400,2025-08-28 04:00:00,114113.2652170238,112314.05340442846,113404.91294391289,114113.2652170238,114113.2652170238,-1244.1909670131765,-1244.1909670131765,-1244.1909670131765,154.09714622318057,154.09714622318057,154.09714622318057,125.44612268447362,125.44612268447362,125.44612268447362,-714.1616331212954,-714.1616331212954,-714.1616331212954,-1224.1902779159693,-1224.1902779159693,-1224.1902779159693,-508.8822790880226,-508.8822790880226,-508.8822790880226,395.0510142421394,395.0510142421394,395.0510142421394,304.2470694142607,304.2470694142607,304.2470694142607,37.52010401694434,37.52010401694434,37.52010401694434,2.549467301697791,2.549467301697791,2.549467301697791,-530.0293338918813,-530.0293338918813,-530.0293338918813,0.0,0.0,0.0,112869.07425001063
401,2025-08-28 05:00:00,114091.52979976004,112273.41996060488,113398.65778074162,114091.52979976004,114091.52979976004,-1238.5278703372037,-1238.5278703372037,-1238.5278703372037,124.61883878991463,124.61883878991463,124.61883878991463,124.56369533419378,124.56369533419378,124.56369533419378,-750.7497349675841,-750.7497349675841,-750.7497349675841,-1163.3669844994172,-1163.3669844994172,-1163.3669844994172,-497.0645409231106,-497.0645409231106,-497.0645409231106,366.57163408205236,366.57163408205236,366.57163408205236,248.5406042483078,248.5406042483078,248.5406042483078,36.63558281521878,36.63558281521878,36.63558281521878,8.751435185256195,8.751435185256195,8.751435185256195,-487.77813536961946,-487.77813536961946,-487.77813536961946,0.0,0.0,0.0,112853.00192942284
402,2025-08-28 06:00:00,114069.79438249629,112436.15864877055,113474.64672877219,114069.79438249629,114069.79438249629,-1129.1137496999809,-1129.1137496999809,-1129.1137496999809,94.20082934320769,94.20082934320769,94.20082934320769,113.2347359849589,113.2347359849589,113.2347359849589,-683.1857681795996,-683.1857681795996,-683.1857681795996,-1097.4538018109683,-1097.4538018109683,-1097.4538018109683,-484.8858220435083,-484.8858220435083,-484.8858220435083,367.1481473861995,367.1481473861995,367.1481473861995,287.63625627492485,287.63625627492485,287.63625627492485,40.5538681910705,40.5538681910705,40.5538681910705,-3.6199815054843953,-3.6199815054843953,-3.6199815054843953,-445.9279815203811,-445.9279815203811,-445.9279815203811,0.0,0.0,0.0,112940.6806327963
403,2025-08-28 07:00:00,114048.05896523254,112672.30660609726,113742.52091046167,114048.05896523254,114048.05896523254,-814.2327565462757,-814.2327565462757,-814.2327565462757,63.15194116046272,63.15194116046272,63.15194116046272,101.51576089491569,101.51576089491569,101.51576089491569,-409.75190311884796,-409.75190311884796,-409.75190311884796,-1043.735198085379,-1043.735198085379,-1043.735198085379,-473.5342514310018,-473.5342514310018,-473.5342514310018,676.0722286785169,676.0722286785169,676.0722286785169,224.19102142179696,224.19102142179696,224.19102142179696,40.23542674652473,40.23542674652473,40.23542674652473,2.351167495315915,2.351167495315915,2.351167495315915,-404.4808534274277,-404.4808534274277,-404.4808534274277,0.0,0.0,0.0,113233.82620868627
404,2025-08-28 08:00:00,114026.32354796879,112827.38934958147,113881.50482816252,114026.32354796879,114026.32354796879,-682.2796932344555,-682.2796932344555,-682.2796932344555,35.064008527313256,35.064008527313256,35.064008527313256,81.20300387713532,81.20300387713532,81.20300387713532,-318.8409921521307,-318.8409921521307,-318.8409921521307,-991.3490104893311,-991.3490104893311,-991.3490104893311,-461.3436280630904,-461.3436280630904,-461.3436280630904,666.9609614797046,666.9609614797046,666.9609614797046,324.91227675068905,324.91227675068905,324.91227675068905,29.331377270933316,29.331377270933316,29.331377270933316,-3.6199815054843953,-3.6199815054843953,-3.6199815054843953,-363.4387010823249,-363.4387010823249,-363.4387010823249,0.0,0.0,0.0,113344.04385473434
405,2025-08-28 09:00:00,113947.39976184818,112724.78647663328,113812.2100141623,113947.39976184818,113947.39976184818,-669.4636619728527,-669.4636619728527,-669.4636619728527,19.52833676752415,19.52833676752415,19.52833676752415,59.48729018297651,59.48729018297651,59.48729018297651,-346.6602186059964,-346.6602186059964,-346.6602186059964,-948.8725387912148,-948.8725387912148,-948.8725387912148,-451.0405986758814,-451.0405986758814,-451.0405986758814,679.7663051195066,679.7663051195066,679.7663051195066,265.2802517603836,265.2802517603836,265.2802517603836,32.81071653619333,32.81071653619333,32.81071653619333,-3.6199815054843953,-3.6199815054843953,-3.6199815054843953,-322.8034433668563,-322.8034433668563,-322.8034433668563,0.0,0.0,0.0,113277.93609987533
406,2025-08-28 10:00:00,113868.47597572758,112709.55339147178,113796.89613491281,113868.47597572758,113868.47597572758,-612.6619345765108,-612.6619345765108,-612.6619345765108,9.187816480854178,9.187816480854178,9.187816480854178,50.63622745359308,50.63622745359308,50.63622745359308,-330.08496652764524,-330.08496652764524,-330.08496652764524,-909.893343939416,-909.893343939416,-909.893343939416,-439.51079650637615,-439.51079650637615,-439.51079650637615,703.0531592788485,703.0531592788485,703.0531592788485,230.6282481958422,230.6282481958422,230.6282481958422,28.911758575902507,28.911758575902507,28.911758575902507,-3.098036066893308,-3.098036066893308,-3.098036066893308,-282.5769680488656,-282.5769680488656,-282.5769680488656,0.0,0.0,0.0,113255.81404115107
407,2025-08-28 11:00:00,113789.55218960695,112688.80134250627,113773.60198400797,113789.55218960695,113789.55218960695,-545.3667715512048,-545.3667715512048,-545.3667715512048,-2.059328535410606,-2.059328535410606,-2.059328535410606,42.38663354977487,42.38663354977487,42.38663354977487,-302.6056397864674,-302.6056397864674,-302.6056397864674,-883.6415109422987,-883.6415109422987,-883.6415109422987,-428.65912282981645,-428.65912282981645,-428.65912282981645,507.2033669129195,507.2033669129195,507.2033669129195,486.1174706738483,486.1174706738483,486.1174706738483,-27.402619389901293,-27.402619389901293,-27.402619389901293,3.449470774417068,3.449470774417068,3.449470774417068,-242.7611317647374,-242.7611317647374,-242.7611317647374,0.0,0.0,0.0,113244.18541805576
408,2025-08-28 12:00:00,113710.62840348636,112968.36679329793,114022.95836889958,113710.62840348636,113710.62840348636,-208.26926220159774,-208.26926220159774,-208.26926220159774,-17.90412261931372,-17.90412261931372,-17.90412261931372,48.13038503028783,48.13038503028783,48.13038503028783,-4.911502231104432,-4.911502231104432,-4.911502231104432,-849.7785921119836,-849.7785921119836,-849.7785921119836,-416.61837391726783,-416.61837391726783,-416.61837391726783,709.9369564039564,709.9369564039564,709.9369564039564,548.9488840381708,548.9488840381708,548.9488840381708,-24.00665754947006,-24.00665754947006,-24.00665754947006,-3.6199815054843953,-3.6199815054843953,-3.6199815054843953,-203.3577599704933,-203.3577599704933,-203.3577599704933,0.0,0.0,0.0,113502.35914128476
409,2025-08-28 13:00:00,113631.70461736574,112439.90845711782,113488.85904031564,113631.70461736574,113631.70461736574,-659.059624947292,-659.059624947292,-659.059624947292,-18.948699094328752,-18.948699094328752,-18.948699094328752,31.198414264657007,31.198414264657007,31.198414264657007,-494.6909780128302,-494.6909780128302,-494.6909780128302,-839.1038899258041,-839.1038899258041,-839.1038899258041,-405.2458636150727,-405.2458636150727,-405.2458636150727,313.860268834627,313.860268834627,313.860268834627,428.3098731100452,428.3098731100452,428.3098731100452,-2.8757598478449222,-2.8757598478449222,-2.8757598478449222,-1.8853217391088697,-1.8853217391088697,-1.8853217391088697,-164.36864693446196,-164.36864693446196,-164.36864693446196,0.0,0.0,0.0,112972.64499241846
410,2025-08-28 14:00:00,113552.78083124514,112312.50587534289,113365.53342772351,113552.78083124514,113552.78083124514,-684.6670351652116,-684.6670351652116,-684.6670351652116,-17.437777475952863,-17.437777475952863,-17.437777475952863,34.55630840818976,34.55630840818976,34.55630840818976,-558.8714793944857,-558.8714793944857,-558.8714793944857,-803.1821162770925,-803.1821162770925,-803.1821162770925,-393.26518658198756,-393.26518658198756,-393.26518658198756,142.42117568217913,142.42117568217913,142.42117568217913,477.8676978400319,477.8676978400319,477.8676978400319,3.7884005156308134,3.7884005156308134,3.7884005156308134,-3.6199815054843953,-3.6199815054843953,-3.6199815054843953,-125.79555577072587,-125.79555577072587,-125.79555577072587,0.0,0.0,0.0,112868.11379607992
411,2025-08-28 15:00:00,113473.85704512453,111936.48060342048,113036.95134804459,113473.85704512453,113473.85704512453,-1012.0791856783042,-1012.0791856783042,-1012.0791856783042,-2.467520554603972,-2.467520554603972,-2.467520554603972,-0.16449144131708676,-0.16449144131708676,-0.16449144131708676,-924.4389673556267,-924.4389673556267,-924.4389673556267,-784.4842360640445,-784.4842360640445,-784.4842360640445,-383.0906951441731,-383.0906951441731,-383.0906951441731,-41.436069040401264,-41.436069040401264,-41.436069040401264,265.94324146764103,265.94324146764103,265.94324146764103,24.88078492675658,24.88078492675658,24.88078492675658,-3.6199815054843953,-3.6199815054843953,-3.6199815054843953,-87.64021832267764,-87.64021832267764,-87.64021832267764,0.0,0.0,0.0,112461.77785944623
412,2025-08-28 16:00:00,113394.93325900393,111727.78717838877,112790.13372243878,113394.93325900393,113394.93325900393,-1138.1177141205217,-1138.1177141205217,-1138.1177141205217,11.433432300934179,11.433432300934179,11.433432300934179,-27.188329761276783,-27.188329761276783,-27.188329761276783,-1088.213378872553,-1088.213378872553,-1088.213378872553,-779.7926719860379,-779.7926719860379,-779.7926719860379,-374.8401826872222,-374.8401826872222,-374.8401826872222,-214.63593749251694,-214.63593749251694,-214.63593749251694,276.5675883597538,276.5675883597538,276.5675883597538,23.862703899297397,23.862703899297397,23.862703899297397,-3.6199815054843953,-3.6199815054843953,-3.6199815054843953,-49.90433524796879,-49.90433524796879,-49.90433524796879,0.0,0.0,0.0,112256.8155448834
413,2025-08-28 17:00:00,113316.00947288332,111522.49383714685,112587.72020931434,113316.00947288332,113316.00947288332,-1275.630289798188,-1275.630289798188,-1275.630289798188,42.71934776713616,42.71934776713616,42.71934776713616,-131.46051167953954,-131.46051167953954,-131.46051167953954,-1263.0407138317198,-1263.0407138317198,-1263.0407138317198,-751.0903130265284,-751.0903130265284,-751.0903130265284,-364.2113060879924,-364.2113060879924,-364.2113060879924,-221.51682251151553,-221.51682251151553,-221.51682251151553,149.5678614445097,149.5678614445097,149.5678614445097,12.371986030615487,12.371986030615487,12.371986030615487,0.5790442315946884,0.5790442315946884,0.5790442315946884,-12.589575966468244,-12.589575966468244,-12.589575966468244,0.0,0.0,0.0,112040.37918308513
414,2025-08-28 18:00:00,113237.0856867627,111215.51509464043,112283.78913614457,113237.0856867627,113237.0856867627,-1471.5057165324638,-1471.5057165324638,-1471.5057165324638,67.22087033058324,67.22087033058324,67.22087033058324,-109.90368276557797,-109.90368276557797,-109.90368276557797,-1495.8081378748473,-1495.8081378748473,-1495.8081378748473,-722.8640628097119,-722.8640628097119,-722.8640628097119,-355.12546484377344,-355.12546484377344,-355.12546484377344,-218.40183386285443,-218.40183386285443,-218.40183386285443,-112.99592417056418,-112.99592417056418,-112.99592417056418,-44.39298560067584,-44.39298560067584,-44.39298560067584,0.6549458477271903,0.6549458477271903,0.6549458477271903,24.302421342383678,24.302421342383678,24.302421342383678,0.0,0.0,0.0,111765.57997023023
415,2025-08-28 19:00:00,113158.16190064211,111028.92745675969,112144.60982059527,113158.16190064211,113158.16190064211,-1576.839532845045,-1576.839532845045,-1576.839532845045,90.34831045147861,90.34831045147861,90.34831045147861,-122.65478014437132,-122.65478014437132,-122.65478014437132,-1637.6095826042938,-1637.6095826042938,-1637.6095826042938,-701.6456743853456,-701.6456743853456,-701.6456743853456,-347.25256886081524,-347.25256886081524,-347.25256886081524,-316.50096576845334,-316.50096576845334,-316.50096576845334,-203.76120839735353,-203.76120839735353,-203.76120839735353,-32.52271399394891,-32.52271399394891,-32.52271399394891,-3.6199815054843953,-3.6199815054843953,-3.6199815054843953,60.77004975924895,60.77004975924895,60.77004975924895,0.0,0.0,0.0,111581.32236779707
416,2025-08-28 20:00:00,113079.23811452149,110853.29795170552,111925.57849498656,113079.23811452149,113079.23811452149,-1693.3973289727335,-1693.3973289727335,-1693.3973289727335,109.04075722200884,109.04075722200884,109.04075722200884,-110.9029870698575,-110.9029870698575,-110.9029870698575,-1790.2090625785875,-1790.2090625785875,-1790.2090625785875,-683.4576320644718,-683.4576320644718,-683.4576320644718,-342.49410068950937,-342.49410068950937,-342.49410068950937,-376.6946770625606,-376.6946770625606,-376.6946770625606,-336.2918259214157,-336.2918259214157,-336.2918259214157,-45.7886154872972,-45.7886154872972,-45.7886154872972,-3.6199815054843953,-3.6199815054843953,-3.6199815054843953,96.81173360585392,96.81173360585392,96.81173360585392,0.0,0.0,0.0,111385.84078554876
417,2025-08-28 21:00:00,113000.31432840088,111026.32260580623,112095.9715969827,113000.31432840088,113000.31432840088,-1427.103080815582,-1427.103080815582,-1427.103080815582,127.6748586272285,127.6748586272285,127.6748586272285,-81.1099603244367,-81.1099603244367,-81.1099603244367,-1559.5290093035749,-1559.5290093035749,-1559.5290093035749,-672.287088435907,-672.287088435907,-672.287088435907,-339.0165859844652,-339.0165859844652,-339.0165859844652,-272.12317128832404,-272.12317128832404,-272.12317128832404,-276.1644688200795,-276.1644688200795,-276.1644688200795,-42.88261157210659,-42.88261157210659,-42.88261157210659,-3.6199815054843953,-3.6199815054843953,-3.6199815054843953,132.42592848799296,132.42592848799296,132.42592848799296,0.0,0.0,0.0,111573.2112475853
418,2025-08-28 22:00:00,112921.39054228028,111223.19345025223,112266.49188677433,112921.39054228028,112921.39054228028,-1174.8798267906227,-1174.8798267906227,-1174.8798267906227,145.6556642519659,145.6556642519659,145.6556642519659,-38.76358322088593,-38.76358322088593,-38.76358322088593,-1342.4909480151266,-1342.4909480151266,-1342.4909480151266,-646.2061956861662,-646.2061956861662,-646.2061956861662,-334.9936320446144,-334.9936320446144,-334.9936320446144,-286.9277537817172,-286.9277537817172,-286.9277537817172,-146.64910293642535,-146.64910293642535,-146.64910293642535,-30.98636309179915,-30.98636309179915,-30.98636309179915,-3.6199815054843953,-3.6199815054843953,-3.6199815054843953,167.61112122450405,167.61112122450405,167.61112122450405,0.0,0.0,0.0,111746.51071548965
419,2025-08-28 23:00:00,112842.46675615966,111597.44077862681,112648.13007928654,112842.46675615966,112842.46675615966,-710.9803064667295,-710.9803064667295,-710.9803064667295,155.98514812669555,155.98514812669555,155.98514812669555,-9.334015864933,-9.334015864933,-9.334015864933,-913.3461364094971,-913.3461364094971,-913.3461364094971,-630.0976586833802,-630.0976586833802,-630.0976586833802,-331.0272396863914,-331.0272396863914,-331.0272396863914,-21.10466119988438,-21.10466119988438,-21.10466119988438,-45.264421691961815,-45.264421691961815,-45.264421691961815,-28.8833059041573,-28.8833059041573,-28.8833059041573,-3.6199815054843953,-3.6199815054843953,-3.6199815054843953,202.3658299427676,202.3658299427676,202.3658299427676,0.0,0.0,0.0,112131.48644969292
420,2025-08-29 00:00:00,112763.54297003905,111125.10290167344,112239.57543035151,112763.54297003905,112763.54297003905,-1106.1865905312234,-1106.1865905312234,-1106.1865905312234,176.64635030094695,176.64635030094695,176.64635030094695,-24.97777961279558,-24.97777961279558,-24.97777961279558,-1342.8751945527024,-1342.8751945527024,-1342.8751945527024,-651.4243475060828,-651.4243475060828,-651.4243475060828,-329.85693691273525,-329.85693691273525,-329.85693691273525,-311.62239176011917,-311.62239176011917,-311.62239176011917,-172.44244033436667,-172.44244033436667,-172.44244033436667,-25.57766722206576,-25.57766722206576,-25.57766722206576,-3.6199815054843953,-3.6199815054843953,-3.6199815054843953,236.68860402147922,236.68860402147922,236.68860402147922,0.0,0.0,0.0,111657.35637950782
421,2025-08-29 01:00:00,112684.61918391843,110833.73865916615,111899.40552986194,112684.61918391843,112684.61918391843,-1296.0020991889292,-1296.0020991889292,-1296.0020991889292,170.0848537999447,170.0848537999447,170.0848537999447,-92.31982414352505,-92.31982414352505,-92.31982414352505,-1566.5801232462834,-1566.5801232462834,-1566.5801232462834,-691.1637101962085,-691.1637101962085,-691.1637101962085,-330.89803020175674,-330.89803020175674,-330.89803020175674,-356.2919505098083,-356.2919505098083,-356.2919505098083,-259.1341656165759,-259.1341656165759,-259.1341656165759,-3.2373148728694408,-3.2373148728694408,-3.2373148728694408,-3.6199815054843953,-3.6199815054843953,-3.6199815054843953,270.5780240573542,270.5780240573542,270.5780240573542,0.0,0.0,0.0,111388.6170847295
422,2025-08-29 02:00:00,112605.69539779783,110623.1013398022,111720.52318192768,112605.69539779783,112605.69539779783,-1441.3284311128928,-1441.3284311128928,-1441.3284311128928,161.5018130376307,161.5018130376307,161.5018130376307,-100.61528364956222,-100.61528364956222,-100.61528364956222,-1745.3611330746255,-1745.3611330746255,-1745.3611330746255,-743.1859900978376,-743.1859900978376,-743.1859900978376,-330.5099744072481,-330.5099744072481,-330.5099744072481,-333.88902366083965,-333.88902366083965,-333.88902366083965,-394.09473024488045,-394.09473024488045,-394.09473024488045,-18.66201626470832,-18.66201626470832,-18.66201626470832,14.094072212820258,14.094072212820258,14.094072212820258,304.03270196173264,304.03270196173264,304.03270196173264,0.0,0.0,0.0,111164.36696668493
423,2025-08-29 03:00:00,112526.77161167722,110873.21202581146,111953.45950015813,112526.77161167722,112526.77161167722,-1111.197327813266,-1111.197327813266,-1111.197327813266,156.48311270958632,156.48311270958632,156.48311270958632,-72.39355991938737,-72.39355991938737,-72.39355991938737,-1448.2486086444908,-1448.2486086444908,-1448.2486086444908,-784.1460267692299,-784.1460267692299,-784.1460267692299,-328.7079706450499,-328.7079706450499,-328.7079706450499,-190.73799692757345,-190.73799692757345,-190.73799692757345,-204.18827353536628,-204.18827353536628,-204.18827353536628,-21.628942424980607,-21.628942424980607,-21.628942424980607,-2.928951132489774,-2.928951132489774,-2.928951132489774,337.051280831225,337.051280831225,337.051280831225,0.0,0.0,0.0,111415.57428386396
424,2025-08-29 04:00:00,112447.84782555662,110415.77662031597,111503.3638653485,112447.84782555662,112447.84782555662,-1475.313959634525,-1475.313959634525,-1475.313959634525,152.52123559635356,152.52123559635356,152.52123559635356,-70.77662343281843,-70.77662343281843,-70.77662343281843,-1844.9463946818114,-1844.9463946818114,-1844.9463946818114,-833.3348286643388,-833.3348286643388,-833.3348286643388,-327.6402601411458,-327.6402601411458,-327.6402601411458,-295.8099826954511,-295.8099826954511,-295.8099826954511,-426.66408004693056,-426.66408004693056,-426.66408004693056,-39.621873791996016,-39.621873791996016,-39.621873791996016,-3.6199815054843953,-3.6199815054843953,-3.6199815054843953,369.63243504728626,369.63243504728626,369.63243504728626,0.0,0.0,0.0,110972.53386592209
425,2025-08-29 05:00:00,112368.92403943601,110492.88284973436,111554.10037838797,112368.92403943601,112368.92403943601,-1373.9888049311965,-1373.9888049311965,-1373.9888049311965,137.19598162023397,137.19598162023397,137.19598162023397,-86.42053190158788,-86.42053190158788,-86.42053190158788,-1775.7636751197938,-1775.7636751197938,-1775.7636751197938,-882.5695205587521,-882.5695205587521,-882.5695205587521,-328.5179872213865,-328.5179872213865,-328.5179872213865,-199.24213715814918,-199.24213715814918,-199.24213715814918,-369.2331740740608,-369.2331740740608,-369.2331740740608,-54.00132987033907,-54.00132987033907,-54.00132987033907,7.025024044248029,7.025024044248029,7.025024044248029,401.77487018859733,401.77487018859733,401.77487018859733,0.0,0.0,0.0,110994.93523450481
426,2025-08-29 06:00:00,112290.00025331539,110385.54292156342,111417.27496061673,112290.00025331539,112290.00025331539,-1383.930518379182,-1383.930518379182,-1383.930518379182,115.87675804075809,115.87675804075809,115.87675804075809,-84.78716175339396,-84.78716175339396,-84.78716175339396,-1817.4078414520923,-1817.4078414520923,-1817.4078414520923,-936.2794051844735,-936.2794051844735,-936.2794051844735,-329.8652395302239,-329.8652395302239,-329.8652395302239,-193.4632747780734,-193.4632747780734,-193.4632747780734,-340.3228159270168,-340.3228159270168,-340.3228159270168,-53.16068769224767,-53.16068769224767,-53.16068769224767,4.593985372579161,4.593985372579161,4.593985372579161,433.47732307291005,433.47732307291005,433.47732307291005,0.0,0.0,0.0,110906.0697349362
427,2025-08-29 07:00:00,112211.0764671948,109530.77396700434,110605.1106901799,112211.0764671948,112211.0764671948,-2163.0942841913134,-2163.0942841913134,-2163.0942841913134,66.8404662249423,66.8404662249423,66.8404662249423,-140.3547396906721,-140.3547396906721,-140.3547396906721,-2627.8328459039863,-2627.8328459039863,-2627.8328459039863,-1024.5222026302365,-1024.5222026302365,-1024.5222026302365,-335.55030423249025,-335.55030423249025,-335.55030423249025,-727.7456293792744,-727.7456293792744,-727.7456293792744,-509.43502036954374,-509.43502036954374,-509.43502036954374,41.50925950450825,41.50925950450825,41.50925950450825,1.4253246687801557,1.4253246687801557,1.4253246687801557,464.73856171267295,464.73856171267295,464.73856171267295,0.0,0.0,0.0,110047.98218300348
428,2025-08-29 08:00:00,112132.15268107418,109037.10816073763,110084.18274207618,112132.15268107418,112132.15268107418,-2544.776018277495,-2544.776018277495,-2544.776018277495,16.06775828272701,16.06775828272701,16.06775828272701,-144.1507101315625,-144.1507101315625,-144.1507101315625,-3040.333403579734,-3040.333403579734,-3040.333403579734,-1132.3519990253935,-1132.3519990253935,-1132.3519990253935,-341.0669662116933,-341.0669662116933,-341.0669662116933,-951.670503808482,-951.670503808482,-951.670503808482,-532.3886799686727,-532.3886799686727,-532.3886799686727,40.76103075072851,40.76103075072851,40.76103075072851,4.466666532614964,4.466666532614964,4.466666532614964,495.55738530223874,495.55738530223874,495.55738530223874,0.0,0.0,0.0,109587.37666279668
429,2025-08-29 09:00:00,112053.22889495357,108982.7659690489,110072.82790625785,112053.22889495357,112053.22889495357,-2514.3639430120024,-2514.3639430120024,-2514.3639430120024,-33.54655301703521,-33.54655301703521,-33.54655301703521,-110.3421162751178,-110.3421162751178,-110.3421162751178,-3040.296567244623,-3040.296567244623,-3040.296567244623,-1218.85120594791,-1218.85120594791,-1218.85120594791,-344.4662470615244,-344.4662470615244,-344.4662470615244,-954.4916345998286,-954.4916345998286,-954.4916345998286,-426.85181987619745,-426.85181987619745,-426.85181987619745,43.17002568078031,43.17002568078031,43.17002568078031,5.082983852210134,5.082983852210134,5.082983852210134,525.9326242326205,525.9326242326205,525.9326242326205,0.0,0.0,0.0,109538.86495194156
430,2025-08-29 10:00:00,111974.30510883297,109147.37840500278,110182.82406518904,111974.30510883297,111974.30510883297,-2324.0900858950586,-2324.0900858950586,-2324.0900858950586,-73.05241177858841,-73.05241177858841,-73.05241177858841,-75.46294260890276,-75.46294260890276,-75.46294260890276,-2879.9532259096,-2879.9532259096,-2879.9532259096,-1313.0057825529377,-1313.0057825529377,-1313.0057825529377,-347.35598528744885,-347.35598528744885,-347.35598528744885,-759.0544554577098,-759.0544554577098,-759.0544554577098,-362.70765860751703,-362.70765860751703,-362.70765860751703,48.22932228874865,48.22932228874865,48.22932228874865,2.4566880947559953,2.4566880947559953,2.4566880947559953,555.863140014541,555.863140014541,555.863140014541,0.0,0.0,0.0,109650.2150229379
431,2025-08-29 11:00:00,111895.38132271236,109245.51169424223,110293.40529288724,111895.38132271236,111895.38132271236,-2131.5479089501837,-2131.5479089501837,-2131.5479089501837,-100.38544449050335,-100.38544449050335,-100.38544449050335,-55.84083623583134,-55.84083623583134,-55.84083623583134,-2716.895734293308,-2716.895734293308,-2716.895734293308,-1388.7070726411673,-1388.7070726411673,-1388.7070726411673,-350.28226113517906,-350.28226113517906,-350.28226113517906,-490.64962562403946,-490.64962562403946,-490.64962562403946,-374.7742023681736,-374.7742023681736,-374.7742023681736,47.36368970707031,47.36368970707031,47.36368970707031,-3.6199815054843953,-3.6199815054843953,-3.6199815054843953,585.3478253431243,585.3478253431243,585.3478253431243,0.0,0.0,0.0,109763.83341376217
432,2025-08-29 12:00:00,111816.45753659176,109561.91347867053,110603.56036486934,111816.45753659176,111816.45753659176,-1697.5567524416251,-1697.5567524416251,-1697.5567524416251,-72.50454893881619,-72.50454893881619,-72.50454893881619,-16.57014889355357,-16.57014889355357,-16.57014889355357,-2311.942356428384,-2311.942356428384,-2311.942356428384,-1441.2667244345478,-1441.2667244345478,-1441.2667244345478,-351.33303063649157,-351.33303063649157,-351.33303063649157,-225.48118008084523,-225.48118008084523,-225.48118008084523,-280.7960420535776,-280.7960420535776,-280.7960420535776,67.7708670997763,67.7708670997763,67.7708670997763,8.238451509672299,8.238451509672299,8.238451509672299,614.3856039867585,614.3856039867585,614.3856039867585,0.0,0.0,0.0,110118.90078415013
433,2025-08-29 13:00:00,111737.53375047114,108589.15101731363,109639.57806663128,111737.53375047114,111737.53375047114,-2643.8815902992956,-2643.8815902992956,-2643.8815902992956,-74.98259838277615,-74.98259838277615,-74.98259838277615,-62.125019540807614,-62.125019540807614,-62.125019540807614,-3286.8570211324027,-3286.8570211324027,-3286.8570211324027,-1537.2408395116604,-1537.2408395116604,-1537.2408395116604,-359.8539886483368,-359.8539886483368,-359.8539886483368,-909.0456457402294,-909.0456457402294,-909.0456457402294,-486.34180518646843,-486.34180518646843,-486.34180518646843,145.3112485466256,145.3112485466256,145.3112485466256,-2.578372668749674,-2.578372668749674,-2.578372668749674,642.9754308331072,642.9754308331072,642.9754308331072,0.0,0.0,0.0,109093.65216017184
434,2025-08-29 14:00:00,111658.60996435054,108079.58067525252,109135.11549862071,111658.60996435054,111658.60996435054,-3035.58442693829,-3035.58442693829,-3035.58442693829,-92.64132540930885,-92.64132540930885,-92.64132540930885,-102.39908024650971,-102.39908024650971,-102.39908024650971,-3706.7007187473146,-3706.7007187473146,-3706.7007187473146,-1659.9977348777381,-1659.9977348777381,-1659.9977348777381,-372.08041705415735,-372.08041705415735,-372.08041705415735,-1139.9497548791446,-1139.9497548791446,-1139.9497548791446,-525.3108737945242,-525.3108737945242,-525.3108737945242,162.82528224004463,162.82528224004463,162.82528224004463,22.853185274024014,22.853185274024014,22.853185274024014,671.1162918090242,671.1162918090242,671.1162918090242,0.0,0.0,0.0,108623.02553741225
435,2025-08-29 15:00:00,111579.68617822992,108137.66225485443,109232.36165275937,111579.68617822992,111579.68617822992,-2889.455953041883,-2889.455953041883,-2889.455953041883,-109.52853676033702,-109.52853676033702,-109.52853676033702,-93.97523526569726,-93.97523526569726,-93.97523526569726,-3588.2631569508876,-3588.2631569508876,-3588.2631569508876,-1762.157592409907,-1762.157592409907,-1762.157592409907,-383.94064508502976,-383.94064508502976,-383.94064508502976,-983.1911830409995,-983.1911830409995,-983.1911830409995,-422.51947702369205,-422.51947702369205,-422.51947702369205,165.72412232058957,165.72412232058957,165.72412232058957,1.3253903141854053,1.3253903141854053,1.3253903141854053,698.8072039090044,698.8072039090044,698.8072039090044,0.0,0.0,0.0,108690.23022518805
436,2025-08-29 16:00:00,111500.76239210932,108168.68784586957,109252.88015421867,111500.76239210932,111500.76239210932,-2781.4146247901926,-2781.4146247901926,-2781.4146247901926,-119.22007022595132,-119.22007022595132,-119.22007022595132,-74.74228852838219,-74.74228852838219,-74.74228852838219,-3507.4618399486267,-3507.4618399486267,-3507.4618399486267,-1855.8300945723379,-1855.8300945723379,-1855.8300945723379,-395.7943409094984,-395.7943409094984,-395.7943409094984,-882.8618371522164,-882.8618371522164,-882.8618371522164,-354.18035019100097,-354.18035019100097,-354.18035019100097,173.84070538136962,173.84070538136962,173.84070538136962,1.3264362493904884,1.3264362493904884,1.3264362493904884,726.047215158434,726.047215158434,726.047215158434,0.0,0.0,0.0,108719.34776731912
437,2025-08-29 17:00:00,111421.83860598871,108331.53833222183,109387.07923597482,111421.83860598871,111421.83860598871,-2549.08367426824,-2549.08367426824,-2549.08367426824,-128.2193513011647,-128.2193513011647,-128.2193513011647,-70.42207554611417,-70.42207554611417,-70.42207554611417,-3301.919078770538,-3301.919078770538,-3301.919078770538,-1958.8359342415308,-1958.8359342415308,-1958.8359342415308,-409.44537027382825,-409.44537027382825,-409.44537027382825,-467.52423732948904,-467.52423732948904,-467.52423732948904,-434.6758038369665,-434.6758038369665,-434.6758038369665,164.94133567065273,164.94133567065273,164.94133567065273,2.2623580879025025,2.2623580879025025,2.2623580879025025,752.8354045022982,752.8354045022982,752.8354045022982,0.0,0.0,0.0,108872.75493172047
438,2025-08-29 18:00:00,111342.91481986809,108135.09219503992,109177.39656507132,111342.91481986809,111342.91481986809,-2708.067098056317,-2708.067098056317,-2708.067098056317,-138.53014397246324,-138.53014397246324,-138.53014397246324,-70.27445531570632,-70.27445531570632,-70.27445531570632,-3487.237979965591,-3487.237979965591,-3487.237979965591,-2082.2713132471945,-2082.2713132471945,-2082.2713132471945,-424.9738900659614,-424.9738900659614,-424.9738900659614,-495.9490789698699,-495.9490789698699,-495.9490789698699,-437.35591089693105,-437.35591089693105,-437.35591089693105,165.2957421490399,165.2957421490399,165.2957421490399,-3.178929646504615,-3.178929646504615,-3.178929646504615,779.1708819092742,779.1708819092742,779.1708819092742,0.0,0.0,0.0,108634.84772181178
439,2025-08-29 19:00:00,111329.745661799,107958.26399931955,109104.42427327493,111329.745661799,111329.745661799,-2788.70258800247,-2788.70258800247,-2788.70258800247,-136.83734638039076,-136.83734638039076,-136.83734638039076,-53.54198676981716,-53.54198676981716,-53.54198676981716,-3593.7553762376424,-3593.7553762376424,-3593.7553762376424,-2208.121194565805,-2208.121194565805,-2208.121194565805,-441.02236127819197,-441.02236127819197,-441.02236127819197,-521.0411328779084,-521.0411328779084,-521.0411328779084,-398.74363467834394,-398.74363467834394,-398.74363467834394,169.17226181829926,169.17226181829926,169.17226181829926,-3.6199815054843953,-3.6199815054843953,-3.6199815054843953,805.0527882351722,805.0527882351722,805.0527882351722,0.0,0.0,0.0,108541.04307379652
440,2025-08-29 20:00:00,111316.57650372991,107602.464924433,108649.56804139496,111316.57650372991,111316.57650372991,-3179.1262035006202,-3179.1262035006202,-3179.1262035006202,-145.50327917281857,-145.50327917281857,-145.50327917281857,-66.1914092818797,-66.1914092818797,-66.1914092818797,-4009.6064987222376,-4009.6064987222376,-4009.6064987222376,-2336.3153664984443,-2336.3153664984443,-2336.3153664984443,-457.17470678198913,-457.17470678198913,-457.17470678198913,-752.1739710932752,-752.1739710932752,-752.1739710932752,-434.5891450444597,-434.5891450444597,-434.5891450444597,168.6386293320377,168.6386293320377,168.6386293320377,13.702749818591242,13.702749818591242,13.702749818591242,830.4802952216179,830.4802952216179,830.4802952216179,0.0,0.0,0.0,108137.45030022929
441,2025-08-29 21:00:00,111303.40734566083,107923.5647105355,108987.12405765014,111303.40734566083,111303.40734566083,-2845.970187064651,-2845.970187064651,-2845.970187064651,-145.19358909674062,-145.19358909674062,-145.19358909674062,-46.25815786524531,-46.25815786524531,-46.25815786524531,-3701.422792568591,-3701.422792568591,-3701.422792568591,-2427.6874029961773,-2427.6874029961773,-2427.6874029961773,-471.18235188196377,-471.18235188196377,-471.18235188196377,-563.6052483912748,-563.6052483912748,-563.6052483912748,-184.88020894459348,-184.88020894459348,-184.88020894459348,139.445039062184,139.445039062184,139.445039062184,-2.0608724547801898,-2.0608724547801898,-2.0608724547801898,855.45260550394,855.45260550394,855.45260550394,0.0,0.0,0.0,108457.43715859618
442,2025-08-29 22:00:00,111290.23818759175,107616.77961764227,108681.86499994586,111290.23818759175,111290.23818759175,-3154.302147471418,-3154.302147471418,-3154.302147471418,-143.02944653071043,-143.02944653071043,-143.02944653071043,-30.738166746032572,-30.738166746032572,-30.738166746032572,-4034.2710999262295,-4034.2710999262295,-4034.2710999262295,-2519.672300434507,-2519.672300434507,-2519.672300434507,-486.88864536616245,-486.88864536616245,-486.88864536616245,-834.9195643517239,-834.9195643517239,-834.9195643517239,-159.87801161741723,-159.87801161741723,-159.87801161741723,138.10959759520162,138.10959759520162,138.10959759520162,2.7454375251228917,2.7454375251228917,2.7454375251228917,879.9689524548115,879.9689524548115,879.9689524548115,0.0,0.0,0.0,108135.93604012033
443,2025-08-29 23:00:00,111277.06902952265,108142.50713426476,109175.91987411784,111277.06902952265,111277.06902952265,-2628.3716119751,-2628.3716119751,-2628.3716119751,-135.88610591309737,-135.88610591309737,-135.88610591309737,-19.862520623344004,-19.862520623344004,-19.862520623344004,-3532.4002122725296,-3532.4002122725296,-3532.4002122725296,-2617.260366786839,-2617.260366786839,-2617.260366786839,-498.6021124232284,-498.6021124232284,-498.6021124232284,-218.38488295790137,-218.38488295790137,-218.38488295790137,-175.52542517744968,-175.52542517744968,-175.52542517744968,136.7411831148147,136.7411831148147,136.7411831148147,-3.6199815054843953,-3.6199815054843953,-3.6199815054843953,904.0286002974294,904.0286002974294,904.0286002974294,0.0,0.0,0.0,108648.69741754755
444,2025-08-30 00:00:00,111263.89987145357,108292.1196796632,109334.479007145,111263.89987145357,111263.89987145357,-2489.6913484448773,-2489.6913484448773,-2489.6913484448773,-135.08609961291245,-135.08609961291245,-135.08609961291245,-29.007334864406257,-29.007334864406257,-29.007334864406257,-3417.3221923968304,-3417.3221923968304,-3417.3221923968304,-2710.058664462686,-2710.058664462686,-2710.058664462686,-510.8711833166565,-510.8711833166565,-510.8711833166565,75.81634648146087,75.81634648146087,75.81634648146087,-237.61192184405135,-237.61192184405135,-237.61192184405135,133.11664672790582,133.11664672790582,133.11664672790582,-3.6199815054843953,-3.6199815054843953,-3.6199815054843953,927.630843951953,927.630843951953,927.630843951953,0.0,0.0,0.0,108774.2085230087
445,2025-08-30 01:00:00,111250.73071338449,107688.44136952405,108751.17955618045,111250.73071338449,111250.73071338449,-3021.85856948148,-3021.85856948148,-3021.85856948148,-147.92842086783656,-147.92842086783656,-147.92842086783656,-63.70241892401965,-63.70241892401965,-63.70241892401965,-3972.633578518213,-3972.633578518213,-3972.633578518213,-2814.803735105187,-2814.803735105187,-2814.803735105187,-524.6123815488367,-524.6123815488367,-524.6123815488367,-240.24881235293537,-240.24881235293537,-240.24881235293537,-317.24591066493383,-317.24591066493383,-317.24591066493383,139.52808245101977,139.52808245101977,139.52808245101977,-3.6199815054843953,-3.6199815054843953,-3.6199815054843953,950.7750090367338,950.7750090367338,950.7750090367338,0.0,0.0,0.0,108228.872143903
446,2025-08-30 02:00:00,111237.5615553154,107441.93538434977,108445.11556560925,111237.5615553154,111237.5615553154,-3311.888567486512,-3311.888567486512,-3311.888567486512,-162.9231008436465,-162.9231008436465,-162.9231008436465,-89.2810612841759,-89.2810612841759,-89.2810612841759,-4285.349019312653,-4285.349019312653,-4285.349019312653,-2914.4690122756506,-2914.4690122756506,-2914.4690122756506,-538.018972086577,-538.018972086577,-538.018972086577,-277.09899060039777,-277.09899060039777,-277.09899060039777,-427.18648225205646,-427.18648225205646,-427.18648225205646,116.45809590707925,116.45809590707925,116.45809590707925,7.170504122773212,7.170504122773212,7.170504122773212,973.4604518261399,973.4604518261399,973.4604518261399,0.0,0.0,0.0,107925.67298782889
447,2025-08-30 03:00:00,111224.39239724631,107980.09064133062,109024.11562155778,111224.39239724631,111224.39239724631,-2730.844113451307,-2730.844113451307,-2730.844113451307,-153.2838366942409,-153.2838366942409,-153.2838366942409,-9.226918743090707,-9.226918743090707,-9.226918743090707,-3726.5306726429712,-3726.5306726429712,-3726.5306726429712,-2958.5582879990206,-2958.5582879990206,-2958.5582879990206,-550.6971605615184,-550.6971605615184,-550.6971605615184,1.8204140657546943,1.8204140657546943,1.8204140657546943,-97.59586540638828,-97.59586540638828,-97.59586540638828,40.264469974851956,40.264469974851956,40.264469974851956,0.7465127206812764,0.7465127206812764,0.7465127206812764,995.6865591916643,995.6865591916643,995.6865591916643,0.0,0.0,0.0,108493.548283795
448,2025-08-30 04:00:00,111211.22323917723,108339.21518019566,109402.83065033138,111211.22323917723,111211.22323917723,-2336.650913195066,-2336.650913195066,-2336.650913195066,-133.66448680621173,-133.66448680621173,-133.66448680621173,59.99227951078666,59.99227951078666,59.99227951078666,-3354.1036617796503,-3354.1036617796503,-3354.1036617796503,-2992.827562773094,-2992.827562773094,-2992.827562773094,-562.5188974135305,-562.5188974135305,-562.5188974135305,155.31975849568084,155.31975849568084,155.31975849568084,118.40068822489663,118.40068822489663,118.40068822489663,-11.093991354478659,-11.093991354478659,-11.093991354478659,12.288550336300355,12.288550336300355,12.288550336300355,1017.4527485845842,1017.4527485845842,1017.4527485845842,0.0,0.0,0.0,108874.57232598215
449,2025-08-30 05:00:00,111198.05408110814,108051.92153807757,109132.2009789396,111198.05408110814,111198.05408110814,-2584.3356246985163,-2584.3356246985163,-2584.3356246985163,-122.28506550943003,-122.28506550943003,-122.28506550943003,22.07791203733842,22.07791203733842,22.07791203733842,-3623.094092627335,-3623.094092627335,-3623.094092627335,-3035.290955821422,-3035.290955821422,-3035.290955821422,-576.8057485508183,-576.8057485508183,-576.8057485508183,76.3504866442465,76.3504866442465,76.3504866442465,30.14283039903261,30.14283039903261,30.14283039903261,-14.16466836905113,-14.16466836905113,-14.16466836905113,-3.118883457230985,-3.118883457230985,-3.118883457230985,1038.7584679288186,1038.7584679288186,1038.7584679288186,0.0,0.0,0.0,108613.71845640962
450,2025-08-30 06:00:00,111184.88492303906,108030.34340913073,109086.6099478062,111184.88492303906,111184.88492303906,-2611.242991135572,-2611.242991135572,-2611.242991135572,-107.00061503498827,-107.00061503498827,-107.00061503498827,30.360107216517328,30.360107216517328,30.360107216517328,-3670.84618677103,-3670.84618677103,-3670.84618677103,-3087.049827127092,-3087.049827127092,-3087.049827127092,-595.1770296265541,-595.1770296265541,-595.1770296265541,193.45497848145297,193.45497848145297,193.45497848145297,-81.70870827343252,-81.70870827343252,-81.70870827343252,-20.105110901448697,-20.105110901448697,-20.105110901448697,-3.6199815054843953,-3.6199815054843953,-3.6199815054843953,1059.603195635458,1059.603195635458,1059.603195635458,0.0,0.0,0.0,108573.64193190349
451,2025-08-30 07:00:00,111171.71576496997,108070.99350976173,109121.75516667058,111171.71576496997,111171.71576496997,-2594.6271445396005,-2594.6271445396005,-2594.6271445396005,-95.30816924796343,-95.30816924796343,-95.30816924796343,48.631902005368595,48.631902005368595,48.631902005368595,-3674.613585058967,-3674.613585058967,-3674.613585058967,-3132.5339293790526,-3132.5339293790526,-3132.5339293790526,-612.2456544381121,-612.2456544381121,-612.2456544381121,82.20037174432635,82.20037174432635,82.20037174432635,53.06497738727316,53.06497738727316,53.06497738727316,-16.22386197389995,-16.22386197389995,-16.22386197389995,-2.19922115690708,-2.19922115690708,-2.19922115690708,1079.9864405193664,1079.9864405193664,1079.9864405193664,0.0,0.0,0.0,108577.08862043037
452,2025-08-30 08:00:00,111158.54660690088,108191.40278179875,109354.629660776,111158.54660690088,111158.54660690088,-2421.5574981131513,-2421.5574981131513,-2421.5574981131513,-73.78315863406475,-73.78315863406475,-73.78315863406475,90.24398978618984,90.24398978618984,90.24398978618984,-3521.4652398447756,-3521.4652398447756,-3521.4652398447756,-3195.366975314775,-3195.366975314775,-3195.366975314775,-630.4238691329566,-630.4238691329566,-630.4238691329566,140.6674997437854,140.6674997437854,140.6674997437854,176.69563254398338,176.69563254398338,176.69563254398338,-25.878377331453265,-25.878377331453265,-25.878377331453265,-3.6199815054843953,-3.6199815054843953,-3.6199815054843953,1099.9077417316246,1099.9077417316246,1099.9077417316246,0.0,0.0,0.0,108736.98910878773
453,2025-08-30 09:00:00,111145.3774488318,108092.3496548937,109171.12045467082,111145.3774488318,111145.3774488318,-2551.4164134785606,-2551.4164134785606,-2551.4164134785606,-54.198283116759924,-54.198283116759924,-54.198283116759924,67.51485717175503,67.51485717175503,67.51485717175503,-3670.7830822300343,-3670.7830822300343,-3670.7830822300343,-3213.579798235262,-3213.579798235262,-3213.579798235262,-648.5140516629812,-648.5140516629812,-648.5140516629812,79.08989745440213,79.08989745440213,79.08989745440213,128.32693065886622,128.32693065886622,128.32693065886622,-25.802652994570202,-25.802652994570202,-25.802652994570202,-3.6199815054843953,-3.6199815054843953,-3.6199815054843953,1119.3666687514738,1119.3666687514738,1119.3666687514738,0.0,0.0,0.0,108593.96103535325
454,2025-08-30 10:00:00,111132.2082907627,108197.33269189543,109282.08186168071,111132.2082907627,111132.2082907627,-2386.4721382090643,-2386.4721382090643,-2386.4721382090643,-31.273277289083506,-31.273277289083506,-31.273277289083506,60.18521891220127,60.18521891220127,60.18521891220127,-3524.834959495882,-3524.834959495882,-3524.834959495882,-3206.2539187476887,-3206.2539187476887,-3206.2539187476887,-666.734969894087,-666.734969894087,-666.734969894087,110.66722273644923,110.66722273644923,110.66722273644923,253.2145258139686,253.2145258139686,253.2145258139686,-41.01977952215711,-41.01977952215711,-41.01977952215711,-3.6199815054843953,-3.6199815054843953,-3.6199815054843953,1138.3628212868175,1138.3628212868175,1138.3628212868175,0.0,0.0,0.0,108745.73615255364
455,2025-08-30 11:00:00,111119.03913269362,108497.32324426838,109508.33188291422,111119.03913269362,111119.03913269362,-2136.295032209556,-2136.295032209556,-2136.295032209556,-9.106920201017195,-9.106920201017195,-9.106920201017195,74.66680042595216,74.66680042595216,74.66680042595216,-3293.1908614460963,-3293.1908614460963,-3293.1908614460963,-3198.7093734134783,-3198.7093734134783,-3198.7093734134783,-683.2422828197634,-683.2422828197634,-683.2422828197634,432.07778334159434,432.07778334159434,432.07778334159434,157.08456496505286,157.08456496505286,157.08456496505286,-62.34145223895225,-62.34145223895225,-62.34145223895225,-3.6199815054843953,-3.6199815054843953,-3.6199815054843953,1156.89582923654,1156.89582923654,1156.89582923654,0.0,0.0,0.0,108982.74410048407
456,2025-08-30 12:00:00,111105.86997462454,108247.43842018991,109376.69734150577,111105.86997462454,111105.86997462454,-2302.360162725744,-2302.360162725744,-2302.360162725744,8.845747520843965,8.845747520843965,8.845747520843965,45.5264166396181,45.5264166396181,45.5264166396181,-3477.325515347814,-3477.325515347814,-3477.325515347814,-3203.9020562837823,-3203.9020562837823,-3203.9020562837823,-700.9722782676508,-700.9722782676508,-700.9722782676508,305.1966086207225,305.1966086207225,305.1966086207225,132.46793047262548,132.46793047262548,132.46793047262548,-60.867902544706716,-60.867902544706716,-60.867902544706716,-3.6199815054843953,-3.6199815054843953,-3.6199815054843953,1174.9653526220702,1174.9653526220702,1174.9653526220702,0.0,0.0,0.0,108803.5098118988
457,2025-08-30 13:00:00,111092.70081655546,107954.46781808307,109036.81828920715,111092.70081655546,111092.70081655546,-2595.8182431632413,-2595.8182431632413,-2595.8182431632413,18.732107209564592,18.732107209564592,18.732107209564592,27.519929265960343,27.519929265960343,27.519929265960343,-3788.389324701045,-3788.389324701045,-3788.389324701045,-3204.812743319811,-3204.812743319811,-3204.812743319811,-718.2368082226955,-718.2368082226955,-718.2368082226955,78.97617991336398,78.97617991336398,78.97617991336398,74.17046531571064,74.17046531571064,74.17046531571064,-61.11847335765352,-61.11847335765352,-61.11847335765352,-3.6199815054843953,-3.6199815054843953,-3.6199815054843953,1192.571081537804,1192.571081537804,1192.571081537804,0.0,0.0,0.0,108496.88257339221
458,2025-08-30 14:00:00,111079.53165848638,108179.07298957689,109255.31850614038,111079.53165848638,111079.53165848638,-2364.9663672363768,-2364.9663672363768,-2364.9663672363768,34.38676094138176,34.38676094138176,34.38676094138176,58.04363543760398,58.04363543760398,58.04363543760398,-3574.6791033253535,-3574.6791033253535,-3574.6791033253535,-3189.967787447632,-3189.967787447632,-3189.967787447632,-736.2953370235522,-736.2953370235522,-736.2953370235522,127.64099528277632,127.64099528277632,127.64099528277632,196.55853225736112,196.55853225736112,196.55853225736112,-61.425921267807695,-61.425921267807695,-61.425921267807695,-3.6199815054843953,-3.6199815054843953,-3.6199815054843953,1209.7127360889765,1209.7127360889765,1209.7127360889765,0.0,0.0,0.0,108714.56529125
459,2025-08-30 15:00:00,111066.3625004173,108734.72185032416,109713.14668099248,111066.3625004173,111066.3625004173,-1856.4167145318618,-1856.4167145318618,-1856.4167145318618,61.62862230099695,61.62862230099695,61.62862230099695,95.67110454095165,95.67110454095165,95.67110454095165,-3082.8067808404717,-3082.8067808404717,-3082.8067808404717,-3172.8164002108497,-3172.8164002108497,-3172.8164002108497,-751.4821980012491,-751.4821980012491,-751.4821980012491,236.10869939990974,236.10869939990974,236.10869939990974,555.1113157499248,555.1113157499248,555.1113157499248,-103.40794311467174,-103.40794311467174,-103.40794311467174,-3.6199815054843953,-3.6199815054843953,-3.6199815054843953,1226.3900663086101,1226.3900663086101,1226.3900663086101,0.0,0.0,0.0,109209.94578588543
460,2025-08-30 16:00:00,111053.19334234821,108694.7229896922,109718.96357255173,111053.19334234821,111053.19334234821,-1844.577279210387,-1844.577279210387,-1844.577279210387,86.92463642063963,86.92463642063963,86.92463642063963,101.54576027964161,101.54576027964161,101.54576027964161,-3087.1801313124306,-3087.1801313124306,-3087.1801313124306,-3144.4988288954337,-3144.4988288954337,-3144.4988288954337,-768.6461502922587,-768.6461502922587,-768.6461502922587,263.14450679408316,263.14450679408316,263.14450679408316,481.06963751179853,481.06963751179853,481.06963751179853,-103.09971162541727,-103.09971162541727,-103.09971162541727,-3.6199815054843953,-3.6199815054843953,-3.6199815054843953,1242.6028521020442,1242.6028521020442,1242.6028521020442,0.0,0.0,0.0,109208.61606313783
461,2025-08-30 17:00:00,111040.02418427911,108328.86019941547,109397.54302397082,111040.02418427911,111040.02418427911,-2199.9755946484674,-2199.9755946484674,-2199.9755946484674,112.37730575793276,112.37730575793276,112.37730575793276,86.85493519577766,86.85493519577766,86.85493519577766,-3458.3264978509965,-3458.3264978509965,-3458.3264978509965,-3134.583606197599,-3134.583606197599,-3134.583606197599,-783.822175133163,-783.822175133163,-783.822175133163,137.25081070136372,137.25081070136372,137.25081070136372,262.41245490103756,262.41245490103756,262.41245490103756,-135.19624157086204,-135.19624157086204,-135.19624157086204,-3.6199815054843953,-3.6199815054843953,-3.6199815054843953,1258.3509032025295,1258.3509032025295,1258.3509032025295,0.0,0.0,0.0,108840.04858963065
462,2025-08-30 18:00:00,111026.85502621003,108186.66679406111,109324.25508701382,111026.85502621003,111026.85502621003,-2276.1863022702855,-2276.1863022702855,-2276.1863022702855,136.01192728541923,136.01192728541923,136.01192728541923,64.84160416520324,64.84160416520324,64.84160416520324,-3549.820361339884,-3549.820361339884,-3549.820361339884,-3123.2492352715426,-3123.2492352715426,-3123.2492352715426,-798.6447587686354,-798.6447587686354,-798.6447587686354,97.05344378384923,97.05344378384923,97.05344378384923,212.2017421438116,212.2017421438116,212.2017421438116,-134.75631576190855,-134.75631576190855,-134.75631576190855,-3.2787689160807214,-3.2787689160807214,-3.2787689160807214,1273.6340590695988,1273.6340590695988,1273.6340590695988,0.0,0.0,0.0,108750.66872393974
463,2025-08-30 19:00:00,111013.68586814095,108434.21458129007,109500.56390412172,111013.68586814095,111013.68586814095,-2051.8456861671916,-2051.8456861671916,-2051.8456861671916,160.65619055717505,160.65619055717505,160.65619055717505,77.08616232008566,77.08616232008566,77.08616232008566,-3340.2978750145776,-3340.2978750145776,-3340.2978750145776,-3112.057582243304,-3112.057582243304,-3112.057582243304,-812.6877205172576,-812.6877205172576,-812.6877205172576,156.69658163640486,156.69658163640486,156.69658163640486,330.35881715733996,330.35881715733996,330.35881715733996,-136.73034241953707,-136.73034241953707,-136.73034241953707,-3.6199815054843953,-3.6199815054843953,-3.6199815054843953,1288.4521888473857,1288.4521888473857,1288.4521888473857,0.0,0.0,0.0,108961.84018197376
464,2025-08-30 20:00:00,111000.51671007187,108302.30257988336,109358.94641671774,111000.51671007187,111000.51671007187,-2155.809840233932,-2155.809840233932,-2155.809840233932,177.54693518515037,177.54693518515037,177.54693518515037,33.11217628972839,33.11217628972839,33.11217628972839,-3458.6150315061345,-3458.6150315061345,-3458.6150315061345,-3101.6825417525283,-3101.6825417525283,-3101.6825417525283,-827.3315842064698,-827.3315842064698,-827.3315842064698,114.82662706764343,114.82662706764343,114.82662706764343,281.32092156712133,281.32092156712133,281.32092156712133,-132.7875841512954,-132.7875841512954,-132.7875841512954,-3.6199815054843953,-3.6199815054843953,-3.6199815054843953,1302.8051912722024,1302.8051912722024,1302.8051912722024,0.0,0.0,0.0,108844.70686983793
465,2025-08-30 21:00:00,110987.34755200277,108043.30147027387,109074.47369875267,110987.34755200277,110987.34755200277,-2456.103045446567,-2456.103045446567,-2456.103045446567,187.3613468502552,187.3613468502552,187.3613468502552,-12.789500272608185,-12.789500272608185,-12.789500272608185,-3772.7960400446486,-3772.7960400446486,-3772.7960400446486,-3074.7942144651743,-3074.7942144651743,-3074.7942144651743,-840.3184957448649,-840.3184957448649,-840.3184957448649,7.767040413964724,7.767040413964724,7.767040413964724,108.09884470420288,108.09884470420288,108.09884470420288,-144.50108002493945,-144.50108002493945,-144.50108002493945,-3.6199815054843953,-3.6199815054843953,-3.6199815054843953,1316.6929945980812,1316.6929945980812,1316.6929945980812,0.0,0.0,0.0,108531.2445065562
466,2025-08-30 22:00:00,110974.17839393369,107945.6943821413,108997.39419454944,110974.17839393369,110974.17839393369,-2517.1440295616567,-2517.1440295616567,-2517.1440295616567,192.86193554290128,192.86193554290128,192.86193554290128,-40.6374037546765,-40.6374037546765,-40.6374037546765,-3847.2595861160594,-3847.2595861160594,-3847.2595861160594,-3055.266872514856,-3055.266872514856,-3055.266872514856,-853.5469157742632,-853.5469157742632,-853.5469157742632,38.88535326077748,38.88535326077748,38.88535326077748,18.644248923097518,18.644248923097518,18.644248923097518,-144.5799502935553,-144.5799502935553,-144.5799502935553,-3.6199815054843953,-3.6199815054843953,-3.6199815054843953,1330.1155565544025,1330.1155565544025,1330.1155565544025,0.0,0.0,0.0,108457.03436437203
467,2025-08-30 23:00:00,110961.0092358646,108305.83415516668,109426.37275547846,110961.0092358646,110961.0092358646,-2069.689501932961,-2069.689501932961,-2069.689501932961,215.0084253913773,215.0084253913773,215.0084253913773,34.14796820385136,34.14796820385136,34.14796820385136,-3412.7623661608645,-3412.7623661608645,-3412.7623661608645,-3043.538765394848,-3043.538765394848,-3043.538765394848,-866.1509301297482,-866.1509301297482,-866.1509301297482,163.72605267657224,163.72605267657224,163.72605267657224,218.33758558514717,218.33758558514717,218.33758558514717,-133.83750697702087,-133.83750697702087,-133.83750697702087,-0.45519551619512927,-0.45519551619512927,-0.45519551619512927,1343.0728642279034,1343.0728642279034,1343.0728642279034,0.0,0.0,0.0,108891.31973393164
468,2025-08-31 00:00:00,110947.84007779552,108934.8118039229,109973.84200882362,110947.84007779552,110947.84007779552,-1485.74658910178,-1485.74658910178,-1485.74658910178,202.19759923524362,202.19759923524362,202.19759923524362,180.97014548498947,180.97014548498947,180.97014548498947,-2841.3115231328024,-2841.3115231328024,-2841.3115231328024,-3017.006544502027,-3017.006544502027,-3017.006544502027,-877.9126256266251,-877.9126256266251,-877.9126256266251,304.29210109404386,304.29210109404386,304.29210109404386,469.03319571100127,469.03319571100127,469.03319571100127,-100.32128461347587,-100.32128461347587,-100.32128461347587,-2.5641099159530873,-2.5641099159530873,-2.5641099159530873,1355.5649340310224,1355.5649340310224,1355.5649340310224,0.0,0.0,0.0,109462.09348869375
469,2025-08-31 01:00:00,110934.67091972643,108906.27213769105,109914.22397459335,110934.67091972643,110934.67091972643,-1548.0283105253577,-1548.0283105253577,-1548.0283105253577,185.04332098362536,185.04332098362536,185.04332098362536,174.8099995032453,174.8099995032453,174.8099995032453,-2915.6201220937464,-2915.6201220937464,-2915.6201220937464,-2984.1424215063853,-2984.1424215063853,-2984.1424215063853,-889.9704376390812,-889.9704376390812,-889.9704376390812,276.81335055303634,276.81335055303634,276.81335055303634,429.8146729558379,429.8146729558379,429.8146729558379,-104.36862543854063,-104.36862543854063,-104.36862543854063,-3.6199815054843953,-3.6199815054843953,-3.6199815054843953,1367.591811568389,1367.591811568389,1367.591811568389,0.0,0.0,0.0,109386.64260920107
470,2025-08-31 02:00:00,110921.50176165735,108643.2577220184,109723.61752547565,110921.50176165735,110921.50176165735,-1727.2877043636074,-1727.2877043636074,-1727.2877043636074,169.1143483214085,169.1143483214085,169.1143483214085,113.17701695233377,113.17701695233377,113.17701695233377,-3106.4412759799593,-3106.4412759799593,-3106.4412759799593,-2954.9802447539355,-2954.9802447539355,-2954.9802447539355,-901.6250537898446,-901.6250537898446,-901.6250537898446,202.939151533824,202.939151533824,202.939151533824,367.3725611708998,367.3725611708998,367.3725611708998,-98.8190739091606,-98.8190739091606,-98.8190739091606,-3.6199815054843953,-3.6199815054843953,-3.6199815054843953,1379.153571616352,1379.153571616352,1379.153571616352,0.0,0.0,0.0,109194.21405729374
471,2025-08-31 03:00:00,110908.33260358826,108619.11784252786,109712.34484289853,110908.33260358826,110908.33260358826,-1735.1177844536605,-1735.1177844536605,-1735.1177844536605,155.6097145926817,155.6097145926817,155.6097145926817,79.35129966633694,79.35129966633694,79.35129966633694,-3125.368102446287,-3125.368102446287,-3125.368102446287,-2935.3106438058003,-2935.3106438058003,-2935.3106438058003,-910.7903498624376,-910.7903498624376,-910.7903498624376,206.74541580487994,206.74541580487994,206.74541580487994,382.0164133196745,382.0164133196745,382.0164133196745,-99.36997065613785,-99.36997065613785,-99.36997065613785,-3.6199815054843953,-3.6199815054843953,-3.6199815054843953,1390.2503179926264,1390.2503179926264,1390.2503179926264,0.0,0.0,0.0,109173.2148191346
472,2025-08-31 04:00:00,110906.20417523246,108175.37620908864,109289.59458543958,110906.20417523246,110906.20417523246,-2174.0183947107885,-2174.0183947107885,-2174.0183947107885,179.79829740626397,179.79829740626397,179.79829740626397,8.103715718815538,8.103715718815538,8.103715718815538,-3574.9005782082795,-3574.9005782082795,-3574.9005782082795,-2929.4610455955676,-2929.4610455955676,-2929.4610455955676,-921.2697182982503,-921.2697182982503,-921.2697182982503,70.21529190964563,70.21529190964563,70.21529190964563,103.32470246424333,103.32470246424333,103.32470246424333,-81.99184030794619,-81.99184030794619,-81.99184030794619,-3.6199815054843953,-3.6199815054843953,-3.6199815054843953,1400.8821834974915,1400.8821834974915,1400.8821834974915,0.0,0.0,0.0,108732.18578052167
473,2025-08-31 05:00:00,110904.07574687664,108041.46172675105,109097.39930095503,110904.07574687664,110904.07574687664,-2343.1599064651136,-2343.1599064651136,-2343.1599064651136,196.90721650410072,196.90721650410072,196.90721650410072,-29.759904960250715,-29.759904960250715,-29.759904960250715,-3754.209236297536,-3754.209236297536,-3754.209236297536,-2923.057096193848,-2923.057096193848,-2923.057096193848,-933.0589467398818,-933.0589467398818,-933.0589467398818,17.822493897627282,17.822493897627282,17.822493897627282,2.5276126510972903,2.5276126510972903,2.5276126510972903,-85.2838436542888,-85.2838436542888,-85.2838436542888,-0.30676780209198445,-0.30676780209198445,-0.30676780209198445,1411.0493298324222,1411.0493298324222,1411.0493298324222,0.0,0.0,0.0,108560.91584041153
474,2025-08-31 06:00:00,110901.94731852083,108082.6305324622,109131.49269087572,110901.94731852083,110901.94731852083,-2255.397857411841,-2255.397857411841,-2255.397857411841,209.97197657825114,209.97197657825114,209.97197657825114,-33.902366896308685,-33.902366896308685,-33.902366896308685,-3676.1498049164247,-3676.1498049164247,-3676.1498049164247,-2915.0210689671735,-2915.0210689671735,-2915.0210689671735,-943.6670973197214,-943.6670973197214,-943.6670973197214,80.53089840630808,80.53089840630808,80.53089840630808,14.996373626950852,14.996373626950852,14.996373626950852,-85.43853883924697,-85.43853883924697,-85.43853883924697,-3.6199815054843953,-3.6199815054843953,-3.6199815054843953,1420.7519475045838,1420.7519475045838,1420.7519475045838,0.0,0.0,0.0,108646.549461109
475,2025-08-31 07:00:00,110899.81889016501,108200.07335218113,109255.6275936434,110899.81889016501,110899.81889016501,-2204.822271744412,-2204.822271744412,-2204.822271744412,225.74216208696052,225.74216208696052,225.74216208696052,-21.365735648293178,-21.365735648293178,-21.365735648293178,-3634.8125275013404,-3634.8125275013404,-3634.8125275013404,-2914.7780814209054,-2914.7780814209054,-2914.7780814209054,-953.5922660383083,-953.5922660383083,-953.5922660383083,87.80372548180414,87.80372548180414,87.80372548180414,30.631298140840993,30.631298140840993,30.631298140840993,-85.63364859795449,-85.63364859795449,-85.63364859795449,-3.6199815054843953,-3.6199815054843953,-3.6199815054843953,1429.990255756929,1429.990255756929,1429.990255756929,0.0,0.0,0.0,108694.9966184206
476,2025-08-31 08:00:00,110897.69046180921,108504.81642575089,109534.32957495471,110897.69046180921,110897.69046180921,-1863.0962131489064,-1863.0962131489064,-1863.0962131489064,238.97861250937154,238.97861250937154,238.97861250937154,9.928307812120494,9.928307812120494,9.928307812120494,-3301.860715576494,-3301.860715576494,-3301.860715576494,-2901.5477651739443,-2901.5477651739443,-2901.5477651739443,-962.4170326966353,-962.4170326966353,-962.4170326966353,222.9696788176246,222.9696788176246,222.9696788176246,171.37241441445843,171.37241441445843,171.37241441445843,-77.5249497540051,-77.5249497540051,-77.5249497540051,-3.6199815054843953,-3.6199815054843953,-3.6199815054843953,1438.7645024275878,1438.7645024275878,1438.7645024275878,0.0,0.0,0.0,109034.5942486603
477,2025-08-31 09:00:00,110895.56203345339,107989.92019224023,109041.80655312374,110895.56203345339,110895.56203345339,-2396.255336239627,-2396.255336239627,-2396.255336239627,251.32649437706394,251.32649437706394,251.32649437706394,-31.914640845297544,-31.914640845297544,-31.914640845297544,-3843.3303001768854,-3843.3303001768854,-3843.3303001768854,-2901.9431075178795,-2901.9431075178795,-2901.9431075178795,-967.9949875284598,-967.9949875284598,-967.9949875284598,-76.01438926667115,-76.01438926667115,-76.01438926667115,-65.45681443412545,-65.45681443412545,-65.45681443412545,-53.43169058860599,-53.43169058860599,-53.43169058860599,2.098835627089637,2.098835627089637,2.098835627089637,1447.0749639372586,1447.0749639372586,1447.0749639372586,0.0,0.0,0.0,108499.30669721376
478,2025-08-31 10:00:00,110893.43360509758,107825.23516631305,108911.89703389605,110893.43360509758,110893.43360509758,-2509.8406214910756,-2509.8406214910756,-2509.8406214910756,255.71212141817358,255.71212141817358,255.71212141817358,-59.99049086906882,-59.99049086906882,-59.99049086906882,-3964.7625666405506,-3964.7625666405506,-3964.7625666405506,-2905.419274964531,-2905.419274964531,-2905.419274964531,-972.1710820268767,-972.1710820268767,-972.1710820268767,-254.42695568760055,-254.42695568760055,-254.42695568760055,25.259155306415416,25.259155306415416,25.259155306415416,-55.222488079788114,-55.222488079788114,-55.222488079788114,1.4964482627258011,1.4964482627258011,1.4964482627258011,1454.9219451494748,1454.9219451494748,1454.9219451494748,0.0,0.0,0.0,108383.5929836065
479,2025-08-31 11:00:00,110891.30517674175,107688.01562220299,108741.50497191642,110891.30517674175,110891.30517674175,-2671.967255328715,-2671.967255328715,-2671.967255328715,259.5299241865403,259.5299241865403,259.5299241865403,-66.15969502258748,-66.15969502258748,-66.15969502258748,-4134.273034599006,-4134.273034599006,-4134.273034599006,-2919.038967855515,-2919.038967855515,-2919.038967855515,-977.6625919589902,-977.6625919589902,-977.6625919589902,-356.0166225910717,-356.0166225910717,-356.0166225910717,-17.976876079999805,-17.976876079999805,-17.976876079999805,-53.32822377189784,-53.32822377189784,-53.32822377189784,-3.6199815054843953,-3.6199815054843953,-3.6199815054843953,1462.305779270291,1462.305779270291,1462.305779270291,0.0,0.0,0.0,108219.33792141304
480,2025-08-31 12:00:00,110889.17674838594,107718.13132978312,108745.98365550228,110889.17674838594,110889.17674838594,-2647.229148624543,-2647.229148624543,-2647.229148624543,259.26364227438063,259.26364227438063,259.26364227438063,-77.56445001802841,-77.56445001802841,-77.56445001802841,-4116.455976433017,-4116.455976433017,-4116.455976433017,-2933.9137522272363,-2933.9137522272363,-2933.9137522272363,-984.2797475714383,-984.2797475714383,-984.2797475714383,-299.1962436243673,-299.1962436243673,-299.1962436243673,-26.210173972943284,-26.210173972943284,-26.210173972943284,-53.057686260305,-53.057686260305,-53.057686260305,-1.4975650330790011,-1.4975650330790011,-1.4975650330790011,1469.226827808474,1469.226827808474,1469.226827808474,0.0,0.0,0.0,108241.9475997614
481,2025-08-31 13:00:00,110887.04832003012,107664.11664700024,108748.31104461967,110887.04832003012,110887.04832003012,-2673.3678834393445,-2673.3678834393445,-2673.3678834393445,251.79260667964044,251.79260667964044,251.79260667964044,-68.7890632201327,-68.7890632201327,-68.7890632201327,-4149.053363836226,-4149.053363836226,-4149.053363836226,-2944.2938406179323,-2944.2938406179323,-2944.2938406179323,-990.7659232881699,-990.7659232881699,-990.7659232881699,-245.82543096201854,-245.82543096201854,-245.82543096201854,-91.94207120966523,-91.94207120966523,-91.94207120966523,-58.99867994696936,-58.99867994696936,-58.99867994696936,-0.23096127097812655,-0.23096127097812655,-0.23096127097812655,1475.6854803968804,1475.6854803968804,1475.6854803968804,0.0,0.0,0.0,108213.68043659077
482,2025-08-31 14:00:00,110884.91989167432,107559.974101164,108582.09127428148,110884.91989167432,110884.91989167432,-2813.9144363502387,-2813.9144363502387,-2813.9144363502387,251.32400316064434,251.32400316064434,251.32400316064434,-52.79628216098742,-52.79628216098742,-52.79628216098742,-4295.596591141856,-4295.596591141856,-4295.596591141856,-2952.602224990426,-2952.602224990426,-2952.602224990426,-999.7016458823911,-999.7016458823911,-999.7016458823911,-83.92793938885376,-83.92793938885376,-83.92793938885376,-365.59698499679325,-365.59698499679325,-365.59698499679325,-93.70527138002656,-93.70527138002656,-93.70527138002656,1.409754496977215,1.409754496977215,1.409754496977215,1481.6821547916177,1481.6821547916177,1481.6821547916177,0.0,0.0,0.0,108071.00545532408
483,2025-08-31 15:00:00,110882.7914633185,107937.32279953342,108948.588895308,110882.7914633185,110882.7914633185,-2452.6668070499854,-2452.6668070499854,-2452.6668070499854,264.7442332099438,264.7442332099438,264.7442332099438,-0.7709302286993553,-0.7709302286993553,-0.7709302286993553,-3939.8841037174343,-3939.8841037174343,-3939.8841037174343,-2953.546870625926,-2953.546870625926,-2953.546870625926,-1001.1025904859325,-1001.1025904859325,-1001.1025904859325,62.547758051984644,62.547758051984644,62.547758051984644,-228.53989292687828,-228.53989292687828,-228.53989292687828,-79.59582920644256,-79.59582920644256,-79.59582920644256,-3.6199815054843953,-3.6199815054843953,-3.6199815054843953,1487.2172966674495,1487.2172966674495,1487.2172966674495,0.0,0.0,0.0,108430.12465626851
484,2025-08-31 16:00:00,110880.6630349627,108142.4105520486,109244.0466291962,110880.6630349627,110880.6630349627,-2163.3601877325477,-2163.3601877325477,-2163.3601877325477,266.2883271794729,266.2883271794729,266.2883271794729,42.347915812260354,42.347915812260354,42.347915812260354,-3655.6515673753306,-3655.6515673753306,-3655.6515673753306,-2944.6609606122984,-2944.6609606122984,-2944.6609606122984,-998.2336698523806,-998.2336698523806,-998.2336698523806,125.51873818255676,125.51873818255676,125.51873818255676,-71.19922746630604,-71.19922746630604,-71.19922746630604,-80.56390473790108,-80.56390473790108,-80.56390473790108,4.851214119265601,4.851214119265601,4.851214119265601,1492.2913796427829,1492.2913796427829,1492.2913796427829,0.0,0.0,0.0,108717.30284723015
485,2025-08-31 17:00:00,110878.53460660687,108291.04586386986,109414.5438638934,110878.53460660687,110878.53460660687,-2050.348730273683,-2050.348730273683,-2050.348730273683,265.83716116624305,265.83716116624305,265.83716116624305,82.36914221173431,82.36914221173431,82.36914221173431,-3547.2536353340115,-3547.2536353340115,-3547.2536353340115,-2933.3018090866294,-2933.3018090866294,-2933.3018090866294,-996.1188527666441,-996.1188527666441,-996.1188527666441,149.8957868965264,149.8957868965264,149.8957868965264,-32.17019023640637,-32.17019023640637,-32.17019023640637,-80.14489201335104,-80.14489201335104,-80.14489201335104,-3.6199815054843953,-3.6199815054843953,-3.6199815054843953,1496.904905060329,1496.904905060329,1496.904905060329,0.0,0.0,0.0,108828.18587633318
486,2025-08-31 18:00:00,110876.40617825107,108496.46278340845,109568.04637281026,110876.40617825107,110876.40617825107,-1820.956807594308,-1820.956807594308,-1820.956807594308,251.9424684175767,251.9424684175767,251.9424684175767,113.42777816283385,113.42777816283385,113.42777816283385,-3322.0152095690087,-3322.0152095690087,-3322.0152095690087,-2915.538708159232,-2915.538708159232,-2915.538708159232,-994.522705079187,-994.522705079187,-994.522705079187,96.71278651046802,96.71278651046802,96.71278651046802,222.9339241410741,222.9339241410741,222.9339241410741,-95.1755961923621,-95.1755961923621,-95.1755961923621,-1.795157370179781,-1.795157370179781,-1.795157370179781,1501.0584019747007,1501.0584019747007,1501.0584019747007,0.0,0.0,0.0,109055.44937065676
487,2025-08-31 19:00:00,110874.27774989525,108560.65460579678,109604.83438677753,110874.27774989525,110874.27774989525,-1826.380585784581,-1826.380585784581,-1826.380585784581,243.1584556061507,243.1584556061507,243.1584556061507,74.73858131335187,74.73858131335187,74.73858131335187,-3331.133012752774,-3331.133012752774,-3331.133012752774,-2912.2343987599393,-2912.2343987599393,-2912.2343987599393,-992.984004178893,-992.984004178893,-992.984004178893,211.1435536172706,211.1435536172706,211.1435536172706,130.88148981137138,130.88148981137138,130.88148981137138,-89.24670065376587,-89.24670065376587,-89.24670065376587,3.410010491679845,3.410010491679845,3.410010491679845,1504.752426968193,1504.752426968193,1504.752426968193,0.0,0.0,0.0,109047.89716411066
488,2025-08-31 20:00:00,110872.14932153944,108646.84663853364,109666.19380504446,110872.14932153944,110872.14932153944,-1715.0978093942063,-1715.0978093942063,-1715.0978093942063,239.05799516605452,239.05799516605452,239.05799516605452,69.47001666335409,69.47001666335409,69.47001666335409,-3223.085373529054,-3223.085373529054,-3223.085373529054,-2919.5974491469406,-2919.5974491469406,-2919.5974491469406,-989.3042963185875,-989.3042963185875,-989.3042963185875,254.80615258053973,254.80615258053973,254.80615258053973,211.39291545597933,211.39291545597933,211.39291545597933,-86.29812842524697,-86.29812842524697,-86.29812842524697,-2.6125795042068214,-2.6125795042068214,-2.6125795042068214,1507.9875641348474,1507.9875641348474,1507.9875641348474,0.0,0.0,0.0,109157.05151214523
489,2025-08-31 21:00:00,110870.02089318362,108609.53901884978,109684.54587951105,110870.02089318362,110870.02089318362,-1710.7161607194355,-1710.7161607194355,-1710.7161607194355,235.25042475739386,235.25042475739386,235.25042475739386,61.68491377143706,61.68491377143706,61.68491377143706,-3221.4805856236135,-3221.4805856236135,-3221.4805856236135,-2931.8170381594123,-2931.8170381594123,-2931.8170381594123,-986.2455754073508,-986.2455754073508,-986.2455754073508,295.7532531830727,295.7532531830727,295.7532531830727,193.3311578284364,193.3311578284364,193.3311578284364,-85.81774009170621,-85.81774009170621,-85.81774009170621,-3.6199815054843953,-3.6199815054843953,-3.6199815054843953,1510.764424904178,1510.764424904178,1510.764424904178,0.0,0.0,0.0,109159.3047324642
490,2025-08-31 22:00:00,110867.89246482782,108403.48023358264,109431.36718055292,110867.89246482782,110867.89246482782,-1963.3796507728457,-1963.3796507728457,-1963.3796507728457,249.6333075384119,249.6333075384119,249.6333075384119,43.68346087478379,43.68346087478379,43.68346087478379,-3476.4632987311675,-3476.4632987311675,-3476.4632987311675,-2942.625968593532,-2942.625968593532,-2942.625968593532,-982.2841279904252,-982.2841279904252,-982.2841279904252,255.85136711565414,255.85136711565414,255.85136711565414,-6.88208577715463,-6.88208577715463,-6.88208577715463,-90.21927039342108,-90.21927039342108,-90.21927039342108,-3.6199815054843953,-3.6199815054843953,-3.6199815054843953,1513.0836479583218,1513.0836479583218,1513.0836479583218,0.0,0.0,0.0,108904.51281405498
491,2025-08-31 23:00:00,110865.764036472,107941.88614286442,108983.54552395233,110865.764036472,110865.764036472,-2390.723143272047,-2390.723143272047,-2390.723143272047,231.84633258409238,231.84633258409238,231.84633258409238,-47.379753544324174,-47.379753544324174,-47.379753544324174,-3905.669042415193,-3905.669042415193,-3905.669042415193,-2970.430030816828,-2970.430030816828,-2970.430030816828,-982.9928113366938,-982.9928113366938,-982.9928113366938,-16.128024875171135,-16.128024875171135,-16.128024875171135,-41.38613727101796,-41.38613727101796,-41.38613727101796,-79.60867153745947,-79.60867153745947,-79.60867153745947,0.4100543822097981,0.4100543822097981,0.4100543822097981,1514.9458991431459,1514.9458991431459,1514.9458991431459,0.0,0.0,0.0,108475.04089319996
492,2025-09-01 00:00:00,110863.6356081162,107868.64796653295,108949.46097355262,110863.6356081162,110863.6356081162,-2470.707212873518,-2470.707212873518,-2470.707212873518,198.47163273599418,198.47163273599418,198.47163273599418,-82.97143654980883,-82.97143654980883,-82.97143654980883,-3987.0590841771673,-3987.0590841771673,-3987.0590841771673,-2985.005841843136,-2985.005841843136,-2985.005841843136,-983.1742479482364,-983.1742479482364,-983.1742479482364,-10.05344464858129,-10.05344464858129,-10.05344464858129,-52.934939908292314,-52.934939908292314,-52.934939908292314,-80.02252916189089,-80.02252916189089,-80.02252916189089,8.631723146783512,8.631723146783512,8.631723146783512,1516.3518713036492,1516.3518713036492,1516.3518713036492,0.0,0.0,0.0,108392.92839524268
493,2025-09-01 01:00:00,110861.50717976037,107683.26646530398,108723.08861846807,110861.50717976037,110861.50717976037,-2654.957550471537,-2654.957550471537,-2654.957550471537,169.63456310429206,169.63456310429206,169.63456310429206,-63.946770082307864,-63.946770082307864,-63.946770082307864,-4172.259834735265,-4172.259834735265,-4172.259834735265,-3001.2614562936683,-3001.2614562936683,-3001.2614562936683,-984.1436090641205,-984.1436090641205,-984.1436090641205,-177.80733386062488,-177.80733386062488,-177.80733386062488,-31.00516738381803,-31.00516738381803,-31.00516738381803,-81.38333936293856,-81.38333936293856,-81.38333936293856,-2.346721792078447,-2.346721792078447,-2.346721792078447,1517.3022842637279,1517.3022842637279,1517.3022842637279,0.0,0.0,0.0,108206.54962928884
494,2025-09-01 02:00:00,110859.37875140455,107166.35047379049,108204.48106593268,110859.37875140455,110859.37875140455,-3168.186414953125,-3168.186414953125,-3168.186414953125,124.97376391472442,124.97376391472442,124.97376391472442,-103.57297451569777,-103.57297451569777,-103.57297451569777,-4685.98429955278,-4685.98429955278,-4685.98429955278,-3033.628361146934,-3033.628361146934,-3033.628361146934,-986.7124144949962,-986.7124144949962,-986.7124144949962,-445.911827752706,-445.911827752706,-445.911827752706,-182.65831464264772,-182.65831464264772,-182.65831464264772,-54.85418940903819,-54.85418940903819,-54.85418940903819,-3.6199815054843953,-3.6199815054843953,-3.6199815054843953,1517.797884599655,1517.797884599655,1517.797884599655,0.0,0.0,0.0,107691.19233645142
495,2025-09-01 03:00:00,110857.25032304873,107053.78811917426,108142.77152693781,110857.25032304873,110857.25032304873,-3241.3885763637777,-3241.3885763637777,-3241.3885763637777,82.93252452423336,82.93252452423336,82.93252452423336,-97.6463521747169,-97.6463521747169,-97.6463521747169,-4759.228021995645,-4759.228021995645,-4759.228021995645,-3063.7209576351133,-3063.7209576351133,-3063.7209576351133,-986.7063706778537,-986.7063706778537,-986.7063706778537,-440.98295196178975,-440.98295196178975,-440.98295196178975,-200.4813945336329,-200.4813945336329,-200.4813945336329,-55.78511880993966,-55.78511880993966,-55.78511880993966,3.1625992731683894,3.1625992731683894,3.1625992731683894,1517.8394456318667,1517.8394456318667,1517.8394456318667,0.0,0.0,0.0,107615.86174668495
496,2025-09-01 04:00:00,110855.12189469293,106780.6875889708,107807.35789624786,110855.12189469293,110855.12189469293,-3572.430974085537,-3572.430974085537,-3572.430974085537,40.38262829615896,40.38262829615896,40.38262829615896,-88.72403295036014,-88.72403295036014,-88.72403295036014,-5089.858741329596,-5089.858741329596,-5089.858741329596,-3111.1067414578906,-3111.1067414578906,-3111.1067414578906,-988.5762605477368,-988.5762605477368,-988.5762605477368,-607.6913764920679,-607.6913764920679,-607.6913764920679,-284.4450478390539,-284.4450478390539,-284.4450478390539,-51.95986431521856,-51.95986431521856,-51.95986431521856,2.2619539765732655,2.2619539765732655,2.2619539765732655,1517.4277672440592,1517.4277672440592,1517.4277672440592,0.0,0.0,0.0,107282.69092060739
497,2025-09-01 05:00:00,110852.99346633711,107049.32769363993,108099.43837241018,110852.99346633711,110852.99346633711,-3256.7012564283536,-3256.7012564283536,-3256.7012564283536,20.91905442403051,20.91905442403051,20.91905442403051,-55.76064222566136,-55.76064222566136,-55.76064222566136,-4773.264932194107,-4773.264932194107,-4773.264932194107,-3129.0864431819605,-3129.0864431819605,-3129.0864431819605,-990.680790934602,-990.680790934602,-990.680790934602,-347.4987123945415,-347.4987123945415,-347.4987123945415,-230.7610610755715,-230.7610610755715,-230.7610610755715,-41.398937252944236,-41.398937252944236,-41.398937252944236,1.002600447143989,1.002600447143989,1.002600447143989,1516.5636757657533,1516.5636757657533,1516.5636757657533,0.0,0.0,0.0,107596.29220990876
498,2025-09-01 06:00:00,110850.8650379813,107100.73769201926,108178.55265812896,110850.8650379813,110850.8650379813,-3235.113238905344,-3235.113238905344,-3235.113238905344,12.828520873137313,12.828520873137313,12.828520873137313,-31.449285114745546,-31.449285114745546,-31.449285114745546,-4750.361262842968,-4750.361262842968,-4750.361262842968,-3143.355479562979,-3143.355479562979,-3143.355479562979,-992.1962017718704,-992.1962017718704,-992.1962017718704,-343.0918566144988,-343.0918566144988,-343.0918566144988,-210.12327233564932,-210.12327233564932,-210.12327233564932,-39.35370681087783,-39.35370681087783,-39.35370681087783,-3.6199815054843953,-3.6199815054843953,-3.6199815054843953,1515.2480239376239,1515.2480239376239,1515.2480239376239,0.0,0.0,0.0,107615.75179907597
499,2025-09-01 07:00:00,110848.73660962548,108163.85263972529,109220.43333846268,110848.73660962548,110848.73660962548,-2133.3066114682383,-2133.3066114682383,-2133.3066114682383,28.61547286239678,28.61547286239678,28.61547286239678,49.593432296908,49.593432296908,49.593432296908,-3646.7883021318066,-3646.7883021318066,-3646.7883021318066,-3115.062918297183,-3115.062918297183,-3115.062918297183,-988.2748633232428,-988.2748633232428,-988.2748633232428,158.77595665756937,158.77595665756937,158.77595665756937,135.8522509729336,135.8522509729336,135.8522509729336,65.4936965472553,65.4936965472553,65.4936965472553,18.21867015155582,18.21867015155582,18.21867015155582,1513.4816906635683,1513.4816906635683,1513.4816906635683,0.0,0.0,0.0,108715.42999815724
500,2025-09-01 08:00:00,110846.60818126968,108500.98212579744,109483.36449755104,110846.60818126968,110846.60818126968,-1872.614201884266,-1872.614201884266,-1872.614201884266,30.315562161748094,30.315562161748094,30.315562161748094,97.51037900492861,97.51037900492861,97.51037900492861,-3383.8797828896945,-3383.8797828896945,-3383.8797828896945,-3077.5180153733763,-3077.5180153733763,-3077.5180153733763,-983.0117058963397,-983.0117058963397,-983.0117058963397,317.01703855222445,317.01703855222445,317.01703855222445,150.0592532070593,150.0592532070593,150.0592532070593,66.60765049364899,66.60765049364899,66.60765049364899,15.140054960412595,15.140054960412595,15.140054960412595,1511.2655810054282,1511.2655810054282,1511.2655810054282,0.0,0.0,0.0,108973.99397938541
501,2025-09-01 09:00:00,110844.47975291386,108759.99113014495,109812.22308540977,110844.47975291386,110844.47975291386,-1604.1157337785214,-1604.1157337785214,-1604.1157337785214,29.9482904844229,29.9482904844229,29.9482904844229,89.2195051090306,89.2195051090306,89.2195051090306,-3112.7163597709036,-3112.7163597709036,-3112.7163597709036,-3044.3273850327437,-3044.3273850327437,-3044.3273850327437,-979.0315775900692,-979.0315775900692,-979.0315775900692,534.8435511110746,534.8435511110746,534.8435511110746,194.4102764534053,194.4102764534053,194.4102764534053,63.543849776551404,63.543849776551404,63.543849776551404,-1.3228700825754764,-1.3228700825754764,-1.3228700825754764,1508.600625992382,1508.600625992382,1508.600625992382,0.0,0.0,0.0,109240.36401913533
502,2025-09-01 10:00:00,110842.35132455805,108074.26907327241,109143.67597202104,110842.35132455805,110842.35132455805,-2254.3328122773014,-2254.3328122773014,-2254.3328122773014,49.97797631372008,49.97797631372008,49.97797631372008,28.64456776598949,28.64456776598949,28.64456776598949,-3759.8205948217924,-3759.8205948217924,-3759.8205948217924,-3041.8743351203866,-3041.8743351203866,-3041.8743351203866,-979.2821212824576,-979.2821212824576,-979.2821212824576,134.0405593470864,134.0405593470864,134.0405593470864,-56.88993521221117,-56.88993521221117,-56.88993521221117,109.1826748719519,109.1826748719519,109.1826748719519,-3.6199815054843953,-3.6199815054843953,-3.6199815054843953,1505.4877825444908,1505.4877825444908,1505.4877825444908,0.0,0.0,0.0,108588.01851228076
503,2025-09-01 11:00:00,110840.22289620223,108234.15337451256,109330.82527101332,110840.22289620223,110840.22289620223,-2029.9903201778773,-2029.9903201778773,-2029.9903201778773,68.57697029806751,68.57697029806751,68.57697029806751,27.345529227149722,27.345529227149722,27.345529227149722,-3531.9183534788262,-3531.9183534788262,-3531.9183534788262,-3041.688021723248,-3041.688021723248,-3041.688021723248,-978.235380992573,-978.235380992573,-978.235380992573,273.86164371077354,273.86164371077354,273.86164371077354,6.197365443430406,6.197365443430406,6.197365443430406,112.98656138709104,112.98656138709104,112.98656138709104,-0.9630208295175957,-0.9630208295175957,-0.9630208295175957,1501.928033300949,1501.928033300949,1501.928033300949,0.0,0.0,0.0,108810.23257602435
504,2025-09-01 12:00:00,110838.09446784643,108766.01751435723,109802.63919136189,110838.09446784643,110838.09446784643,-1587.4647268445444,-1587.4647268445444,-1587.4647268445444,96.37418276710773,96.37418276710773,96.37418276710773,45.85662099056534,45.85662099056534,45.85662099056534,-3085.3871133650946,-3085.3871133650946,-3085.3871133650946,-3038.658134519747,-3038.658134519747,-3038.658134519747,-975.9379673707923,-975.9379673707923,-975.9379673707923,583.4715974905278,583.4715974905278,583.4715974905278,86.6544005267279,86.6544005267279,86.6544005267279,113.99590386490911,113.99590386490911,113.99590386490911,2.8562828856070306,2.8562828856070306,2.8562828856070306,1497.9223865205502,1497.9223865205502,1497.9223865205502,0.0,0.0,0.0,109250.62974100189
505,2025-09-01 13:00:00,110835.9660394906,108861.04614428387,109940.24401889091,110835.9660394906,110835.9660394906,-1468.0376230528439,-1468.0376230528439,-1468.0376230528439,117.42128381832244,117.42128381832244,117.42128381832244,55.74402160855259,55.74402160855259,55.74402160855259,-2961.5094990487064,-2961.5094990487064,-2961.5094990487064,-3036.640351250717,-3036.640351250717,-3036.640351250717,-974.55838979755,-974.55838979755,-974.55838979755,565.335919391577,565.335919391577,565.335919391577,219.5805660895403,219.5805660895403,219.5805660895403,95.22743259705193,95.22743259705193,95.22743259705193,-3.6199815054843953,-3.6199815054843953,-3.6199815054843953,1493.4718759958628,1493.4718759958628,1493.4718759958628,0.0,0.0,0.0,109367.92841643775
506,2025-09-01 14:00:00,110864.41620372533,109091.52236474199,110153.89067100605,110864.41620372533,110864.41620372533,-1267.883302757444,-1267.883302757444,-1267.883302757444,140.0304998109202,140.0304998109202,140.0304998109202,45.819097643729,45.819097643729,45.819097643729,-2756.4608636097805,-2756.4608636097805,-2756.4608636097805,-3034.832285278464,-3034.832285278464,-3034.832285278464,-972.0309143081333,-972.0309143081333,-972.0309143081333,734.1614389885044,734.1614389885044,734.1614389885044,235.68156797932778,235.68156797932778,235.68156797932778,95.53416596917964,95.53416596917964,95.53416596917964,-0.8244344148440957,-0.8244344148440957,-0.8244344148440957,1488.5775608523365,1488.5775608523365,1488.5775608523365,0.0,0.0,0.0,109596.53290096788
507,2025-09-01 15:00:00,110892.86636796006,108695.91386710438,109753.54378902854,110892.86636796006,110892.86636796006,-1704.5358670692954,-1704.5358670692954,-1704.5358670692954,163.79175264078418,163.79175264078418,163.79175264078418,27.55170326981591,27.55170326981591,27.55170326981591,-3187.7763925264608,-3187.7763925264608,-3187.7763925264608,-3040.229178645634,-3040.229178645634,-3040.229178645634,-971.0890250883444,-971.0890250883444,-971.0890250883444,374.2155778448631,374.2155778448631,374.2155778448631,155.139000196786,155.139000196786,155.139000196786,106.46375876075295,106.46375876075295,106.46375876075295,-3.6199815054843953,-3.6199815054843953,-3.6199815054843953,1483.2405254571656,1483.2405254571656,1483.2405254571656,0.0,0.0,0.0,109188.33050089076
508,2025-09-01 16:00:00,110921.3165321948,108747.30010774355,109777.00775042402,110921.3165321948,110921.3165321948,-1653.058145526422,-1653.058145526422,-1653.058145526422,185.85577312565792,185.85577312565792,185.85577312565792,19.504942607561716,19.504942607561716,19.504942607561716,-3130.520024827125,-3130.520024827125,-3130.520024827125,-3050.4126283893497,-3050.4126283893497,-3050.4126283893497,-970.7389110347782,-970.7389110347782,-970.7389110347782,308.2905497653879,308.2905497653879,308.2905497653879,289.5680828587154,289.5680828587154,289.5680828587154,88.58622826807799,88.58622826807799,88.58622826807799,-1.1740620283977559,-1.1740620283977559,-1.1740620283977559,1477.4618793007025,1477.4618793007025,1477.4618793007025,0.0,0.0,0.0,109268.25838666839
509,2025-09-01 17:00:00,110949.76669642952,108365.52168167704,109386.0895242727,110949.76669642952,110949.76669642952,-2061.999721189795,-2061.999721189795,-2061.999721189795,198.93222701777,198.93222701777,198.93222701777,9.146917761379953,9.146917761379953,9.146917761379953,-3533.2424780587658,-3533.2424780587658,-3533.2424780587658,-3054.0702907832197,-3054.0702907832197,-3054.0702907832197,-970.4484720443927,-970.4484720443927,-970.4484720443927,-112.53049062129023,-112.53049062129023,-112.53049062129023,305.8827463386179,305.8827463386179,305.8827463386179,88.87791693596195,88.87791693596195,88.87791693596195,0.9669673364071836,0.9669673364071836,0.9669673364071836,1471.242756868971,1471.242756868971,1471.242756868971,0.0,0.0,0.0,108887.76697523972
510,2025-09-01 18:00:00,110978.21686066425,108610.93692877097,109651.95716249621,110978.21686066425,110978.21686066425,-1860.305322564734,-1860.305322564734,-1860.305322564734,220.03435940590907,220.03435940590907,220.03435940590907,39.63645284183682,39.63645284183682,39.63645284183682,-3324.889640031432,-3324.889640031432,-3324.889640031432,-3042.846744205465,-3042.846744205465,-3042.846744205465,-968.7610871375688,-968.7610871375688,-968.7610871375688,-80.45011582700198,-80.45011582700198,-80.45011582700198,426.68148888067174,426.68148888067174,426.68148888067174,82.90457197664678,82.90457197664678,82.90457197664678,-2.088565966460229,-2.088565966460229,-2.088565966460229,1464.5843174666977,1464.5843174666977,1464.5843174666977,0.0,0.0,0.0,109117.91153809952
511,2025-09-01 19:00:00,111006.667024899,108596.0625633157,109655.87867342503,111006.667024899,111006.667024899,-1896.3490375552944,-1896.3490375552944,-1896.3490375552944,237.34031793916574,237.34031793916574,237.34031793916574,44.02958417522467,44.02958417522467,44.02958417522467,-3353.8367826670183,-3353.8367826670183,-3353.8367826670183,-3014.565196539494,-3014.565196539494,-3014.565196539494,-967.02645056946,-967.02645056946,-967.02645056946,-77.77605240291376,-77.77605240291376,-77.77605240291376,350.1149766492881,350.1149766492881,350.1149766492881,77.66601958665493,77.66601958665493,77.66601958665493,-3.6199815054843953,-3.6199815054843953,-3.6199815054843953,1457.487745111724,1457.487745111724,1457.487745111724,0.0,0.0,0.0,109110.3179873437
512,2025-09-01 20:00:00,111035.11718913371,108564.26991400888,109626.15316025235,111035.11718913371,111035.11718913371,-1909.2684832047053,-1909.2684832047053,-1909.2684832047053,237.62288909236838,237.62288909236838,237.62288909236838,-38.07578025826592,-38.07578025826592,-38.07578025826592,-3359.2227316570074,-3359.2227316570074,-3359.2227316570074,-3002.1026199807543,-3002.1026199807543,-3002.1026199807543,-967.057799055339,-967.057799055339,-967.057799055339,118.18600847804323,118.18600847804323,118.18600847804323,188.73072614987512,188.73072614987512,188.73072614987512,91.50168898030248,91.50168898030248,91.50168898030248,11.972154936762744,11.972154936762744,11.972154936762744,1449.9542484523022,1449.9542484523022,1449.9542484523022,0.0,0.0,0.0,109125.848705929
513,2025-09-01 21:00:00,111063.56735336846,107474.025095747,108514.12348078337,111063.56735336846,111063.56735336846,-3067.1480114287724,-3067.1480114287724,-3067.1480114287724,211.27488184128973,211.27488184128973,211.27488184128973,-143.33126335932442,-143.33126335932442,-143.33126335932442,-4509.133071964475,-4509.133071964475,-4509.133071964475,-3014.916484484106,-3014.916484484106,-3014.916484484106,-971.2206765193009,-971.2206765193009,-971.2206765193009,-343.8820746393386,-343.8820746393386,-343.8820746393386,-303.36674850985406,-303.36674850985406,-303.36674850985406,46.97969406503931,46.97969406503931,46.97969406503931,9.329599641120495,9.329599641120495,9.329599641120495,1441.985060535702,1441.985060535702,1441.985060535702,0.0,0.0,0.0,107996.41934193969
514,2025-09-01 22:00:00,111092.01751760319,107840.3153478015,108892.20525928758,111092.01751760319,111092.01751760319,-2713.42674260807,-2713.42674260807,-2713.42674260807,186.8088751081453,186.8088751081453,186.8088751081453,-101.43591846179558,-101.43591846179558,-101.43591846179558,-4147.008181348525,-4147.008181348525,-4147.008181348525,-2990.3033833618383,-2990.3033833618383,-2990.3033833618383,-971.8953557630674,-971.8953557630674,-971.8953557630674,-170.32510871229084,-170.32510871229084,-170.32510871229084,-171.27561672850592,-171.27561672850592,-171.27561672850592,75.03830807631263,75.03830807631263,75.03830807631263,-3.6199815054843953,-3.6199815054843953,-3.6199815054843953,1433.5814387404546,1433.5814387404546,1433.5814387404546,0.0,0.0,0.0,108378.59077499511
515,2025-09-01 23:00:00,111120.46768183792,108588.02876009254,109646.32354394978,111120.46768183792,111120.46768183792,-2053.791480042856,-2053.791480042856,-2053.791480042856,196.85581936292402,196.85581936292402,196.85581936292402,36.488207504711426,36.488207504711426,36.488207504711426,-3478.5361446735355,-3478.5361446735355,-3478.5361446735355,-2945.957811992394,-2945.957811992394,-2945.957811992394,-969.5669294230278,-969.5669294230278,-969.5669294230278,98.79523477223512,98.79523477223512,98.79523477223512,-6.046467261879222,-6.046467261879222,-6.046467261879222,103.66827100119009,103.66827100119009,103.66827100119009,7.227531362704899,7.227531362704899,7.227531362704899,1424.7446646306794,1424.7446646306794,1424.7446646306794,0.0,0.0,0.0,109066.67620179507
516,2025-09-02 00:00:00,111148.91784607265,108636.53622441924,109676.05978768096,111148.91784607265,111148.91784607265,-2014.1600098226816,-2014.1600098226816,-2014.1600098226816,206.18512474236147,206.18512474236147,206.18512474236147,43.96634598341142,43.96634598341142,43.96634598341142,-3429.636053612744,-3429.636053612744,-3429.636053612744,-2898.265024074326,-2898.265024074326,-2898.265024074326,-967.6898968601606,-967.6898968601606,-967.6898968601606,-23.302807950668086,-23.302807950668086,-23.302807950668086,155.98779259905922,155.98779259905922,155.98779259905922,56.63802199326066,56.63802199326066,56.63802199326066,-3.1556100456821956,-3.1556100456821956,-3.1556100456821956,1415.4760437900625,1415.4760437900625,1415.4760437900625,0.0,0.0,0.0,109134.75783624998
517,2025-09-02 01:00:00,111177.3680103074,109061.64038632967,110104.38007480116,111177.3680103074,111177.3680103074,-1594.4907437642526,-1594.4907437642526,-1594.4907437642526,223.9755285406903,223.9755285406903,223.9755285406903,77.9066123693033,77.9066123693033,77.9066123693033,-3000.2676494931256,-3000.2676494931256,-3000.2676494931256,-2853.864155255736,-2853.864155255736,-2853.864155255736,-965.4478848955033,-965.4478848955033,-965.4478848955033,288.3915115866313,288.3915115866313,288.3915115866313,173.13160954223014,173.13160954223014,173.13160954223014,59.25911012474316,59.25911012474316,59.25911012474316,-3.6199815054843953,-3.6199815054843953,-3.6199815054843953,1405.776905728873,1405.776905728873,1405.776905728873,0.0,0.0,0.0,109582.87726654315
518,2025-09-02 02:00:00,111205.81817454212,109511.75827053495,110560.56918550747,111205.81817454212,111205.81817454212,-1166.826078950052,-1166.826078950052,-1166.826078950052,234.58825400383995,234.58825400383995,234.58825400383995,123.63138719345692,123.63138719345692,123.63138719345692,-2562.474682623797,-2562.474682623797,-2562.474682623797,-2796.006732493662,-2796.006732493662,-2796.006732493662,-962.7960227654332,-962.7960227654332,-962.7960227654332,525.1909962592982,525.1909962592982,525.1909962592982,241.2624102917298,241.2624102917298,241.2624102917298,75.27500639245842,75.27500639245842,75.27500639245842,-3.6199815054843953,-3.6199815054843953,-3.6199815054843953,1395.6486036737447,1395.6486036737447,1395.6486036737447,0.0,0.0,0.0,110038.99209559207
519,2025-09-02 03:00:00,111234.26833877685,109693.02123639696,110730.55842686108,111234.26833877685,111234.26833877685,-1008.8839376191701,-1008.8839376191701,-1008.8839376191701,231.572332198708,231.572332198708,231.572332198708,157.05738257117062,157.05738257117062,157.05738257117062,-2393.9764521239877,-2393.9764521239877,-2393.9764521239877,-2767.047389538097,-2767.047389538097,-2767.047389538097,-959.3941473476385,-959.3941473476385,-959.3941473476385,575.0833637228613,575.0833637228613,575.0833637228613,282.70941375491765,282.70941375491765,282.70941375491765,77.37095743073081,77.37095743073081,77.37095743073081,8.671635083359295,8.671635083359295,8.671635083359295,1385.0925145048175,1385.0925145048175,1385.0925145048175,0.0,0.0,0.0,110225.38440115767
520,2025-09-02 04:00:00,111262.7185030116,109481.07243040134,110576.26444469062,111262.7185030116,111262.7185030116,-1253.7834495539162,-1253.7834495539162,-1253.7834495539162,228.77183337965693,228.77183337965693,228.77183337965693,114.60006236807462,114.60006236807462,114.60006236807462,-2627.893488133909,-2627.893488133909,-2627.893488133909,-2747.8360002329277,-2747.8360002329277,-2747.8360002329277,-955.4547690205749,-955.4547690205749,-955.4547690205749,417.70165827393885,417.70165827393885,417.70165827393885,239.0617032536896,239.0617032536896,239.0617032536896,78.88200534971796,78.88200534971796,78.88200534971796,-3.6199815054843953,-3.6199815054843953,-3.6199815054843953,1374.110038579993,1374.110038579993,1374.110038579993,0.0,0.0,0.0,110008.93505345768
521,2025-09-02 05:00:00,111291.16866724631,109618.06499128827,110680.40001887012,111291.16866724631,111291.16866724631,-1158.2265303854367,-1158.2265303854367,-1158.2265303854367,229.11635149363005,229.11635149363005,229.11635149363005,87.18576598965723,87.18576598965723,87.18576598965723,-2520.9291299306446,-2520.9291299306446,-2520.9291299306446,-2727.234143949098,-2727.234143949098,-2727.234143949098,-951.3506203655992,-951.3506203655992,-951.3506203655992,432.79094636526895,432.79094636526895,432.79094636526895,348.11882049821253,348.11882049821253,348.11882049821253,64.06373154276818,64.06373154276818,64.06373154276818,-3.6199815054843953,-3.6199815054843953,-3.6199815054843953,1362.702599545208,1362.702599545208,1362.702599545208,0.0,0.0,0.0,110132.94213686087
522,2025-09-02 06:00:00,111319.61883148106,110002.91577943241,111040.18011181895,111319.61883148106,111319.61883148106,-822.4721441300904,-822.4721441300904,-822.4721441300904,221.87105674434318,221.87105674434318,221.87105674434318,83.43234608876669,83.43234608876669,83.43234608876669,-2173.343788411873,-2173.343788411873,-2173.343788411873,-2670.917477913378,-2670.917477913378,-2670.917477913378,-944.8873989442702,-944.8873989442702,-944.8873989442702,694.3667696231629,694.3667696231629,694.3667696231629,371.1908262257043,371.1908262257043,371.1908262257043,64.0724700822534,64.0724700822534,64.0724700822534,7.52761968154508,7.52761968154508,7.52761968154508,1350.8716442817824,1350.8716442817824,1350.8716442817824,0.0,0.0,0.0,110497.14668735096
523,2025-09-02 07:00:00,111348.06899571579,110177.26536266254,111261.58265856946,111348.06899571579,111348.06899571579,-642.8867490820561,-642.8867490820561,-642.8867490820561,221.06249880201304,221.06249880201304,221.06249880201304,58.37849642307696,58.37849642307696,58.37849642307696,-1981.5053917827222,-1981.5053917827222,-1981.5053917827222,-2630.640972781493,-2630.640972781493,-2630.640972781493,-939.3345045865502,-939.3345045865502,-939.3345045865502,959.5996549888698,959.5996549888698,959.5996549888698,282.11971034676134,282.11971034676134,282.11971034676134,70.92970653008459,70.92970653008459,70.92970653008459,-3.6199815054843953,-3.6199815054843953,-3.6199815054843953,1338.618642700666,1338.618642700666,1338.618642700666,0.0,0.0,0.0,110705.18224663373
524,2025-09-02 08:00:00,111376.5191599505,110028.63834619684,111107.82507392485,111376.5191599505,111376.5191599505,-799.6698944375688,-799.6698944375688,-799.6698944375688,212.7019010120901,212.7019010120901,212.7019010120901,60.488585619650905,60.488585619650905,60.488585619650905,-2125.614982031849,-2125.614982031849,-2125.614982031849,-2590.0895865538246,-2590.0895865538246,-2590.0895865538246,-932.7114883029353,-932.7114883029353,-932.7114883029353,783.5691975797016,783.5691975797016,783.5691975797016,274.21917618416234,274.21917618416234,274.21917618416234,69.82721393479036,69.82721393479036,69.82721393479036,-3.6199815054843953,-3.6199815054843953,-3.6199815054843953,1325.9450875942803,1325.9450875942803,1325.9450875942803,0.0,0.0,0.0,110576.84926551294
525,2025-09-02 09:00:00,111404.96932418525,109852.55811701505,110870.35088639204,111404.96932418525,111404.96932418525,-1047.9211362381538,-1047.9211362381538,-1047.9211362381538,204.23187894897322,204.23187894897322,204.23187894897322,57.19068596603951,57.19068596603951,57.19068596603951,-2360.77363077062,-2360.77363077062,-2360.77363077062,-2550.2088826658646,-2550.2088826658646,-2550.2088826658646,-926.0588023715386,-926.0588023715386,-926.0588023715386,501.32617826857836,501.32617826857836,501.32617826857836,281.19739784524205,281.19739784524205,281.19739784524205,69.50838689123927,69.50838689123927,69.50838689123927,2.0395263467104976,2.0395263467104976,2.0395263467104976,1312.8524945324664,1312.8524945324664,1312.8524945324664,0.0,0.0,0.0,110357.0481879471
526,2025-09-02 10:00:00,111433.41948841998,109948.85683641092,111016.6858043553,111433.41948841998,111433.41948841998,-963.6141873961095,-963.6141873961095,-963.6141873961095,201.7019085995308,201.7019085995308,201.7019085995308,43.12679263885598,43.12679263885598,43.12679263885598,-2262.9565890415506,-2262.9565890415506,-2262.9565890415506,-2518.9231461960044,-2518.9231461960044,-2518.9231461960044,-921.1293674335342,-921.1293674335342,-921.1293674335342,514.729563038046,514.729563038046,514.729563038046,365.98865488278386,365.98865488278386,365.98865488278386,55.16898693425618,55.16898693425618,55.16898693425618,-3.6199815054843953,-3.6199815054843953,-3.6199815054843953,1299.342401645441,1299.342401645441,1299.342401645441,0.0,0.0,0.0,110469.80530102388
527,2025-09-02 11:00:00,111461.86965265471,109622.01671036286,110668.86361012443,111461.86965265471,111461.86965265471,-1281.8593626995316,-1281.8593626995316,-1281.8593626995316,222.785184905107,222.785184905107,222.785184905107,4.575367233270158,4.575367233270158,4.575367233270158,-2567.2757322621965,-2567.2757322621965,-2567.2757322621965,-2492.702518398403,-2492.702518398403,-2492.702518398403,-916.6466865746938,-916.6466865746938,-916.6466865746938,138.6581303458266,138.6581303458266,138.6581303458266,457.0048287922727,457.0048287922727,457.0048287922727,21.67219206802257,21.67219206802257,21.67219206802257,-2.622230633599178,-2.622230633599178,-2.622230633599178,1285.416369562665,1285.416369562665,1285.416369562665,0.0,0.0,0.0,110180.01028995519
528,2025-09-02 12:00:00,111490.31981688945,108739.27704792023,109813.5114987088,111490.31981688945,111490.31981688945,-2245.879157017924,-2245.879157017924,-2245.879157017924,212.18129052279417,212.18129052279417,212.18129052279417,-77.41268291014082,-77.41268291014082,-77.41268291014082,-3516.9551381944298,-3516.9551381944298,-3516.9551381944298,-2491.9373026601475,-2491.9373026601475,-2491.9373026601475,-915.7323302996596,-915.7323302996596,-915.7323302996596,-417.54611175046716,-417.54611175046716,-417.54611175046716,122.74172675492682,122.74172675492682,122.74172675492682,45.61021351361318,45.61021351361318,45.61021351361318,5.140058634651141,5.140058634651141,5.140058634651141,1271.0759811765054,1271.0759811765054,1271.0759811765054,0.0,0.0,0.0,109244.44065987151
529,2025-09-02 13:00:00,111518.76998112418,110103.66855804056,111164.06205116787,111518.76998112418,111518.76998112418,-862.5998612354277,-862.5998612354277,-862.5998612354277,221.49877640790095,221.49877640790095,221.49877640790095,49.08130362079688,49.08130362079688,49.08130362079688,-2118.9227027783077,-2118.9227027783077,-2118.9227027783077,-2427.609160547375,-2427.609160547375,-2427.609160547375,-905.0722883605293,-905.0722883605293,-905.0722883605293,334.4066739205033,334.4066739205033,334.4066739205033,355.084780457188,355.084780457188,355.084780457188,230.67744519473163,230.67744519473163,230.67744519473163,23.009766528475875,23.009766528475875,23.009766528475875,1256.3228415428798,1256.3228415428798,1256.3228415428798,0.0,0.0,0.0,110656.17011988875
530,2025-09-02 14:00:00,111547.22014535891,110465.7382850273,111554.64794146543,111547.22014535891,111547.22014535891,-567.6849475524482,-567.6849475524482,-567.6849475524482,220.8365897789916,220.8365897789916,220.8365897789916,138.68115002916812,138.68115002916812,138.68115002916812,-1808.8435252842362,-1808.8435252842362,-1808.8435252842362,-2367.580452468622,-2367.580452468622,-2367.580452468622,-893.4202973020575,-893.4202973020575,-893.4202973020575,434.95008733916944,434.95008733916944,434.95008733916944,409.6860302514012,409.6860302514012,409.6860302514012,227.21687846516858,227.21687846516858,227.21687846516858,20.786488622543953,20.786488622543953,20.786488622543953,1241.158577731788,1241.158577731788,1241.158577731788,0.0,0.0,0.0,110979.53519780646
531,2025-09-02 15:00:00,111575.67030959364,110087.25389326896,111182.05438822196,111575.67030959364,111575.67030959364,-931.2881488398185,-931.2881488398185,-931.2881488398185,226.2593662045456,226.2593662045456,226.2593662045456,98.35136306555678,98.35136306555678,98.35136306555678,-2156.8729874761493,-2156.8729874761493,-2156.8729874761493,-2322.6903962575407,-2322.6903962575407,-2322.6903962575407,-884.3329298413887,-884.3329298413887,-884.3329298413887,229.24391371303636,229.24391371303636,229.24391371303636,260.2102603822257,260.2102603822257,260.2102603822257,239.70541676290023,239.70541676290023,239.70541676290023,-3.6199815054843953,-3.6199815054843953,-3.6199815054843953,1225.5848386363305,1225.5848386363305,1225.5848386363305,0.0,0.0,0.0,110644.38216075383
532,2025-09-02 16:00:00,111604.12047382839,109993.16586728224,111048.33384290762,111604.12047382839,111604.12047382839,-1080.5184111449103,-1080.5184111449103,-1080.5184111449103,236.22804951268134,236.22804951268134,236.22804951268134,65.4416806578126,65.4416806578126,65.4416806578126,-2290.121706006715,-2290.121706006715,-2290.121706006715,-2264.304091253584,-2264.304091253584,-2264.304091253584,-875.4917105697319,-875.4917105697319,-875.4917105697319,142.9829907467176,142.9829907467176,142.9829907467176,166.2840100017681,166.2840100017681,166.2840100017681,229.34838466235692,229.34838466235692,229.34838466235692,9.388980235263618,9.388980235263618,9.388980235263618,1209.6032948618051,1209.6032948618051,1209.6032948618051,0.0,0.0,0.0,110523.60206268348
533,2025-09-02 17:00:00,111632.57063806312,110258.70726857752,111294.34001378842,111632.57063806312,111632.57063806312,-838.9095974761019,-838.9095974761019,-838.9095974761019,245.48468401309302,245.48468401309302,245.48468401309302,64.84660794485364,64.84660794485364,64.84660794485364,-2032.125236014022,-2032.125236014022,-2032.125236014022,-2171.9341767211604,-2171.9341767211604,-2171.9341767211604,-867.2407097235166,-867.2407097235166,-867.2407097235166,318.2248222286108,318.2248222286108,318.2248222286108,149.56331983859653,149.56331983859653,149.56331983859653,227.94071391967518,227.94071391967518,227.94071391967518,0.9895024858257905,0.9895024858257905,0.9895024858257905,1193.21563853792,1193.21563853792,1193.21563853792,0.0,0.0,0.0,110793.66104058702
534,2025-09-02 18:00:00,111661.02080229785,110122.27223703363,111157.27585225829,111661.02080229785,111661.02080229785,-1006.1493500725869,-1006.1493500725869,-1006.1493500725869,262.94579293086,262.94579293086,262.94579293086,28.570192356423576,28.570192356423576,28.570192356423576,-2182.5729332387273,-2182.5729332387273,-2182.5729332387273,-2107.463087260589,-2107.463087260589,-2107.463087260589,-860.5207481710128,-860.5207481710128,-860.5207481710128,133.47433654475643,133.47433654475643,133.47433654475643,124.58388258558975,124.58388258558975,124.58388258558975,229.70475976860902,229.70475976860902,229.70475976860902,6.131938006635096,6.131938006635096,6.131938006635096,1176.4235831661404,1176.4235831661404,1176.4235831661404,0.0,0.0,0.0,110654.87145222526
535,2025-09-02 19:00:00,111689.47096653258,110199.01057984571,111263.250188608,111689.47096653258,111689.47096653258,-940.1912874695915,-940.1912874695915,-940.1912874695915,279.1596797830723,279.1596797830723,279.1596797830723,33.29693595431337,33.29693595431337,33.29693595431337,-2099.4201509655272,-2099.4201509655272,-2099.4201509655272,-2063.712938632007,-2063.712938632007,-2063.712938632007,-853.8832633554565,-853.8832633554565,-853.8832633554565,146.8585232891176,146.8585232891176,146.8585232891176,128.69562451017254,128.69562451017254,128.69562451017254,229.6771683027437,229.6771683027437,229.6771683027437,0.4881191825164488,0.4881191825164488,0.4881191825164488,1159.2288634959355,1159.2288634959355,1159.2288634959355,0.0,0.0,0.0,110749.279679063
536,2025-09-02 20:00:00,111717.92113076731,110722.75941483724,111791.80823920674,111717.92113076731,111717.92113076731,-428.1503973501606,-428.1503973501606,-428.1503973501606,281.9274983377796,281.9274983377796,281.9274983377796,82.2729519960584,82.2729519960584,82.2729519960584,-1569.7836326856147,-1569.7836326856147,-1569.7836326856147,-1993.7368848559124,-1993.7368848559124,-1993.7368848559124,-845.060206059552,-845.060206059552,-845.060206059552,465.0613246430471,465.0613246430471,465.0613246430471,201.15505373480622,201.15505373480622,201.15505373480622,242.21661102364277,242.21661102364277,242.21661102364277,-3.6199815054843953,-3.6199815054843953,-3.6199815054843953,1141.6332353354542,1141.6332353354542,1141.6332353354542,0.0,0.0,0.0,111289.77073341714
537,2025-09-02 21:00:00,111746.37129500204,110989.92218210542,112091.20600005721,111746.37129500204,111746.37129500204,-211.80829049873367,-211.80829049873367,-211.80829049873367,281.4110865990165,281.4110865990165,281.4110865990165,81.04267482408989,81.04267482408989,81.04267482408989,-1335.4467658960173,-1335.4467658960173,-1335.4467658960173,-1940.557259172048,-1940.557259172048,-1940.557259172048,-836.1831512256547,-836.1831512256547,-836.1831512256547,628.2248948636959,628.2248948636959,628.2248948636959,213.35122861451046,213.35122861451046,213.35122861451046,240.88374110585738,240.88374110585738,240.88374110585738,-3.6199815054843953,-3.6199815054843953,-3.6199815054843953,1123.6384753972834,1123.6384753972834,1123.6384753972834,0.0,0.0,0.0,111534.5630045033
538,2025-09-02 22:00:00,111774.82145923677,111339.4489630872,112431.21998322585,111774.82145923677,111774.82145923677,98.21262464320733,98.21262464320733,98.21262464320733,291.2694046112459,291.2694046112459,291.2694046112459,54.32110947252432,54.32110947252432,54.32110947252432,-1007.0337564966951,-1007.0337564966951,-1007.0337564966951,-1905.6813186072877,-1905.6813186072877,-1905.6813186072877,-827.9121264196203,-827.9121264196203,-827.9121264196203,960.887672601101,960.887672601101,960.887672601101,183.8571899974856,183.8571899974856,183.8571899974856,239.84429335334082,239.84429335334082,239.84429335334082,-3.6199815054843953,-3.6199815054843953,-3.6199815054843953,1105.2463811399025,1105.2463811399025,1105.2463811399025,0.0,0.0,0.0,111873.03408387997
539,2025-09-02 23:00:00,111803.27162347152,110478.84938854644,111551.6812118281,111803.27162347152,111803.27162347152,-776.8256745116164,-776.8256745116164,-776.8256745116164,299.44155610516793,299.44155610516793,299.44155610516793,52.66978806933021,52.66978806933021,52.66978806933021,-1863.2844451477192,-1863.2844451477192,-1863.2844451477192,-1880.8610241381975,-1880.8610241381975,-1880.8610241381975,-819.582739096545,-819.582739096545,-819.582739096545,70.49233399355369,70.49233399355369,70.49233399355369,178.17957496448042,178.17957496448042,178.17957496448042,239.9960464599751,239.9960464599751,239.9960464599751,-3.6199815054843953,-3.6199815054843953,-3.6199815054843953,1086.458770636103,1086.458770636103,1086.458770636103,0.0,0.0,0.0,111026.4459489599
540,2025-09-03 00:00:00,111831.72178770624,110601.18332450815,111678.14151076191,111831.72178770624,111831.72178770624,-691.241369505283,-691.241369505283,-691.241369505283,292.8685361175725,292.8685361175725,292.8685361175725,71.47844287752243,71.47844287752243,71.47844287752243,-1758.5188518615284,-1758.5188518615284,-1758.5188518615284,-1848.0047024424327,-1848.0047024424327,-1848.0047024424327,-809.8344588644825,-809.8344588644825,-809.8344588644825,71.5054402642733,71.5054402642733,71.5054402642733,227.65399443194718,227.65399443194718,227.65399443194718,238.88347762913548,238.88347762913548,238.88347762913548,-3.0695818750641175,-3.0695818750641175,-3.0695818750641175,1067.2774823562454,1067.2774823562454,1067.2774823562454,0.0,0.0,0.0,111140.48041820095
541,2025-09-03 01:00:00,111860.17195194098,110858.16222232643,111884.90703388896,111860.17195194098,111860.17195194098,-486.34071122676886,-486.34071122676886,-486.34071122676886,297.61190733710094,297.61190733710094,297.61190733710094,39.67884432047646,39.67884432047646,39.67884432047646,-1534.0450862787002,-1534.0450862787002,-1534.0450862787002,-1820.8378228593567,-1820.8378228593567,-1820.8378228593567,-798.4173830419564,-798.4173830419564,-798.4173830419564,204.99491997710754,204.99491997710754,204.99491997710754,318.7105177096191,318.7105177096191,318.7105177096191,224.6393879549232,224.6393879549232,224.6393879549232,-0.42545767661424605,-0.42545767661424605,-0.42545767661424605,1047.7043750519313,1047.7043750519313,1047.7043750519313,0.0,0.0,0.0,111373.83124071421
542,2025-09-03 02:00:00,111888.62211617571,111210.037351641,112302.36431013595,111888.62211617571,111888.62211617571,-146.98141907157557,-146.98141907157557,-146.98141907157557,300.32381110393345,300.32381110393345,300.32381110393345,56.45449901297513,56.45449901297513,56.45449901297513,-1174.7227466535294,-1174.7227466535294,-1174.7227466535294,-1792.7416707905418,-1792.7416707905418,-1792.7416707905418,-786.2773995358468,-786.2773995358468,-786.2773995358468,302.42611134186245,302.42611134186245,302.42611134186245,555.9006059989367,555.9006059989367,555.9006059989367,192.81127772063624,192.81127772063624,192.81127772063624,-3.6199815054843953,-3.6199815054843953,-3.6199815054843953,1027.7413275819538,1027.7413275819538,1027.7413275819538,0.0,0.0,0.0,111741.64069710414
543,2025-09-03 03:00:00,111917.07228041043,110264.0601736396,111359.05931778862,111917.07228041043,111917.07228041043,-1109.7182426526438,-1109.7182426526438,-1109.7182426526438,308.8117591677587,308.8117591677587,308.8117591677587,18.6525924680833,18.6525924680833,18.6525924680833,-2117.1084813974526,-2117.1084813974526,-2117.1084813974526,-1766.4171021445422,-1766.4171021445422,-1766.4171021445422,-775.059952824944,-775.059952824944,-775.059952824944,105.93320384584007,105.93320384584007,105.93320384584007,35.00558744062576,35.00558744062576,35.00558744062576,-40.41458784478952,-40.41458784478952,-40.41458784478952,-3.6199815054843953,-3.6199815054843953,-3.6199815054843953,1007.3902387448088,1007.3902387448088,1007.3902387448088,0.0,0.0,0.0,110807.35403775779
544,2025-09-03 04:00:00,111945.52244464518,110277.41982087966,111371.95485092176,111945.52244464518,111945.52244464518,-1102.9303569107637,-1102.9303569107637,-1102.9303569107637,319.24997097196047,319.24997097196047,319.24997097196047,-5.086527355640067,-5.086527355640067,-5.086527355640067,-2089.58338404014,-2089.58338404014,-2089.58338404014,-1748.5654335185097,-1748.5654335185097,-1748.5654335185097,-761.7562292759133,-761.7562292759133,-761.7562292759133,183.36700356610496,183.36700356610496,183.36700356610496,-30.476587184197033,-30.476587184197033,-30.476587184197033,-42.69559973846133,-42.69559973846133,-42.69559973846133,-3.6199815054843953,-3.6199815054843953,-3.6199815054843953,986.6530271293763,986.6530271293763,986.6530271293763,0.0,0.0,0.0,110842.59208773442
545,2025-09-03 05:00:00,111973.9726088799,110232.71064159906,111289.56945438766,111973.9726088799,111973.9726088799,-1198.7081994849973,-1198.7081994849973,-1198.7081994849973,331.62311670577316,331.62311670577316,331.62311670577316,-41.040449678906896,-41.040449678906896,-41.040449678906896,-2164.2398303963228,-2164.2398303963228,-2164.2398303963228,-1740.017962249679,-1740.017962249679,-1740.017962249679,-749.9631547688291,-749.9631547688291,-749.9631547688291,53.14759482865655,53.14759482865655,53.14759482865655,43.85357688861324,43.85357688861324,43.85357688861324,-58.222570616466435,-58.222570616466435,-58.222570616466435,-3.6199815054843953,-3.6199815054843953,-3.6199815054843953,965.5316309113255,965.5316309113255,965.5316309113255,0.0,0.0,0.0,110775.2644093949
546,2025-09-03 06:00:00,112002.42277311464,110016.2517496559,111073.04139508776,112002.42277311464,112002.42277311464,-1438.4016618921903,-1438.4016618921903,-1438.4016618921903,339.8400881213065,339.8400881213065,339.8400881213065,-58.25768497049462,-58.25768497049462,-58.25768497049462,-2382.4296696094925,-2382.4296696094925,-2382.4296696094925,-1726.815180002304,-1726.815180002304,-1726.815180002304,-736.973465516498,-736.973465516498,-736.973465516498,-203.6516214574957,-203.6516214574957,-203.6516214574957,58.78392419377971,58.78392419377971,58.78392419377971,-58.28116344320224,-58.28116344320224,-58.28116344320224,2.9254334654158147,2.9254334654158147,2.9254334654158147,944.0280077173019,944.0280077173019,944.0280077173019,0.0,0.0,0.0,110564.02111122245
547,2025-09-03 07:00:00,112030.87293734937,110468.19725507962,111488.96985972438,112030.87293734937,112030.87293734937,-1073.7138864690094,-1073.7138864690094,-1073.7138864690094,347.2786359153252,347.2786359153252,347.2786359153252,-17.54098293745473,-17.54098293745473,-17.54098293745473,-1995.858020943528,-1995.858020943528,-1995.858020943528,-1683.5142944668294,-1683.5142944668294,-1683.5142944668294,-724.3384689670822,-724.3384689670822,-724.3384689670822,13.66353137434388,13.66353137434388,13.66353137434388,121.77815864508648,121.77815864508648,121.77815864508648,-49.564619001432675,-49.564619001432675,-49.564619001432675,-3.6199815054843953,-3.6199815054843953,-3.6199815054843953,922.1441344745184,922.1441344745184,922.1441344745184,0.0,0.0,0.0,110957.15905088036
548,2025-09-03 08:00:00,112059.3231015841,110541.09168920136,111619.39027880752,112059.3231015841,112059.3231015841,-997.0672724547081,-997.0672724547081,-997.0672724547081,348.13162448817076,348.13162448817076,348.13162448817076,7.519795875276652,7.519795875276652,7.519795875276652,-1896.9492796749205,-1896.9492796749205,-1896.9492796749205,-1618.6336367625431,-1618.6336367625431,-1618.6336367625431,-712.8946233080261,-712.8946233080261,-712.8946233080261,-37.64461069718894,-37.64461069718894,-37.64461069718894,174.09364767771544,174.09364767771544,174.09364767771544,-53.90149544284054,-53.90149544284054,-53.90149544284054,-3.6199815054843953,-3.6199815054843953,-3.6199815054843953,899.8820072202124,899.8820072202124,899.8820072202124,0.0,0.0,0.0,111062.2558291294
549,2025-09-03 09:00:00,112087.77326581883,110727.91966918216,111792.61180687894,112087.77326581883,112087.77326581883,-813.6575244129032,-813.6575244129032,-813.6575244129032,352.69125145403467,352.69125145403467,352.69125145403467,17.90225773847119,17.90225773847119,17.90225773847119,-1690.9011653203493,-1690.9011653203493,-1690.9011653203493,-1614.6295048739903,-1614.6295048739903,-1614.6295048739903,-705.4657342146243,-705.4657342146243,-705.4657342146243,72.00095438727269,72.00095438727269,72.00095438727269,239.9456003363889,239.9456003363889,239.9456003363889,-49.72600864241784,-49.72600864241784,-49.72600864241784,-3.6199815054843953,-3.6199815054843953,-3.6199815054843953,877.2436409074462,877.2436409074462,877.2436409074462,0.0,0.0,0.0,111274.11574140593
550,2025-09-03 10:00:00,112116.22343005358,110620.27463960151,111705.11194784727,112116.22343005358,112116.22343005358,-960.5977991580708,-960.5977991580708,-960.5977991580708,349.6886715246055,349.6886715246055,349.6886715246055,78.42629251114883,78.42629251114883,78.42629251114883,-1814.8288684546073,-1814.8288684546073,-1814.8288684546073,-1609.9198142462656,-1609.9198142462656,-1609.9198142462656,-698.1818967326036,-698.1818967326036,-698.1818967326036,79.72084812981022,79.72084812981022,79.72084812981022,72.89182449134414,72.89182449134414,72.89182449134414,-90.44402964557281,-90.44402964557281,-90.44402964557281,2.9892355129258785,2.9892355129258785,2.9892355129258785,854.2310692965367,854.2310692965367,854.2310692965367,0.0,0.0,0.0,111155.6256308955
551,2025-09-03 11:00:00,112144.67359428831,110803.06008729473,111891.95852947987,112144.67359428831,112144.67359428831,-761.3422294419764,-761.3422294419764,-761.3422294419764,338.5415380756525,338.5415380756525,338.5415380756525,111.59161306420005,111.59161306420005,111.59161306420005,-1592.1885742030188,-1592.1885742030188,-1592.1885742030188,-1588.1259652307378,-1588.1259652307378,-1588.1259652307378,-690.6106726930999,-690.6106726930999,-690.6106726930999,160.5402880467547,160.5402880467547,160.5402880467547,175.05241775028944,175.05241775028944,175.05241775028944,-95.55781171059294,-95.55781171059294,-95.55781171059294,-3.6199815054843953,-3.6199815054843953,-3.6199815054843953,830.8463447610421,830.8463447610421,830.8463447610421,0.0,0.0,0.0,111383.33136484634
552,2025-09-03 12:00:00,112173.12375852303,110482.41162522532,111585.45583019682,112173.12375852303,112173.12375852303,-1160.3493722835162,-1160.3493722835162,-1160.3493722835162,344.6110946496522,344.6110946496522,344.6110946496522,55.01434484652654,55.01434484652654,55.01434484652654,-1967.4409103520525,-1967.4409103520525,-1967.4409103520525,-1575.2173378788384,-1575.2173378788384,-1575.2173378788384,-680.3785207978157,-680.3785207978157,-680.3785207978157,-47.34262213907939,-47.34262213907939,-47.34262213907939,23.34880980997151,23.34880980997151,23.34880980997151,-83.85669733698505,-83.85669733698505,-83.85669733698505,-3.6199815054843953,-3.6199815054843953,-3.6199815054843953,807.0915380685362,807.0915380685362,807.0915380685362,0.0,0.0,0.0,111012.77438623951
553,2025-09-03 13:00:00,112201.57392275776,110890.54963130278,111982.45185957849,112201.57392275776,112201.57392275776,-784.1179534261878,-784.1179534261878,-784.1179534261878,349.19004316202296,349.19004316202296,349.19004316202296,70.3493566640009,70.3493566640009,70.3493566640009,-1567.0866917215062,-1567.0866917215062,-1567.0866917215062,-1559.448386870841,-1559.448386870841,-1559.448386870841,-670.0545211965839,-670.0545211965839,-670.0545211965839,183.92649951570786,183.92649951570786,183.92649951570786,138.77320139365872,138.77320139365872,138.77320139365872,-76.2029028839874,-76.2029028839874,-76.2029028839874,-3.6199815054843953,-3.6199815054843953,-3.6199815054843953,782.9687382953186,782.9687382953186,782.9687382953186,0.0,0.0,0.0,111417.45596933157
554,2025-09-03 14:00:00,112230.0240869925,111599.5127039741,112633.32643746524,112230.0240869925,112230.0240869925,-115.77173821459029,-115.77173821459029,-115.77173821459029,329.13372585159715,329.13372585159715,329.13372585159715,150.58119485679893,150.58119485679893,150.58119485679893,-874.2517908066595,-874.2517908066595,-874.2517908066595,-1510.5909107706436,-1510.5909107706436,-1510.5909107706436,-657.2379964626379,-657.2379964626379,-657.2379964626379,521.1491550238911,521.1491550238911,521.1491550238911,318.25371125391814,318.25371125391814,318.25371125391814,-21.920689054098766,-21.920689054098766,-21.920689054098766,-3.6199815054843953,-3.6199815054843953,-3.6199815054843953,758.4800525920692,758.4800525920692,758.4800525920692,0.0,0.0,0.0,112114.25234877791
555,2025-09-03 15:00:00,112258.47425122724,111697.36536561944,112797.45714252282,112258.47425122724,112258.47425122724,8.333763381436764,8.333763381436764,8.333763381436764,310.51000263477323,310.51000263477323,310.51000263477323,135.5094144642576,135.5094144642576,135.5094144642576,-725.2938426676671,-725.2938426676671,-725.2938426676671,-1465.0694081692554,-1465.0694081692554,-1465.0694081692554,-644.8130988696955,-644.8130988696955,-644.8130988696955,610.8125222006272,610.8125222006272,610.8125222006272,356.39089020511403,356.39089020511403,356.39089020511403,-25.014183628003668,-25.014183628003668,-25.014183628003668,-3.6199815054843953,-3.6199815054843953,-3.6199815054843953,733.627606049104,733.627606049104,733.627606049104,0.0,0.0,0.0,112266.80801460867
556,2025-09-03 16:00:00,112286.92441546197,111391.76321834023,112483.8666539013,112286.92441546197,112286.92441546197,-355.0306208218084,-355.0306208218084,-355.0306208218084,305.0438595586925,305.0438595586925,305.0438595586925,84.89135841035146,84.89135841035146,84.89135841035146,-1063.4441622989643,-1063.4441622989643,-1063.4441622989643,-1451.3375142299974,-1451.3375142299974,-1451.3375142299974,-634.4037837689261,-634.4037837689261,-634.4037837689261,470.00317003065203,470.00317003065203,470.00317003065203,181.16316998314764,181.16316998314764,181.16316998314764,-15.184440777399912,-15.184440777399912,-15.184440777399912,-3.6199815054843953,-3.6199815054843953,-3.6199815054843953,708.4135414771561,708.4135414771561,708.4135414771561,0.0,0.0,0.0,111931.89379464016
557,2025-09-03 17:00:00,112315.3745796967,111680.48849051927,112713.55509284794,112315.3745796967,112315.3745796967,-100.51030377510229,-100.51030377510229,-100.51030377510229,292.3955815855612,292.3955815855612,292.3955815855612,94.80376340689193,94.80376340689193,94.80376340689193,-783.3503230523436,-783.3503230523436,-783.3503230523436,-1417.7806816949812,-1417.7806816949812,-1417.7806816949812,-620.344613601606,-620.344613601606,-620.344613601606,498.59905517157705,498.59905517157705,498.59905517157705,387.735803649598,387.735803649598,387.735803649598,-15.139250063899865,-15.139250063899865,-15.139250063899865,-3.6199815054843953,-3.6199815054843953,-3.6199815054843953,682.8400192772414,682.8400192772414,682.8400192772414,0.0,0.0,0.0,112214.8642759216
558,2025-09-03 18:00:00,112343.82474393143,111560.57791220883,112554.47651573383,112343.82474393143,112343.82474393143,-294.72068905527243,-294.72068905527243,-294.72068905527243,282.80616867998333,282.80616867998333,282.80616867998333,68.74782075653755,68.74782075653755,68.74782075653755,-951.6299063251815,-951.6299063251815,-951.6299063251815,-1395.1566825921918,-1395.1566825921918,-1395.1566825921918,-607.709128662929,-607.709128662929,-607.709128662929,413.5420219646514,413.5420219646514,413.5420219646514,289.46572154070475,289.46572154070475,289.46572154070475,-4.98860374352659,-4.98860374352659,-4.98860374352659,1.6627757315886618,1.6627757315886618,1.6627757315886618,656.9092172699092,656.9092172699092,656.9092172699092,0.0,0.0,0.0,112049.10405487615
559,2025-09-03 19:00:00,112372.27490816616,111639.73489696941,112702.24226146712,112372.27490816616,112372.27490816616,-185.1239173895769,-185.1239173895769,-185.1239173895769,275.63562171676574,275.63562171676574,275.63562171676574,55.63335542336752,55.63335542336752,55.63335542336752,-815.7472478618387,-815.7472478618387,-815.7472478618387,-1364.8220163577273,-1364.8220163577273,-1364.8220163577273,-594.8576535722834,-594.8576535722834,-594.8576535722834,399.40334240346436,399.40334240346436,399.40334240346436,431.7061907156693,431.7061907156693,431.7061907156693,-14.82610668561055,-14.82610668561055,-14.82610668561055,-3.6199815054843953,-3.6199815054843953,-3.6199815054843953,630.6233304722618,630.6233304722618,630.6233304722618,0.0,0.0,0.0,112187.15099077659
560,2025-09-03 20:00:00,112400.7250724009,111569.85436344924,112690.00660746603,112400.7250724009,112400.7250724009,-248.5264082015124,-248.5264082015124,-248.5264082015124,267.5250676543676,267.5250676543676,267.5250676543676,58.83179226484689,58.83179226484689,58.83179226484689,-852.5109791850422,-852.5109791850422,-852.5109791850422,-1339.262892899976,-1339.262892899976,-1339.262892899976,-583.2022743132951,-583.2022743132951,-583.2022743132951,331.4965849717295,331.4965849717295,331.4965849717295,430.4367675707513,430.4367675707513,430.4367675707513,-14.71604292798197,-14.71604292798197,-14.71604292798197,-3.6199815054843953,-3.6199815054843953,-3.6199815054843953,603.9845709835298,603.9845709835298,603.9845709835298,0.0,0.0,0.0,112152.1986641994
561,2025-09-03 21:00:00,112429.17523663562,111391.44218800154,112461.38327083376,112429.17523663562,112429.17523663562,-486.3489251536353,-486.3489251536353,-486.3489251536353,276.7156010012625,276.7156010012625,276.7156010012625,36.267001906028526,36.267001906028526,36.267001906028526,-1063.3440928890275,-1063.3440928890275,-1063.3440928890275,-1314.613079778271,-1314.613079778271,-1314.613079778271,-572.2683375700943,-572.2683375700943,-572.2683375700943,239.54731203332454,239.54731203332454,239.54731203332454,289.07299741949834,289.07299741949834,289.07299741949834,-14.445606395291723,-14.445606395291723,-14.445606395291723,-3.6199815054843953,-3.6199815054843953,-3.6199815054843953,576.9951677353922,576.9951677353922,576.9951677353922,0.0,0.0,0.0,111942.82631148199
562,2025-09-03 22:00:00,112457.62540087035,111564.12534760377,112620.81238436743,112457.62540087035,112457.62540087035,-353.80046413529925,-353.80046413529925,-353.80046413529925,285.24966768052184,285.24966768052184,285.24966768052184,28.51579525664703,28.51579525664703,28.51579525664703,-903.4578305521493,-903.4578305521493,-903.4578305521493,-1297.92701713435,-1297.92701713435,-1297.92701713435,-559.5664927401793,-559.5664927401793,-559.5664927401793,348.6522441235497,348.6522441235497,348.6522441235497,310.8959096972648,310.8959096972648,310.8959096972648,-15.657955930118701,-15.657955930118701,-15.657955930118701,-3.6199815054843953,-3.6199815054843953,-3.6199815054843953,549.6573664168501,549.6573664168501,549.6573664168501,0.0,0.0,0.0,112103.82493673505
563,2025-09-03 23:00:00,112486.0755651051,111265.55923107367,112320.3264073521,112486.0755651051,112486.0755651051,-709.1556670931379,-709.1556670931379,-709.1556670931379,299.3830312089748,299.3830312089748,299.3830312089748,-8.98379807669849,-8.98379807669849,-8.98379807669849,-1231.1290962714563,-1231.1290962714563,-1231.1290962714563,-1279.0058820747265,-1279.0058820747265,-1279.0058820747265,-544.1272566103555,-544.1272566103555,-544.1272566103555,144.9623072741472,144.9623072741472,144.9623072741472,172.46868177909886,172.46868177909886,172.46868177909886,-12.206198266412226,-12.206198266412226,-12.206198266412226,-3.6199815054843953,-3.6199815054843953,-3.6199815054843953,521.9734291783183,521.9734291783183,521.9734291783183,0.0,0.0,0.0,111776.91989801197
564,2025-09-04 00:00:00,112514.52572933982,111273.49748015673,112316.83162736232,112514.52572933982,112514.52572933982,-736.1073313848486,-736.1073313848486,-736.1073313848486,307.6529886538129,307.6529886538129,307.6529886538129,21.040752407719445,21.040752407719445,21.040752407719445,-1230.0529659421536,-1230.0529659421536,-1230.0529659421536,-1245.554825988099,-1245.554825988099,-1245.554825988099,-529.6477969571096,-529.6477969571096,-529.6477969571096,-9.314662931394171,-9.314662931394171,-9.314662931394171,231.84858543208207,231.84858543208207,231.84858543208207,-2.4580250536807666,-2.4580250536807666,-2.4580250536807666,-3.6199815054843953,-3.6199815054843953,-3.6199815054843953,493.9456345573049,493.9456345573049,493.9456345573049,0.0,0.0,0.0,111778.41839795497
565,2025-09-04 01:00:00,112542.97589357456,111284.48159227894,112290.89171988603,112542.97589357456,112542.97589357456,-761.3557737041356,-761.3557737041356,-761.3557737041356,315.33223485259117,315.33223485259117,315.33223485259117,-1.7896377711457163,-1.7896377711457163,-1.7896377711457163,-1226.932050942903,-1226.932050942903,-1226.932050942903,-1209.901738285259,-1209.901738285259,-1209.901738285259,-519.0111061296583,-519.0111061296583,-519.0111061296583,-69.1584931878239,-69.1584931878239,-69.1584931878239,157.71681107182576,157.71681107182576,157.71681107182576,2.6464849408530067,2.6464849408530067,2.6464849408530067,97.23339356571391,97.23339356571391,97.23339356571391,465.5762772387675,465.5762772387675,465.5762772387675,0.0,0.0,0.0,111781.62011987042
566,2025-09-04 02:00:00,112571.4260578093,111045.88552545616,112105.19889340842,112571.4260578093,112571.4260578093,-997.6893171940949,-997.6893171940949,-997.6893171940949,322.3322741141833,322.3322741141833,322.3322741141833,-93.06966126358519,-93.06966126358519,-93.06966126358519,-1434.5569850687239,-1434.5569850687239,-1434.5569850687239,-1187.8550353736046,-1187.8550353736046,-1187.8550353736046,-509.4331821777167,-509.4331821777167,-509.4331821777167,-99.29692458879602,-99.29692458879602,-99.29692458879602,127.87700707584523,127.87700707584523,127.87700707584523,8.50851865043457,8.50851865043457,8.50851865043457,-3.6199815054843953,-3.6199815054843953,-3.6199815054843953,436.86766787462903,436.86766787462903,436.86766787462903,0.0,0.0,0.0,111573.7367406152
567,2025-09-04 03:00:00,112599.87622204401,110599.60792724769,111676.96279438982,112599.87622204401,112599.87622204401,-1477.5912229899625,-1477.5912229899625,-1477.5912229899625,315.7255899027344,315.7255899027344,315.7255899027344,-160.23497323562546,-160.23497323562546,-160.23497323562546,-1885.4133559700917,-1885.4133559700917,-1885.4133559700917,-1184.5956981736247,-1184.5956981736247,-1184.5956981736247,-502.27135043868964,-502.27135043868964,-502.27135043868964,-360.8872826235347,-360.8872826235347,-360.8872826235347,2.8921331604127705,2.8921331604127705,2.8921331604127705,7.578206943720018,7.578206943720018,7.578206943720018,-3.6199815054843953,-3.6199815054843953,-3.6199815054843953,407.82213298012925,407.82213298012925,407.82213298012925,0.0,0.0,0.0,111122.28499905404
568,2025-09-04 04:00:00,112628.32638627876,110326.07243559034,111392.83784401433,112628.32638627876,112628.32638627876,-1779.4328491999652,-1779.4328491999652,-1779.4328491999652,302.70262655007514,302.70262655007514,302.70262655007514,-138.816429474101,-138.816429474101,-138.816429474101,-2157.8748638159936,-2157.8748638159936,-2157.8748638159936,-1182.6070550541372,-1182.6070550541372,-1182.6070550541372,-498.25987364654003,-498.25987364654003,-498.25987364654003,-293.16170138630554,-293.16170138630554,-293.16170138630554,-292.8321019103889,-292.8321019103889,-292.8321019103889,-51.42806196557517,-51.42806196557517,-51.42806196557517,-3.4722669290210795,-3.4722669290210795,-3.4722669290210795,378.4420146160287,378.4420146160287,378.4420146160287,0.0,0.0,0.0,110848.8935370788
569,2025-09-04 05:00:00,112656.77655051349,110023.01408456275,111063.42420706987,112656.77655051349,112656.77655051349,-2118.0435303331337,-2118.0435303331337,-2118.0435303331337,273.6409911338527,273.6409911338527,273.6409911338527,-139.30150715237818,-139.30150715237818,-139.30150715237818,-2466.7732006993842,-2466.7732006993842,-2466.7732006993842,-1200.2517597833482,-1200.2517597833482,-1200.2517597833482,-497.03084206390037,-497.03084206390037,-497.03084206390037,-522.4893749154218,-522.4893749154218,-522.4893749154218,-346.0761965386778,-346.0761965386778,-346.0761965386778,-44.0375546352537,-44.0375546352537,-44.0375546352537,8.773043255743024,8.773043255743024,8.773043255743024,348.72967036625084,348.72967036625084,348.72967036625084,0.0,0.0,0.0,110538.73302018036
570,2025-09-04 06:00:00,112685.22671474822,109890.87033122066,110917.03539355635,112685.22671474822,112685.22671474822,-2272.977522496008,-2272.977522496008,-2272.977522496008,236.52207360301483,236.52207360301483,236.52207360301483,-119.20872040196689,-119.20872040196689,-119.20872040196689,-2591.664995512993,-2591.664995512993,-2591.664995512993,-1230.1128412250837,-1230.1128412250837,-1230.1128412250837,-496.27524282396666,-496.27524282396666,-496.27524282396666,-606.9256480994178,-606.9256480994178,-606.9256480994178,-323.96697097436765,-323.96697097436765,-323.96697097436765,-48.07766408572064,-48.07766408572064,-48.07766408572064,-3.6199815054843953,-3.6199815054843953,-3.6199815054843953,318.6874730169848,318.6874730169848,318.6874730169848,0.0,0.0,0.0,110412.24919225222
571,2025-09-04 07:00:00,112713.67687898295,109803.85655843382,110866.98788262242,112713.67687898295,112713.67687898295,-2375.4323680263424,-2375.4323680263424,-2375.4323680263424,202.05450732437956,202.05450732437956,202.05450732437956,-88.6339968758564,-88.6339968758564,-88.6339968758564,-2663.750178516307,-2663.750178516307,-2663.750178516307,-1257.5396876541633,-1257.5396876541633,-1257.5396876541633,-495.09340185394973,-495.09340185394973,-495.09340185394973,-486.56832649593207,-486.56832649593207,-486.56832649593207,-466.0671696907546,-466.0671696907546,-466.0671696907546,-71.78550550522613,-71.78550550522613,-71.78550550522613,-0.11659776480416283,-0.11659776480416283,-0.11659776480416283,288.3178104899649,288.3178104899649,288.3178104899649,0.0,0.0,0.0,110338.2445109566
572,2025-09-04 08:00:00,112742.12704321768,109987.07903763163,111064.60208505028,112742.12704321768,112742.12704321768,-2246.586260875268,-2246.586260875268,-2246.586260875268,184.90475162196805,184.90475162196805,184.90475162196805,-62.234694969534225,-62.234694969534225,-62.234694969534225,-2504.2093464481604,-2504.2093464481604,-2504.2093464481604,-1271.5680309888787,-1271.5680309888787,-1271.5680309888787,-494.21942926617663,-494.21942926617663,-494.21942926617663,-428.14691373730636,-428.14691373730636,-428.14691373730636,-358.13728114717486,-358.13728114717486,-358.13728114717486,-71.1877664555731,-71.1877664555731,-71.1877664555731,-3.6199815054843953,-3.6199815054843953,-3.6199815054843953,257.6230855728919,257.6230855728919,257.6230855728919,0.0,0.0,0.0,110495.54078234242
573,2025-09-04 09:00:00,112770.57720745241,110078.59123260566,111122.89191017464,112770.57720745241,112770.57720745241,-2182.399012721432,-2182.399012721432,-2182.399012721432,170.09518533144342,170.09518533144342,170.09518533144342,-43.92091719667041,-43.92091719667041,-43.92091719667041,-2409.0047284769753,-2409.0047284769753,-2409.0047284769753,-1289.9182944572615,-1289.9182944572615,-1289.9182944572615,-491.6947009663706,-491.6947009663706,-491.6947009663706,-280.62780571917364,-280.62780571917364,-280.62780571917364,-394.13291316162963,-394.13291316162963,-394.13291316162963,-75.18530080182833,-75.18530080182833,-75.18530080182833,-3.6199815054843953,-3.6199815054843953,-3.6199815054843953,226.60571575554323,226.60571575554323,226.60571575554323,0.0,0.0,0.0,110588.17819473098
574,2025-09-04 10:00:00,112799.02737168716,109812.95348379914,110874.45466538936,112799.02737168716,112799.02737168716,-2483.0615522868943,-2483.0615522868943,-2483.0615522868943,174.92966255762278,174.92966255762278,174.92966255762278,-33.08785469256975,-33.08785469256975,-33.08785469256975,-2678.329685404449,-2678.329685404449,-2678.329685404449,-1338.0128493191667,-1338.0128493191667,-1338.0128493191667,-490.67097602054827,-490.67097602054827,-490.67097602054827,-494.1531793287014,-494.1531793287014,-494.1531793287014,-417.4784452000996,-417.4784452000996,-417.4784452000996,-76.23606189550179,-76.23606189550179,-76.23606189550179,-3.6199815054843953,-3.6199815054843953,-3.6199815054843953,195.26813311755478,195.26813311755478,195.26813311755478,0.0,0.0,0.0,110315.96581940027
575,2025-09-04 11:00:00,112827.47753592189,110014.79639759919,111073.2575631795,112827.47753592189,112827.47753592189,-2292.047947347267,-2292.047947347267,-2292.047947347267,177.91967964614045,177.91967964614045,177.91967964614045,-27.234376892847123,-27.234376892847123,-27.234376892847123,-2455.6607313990485,-2455.6607313990485,-2455.6607313990485,-1379.249602686316,-1379.249602686316,-1379.249602686316,-489.03734445708216,-489.03734445708216,-489.03734445708216,-350.2125952582045,-350.2125952582045,-350.2125952582045,-312.20397575386045,-312.20397575386045,-312.20397575386045,-72.0225344913942,-72.0225344913942,-72.0225344913942,-3.6199815054843953,-3.6199815054843953,-3.6199815054843953,163.61278405178146,163.61278405178146,163.61278405178146,0.0,0.0,0.0,110535.42958857463
576,2025-09-04 12:00:00,112855.92770015661,110232.71982482502,111357.88265871145,112855.92770015661,112855.92770015661,-2040.2795948637736,-2040.2795948637736,-2040.2795948637736,185.44378051951483,185.44378051951483,185.44378051951483,-17.90500122373083,-17.90500122373083,-17.90500122373083,-2171.9217239676204,-2171.9217239676204,-2171.9217239676204,-1405.591380082051,-1405.591380082051,-1405.591380082051,-486.2943672049643,-486.2943672049643,-486.2943672049643,-136.22186090472493,-136.22186090472493,-136.22186090472493,-247.98071639088843,-247.98071639088843,-247.98071639088843,-68.0162263156711,-68.0162263156711,-68.0162263156711,4.64404763489518,4.64404763489518,4.64404763489518,131.64212910384697,131.64212910384697,131.64212910384697,0.0,0.0,0.0,110815.64810529283
577,2025-09-04 13:00:00,112884.37786439135,110100.6763616176,111153.80577834908,112884.37786439135,112884.37786439135,-2264.100008980636,-2264.100008980636,-2264.100008980636,177.0415436705681,177.0415436705681,177.0415436705681,-42.894815455752216,-42.894815455752216,-42.894815455752216,-2363.4586518105325,-2363.4586518105325,-2363.4586518105325,-1458.8368579149032,-1458.8368579149032,-1458.8368579149032,-482.80677947135257,-482.80677947135257,-482.80677947135257,-208.04915543487718,-208.04915543487718,-208.04915543487718,-285.4147897758181,-285.4147897758181,-285.4147897758181,-58.8778159229131,-58.8778159229131,-58.8778159229131,-3.6199815054843953,-3.6199815054843953,-3.6199815054843953,99.35864282989645,99.35864282989645,99.35864282989645,0.0,0.0,0.0,110620.27785541072
578,2025-09-04 14:00:00,112912.82802862609,109473.89108654663,110534.35389011988,112912.82802862609,112912.82802862609,-2908.0832144173783,-2908.0832144173783,-2908.0832144173783,149.41862148790315,149.41862148790315,149.41862148790315,-101.08043490029686,-101.08043490029686,-101.08043490029686,-2974.8480280111794,-2974.8480280111794,-2974.8480280111794,-1520.7989116639887,-1520.7989116639887,-1520.7989116639887,-478.5160661175613,-478.5160661175613,-478.5160661175613,-386.99126763569797,-386.99126763569797,-386.99126763569797,-567.8146396463995,-567.8146396463995,-567.8146396463995,-65.4453480296532,-65.4453480296532,-65.4453480296532,-3.6199815054843953,-3.6199815054843953,-3.6199815054843953,66.76481359380097,66.76481359380097,66.76481359380097,0.0,0.0,0.0,110004.74481420871
579,2025-09-04 15:00:00,112941.27819286082,109248.0842936329,110325.14943282858,112941.27819286082,112941.27819286082,-3097.0962539643947,-3097.0962539643947,-3097.0962539643947,111.84124934588674,111.84124934588674,111.84124934588674,-143.16749820135647,-143.16749820135647,-143.16749820135647,-3130.9593972968696,-3130.9593972968696,-3130.9593972968696,-1599.992201248624,-1599.992201248624,-1599.992201248624,-484.75761986173075,-484.75761986173075,-484.75761986173075,-371.7645891723702,-371.7645891723702,-371.7645891723702,-578.9332907867562,-578.9332907867562,-578.9332907867562,-62.558281458427714,-62.558281458427714,-62.558281458427714,-1.6271659134906518,-1.6271659134906518,-1.6271659134906518,33.86314333247485,33.86314333247485,33.86314333247485,0.0,0.0,0.0,109844.18193889642
580,2025-09-04 16:00:00,112969.72835709555,109252.52062170515,110323.81462981727,112969.72835709555,112969.72835709555,-3153.4170753460517,-3153.4170753460517,-3153.4170753460517,76.94797521401443,76.94797521401443,76.94797521401443,-121.07822321024547,-121.07822321024547,-121.07822321024547,-3154.0732227672815,-3154.0732227672815,-3154.0732227672815,-1682.025622889674,-1682.025622889674,-1682.025622889674,-492.00113470514685,-492.00113470514685,-492.00113470514685,-322.5443741849867,-322.5443741849867,-322.5443741849867,-541.3538812853664,-541.3538812853664,-541.3538812853664,-69.50574443884878,-69.50574443884878,-69.50574443884878,-2.512217267028173,-2.512217267028173,-2.512217267028173,0.6561474212299939,0.6561474212299939,0.6561474212299939,0.0,0.0,0.0,109816.3112817495
581,2025-09-04 17:00:00,112998.17852133028,109551.12897536703,110644.21843429664,112998.17852133028,112998.17852133028,-2906.5182379249864,-2906.5182379249864,-2906.5182379249864,59.383323662626516,59.383323662626516,59.383323662626516,-75.38157587944616,-75.38157587944616,-75.38157587944616,-2873.6645924318755,-2873.6645924318755,-2873.6645924318755,-1746.5065787001051,-1746.5065787001051,-1746.5065787001051,-495.6171077665119,-495.6171077665119,-495.6171077665119,-224.72765239397174,-224.72765239397174,-224.72765239397174,-342.30637901526325,-342.30637901526325,-342.30637901526325,-49.530073391293946,-49.530073391293946,-49.530073391293946,1.0214510520901445,1.0214510520901445,1.0214510520901445,-32.85364549311082,-32.85364549311082,-32.85364549311082,0.0,0.0,0.0,110091.66028340529
582,2025-09-04 18:00:00,113026.62868556501,109694.16751188698,110769.25896725935,113026.62868556501,113026.62868556501,-2818.0192650134977,-2818.0192650134977,-2818.0192650134977,63.701491862529416,63.701491862529416,63.701491862529416,-35.80347164235045,-35.80347164235045,-35.80347164235045,-2751.355571256358,-2751.355571256358,-2751.355571256358,-1803.9122144191151,-1803.9122144191151,-1803.9122144191151,-498.31936556375126,-498.31936556375126,-498.31936556375126,-194.84497888694546,-194.84497888694546,-194.84497888694546,-238.3662708799805,-238.3662708799805,-238.3662708799805,-43.04915473796955,-43.04915473796955,-43.04915473796955,-0.7616069887751318,-0.7616069887751318,-0.7616069887751318,-66.6636937571396,-66.6636937571396,-66.6636937571396,0.0,0.0,0.0,110208.60942055151
583,2025-09-04 19:00:00,113055.07884979974,109581.99282577726,110607.31149028696,113055.07884979974,113055.07884979974,-2952.527076923396,-2952.527076923396,-2952.527076923396,67.71121947672476,67.71121947672476,67.71121947672476,-35.4481171763632,-35.4481171763632,-35.4481171763632,-2851.7556340890833,-2851.7556340890833,-2851.7556340890833,-1857.2331813008052,-1857.2331813008052,-1857.2331813008052,-502.26176579938334,-502.26176579938334,-502.26176579938334,-293.12581836805185,-293.12581836805185,-293.12581836805185,-177.82326395008556,-177.82326395008556,-177.82326395008556,-51.97910928381756,-51.97910928381756,-51.97910928381756,-1.5955976873008735,-1.5955976873008735,-1.5955976873008735,-100.7714428343131,-100.7714428343131,-100.7714428343131,0.0,0.0,0.0,110102.55177287635
584,2025-09-04 20:00:00,113083.52901403449,109987.70068743415,111074.26075761465,113083.52901403449,113083.52901403449,-2549.67926226549,-2549.67926226549,-2549.67926226549,88.66274850982677,88.66274850982677,88.66274850982677,-5.11405272272634,-5.11405272272634,-5.11405272272634,-2414.504936766566,-2414.504936766566,-2414.504936766566,-1910.5814527320815,-1910.5814527320815,-1910.5814527320815,-503.45612174428703,-503.45612174428703,-503.45612174428703,-76.11135225125305,-76.11135225125305,-76.11135225125305,31.84382600839182,31.84382600839182,31.84382600839182,-36.128550328952,-36.128550328952,-36.128550328952,-3.6199815054843953,-3.6199815054843953,-3.6199815054843953,-135.17432549892374,-135.17432549892374,-135.17432549892374,0.0,0.0,0.0,110533.849751769
585,2025-09-04 21:00:00,113111.9791782692,110082.2586497366,111153.47065376809,113111.9791782692,113111.9791782692,-2522.0212842465066,-2522.0212842465066,-2522.0212842465066,117.32199588706867,117.32199588706867,117.32199588706867,25.46877932631337,25.46877932631337,25.46877932631337,-2352.1515222123894,-2352.1515222123894,-2352.1515222123894,-1950.9976929118277,-1950.9976929118277,-1950.9976929118277,-504.01630422999546,-504.01630422999546,-504.01630422999546,-60.330039472781394,-60.330039472781394,-60.330039472781394,54.33648364968747,54.33648364968747,54.33648364968747,-34.296875993667335,-34.296875993667335,-34.296875993667335,0.3621315328132671,0.3621315328132671,0.3621315328132671,-169.86976203411734,-169.86976203411734,-169.86976203411734,0.0,0.0,0.0,110589.9578940227
586,2025-09-04 22:00:00,113140.42934250394,110641.6533642706,111730.23148416157,113140.42934250394,113140.42934250394,-1969.7186375322956,-1969.7186375322956,-1969.7186375322956,110.14709000770051,110.14709000770051,110.14709000770051,84.93312523256662,84.93312523256662,84.93312523256662,-1764.8634770978751,-1764.8634770978751,-1764.8634770978751,-1950.273319272938,-1950.273319272938,-1950.273319272938,-503.65111115790455,-503.65111115790455,-503.65111115790455,238.53841941662435,238.53841941662435,238.53841941662435,239.35846531405298,239.35846531405298,239.35846531405298,19.70383486750694,19.70383486750694,19.70383486750694,-3.6199815054843953,-3.6199815054843953,-3.6199815054843953,-204.8551604344203,-204.8551604344203,-204.8551604344203,0.0,0.0,0.0,111170.71070497164
587,2025-09-04 23:00:00,113168.87950673868,110332.26881975353,111350.54280732438,113168.87950673868,113168.87950673868,-2325.2140982916985,-2325.2140982916985,-2325.2140982916985,98.00020340903001,98.00020340903001,98.00020340903001,66.21147232257428,66.21147232257428,66.21147232257428,-2085.0861817145465,-2085.0861817145465,-2085.0861817145465,-1964.526294154202,-1964.526294154202,-1964.526294154202,-505.46001341845766,-505.46001341845766,-505.46001341845766,122.81732934875727,122.81732934875727,122.81732934875727,37.65806291903588,37.65806291903588,37.65806291903588,52.20896714874632,52.20896714874632,52.20896714874632,8.004090709969716,8.004090709969716,8.004090709969716,-240.12791657715206,-240.12791657715206,-240.12791657715206,0.0,0.0,0.0,110843.66540844698
588,2025-09-05 00:00:00,113197.3296709734,110376.78840929533,111421.63927045697,113197.3296709734,113197.3296709734,-2293.5697340059764,-2293.5697340059764,-2293.5697340059764,95.01317276560846,95.01317276560846,95.01317276560846,33.537822865898484,33.537822865898484,33.537822865898484,-2017.88431959799,-2017.88431959799,-2017.88431959799,-1981.447772494514,-1981.447772494514,-1981.447772494514,-508.339281799535,-508.339281799535,-508.339281799535,270.0275355640488,270.0275355640488,270.0275355640488,17.159375806622755,17.159375806622755,17.159375806622755,54.108138501304865,54.108138501304865,54.108138501304865,2.0566891925757234,2.0566891925757234,2.0566891925757234,-275.68541440798657,-275.68541440798657,-275.68541440798657,0.0,0.0,0.0,110903.75993696743
589,2025-09-05 01:00:00,113225.77983520814,110856.72920593589,111911.41258452223,113225.77983520814,113225.77983520814,-1850.552465757456,-1850.552465757456,-1850.552465757456,87.00804489328668,87.00804489328668,87.00804489328668,56.93041302577925,56.93041302577925,56.93041302577925,-1539.027439637001,-1539.027439637001,-1539.027439637001,-1969.176786682834,-1969.176786682834,-1969.176786682834,-508.779717342599,-508.779717342599,-508.779717342599,624.237991309369,624.237991309369,624.237991309369,97.43962824306553,97.43962824306553,97.43962824306553,69.72362230883485,69.72362230883485,69.72362230883485,3.589364608096921,3.589364608096921,3.589364608096921,-311.52502612045527,-311.52502612045527,-311.52502612045527,0.0,0.0,0.0,111375.22736945069
590,2025-09-05 02:00:00,113254.22999944288,111049.80538197282,112127.75533471898,113254.22999944288,113254.22999944288,-1673.022246208973,-1673.022246208973,-1673.022246208973,68.01203437423119,68.01203437423119,68.01203437423119,89.90865135836975,89.90865135836975,89.90865135836975,-1325.3781338057893,-1325.3781338057893,-1325.3781338057893,-1941.4603743581915,-1941.4603743581915,-1941.4603743581915,-508.70789359647375,-508.70789359647375,-508.70789359647375,770.3629898126455,770.3629898126455,770.3629898126455,123.79546442895446,123.79546442895446,123.79546442895446,72.62853145294838,72.62853145294838,72.62853145294838,0.08246272172686443,0.08246272172686443,0.08246272172686443,-347.6441124031838,-347.6441124031838,-347.6441124031838,0.0,0.0,0.0,111581.2077532339
591,2025-09-05 03:00:00,113282.68016367759,110896.5537855644,111994.86082318514,113282.68016367759,113282.68016367759,-1830.3493999742605,-1830.3493999742605,-1830.3493999742605,50.37288174939401,50.37288174939401,50.37288174939401,74.10847702094487,74.10847702094487,74.10847702094487,-1446.3093774151857,-1446.3093774151857,-1446.3093774151857,-1919.2165738995657,-1919.2165738995657,-1919.2165738995657,-508.1809826293705,-508.1809826293705,-508.1809826293705,600.5185524020039,600.5185524020039,600.5185524020039,198.03433197303414,198.03433197303414,198.03433197303414,61.673917473857884,61.673917473857884,61.673917473857884,-3.6199815054843953,-3.6199815054843953,-3.6199815054843953,-384.04002255907477,-384.04002255907477,-384.04002255907477,0.0,0.0,0.0,111452.33076370333
592,2025-09-05 04:00:00,113311.13032791234,111071.98318337365,112135.25857472712,113311.13032791234,113311.13032791234,-1740.6988283937542,-1740.6988283937542,-1740.6988283937542,30.679768081589526,30.679768081589526,30.679768081589526,71.09787488104676,71.09787488104676,71.09787488104676,-1319.9887336705672,-1319.9887336705672,-1319.9887336705672,-1896.1903489529386,-1896.1903489529386,-1896.1903489529386,-507.9814756150604,-507.9814756150604,-507.9814756150604,579.6200590335243,579.6200590335243,579.6200590335243,370.8712966215758,370.8712966215758,370.8712966215758,35.53407378518002,35.53407378518002,35.53407378518002,-3.6199815054843953,-3.6199815054843953,-3.6199815054843953,-420.7100947231871,-420.7100947231871,-420.7100947231871,0.0,0.0,0.0,111570.43149951859
593,2025-09-05 05:00:00,113339.58049214708,111254.49159241028,112283.53207698191,113339.58049214708,113339.58049214708,-1563.9445143599603,-1563.9445143599603,-1563.9445143599603,5.53256982444351,5.53256982444351,5.53256982444351,77.43826753972365,77.43826753972365,77.43826753972365,-1106.2928583061157,-1106.2928583061157,-1106.2928583061157,-1873.3426361035822,-1873.3426361035822,-1873.3426361035822,-505.9192824725111,-505.9192824725111,-505.9192824725111,677.3805883306686,677.3805883306686,677.3805883306686,492.3757217217149,492.3757217217149,492.3757217217149,22.017791736076592,22.017791736076592,22.017791736076592,-1.775878882649728,-1.775878882649728,-1.775878882649728,-457.65165605384476,-457.65165605384476,-457.65165605384476,0.0,0.0,0.0,111775.63597778713
594,2025-09-05 06:00:00,113368.0306563818,111213.7249836305,112296.24632094862,113368.0306563818,113368.0306563818,-1608.534623365485,-1608.534623365485,-1608.534623365485,-22.12625316108199,-22.12625316108199,-22.12625316108199,82.38287098184215,82.38287098184215,82.38287098184215,-1113.6726004483305,-1113.6726004483305,-1113.6726004483305,-1838.919629831859,-1838.919629831859,-1838.919629831859,-502.6910294380349,-502.6910294380349,-502.6910294380349,602.4805274828655,602.4805274828655,602.4805274828655,549.9085366863231,549.9085366863231,549.9085366863231,18.912358337099377,18.912358337099377,18.912358337099377,-3.6199815054843953,-3.6199815054843953,-3.6199815054843953,-494.86202291715483,-494.86202291715483,-494.86202291715483,0.0,0.0,0.0,111759.49603301632
595,2025-09-05 07:00:00,113396.48082061653,111742.94912700228,112814.15767416234,113396.48082061653,113396.48082061653,-1107.4491851381727,-1107.4491851381727,-1107.4491851381727,-69.54987559147715,-69.54987559147715,-69.54987559147715,133.18399782662416,133.18399782662416,133.18399782662416,-575.1106840218408,-575.1106840218408,-575.1106840218408,-1776.385327791559,-1776.385327791559,-1776.385327791559,-493.875389554078,-493.875389554078,-493.875389554078,939.3197131948432,939.3197131948432,939.3197131948432,614.5418070483178,614.5418070483178,614.5418070483178,59.66499444513762,59.66499444513762,59.66499444513762,17.98939640035069,17.98939640035069,17.98939640035069,-532.3385011163315,-532.3385011163315,-532.3385011163315,0.0,0.0,0.0,112289.03163547836
596,2025-09-05 08:00:00,113424.93098485128,111165.92508557129,112244.3198703955,113424.93098485128,113424.93098485128,-1733.1000338075346,-1733.1000338075346,-1733.1000338075346,-113.5860964197012,-113.5860964197012,-113.5860964197012,121.89914515472238,121.89914515472238,121.89914515472238,-1163.0216478111954,-1163.0216478111954,-1163.0216478111954,-1727.7040692886592,-1727.7040692886592,-1727.7040692886592,-486.4126184554903,-486.4126184554903,-486.4126184554903,461.67573083751927,461.67573083751927,461.67573083751927,508.3011583146425,508.3011583146425,508.3011583146425,73.3020398851508,73.3020398851508,73.3020398851508,-0.496937839379806,-0.496937839379806,-0.496937839379806,-570.0783859963393,-570.0783859963393,-570.0783859963393,0.0,0.0,0.0,111691.83095104374
597,2025-09-05 09:00:00,113453.381149086,111289.94246514128,112310.80049627661,113453.381149086,113453.381149086,-1654.0765824852922,-1654.0765824852922,-1654.0765824852922,-127.10846541291492,-127.10846541291492,-127.10846541291492,80.02446617182234,80.02446617182234,80.02446617182234,-1045.9976197463657,-1045.9976197463657,-1045.9976197463657,-1675.8768218840453,-1675.8768218840453,-1675.8768218840453,-481.79074665643554,-481.79074665643554,-481.79074665643554,620.32616529007,620.32616529007,620.32616529007,454.49649297593925,454.49649297593925,454.49649297593925,81.40423876064592,81.40423876064592,81.40423876064592,2.5270510085524895,2.5270510085524895,2.5270510085524895,-608.0789627389265,-608.0789627389265,-608.0789627389265,0.0,0.0,0.0,111799.30456660071
598,2025-09-05 10:00:00,113481.83131332074,111329.6361486399,112372.15234775537,113481.83131332074,113481.83131332074,-1639.011333259314,-1639.011333259314,-1639.011333259314,-139.66495090661337,-139.66495090661337,-139.66495090661337,64.66078761186431,64.66078761186431,64.66078761186431,-992.6738267919175,-992.6738267919175,-992.6738267919175,-1606.591183147351,-1606.591183147351,-1606.591183147351,-476.9140272346064,-476.9140272346064,-476.9140272346064,695.2120306502603,695.2120306502603,695.2120306502603,395.5779933291664,395.5779933291664,395.5779933291664,78.66550441084664,78.66550441084664,78.66550441084664,-3.6199815054843953,-3.6199815054843953,-3.6199815054843953,-646.3375064673963,-646.3375064673963,-646.3375064673963,0.0,0.0,0.0,111842.81998006142
599,2025-09-05 11:00:00,113510.28147755547,111155.67937605249,112263.90374359686,113510.28147755547,113510.28147755547,-1808.8748380942698,-1808.8748380942698,-1808.8748380942698,-148.51200537586843,-148.51200537586843,-148.51200537586843,53.55983849717438,53.55983849717438,53.55983849717438,-1124.023555606169,-1124.023555606169,-1124.023555606169,-1524.0302559643999,-1524.0302559643999,-1524.0302559643999,-472.70496646087594,-472.70496646087594,-472.70496646087594,509.3685543036803,509.3685543036803,509.3685543036803,383.33189821912737,383.33189821912737,383.33189821912737,78.58336268047753,78.58336268047753,78.58336268047753,-3.6199815054843953,-3.6199815054843953,-3.6199815054843953,-684.8512824881007,-684.8512824881007,-684.8512824881007,0.0,0.0,0.0,111701.4066394612
600,2025-09-05 12:00:00,113538.7316417902,111460.0882832393,112514.38660459153,113538.7316417902,113538.7316417902,-1550.2767644432963,-1550.2767644432963,-1550.2767644432963,-175.71705234096413,-175.71705234096413,-175.71705234096413,84.24297707715911,84.24297707715911,84.24297707715911,-826.6592179670598,-826.6592179670598,-826.6592179670598,-1415.0224632873162,-1415.0224632873162,-1415.0224632873162,-466.07343388947146,-466.07343388947146,-466.07343388947146,695.0851919940756,695.0851919940756,695.0851919940756,365.49697335717565,365.49697335717565,365.49697335717565,67.65696685423906,67.65696685423906,67.65696685423906,17.671622268042736,17.671622268042736,17.671622268042736,-723.6175464762366,-723.6175464762366,-723.6175464762366,0.0,0.0,0.0,111988.45487734691
601,2025-09-05 13:00:00,113567.18180602494,111655.2761034748,112745.0843822635,113567.18180602494,113567.18180602494,-1393.7565154625124,-1393.7565154625124,-1393.7565154625124,-200.97888166569584,-200.97888166569584,-200.97888166569584,79.10882538465003,79.10882538465003,79.10882538465003,-631.1229708286926,-631.1229708286926,-631.1229708286926,-1320.5069618378257,-1320.5069618378257,-1320.5069618378257,-460.0150566435983,-460.0150566435983,-460.0150566435983,679.6570003671825,679.6570003671825,679.6570003671825,548.9874284459215,548.9874284459215,548.9874284459215,29.50705473556191,29.50705473556191,29.50705473556191,13.117620385111275,13.117620385111275,13.117620385111275,-762.6335446338198,-762.6335446338198,-762.6335446338198,0.0,0.0,0.0,112173.42529056242
602,2025-09-05 14:00:00,113595.63197025967,110349.91230753742,111468.53048652691,113595.63197025967,113595.63197025967,-2691.1714587222496,-2691.1714587222496,-2691.1714587222496,-159.6660151141817,-159.6660151141817,-159.6660151141817,-37.0255508646813,-37.0255508646813,-37.0255508646813,-1889.2749447876427,-1889.2749447876427,-1889.2749447876427,-1303.1922062035446,-1303.1922062035446,-1303.1922062035446,-462.1311557511526,-462.1311557511526,-462.1311557511526,-264.3786193534163,-264.3786193534163,-264.3786193534163,70.67539627167075,70.67539627167075,70.67539627167075,255.8764554089665,255.8764554089665,255.8764554089665,10.56675081869642,10.56675081869642,10.56675081869642,-801.8965139346067,-801.8965139346067,-801.8965139346067,0.0,0.0,0.0,110904.46051153741
603,2025-09-05 15:00:00,113624.0821344944,110276.23519154312,111335.40008589039,113624.0821344944,113624.0821344944,-2822.168742301554,-2822.168742301554,-2822.168742301554,-125.78370322102346,-125.78370322102346,-125.78370322102346,-86.40444080246606,-86.40444080246606,-86.40444080246606,-1980.7650600242082,-1980.7650600242082,-1980.7650600242082,-1279.49208661727,-1279.49208661727,-1279.49208661727,-465.01845203075794,-465.01845203075794,-465.01845203075794,-280.1428745727264,-280.1428745727264,-280.1428745727264,-5.278709241128669,-5.278709241128669,-5.278709241128669,245.80680888818537,245.80680888818537,245.80680888818537,15.548397572978867,15.548397572978867,15.548397572978867,-841.4036822773461,-841.4036822773461,-841.4036822773461,0.0,0.0,0.0,110801.91339219284
604,2025-09-05 16:00:00,113652.53229872913,110220.25217743896,111280.66613342664,113647.63555936166,113652.53229872913,-2917.3087023133517,-2917.3087023133517,-2917.3087023133517,-94.3215564630908,-94.3215564630908,-94.3215564630908,-73.47899585758582,-73.47899585758582,-73.47899585758582,-2036.156433628413,-2036.156433628413,-2036.156433628413,-1265.9559135250013,-1265.9559135250013,-1265.9559135250013,-470.9116926567683,-470.9116926567683,-470.9116926567683,-334.37433828621846,-334.37433828621846,-334.37433828621846,-36.7322647835975,-36.7322647835975,-36.7322647835975,243.2383094493335,243.2383094493335,243.2383094493335,-3.6199815054843953,-3.6199815054843953,-3.6199815054843953,-881.1522686849386,-881.1522686849386,-881.1522686849386,0.0,0.0,0.0,110735.22359641577
605,2025-09-05 17:00:00,113680.98246296386,109693.35462566913,110768.76499791612,113668.67093461343,113687.74401676162,-3437.789243238068,-3437.789243238068,-3437.789243238068,-73.04454138594376,-73.04454138594376,-73.04454138594376,-78.37009298059593,-78.37009298059593,-78.37009298059593,-2516.6497597195785,-2516.6497597195785,-2516.6497597195785,-1264.3678900993775,-1264.3678900993775,-1264.3678900993775,-477.3164599880714,-477.3164599880714,-477.3164599880714,-808.2348582340727,-808.2348582340727,-808.2348582340727,-56.937960590369755,-56.937960590369755,-56.937960590369755,244.09261358771477,244.09261358771477,244.09261358771477,-2.47057002886214,-2.47057002886214,-2.47057002886214,-921.1394835184898,-921.1394835184898,-921.1394835184898,0.0,0.0,0.0,110243.1932197258
606,2025-09-05 18:00:00,113709.4326271986,110156.44713889876,111272.99215657453,113681.52029587784,113723.54515000051,-2999.5681174996225,-2999.5681174996225,-2999.5681174996225,-38.6016261461097,-38.6016261461097,-38.6016261461097,-45.75357297538114,-45.75357297538114,-45.75357297538114,-2038.2055888679724,-2038.2055888679724,-2038.2055888679724,-1273.1296676649074,-1273.1296676649074,-1273.1296676649074,-479.94365846031064,-479.94365846031064,-479.94365846031064,-473.19427316024854,-473.19427316024854,-473.19427316024854,16.425680626530713,16.425680626530713,16.425680626530713,254.79823546042,254.79823546042,254.79823546042,1.1932934520343523,1.1932934520343523,1.1932934520343523,-961.3625286316503,-961.3625286316503,-961.3625286316503,0.0,0.0,0.0,110709.86450969898
607,2025-09-05 19:00:00,113737.88279143332,110498.09460905609,111618.62565799699,113691.69347457509,113765.1226654675,-2685.9243063906297,-2685.9243063906297,-2685.9243063906297,0.6264703680435995,0.6264703680435995,0.6264703680435995,-21.28153778709814,-21.28153778709814,-21.28153778709814,-1684.105708773865,-1684.105708773865,-1684.105708773865,-1249.756284873615,-1249.756284873615,-1249.756284873615,-483.1072914903054,-483.1072914903054,-483.1072914903054,-230.60789341502118,-230.60789341502118,-230.60789341502118,44.687490727533714,44.687490727533714,44.687490727533714,257.4477192456195,257.4477192456195,257.4477192456195,-2.1143815490220503,-2.1143815490220503,-2.1143815490220503,-1001.8185976167648,-1001.8185976167648,-1001.8185976167648,0.0,0.0,0.0,111051.95848504269
608,2025-09-05 20:00:00,113766.33295566807,110555.85403938401,111707.53232740452,113703.90353142537,113802.76315000726,-2640.503212331978,-2640.503212331978,-2640.503212331978,35.04407109427243,35.04407109427243,35.04407109427243,-12.465432623962933,-12.465432623962933,-12.465432623962933,-1597.9983364081515,-1597.9983364081515,-1597.9983364081515,-1217.067461675288,-1217.067461675288,-1217.067461675288,-484.64761018003395,-484.64761018003395,-484.64761018003395,-187.8498200199656,-187.8498200199656,-187.8498200199656,17.07891262585425,17.07891262585425,17.07891262585425,255.5289858764569,255.5289858764569,255.5289858764569,-3.6199815054843953,-3.6199815054843953,-3.6199815054843953,-1042.5048759238261,-1042.5048759238261,-1042.5048759238261,0.0,0.0,0.0,111125.82974333609
609,2025-09-05 21:00:00,113794.7831199028,109776.90442014538,110958.71536508002,113711.36268005596,113847.40406420284,-3415.4607536804388,-3415.4607536804388,-3415.4607536804388,51.46189258008401,51.46189258008401,51.46189258008401,-38.86959361386225,-38.86959361386225,-38.86959361386225,-2332.0422125434457,-2332.0422125434457,-2332.0422125434457,-1229.546788083764,-1229.546788083764,-1229.546788083764,-490.78370236752454,-490.78370236752454,-490.78370236752454,-566.1543224522381,-566.1543224522381,-566.1543224522381,-294.59481976021,-294.59481976021,-294.59481976021,235.70381433815865,235.70381433815865,235.70381433815865,0.7413068159105223,0.7413068159105223,0.7413068159105223,-1083.4185411369933,-1083.4185411369933,-1083.4185411369933,0.0,0.0,0.0,110379.32236622236
610,2025-09-05 22:00:00,113823.23328413752,109632.91069849858,110851.99410086374,113720.95134977585,113897.44910580233,-3604.925281698746,-3604.925281698746,-3604.925281698746,65.27566993869692,65.27566993869692,65.27566993869692,-45.140683460471166,-45.140683460471166,-45.140683460471166,-2480.3685185931254,-2480.3685185931254,-2480.3685185931254,-1244.8758834485136,-1244.8758834485136,-1244.8758834485136,-496.15134457257767,-496.15134457257767,-496.15134457257767,-780.8202297657286,-780.8202297657286,-780.8202297657286,-219.42955451163851,-219.42955451163851,-219.42955451163851,238.22223331005523,238.22223331005523,238.22223331005523,2.551273917052025,2.551273917052025,2.551273917052025,-1124.5567631056203,-1124.5567631056203,-1124.5567631056203,0.0,0.0,0.0,110218.30800243877
611,2025-09-05 23:00:00,113851.68344837226,109575.28885856525,110740.07244474994,113726.68027591697,113953.22151952088,-3683.345700152502,-3683.345700152502,-3683.345700152502,78.10274891455178,78.10274891455178,78.10274891455178,-44.86966644063849,-44.86966644063849,-44.86966644063849,-2517.4289959979656,-2517.4289959979656,-2517.4289959979656,-1264.1370634029165,-1264.1370634029165,-1264.1370634029165,-501.4660270668234,-501.4660270668234,-501.4660270668234,-814.4151619956262,-814.4151619956262,-814.4151619956262,-204.03920065564643,-204.03920065564643,-204.03920065564643,237.0153561546184,237.0153561546184,237.0153561546184,-3.6199815054843953,-3.6199815054843953,-3.6199815054843953,-1165.9167041545363,-1165.9167041545363,-1165.9167041545363,0.0,0.0,0.0,110168.33774821975
612,2025-09-06 00:00:00,113880.133612607,110537.98671870054,111681.47878043365,113740.017465832,113996.59695221591,-2765.653086100679,-2765.653086100679,-2765.653086100679,88.63136351176016,88.63136351176016,88.63136351176016,-38.05929491600671,-38.05929491600671,-38.05929491600671,-1558.1575667906486,-1558.1575667906486,-1558.1575667906486,-1283.4652427562896,-1283.4652427562896,-1283.4652427562896,-506.05758820718466,-506.05758820718466,-506.05758820718466,116.28934438393486,116.28934438393486,116.28934438393486,-170.7186588908428,-170.7186588908428,-170.7186588908428,238.84249158946477,238.84249158946477,238.84249158946477,-3.6199815054843953,-3.6199815054843953,-3.6199815054843953,-1207.4955193100302,-1207.4955193100302,-1207.4955193100302,0.0,0.0,0.0,111114.48052650632
613,2025-09-06 01:00:00,113908.58377684173,110508.67365623302,111689.05793552416,113747.51297366375,114049.38958794586,-2813.314663841647,-2813.314663841647,-2813.314663841647,101.8396200992304,101.8396200992304,101.8396200992304,-25.684363585841776,-25.684363585841776,-25.684363585841776,-1564.024307411153,-1564.024307411153,-1564.024307411153,-1304.590245032091,-1304.590245032091,-1304.590245032091,-509.3228367284027,-509.3228367284027,-509.3228367284027,109.94886202543583,109.94886202543583,109.94886202543583,-173.0818610382209,-173.0818610382209,-173.0818610382209,238.71782192242588,238.71782192242588,238.71782192242588,-1.8513050736890104,-1.8513050736890104,-1.8513050736890104,-1249.2903564304938,-1249.2903564304938,-1249.2903564304938,0.0,0.0,0.0,111095.26911300007
614,2025-09-06 02:00:00,113937.03394107646,110389.96729180653,111652.41314345045,113751.77533629989,114101.5530527033,-2922.344321142697,-2922.344321142697,-2922.344321142697,123.11111879326114,123.11111879326114,123.11111879326114,-5.9889143287487805,-5.9889143287487805,-5.9889143287487805,-1631.0459647021755,-1631.0459647021755,-1631.0459647021755,-1325.806109506501,-1325.806109506501,-1325.806109506501,-513.367066125562,-513.367066125562,-513.367066125562,164.26625332610197,164.26625332610197,164.26625332610197,-286.94617788425205,-286.94617788425205,-286.94617788425205,217.30491252900964,217.30491252900964,217.30491252900964,-3.6199815054843953,-3.6199815054843953,-3.6199815054843953,-1291.2983564405215,-1291.2983564405215,-1291.2983564405215,0.0,0.0,0.0,111014.68961993376
615,2025-09-06 03:00:00,113965.4841053112,110423.94888279952,111686.63115560159,113755.2561813261,114167.69536000608,-2900.618051409231,-2900.618051409231,-2900.618051409231,148.1635865138417,148.1635865138417,148.1635865138417,32.990983305763415,32.990983305763415,32.990983305763415,-1567.101397867277,-1567.101397867277,-1567.101397867277,-1381.8579902462784,-1381.8579902462784,-1381.8579902462784,-516.751176383881,-516.751176383881,-516.751176383881,214.49174601008485,214.49174601008485,214.49174601008485,-282.7069584988509,-282.7069584988509,-282.7069584988509,217.39819986828434,217.39819986828434,217.39819986828434,1.1702115637585428,1.1702115637585428,1.1702115637585428,-1333.516653541954,-1333.516653541954,-1333.516653541954,0.0,0.0,0.0,111064.86605390198
616,2025-09-06 04:00:00,113993.93426954592,110223.86689551604,111535.2849499518,113758.47259138977,114235.0370162771,-3120.514333596805,-3120.514333596805,-3120.514333596805,162.82915272033296,162.82915272033296,162.82915272033296,0.4830835163403253,0.4830835163403253,0.4830835163403253,-1744.5719582319894,-1744.5719582319894,-1744.5719582319894,-1433.363089855848,-1433.363089855848,-1433.363089855848,-519.073192614833,-519.073192614833,-519.073192614833,-71.50128621277284,-71.50128621277284,-71.50128621277284,129.89966796619254,129.89966796619254,129.89966796619254,-10.226312245916693,-10.226312245916693,-10.226312245916693,-3.6199815054843953,-3.6199815054843953,-3.6199815054843953,-1375.9423753648155,-1375.9423753648155,-1375.9423753648155,0.0,0.0,0.0,110873.41993594912
617,2025-09-06 05:00:00,114022.38443378067,109880.73157978737,111207.90552067928,113752.27257785428,114291.88046278176,-3483.193658932452,-3483.193658932452,-3483.193658932452,173.34117191952427,173.34117191952427,173.34117191952427,-33.18544040003277,-33.18544040003277,-33.18544040003277,-2064.6210157691207,-2064.6210157691207,-2064.6210157691207,-1479.518562797509,-1479.518562797509,-1479.518562797509,-521.0251013567278,-521.0251013567278,-521.0251013567278,-250.32217707209128,-250.32217707209128,-250.32217707209128,58.48043063306977,58.48043063306977,58.48043063306977,-8.771355189869713,-8.771355189869713,-8.771355189869713,-3.6199815054843953,-3.6199815054843953,-3.6199815054843953,-1418.5726431633311,-1418.5726431633311,-1418.5726431633311,0.0,0.0,0.0,110539.19077484822
618,2025-09-06 06:00:00,114050.8345980154,109776.0696115279,111168.02092044262,113747.42090620086,114355.56549999563,-3573.888380155461,-3573.888380155461,-3573.888380155461,183.10233260448766,183.10233260448766,183.10233260448766,-31.967180134540026,-31.967180134540026,-31.967180134540026,-2112.483808097093,-2112.483808097093,-2112.483808097093,-1522.4516399886268,-1522.4516399886268,-1522.4516399886268,-522.1244350654687,-522.1244350654687,-522.1244350654687,-253.07624104421703,-253.07624104421703,-253.07624104421703,46.671278075521734,46.671278075521734,46.671278075521734,-9.287411981602977,-9.287411981602977,-9.287411981602977,-3.350510562647552,-3.350510562647552,-3.350510562647552,-1461.404572058368,-1461.404572058368,-1461.404572058368,0.0,0.0,0.0,110476.94621785994
619,2025-09-06 07:00:00,114079.28476225011,110167.56824170946,111515.55096653184,113751.21309422849,114413.91221222258,-3208.9609501650484,-3208.9609501650484,-3208.9609501650484,193.67376573906176,193.67376573906176,193.67376573906176,-29.25393697145336,-29.25393697145336,-29.25393697145336,-1704.5256789834573,-1704.5256789834573,-1704.5256789834573,-1566.6476099603594,-1566.6476099603594,-1566.6476099603594,-521.4475580700121,-521.4475580700121,-521.4475580700121,112.74232179905285,112.74232179905285,112.74232179905285,122.45216457351135,122.45216457351135,122.45216457351135,-12.42484458777385,-12.42484458777385,-12.42484458777385,-3.6199815054843953,-3.6199815054843953,-3.6199815054843953,-1504.4352711815914,-1504.4352711815914,-1504.4352711815914,0.0,0.0,0.0,110870.32381208506
620,2025-09-06 08:00:00,114107.73492648486,109918.2530201519,111302.07031093928,113754.79750175675,114480.55379748633,-3492.2094173860983,-3492.2094173860983,-3492.2094173860983,208.92550213204183,208.92550213204183,208.92550213204183,-9.212354805725193,-9.212354805725193,-9.212354805725193,-1944.5475735231685,-1944.5475735231685,-1944.5475735231685,-1631.369258817093,-1631.369258817093,-1631.369258817093,-519.4536173270959,-519.4536173270959,-519.4536173270959,78.82583337908795,78.82583337908795,78.82583337908795,-32.055272407503665,-32.055272407503665,-32.055272407503665,-36.588424171396255,-36.588424171396255,-36.588424171396255,-3.6199815054843953,-3.6199815054843953,-3.6199815054843953,-1547.6618438629298,-1547.6618438629298,-1547.6618438629298,0.0,0.0,0.0,110615.52550909876
621,2025-09-06 09:00:00,114136.18509071959,109547.2786933153,111052.79098189305,113752.21447598643,114548.28618282438,-3827.97716972827,-3827.97716972827,-3827.97716972827,219.94843103666963,219.94843103666963,219.94843103666963,-30.889943674543314,-30.889943674543314,-30.889943674543314,-2236.8957818425242,-2236.8957818425242,-2236.8957818425242,-1699.3782377733744,-1699.3782377733744,-1699.3782377733744,-518.7939865775197,-518.7939865775197,-518.7939865775197,71.03260792503518,71.03260792503518,71.03260792503518,-231.30946982453787,-231.30946982453787,-231.30946982453787,-43.88520144876916,-43.88520144876916,-43.88520144876916,-3.6199815054843953,-3.6199815054843953,-3.6199815054843953,-1591.0813878857464,-1591.0813878857464,-1591.0813878857464,0.0,0.0,0.0,110308.20792099132
622,2025-09-06 10:00:00,114164.63525495432,109506.24521801743,110939.7105260883,113749.808442091,114611.77652573666,-3924.0323749221934,-3924.0323749221934,-3924.0323749221934,229.36723422974367,229.36723422974367,229.36723422974367,-43.325788489614915,-43.325788489614915,-43.325788489614915,-2289.341379312856,-2289.341379312856,-2289.341379312856,-1694.8477475929028,-1694.8477475929028,-1694.8477475929028,-518.441155858671,-518.441155858671,-518.441155858671,33.09197683497241,33.09197683497241,33.09197683497241,-247.04923735522985,-247.04923735522985,-247.04923735522985,-44.516679575669286,-44.516679575669286,-44.516679575669286,-3.6199815054843953,-3.6199815054843953,-3.6199815054843953,-1634.6909956093377,-1634.6909956093377,-1634.6909956093377,0.0,0.0,0.0,110240.60288003212
623,2025-09-06 11:00:00,114193.08541918905,109694.50773764959,111270.23012563077,113736.01707738699,114679.20800592974,-3665.3720727998534,-3665.3720727998534,-3665.3720727998534,242.32834866668898,242.32834866668898,242.32834866668898,-26.86143169487523,-26.86143169487523,-26.86143169487523,-1986.884318600612,-1986.884318600612,-1986.884318600612,-1692.3070477818926,-1692.3070477818926,-1692.3070477818926,-518.5492730319698,-518.5492730319698,-518.5492730319698,14.426807358143902,14.426807358143902,14.426807358143902,125.10911515589625,125.10911515589625,125.10911515589625,-130.261528397318,-130.261528397318,-130.261528397318,-0.7693088752852886,-0.7693088752852886,-0.7693088752852886,-1678.4877541992414,-1678.4877541992414,-1678.4877541992414,0.0,0.0,0.0,110527.7133463892
624,2025-09-06 12:00:00,114221.53558342379,109632.6824385118,111178.78364399303,113720.72733011142,114743.3010742774,-3822.445918549526,-3822.445918549526,-3822.445918549526,256.8550861793015,256.8550861793015,256.8550861793015,4.665202705376078,4.665202705376078,4.665202705376078,-2099.9771727279567,-2099.9771727279567,-2099.9771727279567,-1691.4440863451327,-1691.4440863451327,-1691.4440863451327,-517.9295681047217,-517.9295681047217,-517.9295681047217,-60.70814624413592,-60.70814624413592,-60.70814624413592,47.936407969124254,47.936407969124254,47.936407969124254,-135.73208738228354,-135.73208738228354,-135.73208738228354,-3.6199815054843953,-3.6199815054843953,-3.6199815054843953,-1722.4687458215697,-1722.4687458215697,-1722.4687458215697,0.0,0.0,0.0,110399.08966487426
625,2025-09-06 13:00:00,114249.98574765852,109846.82785409162,111465.62991961915,113716.9035485057,114803.16136714516,-3594.153979648402,-3594.153979648402,-3594.153979648402,271.69629728541645,271.69629728541645,271.69629728541645,28.77065705684469,28.77065705684469,28.77065705684469,-1827.5229318290308,-1827.5229318290308,-1827.5229318290308,-1682.1699469374644,-1682.1699469374644,-1682.1699469374644,-517.614740175469,-517.614740175469,-517.614740175469,-5.301712429100063,-5.301712429100063,-5.301712429100063,223.5364327251903,223.5364327251903,223.5364327251903,-142.81993784896443,-142.81993784896443,-142.81993784896443,-3.6199815054843953,-3.6199815054843953,-3.6199815054843953,-1766.6310478193714,-1766.6310478193714,-1766.6310478193714,0.0,0.0,0.0,110655.83176801012
626,2025-09-06 14:00:00,114278.43591189325,109699.0740343233,111313.93195125644,113706.3369826009,114872.59873698028,-3763.2917884045232,-3763.2917884045232,-3763.2917884045232,288.2621825386732,288.2621825386732,288.2621825386732,15.775191506700429,15.775191506700429,15.775191506700429,-1952.3200554875914,-1952.3200554875914,-1952.3200554875914,-1693.045876770554,-1693.045876770554,-1693.045876770554,-518.1844767761553,-518.1844767761553,-518.1844767761553,27.924045194173765,27.924045194173765,27.924045194173765,74.967530598176,74.967530598176,74.967530598176,-144.39867027312073,-144.39867027312073,-144.39867027312073,-3.6199815054843953,-3.6199815054843953,-3.6199815054843953,-1810.9717329169325,-1810.9717329169325,-1810.9717329169325,0.0,0.0,0.0,110515.14412348873
627,2025-09-06 15:00:00,114306.886076128,109189.15007566931,110912.4855129649,113675.20203369333,114942.23125630224,-4266.089450314831,-4266.089450314831,-4266.089450314831,282.83167459699695,282.83167459699695,282.83167459699695,-119.32589339210061,-119.32589339210061,-119.32589339210061,-2410.601580903988,-2410.601580903988,-2410.601580903988,-1723.5820001019197,-1723.5820001019197,-1723.5820001019197,-518.327025392561,-518.327025392561,-518.327025392561,-38.44574772462731,-38.44574772462731,-38.44574772462731,-161.5366473182134,-161.5366473182134,-161.5366473182134,-128.59596006607862,-128.59596006607862,-128.59596006607862,-3.6199815054843953,-3.6199815054843953,-3.6199815054843953,-1855.4878694108436,-1855.4878694108436,-1855.4878694108436,0.0,0.0,0.0,110040.79662581316
628,2025-09-06 16:00:00,114335.33624036271,108598.40938592285,110353.2494997247,113656.48320421416,115015.82082147221,-4825.383480774184,-4825.383480774184,-4825.383480774184,262.9229016940273,262.9229016940273,262.9229016940273,-195.23154091438198,-195.23154091438198,-195.23154091438198,-2925.2069594075174,-2925.2069594075174,-2925.2069594075174,-1762.5653250536566,-1762.5653250536566,-1762.5653250536566,-516.8104241064599,-516.8104241064599,-516.8104241064599,-141.38355715424026,-141.38355715424026,-141.38355715424026,-438.74635102996416,-438.74635102996416,-438.74635102996416,-138.89012229132058,-138.89012229132058,-138.89012229132058,5.49745944847894,5.49745944847894,5.49745944847894,-1900.1765213666663,-1900.1765213666663,-1900.1765213666663,0.0,0.0,0.0,109509.95275958853
629,2025-09-06 17:00:00,114363.78640459744,108427.72895135434,110327.86258628628,113645.20374257531,115082.25104092222,-4938.198080550228,-4938.198080550228,-4938.198080550228,241.653875301433,241.653875301433,241.653875301433,-150.1659930081819,-150.1659930081819,-150.1659930081819,-2993.1633317658248,-2993.1633317658248,-2993.1633317658248,-1777.0445376314437,-1777.0445376314437,-1777.0445376314437,-514.3374345443004,-514.3374345443004,-514.3374345443004,-201.79234544751364,-201.79234544751364,-201.79234544751364,-449.4186393608785,-449.4186393608785,-449.4186393608785,-138.43827556945527,-138.43827556945527,-138.43827556945527,-3.6199815054843953,-3.6199815054843953,-3.6199815054843953,-1945.034748784403,-1945.034748784403,-1945.034748784403,0.0,0.0,0.0,109425.58832404722
630,2025-09-06 18:00:00,114392.23656883219,108620.99065090572,110523.9170159295,113629.50873410876,115149.38328488862,-4827.145633886688,-4827.145633886688,-4827.145633886688,222.72560003902439,222.72560003902439,222.72560003902439,-93.65510420433823,-93.65510420433823,-93.65510420433823,-2837.086026039208,-2837.086026039208,-2837.086026039208,-1794.631650411535,-1794.631650411535,-1794.631650411535,-511.13161689163695,-511.13161689163695,-511.13161689163695,-206.71722474410637,-206.71722474410637,-206.71722474410637,-312.730793149186,-312.730793149186,-312.730793149186,-137.32525517194478,-137.32525517194478,-137.32525517194478,-3.6199815054843953,-3.6199815054843953,-3.6199815054843953,-1990.0596078474805,-1990.0596078474805,-1990.0596078474805,0.0,0.0,0.0,109565.0909349455
631,2025-09-06 19:00:00,114420.68673306692,108474.09149661454,110501.8985572404,113615.07760573218,115216.87149717794,-4907.000633135827,-4907.000633135827,-4907.000633135827,201.8078941722927,201.8078941722927,201.8078941722927,-85.40199977670639,-85.40199977670639,-85.40199977670639,-2871.752482091613,-2871.752482091613,-2871.752482091613,-1812.1283598930172,-1812.1283598930172,-1812.1283598930172,-510.19586306197806,-510.19586306197806,-510.19586306197806,-198.25621974074647,-198.25621974074647,-198.25621974074647,-328.5891950607559,-328.5891950607559,-328.5891950607559,-135.36875722521688,-135.36875722521688,-135.36875722521688,-3.6199815054843953,-3.6199815054843953,-3.6199815054843953,-2035.2481510442144,-2035.2481510442144,-2035.2481510442144,0.0,0.0,0.0,109513.68609993109
632,2025-09-06 20:00:00,114449.13689730165,108486.72284784139,110585.53330482123,113615.28570187007,115296.11933300254,-4925.195695252532,-4925.195695252532,-4925.195695252532,182.3843101531848,182.3843101531848,182.3843101531848,-67.04452391115511,-67.04452391115511,-67.04452391115511,-2844.598267823798,-2844.598267823798,-2844.598267823798,-1830.9753826037759,-1830.9753826037759,-1830.9753826037759,-509.65787176344736,-509.65787176344736,-509.65787176344736,-177.18166196595374,-177.18166196595374,-177.18166196595374,-304.44088479043285,-304.44088479043285,-304.44088479043285,-134.0622714367331,-134.0622714367331,-134.0622714367331,-3.6199815054843953,-3.6199815054843953,-3.6199815054843953,-2080.597427428734,-2080.597427428734,-2080.597427428734,0.0,0.0,0.0,109523.94120204911
633,2025-09-06 21:00:00,114477.58706153638,108485.89649600183,110625.74827534627,113602.88024392839,115376.38974465696,-4937.34134576201,-4937.34134576201,-4937.34134576201,171.83582824927404,171.83582824927404,171.83582824927404,-43.33943361512018,-43.33943361512018,-43.33943361512018,-2811.2368630179767,-2811.2368630179767,-2811.2368630179767,-1849.951815112554,-1849.951815112554,-1849.951815112554,-508.354177672084,-508.354177672084,-508.354177672084,-160.0622385074208,-160.0622385074208,-160.0622385074208,-284.5378549160337,-284.5378549160337,-284.5378549160337,-133.20718993855368,-133.20718993855368,-133.20718993855368,-3.6199815054843953,-3.6199815054843953,-3.6199815054843953,-2126.1044827440337,-2126.1044827440337,-2126.1044827440337,0.0,0.0,0.0,109540.24571577438
634,2025-09-06 22:00:00,114506.03722577111,108216.63464526954,110417.77783397165,113546.7760612535,115481.93631411112,-5163.618117451323,-5163.618117451323,-5163.618117451323,160.37653107367893,160.37653107367893,160.37653107367893,-40.19723287899712,-40.19723287899712,-40.19723287899712,-2991.8517577587863,-2991.8517577587863,-2991.8517577587863,-1877.960087832716,-1877.960087832716,-1877.960087832716,-509.0273612237322,-509.0273612237322,-509.0273612237322,-197.8058660862025,-197.8058660862025,-197.8058660862025,-386.5150259285643,-386.5150259285643,-386.5150259285643,-137.10273337676912,-137.10273337676912,-137.10273337676912,-3.6199815054843953,-3.6199815054843953,-3.6199815054843953,-2171.766359692537,-2171.766359692537,-2171.766359692537,0.0,0.0,0.0,109342.4191083198
635,2025-09-06 23:00:00,114534.48739000584,108314.99380861822,110515.39295838427,113510.10812873911,115558.00734555759,-5122.7826546359665,-5122.7826546359665,-5122.7826546359665,155.1620110508962,155.1620110508962,155.1620110508962,-29.37656428056428,-29.37656428056428,-29.37656428056428,-2905.202556574464,-2905.202556574464,-2905.202556574464,-1902.4066082575373,-1902.4066082575373,-1902.4066082575373,-510.286978184026,-510.286978184026,-510.286978184026,-208.56632996857428,-208.56632996857428,-208.56632996857428,-264.68692329837,-264.68692329837,-264.68692329837,-141.4211821308035,-141.4211821308035,-141.4211821308035,-3.6199815054843953,-3.6199815054843953,-3.6199815054843953,-2217.5800980615027,-2217.5800980615027,-2217.5800980615027,0.0,0.0,0.0,109411.70473536987
636,2025-09-07 00:00:00,114562.93755424059,108366.53987690154,110832.37811614799,113467.69532217948,115641.3500569592,-4971.953691011161,-4971.953691011161,-4971.953691011161,158.85996443888658,158.85996443888658,158.85996443888658,-9.081009570700086,-9.081009570700086,-9.081009570700086,-2708.4109560801458,-2708.4109560801458,-2708.4109560801458,-1916.9151904348844,-1916.9151904348844,-1916.9151904348844,-514.635474092606,-514.635474092606,-514.635474092606,-117.45448530271474,-117.45448530271474,-117.45448530271474,-173.7006096946668,-173.7006096946668,-173.7006096946668,-136.41881362478372,-136.41881362478372,-136.41881362478372,0.934662201322915,0.934662201322915,0.934662201322915,-2263.5427349310157,-2263.5427349310157,-2263.5427349310157,0.0,0.0,0.0,109590.98386322943
637,2025-09-07 01:00:00,114591.38771847531,108636.6048546695,111182.56742459434,113451.43608093535,115722.84864418281,-4684.158228752082,-4684.158228752082,-4684.158228752082,181.44734642996366,181.44734642996366,181.44734642996366,24.49628947971098,24.49628947971098,24.49628947971098,-2374.5069238585374,-2374.5069238585374,-2374.5069238585374,-1921.836663409352,-1921.836663409352,-1921.836663409352,-515.3459888986132,-515.3459888986132,-515.3459888986132,69.13184525042655,69.13184525042655,69.13184525042655,-78.6929873735326,-78.6929873735326,-78.6929873735326,-131.3469336981166,-131.3469336981166,-131.3469336981166,-2.3598316390239757,-2.3598316390239757,-2.3598316390239757,-2309.6513048935444,-2309.6513048935444,-2309.6513048935444,0.0,0.0,0.0,109907.22948972322
638,2025-09-07 02:00:00,114619.83788271004,108792.11837424876,111411.80461705397,113433.35009645087,115804.0051193694,-4510.737490303413,-4510.737490303413,-4510.737490303413,201.1124249840915,201.1124249840915,201.1124249840915,53.17890581200339,53.17890581200339,53.17890581200339,-2154.8346501022347,-2154.8346501022347,-2154.8346501022347,-1924.964296311356,-1924.964296311356,-1924.964296311356,-514.6102915211854,-514.6102915211854,-514.6102915211854,195.25299600330217,195.25299600330217,195.25299600330217,-32.959444796402366,-32.959444796402366,-32.959444796402366,-128.89493180856823,-128.89493180856823,-128.89493180856823,-2.9500124641193994,-2.9500124641193994,-2.9500124641193994,-2355.9028402011786,-2355.9028402011786,-2355.9028402011786,0.0,0.0,0.0,110109.10039240663
639,2025-09-07 03:00:00,114648.28804694478,108747.76388616925,111356.73552626438,113403.05239379907,115918.02485036009,-4553.958926797633,-4553.958926797633,-4553.958926797633,215.1356168605219,215.1356168605219,215.1356168605219,73.52508132739108,73.52508132739108,73.52508132739108,-2151.664555784744,-2151.664555784744,-2151.664555784744,-1930.3843641281742,-1930.3843641281742,-1930.3843641281742,-516.2869013398733,-516.2869013398733,-516.2869013398733,227.34463386119546,227.34463386119546,227.34463386119546,-91.00576083943652,-91.00576083943652,-91.00576083943652,-129.96287432792178,-129.96287432792178,-129.96287432792178,-0.02998719844689058,-0.02998719844689058,-0.02998719844689058,-2402.2943710128884,-2402.2943710128884,-2402.2943710128884,0.0,0.0,0.0,110094.32912014716
640,2025-09-07 04:00:00,114676.7382111795,108661.7209569322,111448.18095603133,113354.56376750588,115961.25077576046,-4655.52146805069,-4655.52146805069,-4655.52146805069,236.45664574367052,236.45664574367052,236.45664574367052,67.02674491934904,67.02674491934904,67.02674491934904,-2206.698542549587,-2206.698542549587,-2206.698542549587,-1941.051035564477,-1941.051035564477,-1941.051035564477,-519.3991619241671,-519.3991619241671,-519.3991619241671,166.24700049183062,166.24700049183062,166.24700049183062,-82.05725524109874,-82.05725524109874,-82.05725524109874,-130.30149946920955,-130.30149946920955,-130.30149946920955,-3.6199815054843953,-3.6199815054843953,-3.6199815054843953,-2448.8229255011033,-2448.8229255011033,-2448.8229255011033,0.0,0.0,0.0,110021.21674312881
641,2025-09-07 05:00:00,114705.18837541425,108904.39917024222,111730.56400807848,113326.32489762988,116023.34744627611,-4326.603472204659,-4326.603472204659,-4326.603472204659,252.97911202521985,252.97911202521985,252.97911202521985,79.5402618627403,79.5402618627403,79.5402618627403,-1831.117942070442,-1831.117942070442,-1831.117942070442,-1942.2717095457433,-1942.2717095457433,-1942.2717095457433,-521.8610711549019,-521.8610711549019,-521.8610711549019,276.73631830472476,276.73631830472476,276.73631830472476,173.92030163815238,173.92030163815238,173.92030163815238,-147.57025508067795,-147.57025508067795,-147.57025508067795,-2.5909001199560096,-2.5909001199560096,-2.5909001199560096,-2495.485530134217,-2495.485530134217,-2495.485530134217,0.0,0.0,0.0,110378.58490320959
642,2025-09-07 06:00:00,114733.63853964898,108831.25829664792,111779.96734523201,113289.2403464601,116115.93236053492,-4452.908448102971,-4452.908448102971,-4452.908448102971,270.8045225362274,270.8045225362274,270.8045225362274,50.774213443385136,50.774213443385136,50.774213443385136,-1910.62923827965,-1910.62923827965,-1910.62923827965,-1949.3181189376035,-1949.3181189376035,-1949.3181189376035,-525.5088810914101,-525.5088810914101,-525.5088810914101,181.92081899073446,181.92081899073446,181.92081899073446,214.93647063503968,214.93647063503968,214.93647063503968,-151.61888577298322,-151.61888577298322,-151.61888577298322,-2.619378083039861,-2.619378083039861,-2.619378083039861,-2542.2792098233213,-2542.2792098233213,-2542.2792098233213,0.0,0.0,0.0,110280.73009154601
643,2025-09-07 07:00:00,114762.0887038837,108973.87262367652,111982.57601355661,113266.26113909335,116187.27037885471,-4242.165874021538,-4242.165874021538,-4242.165874021538,270.83445139848214,270.83445139848214,270.83445139848214,70.67626801562065,70.67626801562065,70.67626801562065,-1652.9648859446122,-1652.9648859446122,-1652.9648859446122,-1951.1342156597327,-1951.1342156597327,-1951.1342156597327,-528.8980889126736,-528.8980889126736,-528.8980889126736,230.6333530654801,230.6333530654801,230.6333530654801,408.33910249710055,408.33910249710055,408.33910249710055,-149.79577484340447,-149.79577484340447,-149.79577484340447,-3.6199815054843953,-3.6199815054843953,-3.6199815054843953,-2589.2009880769265,-2589.2009880769265,-2589.2009880769265,0.0,0.0,0.0,110519.92282986216
644,2025-09-07 08:00:00,114790.53886811844,109194.03907928248,112315.20722537844,113219.99111033278,116295.46819113068,-3986.2252486505713,-3986.2252486505713,-3986.2252486505713,245.86143509674247,245.86143509674247,245.86143509674247,118.11255256732022,118.11255256732022,118.11255256732022,-1349.977361388733,-1349.977361388733,-1349.977361388733,-1943.9074585706367,-1943.9074585706367,-1943.9074585706367,-531.8963716525019,-531.8963716525019,-531.8963716525019,382.86522757419175,382.86522757419175,382.86522757419175,501.21565303266476,501.21565303266476,501.21565303266476,-133.39184440408266,-133.39184440408266,-133.39184440408266,11.16344496756895,11.16344496756895,11.16344496756895,-2636.2478872618394,-2636.2478872618394,-2636.2478872618394,0.0,0.0,0.0,110804.31361946787
645,2025-09-07 09:00:00,114818.98903235317,109166.39793500955,112564.74512973263,113181.01630010927,116399.3794473697,-3923.99510472784,-3923.99510472784,-3923.99510472784,222.6722056736984,222.6722056736984,222.6722056736984,112.90366150283961,112.90366150283961,112.90366150283961,-1240.5781759776098,-1240.5781759776098,-1240.5781759776098,-1938.6668206510635,-1938.6668206510635,-1938.6668206510635,-539.203468673214,-539.203468673214,-539.203468673214,368.67784805687984,368.67784805687984,368.67784805687984,681.597040492861,681.597040492861,681.597040492861,-144.9386608741266,-144.9386608741266,-144.9386608741266,-3.6199815054843953,-3.6199815054843953,-3.6199815054843953,-2683.4169287502305,-2683.4169287502305,-2683.4169287502305,0.0,0.0,0.0,110894.99392762533
646,2025-09-07 10:00:00,114847.4391965879,109047.45700543284,112483.14853280947,113149.91514011062,116478.17953212676,-4040.3454185702126,-4040.3454185702126,-4040.3454185702126,201.1393497808718,201.1393497808718,201.1393497808718,104.57556847525683,104.57556847525683,104.57556847525683,-1309.6402854589649,-1309.6402854589649,-1309.6402854589649,-1929.1926008464588,-1929.1926008464588,-1929.1926008464588,-544.9890194665334,-544.9890194665334,-544.9890194665334,329.8396932752001,329.8396932752001,329.8396932752001,671.0152845653847,671.0152845653847,671.0152845653847,-145.04377873695663,-145.04377873695663,-145.04377873695663,3.0152174942703276,3.0152174942703276,3.0152174942703276,-2730.705133111247,-2730.705133111247,-2730.705133111247,0.0,0.0,0.0,110807.09377801769
647,2025-09-07 11:00:00,114875.88936082264,109025.1120649735,112532.34626595255,113111.92071977782,116589.09157023615,-4124.134473081571,-4124.134473081571,-4124.134473081571,175.93204027851323,175.93204027851323,175.93204027851323,102.8391703052537,102.8391703052537,102.8391703052537,-1346.0249528029578,-1346.0249528029578,-1346.0249528029578,-1906.9276909881582,-1906.9276909881582,-1906.9276909881582,-549.0643226306083,-549.0643226306083,-549.0643226306083,303.2516330319351,303.2516330319351,303.2516330319351,675.9082858731579,675.9082858731579,675.9082858731579,-144.95803924732317,-144.95803924732317,-144.95803924732317,-3.0060294257279936,-3.0060294257279936,-3.0060294257279936,-2778.1095202786128,-2778.1095202786128,-2778.1095202786128,0.0,0.0,0.0,110751.75488774106
648,2025-09-07 12:00:00,114904.33952505737,108582.76932284434,112299.8395470766,113067.05644477831,116656.2807242828,-4375.888775999938,-4375.888775999938,-4375.888775999938,166.32287468498916,166.32287468498916,166.32287468498916,72.20911329946144,72.20911329946144,72.20911329946144,-1550.2616661876064,-1550.2616661876064,-1550.2616661876064,-1882.633066461004,-1882.633066461004,-1882.633066461004,-553.5329928224378,-553.5329928224378,-553.5329928224378,202.81365277845487,202.81365277845487,202.81365277845487,588.0606116084607,588.0606116084607,588.0606116084607,-139.8818777700459,-139.8818777700459,-139.8818777700459,-3.6199815054843953,-3.6199815054843953,-3.6199815054843953,-2825.6271098123325,-2825.6271098123325,-2825.6271098123325,0.0,0.0,0.0,110528.45074905743
649,2025-09-07 13:00:00,114932.7896892921,108702.68430454774,112506.67481940052,113025.3271430335,116723.46987832947,-4351.997322120234,-4351.997322120234,-4351.997322120234,159.99305573281026,159.99305573281026,159.99305573281026,61.525989714084346,61.525989714084346,61.525989714084346,-1478.7424011059786,-1478.7424011059786,-1478.7424011059786,-1852.0324676806247,-1852.0324676806247,-1852.0324676806247,-557.972420707093,-557.972420707093,-557.972420707093,250.28039367209098,250.28039367209098,250.28039367209098,602.3302638855264,602.3302638855264,602.3302638855264,-139.8544352607213,-139.8544352607213,-139.8544352607213,-3.0127804620517113,-3.0127804620517113,-3.0127804620517113,-2873.2549210142547,-2873.2549210142547,-2873.2549210142547,0.0,0.0,0.0,110580.79236717186
650,2025-09-07 14:00:00,114961.23985352683,108545.75241473665,112471.27401986923,112990.04362233942,116804.02206399273,-4509.243341303979,-4509.243341303979,-4509.243341303979,143.47757348468724,143.47757348468724,143.47757348468724,58.83492293809532,58.83492293809532,58.83492293809532,-1588.2533681750745,-1588.2533681750745,-1588.2533681750745,-1826.4196529236917,-1826.4196529236917,-1826.4196529236917,-565.860853573509,-565.860853573509,-565.860853573509,248.4764104197227,248.4764104197227,248.4764104197227,492.318082082712,492.318082082712,492.318082082712,-138.4017639175672,-138.4017639175672,-138.4017639175672,-0.6780866855237866,-0.6780866855237866,-0.6780866855237866,-2920.9899731289042,-2920.9899731289042,-2920.9899731289042,0.0,0.0,0.0,110451.99651222285
651,2025-09-07 15:00:00,114989.69001776158,108503.4279916175,112408.88843445393,112947.00532968427,116898.71858432073,-4520.691547382001,-4520.691547382001,-4520.691547382001,128.1417685400017,128.1417685400017,128.1417685400017,61.299677033625365,61.299677033625365,61.299677033625365,-1551.8622618377935,-1551.8622618377935,-1551.8622618377935,-1790.1993648295581,-1790.1993648295581,-1790.1993648295581,-572.6802633898749,-572.6802633898749,-572.6802633898749,271.88297053801887,271.88297053801887,271.88297053801887,489.33518248660545,489.33518248660545,489.33518248660545,-138.75810818131387,-138.75810818131387,-138.75810818131387,-0.8841240352978108,-0.8841240352978108,-0.8841240352978108,-2968.829285544207,-2968.829285544207,-2968.829285544207,0.0,0.0,0.0,110468.99847037958
652,2025-09-07 16:00:00,115018.14018199629,108211.55929209501,112483.83240891744,112884.18536789897,116994.48716915432,-4618.391833885581,-4618.391833885581,-4618.391833885581,113.58840028962979,113.58840028962979,113.58840028962979,55.96463300170213,55.96463300170213,55.96463300170213,-1601.6219558772393,-1601.6219558772393,-1601.6219558772393,-1758.6743120133694,-1758.6743120133694,-1758.6743120133694,-570.2518393480492,-570.2518393480492,-570.2518393480492,307.43229727811587,307.43229727811587,307.43229727811587,392.2121432569637,392.2121432569637,392.2121432569637,-138.273296836748,-138.273296836748,-138.273296836748,-3.6199815054843953,-3.6199815054843953,-3.6199815054843953,-3016.769878008341,-3016.769878008341,-3016.769878008341,0.0,0.0,0.0,110399.7483481107
653,2025-09-07 17:00:00,115046.59034623104,107788.08932848887,112121.82519726233,112869.00557293362,117080.42015383145,-4981.671780428378,-4981.671780428378,-4981.671780428378,129.62519069095598,129.62519069095598,129.62519069095598,13.97431712711636,13.97431712711636,13.97431712711636,-1916.8630096988709,-1916.8630096988709,-1916.8630096988709,-1736.5071478535635,-1736.5071478535635,-1736.5071478535635,-569.1520782987006,-569.1520782987006,-569.1520782987006,140.89283551050784,140.89283551050784,140.89283551050784,235.20671960661463,235.20671960661463,235.20671960661463,-127.28286497631683,-127.28286497631683,-127.28286497631683,-3.6199815054843953,-3.6199815054843953,-3.6199815054843953,-3064.8087707295067,-3064.8087707295067,-3064.8087707295067,0.0,0.0,0.0,110064.91856580265
654,2025-09-07 18:00:00,115075.04051046577,107772.86066403148,112203.91440257049,112834.44709619194,117172.36701635792,-5032.422240988539,-5032.422240988539,-5032.422240988539,150.4653457323208,150.4653457323208,150.4653457323208,-5.8293835518257,-5.8293835518257,-5.8293835518257,-1919.4792563329618,-1919.4792563329618,-1919.4792563329618,-1711.005157444932,-1711.005157444932,-1711.005157444932,-568.2334180932777,-568.2334180932777,-568.2334180932777,31.39563359283622,31.39563359283622,31.39563359283622,310.5471944889674,310.5471944889674,310.5471944889674,-128.45725131436353,-128.45725131436353,-128.45725131436353,1.6377802573126437,1.6377802573126437,1.6377802573126437,-3112.9429846555768,-3112.9429846555768,-3112.9429846555768,0.0,0.0,0.0,110042.61826947723
655,2025-09-07 19:00:00,115103.4906747005,107754.17565423045,112484.26629721641,112798.46165746594,117290.03860106198,-4885.344923240298,-4885.344923240298,-4885.344923240298,152.5840229231204,152.5840229231204,152.5840229231204,40.55218305596711,40.55218305596711,40.55218305596711,-1724.1753816293733,-1724.1753816293733,-1724.1753816293733,-1680.751945959226,-1680.751945959226,-1680.751945959226,-565.6796306322673,-565.6796306322673,-565.6796306322673,104.79084123325408,104.79084123325408,104.79084123325408,352.9226432691492,352.9226432691492,352.9226432691492,-124.97351401388616,-124.97351401388616,-124.97351401388616,-3.6199815054843953,-3.6199815054843953,-3.6199815054843953,-3161.169541610925,-3161.169541610925,-3161.169541610925,0.0,0.0,0.0,110218.14575146021
656,2025-09-07 20:00:00,115131.94083893523,107835.51059871075,112604.98577145487,112781.45469811346,117368.89685413959,-4769.912173408766,-4769.912173408766,-4769.912173408766,150.10979169655548,150.10979169655548,150.10979169655548,62.35165570502964,62.35165570502964,62.35165570502964,-1560.426708931798,-1560.426708931798,-1560.426708931798,-1654.0370828692132,-1654.0370828692132,-1654.0370828692132,-565.3085768890095,-565.3085768890095,-565.3085768890095,98.62112682160428,98.62112682160428,98.62112682160428,476.5466713669993,476.5466713669993,476.5466713669993,-130.81594085531424,-130.81594085531424,-130.81594085531424,2.1056460915500073,2.1056460915500073,2.1056460915500073,-3209.485464476967,-3209.485464476967,-3209.485464476967,0.0,0.0,0.0,110362.02866552646
657,2025-09-07 21:00:00,115160.39100316996,107484.976108004,112339.64111570793,112763.73496484061,117453.08963569936,-5192.177113804094,-5192.177113804094,-5192.177113804094,155.18185076382983,155.18185076382983,155.18185076382983,11.045904843456666,11.045904843456666,11.045904843456666,-1934.2893363943786,-1934.2893363943786,-1934.2893363943786,-1638.4030484591467,-1638.4030484591467,-1638.4030484591467,-567.0486773120086,-567.0486773120086,-567.0486773120086,-13.87543880388697,-13.87543880388697,-13.87543880388697,247.89414005620154,247.89414005620154,247.89414005620154,-125.61013656597673,-125.61013656597673,-125.61013656597673,-3.4739309168473484,-3.4739309168473484,-3.4739309168473484,-3257.887777409715,-3257.887777409715,-3257.887777409715,0.0,0.0,0.0,109968.21388936587
658,2025-09-07 22:00:00,115188.8411674047,107541.31794693916,112449.84106976258,112703.2433815803,117563.47401914778,-5156.018133806483,-5156.018133806483,-5156.018133806483,161.95046814316007,161.95046814316007,161.95046814316007,45.168879177884264,45.168879177884264,45.168879177884264,-1849.6446278181706,-1849.6446278181706,-1849.6446278181706,-1620.955900176899,-1620.955900176899,-1620.955900176899,-568.3406195367073,-568.3406195367073,-568.3406195367073,108.47914071056324,108.47914071056324,108.47914071056324,165.37597163360948,165.37597163360948,165.37597163360948,-139.14115128261528,-139.14115128261528,-139.14115128261528,-2.1814164871660076,-2.1814164871660076,-2.1814164871660076,-3306.3735059883124,-3306.3735059883124,-3306.3735059883124,0.0,0.0,0.0,110032.82303359821
659,2025-09-07 23:00:00,115217.29133163943,107355.63381246923,112439.47632247268,112684.15272541849,117670.34638671346,-5333.035047582852,-5333.035047582852,-5333.035047582852,147.81085472467822,147.81085472467822,147.81085472467822,79.87584251452216,79.87584251452216,79.87584251452216,-1978.0953701549945,-1978.0953701549945,-1978.0953701549945,-1606.4397461496753,-1606.4397461496753,-1606.4397461496753,-566.4259504761866,-566.4259504761866,-566.4259504761866,24.602083685947644,24.602083685947644,24.602083685947644,82.15384345844865,82.15384345844865,82.15384345844865,-136.05231640724512,-136.05231640724512,-136.05231640724512,-3.6199815054843953,-3.6199815054843953,-3.6199815054843953,-3354.939677427857,-3354.939677427857,-3354.939677427857,0.0,0.0,0.0,109884.25628405658
660,2025-09-08 00:00:00,115245.74149587417,106773.02038995187,111937.18188499718,112656.06347284303,117742.06846837036,-5794.779234734577,-5794.779234734577,-5794.779234734577,163.85113315106005,163.85113315106005,163.85113315106005,-107.75833433723993,-107.75833433723993,-107.75833433723993,-2391.1959139924297,-2391.1959139924297,-2391.1959139924297,-1598.8651428659223,-1598.8651428659223,-1598.8651428659223,-566.4912725402362,-566.4912725402362,-566.4912725402362,-60.31305585829868,-60.31305585829868,-60.31305585829868,-98.04415755073985,-98.04415755073985,-98.04415755073985,-123.76471941441862,-123.76471941441862,-123.76471941441862,0.18963542336588238,0.18963542336588238,0.18963542336588238,-3403.5833207421474,-3403.5833207421474,-3403.5833207421474,0.0,0.0,0.0,109450.96226113959
661,2025-09-08 01:00:00,115274.19166010889,106736.60513936139,111962.87738646579,112579.01886320232,117878.73571146991,-5835.355237319188,-5835.355237319188,-5835.355237319188,187.57347475545774,187.57347475545774,187.57347475545774,-120.23129384323953,-120.23129384323953,-120.23129384323953,-2383.053770370582,-2383.053770370582,-2383.053770370582,-1591.0248364862457,-1591.0248364862457,-1591.0248364862457,-565.3478006517665,-565.3478006517665,-565.3478006517665,-80.29053658706623,-80.29053658706623,-80.29053658706623,-94.16006345199644,-94.16006345199644,-94.16006345199644,-123.52741912670653,-123.52741912670653,-123.52741912670653,3.9547050209814874,3.9547050209814874,3.9547050209814874,-3452.301466948607,-3452.301466948607,-3452.301466948607,0.0,0.0,0.0,109438.8364227897
662,2025-09-08 02:00:00,115302.64182434362,107081.53801995717,112537.85862153652,112568.34884714555,118005.32353041839,-5463.819282165201,-5463.819282165201,-5463.819282165201,185.07869942551847,185.07869942551847,185.07869942551847,-29.419298279319538,-29.419298279319538,-29.419298279319538,-1962.7281329522928,-1962.7281329522928,-1962.7281329522928,-1570.9722834939914,-1570.9722834939914,-1570.9722834939914,-563.756689478592,-563.756689478592,-563.756689478592,37.24321997845278,37.24321997845278,37.24321997845278,98.81422109270359,98.81422109270359,98.81422109270359,-116.09602069158008,-116.09602069158008,-116.09602069158008,-3.6199815054843953,-3.6199815054843953,-3.6199815054843953,-3501.0911492129076,-3501.0911492129076,-3501.0911492129076,0.0,0.0,0.0,109838.82254217842
663,2025-09-08 03:00:00,115331.09198857837,106958.27694882326,112628.9299511407,112511.26980025964,118094.94443750533,-5546.599506837236,-5546.599506837236,-5546.599506837236,180.25919486917223,180.25919486917223,180.25919486917223,6.61833315292122,6.61833315292122,6.61833315292122,-1996.6501037566154,-1996.6501037566154,-1996.6501037566154,-1561.726366435883,-1561.726366435883,-1561.726366435883,-563.1055750168082,-563.1055750168082,-563.1055750168082,67.54955270623573,67.54955270623573,67.54955270623573,-18.53935763210183,-18.53935763210183,-18.53935763210183,-114.08374892188158,-114.08374892188158,-114.08374892188158,6.377863521730242,6.377863521730242,6.377863521730242,-3549.9494030806204,-3549.9494030806204,-3549.9494030806204,0.0,0.0,0.0,109784.49248174112
664,2025-09-08 04:00:00,115359.54215281308,106916.24747470512,112461.83195238133,112451.70034314548,118180.53109073598,-5699.442593488577,-5699.442593488577,-5699.442593488577,183.68657391585367,183.68657391585367,183.68657391585367,-30.53909298545147,-30.53909298545147,-30.53909298545147,-2100.5693268610457,-2100.5693268610457,-2100.5693268610457,-1565.5269761775523,-1565.5269761775523,-1565.5269761775523,-563.7870611859422,-563.7870611859422,-563.7870611859422,13.463623380308947,13.463623380308947,13.463623380308947,-20.23179004498967,-20.23179004498967,-20.23179004498967,-114.0146222577883,-114.0146222577883,-114.0146222577883,-3.6199815054843953,-3.6199815054843953,-3.6199815054843953,-3598.873266627531,-3598.873266627531,-3598.873266627531,0.0,0.0,0.0,109660.0995593245
665,2025-09-08 05:00:00,115387.99231704783,106473.35974695432,112483.85471613138,112395.25546364754,118268.4818244322,-5826.823992984732,-5826.823992984732,-5826.823992984732,191.4645571970322,191.4645571970322,191.4645571970322,-40.48402252175101,-40.48402252175101,-40.48402252175101,-2178.9642123482636,-2178.9642123482636,-2178.9642123482636,-1566.8956454065476,-1566.8956454065476,-1566.8956454065476,-563.8195085476632,-563.8195085476632,-563.8195085476632,-29.38200526604637,-29.38200526604637,-29.38200526604637,-54.55541692953274,-54.55541692953274,-54.55541692953274,-116.40830283315952,-116.40830283315952,-116.40830283315952,1.1161319594048185,1.1161319594048185,1.1161319594048185,-3647.859780636469,-3647.859780636469,-3647.859780636469,0.0,0.0,0.0,109561.1683240631
666,2025-09-08 06:00:00,115416.44248128256,106560.14423529498,112608.65846963775,112335.01449096993,118329.90821959826,-5762.84988975775,-5762.84988975775,-5762.84988975775,188.66984565642224,188.66984565642224,188.66984565642224,-1.5819279521394567,-1.5819279521394567,-1.5819279521394567,-2065.943900950618,-2065.943900950618,-2065.943900950618,-1567.5114891971016,-1567.5114891971016,-1567.5114891971016,-562.835129461914,-562.835129461914,-562.835129461914,-13.82076991619518,-13.82076991619518,-13.82076991619518,9.555722892044876,9.555722892044876,9.555722892044876,-115.5645361598742,-115.5645361598742,-115.5645361598742,-2.8556168118606573,-2.8556168118606573,-2.8556168118606573,-3696.9059888071333,-3696.9059888071333,-3696.9059888071333,0.0,0.0,0.0,109653.59259152481
667,2025-09-08 07:00:00,115444.89264551729,106759.4496043055,112950.87072692001,112279.09630008644,118392.59601979317,-5435.573030940974,-5435.573030940974,-5435.573030940974,162.36178402257286,162.36178402257286,162.36178402257286,93.87648259874611,93.87648259874611,93.87648259874611,-1689.5640930402894,-1689.5640930402894,-1689.5640930402894,-1566.788492258194,-1566.788492258194,-1566.788492258194,-560.674068017752,-560.674068017752,-560.674068017752,115.43563158840205,115.43563158840205,115.43563158840205,191.23363050092513,191.23363050092513,191.23363050092513,-121.56263389978469,-121.56263389978469,-121.56263389978469,-3.446427575204597,-3.446427575204597,-3.446427575204597,-3746.0089379006836,-3746.0089379006836,-3746.0089379006836,0.0,0.0,0.0,110009.31961457632
668,2025-09-08 08:00:00,115473.34280975202,107030.33398549128,113289.0787796559,112217.17221921204,118506.64914677673,-5271.160231189021,-5271.160231189021,-5271.160231189021,128.45674257118097,128.45674257118097,128.45674257118097,149.27697566852572,149.27697566852572,149.27697566852572,-1475.9945532419006,-1475.9945532419006,-1475.9945532419006,-1551.6259775908911,-1551.6259775908911,-1551.6259775908911,-557.4141307297797,-557.4141307297797,-557.4141307297797,173.43962543053783,173.43962543053783,173.43962543053783,294.090853737822,294.090853737822,294.090853737822,-108.61749954313069,-108.61749954313069,-108.61749954313069,-3.6011427861655707,-3.6011427861655707,-3.6011427861655707,-3795.1656779471205,-3795.1656779471205,-3795.1656779471205,0.0,0.0,0.0,110202.182578563
669,2025-09-08 09:00:00,115501.79297398677,107186.26237376458,113626.91728288293,112156.06547462178,118612.96252165477,-5033.381752849299,-5033.381752849299,-5033.381752849299,88.61551696695318,88.61551696695318,88.61551696695318,173.2977339688628,173.2977339688628,173.2977339688628,-1189.0084904313514,-1189.0084904313514,-1189.0084904313514,-1527.174179816149,-1527.174179816149,-1527.174179816149,-552.7211677684961,-552.7211677684961,-552.7211677684961,373.62801211695546,373.62801211695546,373.62801211695546,355.30901369617015,355.30901369617015,355.30901369617015,-96.34343809016327,-96.34343809016327,-96.34343809016327,-3.6199815054843953,-3.6199815054843953,-3.6199815054843953,-3844.3732624179474,-3844.3732624179474,-3844.3732624179474,0.0,0.0,0.0,110468.41122113747
670,2025-09-08 10:00:00,115530.24313822149,107226.12114208644,113805.79090114174,112096.6257793162,118674.09612099682,-5007.496052373227,-5007.496052373227,-5007.496052373227,47.529998018174744,47.529998018174744,47.529998018174744,141.3741695386433,141.3741695386433,141.3741695386433,-1113.867303993424,-1113.867303993424,-1113.867303993424,-1500.726855422025,-1500.726855422025,-1500.726855422025,-548.481155325166,-548.481155325166,-548.481155325166,484.6793187612211,484.6793187612211,484.6793187612211,341.29127380036107,341.29127380036107,341.29127380036107,-95.96718137921172,-95.96718137921172,-95.96718137921172,16.433128014578468,16.433128014578468,16.433128014578468,-3893.628748379802,-3893.628748379802,-3893.628748379802,0.0,0.0,0.0,110522.74708584826
671,2025-09-08 11:00:00,115558.69330245622,106944.0261736348,113831.66033194361,112072.90748455637,118755.32219394103,-5020.893989914635,-5020.893989914635,-5020.893989914635,22.794638075377307,22.794638075377307,22.794638075377307,100.51994318046287,100.51994318046287,100.51994318046287,-1077.9647931966506,-1077.9647931966506,-1077.9647931966506,-1477.7779551242184,-1477.7779551242184,-1477.7779551242184,-543.200202214459,-543.200202214459,-543.200202214459,460.6362093105532,460.6362093105532,460.6362093105532,466.89115078221823,466.89115078221823,466.89115078221823,-104.20859570110063,-104.20859570110063,-104.20859570110063,-3.6199815054843953,-3.6199815054843953,-3.6199815054843953,-3942.9291967179843,-3942.9291967179843,-3942.9291967179843,0.0,0.0,0.0,110537.79931254158
672,2025-09-08 12:00:00,115587.14346669095,106664.29813839306,113627.10110270469,112019.51216020263,118866.58385719139,-5262.876062240432,-5262.876062240432,-5262.876062240432,-0.5955398646120545,-0.5955398646120545,-0.5955398646120545,83.01619229781062,83.01619229781062,83.01619229781062,-1270.604389966833,-1270.604389966833,-1270.604389966833,-1454.249693585303,-1454.249693585303,-1454.249693585303,-538.2444553048608,-538.2444553048608,-538.2444553048608,349.27279214525583,349.27279214525583,349.27279214525583,392.1466649655202,392.1466649655202,392.1466649655202,-105.10174174723919,-105.10174174723919,-105.10174174723919,3.151391126595738,3.151391126595738,3.151391126595738,-3992.2716722735995,-3992.2716722735995,-3992.2716722735995,0.0,0.0,0.0,110324.26740445051
673,2025-09-08 13:00:00,115615.5936309257,106735.85430067831,113841.04113671414,111982.05889724307,118961.15697332715,-5222.847978598179,-5222.847978598179,-5222.847978598179,-30.59284489789703,-30.59284489789703,-30.59284489789703,74.4874140860479,74.4874140860479,74.4874140860479,-1181.194734547312,-1181.194734547312,-1181.194734547312,-1424.9881649843765,-1424.9881649843765,-1424.9881649843765,-533.5899529981124,-533.5899529981124,-533.5899529981124,391.1750369932677,391.1750369932677,391.1750369932677,442.5464401228657,442.5464401228657,442.5464401228657,-107.89286672352407,-107.89286672352407,-107.89286672352407,7.660203854416684,7.660203854416684,7.660203854416684,-4041.6532440508677,-4041.6532440508677,-4041.6532440508677,0.0,0.0,0.0,110392.74565232752
674,2025-09-08 14:00:00,115644.04379516043,107228.81449502916,114353.73356557712,111938.81776522279,119059.92913433241,-4648.502799742865,-4648.502799742865,-4648.502799742865,-71.59953100526317,-71.59953100526317,-71.59953100526317,90.10348522592611,90.10348522592611,90.10348522592611,-557.4318143844339,-557.4318143844339,-557.4318143844339,-1379.296410485594,-1379.296410485594,-1379.296410485594,-526.707602015359,-526.707602015359,-526.707602015359,651.3525037939954,651.3525037939954,651.3525037939954,768.8189721746902,768.8189721746902,768.8189721746902,-94.16388557583483,-94.16388557583483,-94.16388557583483,4.060653503005465,4.060653503005465,4.060653503005465,-4091.0709853584317,-4091.0709853584317,-4091.0709853584317,0.0,0.0,0.0,110995.54099541756
675,2025-09-08 15:00:00,115672.49395939516,107152.18579351195,114428.78618515597,111873.81874446098,119140.2600600269,-4737.220161814428,-4737.220161814428,-4737.220161814428,-113.17936052992337,-113.17936052992337,-113.17936052992337,96.66846210726895,96.66846210726895,96.66846210726895,-596.6981877902084,-596.6981877902084,-596.6981877902084,-1339.939999839588,-1339.939999839588,-1339.939999839588,-520.1518918771768,-520.1518918771768,-520.1518918771768,614.5662047847552,614.5662047847552,614.5662047847552,748.3747625296609,748.3747625296609,748.3747625296609,-92.3196819735009,-92.3196819735009,-92.3196819735009,9.283317008295572,9.283317008295572,9.283317008295572,-4140.521974024219,-4140.521974024219,-4140.521974024219,0.0,0.0,0.0,110935.27379758072
676,2025-09-08 16:00:00,115700.94412362989,106647.76366109344,114344.29512690713,111827.97379598768,119229.8116033768,-5032.375596682241,-5032.375596682241,-5032.375596682241,-130.69718885456248,-130.69718885456248,-130.69718885456248,69.52260883257658,69.52260883257658,69.52260883257658,-842.372304135582,-842.372304135582,-842.372304135582,-1306.2828976561123,-1306.2828976561123,-1306.2828976561123,-513.8564932166619,-513.8564932166619,-513.8564932166619,527.307743834917,527.307743834917,527.307743834917,597.772671424703,597.772671424703,597.772671424703,-88.2143120692183,-88.2143120692183,-88.2143120692183,2.07556356877654,2.07556356877654,2.07556356877654,-4190.0032925466585,-4190.0032925466585,-4190.0032925466585,0.0,0.0,0.0,110668.56852694765
677,2025-09-08 17:00:00,115729.39428786462,106448.99542165194,114237.19556537966,111762.28145750848,119336.42803263897,-5267.622536895175,-5267.622536895175,-5267.622536895175,-129.31313420128387,-129.31313420128387,-129.31313420128387,46.8726926219898,46.8726926219898,46.8726926219898,-1028.1105086444943,-1028.1105086444943,-1028.1105086444943,-1273.8047095545544,-1273.8047095545544,-1273.8047095545544,-507.2136361192005,-507.2136361192005,-507.2136361192005,382.82309124651766,382.82309124651766,382.82309124651766,539.3484564636759,539.3484564636759,539.3484564636759,-83.20328759615434,-83.20328759615434,-83.20328759615434,-3.6199815054843953,-3.6199815054843953,-3.6199815054843953,-4239.5120282506805,-4239.5120282506805,-4239.5120282506805,0.0,0.0,0.0,110461.77175096945
678,2025-09-08 18:00:00,115757.84445209935,106582.3387399182,114456.28238115573,111699.44392440042,119496.79425905501,-5184.920093651638,-5184.920093651638,-5184.920093651638,-128.02794059466805,-128.02794059466805,-128.02794059466805,54.20259079181172,54.20259079181172,54.20259079181172,-895.8748201099561,-895.8748201099561,-895.8748201099561,-1238.6318606943373,-1238.6318606943373,-1238.6318606943373,-498.64038993178787,-498.64038993178787,-498.64038993178787,357.36938054123686,357.36938054123686,357.36938054123686,641.6381772395655,641.6381772395655,641.6381772395655,-82.66667296685111,-82.66667296685111,-82.66667296685111,-1.1181044949258143,-1.1181044949258143,-1.1181044949258143,-4289.045273541681,-4289.045273541681,-4289.045273541681,0.0,0.0,0.0,110572.92435844771
679,2025-09-08 19:00:00,115786.2946163341,105850.41024715565,113815.00033829347,111620.97673670544,119657.16048547109,-5761.715830686454,-5761.715830686454,-5761.715830686454,-111.2370368312149,-111.2370368312149,-111.2370368312149,24.870531020175385,24.870531020175385,24.870531020175385,-1423.1157047258062,-1423.1157047258062,-1423.1157047258062,-1212.9006497392354,-1212.9006497392354,-1212.9006497392354,-491.3764237879419,-491.3764237879419,-491.3764237879419,40.63569613406303,40.63569613406303,40.63569613406303,384.62262639083895,384.62262639083895,384.62262639083895,-56.96011687325586,-56.96011687325586,-56.96011687325586,-0.7703310392357106,-0.7703310392357106,-0.7703310392357106,-4338.600125960648,-4338.600125960648,-4338.600125960648,0.0,0.0,0.0,110024.57878564764
680,2025-09-08 20:00:00,115814.74478056881,105827.47036072287,114153.55561402679,111568.32300470112,119784.01287726808,-5814.325082775551,-5814.325082775551,-5814.325082775551,-86.44418696947105,-86.44418696947105,-86.44418696947105,-10.254255999708688,-10.254255999708688,-10.254255999708688,-1426.1513943330674,-1426.1513943330674,-1426.1513943330674,-1179.024881709114,-1179.024881709114,-1179.024881709114,-484.5955051504392,-484.5955051504392,-484.5955051504392,32.70974285796148,32.70974285796148,32.70974285796148,352.7262947389275,352.7262947389275,352.7262947389275,-56.25005892477673,-56.25005892477673,-56.25005892477673,4.981456823553097,4.981456823553097,4.981456823553097,-4388.173688442484,-4388.173688442484,-4388.173688442484,0.0,0.0,0.0,110000.41969779326
681,2025-09-08 21:00:00,115843.19494480354,105962.1830997821,114292.77631606242,111522.06578065972,119938.19150721189,-5656.280892873299,-5656.280892873299,-5656.280892873299,-74.08277799479634,-74.08277799479634,-74.08277799479634,10.821783178112916,10.821783178112916,10.821783178112916,-1218.5178233856575,-1218.5178233856575,-1218.5178233856575,-1139.3997851172364,-1139.3997851172364,-1139.3997851172364,-475.85297103442224,-475.85297103442224,-475.85297103442224,127.42858821331089,127.42858821331089,127.42858821331089,388.64863175757677,388.64863175757677,388.64863175757677,-52.461310882718664,-52.461310882718664,-52.461310882718664,-3.6199815054843953,-3.6199815054843953,-3.6199815054843953,-4437.763069487642,-4437.763069487642,-4437.763069487642,0.0,0.0,0.0,110186.91405193025
682,2025-09-08 22:00:00,115871.64510903829,105649.63822325208,114202.19707470108,111474.49515835576,120061.12891671679,-5766.553827092354,-5766.553827092354,-5766.553827092354,-69.2688801212393,-69.2688801212393,-69.2688801212393,28.380655985572258,28.380655985572258,28.380655985572258,-1279.188443818805,-1279.188443818805,-1279.188443818805,-1109.0295541333178,-1109.0295541333178,-1109.0295541333178,-467.7143607675663,-467.7143607675663,-467.7143607675663,122.19774465400246,122.19774465400246,122.19774465400246,278.23342254921533,278.23342254921533,278.23342254921533,-58.5690944907668,-58.5690944907668,-58.5690944907668,-3.418377494704643,-3.418377494704643,-3.418377494704643,-4487.36538327355,-4487.36538327355,-4487.36538327355,0.0,0.0,0.0,110105.09128194593
683,2025-09-08 23:00:00,115900.09527327301,105344.64826136398,113946.89315088523,111448.27938509894,120150.77270105435,-6075.828515947232,-6075.828515947232,-6075.828515947232,-47.41079067933695,-47.41079067933695,-47.41079067933695,-24.586562731724484,-24.586562731724484,-24.586562731724484,-1538.8507660787263,-1538.8507660787263,-1538.8507660787263,-1078.8912970958427,-1078.8912970958427,-1078.8912970958427,-460.52939158715816,-460.52939158715816,-460.52939158715816,78.24242603261779,78.24242603261779,78.24242603261779,66.33722700824792,66.33722700824792,66.33722700824792,-68.39239552004523,-68.39239552004523,-68.39239552004523,-3.6199815054843953,-3.6199815054843953,-3.6199815054843953,-4536.977749868505,-4536.977749868505,-4536.977749868505,0.0,0.0,0.0,109824.26675732578
684,2025-09-09 00:00:00,115928.54543750775,104845.06093436836,113426.26541419397,111418.44633847136,120234.41337247963,-6650.933901758856,-6650.933901758856,-6650.933901758856,-13.329248136886564,-13.329248136886564,-13.329248136886564,-103.21153280180324,-103.21153280180324,-103.21153280180324,-2064.3366063375624,-2064.3366063375624,-2064.3366063375624,-1058.7439812550408,-1058.7439812550408,-1058.7439812550408,-454.8046147328704,-454.8046147328704,-454.8046147328704,-301.39653235701286,-301.39653235701286,-301.39653235701286,-76.72728975264356,-76.72728975264356,-76.72728975264356,-54.55671545967161,-54.55671545967161,-54.55671545967161,-1.5666918416331246,-1.5666918416331246,-1.5666918416331246,-4586.597295421295,-4586.597295421295,-4586.597295421295,0.0,0.0,0.0,109277.6115357489
685,2025-09-09 01:00:00,115956.99560174248,104448.07131266296,113355.26837223241,111413.7611955154,120348.8712451507,-6865.593821509067,-6865.593821509067,-6865.593821509067,4.784051613680399,4.784051613680399,4.784051613680399,-139.0849511070328,-139.0849511070328,-139.0849511070328,-2229.372669232003,-2229.372669232003,-2229.372669232003,-1048.2390720662554,-1048.2390720662554,-1048.2390720662554,-450.1873826318215,-450.1873826318215,-450.1873826318215,-384.6543164712524,-384.6543164712524,-384.6543164712524,-157.26884250786256,-157.26884250786256,-157.26884250786256,-51.63671875953554,-51.63671875953554,-51.63671875953554,-3.0854373019229895,-3.0854373019229895,-3.0854373019229895,-4636.221152277065,-4636.221152277065,-4636.221152277065,0.0,0.0,0.0,109091.40178023341
686,2025-09-09 02:00:00,115985.4457659772,104490.68782356074,113475.25315676168,111355.70366245531,120465.83560668398,-6864.312763088227,-6864.312763088227,-6864.312763088227,13.668814768859677,13.668814768859677,13.668814768859677,-129.17594395103188,-129.17594395103188,-129.17594395103188,-2178.4663039113716,-2178.4663039113716,-2178.4663039113716,-1042.1960475089982,-1042.1960475089982,-1042.1960475089982,-446.46896992235173,-446.46896992235173,-446.46896992235173,-354.5754148607324,-354.5754148607324,-354.5754148607324,-165.49414475413377,-165.49414475413377,-165.49414475413377,-51.603864638427694,-51.603864638427694,-51.603864638427694,-2.6207330445555366,-2.6207330445555366,-2.6207330445555366,-4685.846459176856,-4685.846459176856,-4685.846459176856,0.0,0.0,0.0,109121.13300288898
687,2025-09-09 03:00:00,116013.89593021195,104786.86626553038,114089.36465733439,111306.41784084523,120577.65524378598,-6430.680421799628,-6430.680421799628,-6430.680421799628,41.27901599631294,41.27901599631294,41.27901599631294,-66.87308692513155,-66.87308692513155,-66.87308692513155,-1695.2100603673262,-1695.2100603673262,-1695.2100603673262,-1029.4835999040881,-1029.4835999040881,-1029.4835999040881,-441.96202222196285,-441.96202222196285,-441.96202222196285,-130.140683106072,-130.140683106072,-130.140683106072,-25.206103495122438,-25.206103495122438,-25.206103495122438,-39.203599205777735,-39.203599205777735,-39.203599205777735,-3.6199815054843953,-3.6199815054843953,-3.6199815054843953,-4735.470361432301,-4735.470361432301,-4735.470361432301,0.0,0.0,0.0,109583.21550841232
688,2025-09-09 04:00:00,116042.3460944467,104739.25107639385,114058.11648285398,111249.28405746882,120686.73315683463,-6483.047721197326,-6483.047721197326,-6483.047721197326,66.82961941380326,66.82961941380326,66.82961941380326,-14.562489278943076,-14.562489278943076,-14.562489278943076,-1697.957710128352,-1697.957710128352,-1697.957710128352,-1017.4413757389043,-1017.4413757389043,-1017.4413757389043,-436.68399944683904,-436.68399944683904,-436.68399944683904,-113.76983878440876,-113.76983878440876,-113.76983878440876,-126.35826724064636,-126.35826724064636,-126.35826724064636,-62.9880631575304,-62.9880631575304,-62.9880631575304,7.016704105116688,7.016704105116688,7.016704105116688,-4785.090011068974,-4785.090011068974,-4785.090011068974,0.0,0.0,0.0,109559.29837324937
689,2025-09-09 05:00:00,116070.79625868141,105018.45180330488,114535.1941494471,111196.84532374155,120771.38227898703,-6189.822387353978,-6189.822387353978,-6189.822387353978,82.51439968408411,82.51439968408411,82.51439968408411,19.779123193190298,19.779123193190298,19.779123193190298,-1355.1198203366534,-1355.1198203366534,-1355.1198203366534,-1012.5694639636707,-1012.5694639636707,-1012.5694639636707,-430.621867708501,-430.621867708501,-430.621867708501,112.2412888173782,112.2412888173782,112.2412888173782,-63.28160085917183,-63.28160085917183,-63.28160085917183,-59.56171799447803,-59.56171799447803,-59.56171799447803,-3.6199815054843953,-3.6199815054843953,-3.6199815054843953,-4834.702567017324,-4834.702567017324,-4834.702567017324,0.0,0.0,0.0,109880.97387132743
690,2025-09-09 06:00:00,116099.24642291614,105621.50801398713,115289.64673064752,111144.11223930799,120867.21160854994,-5479.13788315966,-5479.13788315966,-5479.13788315966,64.9983319198628,64.9983319198628,64.9983319198628,117.5611852438636,117.5611852438636,117.5611852438636,-594.8326878974387,-594.8326878974387,-594.8326878974387,-983.3210140125417,-983.3210140125417,-983.3210140125417,-421.07184299325934,-421.07184299325934,-421.07184299325934,422.7322471858224,422.7322471858224,422.7322471858224,200.28115196455911,200.28115196455911,200.28115196455911,-13.333220499936289,-13.333220499936289,-13.333220499936289,17.320473294190776,17.320473294190776,17.320473294190776,-4884.305195262222,-4884.305195262222,-4884.305195262222,0.0,0.0,0.0,110620.10853975647
691,2025-09-09 07:00:00,116127.69658715089,105451.02132923095,115226.4578860203,111092.09803399272,120935.3186836526,-5583.305964349088,-5583.305964349088,-5583.305964349088,45.629594305297644,45.629594305297644,45.629594305297644,126.34646983582721,126.34646983582721,126.34646983582721,-649.4108953381582,-649.4108953381582,-649.4108953381582,-956.2768901775818,-956.2768901775818,-956.2768901775818,-412.03075041534703,-412.03075041534703,-412.03075041534703,299.92320333062946,299.92320333062946,299.92320333062946,265.0427100447575,265.0427100447575,265.0427100447575,-18.758179970841002,-18.758179970841002,-18.758179970841002,0.7129477090999758,0.7129477090999758,0.7129477090999758,-4933.895069010929,-4933.895069010929,-4933.895069010929,0.0,0.0,0.0,110544.3906228018
692,2025-09-09 08:00:00,116156.1467513856,105379.73712455612,115305.92511936746,111042.10869504778,121017.28688598538,-5711.886578281143,-5711.886578281143,-5711.886578281143,27.644337948915634,27.644337948915634,27.644337948915634,107.67013425747942,107.67013425747942,107.67013425747942,-728.4172094191472,-728.4172094191472,-728.4172094191472,-929.2375847925426,-929.2375847925426,-929.2375847925426,-402.5404923362772,-402.5404923362772,-402.5404923362772,305.2296416549264,305.2296416549264,305.2296416549264,188.58212704641372,188.58212704641372,188.58212704641372,-22.145391692578222,-22.145391692578222,-22.145391692578222,-3.6199815054843953,-3.6199815054843953,-3.6199815054843953,-4983.469368861995,-4983.469368861995,-4983.469368861995,0.0,0.0,0.0,110444.26017310446
693,2025-09-09 09:00:00,116184.59691562035,105495.16529019369,115771.97914752575,110980.70670018785,121143.36571094014,-5549.914026329797,-5549.914026329797,-5549.914026329797,10.94374276084668,10.94374276084668,10.94374276084668,83.21845170310252,83.21845170310252,83.21845170310252,-516.8887433606554,-516.8887433606554,-516.8887433606554,-900.5398148329625,-900.5398148329625,-900.5398148329625,-393.8266510895136,-393.8266510895136,-393.8266510895136,370.14976292214385,370.14976292214385,370.14976292214385,356.48759550135816,356.48759550135816,356.48759550135816,-39.701848820146196,-39.701848820146196,-39.701848820146196,-3.6199815054843953,-3.6199815054843953,-3.6199815054843953,-5033.025282969142,-5033.025282969142,-5033.025282969142,0.0,0.0,0.0,110634.68288929055
694,2025-09-09 10:00:00,116213.04707985508,105251.26301250652,115577.37858200823,110866.43044380705,121295.99269385317,-5625.739720969437,-5625.739720969437,-5625.739720969437,11.817455933045945,11.817455933045945,11.817455933045945,57.241182957104705,57.241182957104705,57.241182957104705,-543.179713769305,-543.179713769305,-543.179713769305,-897.3160423824372,-897.3160423824372,-897.3160423824372,-387.47682755040086,-387.47682755040086,-387.47682755040086,436.9414326134834,436.9414326134834,436.9414326134834,273.07978054227823,273.07978054227823,273.07978054227823,-33.84671437689477,-33.84671437689477,-33.84671437689477,-3.6199815054843953,-3.6199815054843953,-3.6199815054843953,-5082.5600072001325,-5082.5600072001325,-5082.5600072001325,0.0,0.0,0.0,110587.30735888565
695,2025-09-09 11:00:00,116241.4972440898,105122.04380283905,115531.65512782555,110801.89747805735,121414.5434228725,-5807.054709186798,-5807.054709186798,-5807.054709186798,21.121804030361886,21.121804030361886,21.121804030361886,36.29046999638175,36.29046999638175,36.29046999638175,-674.9839638966425,-674.9839638966425,-674.9839638966425,-899.4402904498384,-899.4402904498384,-899.4402904498384,-381.9008873242904,-381.9008873242904,-381.9008873242904,455.1713936459483,455.1713936459483,455.1713936459483,126.79833401734743,126.79833401734743,126.79833401734743,-35.09219784098088,-35.09219784098088,-35.09219784098088,2.067410028427825,2.067410028427825,2.067410028427825,-5132.070745290155,-5132.070745290155,-5132.070745290155,0.0,0.0,0.0,110434.442534903
696,2025-09-09 12:00:00,116269.94740832454,104889.54222710607,115956.19658355624,110750.8304720925,121590.04698707706,-5719.494281392511,-5719.494281392511,-5719.494281392511,33.28042062106061,33.28042062106061,33.28042062106061,34.415660577242846,34.415660577242846,34.415660577242846,-537.9395723675656,-537.9395723675656,-537.9395723675656,-893.6329110389629,-893.6329110389629,-893.6329110389629,-376.0932979654405,-376.0932979654405,-376.0932979654405,523.4767086826976,523.4767086826976,523.4767086826976,176.50412146958246,176.50412146958246,176.50412146958246,-34.89359378762795,-34.89359378762795,-34.89359378762795,-0.9966809261175404,-0.9966809261175404,-0.9966809261175404,-5181.554709024946,-5181.554709024946,-5181.554709024946,0.0,0.0,0.0,110550.45312693203
697,2025-09-09 13:00:00,116298.39757255928,105069.13759047996,115905.29162369794,110667.22936188644,121719.69887921672,-5757.536569941027,-5757.536569941027,-5757.536569941027,41.20056884623907,41.20056884623907,41.20056884623907,36.70709907554726,36.70709907554726,36.70709907554726,-526.5274515409648,-526.5274515409648,-526.5274515409648,-877.6478181342842,-877.6478181342842,-877.6478181342842,-370.2858612282322,-370.2858612282322,-370.2858612282322,422.2421604640774,422.2421604640774,422.2421604640774,262.70847060084895,262.70847060084895,262.70847060084895,-37.83208965967678,-37.83208965967678,-37.83208965967678,-3.6199815054843953,-3.6199815054843953,-3.6199815054843953,-5231.009118400062,-5231.009118400062,-5231.009118400062,0.0,0.0,0.0,110540.86100261824
698,2025-09-09 14:00:00,116326.847736794,104286.34595697543,115173.65782756545,110603.2239153549,121833.71716658138,-6452.967607898638,-6452.967607898638,-6452.967607898638,53.96366496829862,53.96366496829862,53.96366496829862,-21.41359165187739,-21.41359165187739,-21.41359165187739,-1172.5364061640698,-1172.5364061640698,-1172.5364061640698,-898.2577051679821,-898.2577051679821,-898.2577051679821,-367.68637884671756,-367.68637884671756,-367.68637884671756,-48.880981313988215,-48.880981313988215,-48.880981313988215,87.44794207252828,87.44794207252828,87.44794207252828,11.513113241893091,11.513113241893091,11.513113241893091,10.777530533775307,10.777530533775307,10.777530533775307,-5280.431201734568,-5280.431201734568,-5280.431201734568,0.0,0.0,0.0,109873.88012889537
699,2025-09-09 15:00:00,116355.29790102874,103504.49707734003,114967.47536913877,110565.67957756978,121945.25484070432,-7087.936558366326,-7087.936558366326,-7087.936558366326,42.06954274276699,42.06954274276699,42.06954274276699,-89.45787493349842,-89.45787493349842,-89.45787493349842,-1758.1183624666671,-1758.1183624666671,-1758.1183624666671,-929.9089554822427,-929.9089554822427,-929.9089554822427,-368.70393787808433,-368.70393787808433,-368.70393787808433,-411.8103946371677,-411.8103946371677,-411.8103946371677,-52.590670862314354,-52.590670862314354,-52.590670862314354,44.81190986698027,44.81190986698027,44.81190986698027,7.472018716893055,7.472018716893055,7.472018716893055,-5329.818195899659,-5329.818195899659,-5329.818195899659,0.0,0.0,0.0,109267.3613426624
700,2025-09-09 16:00:00,116383.74806526347,102968.15002161387,114641.54840220115,110508.81794665885,122052.98742340796,-7454.389472334616,-7454.389472334616,-7454.389472334616,31.02500067620185,31.02500067620185,31.02500067620185,-99.02853489865313,-99.02853489865313,-99.02853489865313,-2075.2221259049143,-2075.2221259049143,-2075.2221259049143,-959.7333249245333,-959.7333249245333,-959.7333249245333,-369.29797184465025,-369.29797184465025,-369.29797184465025,-693.6446650756387,-693.6446650756387,-693.6446650756387,-29.23133687671226,-29.23133687671226,-29.23133687671226,44.91931174122966,44.91931174122966,44.91931174122966,-0.23060470215821188,-0.23060470215821188,-0.23060470215821188,-5379.167346429701,-5379.167346429701,-5379.167346429701,0.0,0.0,0.0,108929.35859292885
701,2025-09-09 17:00:00,116412.1982294982,102744.53633839724,114791.54356437732,110461.61496231082,122171.72765876973,-7592.478527788673,-7592.478527788673,-7592.478527788673,24.26050078857946,24.26050078857946,24.26050078857946,-83.7493853313914,-83.7493853313914,-83.7493853313914,-2164.0026200973293,-2164.0026200973293,-2164.0026200973293,-996.5079642101629,-996.5079642101629,-996.5079642101629,-370.26614251170184,-370.26614251170184,-370.26614251170184,-658.3350959411281,-658.3350959411281,-658.3350959411281,-112.74420110555585,-112.74420110555585,-112.74420110555585,36.95964971951562,36.95964971951562,36.95964971951562,-3.6199815054843953,-3.6199815054843953,-3.6199815054843953,-5428.475907691344,-5428.475907691344,-5428.475907691344,0.0,0.0,0.0,108819.71970170953
702,2025-09-09 18:00:00,116440.64839373293,102617.35731164167,114709.29030235454,110415.86408391641,122298.40546662977,-7660.906635874596,-7660.906635874596,-7660.906635874596,23.898235580645412,23.898235580645412,23.898235580645412,-65.45192200662274,-65.45192200662274,-65.45192200662274,-2183.1654928412713,-2183.1654928412713,-2183.1654928412713,-1027.9240282780243,-1027.9240282780243,-1027.9240282780243,-370.5007525043557,-370.5007525043557,-370.5007525043557,-597.7834430974307,-597.7834430974307,-597.7834430974307,-174.54532688669738,-174.54532688669738,-174.54532688669738,30.94807421108447,30.94807421108447,30.94807421108447,-1.8063298598704403,-1.8063298598704403,-1.8063298598704403,-5477.741143033324,-5477.741143033324,-5477.741143033324,0.0,0.0,0.0,108779.74175785834
703,2025-09-09 19:00:00,116469.09855796768,102735.02152350568,114853.55951338756,110380.61461643485,122470.20629417244,-7626.340243019682,-7626.340243019682,-7626.340243019682,28.961448444371133,28.961448444371133,28.961448444371133,-46.43109649487736,-46.43109649487736,-46.43109649487736,-2099.379918045702,-2099.379918045702,-2099.379918045702,-1048.4673748127518,-1048.4673748127518,-1048.4673748127518,-368.9976734960012,-368.9976734960012,-368.9976734960012,-527.9709395707864,-527.9709395707864,-527.9709395707864,-164.95231788553926,-164.95231788553926,-164.95231788553926,31.76448280121909,31.76448280121909,31.76448280121909,-3.286447031336217,-3.286447031336217,-3.286447031336217,-5526.96032497398,-5526.96032497398,-5526.96032497398,0.0,0.0,0.0,108842.75831494799
704,2025-09-09 20:00:00,116497.5487222024,102275.64456319273,114855.30038121414,110255.00696040403,122585.91157918493,-7834.399179366551,-7834.399179366551,-7834.399179366551,40.23756021341852,40.23756021341852,40.23756021341852,-35.641329426635494,-35.641329426635494,-35.641329426635494,-2258.268444053197,-2258.268444053197,-2258.268444053197,-1052.7987023962783,-1052.7987023962783,-1052.7987023962783,-367.2417004219243,-367.2417004219243,-367.2417004219243,-394.2250150944834,-394.2250150944834,-394.2250150944834,-436.1219589634405,-436.1219589634405,-436.1219589634405,-13.311574156743433,-13.311574156743433,-13.311574156743433,0.8342761928896061,0.8342761928896061,0.8342761928896061,-5576.130735313353,-5576.130735313353,-5576.130735313353,0.0,0.0,0.0,108663.14954283585
705,2025-09-09 21:00:00,116525.99888643713,102236.76634098108,115057.375392948,110125.69467956988,122668.46599738771,-7866.832537520495,-7866.832537520495,-7866.832537520495,61.37824943703426,61.37824943703426,61.37824943703426,-26.230778723380332,-26.230778723380332,-26.230778723380332,-2241.5828722134024,-2241.5828722134024,-2241.5828722134024,-1055.6766937021123,-1055.6766937021123,-1055.6766937021123,-367.03199828173047,-367.03199828173047,-367.03199828173047,-394.2422163533735,-394.2422163533735,-394.2422163533735,-459.86765171828023,-459.86765171828023,-459.86765171828023,-13.280189993344393,-13.280189993344393,-13.280189993344393,13.368407121784589,13.368407121784589,13.368407121784589,-5625.249665307093,-5625.249665307093,-5625.249665307093,0.0,0.0,0.0,108659.16634891662
706,2025-09-09 22:00:00,116554.44905067187,102311.00331327727,114991.03948508293,110013.52588633729,122742.40505918305,-7733.130985685759,-7733.130985685759,-7733.130985685759,80.50460128176691,80.50460128176691,80.50460128176691,-18.518710747544187,-18.518710747544187,-18.518710747544187,-2058.816569866457,-2058.816569866457,-2058.816569866457,-1049.3585585990716,-1049.3585585990716,-1049.3585585990716,-366.0270152739127,-366.0270152739127,-366.0270152739127,-347.568939127564,-347.568939127564,-347.568939127564,-348.5328976323988,-348.5328976323988,-348.5328976323988,-5.695068262248036,-5.695068262248036,-5.695068262248036,-3.6199815054843953,-3.6199815054843953,-3.6199815054843953,-5674.314415819302,-5674.314415819302,-5674.314415819302,0.0,0.0,0.0,108821.31806498612
707,2025-09-09 23:00:00,116582.89921490659,101935.18507594413,115214.31202498314,109920.90410290899,122814.43583147273,-7805.385063840277,-7805.385063840277,-7805.385063840277,98.26478513759011,98.26478513759011,98.26478513759011,-13.312209653168187,-13.312209653168187,-13.312209653168187,-2082.06276636624,-2082.06276636624,-2082.06276636624,-1054.1859570749918,-1054.1859570749918,-1054.1859570749918,-364.24210513595034,-364.24210513595034,-364.24210513595034,-385.90732767677474,-385.90732767677474,-385.90732767677474,-353.1414564637938,-353.1414564637938,-353.1414564637938,-5.918513993666841,-5.918513993666841,-5.918513993666841,-3.6199815054843953,-3.6199815054843953,-3.6199815054843953,-5723.322297474037,-5723.322297474037,-5723.322297474037,0.0,0.0,0.0,108777.51415106631
708,2025-09-10 00:00:00,116611.34937914133,102002.6031960785,115292.55910317507,109838.54316974148,122885.75910785202,-7794.267173042483,-7794.267173042483,-7794.267173042483,96.90651351059148,96.90651351059148,96.90651351059148,-34.60437049232824,-34.60437049232824,-34.60437049232824,-2021.996542217032,-2021.996542217032,-2021.996542217032,-1084.8303808046937,-1084.8303808046937,-1084.8303808046937,-365.3618290964586,-365.3618290964586,-365.3618290964586,-239.56245425042613,-239.56245425042613,-239.56245425042613,-400.98908552841107,-400.98908552841107,-400.98908552841107,4.879560687178309,4.879560687178309,4.879560687178309,1.565503757515941,1.565503757515941,1.565503757515941,-5772.270630825451,-5772.270630825451,-5772.270630825451,0.0,0.0,0.0,108817.08220609886
709,2025-09-10 01:00:00,116639.79954337607,102011.30347130378,115551.36601589587,109807.22527820004,123017.08678162063,-7553.350957790589,-7553.350957790589,-7553.350957790589,93.6958911851074,93.6958911851074,93.6958911851074,-45.58182803372579,-45.58182803372579,-45.58182803372579,-1732.1942113344835,-1732.1942113344835,-1732.1942113344835,-1119.9770723653073,-1119.9770723653073,-1119.9770723653073,-365.90647469871215,-365.90647469871215,-365.90647469871215,69.08929060220655,69.08929060220655,69.08929060220655,-365.44869657427387,-365.44869657427387,-365.44869657427387,5.554660055705978,5.554660055705978,5.554660055705978,-3.6199815054843953,-3.6199815054843953,-3.6199815054843953,-5821.156746456106,-5821.156746456106,-5821.156746456106,0.0,0.0,0.0,109086.44858558547
710,2025-09-10 02:00:00,116668.24970761078,102410.94080995838,115906.08674349658,109768.97497109622,123138.10084248951,-7353.303654790972,-7353.303654790972,-7353.303654790972,112.28782749610781,112.28782749610781,112.28782749610781,-9.815873932078292,-9.815873932078292,-9.815873932078292,-1483.3256696186538,-1483.3256696186538,-1483.3256696186538,-1167.9679158288059,-1167.9679158288059,-1167.9679158288059,-363.7484656874468,-363.7484656874468,-363.7484656874468,198.6438423796768,198.6438423796768,198.6438423796768,-266.1288790174114,-266.1288790174114,-266.1288790174114,16.693379808255585,16.693379808255585,16.693379808255585,-3.289584836951466,-3.289584836951466,-3.289584836951466,-5869.977985172319,-5869.977985172319,-5869.977985172319,0.0,0.0,0.0,109314.94605281981
711,2025-09-10 03:00:00,116696.69987184553,102132.53280715592,115777.21381382439,109658.16043669211,123296.75918201225,-7347.261560890545,-7347.261560890545,-7347.261560890545,129.55176835632236,129.55176835632236,129.55176835632236,39.36543110707442,39.36543110707442,39.36543110707442,-1428.5298627272825,-1428.5298627272825,-1428.5298627272825,-1211.6150414089636,-1211.6150414089636,-1211.6150414089636,-361.5568799142902,-361.5568799142902,-361.5568799142902,216.753746935337,216.753746935337,216.753746935337,-260.85618048684074,-260.85618048684074,-260.85618048684074,17.051380410479954,17.051380410479954,17.051380410479954,2.775912273598265,2.775912273598265,2.775912273598265,-5918.731698163262,-5918.731698163262,-5918.731698163262,0.0,0.0,0.0,109349.43831095498
712,2025-09-10 04:00:00,116725.15003608027,102125.12736173825,116240.11724304911,109575.74962117392,123389.48772439586,-7226.788030559761,-7226.788030559761,-7226.788030559761,149.41555591508074,149.41555591508074,149.41555591508074,73.15316817191804,73.15316817191804,73.15316817191804,-1259.3727834618387,-1259.3727834618387,-1259.3727834618387,-1252.6505671292023,-1252.6505671292023,-1252.6505671292023,-360.1933276137702,-360.1933276137702,-360.1933276137702,187.4458105255962,187.4458105255962,187.4458105255962,-19.253518997923567,-19.253518997923567,-19.253518997923567,-33.66992282805292,-33.66992282805292,-33.66992282805292,-3.6199815054843953,-3.6199815054843953,-3.6199815054843953,-5967.4152470979225,-5967.4152470979225,-5967.4152470979225,0.0,0.0,0.0,109498.36200552051
713,2025-09-10 05:00:00,116753.60020031499,102157.41483046378,116532.73082761336,109447.6350303113,123535.54265586185,-7072.349086733958,-7072.349086733958,-7072.349086733958,172.01135751175534,172.01135751175534,172.01135751175534,67.64558898855898,67.64558898855898,67.64558898855898,-1056.3230824276895,-1056.3230824276895,-1056.3230824276895,-1293.8501495969151,-1293.8501495969151,-1293.8501495969151,-358.19038219379706,-358.19038219379706,-358.19038219379706,114.37301964434047,114.37301964434047,114.37301964434047,338.5633318664318,338.5633318664318,338.5633318664318,-94.26602660939784,-94.26602660939784,-94.26602660939784,-2.609822038666148,-2.609822038666148,-2.609822038666148,-6016.026004306268,-6016.026004306268,-6016.026004306268,0.0,0.0,0.0,109681.25111358103
714,2025-09-10 06:00:00,116782.05036454972,102390.28111461387,116743.61858094741,109307.79515544735,123657.28390049675,-6962.137192986635,-6962.137192986635,-6962.137192986635,184.88481564957556,184.88481564957556,184.88481564957556,106.18913503918498,106.18913503918498,106.18913503918498,-897.5758400500408,-897.5758400500408,-897.5758400500408,-1319.8463752979583,-1319.8463752979583,-1319.8463752979583,-354.79329909565547,-354.79329909565547,-354.79329909565547,167.38007554168624,167.38007554168624,167.38007554168624,411.27428765122346,411.27428765122346,411.27428765122346,-89.04449803261274,-89.04449803261274,-89.04449803261274,-3.6199815054843953,-3.6199815054843953,-3.6199815054843953,-6064.561352936593,-6064.561352936593,-6064.561352936593,0.0,0.0,0.0,109819.9131715631
715,2025-09-10 07:00:00,116810.50052878447,102643.22342548301,117457.85926068293,109188.84044561254,123769.0077521556,-6427.530474009027,-6427.530474009027,-6427.530474009027,170.70480232146173,170.70480232146173,170.70480232146173,197.45557707813873,197.45557707813873,197.45557707813873,-314.5117869430408,-314.5117869430408,-314.5117869430408,-1319.959035246233,-1319.959035246233,-1319.959035246233,-349.05026869262764,-349.05026869262764,-349.05026869262764,490.06398046886915,490.06398046886915,490.06398046886915,543.3981157965743,543.3981157965743,543.3981157965743,-56.27083028306985,-56.27083028306985,-56.27083028306985,9.145871613845799,9.145871613845799,9.145871613845799,-6113.018687065985,-6113.018687065985,-6113.018687065985,0.0,0.0,0.0,110382.97005477545
716,2025-09-10 08:00:00,116838.95069301919,102469.02040202799,117237.9367404864,109071.21304123901,123883.93548388632,-6746.651112339097,-6746.651112339097,-6746.651112339097,148.40000320202316,148.40000320202316,148.40000320202316,168.04898343937774,168.04898343937774,168.04898343937774,-585.2557004883635,-585.2557004883635,-585.2557004883635,-1327.2917982337,-1327.2917982337,-1327.2917982337,-344.13624854076517,-344.13624854076517,-344.13624854076517,352.45878412667946,352.45878412667946,352.45878412667946,456.98047782243907,456.98047782243907,456.98047782243907,-52.22238750344968,-52.22238750344968,-52.22238750344968,12.5064851990322,12.5064851990322,12.5064851990322,-6161.395411850734,-6161.395411850734,-6161.395411850734,0.0,0.0,0.0,110092.29958068009
717,2025-09-10 09:00:00,116867.40085725393,101897.58996550328,116947.10586432379,108944.90735472334,123988.10063251166,-7031.170085007411,-7031.170085007411,-7031.170085007411,141.6441972428579,141.6441972428579,141.6441972428579,94.15226308206655,94.15226308206655,94.15226308206655,-821.4811412819874,-821.4811412819874,-821.4811412819874,-1340.7355029773776,-1340.7355029773776,-1340.7355029773776,-340.21344492434446,-340.21344492434446,-340.21344492434446,315.42063172219764,315.42063172219764,315.42063172219764,362.476622907216,362.476622907216,362.476622907216,-50.605926829119035,-50.605926829119035,-50.605926829119035,-3.6199815054843953,-3.6199815054843953,-3.6199815054843953,-6209.688943725424,-6209.688943725424,-6209.688943725424,0.0,0.0,0.0,109836.23077224652
718,2025-09-10 10:00:00,116895.85102148866,101921.33364198875,117281.86511179172,108837.68075026186,124109.8561712118,-6904.994013554214,-6904.994013554214,-6904.994013554214,134.9617694859336,134.9617694859336,134.9617694859336,78.41655873198341,78.41655873198341,78.41655873198341,-647.0973030929867,-647.0973030929867,-647.0973030929867,-1325.5851491598903,-1325.5851491598903,-1325.5851491598903,-337.61558033226726,-337.61558033226726,-337.61558033226726,523.737727771266,523.737727771266,523.737727771266,333.45433795988095,333.45433795988095,333.45433795988095,-50.8469860444087,-50.8469860444087,-50.8469860444087,-3.6199815054843953,-3.6199815054843953,-3.6199815054843953,-6257.8967104612275,-6257.8967104612275,-6257.8967104612275,0.0,0.0,0.0,109990.85700793445
719,2025-09-10 11:00:00,116924.30118572338,101948.04830413048,117412.77386589933,108730.07470660946,124226.06986940875,-6853.898929706127,-6853.898929706127,-6853.898929706127,129.3969189425574,129.3969189425574,129.3969189425574,64.6387507151214,64.6387507151214,64.6387507151214,-547.8827783494405,-547.8827783494405,-547.8827783494405,-1286.3537887619648,-1286.3537887619648,-1286.3537887619648,-336.66697576010176,-336.66697576010176,-336.66697576010176,514.5913880199015,514.5913880199015,514.5913880199015,422.9361511404534,422.9361511404534,422.9361511404534,-55.66898796018585,-55.66898796018585,-55.66898796018585,-0.7562346852217509,-0.7562346852217509,-0.7562346852217509,-6306.016151356687,-6306.016151356687,-6306.016151356687,0.0,0.0,0.0,110070.40225601726
720,2025-09-10 12:00:00,116952.75134995813,102207.39654014402,117865.00716718048,108611.89306382493,124342.28356760571,-6396.078563714577,-6396.078563714577,-6396.078563714577,91.07777670565696,91.07777670565696,91.07777670565696,108.15211080029859,108.15211080029859,108.15211080029859,-42.03384634888434,-42.03384634888434,-42.03384634888434,-1219.0391254950225,-1219.0391254950225,-1219.0391254950225,-331.82432148942837,-331.82432148942837,-331.82432148942837,734.3223630072858,734.3223630072858,734.3223630072858,560.981439318429,560.981439318429,560.981439318429,-1.852021582887301,-1.852021582887301,-1.852021582887301,16.147932386783392,16.147932386783392,16.147932386783392,-6354.044717365694,-6354.044717365694,-6354.044717365694,0.0,0.0,0.0,110556.67278624355
721,2025-09-10 13:00:00,116981.20151419286,102339.54423472293,118632.62704547851,108495.73525569832,124480.27650403611,-6047.218732442375,-6047.218732442375,-6047.218732442375,40.46061283230576,40.46061283230576,40.46061283230576,138.35626185720398,138.35626185720398,138.35626185720398,354.76113882472663,354.76113882472663,354.76113882472663,-1133.0855506641342,-1133.0855506641342,-1133.0855506641342,-324.41081665783986,-324.41081665783986,-324.41081665783986,947.8791072501984,947.8791072501984,947.8791072501984,648.3678316024262,648.3678316024262,648.3678316024262,13.850867027035383,13.850867027035383,13.850867027035383,23.34282557753083,23.34282557753083,23.34282557753083,-6401.979871267102,-6401.979871267102,-6401.979871267102,0.0,0.0,0.0,110933.98278175048
722,2025-09-10 14:00:00,117009.65167842759,102536.56075867699,118623.65738624243,108413.36578206377,124601.460857829,-5983.3994160759885,-5983.3994160759885,-5983.3994160759885,-6.541039335806249,-6.541039335806249,-6.541039335806249,123.49086359504103,123.49086359504103,123.49086359504103,466.4196716504897,466.4196716504897,466.4196716504897,-1053.8986856794022,-1053.8986856794022,-1053.8986856794022,-317.2410180689441,-317.2410180689441,-317.2410180689441,892.1583745516783,892.1583745516783,892.1583745516783,846.5409399365956,846.5409399365956,846.5409399365956,-14.469781843188052,-14.469781843188052,-14.469781843188052,-3.6199815054843953,-3.6199815054843953,-3.6199815054843953,-6449.819087726478,-6449.819087726478,-6449.819087726478,0.0,0.0,0.0,111026.2522623516
723,2025-09-10 15:00:00,117038.10184266232,102522.3587779532,118828.43340312329,108354.89794138214,124784.55842798008,-6009.857168272042,-6009.857168272042,-6009.857168272042,-45.77929262579158,-45.77929262579158,-45.77929262579158,96.5631810656122,96.5631810656122,96.5631810656122,487.7026852619564,487.7026852619564,487.7026852619564,-980.0541049626765,-980.0541049626765,-980.0541049626765,-309.8069398396125,-309.8069398396125,-309.8069398396125,898.2861331134258,898.2861331134258,898.2861331134258,846.5990742898156,846.5990742898156,846.5990742898156,-14.485384273331954,-14.485384273331954,-14.485384273331954,-3.6199815054843953,-3.6199815054843953,-3.6199815054843953,-6497.559853534,-6497.559853534,-6497.559853534,0.0,0.0,0.0,111028.24467439028
724,2025-09-10 16:00:00,117066.55200689705,102134.00584804114,118650.47180992298,108285.04803489587,124938.75496717829,-6287.885411479791,-6287.885411479791,-6287.885411479791,-71.00654813358884,-71.00654813358884,-71.00654813358884,70.4352999560783,70.4352999560783,70.4352999560783,257.31425616665575,257.31425616665575,257.31425616665575,-914.4176389699844,-914.4176389699844,-914.4176389699844,-305.39766999200367,-305.39766999200367,-305.39766999200367,741.2166236203449,741.2166236203449,741.2166236203449,746.1329025718469,746.1329025718469,746.1329025718469,-10.11460594544593,-10.11460594544593,-10.11460594544593,0.4658930594084347,0.4658930594084347,0.4658930594084347,-6545.199667646448,-6545.199667646448,-6545.199667646448,0.0,0.0,0.0,110778.66659541726
725,2025-09-10 17:00:00,117095.00217113178,101651.32115429825,118334.59543006183,108163.2796241056,125073.5141439091,-6562.93810245384,-6562.93810245384,-6562.93810245384,-97.99012756954151,-97.99012756954151,-97.99012756954151,59.97961083709833,59.97961083709833,59.97961083709833,29.79793894461279,29.79793894461279,29.79793894461279,-843.1174292642074,-843.1174292642074,-843.1174292642074,-300.9384012935048,-300.9384012935048,-300.9384012935048,487.9318788472999,487.9318788472999,487.9318788472999,736.1675086616215,736.1675086616215,736.1675086616215,-8.615119768668816,-8.615119768668816,-8.615119768668816,-3.6199815054843953,-3.6199815054843953,-3.6199815054843953,-6592.736041398453,-6592.736041398453,-6592.736041398453,0.0,0.0,0.0,110532.06406867794
726,2025-09-10 18:00:00,117123.45233536653,101451.82555362233,118328.99204326242,108100.81145994508,125193.25825494449,-6609.98731783072,-6609.98731783072,-6609.98731783072,-117.66548063172277,-117.66548063172277,-117.66548063172277,46.190235780973346,46.190235780973346,46.190235780973346,30.17918076390502,30.17918076390502,30.17918076390502,-781.8359242046807,-781.8359242046807,-781.8359242046807,-296.25847222070354,-296.25847222070354,-296.25847222070354,500.1609880106087,500.1609880106087,500.1609880106087,681.2069787737618,681.2069787737618,681.2069787737618,-5.316739874900153,-5.316739874900153,-5.316739874900153,3.6975951305683528,3.6975951305683528,3.6975951305683528,-6640.1664985946245,-6640.1664985946245,-6640.1664985946245,0.0,0.0,0.0,110513.46501753581
727,2025-09-10 19:00:00,117151.90249960126,101473.24018073814,118550.62518983812,108046.27205012365,125313.00236597988,-6663.427181908952,-6663.427181908952,-6663.427181908952,-122.78244777109482,-122.78244777109482,-122.78244777109482,30.130829618929237,30.130829618929237,30.130829618929237,24.061393740067995,24.061393740067995,24.061393740067995,-723.4870195501514,-723.4870195501514,-723.4870195501514,-291.03191346426576,-291.03191346426576,-291.03191346426576,501.14294823056673,501.14294823056673,501.14294823056673,627.7860962381468,627.7860962381468,627.7860962381468,-2.5692086141753245,-2.5692086141753245,-2.5692086141753245,4.8721090521126005,4.8721090521126005,4.8721090521126005,-6687.48857564902,-6687.48857564902,-6687.48857564902,0.0,0.0,0.0,110488.47531769231
728,2025-09-10 20:00:00,117180.35266383598,101281.62319126604,118539.9948985101,107992.9576892115,125432.74647701523,-6621.021985832722,-6621.021985832722,-6621.021985832722,-133.50611383693172,-133.50611383693172,-133.50611383693172,40.38340058557364,40.38340058557364,40.38340058557364,113.6778358978294,113.6778358978294,113.6778358978294,-645.5887457456388,-645.5887457456388,-645.5887457456388,-286.4677631713402,-286.4677631713402,-286.4677631713402,538.4906414859593,538.4906414859593,538.4906414859593,607.1755868435478,607.1755868435478,607.1755868435478,-3.824309139888123,-3.824309139888123,-3.824309139888123,-2.9848611234523927,-2.9848611234523927,-2.9848611234523927,-6734.699821730551,-6734.699821730551,-6734.699821730551,0.0,0.0,0.0,110559.33067800326
729,2025-09-10 21:00:00,117208.80282807072,101495.0443869241,119026.0707223396,107939.64332829934,125578.85447619161,-6625.565660372137,-6625.565660372137,-6625.565660372137,-143.46380375520906,-143.46380375520906,-143.46380375520906,40.5523892303608,40.5523892303608,40.5523892303608,156.2321385094023,156.2321385094023,156.2321385094023,-563.0369965625382,-563.0369965625382,-563.0369965625382,-279.45342499001333,-279.45342499001333,-279.45342499001333,605.1089299985009,605.1089299985009,605.1089299985009,525.3984361154129,525.3984361154129,525.3984361154129,-25.25341002162724,-25.25341002162724,-25.25341002162724,-3.6199815054843953,-3.6199815054843953,-3.6199815054843953,-6781.797798881539,-6781.797798881539,-6781.797798881539,0.0,0.0,0.0,110583.23716769858
730,2025-09-10 22:00:00,117237.25299230545,100962.30073481843,118796.03415876222,107868.25418185425,125719.1565037346,-6854.446086387499,-6854.446086387499,-6854.446086387499,-157.21681609710814,-157.21681609710814,-157.21681609710814,46.67209069008936,46.67209069008936,46.67209069008936,-25.666004231846657,-25.666004231846657,-25.666004231846657,-489.7814139867801,-489.7814139867801,-489.7814139867801,-272.0566169663841,-272.0566169663841,-272.0566169663841,268.46335082316085,268.46335082316085,268.46335082316085,610.7064427645457,610.7064427645457,610.7064427645457,-28.833059953885957,-28.833059953885957,-28.833059953885957,-3.6199815054843953,-3.6199815054843953,-3.6199815054843953,-6828.780082155652,-6828.780082155652,-6828.780082155652,0.0,0.0,0.0,110382.80690591795
731,2025-09-10 23:00:00,117265.70315654018,100782.76159266265,119140.86266407452,107779.78656457717,125871.61238210554,-6994.662461990008,-6994.662461990008,-6994.662461990008,-171.07002454584043,-171.07002454584043,-171.07002454584043,47.66422557640818,47.66422557640818,47.66422557640818,-119.01820225656613,-119.01820225656613,-119.01820225656613,-418.5952409292597,-418.5952409292597,-418.5952409292597,-265.6663792156818,-265.6663792156818,-265.6663792156818,32.261713046511595,32.261713046511595,32.261713046511595,685.1632934700126,685.1632934700126,685.1632934700126,-32.020661244266584,-32.020661244266584,-32.020661244266584,3.2448715855500327,3.2448715855500327,3.2448715855500327,-6875.644259733442,-6875.644259733442,-6875.644259733442,0.0,0.0,0.0,110271.04069455017
732,2025-09-11 00:00:00,117294.15332077492,100614.12239347768,119017.76190952708,107656.40964540943,126024.06826047646,-6971.372952583546,-6971.372952583546,-6971.372952583546,-177.29187323010504,-177.29187323010504,-177.29187323010504,41.35216383345648,41.35216383345648,41.35216383345648,-48.985019505784045,-48.985019505784045,-48.985019505784045,-349.52757968922043,-349.52757968922043,-349.52757968922043,-259.15480725722574,-259.15480725722574,-259.15480725722574,60.57292269091646,60.57292269091646,60.57292269091646,670.1207462752293,670.1207462752293,670.1207462752293,-31.43661062335065,-31.43661062335065,-31.43661062335065,-3.6199815054843953,-3.6199815054843953,-3.6199815054843953,-6922.387933077763,-6922.387933077763,-6922.387933077763,0.0,0.0,0.0,110322.78036819136
733,2025-09-11 01:00:00,117322.60348500965,100494.31047605236,119240.50899194475,107534.34795482614,126165.83680983605,-6911.099562209746,-6911.099562209746,-6911.099562209746,-187.35001656632943,-187.35001656632943,-187.35001656632943,64.17030239956952,64.17030239956952,64.17030239956952,57.90915483589122,57.90915483589122,57.90915483589122,-279.3952704655284,-279.3952704655284,-279.3952704655284,-251.83134919617132,-251.83134919617132,-251.83134919617132,67.55809669159156,67.55809669159156,67.55809669159156,680.4611923361344,680.4611923361344,680.4611923361344,-32.08381885789072,-32.08381885789072,-32.08381885789072,-3.6199815054843953,-3.6199815054843953,-3.6199815054843953,-6969.008717045637,-6969.008717045637,-6969.008717045637,0.0,0.0,0.0,110411.50392279991
734,2025-09-11 02:00:00,117351.05364924438,100223.57693816506,118999.23885951797,107395.25769260533,126301.66163453733,-7256.645692232552,-7256.645692232552,-7256.645692232552,-187.1509135761388,-187.1509135761388,-187.1509135761388,20.82921778356397,20.82921778356397,20.82921778356397,-241.14145222488867,-241.14145222488867,-241.14145222488867,-219.64029623257613,-219.64029623257613,-219.64029623257613,-243.16515642696936,-243.16515642696936,-243.16515642696936,93.12025736447397,93.12025736447397,93.12025736447397,399.6634309942229,399.6634309942229,399.6634309942229,-101.17801062598076,-101.17801062598076,-101.17801062598076,-3.6199815054843953,-3.6199815054843953,-3.6199815054843953,-7015.504240007664,-7015.504240007664,-7015.504240007664,0.0,0.0,0.0,110094.40795701183
735,2025-09-11 03:00:00,117379.50381347911,100256.5128631043,119267.48517765339,107273.27492750167,126441.73163550468,-7025.328339245064,-7025.328339245064,-7025.328339245064,-202.5723013747491,-202.5723013747491,-202.5723013747491,133.09216848552757,133.09216848552757,133.09216848552757,36.543804735125285,36.543804735125285,36.543804735125285,-164.02482938609063,-164.02482938609063,-164.02482938609063,-231.42095137060778,-231.42095137060778,-231.42095137060778,288.90484160078944,288.90484160078944,288.90484160078944,338.2577026109332,338.2577026109332,338.2577026109332,-122.07284432519306,-122.07284432519306,-122.07284432519306,-3.6199815054843953,-3.6199815054843953,-3.6199815054843953,-7061.872143980189,-7061.872143980189,-7061.872143980189,0.0,0.0,0.0,110354.17547423404
736,2025-09-11 04:00:00,117407.95397771386,100067.40069278087,119262.9943552456,107152.12896560566,126575.3558259177,-7214.8505589045935,-7214.8505589045935,-7214.8505589045935,-216.91476675485936,-216.91476675485936,-216.91476675485936,116.22619312773928,116.22619312773928,116.22619312773928,-106.74047414506927,-106.74047414506927,-106.74047414506927,-112.5206475765119,-112.5206475765119,-112.5206475765119,-220.45911539070406,-220.45911539070406,-220.45911539070406,227.24194456225686,227.24194456225686,227.24194456225686,212.44153503517416,212.44153503517416,212.44153503517416,-113.22799976009517,-113.22799976009517,-113.22799976009517,0.4723826119308816,0.4723826119308816,0.4723826119308816,-7108.110084759525,-7108.110084759525,-7108.110084759525,0.0,0.0,0.0,110193.10341880926
737,2025-09-11 05:00:00,117436.40414194857,99828.15501354201,119520.52914230686,107030.98300370965,126707.74599240812,-7067.021544450796,-7067.021544450796,-7067.021544450796,-220.40837118639377,-220.40837118639377,-220.40837118639377,92.88462094929561,92.88462094929561,92.88462094929561,87.19418756793274,87.19418756793274,87.19418756793274,-53.29111383549579,-53.29111383549579,-53.29111383549579,-210.348022984213,-210.348022984213,-210.348022984213,321.4917574046518,321.4917574046518,321.4917574046518,271.3184267913495,271.3184267913495,271.3184267913495,-111.40931950750465,-111.40931950750465,-111.40931950750465,-3.0437900637569566,-3.0437900637569566,-3.0437900637569566,-7154.215732018729,-7154.215732018729,-7154.215732018729,0.0,0.0,0.0,110369.38259749778
738,2025-09-11 06:00:00,117464.8543061833,100174.38896671365,119941.82274023489,106941.29783888302,126842.55894793666,-6904.496987892223,-6904.496987892223,-6904.496987892223,-227.94012651747508,-227.94012651747508,-227.94012651747508,98.2104275108515,98.2104275108515,98.2104275108515,295.68978157687496,295.68978157687496,295.68978157687496,8.871708660508892,8.871708660508892,8.871708660508892,-201.08248501520217,-201.08248501520217,-201.08248501520217,320.1284271027132,320.1284271027132,320.1284271027132,415.9331627525595,415.9331627525595,415.9331627525595,-114.8113514115965,-114.8113514115965,-114.8113514115965,-3.6199815054843953,-3.6199815054843953,-3.6199815054843953,-7200.186769469098,-7200.186769469098,-7200.186769469098,0.0,0.0,0.0,110560.35731829108
739,2025-09-11 07:00:00,117493.30447041805,99700.87281546262,119655.26583817642,106864.71032219398,126956.8237170536,-7312.735774829315,-7312.735774829315,-7312.735774829315,-224.94156230856038,-224.94156230856038,-224.94156230856038,49.3440679990183,49.3440679990183,49.3440679990183,-66.71487989207615,-66.71487989207615,-66.71487989207615,61.4765621031942,61.4765621031942,61.4765621031942,-193.78384323362008,-193.78384323362008,-193.78384323362008,137.29903129154962,137.29903129154962,137.29903129154962,207.18955859375032,207.18955859375032,207.18955859375032,-99.6787128319237,-99.6787128319237,-99.6787128319237,-3.6199815054843953,-3.6199815054843953,-3.6199815054843953,-7246.020894937239,-7246.020894937239,-7246.020894937239,0.0,0.0,0.0,110180.56869558874
740,2025-09-11 08:00:00,117521.75463465278,99454.1117777544,119808.53138906669,106798.1065308709,127063.32293132966,-7322.927449574473,-7322.927449574473,-7322.927449574473,-222.15718125742546,-222.15718125742546,-222.15718125742546,30.9331760289921,30.9331760289921,30.9331760289921,-31.211629053942826,-31.211629053942826,-31.211629053942826,84.87128374416073,84.87128374416073,84.87128374416073,-189.71992564425864,-189.71992564425864,-189.71992564425864,110.69819211364799,110.69819211364799,110.69819211364799,259.0490263986264,259.0490263986264,259.0490263986264,-101.26621893220153,-101.26621893220153,-101.26621893220153,-3.6199815054843953,-3.6199815054843953,-3.6199815054843953,-7291.71582052053,-7291.71582052053,-7291.71582052053,0.0,0.0,0.0,110198.8271850783
741,2025-09-11 09:00:00,117550.20479888751,99307.1335335206,119665.7652349717,106707.50452415211,127135.55050613999,-7534.981520003237,-7534.981520003237,-7534.981520003237,-201.60500704174686,-201.60500704174686,-201.60500704174686,-19.410261077383606,-19.410261077383606,-19.410261077383606,-197.71224731072454,-197.71224731072454,-197.71224731072454,81.76889034176901,81.76889034176901,81.76889034176901,-186.31689030195972,-186.31689030195972,-186.31689030195972,22.316012782605295,22.316012782605295,22.316012782605295,206.69889949752073,206.69889949752073,206.69889949752073,-97.54391000604492,-97.54391000604492,-97.54391000604492,-3.6199815054843953,-3.6199815054843953,-3.6199815054843953,-7337.2692726925125,-7337.2692726925125,-7337.2692726925125,0.0,0.0,0.0,110015.22327888428
742,2025-09-11 10:00:00,117578.65496312224,99341.51042223565,120023.89199865663,106630.6129153057,127303.85442924635,-7413.827848394351,-7413.827848394351,-7413.827848394351,-183.01614195651075,-183.01614195651075,-183.01614195651075,1.391790968180566,1.391790968180566,1.391790968180566,-31.14885597929651,-31.14885597929651,-31.14885597929651,87.65451220144716,87.65451220144716,87.65451220144716,-181.9612211760671,-181.9612211760671,-181.9612211760671,103.67932877979194,103.67932877979194,103.67932877979194,239.8061164594179,239.8061164594179,239.8061164594179,-95.08325975007183,-95.08325975007183,-95.08325975007183,-3.6199815054843953,-3.6199815054843953,-3.6199815054843953,-7382.678992415054,-7382.678992415054,-7382.678992415054,0.0,0.0,0.0,110164.82711472789
743,2025-09-11 11:00:00,117607.10512735698,98934.50555376799,119954.07604369527,106573.56737224723,127486.23311168163,-7574.593378655247,-7574.593378655247,-7574.593378655247,-165.7550529487915,-165.7550529487915,-165.7550529487915,-8.70400625879133,-8.70400625879133,-8.70400625879133,-146.65064339375908,-146.65064339375908,-146.65064339375908,91.10406344850425,91.10406344850425,91.10406344850425,-177.88597906064874,-177.88597906064874,-177.88597906064874,66.9591335921293,66.9591335921293,66.9591335921293,138.44032032179211,138.44032032179211,138.44032032179211,-96.71435403888654,-96.71435403888654,-96.71435403888654,5.905231550933352,5.905231550933352,5.905231550933352,-7427.9427352614875,-7427.9427352614875,-7427.9427352614875,0.0,0.0,0.0,110032.51174870173
744,2025-09-11 12:00:00,117635.5552915917,98784.51591332864,119746.2278560496,106475.02067210547,127627.23079827613,-7647.399266626103,-7647.399266626103,-7647.399266626103,-164.4061211747333,-164.4061211747333,-164.4061211747333,-11.568867896595513,-11.568867896595513,-11.568867896595513,-174.34099507672397,-174.34099507672397,-174.34099507672397,96.56038436476733,96.56038436476733,96.56038436476733,-173.17970749192543,-173.17970749192543,-173.17970749192543,65.96453916611291,65.96453916611291,65.96453916611291,70.3338583499914,70.3338583499914,70.3338583499914,-96.33738654435977,-96.33738654435977,-96.33738654435977,38.29230615001844,38.29230615001844,38.29230615001844,-7473.05827154938,-7473.05827154938,-7473.05827154938,0.0,0.0,0.0,109988.1560249656
