Datetime,asset,category,interval,source,open,high,low,close,volume,dividends,stock_splits,symbol,assetcode,name,price_change,price_change_abs,hl_range,oc_range,pips_change,pips_range,ma_21,ma_50,ma_182,volatility_20,volatility_annualized,atr,rsi,stoch_k,stoch_d,macd,macd_signal,macd_histogram,resistance_50,support_50,distance_to_resistance,distance_to_support,price_position,hour,day_of_week,day_of_month,month,trading_session,base_currency,quote_currency,is_usd_base,is_usd_quote,decimal_places,williams_r,cci,adx,momentum_5,momentum_10,momentum_20,momentum_50,resistance_level,support_level,price_position_enhanced,spread_proxy,spread_ma,spread_normalized,session_overlap,trend_strength,market_regime,data_quality_flag,processing_timestamp,silver_processing_timestamp
2025-08-11 13:00:00+01:00,USDCHF,forex,1h,yahoo_finance,0.8108800053596497,0.8117200136184692,0.810670018196106,0.8114500045776367,0,0.0,0.0,USDCHF=X,USDCHF,USD/CHF,,,0.0010499954223632,0.000569999217987,,10.499954223632812,,,,,,,,,,0.0,0.0,0.0,,,,,,13,0,11,8,London,USD,CHF,True,False,5,,,,,,,,,,,0.0010499954223632812,,,1,,sideways,1,2025-09-11 12:47:24.855708,2025-09-13T15:05:02.984977
2025-08-11 14:00:00+01:00,USDCHF,forex,1h,yahoo_finance,0.8114100098609924,0.811739981174469,0.8109099864959717,0.8116400241851807,0,0.0,0.0,USDCHF=X,USDCHF,USD/CHF,0.0002341729083392,0.0001900196075439,0.0008299946784973,0.0002300143241882,1.900196075439453,8.299946784973145,,,,,,,,,,4.263260425685367e-06,2.368478014269648e-06,1.8947824114157184e-06,,,,,,14,0,11,8,London,USD,CHF,True,False,5,,,,,,,,,,,0.0008299946784973145,,,1,,sideways,1,2025-09-11 12:47:24.855708,2025-09-13T15:05:02.984977
2025-08-11 15:00:00+01:00,USDCHF,forex,1h,yahoo_finance,0.8115900158882141,0.8131600022315979,0.8115800023078918,0.8125500082969666,0,0.0,0.0,USDCHF=X,USDCHF,USD/CHF,0.001121167124181,0.0009099841117858,0.001579999923706,0.0009599924087524,9.099841117858888,15.799999237060549,,,,,,,,,,3.365079283945693e-05,1.5189098844264437e-05,1.84616939951925e-05,,,,,,15,0,11,8,London,USD,CHF,True,False,5,,,,,,,,,,,0.0015799999237060547,,,1,,sideways,1,2025-09-11 12:47:24.855708,2025-09-13T15:05:02.984977
2025-08-11 16:00:00+01:00,USDCHF,forex,1h,yahoo_finance,0.8125100135803223,0.8131999969482422,0.8122299909591675,0.8127099871635437,0,0.0,0.0,USDCHF=X,USDCHF,USD/CHF,0.0001968849485491,0.0001599788665771,0.0009700059890747,0.0001999735832214,1.5997886657714844,9.70005989074707,,,,,,,,,,5.196809923124768e-05,2.764810981546472e-05,2.431998941578296e-05,,,,,,16,0,11,8,NewYork,USD,CHF,True,False,5,,,,,,,,,,,0.000970005989074707,,,1,,sideways,1,2025-09-11 12:47:24.855708,2025-09-13T15:05:02.984977
2025-08-11 17:00:00+01:00,USDCHF,forex,1h,yahoo_finance,0.812690019607544,0.8129000067710876,0.8122900128364563,0.8125900030136108,0,0.0,0.0,USDCHF=X,USDCHF,USD/CHF,-0.0001476346443725,-0.0001199841499328,0.0006099939346313,0.0001000165939331,-1.1998414993286133,6.099939346313477,,,,,,,,,,5.6052944779727554e-05,3.609790603282039e-05,1.9955038746907166e-05,,,,,,17,0,11,8,NewYork,USD,CHF,True,False,5,,,,,,,,,,,0.0006099939346313477,,,1,,sideways,1,2025-09-11 12:47:24.855708,2025-09-13T15:05:02.984977
2025-08-11 18:00:00+01:00,USDCHF,forex,1h,yahoo_finance,0.8125900030136108,0.8130199909210205,0.8121399879455566,0.8122299909591675,0,0.0,0.0,USDCHF=X,USDCHF,USD/CHF,-0.0004430426821745,-0.0003600120544433,0.0008800029754638,0.0003600120544433,-3.6001205444335938,8.800029754638672,,,,,,,,,,4.2060555669909405e-05,3.7714115601378207e-05,4.346440068531199e-06,,,,,,18,0,11,8,NewYork,USD,CHF,True,False,5,,,,0.0009612254324118386,,,,,,,0.0008800029754638672,,,0,,sideways,1,2025-09-11 12:47:24.855708,2025-09-13T15:05:02.984977
2025-08-11 19:00:00+01:00,USDCHF,forex,1h,yahoo_finance,0.8122199773788452,0.8126199841499329,0.8121899962425232,0.8123000264167786,0,0.0,0.0,USDCHF=X,USDCHF,USD/CHF,8.622614085984637e-05,7.003545761108398e-05,0.0004299879074096,8.004903793334961e-05,0.7003545761108398,4.29987907409668,,,,,,,,,,3.5535346039727855e-05,3.716272714960732e-05,-1.627381109879464e-06,,,,,,19,0,11,8,NewYork,USD,CHF,True,False,5,,,,0.0008131711250445317,,,,,,,0.00042998790740966797,,,0,,sideways,1,2025-09-11 12:47:24.855708,2025-09-13T15:05:02.984977
2025-08-11 20:00:00+01:00,USDCHF,forex,1h,yahoo_finance,0.812279999256134,0.8128499984741211,0.8122299909591675,0.8126400113105774,0,0.0,0.0,USDCHF=X,USDCHF,USD/CHF,0.0004185459593033,0.0003399848937988,0.0006200075149536,0.0003600120544433,3.399848937988281,6.200075149536133,,,,,,,,,,4.675824798594519e-05,3.946871125038863e-05,7.289536735556558e-06,,,,,,20,0,11,8,NewYork,USD,CHF,True,False,5,,,,0.00011076612232097105,,,,,,,0.0006200075149536133,,,0,,sideways,1,2025-09-11 12:47:24.855708,2025-09-13T15:05:02.984977
2025-08-11 21:00:00+01:00,USDCHF,forex,1h,yahoo_finance,0.8126699924468994,0.8127099871635437,0.8118900060653687,0.8120899796485901,0,0.0,0.0,USDCHF=X,USDCHF,USD/CHF,-0.0006768454104298,-0.0005500316619873,0.000819981098175,0.0005800127983093,-5.500316619873047,8.199810981750488,,,,,,,,,,2.6529376973338792e-05,3.647966084002176e-05,-9.950283866682963e-06,,,,,,21,0,11,8,Sydney,USD,CHF,True,False,5,,,,-0.0007628890068368532,,,,,,,0.0008199810981750488,,,0,,sideways,1,2025-09-11 12:47:24.855708,2025-09-13T15:05:02.984977
2025-08-11 22:00:00+01:00,USDCHF,forex,1h,yahoo_finance,0.812030017375946,0.8125200271606445,0.8104100227355957,0.8111900091171265,0,0.0,0.0,USDCHF=X,USDCHF,USD/CHF,-0.0011082152889672,-0.0008999705314636,0.0021100044250488,0.0008400082588195,-8.99970531463623,21.10004425048828,,,,,,,,,,-3.456330544260311e-05,2.0561912354180776e-05,-5.512521779678389e-05,,,,,,22,0,11,8,Sydney,USD,CHF,True,False,5,,,,-0.0017228785627343424,,,,,,,0.002110004425048828,,,0,,sideways,1,2025-09-11 12:47:24.855708,2025-09-13T15:05:02.984977
2025-08-11 23:00:00+01:00,USDCHF,forex,1h,yahoo_finance,0.8111799955368042,0.8126299977302551,0.8111799955368042,0.8124899864196777,0,0.0,0.0,USDCHF=X,USDCHF,USD/CHF,0.0016025558598362,0.0012999773025512,0.0014500021934509,0.0013099908828735,12.999773025512695,14.500021934509276,,,,,,,,,,-8.968091537608913e-06,1.4100916235211738e-05,-2.306900777282065e-05,,,,,,23,0,11,8,Sydney,USD,CHF,True,False,5,,,,0.0003201007884519047,0.0012816339098824514,,,,,,0.0014500021934509277,,,0,,sideways,1,2025-09-11 12:47:24.855708,2025-09-13T15:05:02.984977
2025-08-12 00:00:00+01:00,USDCHF,forex,1h,yahoo_finance,0.812470018863678,0.8125100135803223,0.8119300007820129,0.8120499849319458,0,0.0,0.0,USDCHF=X,USDCHF,USD/CHF,-0.0005415469668381,-0.0004400014877319,0.0005800127983093,0.0004200339317321,-4.400014877319336,5.800127983093262,,,,,,,,,,-1.425065848870144e-05,8.012187003648918e-06,-2.226284549235036e-05,,,,,,0,1,12,8,Sydney,USD,CHF,True,False,5,,,,-0.0003078191268018893,0.0005051016886170601,,,,,,0.0005800127983093262,,,0,,sideways,1,2025-09-11 12:47:24.855708,2025-09-13T15:05:02.984977
2025-08-12 01:00:00+01:00,USDCHF,forex,1h,yahoo_finance,0.8120599985122681,0.8122900128364563,0.8116400241851807,0.8118900060653687,0,0.0,0.0,USDCHF=X,USDCHF,USD/CHF,-0.0001970061813257,-0.0001599788665771,0.0006499886512756,0.0001699924468994,-1.5997886657714844,6.499886512756348,,,,,,,,,,-2.70162257753892e-05,5.989578660324375e-07,-2.761518364142164e-05,,,,,,1,1,12,8,Sydney,USD,CHF,True,False,5,,,,-0.0009229243389077268,-0.0008122604453369986,,,,,,0.0006499886512756348,,,0,,sideways,1,2025-09-11 12:47:24.855708,2025-09-13T15:05:02.984977
2025-08-12 02:00:00+01:00,USDCHF,forex,1h,yahoo_finance,0.8119000196456909,0.8119400143623352,0.8108500242233276,0.8110600113868713,0,0.0,0.0,USDCHF=X,USDCHF,USD/CHF,-0.0010222994153108,-0.0008299946784973,0.0010899901390075,0.0008400082588195,-8.299946784973145,10.899901390075684,,,,,,,46.91946251847946,,,-8.432385211343263e-05,-1.716695734391747e-05,-6.715689476951516e-05,,,,,,2,1,12,8,Sydney,USD,CHF,True,False,5,-76.7027003930952,-120.74562118342824,,-0.0012682932772603017,-0.002030214717098522,,,,,,0.0010899901390075684,,,0,,sideways,1,2025-09-11 12:47:24.855708,2025-09-13T15:05:02.984977
2025-08-12 03:00:00+01:00,USDCHF,forex,1h,yahoo_finance,0.8111000061035156,0.8113999962806702,0.8107699751853943,0.810949981212616,0,0.0,0.0,USDCHF=X,USDCHF,USD/CHF,-0.0001356621861645,-0.0001100301742553,0.0006300210952758,0.0001500248908996,-1.100301742553711,6.300210952758789,,,,,,,46.11782127817113,,,-0.0001329958879731,-4.1177540771128623e-05,-9.181834720197994e-05,,,,,,3,1,12,8,Tokyo,USD,CHF,True,False,5,-80.64647068877116,-148.04610179239594,,-0.00029589603152502253,-0.0020182648013298277,,,,,,0.0006300210952758789,,,0,,sideways,1,2025-09-11 12:47:24.855708,2025-09-13T15:05:02.984977
2025-08-12 04:00:00+01:00,USDCHF,forex,1h,yahoo_finance,0.8109999895095825,0.8113200068473816,0.8107399940490723,0.8112199902534485,0,0.0,0.0,USDCHF=X,USDCHF,USD/CHF,0.0003329540009715,0.0002700090408325,0.0005800127983093,0.0002200007438659,2.7000904083251958,5.800127983093262,,,,,,,46.77886768994488,23.894063692816044,,-0.000151880355498,-6.395935477307916e-05,-8.792100072498939e-05,,,,,,4,1,12,8,Tokyo,USD,CHF,True,False,5,-70.96863783968553,-128.00492508740842,,-0.0015630914687645436,-0.0012434910271242883,,,,,,0.0005800127983093262,,,0,,sideways,1,2025-09-11 12:47:24.855708,2025-09-13T15:05:02.984977
2025-08-12 05:00:00+01:00,USDCHF,forex,1h,yahoo_finance,0.8112999796867371,0.8115299940109253,0.8108800053596497,0.810920000076294,0,0.0,0.0,USDCHF=X,USDCHF,USD/CHF,-0.0003698012632317,-0.0002999901771545,0.0006499886512756,0.0003799796104431,-2.99990177154541,6.499886512756348,,,,,,,36.20969612618882,22.221272716914488,,-0.0001829623292044,-8.830823776111235e-05,-9.465409144333788e-05,,,,,,5,1,12,8,Tokyo,USD,CHF,True,False,5,-81.72107332079986,-102.0228665303646,,-0.0013915213061010956,-0.00169891209602957,,,,,,0.0006499886512756348,,,0,,sideways,1,2025-09-11 12:47:24.855708,2025-09-13T15:05:02.984977
2025-08-12 06:00:00+01:00,USDCHF,forex,1h,yahoo_finance,0.8109300136566162,0.8111000061035156,0.8104199767112732,0.8110399842262268,0,0.0,0.0,USDCHF=X,USDCHF,USD/CHF,0.0001479605262191,0.0001199841499328,0.0006800293922424,0.0001099705696105,1.1998414993286133,6.800293922424316,,,,,,,35.77506549420198,23.815679544659616,23.310338651463383,-0.0001969550267957,-0.000110436217819,-8.651880897672206e-05,,,,,,6,1,12,8,Tokyo,USD,CHF,True,False,5,-75.86325020553576,-109.21660475109046,,-0.001046966747701772,-0.0019689248155160266,,,,,,0.0006800293922424316,,,0,,sideways,1,2025-09-11 12:47:24.855708,2025-09-13T15:05:02.984977
2025-08-12 07:00:00+01:00,USDCHF,forex,1h,yahoo_finance,0.8111000061035156,0.811710000038147,0.8106899857521057,0.8116300106048584,0,0.0,0.0,USDCHF=X,USDCHF,USD/CHF,0.0007274935762808,0.0005900263786315,0.0010200142860412,0.0005300045013427,5.900263786315918,10.200142860412598,,,,,,,42.42911401925392,29.71969216397807,25.25221480851739,-0.0001674634513764,-0.0001220084377963,-4.5455013580076114e-05,,,,,,7,1,12,8,Tokyo,USD,CHF,True,False,5,-53.256599981730155,-44.16721832495979,,0.0007027830369943366,-0.0005664015752672169,,,,,,0.0010200142860412598,,,0,,sideways,1,2025-09-11 12:47:24.855708,2025-09-13T15:05:02.984977
2025-08-12 08:00:00+01:00,USDCHF,forex,1h,yahoo_finance,0.8116099834442139,0.8116999864578247,0.809719979763031,0.809939980506897,0,0.0,0.0,USDCHF=X,USDCHF,USD/CHF,-0.0020822666435189,-0.0016900300979614,0.0019800066947937,0.0016700029373168,-16.900300979614258,19.80006694793701,,,,,,0.0009605020284652,35.07172720349388,25.969628518119983,26.50166674225256,-0.0002528755943526,-0.0001484871478499,-0.0001043884465026,,,,,,8,1,12,8,Tokyo,USD,CHF,True,False,5,-92.97126425837412,-130.503168876957,,-0.0012454537630159912,-0.001540981269715025,,,0.8131999969482422,0.809719979763031,0.06321829236961549,0.001980006694793701,0.000960502028465271,2.061428957060545,1,,sideways,1,2025-09-11 12:47:24.855708,2025-09-13T15:05:02.984977
2025-08-12 09:00:00+01:00,USDCHF,forex,1h,yahoo_finance,0.809909999370575,0.8101500272750854,0.8091300129890442,0.809909999370575,0,0.0,0.0,USDCHF=X,USDCHF,USD/CHF,-3.701649139886687e-05,-2.9981136322021484e-05,0.0010200142860412,0.0,-0.2998113632202148,10.200142860412598,0.8116423799878075,,,0.0008064887287814,0.0627197319290551,0.0009590029716491,34.337942348254046,24.913197806534384,26.86750616287748,-0.0003178200506553,-0.0001826690003535,-0.0001351510503018,,,,,,9,1,12,8,London,USD,CHF,True,False,5,-79.03254234029258,-186.6867990617391,,-0.0016148404854572362,-0.0031754078108355843,-0.0018978436112812025,,0.8131999969482422,0.8091300129890442,0.19164360089626994,0.0010200142860412598,0.0009590029716491699,1.063619525899039,1,,sideways,1,2025-09-11 12:47:24.855708,2025-09-13T15:05:02.984977
2025-08-12 10:00:00+01:00,USDCHF,forex,1h,yahoo_finance,0.8099300265312195,0.8109599947929382,0.8096699714660645,0.8107900023460388,0,0.0,0.0,USDCHF=X,USDCHF,USD/CHF,0.0010865441544711,0.0008800029754638,0.0012900233268737,0.0008599758148193,8.800029754638672,12.900233268737791,0.8116109513101124,,,0.0008463188919947,0.0658172794461807,0.0009820044040679,38.67804771284744,24.78831523021145,25.22371385162194,-0.0003052864714631,-0.0002073747911353,-9.791168032774258e-05,,,,,,10,1,12,8,London,USD,CHF,True,False,5,-53.63124771069894,-91.6669038065674,,-0.00016030894569485366,-0.0015516071784824614,-0.0010472892092713293,,0.8131999969482422,0.8091300129890442,0.4078614003485494,0.0012900233268737793,0.0009820044040679931,1.3136634841247201,1,,sideways,1,2025-09-11 12:47:24.855708,2025-09-13T15:05:02.984977
2025-08-12 11:00:00+01:00,USDCHF,forex,1h,yahoo_finance,0.8108000159263611,0.8111199736595154,0.8101300001144409,0.8109800219535828,0,0.0,0.0,USDCHF=X,USDCHF,USD/CHF,0.0002343635306234,0.0001900196075439,0.0009899735450744,0.0001800060272216,1.900196075439453,9.899735450744627,0.8115795226324172,,,0.0008037782653895,0.0625089422040693,0.0009525030851364,42.89399374189117,40.06461312560047,29.922042054115437,-0.000279037323325,-0.0002217924041388,-5.724491918620816e-05,,,,,,11,1,12,8,London,USD,CHF,True,False,5,-47.14237057220708,-50.77836834391378,,-7.39325727586726e-05,-0.0011208219155152133,-0.0019321719615440491,,0.8131999969482422,0.8091300129890442,0.45454944861825053,0.0009899735450744629,0.0009525030851364136,1.039338938133395,1,,sideways,1,2025-09-11 12:47:24.855708,2025-09-13T15:05:02.984977
2025-08-12 12:00:00+01:00,USDCHF,forex,1h,yahoo_finance,0.810949981212616,0.8118100166320801,0.8109400272369385,0.8113099932670593,0,0.0,0.0,USDCHF=X,USDCHF,USD/CHF,0.0004068797067056,0.0003299713134765,0.0008699893951416,0.0003600120544433,3.299713134765625,8.699893951416016,0.8115204742976597,,,0.0008091644809913,0.0629278222040035,0.0009475022554397,50.82862011904468,53.83726802013941,39.56339879198378,-0.0002326721460459,-0.0002239786769014,-8.693469144491396e-06,,,,,,12,1,12,8,London,USD,CHF,True,False,5,-37.71457765667574,31.441900005562,,-0.0003942896807876961,0.0003082162561072188,-0.00172262420617042,,0.8130199909210205,0.8091300129890442,0.5604094203453718,0.0008699893951416016,0.0009475022554397583,0.9181924266109729,1,,sideways,1,2025-09-11 12:47:24.855708,2025-09-13T15:05:02.984977
2025-08-12 13:00:00+01:00,USDCHF,forex,1h,yahoo_finance,0.8113099932670593,0.8118600249290466,0.8082000017166138,0.8096299767494202,0,0.0,0.0,USDCHF=X,USDCHF,USD/CHF,-0.0020707454999708,-0.0016800165176391,0.0036600232124328,0.0016800165176391,-16.8001651763916,36.60023212432861,0.8113738071350824,,,0.0009231272517903,0.0717905802058427,0.0011000037193298,31.23362249008549,49.44034515082967,47.780742098856514,-0.0003106516474983,-0.0002413790076116,-6.92726398866721e-05,,,,,,13,1,12,8,London,USD,CHF,True,False,5,-66.82201631862813,-137.19790161359344,,-0.0003827490492355201,-0.0016277261160078105,-0.0036427057350114644,,0.8130199909210205,0.8082000017166138,0.2966759824895506,0.0036600232124328613,0.001100003719329834,3.3272825792468166,1,,sideways,1,2025-09-11 12:47:24.855708,2025-09-13T15:05:02.984977
2025-08-12 14:00:00+01:00,USDCHF,forex,1h,yahoo_finance,0.8096200227737427,0.8111600279808044,0.8078299760818481,0.8092700242996216,0,0.0,0.0,USDCHF=X,USDCHF,USD/CHF,-0.0004445888370434,-0.0003599524497985,0.0033300518989562,0.000349998474121,-3.59952449798584,33.30051898956299,0.8112157129106068,,,0.0009231503239023,0.0717923744983512,0.0012225061655044,31.565217391304344,42.583738858121336,48.62045067636348,-0.0003929887571567,-0.000271792877803,-0.0001211958793537,,,,,,14,1,12,8,London,USD,CHF,True,False,5,-67.7121894503321,-161.82974768275446,,-0.000790180478634328,-0.0024037449486639106,-0.0036442469405130185,,0.8128499984741211,0.8078299760818481,0.28686091520030393,0.003330051898956299,0.0012225061655044556,2.7239550956229204,1,,sideways,1,2025-09-11 12:47:24.855708,2025-09-13T15:05:02.984977
2025-08-12 15:00:00+01:00,USDCHF,forex,1h,yahoo_finance,0.8093000054359436,0.8104100227355957,0.8086100220680237,0.809149980545044,0,0.0,0.0,USDCHF=X,USDCHF,USD/CHF,-0.0001483358470882,-0.0001200437545776,0.001800000667572,0.0001500248908996,-1.2004375457763672,18.000006675720215,0.8110690457480294,,,0.0009210492581328,0.0716289769490357,0.0012910068035125,31.73329094810458,32.527464004067134,41.51718267100605,-0.0004610577851229,-0.0003097376039854,-0.0001513201811375,,,,,,15,1,12,8,London,USD,CHF,True,False,5,-67.88340221883838,-134.5238062621318,,-0.002022745465841247,-0.0021827301473431593,-0.0038779339767229803,,0.8128499984741211,0.8078299760818481,0.2629479233454442,0.0018000006675720215,0.0012910068035125732,1.3942611786975692,1,,sideways,1,2025-09-11 12:47:24.855708,2025-09-13T15:05:02.984977
2025-08-12 16:00:00+01:00,USDCHF,forex,1h,yahoo_finance,0.8091800212860107,0.8093699812889099,0.8065999746322632,0.8080999851226807,0,0.0,0.0,USDCHF=X,USDCHF,USD/CHF,-0.0012976524100711,-0.0010499954223632,0.0027700066566467,0.00108003616333,-10.499954223632812,27.700066566467285,0.8108690437816438,,,0.0009407270837166,0.073159299570446,0.0013985067605972,30.828977540321645,30.97381511702635,35.361672659738275,-0.000583838999306,-0.0003646641263953,-0.0002191748729106,,,,,,16,1,12,8,NewYork,USD,CHF,True,False,5,-71.48296297975048,-205.0774589991256,26.446679460759064,-0.0035513042897953317,-0.0036249743054912464,-0.005586761819141639,,0.8127099871635437,0.8065999746322632,0.24550039508726063,0.0027700066566467285,0.001398506760597229,1.9806887851323678,1,,sideways,1,2025-09-11 12:47:24.855708,2025-09-13T15:05:02.984977
2025-08-12 17:00:00+01:00,USDCHF,forex,1h,yahoo_finance,0.8081099987030029,0.8085299730300903,0.8069999814033508,0.8073599934577942,0,0.0,0.0,USDCHF=X,USDCHF,USD/CHF,-0.0009157179538545,-0.0007399916648864,0.0015299916267395,0.0007500052452087,-7.399916648864746,15.29991626739502,0.8106176143600827,,,0.0009475270083072,0.0736881221469278,0.0014340072870254,28.50310514669141,25.0275079135542,29.50959567821589,-0.0007261907168487,-0.0004370815049515,-0.0002891092118971,,,,,,17,1,12,8,NewYork,USD,CHF,True,False,5,-85.55111106074857,-176.3270094801612,28.197846092261976,-0.00486866899464522,-0.005261039009489044,-0.005824460723973801,,0.8126299977302551,0.8065999746322632,0.12603912342957685,0.001529991626739502,0.0014340072870254517,1.0669343458589737,1,,sideways,1,2025-09-11 12:47:24.855708,2025-09-13T15:05:02.984977
2025-08-12 18:00:00+01:00,USDCHF,forex,1h,yahoo_finance,0.8073800206184387,0.8078600168228149,0.8071799874305725,0.8075600266456604,0,0.0,0.0,USDCHF=X,USDCHF,USD/CHF,0.0002477620757619,0.0002000331878662,0.0006800293922424,0.0001800060272216,2.0003318786621094,6.800293922424316,0.8104019023123241,,,0.0009344424861303,0.0726705534022352,0.0013625085353851,27.898874139767912,20.40589695067366,25.46907332708474,-0.0008143624570978,-0.0005126312213998,-0.000301731235698,,,,,,18,1,12,8,NewYork,USD,CHF,True,False,5,-81.74823510747997,-146.4112421675618,29.823929392943253,-0.0025566618865452417,-0.0029384323758744335,-0.0044748855763359074,,0.8126299977302551,0.8065999746322632,0.15921199600660293,0.0006800293922424316,0.0013625085353851317,0.49910101447563554,0,,sideways,1,2025-09-11 12:47:24.855708,2025-09-13T15:05:02.984977
2025-08-12 19:00:00+01:00,USDCHF,forex,1h,yahoo_finance,0.8075600266456604,0.8079000115394592,0.8070799708366394,0.8073300123214722,0,0.0,0.0,USDCHF=X,USDCHF,USD/CHF,-0.0002848262873332,-0.0002300143241882,0.0008200407028198,0.0002300143241882,-2.300143241882324,8.200407028198242,0.8102180929411025,,,0.0008297268580149,0.0645269354075983,0.0013310104608535,28.13666129430385,15.526521546986366,20.319975470404746,-0.0008906145251458,-0.000588302823674,-0.0003023117014717,,,,,,19,1,12,8,NewYork,USD,CHF,True,False,5,-86.12108919081236,-123.90955939590413,31.38209616558499,-0.002397236917095036,-0.0031855231459148037,-0.00635081562167128,,0.8125100135803223,0.8065999746322632,0.12352502168344191,0.0008200407028198242,0.0013310104608535767,0.616103875167091,0,,sideways,1,2025-09-11 12:47:24.855708,2025-09-13T15:05:02.984977
2025-08-12 20:00:00+01:00,USDCHF,forex,1h,yahoo_finance,0.8073400259017944,0.8075000047683716,0.8061299920082092,0.8063899874687195,0,0.0,0.0,USDCHF=X,USDCHF,USD/CHF,-0.0011643625759057,-0.0009400248527526,0.0013700127601623,0.0009500384330749,-9.400248527526855,13.700127601623535,0.8099276168005807,,,0.0008499916225376,0.0661029036178287,0.0013705104589462,24.25280528052805,12.222697408159322,16.051705301939784,-0.0010090864135059,-0.0006725262703296,-0.0003365601431763,,,,,,20,1,12,8,NewYork,USD,CHF,True,False,5,-95.4625834772297,-133.3435295411856,33.25545882905357,-0.0034109783633256008,-0.005426824288148335,-0.006970011167108936,,0.8122900128364563,0.8061299920082092,0.04220691256724852,0.0013700127601623535,0.001370510458946228,0.9996368515244626,0,,sideways,1,2025-09-11 12:47:24.855708,2025-09-13T15:05:02.984977
2025-08-12 21:00:00+01:00,USDCHF,forex,1h,yahoo_finance,0.8064699769020081,0.8068600296974182,0.8060200214385986,0.8066800236701965,0,0.0,0.0,USDCHF=X,USDCHF,USD/CHF,0.0003596723743897,0.000290036201477,0.0008400082588195,0.0002100467681884,2.900362014770508,8.4000825881958,0.8096719043595451,,,0.0008642368497419,0.0672107391022401,0.0013800114393234,21.64992797012297,9.905909550883036,12.551709502009574,-0.0010685510856358,-0.0007517814673398,-0.0003167696182959,,,,,,21,1,12,8,Sydney,USD,CHF,True,False,5,-88.69859867930883,-114.77476135938737,35.04090811797066,-0.0017571605972354076,-0.005302224675064027,-0.006417103740962493,,0.8119400143623352,0.8060200214385986,0.1114869967076449,0.0008400082588195801,0.0013800114393234253,0.6086965911176858,0,,sideways,1,2025-09-11 12:47:24.855708,2025-09-13T15:05:02.984977
2025-08-12 22:00:00+01:00,USDCHF,forex,1h,yahoo_finance,0.8062099814414978,0.8071100115776062,0.8054100275039673,0.8063499927520752,0,0.0,0.0,USDCHF=X,USDCHF,USD/CHF,-0.0004091224629807,-0.0003300309181213,0.0016999840736389,0.0001400113105773,-3.300309181213379,16.99984073638916,0.8094080942017692,,,0.0008488052952028,0.0660106442597389,0.0014105111360549,25.64496562879096,10.137309427685816,10.755305462242724,-0.001127289178902,-0.0008269211099775,-0.0003003680689244,,,,,,22,1,12,8,Sydney,USD,CHF,True,False,5,-85.426889560404,-105.43276045147586,36.94642542118727,-0.001250991768112386,-0.006113570097923682,-0.005807238143503368,,0.8118600249290466,0.8054100275039673,0.14573110439595982,0.001699984073638916,0.0014105111360549927,1.2052255598587756,0,,sideways,1,2025-09-11 12:47:24.855708,2025-09-13T15:05:02.984977
2025-08-12 23:00:00+01:00,USDCHF,forex,1h,yahoo_finance,0.8062199950218201,0.806410014629364,0.8058300018310547,0.8062400221824646,0,0.0,0.0,USDCHF=X,USDCHF,USD/CHF,-0.00013638069151,-0.0001099705696105,0.0005800127983093,2.002716064453125e-05,-1.099705696105957,5.800127983093262,0.8091785709063212,,,0.0008487983976186,0.0660101078422862,0.0014080107212066,25.369623655913983,12.914217149251796,10.985812042606884,-0.0011684634536069,-0.000895257299155,-0.0002732061544519,,,,,,23,1,12,8,Sydney,USD,CHF,True,False,5,-87.13186031253176,-95.71999507721416,38.715834345602694,-0.0016345589425452722,-0.004187041814540882,-0.005807952573238295,,0.8118600249290466,0.8054100275039673,0.12868139687468233,0.0005800127983093262,0.001408010721206665,0.4119377711927188,0,,sideways,1,2025-09-11 12:47:24.855708,2025-09-13T15:05:02.984977
2025-08-13 00:00:00+01:00,USDCHF,forex,1h,yahoo_finance,0.8062300086021423,0.8062999844551086,0.8060500025749207,0.8061800003051758,0,0.0,0.0,USDCHF=X,USDCHF,USD/CHF,-7.444666059408522e-05,-6.002187728881836e-05,0.0002499818801879,5.0008296966552734e-05,-0.6002187728881836,2.499818801879883,0.8089514289583478,,,0.00083785780309,0.0651592699675739,0.0013915091753005,15.234413628803878,13.12627256737484,12.059266381437483,-0.0011917307938703,-0.0009545712465745,-0.0002371595472958,,,,,,0,2,13,8,Sydney,USD,CHF,True,False,5,-88.06243242493969,-86.15931823773296,40.358856918274164,-0.0014244633529596484,-0.003818285493917828,-0.006212852258113188,,0.8118600249290466,0.8054100275039673,0.11937567575060298,0.0002499818801879883,0.0013915091753005982,0.17964802864773521,0,,sideways,1,2025-09-11 12:47:24.855708,2025-09-13T15:05:02.984977
2025-08-13 01:00:00+01:00,USDCHF,forex,1h,yahoo_finance,0.8061599731445312,0.8069700002670288,0.8060500025749207,0.8064299821853638,0,0.0,0.0,USDCHF=X,USDCHF,USD/CHF,0.0003100819669221,0.0002499818801879,0.0009199976921081,0.0002700090408325,2.499818801879883,9.199976921081545,0.8087233333360582,,,0.000849073592223,0.0660315094207556,0.0014050096273422,15.99415543339778,13.53965481658088,13.193381511069171,-0.001177343558389,-0.0009991372789409,-0.0001782062794481,,,,,,1,2,13,8,Sydney,USD,CHF,True,False,5,-84.18674281278588,-66.30661138065403,40.703287727863774,4.959723863873222e-05,-0.003361550299794791,-0.005536943089956781,,0.8118600249290466,0.8054100275039673,0.15813257187214105,0.0009199976921081543,0.0014050096273422242,0.6547981410265927,0,,sideways,1,2025-09-11 12:47:24.855708,2025-09-13T15:05:02.984977
2025-08-13 02:00:00+01:00,USDCHF,forex,1h,yahoo_finance,0.806410014629364,0.8068000078201294,0.8060899972915649,0.8067399859428406,0,0.0,0.0,USDCHF=X,USDCHF,USD/CHF,0.0003844149700842,0.0003100037574768,0.0007100105285644,0.0003299713134765,3.1000375747680664,7.100105285644531,0.8085242850439889,,,0.0008569157470288,0.066641385082515,0.0014065086841583,15.742676889532277,16.123447891350086,14.2631250917686,-0.0011290420158424,-0.0010251236234738,-0.0001039183923685,,,,,,2,2,13,8,Sydney,USD,CHF,True,False,5,-79.38048108822414,-57.82391291547362,41.02311633676841,7.433216502783502e-05,-0.0016829590457592136,-0.005301832667952477,,0.8118600249290466,0.8054100275039673,0.2061951891177585,0.0007100105285644531,0.0014065086841583252,0.5048035156564522,0,,sideways,1,2025-09-11 12:47:24.855708,2025-09-13T15:05:02.984977
2025-08-13 03:00:00+01:00,USDCHF,forex,1h,yahoo_finance,0.8067499995231628,0.8071500062942505,0.8063499927520752,0.8065900206565857,0,0.0,0.0,USDCHF=X,USDCHF,USD/CHF,-0.0001858904837592,-0.0001499652862548,0.0008000135421752,0.0001599788665771,-1.499652862548828,8.00013542175293,0.8083123820168632,,,0.0008249572590126,0.0641560089951671,0.001395508646965,20.428823229277786,18.984798147568867,16.215966951833277,-0.0010896882031978,-0.0010380386853013,-5.1649517896524026e-05,,,,,,3,2,13,8,Tokyo,USD,CHF,True,False,5,-79.47838165628336,-39.102204210526104,40.71513283247144,0.00029767211095421686,-0.0009536920425184947,-0.006209713640968895,,0.8118600249290466,0.8054100275039673,0.1829447478583904,0.000800013542175293,0.0013955086469650269,0.5732773809142454,0,,sideways,1,2025-09-11 12:47:24.855708,2025-09-13T15:05:02.984977
2025-08-13 04:00:00+01:00,USDCHF,forex,1h,yahoo_finance,0.8065999746322632,0.8067499995231628,0.8062300086021423,0.8065099716186523,0,0.0,0.0,USDCHF=X,USDCHF,USD/CHF,-9.92437742636243e-05,-8.004903793334961e-05,0.0005199909210205,9.000301361083984e-05,-0.8004903793334961,5.199909210205078,0.8080685706365676,,,0.0007123606174097,0.0553994933422842,0.0013225078582763,21.605347068923223,21.04668017632757,18.718308738415505,-0.0010524922202789,-0.0010409297765888,-1.156244369010474e-05,,,,,,4,2,13,8,Tokyo,USD,CHF,True,False,5,-78.00109672650979,-47.38841977602122,40.524457693179876,0.00033482514978233624,-0.0013002810842057677,-0.004234892672044577,,0.8118600249290466,0.8054100275039673,0.17053403934832229,0.0005199909210205078,0.0013225078582763672,0.3931855056787453,0,,sideways,1,2025-09-11 12:47:24.855708,2025-09-13T15:05:02.984977
2025-08-13 05:00:00+01:00,USDCHF,forex,1h,yahoo_finance,0.8065199851989746,0.8068400025367737,0.8064299821853638,0.8064500093460083,0,0.0,0.0,USDCHF=X,USDCHF,USD/CHF,-7.434783791171462e-05,-5.996227264404297e-05,0.0004100203514099,6.99758529663086e-05,-0.5996227264404297,4.100203514099121,0.8079023815336681,,,0.0007119269524937,0.0553657677038393,0.0012920081615447,21.8757760890081,22.927665280302502,20.98638120139965,-0.0010158964840716,-0.0010359225856295,2.002610155787607e-05,,,,,,5,2,13,8,Tokyo,USD,CHF,True,False,5,-73.73752577629935,-31.35256632565824,40.1822757152356,0.00033492401291312923,-0.0010900164270288837,-0.004272067300385984,,0.8118600249290466,0.8054100275039673,0.1612375592581298,0.0004100203514099121,0.0012920081615447998,0.31735120846269893,0,,sideways,1,2025-09-11 12:47:24.855708,2025-09-13T15:05:02.984977
2025-08-13 06:00:00+01:00,USDCHF,forex,1h,yahoo_finance,0.806439995765686,0.806879997253418,0.8063899874687195,0.8065000176429749,0,0.0,0.0,USDCHF=X,USDCHF,USD/CHF,6.201041154074716e-05,5.0008296966552734e-05,0.0004900097846984,6.002187728881836e-05,0.5000829696655273,4.900097846984863,0.8077400014514015,,,0.0006473695198022,0.0503452079266954,0.001252007484436,28.94831777899772,27.73252294890824,23.902289468512773,-0.0009717546318314,-0.0010230879030158,5.1333271184432526e-05,,,,,,6,2,13,8,Tokyo,USD,CHF,True,False,5,-65.06380865046614,-20.583898086151137,39.86453530714448,8.684629683686218e-05,0.0001364478428120819,-0.005291116923803685,,0.8118600249290466,0.8054100275039673,0.1689907866892148,0.0004900097846984863,0.0012520074844360352,0.39137927751223506,0,,sideways,1,2025-09-11 12:47:24.855708,2025-09-13T15:05:02.984977
2025-08-13 07:00:00+01:00,USDCHF,forex,1h,yahoo_finance,0.806439995765686,0.8068199753761292,0.8054900169372559,0.8057799935340881,0,0.0,0.0,USDCHF=X,USDCHF,USD/CHF,-0.0008927763089094,-0.0007200241088867,0.0013299584388732,0.0006600022315979,-7.200241088867188,13.29958438873291,0.8075014296032134,,,0.0006506604689612,0.0506011413845049,0.0012690067291259,29.10122989593188,25.35227811148511,25.33748878023195,-0.0009815569930807,-0.0010147811557009,3.322416262012493e-05,,,,,,7,2,13,8,Tokyo,USD,CHF,True,False,5,-85.14183123877918,-129.7085228571962,40.31600329959498,-0.001189965076083932,-0.0011157213637366103,-0.006412030233455268,,0.8118600249290466,0.8054100275039673,0.05735909733580993,0.001329958438873291,0.0012690067291259766,1.048031037462894,0,,sideways,1,2025-09-11 12:47:24.855708,2025-09-13T15:05:02.984977
2025-08-13 08:00:00+01:00,USDCHF,forex,1h,yahoo_finance,0.8057799935340881,0.8059200048446655,0.8033699989318848,0.8036400079727173,0,0.0,0.0,USDCHF=X,USDCHF,USD/CHF,-0.002655793862522,-0.0021399855613708,0.0025500059127807,0.0021399855613708,-21.399855613708496,25.500059127807617,0.807151905127934,,,0.0008109106104363,0.0630636167499046,0.0013530075550079,15.734575426969698,18.58493599986608,23.88991235341981,-0.0011433597811748,-0.0010404982809691,-0.0001028615002056,,,,,,8,2,13,8,Tokyo,USD,CHF,True,False,5,-94.03955211115644,-339.5096253475668,41.85788621300838,-0.0036573880265304837,-0.003360804617990709,-0.00945382820129681,,0.8118600249290466,0.8033699989318848,0.03180308763751501,0.0025500059127807617,0.0013530075550079346,1.8846945113812077,1,,sideways,1,2025-09-11 12:47:24.855708,2025-09-13T15:05:02.984977
2025-08-13 09:00:00+01:00,USDCHF,forex,1h,yahoo_finance,0.8036500215530396,0.8037099838256836,0.8025299906730652,0.8033699989318848,0,0.0,0.0,USDCHF=X,USDCHF,USD/CHF,-0.000335982576967,-0.0002700090408325,0.0011799931526184,0.0002800226211547,-2.7000904083251958,11.799931526184082,0.8067738101595924,,,0.000718723717499,0.0558943445628883,0.0012290060520172,15.625323371758526,12.5733811133857,18.836865074912296,-0.0012778807815386,-0.0010879768490663,-0.0001899039324723,,,,,,9,2,13,8,London,USD,CHF,True,False,5,-83.09847330990729,-288.08681246348226,43.591189131780155,-0.003893284394817509,-0.0035597628145658256,-0.0077318997533522005,,0.8111600279808044,0.8025299906730652,0.09733541453711633,0.0011799931526184082,0.0012290060520172119,0.9601198876780492,1,,sideways,1,2025-09-11 12:47:24.855708,2025-09-13T15:05:02.984977
2025-08-13 10:00:00+01:00,USDCHF,forex,1h,yahoo_finance,0.8033599853515625,0.8033999800682068,0.8021699786186218,0.802619993686676,0,0.0,0.0,USDCHF=X,USDCHF,USD/CHF,-0.0009335738777971,-0.0007500052452087,0.0012300014495849,0.0007399916648864,-7.500052452087402,12.30001449584961,0.8064400014423189,,,0.000729001618478,0.0566936454969088,0.0011240035295486,16.158373461744247,10.63279050338398,13.930369205545253,-0.0014268180333198,-0.0011557474473777,-0.0002710705859421,,,,,,10,2,13,8,London,USD,CHF,True,False,5,-90.96360306878434,-200.72320309831144,45.31842178874582,-0.004749228860990717,-0.004415895478865894,-0.008217319823134228,,0.8104100227355957,0.8021699786186218,0.05461318673369742,0.001230001449584961,0.001124003529548645,1.0943039031904822,1,,sideways,1,2025-09-11 12:47:24.855708,2025-09-13T15:05:02.984977
2025-08-13 11:00:00+01:00,USDCHF,forex,1h,yahoo_finance,0.8026599884033203,0.803849995136261,0.8024799823760986,0.8037499785423279,0,0.0,0.0,USDCHF=X,USDCHF,USD/CHF,0.0014078703054249,0.0011299848556518,0.0013700127601623,0.0010899901390075,11.299848556518556,13.700127601623535,0.806177142120543,,,0.0008341224897361,0.064868778800282,0.0011025041341781,27.144743449071072,19.221551134372763,14.142574250380813,-0.0014392293867976,-0.0012124454157704,-0.0002267839710272,,,,,,11,2,13,8,London,USD,CHF,True,False,5,-68.27327021819009,-118.8877781806035,46.18559128611533,-0.003409843819574987,-0.0033232936550464665,-0.006673672536058883,,0.8093699812889099,0.8021699786186218,0.21944435246200206,0.0013700127601623535,0.0011025041341781617,1.2426372996629174,1,,sideways,1,2025-09-11 12:47:24.855708,2025-09-13T15:05:02.984977
2025-08-13 12:00:00+01:00,USDCHF,forex,1h,yahoo_finance,0.8037400245666504,0.8040099740028381,0.8030300140380859,0.80308997631073,0,0.0,0.0,USDCHF=X,USDCHF,USD/CHF,-0.0008211536537703,-0.0006600022315979,0.0009799599647521,0.0006500482559204,-6.600022315979004,9.799599647521973,0.8058885704903376,,,0.0008116643769432,0.0631222363332465,0.0010130017995834,25.81580855692532,19.745624428991476,16.533322022249404,-0.0014839226817118,-0.0012667420798147,-0.000217180601897,,,,,,12,2,13,8,London,USD,CHF,True,False,5,-81.52625342605116,-94.26268305717294,46.732208327080635,-0.0033384016045868714,-0.004524394099351348,-0.006199738775134467,,0.8085299730300903,0.8021699786186218,0.1446538522815666,0.0009799599647521973,0.001013001799583435,0.9673822545578644,1,,sideways,1,2025-09-11 12:47:24.855708,2025-09-13T15:05:02.984977
2025-08-13 13:00:00+01:00,USDCHF,forex,1h,yahoo_finance,0.8030999898910522,0.8044000267982483,0.8027799725532532,0.8044000267982483,0,0.0,0.0,USDCHF=X,USDCHF,USD/CHF,0.0016312624066563,0.0013100504875183,0.0016200542449951,0.001300036907196,13.100504875183104,16.200542449951172,0.8057123819986979,,,0.0009060451770558,0.070462126242505,0.0010175049304962,38.4132060174759,31.66010380885128,23.54242645740517,-0.0013996820828143,-0.0012933305547689,-0.0001063515280454,,,,,,13,2,13,8,London,USD,CHF,True,False,5,-55.22016492920492,-60.088954723567824,46.61413084115126,0.000945720494240021,-0.002715126399102541,-0.0036662290471798364,,0.8079000115394592,0.8021699786186218,0.38918592797553414,0.0016200542449951172,0.001017504930496216,1.5921831889355569,1,,sideways,1,2025-09-11 12:47:24.855708,2025-09-13T15:05:02.984977
2025-08-13 14:00:00+01:00,USDCHF,forex,1h,yahoo_finance,0.8043799996376038,0.8049499988555908,0.8041399717330933,0.8045200109481812,0,0.0,0.0,USDCHF=X,USDCHF,USD/CHF,0.0001491598035003,0.0001199841499328,0.0008100271224975,0.0001400113105773,1.1998414993286133,8.100271224975586,0.8055771447363353,0.8087639999389649,,0.0009038420871737,0.0702907943913677,0.0010240048170089,39.6250875441446,36.81424120198042,29.40665647994106,-0.0013083194147865,-0.0012963283695587,-1.1991045227879644e-05,0.8131999969482422,0.8021699786186218,0.008679986000061,0.0023500323295593,0.2130578807152545,14,2,13,8,London,USD,CHF,True,False,5,-52.81085803880265,-24.211222169331688,45.679852012861375,0.0014314848921734846,-0.002467372680436175,-0.0037644454866178068,,0.8079000115394592,0.8021699786186218,0.4101254498928579,0.0008100271224975586,0.0010240048170089722,0.7910383906821614,1,-0.005381048820063215,sideways,1,2025-09-11 12:47:24.855708,2025-09-13T15:05:02.984977
2025-08-13 15:00:00+01:00,USDCHF,forex,1h,yahoo_finance,0.8045399785041809,0.804610013961792,0.8034300208091736,0.8038399815559387,0,0.0,0.0,USDCHF=X,USDCHF,USD/CHF,-0.0008452610040624,-0.0006800293922424,0.0011799931526184,0.0006999969482421,-6.800293922424316,11.799931526184082,0.8053999997320629,0.8086117994785309,,0.000915607363379,0.0712057668433513,0.0010420024394989,34.638309305466194,41.83432873334849,36.76955791472673,-0.0012750604160325,-0.0012920747302855,1.7014314252969658e-05,0.8131999969482422,0.8021699786186218,0.0093600153923034,0.0016700029373168,0.1514052730839273,15,2,13,8,London,USD,CHF,True,False,5,-66.46599083194695,-44.201095865761204,45.28519687162213,0.001520006826217779,-0.0032364408950608103,-0.004322929548349008,-0.009378301779244036,0.8075000047683716,0.8021699786186218,0.31331983941491565,0.0011799931526184082,0.0010420024394989015,1.132428397370995,1,-0.0055166161179331505,sideways,1,2025-09-11 12:47:24.855708,2025-09-13T15:05:02.984977
2025-08-13 16:00:00+01:00,USDCHF,forex,1h,yahoo_finance,0.8038399815559387,0.8047599792480469,0.8037700057029724,0.8043500185012817,0,0.0,0.0,USDCHF=X,USDCHF,USD/CHF,0.0006345005934587,0.000510036945343,0.0009899735450744,0.000510036945343,5.100369453430176,9.899735450744627,0.8052580952644348,0.8084659993648529,,0.0009058656598209,0.0704481653867038,0.0010230004787445,36.15329893845527,41.4996030368677,40.049390990732206,-0.0011944430012377,-0.0012725482061131,7.810520487543343e-05,0.8131999969482422,0.8021699786186218,0.0088499784469604,0.0021800398826599,0.197646079771741,16,2,13,8,NewYork,USD,CHF,True,False,5,-56.22434201864729,-22.36251335568016,44.69691912536149,0.0007465505131858396,-0.0026658389270425298,-0.002529754832201303,-0.008981821332945561,0.8071500062942505,0.8021699786186218,0.43775657981352706,0.0009899735450744629,0.0010230004787445067,0.9677156224691345,1,-0.0056032049464099926,sideways,1,2025-09-11 12:47:24.855708,2025-09-13T15:05:02.984977
2025-08-13 17:00:00+01:00,USDCHF,forex,1h,yahoo_finance,0.8043500185012817,0.8050000071525574,0.8041899800300598,0.8049499988555908,0,0.0,0.0,USDCHF=X,USDCHF,USD/CHF,0.0007459194884174,0.000599980354309,0.0008100271224975,0.000599980354309,5.99980354309082,8.100271224975586,0.8051895243780953,0.8083139991760254,,0.0009207650998855,0.071606878278023,0.0010215014219284,40.96915432029881,45.44440595037265,42.926112573529615,-0.0010705407979241,-0.001232146429239,0.0001616056313149,0.8131999969482422,0.8021699786186218,0.0082499980926513,0.0027800202369689,0.2520413070849973,17,2,13,8,NewYork,USD,CHF,True,False,5,-40.9764492982878,8.641929730183703,43.79055287731734,0.002316082381460527,-0.0010300512362648728,-0.0021446233498314538,-0.00935328209189823,0.8071500062942505,0.8021699786186218,0.5582338930712978,0.0008100271224975586,0.0010215014219284058,0.7929769896632911,1,-0.005518894848060485,sideways,1,2025-09-11 12:47:24.855708,2025-09-13T15:05:02.984977
2025-08-13 18:00:00+01:00,USDCHF,forex,1h,yahoo_finance,0.8049600124359131,0.8053200244903564,0.8047000169754028,0.8051599860191345,0,0.0,0.0,USDCHF=X,USDCHF,USD/CHF,0.0002608698227744,0.0002099871635437,0.0006200075149536,0.0001999735832214,2.099871635437012,6.200075149536133,0.8051171416328067,0.8081629991531372,,0.0009213800068532,0.0716546989093548,0.0009675025939941,42.67112782246843,55.42702264522288,47.45701054415442,-0.0009447524807852,-0.0011746673035249,0.0002299148227396,0.8130199909210205,0.8021699786186218,0.0078600049018859,0.0029900074005126,0.2755764064757489,18,2,13,8,NewYork,USD,CHF,True,False,5,-36.51814074739626,41.15864973986851,42.475885719622845,0.0009447528537649408,0.001891366820140794,-0.001475794312193357,-0.009289908163623739,0.8071500062942505,0.8021699786186218,0.6003997558377518,0.0006200075149536133,0.0009675025939941406,0.6408329226219813,0,-0.00514500434008348,sideways,1,2025-09-11 12:47:24.855708,2025-09-13T15:05:02.984977
2025-08-13 19:00:00+01:00,USDCHF,forex,1h,yahoo_finance,0.8051400184631348,0.8058099746704102,0.8051199913024902,0.8055099844932556,0,0.0,0.0,USDCHF=X,USDCHF,USD/CHF,0.000434694321872,0.000349998474121,0.0006899833679199,0.0003699660301208,3.499984741210937,6.899833679199219,0.8050771412395296,0.80802139878273,,0.0009281507255978,0.0721812501796677,0.0009730011224746,45.052545722621325,64.47273509573404,55.1147212304432,-0.0008078870435836,-0.0011013109084631,0.0002934238648794,0.8130199909210205,0.8021699786186218,0.0075100064277648,0.0033400058746337,0.3078342937818967,19,2,13,8,NewYork,USD,CHF,True,False,5,-29.087204667113802,83.81760144035921,40.570905634696715,0.0012305145075355295,0.0026637608626363107,-0.0009054843087953346,-0.008712903794161786,0.8071500062942505,0.8021699786186218,0.6706801833610609,0.0006899833679199219,0.0009730011224746704,0.709129056465075,0,-0.00470581994155326,sideways,1,2025-09-11 12:47:24.855708,2025-09-13T15:05:02.984977
2025-08-13 20:00:00+01:00,USDCHF,forex,1h,yahoo_finance,0.8055400252342224,0.8057199716567993,0.8052999973297119,0.8055099844932556,0,0.0,0.0,USDCHF=X,USDCHF,USD/CHF,0.0,0.0,0.0004199743270874,3.0040740966796875e-05,0.0,4.199743270874023,0.8050423775400434,0.8078869986534118,,0.0009281752094897,0.0721831542647218,0.0009815007448196,44.76177260858048,68.74092933248055,62.88022902447916,-0.0006914512743098,-0.0010193386749379,0.0003278874006281,0.8128499984741211,0.8021699786186218,0.0073400139808654,0.0033400058746337,0.3127340510433584,20,2,13,8,NewYork,USD,CHF,True,False,5,-28.1718665880483,102.53751889632316,38.80199555583674,0.0020775315680172657,0.0036006962564001377,-0.0008310995207850835,-0.00827352663741976,0.8071500062942505,0.8021699786186218,0.6706801833610609,0.00041997432708740234,0.000981500744819641,0.4278899728849173,0,-0.004182520584251912,sideways,1,2025-09-11 12:47:24.855708,2025-09-13T15:05:02.984977
2025-08-13 21:00:00+01:00,USDCHF,forex,1h,yahoo_finance,0.8055300116539001,0.8056600093841553,0.8045499920845032,0.8047000169754028,0,0.0,0.0,USDCHF=X,USDCHF,USD/CHF,-0.0010055338027402,-0.0008099675178527,0.001110017299652,0.0008299946784973,-8.099675178527832,11.100172996520996,0.8049719021433875,0.8077349984645843,,0.0009483718366694,0.073753823509528,0.0009910017251968,44.33975820811595,70.06938213982609,67.76101552268022,-0.000656214016661,-0.0009467135259041,0.0002904995092431,0.8128499984741211,0.8021699786186218,0.0081499814987182,0.002530038356781,0.2368945368091483,21,2,13,8,Sydney,USD,CHF,True,False,5,-32.53278232535961,68.78007190985674,37.87768174278596,0.00043513205205525374,0.0011820074132977698,-0.002145214399485562,-0.009356160524702783,0.8071500062942505,0.8021699786186218,0.5080370073368362,0.0011100172996520996,0.0009910017251968384,1.1200962333659124,0,-0.003877509301238541,sideways,1,2025-09-11 12:47:24.855708,2025-09-13T15:05:02.984977
2025-08-13 22:00:00+01:00,USDCHF,forex,1h,yahoo_finance,0.8047000169754028,0.8051999807357788,0.8029000163078308,0.8041499853134155,0,0.0,0.0,USDCHF=X,USDCHF,USD/CHF,-0.000683523860301,-0.0005500316619873,0.0022999644279479,0.0005500316619873,-5.500316619873047,22.99964427947998,0.8048633308637709,0.8075651979446411,,0.0009493144996388,0.0738271333607773,0.001070499420166,53.20737741790373,64.5637328022788,67.79134809152849,-0.0006645273551457,-0.0008902761566118,0.000225748801466,0.8127099871635437,0.8021699786186218,0.0085600018501281,0.0019800066947937,0.1878562703583061,22,2,13,8,Sydney,USD,CHF,True,False,5,-45.604152679755686,-13.146544580435538,38.18733454091388,-0.0009938673747594828,0.0013199131279848508,-0.0032104527785344894,-0.010447462442157662,0.8071500062942505,0.8021699786186218,0.397589496235832,0.002299964427947998,0.0010704994201660156,2.148496659242762,0,-0.00353680242355671,sideways,1,2025-09-11 12:47:24.855708,2025-09-13T15:05:02.984977
2025-08-13 23:00:00+01:00,USDCHF,forex,1h,yahoo_finance,0.8042899966239929,0.8053200244903564,0.8042899966239929,0.8052600026130676,0,0.0,0.0,USDCHF=X,USDCHF,USD/CHF,0.0013803610270781,0.001110017299652,0.0010300278663635,0.0009700059890747,11.100172996520996,10.300278663635254,0.8047928554671151,0.8074285984039307,,0.0010097735818657,0.078528968978093,0.0010890007019042,60.75078149898626,68.91797538397886,67.85036344202791,-0.0005757838077233,-0.0008273775663444,0.000251593758621,0.8126299977302551,0.8021699786186218,0.0073699951171875,0.0030900239944458,0.2954128440366972,23,2,13,8,Sydney,USD,CHF,True,False,5,-15.10913884294814,59.27838799683401,38.30231582734382,0.00012421952862751162,0.0010690897391467669,-0.0016489393737296743,-0.008410369794832229,0.806879997253418,0.8021699786186218,0.6560534541451006,0.0010300278663635254,0.0010820001363754273,0.9519664847862193,0,-0.0032617143265474733,sideways,1,2025-09-11 12:47:24.855708,2025-09-13T15:05:02.984977
2025-08-14 00:00:00+01:00,USDCHF,forex,1h,yahoo_finance,0.8051300048828125,0.8051999807357788,0.8047199845314026,0.8047500252723694,0,0.0,0.0,USDCHF=X,USDCHF,USD/CHF,-0.0006333076758355,-0.0005099773406982,0.0004799962043762,0.0003799796104431,-5.099773406982422,4.799962043762207,0.8047052366392953,0.8072997987270355,,0.0010172864750145,0.0791132383267996,0.0010900020599365,62.45625531558915,69.15210752255068,67.54460523626945,-0.000540001893298,-0.0007699023436546,0.0002299004503565,0.8126299977302551,0.8021699786186218,0.0078799724578857,0.0025800466537475,0.2466579292267365,0,3,14,8,Sydney,USD,CHF,True,False,5,-31.830385909644164,44.11178781072722,38.40908416474305,-0.0009434510254572315,0.0002859025519044156,-0.002182175556677546,-0.007938933877854493,0.806879997253418,0.8021699786186218,0.5477784386428924,0.0004799962043762207,0.001080000400543213,0.44444076514674874,0,-0.003074199103824359,sideways,1,2025-09-11 12:47:24.855708,2025-09-13T15:05:02.984977
2025-08-14 01:00:00+01:00,USDCHF,forex,1h,yahoo_finance,0.8047500252723694,0.8051999807357788,0.8046000003814697,0.8049100041389465,0,0.0,0.0,USDCHF=X,USDCHF,USD/CHF,0.0001987932420666,0.0001599788665771,0.000599980354309,0.0001599788665771,1.5997886657714844,5.99980354309082,0.8046290477116903,0.8071481990814209,,0.0010196031723717,0.0792934053049854,0.0010995000600814,57.65184160035229,74.45283275434883,70.84097188695945,-0.0004931553509277,-0.0007145528772509,0.0002213975263232,0.8125100135803223,0.8021699786186218,0.0076000094413757,0.0027400255203247,0.2649919009436409,1,3,14,8,Sydney,USD,CHF,True,False,5,-29.701976984361167,37.815669454807995,38.591266247502446,-0.000744845335078681,0.0013311387932417595,-0.0019096102538465054,-0.009329323939280987,0.806879997253418,0.8021699786186218,0.5817440933422761,0.000599980354309082,0.0010894984006881714,0.5506941120153184,0,-0.002754386885059031,sideways,1,2025-09-11 12:47:24.855708,2025-09-13T15:05:02.984977
2025-08-14 02:00:00+01:00,USDCHF,forex,1h,yahoo_finance,0.8048999905586243,0.8051000237464905,0.8044000267982483,0.804830014705658,0,0.0,0.0,USDCHF=X,USDCHF,USD/CHF,-9.937686558403323e-05,-7.998943328857422e-05,0.0006999969482421,6.99758529663086e-05,-0.7998943328857422,6.999969482421875,0.8045519051097688,0.8070037996768952,,0.0010189329532613,0.0792412831097934,0.0011099994182586,62.42879403274836,68.7085822253909,70.77117416743015,-0.0004571599114527,-0.0006630742336012,0.0002059143221484,0.8122900128364563,0.8021699786186218,0.0074599981307983,0.0026600360870361,0.2628485269692436,2,3,14,8,Sydney,USD,CHF,True,False,5,-32.34189042982197,10.346038837055419,38.90170688420854,0.0001615480645120737,0.0005967504113080224,-0.0020706793562107473,-0.00889104163568566,0.8068199753761292,0.8021699786186218,0.5720511703027662,0.0006999969482421875,0.0010999977588653565,0.6363621585595153,0,-0.002516468187260816,sideways,1,2025-09-11 12:47:24.855708,2025-09-13T15:05:02.984977
2025-08-14 03:00:00+01:00,USDCHF,forex,1h,yahoo_finance,0.804830014705658,0.8058000206947327,0.8047900199890137,0.805400013923645,0,0.0,0.0,USDCHF=X,USDCHF,USD/CHF,0.000708223112424,0.000569999217987,0.0010100007057189,0.000569999217987,5.6999921798706055,10.10000705718994,0.8044995239802769,0.8068739998340607,,0.0010165187223712,0.0790535310571827,0.0010940015316009,57.98714591763866,74.62264427856978,72.59468641943651,-0.0003786065883628,-0.0006061806599127,0.0002275740715498,0.8119400143623352,0.8021699786186218,0.0065400004386901,0.0032300353050231,0.3306062935441756,3,3,14,8,Tokyo,USD,CHF,True,False,5,-14.088199750107536,93.57205677707485,38.04521783514468,0.0015544719679903007,0.0005590596542568438,-0.00047156744209608803,-0.007993683988273048,0.8059200048446655,0.8021699786186218,0.8613367241516332,0.0010100007057189941,0.0010839998722076416,0.931735078217359,0,-0.002300232799206978,sideways,1,2025-09-11 12:47:24.855708,2025-09-13T15:05:02.984977
2025-08-14 04:00:00+01:00,USDCHF,forex,1h,yahoo_finance,0.805400013923645,0.8057000041007996,0.8053299784660339,0.8054999709129333,0,0.0,0.0,USDCHF=X,USDCHF,USD/CHF,0.0001241085020613,9.995698928833008e-05,0.0003700256347656,9.995698928833008e-05,0.9995698928833008,3.70025634765625,0.8044861895697457,0.8067627990245819,,0.0008058031497946,0.062666415213352,0.0009850025177001,57.85230539980322,80.97223576825316,74.7678207574046,-0.0003048284740453,-0.0005459101849068,0.0002410817108615,0.8118600249290466,0.8021699786186218,0.0063600540161132,0.0033299922943115,0.343650813178161,4,3,14,8,Tokyo,USD,CHF,True,False,5,-10.653202515311035,110.9390382225504,37.249906575299676,0.00029800101717092353,0.0004222575633443526,0.0023144230274299016,-0.006855276299999824,0.8058099746704102,0.8021699786186218,0.9148340401840541,0.000370025634765625,0.0009750008583068847,0.3795131374634731,0,-0.0021205721712198138,sideways,1,2025-09-11 12:47:24.855708,2025-09-13T15:05:02.984977
2025-08-14 05:00:00+01:00,USDCHF,forex,1h,yahoo_finance,0.8055400252342224,0.8055999875068665,0.8051000237464905,0.8052099943161011,0,0.0,0.0,USDCHF=X,USDCHF,USD/CHF,-0.0003599957880863,-0.0002899765968322,0.0004999637603759,0.0003300309181213,-2.899765968322754,4.999637603759766,0.8045609508241925,0.8066479992866517,,0.0008065294667049,0.0627229000720757,0.000951001048088,61.70971521728056,84.88014037675043,80.15834014119112,-0.0002665403312308,-0.0004900361861135,0.0002234958548826,0.8118600249290466,0.8021699786186218,0.0066500306129455,0.0030400156974792,0.3137256108062889,5,3,14,8,Tokyo,USD,CHF,True,False,5,-20.618176604330106,65.0855510516895,36.72528231530607,0.0005715676039599327,-0.0003724226675393405,0.0022903461501706524,-0.007078102262154218,0.8058099746704102,0.8021699786186218,0.8351700535459889,0.0004999637603759766,0.0009409993886947632,0.5313114613915572,0,-0.002015746672166904,sideways,1,2025-09-11 12:47:24.855708,2025-09-13T15:05:02.984977
2025-08-14 06:00:00+01:00,USDCHF,forex,1h,yahoo_finance,0.8052300214767456,0.8058000206947327,0.8052300214767456,0.8054999709129333,0,0.0,0.0,USDCHF=X,USDCHF,USD/CHF,0.0003601254317249,0.0002899765968322,0.000569999217987,0.0002699494361877,2.899765968322754,5.6999921798706055,0.8046623780613854,0.8065335988998413,,0.0007690381479538,0.0598072418888706,0.0009190022945404,60.21301599737435,86.02513945501595,83.95917186667317,-0.0002105063166615,-0.0004341301897637,0.0002236238731022,0.8118600249290466,0.8021699786186218,0.0063600540161132,0.0033299922943115,0.343650813178161,6,3,14,8,Tokyo,USD,CHF,True,False,5,-10.653202515311035,92.40269312491758,35.89518141433889,0.0007329599221690408,-1.2431354688424712e-05,0.0035882201401795655,-0.0070511321333786015,0.8058099746704102,0.8024799823760986,0.9069055631130521,0.0005699992179870605,0.0009079992771148682,0.6277529424893492,0,-0.001875432087959364,sideways,1,2025-09-11 12:47:24.855708,2025-09-13T15:05:02.984977
2025-08-14 07:00:00+01:00,USDCHF,forex,1h,yahoo_finance,0.8054999709129333,0.8065000176429749,0.805109977722168,0.8064299821853638,0,0.0,0.0,USDCHF=X,USDCHF,USD/CHF,0.0011545764196321,0.0009300112724304,0.0013900399208068,0.0009300112724304,9.3001127243042,13.900399208068848,0.8048438060851324,0.8064437985420227,,0.0007495819520395,0.0582941551605003,0.0009200036525726,62.41624162416242,88.92773074126028,86.61100352434221,-9.041561211697856e-05,-0.0003653872521412,0.0002749716400242,0.8118600249290466,0.8021699786186218,0.0054300427436828,0.0042600035667419,0.4396267499938489,7,3,14,8,Tokyo,USD,CHF,True,False,5,-1.9454286565780323,158.0071869694861,34.03187590563045,0.0019879570225658227,0.0021498262376871136,0.003334374761535086,-0.005536943089956781,0.8065000176429749,0.8027799725532532,0.9811734922771262,0.0013900399208068848,0.0009090006351470947,1.5291957640733091,0,-0.001549769636568526,sideways,1,2025-09-11 12:47:24.855708,2025-09-13T15:05:02.984977
2025-08-14 08:00:00+01:00,USDCHF,forex,1h,yahoo_finance,0.8064000010490417,0.8067399859428406,0.8058500289916992,0.8064699769020081,0,0.0,0.0,USDCHF=X,USDCHF,USD/CHF,4.9594778874562095e-05,3.999471664428711e-05,0.0008899569511413,6.99758529663086e-05,0.3999471664428711,8.899569511413574,0.8049733298165458,0.8063523983955383,,0.0007136082943725,0.0554965237927409,0.000915503501892,61.31277152092898,93.45660926250166,89.4698264862593,7.872035318712278e-06,-0.0002907353754555,0.0002986074107742,0.8118600249290466,0.8021699786186218,0.0053900480270385,0.0042999982833862,0.4437541520064956,8,3,14,8,Tokyo,USD,CHF,True,False,5,-7.031541040605985,173.02020385172256,31.962931038435563,0.0013284864165206134,0.0028850234794051133,0.004208744587754998,-0.00563474972023581,0.8067399859428406,0.8027799725532532,0.9318161293235799,0.0008899569511413574,0.0009045004844665527,0.9839209225700165,1,-0.0011488808231723442,sideways,1,2025-09-11 12:47:24.855708,2025-09-13T15:05:02.984977
2025-08-14 09:00:00+01:00,USDCHF,forex,1h,yahoo_finance,0.8064600229263306,0.8069000244140625,0.8059300184249878,0.8066700100898743,0,0.0,0.0,USDCHF=X,USDCHF,USD/CHF,0.0002480355048486,0.0002000331878662,0.0009700059890747,0.0002099871635437,2.0003318786621094,9.70005989074707,0.8051438076155526,0.8062531983852387,,0.0006308728741947,0.0490622821357827,0.000883001089096,60.28407769863245,95.09089461717345,92.49174487364512,0.0001006672580956,-0.0002124548326439,0.0003131220907395,0.8118600249290466,0.8021699786186218,0.0051900148391723,0.0045000314712524,0.4643973131904633,9,3,14,8,London,USD,CHF,True,False,5,-5.750346451295653,159.67153938091866,29.8159941100261,0.0014525626557315707,0.0017509965380513304,0.002821958249630052,-0.006111159580321268,0.8069000244140625,0.8029000163078308,0.9424965354870435,0.000970005989074707,0.0008719980716705323,1.1123946492409276,1,-0.0008510999406014456,sideways,1,2025-09-11 12:47:24.855708,2025-09-13T15:05:02.984977
2025-08-14 10:00:00+01:00,USDCHF,forex,1h,yahoo_finance,0.8066800236701965,0.8068600296974182,0.805649995803833,0.8063600063323975,0,0.0,0.0,USDCHF=X,USDCHF,USD/CHF,-0.0003843005858644,-0.0003100037574768,0.0012100338935852,0.000320017337799,-3.1000375747680664,12.10033893585205,0.8052371399743217,0.8061815989017487,,0.0006416984424297,0.0499041745435164,0.0009030014276504,57.14314336375385,91.23922927528832,93.2622443849878,0.000147593387663,-0.0001404451767333,0.0002880385643963,0.8118600249290466,0.8021699786186218,0.0055000185966491,0.0041900277137756,0.4324053342519007,10,3,14,8,London,USD,CHF,True,False,5,-13.500424682233382,109.22539372607562,28.198298015302093,0.0014282137882219992,0.002000597712914942,0.002287072240810595,-0.00442004872047308,0.8069000244140625,0.8029000163078308,0.8649957531776662,0.001210033893585205,0.0008919984102249146,1.3565426571557442,1,-0.0005626579177452736,sideways,1,2025-09-11 12:47:24.855708,2025-09-13T15:05:02.984977
2025-08-14 11:00:00+01:00,USDCHF,forex,1h,yahoo_finance,0.8063399791717529,0.806439995765686,0.8053100109100342,0.8055199980735779,0,0.0,0.0,USDCHF=X,USDCHF,USD/CHF,-0.0010417285731223,-0.0008400082588195,0.0011299848556518,0.000819981098175,-8.4000825881958,11.299848556518556,0.8052847584088644,0.8060937988758087,,0.0006584481302593,0.0512067791467515,0.0009005010128021,56.856080616384425,82.08288009059886,89.47100132768686,0.0001159284365631,-8.917044732418742e-05,0.0002050988838873,0.8118600249290466,0.8021699786186218,0.0063400268554687,0.003350019454956,0.3457175897448515,11,3,14,8,London,USD,CHF,True,False,5,-34.50058859467433,38.28920885987204,27.130782603120487,2.4863018457832453e-05,0.0007578411642228389,0.0020899887492373814,-0.00542035695374643,0.8069000244140625,0.8029000163078308,0.6549941140532567,0.0011299848556518555,0.0008894979953765869,1.2703624533447697,1,-0.0003781260205506395,sideways,1,2025-09-11 12:47:24.855708,2025-09-13T15:05:02.984977
2025-08-14 12:00:00+01:00,USDCHF,forex,1h,yahoo_finance,0.8054999709129333,0.8059999942779541,0.8050100207328796,0.8054100275039673,0,0.0,0.0,USDCHF=X,USDCHF,USD/CHF,-0.0001365212159518,-0.0001099705696105,0.0009899735450744,8.994340896606445e-05,-1.099705696105957,9.899735450744627,0.8053595225016276,0.8059861993789673,,0.0006482831025792,0.0504162562437043,0.0009005010128021,61.37243931829919,64.97053011500215,79.4308798269631,8.105841995631469e-05,-5.51246702826482e-05,0.0001361830902389,0.8118600249290466,0.8021699786186218,0.0064499974250793,0.0032400488853454,0.3343687719902566,12,3,14,8,London,USD,CHF,True,False,5,-57.08739637808582,-9.756885928838651,26.502821449036436,-0.0012647777289138684,0.0007206649698836554,0.0013178454383089289,-0.006635472596485448,0.8069000244140625,0.8029000163078308,0.6275015273659271,0.0009899735450744629,0.0008894979953765869,1.1129575898092245,1,-0.00017271296182794132,sideways,1,2025-09-11 12:47:24.855708,2025-09-13T15:05:02.984977
2025-08-14 13:00:00+01:00,USDCHF,forex,1h,yahoo_finance,0.8053699731826782,0.8080899715423584,0.805109977722168,0.8065800070762634,0,0.0,0.0,USDCHF=X,USDCHF,USD/CHF,0.0014526508639605,0.0011699795722961,0.0029799938201904,0.0012100338935852,11.699795722961426,29.799938201904297,0.8054657124337696,0.8058981990814209,,0.0007041461299691,0.0547606617854073,0.0010089993476867,61.78605641298563,55.8303186731244,67.6279096262418,0.0001458323510646,-1.4933262627061224e-05,0.0001607656136917,0.8118600249290466,0.8021699786186218,0.0052800178527832,0.0044100284576416,0.4551091208818246,13,3,14,8,London,USD,CHF,True,False,5,-40.92105900786664,122.60653010906262,25.882240681297734,0.0001364343092820075,0.001465101976929395,0.0020249807105907625,-0.005425552736453398,0.8080899715423584,0.8029000163078308,0.7090602138435566,0.0029799938201904297,0.0009979963302612304,2.985976731407822,1,8.288311004698108e-05,sideways,1,2025-09-11 12:47:24.855708,2025-09-13T15:05:02.984977
2025-08-14 14:00:00+01:00,USDCHF,forex,1h,yahoo_finance,0.8065999746322632,0.808139979839325,0.8060600161552429,0.8077999949455261,0,0.0,0.0,USDCHF=X,USDCHF,USD/CHF,0.0015125441475856,0.0012199878692626,0.002079963684082,0.0012000203132629,12.199878692626951,20.799636840820312,0.8056014265332904,0.8058279991149903,,0.0007714718804798,0.0599965105620395,0.0010819971561431,74.16825678713798,64.30030843056677,61.70038573956444,0.0002919331916239,4.644003235968398e-05,0.0002454931592642,0.8118600249290466,0.8021699786186218,0.0040600299835205,0.0056300163269042,0.5810102600693846,14,3,14,8,London,USD,CHF,True,False,5,-9.09061932234724,171.2324450055283,25.351840687799577,0.0014008018663367316,0.0028553992745474766,0.0032788625518318515,-0.004326334385946429,0.808139979839325,0.8029000163078308,0.9351169351169352,0.0020799636840820312,0.0010709941387176513,1.9420868974805632,1,0.0004554293462302751,sideways,1,2025-09-11 12:47:24.855708,2025-09-13T15:05:02.984977
2025-08-14 15:00:00+01:00,USDCHF,forex,1h,yahoo_finance,0.8077999949455261,0.8087900280952454,0.8069900274276733,0.8070200085639954,0,0.0,0.0,USDCHF=X,USDCHF,USD/CHF,-0.0009655686883029,-0.0007799863815307,0.001800000667572,0.0007799863815307,-7.799863815307617,18.000006675720215,0.8056899990354266,0.8057757997512818,,0.0008082710660623,0.0628583423181117,0.0011374980211257,65.22397302690429,69.88966069092076,63.34009593153731,0.0003410256943582,0.0001053571679361,0.000235668526422,0.8111600279808044,0.8021699786186218,0.004140019416809,0.0048500299453735,0.5394886891028191,15,3,14,8,London,USD,CHF,True,False,5,-40.31933959702384,162.55872816652294,25.43342907785361,0.0008184957418706507,0.002247878516996815,0.0018746186885438831,-0.003223655571528594,0.8087900280952454,0.8029000163078308,0.6994879475399218,0.0018000006675720215,0.0011264950037002564,1.5978771869022643,1,0.0007448703566106499,sideways,1,2025-09-11 12:47:24.855708,2025-09-13T15:05:02.984977
2025-08-14 16:00:00+01:00,USDCHF,forex,1h,yahoo_finance,0.8070300221443176,0.8085399866104126,0.8070099949836731,0.8078100085258484,0,0.0,0.0,USDCHF=X,USDCHF,USD/CHF,0.0009789100065298,0.000789999961853,0.0015299916267395,0.0007799863815307,7.899999618530273,15.29991626739502,0.8057995239893595,0.8057465994358063,,0.0008315850214644,0.0646714427134887,0.0011929988861083,69.50287105230308,75.36320049908818,69.8510565401919,0.0004384502345677,0.0001719757841361,0.0002664744504316,0.8104100227355957,0.8021699786186218,0.0026000142097473,0.0056400299072265,0.6844659843032298,16,3,14,8,NewYork,USD,CHF,True,False,5,-24.500439583364376,151.0452624950422,25.509189725760926,0.0028428970823159982,0.0028678307837763928,0.0028553637780663887,-0.0018041144858129687,0.8087900280952454,0.8029000163078308,0.8336133093161165,0.001529991626739502,0.0011819958686828612,1.2944136839026557,1,0.001067832721451634,sideways,1,2025-09-11 12:47:24.855708,2025-09-13T15:05:02.984977
2025-08-14 17:00:00+01:00,USDCHF,forex,1h,yahoo_finance,0.8078100085258484,0.8092600107192993,0.8077800273895264,0.8087900280952454,0,0.0,0.0,USDCHF=X,USDCHF,USD/CHF,0.0012131807715347,0.0009800195693969,0.0014799833297729,0.0009800195693969,9.800195693969728,14.799833297729492,0.8059557165418353,0.8057394003868104,,0.0008182005507527,0.0636305473046783,0.0012114971876144,71.05623634815446,74.70726002693097,73.32004040564664,0.0005877632153955,0.0002551332732577,0.0003326299421378,0.8093699812889099,0.8021699786186218,0.0005799531936645,0.0066200494766235,0.9194509751978542,17,3,14,8,NewYork,USD,CHF,True,False,5,-11.058440738818843,178.6396009621107,26.169627096229124,0.004196620945672747,0.0029265354240501917,0.005082653204377285,-0.00044485257177673265,0.8092600107192993,0.8029000163078308,0.9261032960647779,0.0014799833297729492,0.0012004941701889039,1.2328117591275485,1,0.001369681343037489,sideways,1,2025-09-11 12:47:24.855708,2025-09-13T15:05:02.984977
2025-08-14 18:00:00+01:00,USDCHF,forex,1h,yahoo_finance,0.8087499737739563,0.8088600039482117,0.8081200122833252,0.8085600137710571,0,0.0,0.0,USDCHF=X,USDCHF,USD/CHF,-0.0002843931257782,-0.0002300143241882,0.0007399916648864,0.0001899600028991,-2.300143241882324,7.399916648864746,0.8061395259130568,0.8057486009597778,,0.0007987710983561,0.0621195403899469,0.0011334985494613,68.7045038874356,82.6568548139039,77.57577177997435,0.0006797355370816,0.0003400537283668,0.0003396818087147,0.8092600107192993,0.8021699786186218,0.0006999969482421,0.0063900351524353,0.9012702709519046,18,3,14,8,NewYork,USD,CHF,True,False,5,-16.470555236105074,133.03818191694512,26.782890368806736,0.0024548174730625316,0.0025915867036709894,0.005484086971565105,0.0005692719426380055,0.8092600107192993,0.8042899966239929,0.8591559430579375,0.0007399916648864746,0.0011224955320358275,0.6592379602120819,0,0.0016176377302360415,sideways,1,2025-09-11 12:47:24.855708,2025-09-13T15:05:02.984977
2025-08-14 19:00:00+01:00,USDCHF,forex,1h,yahoo_finance,0.8085600137710571,0.8087400197982788,0.8083000183105469,0.808430016040802,0,0.0,0.0,USDCHF=X,USDCHF,USD/CHF,-0.00016077684778,-0.0001299977302551,0.0004400014877319,0.0001299977302551,-1.2999773025512695,4.400014877319336,0.8063433369000753,0.805770001411438,,0.000759788088353,0.059087875036261,0.0010969966650009,70.07498903777693,84.3138904861413,80.55933510899206,0.0007336945223626,0.0004187818889047,0.0003149126334578,0.8092600107192993,0.8021699786186218,0.0008299946784973,0.0062600374221801,0.8829349900379148,19,3,14,8,NewYork,USD,CHF,True,False,5,-19.529332566652176,107.42893118311214,27.352349121914518,0.0007799221332236428,0.0021818165159401826,0.003936633407157553,0.0013253351561612892,0.8092600107192993,0.8044000267982483,0.8292186369378319,0.0004400014877319336,0.0010929942131042481,0.4025652491629129,0,0.0018094611103368242,sideways,1,2025-09-11 12:47:24.855708,2025-09-13T15:05:02.984977
2025-08-14 20:00:00+01:00,USDCHF,forex,1h,yahoo_finance,0.8084700107574463,0.8084999918937683,0.8071600198745728,0.8075299859046936,0,0.0,0.0,USDCHF=X,USDCHF,USD/CHF,-0.0011133061838997,-0.0009000301361083,0.0013399720191955,0.0009400248527526,-9.000301361083984,13.399720191955566,0.8064514313425336,0.8057694005966186,,0.0007941894742832,0.0617632325788163,0.0011369943618774,61.76133381219438,74.43118335366908,80.4673095512381,0.0006959491967042,0.0004742153514441,0.0002217338452601,0.8092600107192993,0.8021699786186218,0.0017300248146057,0.0053600072860717,0.7559919630772335,20,3,14,8,NewYork,USD,CHF,True,False,5,-40.706562136235505,46.759442051834576,26.130910210157936,0.0006319265139480557,0.001450939484979763,0.003454439944109877,-3.71993907271051e-05,0.8092600107192993,0.8044000267982483,0.6440266382133265,0.0013399720191955566,0.0011359930038452148,1.1795600982223435,0,0.0019554083988699354,sideways,1,2025-09-11 12:47:24.855708,2025-09-13T15:05:02.984977
2025-08-14 21:00:00+01:00,USDCHF,forex,1h,yahoo_finance,0.8074899911880493,0.8077499866485596,0.8071699738502502,0.8073300123214722,0,0.0,0.0,USDCHF=X,USDCHF,USD/CHF,-0.0002476361085185,-0.0001999735832214,0.0005800127983093,0.0001599788665771,-1.9997358322143557,5.800127983093262,0.8065742878686815,0.8057694005966186,,0.0007996733781558,0.0621897096869713,0.0011359959840774,55.69639354157236,64.78409043097766,74.50972142359602,0.0006425207428601,0.0005078764302031,0.000134644312657,0.8092600107192993,0.8021699786186218,0.0019299983978271,0.0051600337028503,0.7277870719876252,21,3,14,8,Sydney,USD,CHF,True,False,5,-45.41183400417935,18.560265772010275,24.996716934955394,-0.0005941944260534626,0.002247013422662425,0.0030065574661535255,0.0,0.8092600107192993,0.8044000267982483,0.6028796742583121,0.0005800127983093262,0.001134994626045227,0.5110269114932479,0,0.0021800401913597916,sideways,1,2025-09-11 12:47:24.855708,2025-09-13T15:05:02.984977
2025-08-14 22:00:00+01:00,USDCHF,forex,1h,yahoo_finance,0.8073300123214722,0.8084999918937683,0.8058500289916992,0.8071500062942505,0,0.0,0.0,USDCHF=X,USDCHF,USD/CHF,-0.0002229646172871,-0.0001800060272216,0.002649962902069,0.0001800060272216,-1.8000602722167969,26.49962902069092,0.8066809546379816,0.8057846009731293,,0.0008021788077278,0.0623845541597066,0.0012334942817687,54.22903276026956,54.74477464716305,64.65334947726993,0.0005790023782137,0.000522101619966,5.690075824763528e-05,0.8092600107192993,0.8021699786186218,0.0021100044250488,0.0049800276756286,0.7023984665954889,22,3,14,8,Sydney,USD,CHF,True,False,5,-49.64727991809602,-5.498841779076872,24.02445796697169,-0.0020277473065007934,0.0021603639523530838,0.002882585820859429,0.0009424953649495027,0.8092600107192993,0.8047900199890137,0.5279622369789583,0.002649962902069092,0.0012324929237365722,2.1500836646064863,0,0.0023770709671950678,sideways,1,2025-09-11 12:47:24.855708,2025-09-13T15:05:02.984977
2025-08-14 23:00:00+01:00,USDCHF,forex,1h,yahoo_finance,0.8072999715805054,0.807699978351593,0.8070099949836731,0.8075100183486938,0,0.0,0.0,USDCHF=X,USDCHF,USD/CHF,0.0004460286831888,0.0003600120544433,0.0006899833679199,0.0002100467681884,3.6001205444335938,6.899833679199219,0.8068085738590786,0.8058012008666993,,0.0007945832077825,0.0617938527953765,0.0012174934148788,55.12200795214177,54.58816599582065,58.03901035798712,0.0005513123450358,0.0005279437650328,2.336858000291501e-05,0.8092600107192993,0.8021699786186218,0.0017499923706054,0.005340039730072,0.7531756773797614,23,3,14,8,Sydney,USD,CHF,True,False,5,-41.176388090262684,9.77038492743855,23.121646068129678,-0.0012985992436926885,0.0011530304052558282,0.002619821689311408,0.0010289019860949544,0.8092600107192993,0.8050100207328796,0.5882361190973732,0.0006899833679199219,0.0012164920568466186,0.5671910178423125,0,0.002471835996666287,sideways,1,2025-09-11 12:47:24.855708,2025-09-13T15:05:02.984977
2025-08-15 00:00:00+01:00,USDCHF,forex,1h,yahoo_finance,0.8075399994850159,0.8077999949455261,0.8072999715805054,0.8075900077819824,0,0.0,0.0,USDCHF=X,USDCHF,USD/CHF,9.90568927579094e-05,7.998943328857422e-05,0.0005000233650207,5.0008296966552734e-05,0.7998943328857422,5.00023365020752,0.8069128592809042,0.8058260011672974,,0.0007946146010415,0.0617962942142261,0.0012239933013916,57.71646947963564,56.627350882852056,55.32009717527859,0.0005297057435085,0.0005282961607305,1.4095827779579031e-06,0.8092600107192993,0.8021699786186218,0.0016700029373168,0.0054200291633605,0.7644576338156047,0,4,15,8,Sydney,USD,CHF,True,False,5,-39.294279343085144,17.653234305883448,22.148432471890402,-0.0010390611953443596,-0.0002599494489448073,0.0025947075661347796,0.0015378124152702899,0.8092600107192993,0.8050100207328796,0.6070572065691485,0.000500023365020752,0.001222991943359375,0.40885254210854644,0,0.0024149250516708686,sideways,1,2025-09-11 12:47:24.855708,2025-09-13T15:05:02.984977
2025-08-15 01:00:00+01:00,USDCHF,forex,1h,yahoo_finance,0.8075900077819824,0.8079299926757812,0.8075000047683716,0.8076300024986267,0,0.0,0.0,USDCHF=X,USDCHF,USD/CHF,4.952354073095577e-05,3.999471664428711e-05,0.0004299879074096,3.999471664428711e-05,0.3999471664428711,4.29987907409668,0.8070142893564134,0.8058538007736206,,0.0007865625448309,0.0611700947535536,0.0012204945087432,64.71419545771954,60.39203586571861,57.20251758146377,0.0005099261363805,0.0005246221558392,-1.4696019458727838e-05,0.8092600107192993,0.8021699786186218,0.0016300082206726,0.0054600238800048,0.7700986120335264,1,4,15,8,Sydney,USD,CHF,True,False,5,-38.353224969496374,19.84185383041254,21.06342891104406,0.00012385495978950445,0.0007558597409706991,0.003005437338841066,0.0017240279295480665,0.8092600107192993,0.8050100207328796,0.6164677503050362,0.00042998790740966797,0.0012194931507110596,0.3525955903556748,0,0.0024560400195998647,sideways,1,2025-09-11 12:47:24.855708,2025-09-13T15:05:02.984977
2025-08-15 02:00:00+01:00,USDCHF,forex,1h,yahoo_finance,0.8076000213623047,0.8078299760818481,0.8070099949836731,0.8073499798774719,0,0.0,0.0,USDCHF=X,USDCHF,USD/CHF,-0.000346721419819,-0.0002800226211547,0.000819981098175,0.0002500414848327,-2.800226211547852,8.199810981750488,0.8071161934307644,0.8058772003650665,,0.0007924986116769,0.0616317360735196,0.0012319922447204,63.214909253319256,58.77600735708021,58.59846470188362,0.0004663069739577,0.0005129591194089,-4.665214545119655e-05,0.8092600107192993,0.8021699786186218,0.0019100308418273,0.00518000125885,0.7306033576850972,2,4,15,8,Sydney,USD,CHF,True,False,5,-46.024473616177865,-43.9949921125634,20.62751376425098,2.4732830063323163e-05,-0.000569476292099913,0.002296721330035334,0.0014512634546295367,0.8092600107192993,0.8050100207328796,0.5505799194984783,0.0008199810981750488,0.001231992244720459,0.6655732628910369,0,0.00236984831869905,sideways,1,2025-09-11 12:47:24.855708,2025-09-13T15:05:02.984977
2025-08-15 03:00:00+01:00,USDCHF,forex,1h,yahoo_finance,0.8073300123214722,0.807449996471405,0.8068400025367737,0.8068699836730957,0,0.0,0.0,USDCHF=X,USDCHF,USD/CHF,-0.0005945329985009,-0.0004799962043762,0.0006099939346313,0.0004600286483764,-4.799962043762207,6.099939346313477,0.8071814321336293,0.8058860003948212,,0.0007678681329614,0.0597162511235278,0.0011929899454116,52.180265127409946,48.5110520533332,55.89303175871067,0.0003885715824746,0.0004880816119299,-9.9510029455295e-05,0.8092600107192993,0.8021699786186218,0.0023900270462036,0.0047000050544738,0.6629032122470597,3,4,15,8,Tokyo,USD,CHF,True,False,5,-70.08914525432617,-113.43399571755509,20.41183919207646,-0.00034692760821553037,-0.0023739714331931783,0.0005456164793620211,0.0005456164793620211,0.8092600107192993,0.8050100207328796,0.43763937001248193,0.0006099939346313477,0.001192989945411682,0.5113152352854478,0,0.0021206501360691208,sideways,1,2025-09-11 12:47:24.855708,2025-09-13T15:05:02.984977
2025-08-15 04:00:00+01:00,USDCHF,forex,1h,yahoo_finance,0.80690997838974,0.8069300055503845,0.8064699769020081,0.8067799806594849,0,0.0,0.0,USDCHF=X,USDCHF,USD/CHF,-0.0001115458691388,-9.000301361083984e-05,0.0004600286483764,0.0001299977302551,-0.9000301361083984,4.600286483764648,0.8071980987276349,0.805886800289154,,0.0007684698570121,0.0597630465340596,0.0011714935302734,40.76081674963017,37.05261238954999,48.11322393332113,0.0003160676114757,0.0004536788117371,-0.0001376112002613,0.8092600107192993,0.8021699786186218,0.0024800300598144,0.004610002040863,0.6502089095509915,4,4,15,8,Tokyo,USD,CHF,True,False,5,-72.728543960846,-149.29070752221708,20.611846938882387,-0.0009040602254097863,-0.0022014854571775766,0.0003843959060543245,4.9575721225103564e-05,0.8092600107192993,0.8050100207328796,0.41646214044289864,0.00046002864837646484,0.0011714935302734376,0.392685607294041,0,0.0018987766648545527,sideways,1,2025-09-11 12:47:24.855708,2025-09-13T15:05:02.984977
2025-08-15 05:00:00+01:00,USDCHF,forex,1h,yahoo_finance,0.8067600131034851,0.8069999814033508,0.8064299821853638,0.8064799904823303,0,0.0,0.0,USDCHF=X,USDCHF,USD/CHF,-0.0003718364168001,-0.0002999901771545,0.000569999217987,0.0002800226211547,-2.99990177154541,5.6999921798706055,0.8071985755647931,0.805884599685669,,0.000771262535532,0.0599802300381598,0.001151493191719,44.64273043354857,25.21878459476781,36.92748301255033,0.0002317534749867,0.0004092937442817,-0.000177540269295,0.8092600107192993,0.8021699786186218,0.0027800202369689,0.0043100118637084,0.6078973695050903,5,4,15,8,Tokyo,USD,CHF,True,False,5,-81.52595700052439,-133.6545643998623,20.677326641477695,-0.001374481220614343,-0.002412114245858521,-0.00023556052061834976,-0.000136414003939489,0.8092600107192993,0.8050100207328796,0.34587605009606887,0.0005699992179870605,0.001151493191719055,0.4950087608734475,0,0.0016595392182242332,sideways,1,2025-09-11 12:47:24.855708,2025-09-13T15:05:02.984977
2025-08-15 06:00:00+01:00,USDCHF,forex,1h,yahoo_finance,0.8065000176429749,0.8065999746322632,0.8060899972915649,0.8061299920082092,0,0.0,0.0,USDCHF=X,USDCHF,USD/CHF,-0.0004339828368361,-0.000349998474121,0.0005099773406982,0.0003700256347656,-3.499984741210937,5.099773406982422,0.8071728604180473,0.8058770000934601,,0.0007726053135227,0.060084656389838,0.0011164903640747,31.739141702083543,17.985200722484418,26.752199235600735,0.0001351600703881,0.000354467009399,-0.0002193069390108,0.8092600107192993,0.8021699786186218,0.00313001871109,0.0039600133895874,0.5585325049810426,6,4,15,8,Tokyo,USD,CHF,True,False,5,-91.78989687117637,-150.32862030138372,21.11208770638601,-0.0018572991168935848,-0.0017336741928114519,-0.000285250164172246,-0.00047114062294917325,0.8092600107192993,0.8050100207328796,0.26352327391554353,0.0005099773406982422,0.001116490364074707,0.45676824190138593,0,0.0014952620573138796,sideways,1,2025-09-11 12:47:24.855708,2025-09-13T15:05:02.984977
2025-08-15 07:00:00+01:00,USDCHF,forex,1h,yahoo_finance,0.8061100244522095,0.8068000078201294,0.8059300184249878,0.8062199950218201,0,0.0,0.0,USDCHF=X,USDCHF,USD/CHF,0.0001116482633112,9.000301361083984e-05,0.0008699893951416,0.0001099705696105,0.9000301361083984,8.699893951416016,0.8071661932127816,0.8058723998069763,,0.0007339318830455,0.0570770666917457,0.0011034905910491,15.363729837414056,12.991826209977647,18.73193717574329,6.511548305243586e-05,0.0002965967040418,-0.0002314812209894,0.8092600107192993,0.8021699786186218,0.0030400156974792,0.0040500164031982,0.5712268076771108,7,4,15,8,Tokyo,USD,CHF,True,False,5,-87.7086674983663,-125.53316268448621,21.148551745342367,-0.0013996220769378898,-0.0013749238634895855,0.0008690000867963565,-0.00028521832912464795,0.8092600107192993,0.8050100207328796,0.2847005034851269,0.0008699893951416016,0.0011034905910491943,0.7883976557647122,0,0.001363237974005952,sideways,1,2025-09-11 12:47:24.855708,2025-09-13T15:05:02.984977
2025-08-15 08:00:00+01:00,USDCHF,forex,1h,yahoo_finance,0.8062199950218201,0.8064000010490417,0.8051000237464905,0.8052600026130676,0,0.0,0.0,USDCHF=X,USDCHF,USD/CHF,-0.0011907325725981,-0.0009599924087524,0.0012999773025512,0.0009599924087524,-9.599924087524414,12.999773025512695,0.8071538124765668,0.8058475995063782,,0.0007837230494435,0.0609492703537085,0.001118990778923,12.83779248499819,8.298821401564343,13.09194944467547,-6.702508273837005e-05,0.0002238723465975,-0.0002908974293359,0.8092600107192993,0.8021699786186218,0.0040000081062316,0.0030900239944458,0.4358265168010357,8,4,15,8,Tokyo,USD,CHF,True,False,5,-95.60497142576429,-175.73595436079705,22.041364700187895,-0.0019953413717275215,-0.002341576740933382,-0.00018627144656313543,-0.0015375263518669913,0.8092600107192993,0.8051000237464905,0.03845657873998825,0.0012999773025512695,0.0011189907789230346,1.1617408534880191,1,0.00115951923251058,sideways,1,2025-09-11 12:47:24.855708,2025-09-13T15:05:02.984977
2025-08-15 09:00:00+01:00,USDCHF,forex,1h,yahoo_finance,0.8052399754524231,0.8058800101280212,0.8048999905586243,0.8051199913024902,0,0.0,0.0,USDCHF=X,USDCHF,USD/CHF,-0.0001738709362479,-0.0001400113105773,0.0009800195693969,0.0001199841499328,-1.4001131057739258,9.800195693969728,0.8071400012288775,0.8058343994617462,,0.0007044453263146,0.0547839299526067,0.0010189920663833,12.808904485728434,7.599163527822995,9.629937046454996,-0.0001809500390184,0.0001429078693957,-0.0003238579084141,0.8092600107192993,0.8021699786186218,0.004140019416809,0.0029500126838684,0.4160788896268211,9,4,15,8,London,USD,CHF,True,False,5,-93.88887049240041,-166.58018528234481,23.05190912615586,-0.0020575490180577694,-0.002959749095238551,-0.0018101313706814226,-0.0008190849076596951,0.8092600107192993,0.8048999905586243,0.05045865288657398,0.0009800195693969727,0.0010189920663833617,0.9617538759406523,1,0.0008793284706945201,sideways,1,2025-09-11 12:47:24.855708,2025-09-13T15:05:02.984977
2025-08-15 10:00:00+01:00,USDCHF,forex,1h,yahoo_finance,0.8051300048828125,0.805620014667511,0.8047299981117249,0.8055300116539001,0,0.0,0.0,USDCHF=X,USDCHF,USD/CHF,0.0005092661414936,0.0004100203514099,0.0008900165557861,0.0004000067710876,4.100203514099121,8.900165557861328,0.8070900014468602,0.8058721995353699,,0.0006142417252893,0.0477688961729123,0.0009594947099685,24.74788524639513,10.575570480506364,8.824518469964566,-0.0002354581084329,6.723467377116844e-05,-0.0003026927822041,0.8092600107192993,0.8021699786186218,0.0037299990653991,0.0033600330352783,0.4739094248892401,10,4,15,8,London,USD,CHF,True,False,5,-78.77944664031621,-136.82559717119682,24.144611789586598,-0.0011779322979383888,-0.002550794472729989,-0.0028100808440573166,0.0023518038704302135,0.8092600107192993,0.8047299981117249,0.17660293943500743,0.0008900165557861328,0.0009594947099685669,0.9275888095467351,1,0.0005767582551523153,sideways,1,2025-09-11 12:47:24.855708,2025-09-13T15:05:02.984977
2025-08-15 11:00:00+01:00,USDCHF,forex,1h,yahoo_finance,0.8054900169372559,0.806119978427887,0.8052800297737122,0.8059800267219543,0,0.0,0.0,USDCHF=X,USDCHF,USD/CHF,0.0005586571096589,0.0004500150680541,0.0008399486541748,0.0004900097846984,4.500150680541992,8.399486541748047,0.8070033362933567,0.8059244000911713,,0.0006008994538216,0.0467312825523989,0.0009114921092987,33.96712584769159,20.16299837341593,12.779244127248433,-0.00023960359462,5.867020054774803e-06,-0.0002454706146748,0.8092600107192993,0.8021699786186218,0.0032799839973449,0.0038100481033325,0.5373809383695808,11,4,15,8,London,USD,CHF,True,False,5,-66.84268774703557,-74.68742744286557,24.20205172850266,-0.00018603114602067095,-0.0020429847474310314,-0.0012886692163822655,0.003248848965656803,0.8092600107192993,0.8047299981117249,0.2759437375824002,0.0008399486541748047,0.000911492109298706,0.9215095178619306,1,0.00030721902722279456,sideways,1,2025-09-11 12:47:24.855708,2025-09-13T15:05:02.984977
2025-08-15 12:00:00+01:00,USDCHF,forex,1h,yahoo_finance,0.8059499859809875,0.806119978427887,0.8055599927902222,0.8058099746704102,0,0.0,0.0,USDCHF=X,USDCHF,USD/CHF,-0.0002109879226608,-0.0001700520515441,0.0005599856376647,0.0001400113105773,-1.7005205154418943,5.599856376647949,0.8069457156317574,0.8059881997108459,,0.0005488244326324,0.0426814660420996,0.0008629918098449,34.047625805352936,29.37573013421154,20.03809966271128,-0.0002536782913313,-4.60420422482723e-05,-0.0002076362490831,0.8092600107192993,0.8024799823760986,0.0034500360488891,0.0033299922943115,0.4911472527472527,12,4,15,8,London,USD,CHF,True,False,5,-66.2506752100136,-61.155058507434134,24.255388814639,-0.0005085713005651415,-0.0019074815698830738,-0.002475871596451351,0.003974459904844352,0.8092600107192993,0.8047299981117249,0.2384047578321338,0.0005599856376647949,0.0008629918098449707,0.6488887047090188,1,3.696725316953815e-05,sideways,1,2025-09-11 12:47:24.855708,2025-09-13T15:05:02.984977
2025-08-15 13:00:00+01:00,USDCHF,forex,1h,yahoo_finance,0.8058000206947327,0.8069499731063843,0.8048400282859802,0.8054100275039673,0,0.0,0.0,USDCHF=X,USDCHF,USD/CHF,-0.0004963293816342,-0.0003999471664428,0.002109944820404,0.0003899931907653,-3.999471664428711,21.099448204040527,0.8068314308211917,0.8060214006900788,,0.0004546895285838,0.0353606991963961,0.0008944898843765,25.236167341430487,29.385863883403804,26.308197463677093,-0.0002937018758514,-9.557400898860984e-05,-0.0001981278668628,0.8092600107192993,0.8027799725532532,0.003849983215332,0.0026300549507141,0.4058702870756183,13,4,15,8,London,USD,CHF,True,False,5,-78.74904539273939,-61.46681080133677,22.902093664651467,0.0001863061500793073,-0.0018094069660173906,-0.004179082918762234,0.0020653797896830195,0.8088600039482117,0.8047299981117249,0.16465579448693896,0.0021099448204040527,0.0008944898843765258,2.3588246857310398,1,-0.00018535664957215113,sideways,1,2025-09-11 12:47:24.855708,2025-09-13T15:05:02.984977
2025-08-15 14:00:00+01:00,USDCHF,forex,1h,yahoo_finance,0.8054100275039673,0.8064699769020081,0.8049600124359131,0.8052800297737122,0,0.0,0.0,USDCHF=X,USDCHF,USD/CHF,-0.0001614056515512,-0.0001299977302551,0.0015099644660949,0.0001299977302551,-1.2999773025512695,15.099644660949709,0.8066642880439758,0.8060652017593384,,0.0004544516908359,0.0353422028191274,0.0009329885244369,23.077457450503644,24.06293267768112,27.608175565098826,-0.0003320769677094,-0.0001428746007478,-0.0001892023669615,0.8092600107192993,0.8027799725532532,0.0039799809455871,0.0025000572204589,0.3858090271070761,14,4,15,8,London,USD,CHF,True,False,5,-82.81148136420363,-68.39798116520421,21.64546245394876,0.0001987759252668475,-0.001859182084000932,-0.00405657457885833,0.002727033741652285,0.8087400197982788,0.8047299981117249,0.1371642611888164,0.0015099644660949707,0.0009329885244369507,1.618416975713843,1,-0.0004257690114933285,sideways,1,2025-09-11 12:47:24.855708,2025-09-13T15:05:02.984977
2025-08-15 15:00:00+01:00,USDCHF,forex,1h,yahoo_finance,0.8053299784660339,0.8054999709129333,0.8045300245285034,0.8051000237464905,0,0.0,0.0,USDCHF=X,USDCHF,USD/CHF,-0.0002235322131014,-0.0001800060272216,0.0009699463844299,0.0002299547195434,-1.8000602722167969,9.699463844299316,0.8064995266142345,0.8060792016983033,,0.0004543605652915,0.0353351160868354,0.0009594857692718,21.4452935794629,18.5708101331106,24.006535564731845,-0.0003727110176937,-0.0001888418841487,-0.000183869133545,0.8092600107192993,0.8029000163078308,0.0041599869728088,0.0022000074386596,0.3459134232402088,15,4,15,8,London,USD,CHF,True,False,5,-82.72704284372517,-111.58636520434813,21.06222004589048,-0.0005337950184212126,-0.0017110985419669378,-0.004119085422656377,0.0008702100011463987,0.8084999918937683,0.8045300245285034,0.14357780947376322,0.0009699463844299316,0.0009594857692718506,1.0109023140239168,1,-0.0006143244927517881,sideways,1,2025-09-11 12:47:24.855708,2025-09-13T15:05:02.984977
2025-08-15 16:00:00+01:00,USDCHF,forex,1h,yahoo_finance,0.8050900101661682,0.8062599897384644,0.8049200177192688,0.8060899972915649,0,0.0,0.0,USDCHF=X,USDCHF,USD/CHF,0.0012296280162402,0.0009899735450744,0.0013399720191955,0.0009999871253967,9.899735450744627,13.399720191955566,0.8063880971499852,0.8061106014251709,,0.0005071594049428,0.0394412231543228,0.0009594857692718,37.74337565953498,29.295237962112424,23.976326924301382,-0.0003213600198095,-0.0002153455112862,-0.0001060145085232,0.8092600107192993,0.8029000163078308,0.0031700134277343,0.0031899809837341,0.5015697777944388,16,4,15,8,NewYork,USD,CHF,True,False,5,-46.57576190573394,-22.780158328698906,19.738463478070603,0.00013644329383422082,-4.961323488861247e-05,-0.0017832014145151565,0.0019514571695158356,0.8084999918937683,0.8045300245285034,0.3929434727122588,0.0013399720191955566,0.0009594857692718506,1.3965522596676503,1,-0.0006582141387236745,sideways,1,2025-09-11 12:47:24.855708,2025-09-13T15:05:02.984977
2025-08-15 17:00:00+01:00,USDCHF,forex,1h,yahoo_finance,0.8060899972915649,0.8066999912261963,0.8059300184249878,0.8062099814414978,0,0.0,0.0,USDCHF=X,USDCHF,USD/CHF,0.0001488470894515,0.0001199841499328,0.0007699728012084,0.0001199841499328,1.1998414993286133,7.699728012084961,0.8063252397945949,0.8061580014228821,,0.0005083843587707,0.0395364864518384,0.0009689837694168,43.09620300517489,46.237610897843126,31.367886331022053,-0.0002678978629998,-0.0002258559816307,-4.2041881369146e-05,0.8092600107192993,0.8029000163078308,0.0030500292778015,0.0033099651336669,0.5204352267508879,17,4,15,8,NewYork,USD,CHF,True,False,5,-31.98436255701151,66.49171981922704,19.07213372106724,0.0004964033502454779,-1.242040681714851e-05,-0.0013873271931928999,0.0029483478552181364,0.8084999918937683,0.8045300245285034,0.42316642894677575,0.0007699728012084961,0.0009689837694168091,0.7946188837320883,1,-0.0007182149776527962,sideways,1,2025-09-11 12:47:24.855708,2025-09-13T15:05:02.984977
2025-08-15 18:00:00+01:00,USDCHF,forex,1h,yahoo_finance,0.8061800003051758,0.8064000010490417,0.8057299852371216,0.8061299920082092,0,0.0,0.0,USDCHF=X,USDCHF,USD/CHF,-9.921662486189752e-05,-7.998943328857422e-05,0.0006700158119201,5.0008296966552734e-05,-0.7998943328857422,6.70015811920166,0.8062680959701538,0.8061936008930206,,0.0005071671760903,0.0394418275078241,0.0008699864149093,43.18667449735714,62.07233928093737,45.86839604696431,-0.0002293372225494,-0.0002265522298145,-2.784992734921861e-06,0.8092600107192993,0.8029000163078308,0.00313001871109,0.0032299757003784,0.5078582607799218,18,4,15,8,NewYork,USD,CHF,True,False,5,-35.22285769444243,49.61466886475184,18.153123896714757,0.0008939105296132954,0.0010803832207217923,-0.0012637233204324527,0.0022129340038359313,0.8079299926757812,0.8045300245285034,0.4705830791346727,0.000670015811920166,0.0008699864149093628,0.7701451430019971,0,-0.0006544275233846303,sideways,1,2025-09-11 12:47:24.855708,2025-09-13T15:05:02.984977
2025-08-15 19:00:00+01:00,USDCHF,forex,1h,yahoo_finance,0.8060899972915649,0.8065999746322632,0.8060899972915649,0.8061599731445312,0,0.0,0.0,USDCHF=X,USDCHF,USD/CHF,3.71914413546115e-05,2.9981136322021484e-05,0.0005099773406982,6.99758529663086e-05,0.2998113632202148,5.099773406982422,0.806220951534453,0.8062178003787994,,0.0004936246021643,0.0383886365877862,0.0008609861135482,46.44422957203597,66.71581985050057,58.34192334309369,-0.0001941214985269,-0.0002200660835563,2.594458502941919e-05,0.8092600107192993,0.8029000163078308,0.003100037574768,0.0032599568367004,0.5125722800671021,19,4,15,8,NewYork,USD,CHF,True,False,5,-32.645320197044335,99.14698885663283,17.563569634397155,0.0010927172390782225,0.0012917103702252408,-0.0016718618636130111,0.0015031670174057155,0.8079299926757812,0.8045300245285034,0.47940114301742576,0.0005099773406982422,0.0008609861135482789,0.5923177304178969,0,-0.000555428797237202,sideways,1,2025-09-11 12:47:24.855708,2025-09-13T15:05:02.984977
2025-08-15 20:00:00+01:00,USDCHF,forex,1h,yahoo_finance,0.806190013885498,0.8065999746322632,0.8061100244522095,0.8065599799156189,0,0.0,0.0,USDCHF=X,USDCHF,USD/CHF,0.0004961878341929,0.0004000067710876,0.0004899501800537,0.0003699660301208,4.000067710876465,4.899501800537109,0.8061757116090684,0.8062458002567291,,0.000509101366635,0.0395922473563997,0.0008604824542999,54.725162439740096,72.00535285390505,66.931170661781,-0.0001324191508843,-0.0002025366970204,7.01175461361353e-05,0.8092600107192993,0.8029000163078308,0.0027000308036804,0.003659963607788,0.5754664817296609,20,4,15,8,NewYork,USD,CHF,True,False,5,-16.11576354679803,120.94195937574689,17.016126390816527,0.001813384829296938,0.0012786218350873124,-0.0012754341391524315,0.001738777287488169,0.8079299926757812,0.8045300245285034,0.5970512955366222,0.0004899501800537109,0.0008604824542999268,0.5693900876251169,0,-0.000462389552683201,sideways,1,2025-09-11 12:47:24.855708,2025-09-13T15:05:02.984977
2025-08-15 21:00:00+01:00,USDCHF,forex,1h,yahoo_finance,0.8065099716186523,0.8069199919700623,0.8059099912643433,0.8063499927520752,0,0.0,0.0,USDCHF=X,USDCHF,USD/CHF,-0.0002603490983592,-0.0002099871635437,0.0010100007057189,0.0001599788665771,-2.099871635437012,10.10000705718994,0.8061166632743109,0.8062626004219056,,0.0005101887144608,0.0396768091880973,0.0008894830942153,51.39184928971652,75.48193760262726,71.40103676901096,-9.931421585818168e-05,-0.0001818922007866,8.257798492846915e-05,0.8092600107192993,0.8029000163078308,0.0029100179672241,0.0034499764442443,0.5424496031039427,21,4,15,8,Sydney,USD,CHF,True,False,5,-24.79310344827586,111.92050496991541,16.946099051303506,0.00032253899860301694,0.00045902630072047756,-0.001584896230441446,0.0010428278668055402,0.8078299760818481,0.8045300245285034,0.5515136189581678,0.0010100007057189941,0.000889483094215393,1.1354917392892203,0,-0.00043733046393734843,sideways,1,2025-09-11 12:47:24.855708,2025-09-13T15:05:02.984977
2025-08-18 00:00:00+01:00,USDCHF,forex,1h,yahoo_finance,0.8062300086021423,0.8069000244140625,0.8062000274658203,0.8065099716186523,0,0.0,0.0,USDCHF=X,USDCHF,USD/CHF,0.0001983987945868,0.0001599788665771,0.0006999969482421,0.00027996301651,1.5997886657714844,6.999969482421875,0.8060633284705025,0.8062826001644134,,0.0005097043890502,0.0396391437393015,0.0008834838867187,66.1496757897331,80.30295566502464,75.93008204051898,-5.948710437020388e-05,-0.000157411181502,9.792407713185028e-05,0.8092600107192993,0.8029000163078308,0.0027500391006469,0.0036099553108215,0.567603535045875,0,0,18,8,Sydney,USD,CHF,True,False,5,-18.182266009852217,112.54648626573835,16.881073664612842,0.00037209930918757905,0.0008686873707768328,-0.0010404512042559988,0.0012414335571839796,0.807449996471405,0.8045300245285034,0.6780705872746943,0.0006999969482421875,0.00088348388671875,0.792314335060449,0,-0.0003753066787250274,sideways,1,2025-09-11 12:47:24.855708,2025-09-13T15:05:02.984977
2025-08-18 01:00:00+01:00,USDCHF,forex,1h,yahoo_finance,0.8065199851989746,0.80690997838974,0.8062499761581421,0.8065999746322632,0,0.0,0.0,USDCHF=X,USDCHF,USD/CHF,0.0001115956612789,9.000301361083984e-05,0.0006600022315979,7.998943328857422e-05,0.9000301361083984,6.600022315979004,0.8060276139350164,0.8063205993175506,,0.0004943660081067,0.0384462949037594,0.000885984301567,69.37180127324928,80.85385878489328,78.87958401751506,-2.0427725425986587e-05,-0.0001300144902856,0.0001095867648596,0.8092600107192993,0.8029000163078308,0.0026600360870361,0.0036999583244323,0.5817549647151439,1,0,18,8,Sydney,USD,CHF,True,False,5,-14.463054187192117,102.97028996622656,16.835391600464632,0.0005830109643769621,0.0014774426536303675,-0.00033463760741647697,0.002361075701230453,0.8069999814033508,0.8045300245285034,0.8380511112719902,0.0006600022315979004,0.0008859843015670777,0.744936710989717,0,-0.0002748381788541887,sideways,1,2025-09-11 12:47:24.855708,2025-09-13T15:05:02.984977
2025-08-18 02:00:00+01:00,USDCHF,forex,1h,yahoo_finance,0.8065999746322632,0.8069999814033508,0.8059599995613098,0.8060399889945984,0,0.0,0.0,USDCHF=X,USDCHF,USD/CHF,-0.0006942544697203,-0.0005599856376647,0.001039981842041,0.0005599856376647,-5.599856376647949,10.399818420410156,0.8059880903788975,0.8063583993911743,,0.0005169118388681,0.0401996590997001,0.0009149819612503,56.42303765539607,76.16263726083062,79.10648390358286,-3.425396571499206e-05,-0.0001108623853708,7.660841965588804e-05,0.8092600107192993,0.8042899966239929,0.0032200217247009,0.0017499923706054,0.3521101423551563,2,0,18,8,Sydney,USD,CHF,True,False,5,-38.866768020463816,52.465917824623006,16.20015011442093,-0.00014883416930866478,0.0009437204361069096,-0.0009172161960211422,0.0023503123990560315,0.8069999814033508,0.8045300245285034,0.6113323197953618,0.0010399818420410156,0.0009149819612503052,1.1366145848601217,0,-0.0002274569679717501,sideways,1,2025-09-11 12:47:24.855708,2025-09-13T15:05:02.984977
2025-08-18 03:00:00+01:00,USDCHF,forex,1h,yahoo_finance,0.8060399889945984,0.8066200017929077,0.805899977684021,0.8064900040626526,0,0.0,0.0,USDCHF=X,USDCHF,USD/CHF,0.0005583036501892,0.0004500150680541,0.0007200241088867,0.0004500150680541,4.500150680541992,7.200241088867188,0.8059742819695246,0.806382999420166,,0.0005277587567855,0.0410432118484979,0.0009224832057952,56.42303765539607,75.34098713399571,77.45249439323987,-8.805031870839919e-06,-9.0450914670314e-05,8.164588279947409e-05,0.8092600107192993,0.8044000267982483,0.0027700066566467,0.0020899772644042,0.4300378969056992,3,0,18,8,Tokyo,USD,CHF,True,False,5,-20.64721639035691,47.06828278642931,15.489493983994736,-8.675839951000075e-05,0.0017264691034213353,1.2416402688675277e-05,0.001527458765608225,0.8069999814033508,0.8045300245285034,0.7935278360964308,0.0007200241088867188,0.0009224832057952881,0.7805281487655636,0,-8.558443574482973e-05,sideways,1,2025-09-11 12:47:24.855708,2025-09-13T15:05:02.984977
2025-08-18 04:00:00+01:00,USDCHF,forex,1h,yahoo_finance,0.8064900040626526,0.8065500259399414,0.8060799837112427,0.806190013885498,0,0.0,0.0,USDCHF=X,USDCHF,USD/CHF,-0.0003719701120203,-0.0002999901771545,0.0004700422286987,0.0002999901771545,-2.99990177154541,4.700422286987305,0.8059604735601515,0.8064117991924286,,0.0005252463972766,0.0408478284422719,0.0009204864501953,54.63479879041638,69.2310786135444,73.57823433612357,-1.269227467681766e-05,-7.489918667127458e-05,6.220691199445692e-05,0.8092600107192993,0.8044000267982483,0.0030699968338012,0.0017899870872497,0.3683113187877896,4,0,18,8,Tokyo,USD,CHF,True,False,5,-32.79277974854606,30.48876424248638,14.829599005741843,-0.0001983987945868293,0.00012407621266752322,7.44568219566144e-05,0.0017893613767099303,0.8069999814033508,0.8045300245285034,0.6720722025145395,0.00047004222869873047,0.0009204864501953125,0.5106454620803978,0,-0.00010889219001612828,sideways,1,2025-09-11 12:47:24.855708,2025-09-13T15:05:02.984977
2025-08-18 05:00:00+01:00,USDCHF,forex,1h,yahoo_finance,0.806190013885498,0.8062599897384644,0.8058300018310547,0.8059499859809875,0,0.0,0.0,USDCHF=X,USDCHF,USD/CHF,-0.0002977311804616,-0.0002400279045104,0.0004299879074096,0.0002400279045104,-2.4002790451049805,4.29987907409668,0.8059519018445697,0.8064325988292694,,0.0005287893828408,0.0411233624911541,0.0008984863758087,56.85239255079348,68.01644183820395,70.86283586191469,-3.473724081171081e-05,-6.686679749922126e-05,3.212955668751045e-05,0.8092600107192993,0.8044000267982483,0.0033100247383117,0.0015499591827392,0.318922697670996,5,0,18,8,Tokyo,USD,CHF,True,False,5,-42.5106783464852,-26.041131292114073,13.857742713679327,-0.000694331945507054,-0.0003224909967566303,-0.0003349073981043782,0.0012920473552240352,0.8069999814033508,0.8045300245285034,0.574893216535148,0.00042998790740966797,0.0008984863758087158,0.47856920147803184,0,-0.00016692173649252866,sideways,1,2025-09-11 12:47:24.855708,2025-09-13T15:05:02.984977
2025-08-18 06:00:00+01:00,USDCHF,forex,1h,yahoo_finance,0.8059399724006653,0.8063200116157532,0.8058000206947327,0.8059099912643433,0,0.0,0.0,USDCHF=X,USDCHF,USD/CHF,-4.962431582600235e-05,-3.999471664428711e-05,0.0005199909210205,2.9981136322021484e-05,-0.3999471664428711,5.199909210205078,0.8059371397608802,0.8064541983604431,,0.0004513242304933,0.0350989837048286,0.0008594870567321,58.181480392005085,60.18887199658936,65.81213081611257,-5.4802950206434e-05,-6.445402804063004e-05,9.651077834196045e-06,0.8092600107192993,0.8045300245285034,0.003350019454956,0.0013799667358398,0.2917485760370986,6,0,18,8,Tokyo,USD,CHF,True,False,5,-44.12992591520066,-38.24889306844826,12.909673926330507,-0.0008554220054798334,-0.0002729097615111753,0.00080717861208357,0.001341869138764995,0.8069999814033508,0.8045300245285034,0.5587007408479935,0.0005199909210205078,0.0008594870567321777,0.6050014563308784,0,-0.00022098060334150785,sideways,1,2025-09-11 12:47:24.855708,2025-09-13T15:05:02.984977
2025-08-18 07:00:00+01:00,USDCHF,forex,1h,yahoo_finance,0.8059099912643433,0.8064000010490417,0.8057100176811218,0.8057500123977661,0,0.0,0.0,USDCHF=X,USDCHF,USD/CHF,-0.0001985071140837,-0.0001599788665771,0.0006899833679199,0.0001599788665771,-1.5997886657714844,6.899833679199219,0.8059604735601515,0.8064611983299256,,0.0004519730935103,0.0351494450603723,0.0008449852466583,58.48572095556767,51.087894254204976,59.76440269633276,-8.265923083827786e-05,-6.809506860020038e-05,-1.4564162238077485e-05,0.8092600107192993,0.8045300245285034,0.0035099983215332,0.0012199878692626,0.2579263067694944,7,0,18,8,Tokyo,USD,CHF,True,False,5,-60.09571297569922,-97.0265282048679,12.147247170109486,-0.0003597546037312771,-0.000508535229262308,0.0007825182607335002,0.0004345647728711821,0.8069999814033508,0.8045300245285034,0.493930838099375,0.0006899833679199219,0.0008449852466583252,0.8165626212393751,0,-0.00028049307263447633,sideways,1,2025-09-11 12:47:24.855708,2025-09-13T15:05:02.984977
2025-08-18 08:00:00+01:00,USDCHF,forex,1h,yahoo_finance,0.8057500123977661,0.8069599866867065,0.8054400086402893,0.806850016117096,0,0.0,0.0,USDCHF=X,USDCHF,USD/CHF,0.0013651923082897,0.0011000037193298,0.0015199780464172,0.0011000037193298,11.00003719329834,15.199780464172363,0.8060428556941804,0.8064881992340088,,0.0005322228689307,0.0413903808876344,0.0008764833211898,59.64508857657221,62.053677963056806,57.77681473795038,-1.5804931295382296e-05,-5.763704113914308e-05,4.183210984376079e-05,0.8092600107192993,0.8045300245285034,0.0024099946022033,0.0023199915885925,0.4904859115882857,8,0,18,8,Tokyo,USD,CHF,True,False,5,-9.613327219929696,59.61497675463016,12.274927898540412,0.0004463936969210103,0.0003595965690081915,0.0016386781921204907,0.0016760338335364278,0.8069999814033508,0.8045300245285034,0.9392842491372861,0.0015199780464172363,0.0008764833211898804,1.7341779468818321,1,-0.00027800042657605853,sideways,1,2025-09-11 12:47:24.855708,2025-09-13T15:05:02.984977
2025-08-18 09:00:00+01:00,USDCHF,forex,1h,yahoo_finance,0.806850016117096,0.8078699707984924,0.8067200183868408,0.807129979133606,0,0.0,0.0,USDCHF=X,USDCHF,USD/CHF,0.0003469827240722,0.00027996301651,0.0011499524116516,0.00027996301651,2.7996301651000977,11.499524116516112,0.8061190446217855,0.8065265989303589,,0.0005242908990439,0.0407735204068705,0.0008919835090637,61.21974267645562,66.61271789397404,59.91809670374527,5.908407952193162e-05,-3.429281700676083e-05,9.337689652869244e-05,0.8092600107192993,0.8045300245285034,0.0021300315856933,0.0025999546051025,0.549674882806593,9,0,18,8,London,USD,CHF,True,False,5,-30.45280612244898,276.7461338542707,13.726210552054672,0.0011659351169306387,0.0009673050022220853,0.0014267753213794698,0.0023844522932625623,0.8078699707984924,0.8045300245285034,0.7784420451503524,0.0011499524116516113,0.0008919835090637207,1.2892081523554961,1,-0.00022888906808205315,sideways,1,2025-09-11 12:47:24.855708,2025-09-13T15:05:02.984977
2025-08-18 10:00:00+01:00,USDCHF,forex,1h,yahoo_finance,0.8071399927139282,0.8077300190925598,0.806850016117096,0.8073499798774719,0,0.0,0.0,USDCHF=X,USDCHF,USD/CHF,0.0002725716421809,0.0002200007438659,0.0008800029754638,0.0002099871635437,2.200007438659668,8.800029754638672,0.806184280486334,0.8065635991096497,,0.0005217255431689,0.0405740155321665,0.0009079843759536,64.38693170635702,79.51157669330443,69.39265751677841,0.000134632129613,-5.07827682601773e-07,0.0001351399572956,0.8092600107192993,0.8045300245285034,0.0019100308418273,0.0028199553489685,0.5961868037703514,10,0,18,8,London,USD,CHF,True,False,5,-21.399136577708006,211.49003861269534,15.073830158889345,0.0017370729211940716,0.0010415348704662097,0.0019111270094311905,0.002296721330035334,0.8078699707984924,0.8045300245285034,0.8443115909699295,0.0008800029754638672,0.0009079843759536744,0.9691829493647204,1,-0.00017060585820302757,sideways,1,2025-09-11 12:47:24.855708,2025-09-13T15:05:02.984977
2025-08-18 11:00:00+01:00,USDCHF,forex,1h,yahoo_finance,0.8073499798774719,0.8074300289154053,0.8067200183868408,0.8071600198745728,0,0.0,0.0,USDCHF=X,USDCHF,USD/CHF,-0.0002352882983015,-0.0001899600028991,0.0007100105285644,0.0001899600028991,-1.8996000289916992,7.100105285644531,0.8062485683531988,0.8065781998634338,,0.0005092540160519,0.0396041187318662,0.0008379876613616,61.36443685821887,72.97717163788592,73.0338220750548,0.00017713603588,3.502094503010132e-05,0.0001421150908499,0.8092600107192993,0.8045300245285034,0.0020999908447265,0.0026299953460693,0.5560260093754725,11,0,18,8,London,USD,CHF,True,False,5,-29.216542386185242,123.34502364373245,15.99681019096214,0.001551077196931594,0.0006943283658853439,0.002172796849859049,0.0009052710158798938,0.8078699707984924,0.8045300245285034,0.7874364236637815,0.0007100105285644531,0.0008379876613616944,0.8472804091300297,1,-0.00011927015209548172,sideways,1,2025-09-11 12:47:24.855708,2025-09-13T15:05:02.984977
2025-08-18 12:00:00+01:00,USDCHF,forex,1h,yahoo_finance,0.8071600198745728,0.8073999881744385,0.8065299987792969,0.8072500228881836,0,0.0,0.0,USDCHF=X,USDCHF,USD/CHF,0.0001115057874456,9.000301361083984e-05,0.0008699893951416,9.000301361083984e-05,0.9000301361083984,8.699893951416016,0.8063361871810186,0.8065938007831573,,0.0005052777727069,0.0392948907069973,0.000805988907814,58.43595610417243,74.62388801674516,75.7042121159785,0.0002155970613159,7.113616828739531e-05,0.0001444608930285,0.8092600107192993,0.8045300245285034,0.0020099878311157,0.0027199983596801,0.5750541861989011,12,0,18,8,London,USD,CHF,True,False,5,-25.51265698587127,93.33404720631061,16.38068944975686,0.0018616325998601635,0.0015012082652308134,0.002446345422256524,0.0009672349976028727,0.8078699707984924,0.8045300245285034,0.814383867225841,0.0008699893951416016,0.0008059889078140259,1.079406163915029,1,1.1408177265358669e-05,sideways,1,2025-09-11 12:47:24.855708,2025-09-13T15:05:02.984977
2025-08-18 13:00:00+01:00,USDCHF,forex,1h,yahoo_finance,0.8072599768638611,0.8080999851226807,0.8068100214004517,0.8073899745941162,0,0.0,0.0,USDCHF=X,USDCHF,USD/CHF,0.000173368475645,0.0001399517059326,0.001289963722229,0.0001299977302551,1.399517059326172,12.89963722229004,0.8064366607438951,0.8066082000732422,,0.0004987321401032,0.0387858441356552,0.0008219897747039,62.93555944367012,72.85947983375708,73.48684649612937,0.0002544364657706,0.0001077962277841,0.0001466402379864,0.8092600107192993,0.8045300245285034,0.0018700361251831,0.0028599500656127,0.6046423710872524,13,0,18,8,London,USD,CHF,True,False,5,-26.692361126672196,124.31277429147022,17.6938734321936,0.0006692179044858193,0.0011159103360611766,0.0028443060242000495,0.0008925142812259423,0.8080999851226807,0.8049200177192688,0.7767239601881877,0.001289963722229004,0.0008219897747039795,1.5693184537405642,1,0.00010513100178525808,sideways,1,2025-09-11 12:47:24.855708,2025-09-13T15:05:02.984977
2025-08-18 14:00:00+01:00,USDCHF,forex,1h,yahoo_finance,0.8073599934577942,0.8079900145530701,0.8066999912261963,0.8070999979972839,0,0.0,0.0,USDCHF=X,USDCHF,USD/CHF,-0.0003591530808616,-0.0002899765968322,0.0012900233268737,0.0002599954605102,-2.899765968322754,12.900233268737791,0.8065318976129804,0.80662299990654,,0.0004394014840945,0.0341717649709475,0.0008194923400878,57.10900133576548,70.06704951928596,72.51680578992939,0.0002588366178698,0.0001380043058013,0.0001208323120684,0.8092600107192993,0.8045300245285034,0.0021600127220153,0.0025699734687805,0.5433363576793185,14,0,18,8,London,USD,CHF,True,False,5,-37.593833329598674,81.6550720729307,18.643461576659064,-3.714536332077856e-05,0.0011287464445264295,0.0012529627077777494,0.0009176939072812473,0.8080999851226807,0.8054400086402893,0.6240616667040133,0.0012900233268737793,0.0008194923400878906,1.5741737460723846,1,0.00019959523348756433,sideways,1,2025-09-11 12:47:24.855708,2025-09-13T15:05:02.984977
2025-08-18 15:00:00+01:00,USDCHF,forex,1h,yahoo_finance,0.8070999979972839,0.8075199723243713,0.8063300251960754,0.8071200251579285,0,0.0,0.0,USDCHF=X,USDCHF,USD/CHF,2.4813729022632455e-05,2.002716064453125e-05,0.0011899471282958,2.002716064453125e-05,0.2002716064453125,11.899471282958984,0.8065809465589977,0.8066550004482269,,0.0004389967683033,0.0341402906737538,0.0008404910564422,56.37335826673874,66.2909598822835,69.73916307844217,0.0002609317556294,0.000162589795767,9.834195986244128e-05,0.8092600107192993,0.8045300245285034,0.0021399855613708,0.002590000629425,0.5475704420585715,15,0,18,8,London,USD,CHF,True,False,5,-36.840925896878574,38.918361415053305,18.66314653390103,-0.0002848265625501334,0.00145175159413502,0.0011287924205596322,0.0019863281956711276,0.8080999851226807,0.8054400086402893,0.6315907410312143,0.0011899471282958984,0.0008404910564422608,1.4157760742069767,1,0.00030496492536863243,sideways,1,2025-09-11 12:47:24.855708,2025-09-13T15:05:02.984977
2025-08-18 16:00:00+01:00,USDCHF,forex,1h,yahoo_finance,0.8070999979972839,0.8075199723243713,0.8064900040626526,0.8067799806594849,0,0.0,0.0,USDCHF=X,USDCHF,USD/CHF,-0.0004213059865254,-0.0003400444984436,0.0010299682617187,0.000320017337799,-3.400444984436035,10.2996826171875,0.8066080893789019,0.8066823995113372,,0.0004507601460761,0.0350551154867482,0.0008584886789321,59.58554023378991,58.64685803063914,65.00162247740288,0.0002324756742392,0.0001765669714614,5.59087027777417e-05,0.8092600107192993,0.8045300245285034,0.0024800300598144,0.0022499561309814,0.4756792177025051,16,0,18,8,NewYork,USD,CHF,True,False,5,-49.624666681605305,26.14363974302699,18.68142542276857,-0.00047083503361200485,0.0010795118618354138,0.0008063074909996359,0.0017009387873692106,0.8080999851226807,0.8054400086402893,0.5037533331839469,0.00102996826171875,0.0008584886789321899,1.1997458871558455,1,0.0003788372705278502,sideways,1,2025-09-11 12:47:24.855708,2025-09-13T15:05:02.984977
2025-08-18 17:00:00+01:00,USDCHF,forex,1h,yahoo_finance,0.8067700266838074,0.8075199723243713,0.8067200183868408,0.8072599768638611,0,0.0,0.0,USDCHF=X,USDCHF,USD/CHF,0.0005949530428157,0.0004799962043762,0.0007999539375305,0.0004899501800537,4.799962043762207,7.999539375305176,0.806661898181552,0.8066959989070892,,0.0004674948551801,0.036356555211149,0.0008729875087738,59.897030431185065,60.6516234566518,61.86314712319148,0.0002458192605415,0.0001904174292775,5.540183126404789e-05,0.8092600107192993,0.8045300245285034,0.0020000338554382,0.0027299523353576,0.5771586269469228,17,0,18,8,NewYork,USD,CHF,True,False,5,-31.579537051560717,51.90242773750512,18.698398676717,1.2330722075182265e-05,0.0018739862772096938,0.0013644980599063494,0.0008430283191154242,0.8080999851226807,0.8054400086402893,0.6842046294843929,0.0007999539375305176,0.0008729875087738037,0.9163406457603628,1,0.0005491516133357362,sideways,1,2025-09-11 12:47:24.855708,2025-09-13T15:05:02.984977
2025-08-18 18:00:00+01:00,USDCHF,forex,1h,yahoo_finance,0.8070899844169617,0.8077399730682373,0.8069900274276733,0.8076800107955933,0,0.0,0.0,USDCHF=X,USDCHF,USD/CHF,0.0005203205209849,0.0004200339317321,0.0007499456405639,0.0005900263786315,4.200339317321777,7.499456405639648,0.8067342809268406,0.8066935992240906,,0.0004686870538407,0.0364492711757095,0.0008859872817993,68.57869076639514,67.66904937967298,62.32251028898798,0.0002869769884052,0.000209729341103,7.724764730220182e-05,0.8092600107192993,0.8045300245285034,0.001579999923706,0.0031499862670898,0.6659609859367912,18,0,18,8,NewYork,USD,CHF,True,False,5,-15.788648127815,87.31478257199308,19.08509795550608,0.0003592269047221208,0.0010286852102843191,0.001388651690964915,-0.0001485320013414615,0.8080999851226807,0.8054400086402893,0.84211351872185,0.0007499456405639648,0.0008859872817993164,0.8464519254056673,0,0.0006550164283290708,sideways,1,2025-09-11 12:47:24.855708,2025-09-13T15:05:02.984977
2025-08-18 19:00:00+01:00,USDCHF,forex,1h,yahoo_finance,0.8076900243759155,0.8078100085258484,0.8070899844169617,0.8075500130653381,0,0.0,0.0,USDCHF=X,USDCHF,USD/CHF,-0.0001609520212429,-0.0001299977302551,0.0007200241088867,0.0001400113105773,-1.2999773025512695,7.200241088867188,0.8067814253625416,0.8067041993141174,,0.0004655217228401,0.0362031069024371,0.0008714884519577,70.51352590554791,77.31866358930692,68.54644547521058,0.0003055830695845,0.0002289000867993,7.668298278511201e-05,0.8092600107192993,0.8045300245285034,0.0017099976539611,0.0030199885368347,0.6384772417964615,19,0,18,8,NewYork,USD,CHF,True,False,5,-20.675824052703522,87.53685667375532,19.56064222373114,0.0005575703991709258,0.000520404324695134,0.0014882127166235826,0.0006567427024342098,0.8080999851226807,0.8054400086402893,0.7932417594729648,0.0007200241088867188,0.0008714884519577026,0.8262004014732084,0,0.0006939357248195458,sideways,1,2025-09-11 12:47:24.855708,2025-09-13T15:05:02.984977
2025-08-18 20:00:00+01:00,USDCHF,forex,1h,yahoo_finance,0.8075299859046936,0.8075600266456604,0.8069300055503845,0.8070700168609619,0,0.0,0.0,USDCHF=X,USDCHF,USD/CHF,-0.000594385730432,-0.0004799962043762,0.0006300210952758,0.0004599690437316,-4.799962043762207,6.300210952758789,0.8068157122248695,0.8066893994808197,,0.0004876403442672,0.0379232475033412,0.0008679896593093,63.36455529308356,74.93819137891111,73.30863478263034,0.0002783899020939,0.0002387980498583,3.959185223563719e-05,0.8092600107192993,0.8045300245285034,0.0021899938583374,0.0025399923324584,0.5369978325520439,20,0,18,8,NewYork,USD,CHF,True,False,5,-38.72095368274811,26.654086611237055,19.55132747364239,-6.195893474059133e-05,-0.0003467678497403037,0.0006944058499185335,-0.0009160466657709421,0.8080999851226807,0.8054400086402893,0.6127904631725188,0.0006300210952758789,0.0008679896593093873,0.7258394020236979,0,0.0006775896587515726,sideways,1,2025-09-11 12:47:24.855708,2025-09-13T15:05:02.984977
2025-08-18 21:00:00+01:00,USDCHF,forex,1h,yahoo_finance,0.8070700168609619,0.8075000047683716,0.8069000244140625,0.8069499731063843,0,0.0,0.0,USDCHF=X,USDCHF,USD/CHF,-0.0001487401985822,-0.0001200437545776,0.000599980354309,0.0001200437545776,-1.2004375457763672,5.99980354309082,0.8068366646766663,0.8066525983810425,,0.0004889559782872,0.038025562898592,0.0008649885654449,63.95303706578692,65.78976852578035,72.68220783133279,0.0002443365328452,0.0002399057464557,4.430786389576785e-06,0.8088600039482117,0.8045300245285034,0.0019100308418273,0.0024199485778808,0.5588822355289421,21,0,18,8,Sydney,USD,CHF,True,False,5,-43.2339166872073,-13.621461344137598,19.457113158722176,0.00021070484019758418,-0.00026022940063497035,0.000433918280595913,-0.0022750713101576947,0.8080999851226807,0.8054400086402893,0.567660833127927,0.000599980354309082,0.0008649885654449463,0.6936280758815058,0,0.0006972032557755464,sideways,1,2025-09-11 12:47:24.855708,2025-09-13T15:05:02.984977
2025-08-18 22:00:00+01:00,USDCHF,forex,1h,yahoo_finance,0.8069300055503845,0.8075399994850159,0.8060500025749207,0.8070899844169617,0,0.0,0.0,USDCHF=X,USDCHF,USD/CHF,0.0001735068036974,0.0001400113105773,0.0014899969100952,0.0001599788665771,1.4001131057739258,14.899969100952148,0.8068599984759376,0.8066231977939605,,0.0004596968607271,0.0357501138509346,0.0008874893188476,53.59233349989292,56.25879436092735,65.66225142187294,0.0002260405225203,0.0002371327016686,-1.1092179148242148e-05,0.8087400197982788,0.8045300245285034,0.0016500353813171,0.0025599598884582,0.6080671650243515,22,0,18,8,Sydney,USD,CHF,True,False,5,-49.26874654726252,-129.49450022640076,18.74497746807311,-0.00021057955525038974,-0.00019825142977303312,0.001302659218772817,-0.0018180831713893175,0.8080999851226807,0.8054400086402893,0.6202971295404127,0.0014899969100952148,0.0008874893188476563,1.6788899634644314,0,0.0007138370919726019,sideways,1,2025-09-11 12:47:24.855708,2025-09-13T15:05:02.984977
2025-08-18 23:00:00+01:00,USDCHF,forex,1h,yahoo_finance,0.8069000244140625,0.8073599934577942,0.8063399791717529,0.8071900010108948,0,0.0,0.0,USDCHF=X,USDCHF,USD/CHF,0.000123922481835,0.0001000165939331,0.0010200142860412,0.0002899765968322,1.000165939331055,10.200142860412598,0.8069147609529042,0.8065983974933624,,0.000445206019033,0.0346231772006829,0.0009024888277053,50.949695380726936,54.369163331461614,58.80590873938977,0.0002171082407996,0.0002331278094948,-1.6019568695167926e-05,0.8084999918937683,0.8045300245285034,0.0013099908828735,0.0026599764823913,0.6700247729149463,23,0,18,8,Sydney,USD,CHF,True,False,5,-44.389846771145294,-84.9855110290383,18.083708612470407,-0.0006066880177161282,-0.0002476790516527938,0.0008679548967946982,-0.001533855751645774,0.8080999851226807,0.8054400086402893,0.6578976852578036,0.0010200142860412598,0.0009024888277053833,1.1302237265747543,0,0.0007198136047767995,sideways,1,2025-09-11 12:47:24.855708,2025-09-13T15:05:02.984977
2025-08-19 00:00:00+01:00,USDCHF,forex,1h,yahoo_finance,0.8072100281715393,0.807699978351593,0.8071600198745728,0.8073999881744385,0,0.0,0.0,USDCHF=X,USDCHF,USD/CHF,0.0002601458928885,0.0002099871635437,0.0005399584770202,0.0001899600028991,2.099871635437012,5.399584770202637,0.8069580935296559,0.8065957975387573,,0.0004365133378364,0.0339471570469714,0.0009059846401214,50.79377093227875,57.39830779519088,56.00875516252662,0.0002243862433434,0.0002313794962645,-6.993252921139956e-06,0.8084999918937683,0.8045300245285034,0.0011000037193298,0.002869963645935,0.7229186997973125,0,1,19,8,Sydney,USD,CHF,True,False,5,-34.14648329601954,94.93146429294715,16.881450922039495,-0.00018577783229822842,0.0003716889826526071,0.0015008549697965723,-0.00016098192330216143,0.8080999851226807,0.8054400086402893,0.7368409258968786,0.0005399584770202637,0.0009059846401214599,0.5959907630971256,0,0.0007602314248331596,sideways,1,2025-09-11 12:47:24.855708,2025-09-13T15:05:02.984977
2025-08-19 01:00:00+01:00,USDCHF,forex,1h,yahoo_finance,0.8073899745941162,0.8076599836349487,0.8071600198745728,0.8073599934577942,0,0.0,0.0,USDCHF=X,USDCHF,USD/CHF,-4.953519597483691e-05,-3.999471664428711e-05,0.0004999637603759,2.9981136322021484e-05,-0.3999471664428711,4.999637603759766,0.8070138068426222,0.8065963971614838,,0.0004288169041645,0.0333486139558154,0.0009094834327697,53.332803528500186,61.78873608001627,57.85206906888959,0.0002243409170213,0.0002299717804159,-5.6308633945349154e-06,0.8084999918937683,0.8045300245285034,0.0011399984359741,0.0028299689292907,0.7128443810524735,1,1,19,8,Sydney,USD,CHF,True,False,5,-36.097461692786325,71.48003172980872,15.765068780925075,0.0003592954647975155,0.00029731426849277653,0.0017494974890910342,3.713615976663753e-05,0.8080999851226807,0.8054400086402893,0.7218051852017837,0.0004999637603759766,0.0009094834327697754,0.5497227792851245,0,0.0007892381889229647,sideways,1,2025-09-11 12:47:24.855708,2025-09-13T15:05:02.984977
2025-08-19 02:00:00+01:00,USDCHF,forex,1h,yahoo_finance,0.8073599934577942,0.8085500001907349,0.8071600198745728,0.8078699707984924,0,0.0,0.0,USDCHF=X,USDCHF,USD/CHF,0.0006316604053095,0.0005099773406982,0.0013899803161621,0.0005099773406982,5.099773406982422,13.899803161621094,0.8071052346910749,0.8066107964515686,,0.0004441377833174,0.0345401016965555,0.0009529829025268,59.06342041513445,67.51828446013648,62.23510944511454,0.0002624292882683,0.0002364632819864,2.5966006281946468e-05,0.8085500001907349,0.8045300245285034,0.0006800293922424,0.003339946269989,0.8308374355020461,2,1,19,8,Sydney,USD,CHF,True,False,5,-27.201201630784634,183.53115407626922,16.346932664728428,0.0011400925990079358,0.0013510376622343223,0.002432007985252005,0.000891983520569406,0.8085500001907349,0.8054400086402893,0.7813404373574564,0.0013899803161621094,0.0009529829025268554,1.4585574541542619,0,0.0009065046075753712,sideways,1,2025-09-11 12:47:24.855708,2025-09-13T15:05:02.984977
2025-08-19 03:00:00+01:00,USDCHF,forex,1h,yahoo_finance,0.8078600168228149,0.8080099821090698,0.8073700070381165,0.8075900077819824,0,0.0,0.0,USDCHF=X,USDCHF,USD/CHF,-0.0003465446502898,-0.00027996301651,0.0006399750709533,0.0002700090408325,-2.7996301651000977,6.399750709533691,0.8071852354776292,0.8066123962402344,,0.000450934144944,0.0350686471852895,0.0009504824876785,52.8094026252344,66.10053456849742,65.13585170288339,0.0002669474400596,0.000242560113601,2.4387326458560497e-05,0.8085500001907349,0.8045300245285034,0.0009599924087524,0.003059983253479,0.7611944724512187,3,1,19,8,Tokyo,USD,CHF,True,False,5,-38.399732970936746,108.58931947066277,16.887234842545826,0.0006195385578746659,0.00040882854047019634,0.0022835809567545162,9.905689275790941e-05,0.8085500001907349,0.8054400086402893,0.691319930237461,0.0006399750709533691,0.0009504824876785279,0.6733160045025695,0,0.0009454351435761813,sideways,1,2025-09-11 12:47:24.855708,2025-09-13T15:05:02.984977
2025-08-19 04:00:00+01:00,USDCHF,forex,1h,yahoo_finance,0.8075900077819824,0.807699978351593,0.8070499897003174,0.8074300289154053,0,0.0,0.0,USDCHF=X,USDCHF,USD/CHF,-0.0001980941629237,-0.0001599788665771,0.0006499886512756,0.0001599788665771,-1.5997886657714844,6.499886512756348,0.8072652362641835,0.8066091966629029,,0.0003459306921349,0.0269026453841699,0.0009069830179214,54.81085026152537,63.20005722051355,65.60629208304915,0.0002546836963908,0.000244984830159,9.698866231803722e-06,0.8085500001907349,0.8045300245285034,0.0011199712753295,0.0029000043869018,0.7213984935650317,4,1,19,8,Tokyo,USD,CHF,True,False,5,-44.79889373673795,30.774221202725375,16.615988975213536,0.0002973623362652056,-0.0003095060876172617,0.000718860738332161,-0.00019809416292371207,0.8085500001907349,0.8060500025749207,0.5520110626326205,0.0006499886512756348,0.0009069830179214477,0.716649196768014,0,0.0009184138973710754,sideways,1,2025-09-11 12:47:24.855708,2025-09-13T15:05:02.984977
2025-08-19 05:00:00+01:00,USDCHF,forex,1h,yahoo_finance,0.8074399828910828,0.8076199889183044,0.8071399927139282,0.8071600198745728,0,0.0,0.0,USDCHF=X,USDCHF,USD/CHF,-0.000334405497892,-0.0002700090408325,0.0004799962043762,0.00027996301651,-2.7000904083251958,4.799962043762207,0.8072799983478728,0.8065997970104217,,0.0003472411135684,0.0270045554023652,0.0008734852075576,50.54339903791645,53.73403587408308,61.011542554364674,0.000220634394188,0.0002401147429648,-1.948034877675121e-05,0.8085500001907349,0.8045300245285034,0.0013899803161621,0.0026299953460693,0.654231658857719,5,1,19,8,Tokyo,USD,CHF,True,False,5,-55.59926567007606,1.139944185038105,16.364117812690694,-0.00029721117584891044,-0.00048293379289909844,3.72192109616698e-05,-0.0005819281386277853,0.8085500001907349,0.8060500025749207,0.44400734329923947,0.0004799962043762207,0.0008734852075576782,0.5495184122445776,0,0.0008817277564451246,sideways,1,2025-09-11 12:47:24.855708,2025-09-13T15:05:02.984977
2025-08-19 06:00:00+01:00,USDCHF,forex,1h,yahoo_finance,0.8071699738502502,0.8075199723243713,0.8067600131034851,0.8072599768638611,0,0.0,0.0,USDCHF=X,USDCHF,USD/CHF,0.0001238378844679,9.995698928833008e-05,0.0007599592208862,9.000301361083984e-05,0.9995698928833008,7.599592208862305,0.8072861887159801,0.8065979969501496,,0.0003427026073528,0.0266516008190675,0.0008674830198287,56.97676433385892,49.33361943590109,55.42257084349924,0.0001994168028899,0.0002319751549498,-3.2558352059911953e-05,0.8085500001907349,0.8045300245285034,0.0012900233268737,0.0027299523353576,0.6790967321036712,6,1,19,8,Tokyo,USD,CHF,True,False,5,-51.60098228548268,-45.870600507485634,15.26306834048101,-0.0001238810378809685,0.0002353699170216661,-0.00011147955143875343,-0.00011147955143875343,0.8085500001907349,0.8060500025749207,0.48399017714517323,0.0007599592208862305,0.0008674830198287964,0.8760508315611912,0,0.0009075121593370098,sideways,1,2025-09-11 12:47:24.855708,2025-09-13T15:05:02.984977
2025-08-19 07:00:00+01:00,USDCHF,forex,1h,yahoo_finance,0.8072500228881836,0.8075500130653381,0.8060299754142761,0.8060700297355652,0,0.0,0.0,USDCHF=X,USDCHF,USD/CHF,-0.0014740568867526,-0.0011899471282958,0.001520037651062,0.0011799931526184,-11.899471282958984,15.200376510620115,0.8072252387092227,0.806581997871399,,0.0004734275880783,0.0368179372537033,0.0009079843759536,35.66298977364127,31.463064537058827,44.843573282347656,8.559854028389324e-05,0.0002026998320166,-0.0001171012917327,0.8085500001907349,0.8045300245285034,0.0024799704551696,0.0015400052070617,0.3830881916849534,7,1,19,8,Tokyo,USD,CHF,True,False,5,-98.41055843326474,-191.58650158459508,15.415547494176801,-0.0022280083775712,-0.001090455914425137,-0.001350401546371116,-0.0009914285494782016,0.8085500001907349,0.8060299754142761,0.015894415667352585,0.0015200376510620117,0.0009079843759536744,1.6740790825453196,0,0.0008182704713713817,sideways,1,2025-09-11 12:47:24.855708,2025-09-13T15:05:02.984977
2025-08-19 08:00:00+01:00,USDCHF,forex,1h,yahoo_finance,0.8060700297355652,0.8064299821853638,0.8053200244903564,0.8057699799537659,0,0.0,0.0,USDCHF=X,USDCHF,USD/CHF,-0.0003722378586606,-0.0003000497817993,0.0011099576950073,0.0003000497817993,-3.000497817993164,11.099576950073242,0.8071590463320414,0.8065617978572845,,0.0004761525251368,0.0370298525796449,0.0009199827909469,26.30193311739214,21.306357928591225,34.03434730051705,-2.8485824009272243e-05,0.0001564627008114,-0.0001849485248207,0.8085500001907349,0.8045300245285034,0.0027800202369689,0.0012399554252624,0.3084484905996085,8,1,19,8,Tokyo,USD,CHF,True,False,5,-86.06938549547887,-252.7265808720408,16.500600306374892,-0.0022536532283443655,-0.0016355108955408149,-0.0018334380829404529,-0.001251891135044536,0.8085500001907349,0.8053200244903564,0.1393061450452113,0.0011099576950073242,0.0009199827909469604,1.2064983235880076,1,0.0006796773673748246,sideways,1,2025-09-11 12:47:24.855708,2025-09-13T15:05:02.984977
2025-08-19 09:00:00+01:00,USDCHF,forex,1h,yahoo_finance,0.8058099746704102,0.8063099980354309,0.8057500123977661,0.8060100078582764,0,0.0,0.0,USDCHF=X,USDCHF,USD/CHF,0.0002978863825682,0.0002400279045104,0.0005599856376647,0.0002000331878662,2.4002790451049805,5.599856376647949,0.8070999979972839,0.8065523982048035,,0.0004805934058535,0.0373752149364179,0.0008834838867187,31.40072274932692,12.29397698530714,21.687799816985727,-9.839638702613396e-05,0.0001054908832439,-0.00020388727027,0.8085500001907349,0.8045300245285034,0.0025399923324584,0.0014799833297729,0.3681572860447186,9,1,19,8,London,USD,CHF,True,False,5,-78.63812511533493,-160.10748728431122,17.50814934627312,-0.001758692402159423,-0.0014618530347757508,-0.0017091700160551948,-0.0005827579476248568,0.8085500001907349,0.8053200244903564,0.21361874884665066,0.0005599856376647949,0.00088348388671875,0.6338379749568221,1,0.0005450385338761909,sideways,1,2025-09-11 12:47:24.855708,2025-09-13T15:05:02.984977
2025-08-19 10:00:00+01:00,USDCHF,forex,1h,yahoo_finance,0.8060100078582764,0.8062199950218201,0.8055899739265442,0.8057500123977661,0,0.0,0.0,USDCHF=X,USDCHF,USD/CHF,-0.0003225710077733,-0.0002599954605102,0.0006300210952758,0.0002599954605102,-2.599954605102539,6.300210952758789,0.8070219045593625,0.8065447986125946,,0.0004795652730141,0.0372952581883925,0.0008504837751388,33.16303257002099,16.20163621824444,16.600657044047598,-0.000172788251984,4.983505619833642e-05,-0.0002226233081824,0.8085500001907349,0.8045300245285034,0.0027999877929687,0.0012199878692626,0.3034814067967499,10,1,19,8,London,USD,CHF,True,False,5,-86.68758073445285,-141.8335955300083,18.64262988029459,-0.0017468747733885293,-0.0020435667585319006,-0.001672637347128747,-0.0004713627010657362,0.8085500001907349,0.8053200244903564,0.13312419265547148,0.0006300210952758789,0.000850483775138855,0.7407796758650897,1,0.00034989271722908047,sideways,1,2025-09-11 12:47:24.855708,2025-09-13T15:05:02.984977
2025-08-19 11:00:00+01:00,USDCHF,forex,1h,yahoo_finance,0.8057500123977661,0.8057699799537659,0.8048099875450134,0.8051000237464905,0,0.0,0.0,USDCHF=X,USDCHF,USD/CHF,-0.0008066877335085,-0.0006499886512756,0.0009599924087524,0.0006499886512756,-6.499886512756348,9.599924087524414,0.8069266676902771,0.806522399187088,,0.0005050390757382,0.039276327509081,0.0008389860391616,29.213603546887768,14.143082192738907,14.212898465430158,-0.0002809533739768,-1.6322629836696707e-05,-0.0002646307441401,0.8085500001907349,0.8045300245285034,0.0034499764442443,0.000569999217987,0.1417917086768282,11,1,19,8,London,USD,CHF,True,False,5,-92.24504757199547,-160.98941270841337,20.523805175677513,-0.002675659860856494,-0.0027992094352169428,-0.0025027274116297127,-0.0013891633577002294,0.8085500001907349,0.8048099875450134,0.07754952428004526,0.0009599924087524414,0.0008389860391616822,1.1442293005395767,1,9.746363598712066e-05,sideways,1,2025-09-11 12:47:24.855708,2025-09-13T15:05:02.984977
2025-08-19 12:00:00+01:00,USDCHF,forex,1h,yahoo_finance,0.8051000237464905,0.8057399988174438,0.8046900033950806,0.8053399920463562,0,0.0,0.0,USDCHF=X,USDCHF,USD/CHF,0.0002980602320057,0.0002399682998657,0.0010499954223632,0.0002399682998657,2.3996829986572266,10.499954223632812,0.8068419042087737,0.8065239989757538,,0.0005084428980986,0.039541038990296,0.0008399873971939,30.768726910682005,12.635489967440831,14.32673612614139,-0.0003433539012485,-8.172888411906066e-05,-0.0002616250171294,0.8085500001907349,0.8045300245285034,0.0032100081443786,0.0008099675178527,0.2014856770061087,12,1,19,8,London,USD,CHF,True,False,5,-83.16090179122915,-123.14835876264789,22.38070494030911,-0.0009056752667612189,-0.0031316657922507707,-0.0017848591284473914,9.933367239023383e-05,0.8085500001907349,0.8046900033950806,0.16839098208770847,0.0010499954223632812,0.0008399873971939087,1.2500133048078255,1,-0.00021820932616158352,sideways,1,2025-09-11 12:47:24.855708,2025-09-13T15:05:02.984977
2025-08-19 13:00:00+01:00,USDCHF,forex,1h,yahoo_finance,0.8053699731826782,0.8058599829673767,0.8048400282859802,0.8055499792098999,0,0.0,0.0,USDCHF=X,USDCHF,USD/CHF,0.0002607434941981,0.0002099871635437,0.0010199546813964,0.0001800060272216,2.099871635437012,10.199546813964844,0.8067833327111744,0.8065325987339019,,0.0004899292353804,0.0381012520208395,0.0008509874343872,32.40256334821372,15.624411772892584,14.134327977690768,-0.0003715794642149,-0.0001396990001382,-0.0002318804640767,0.8085500001907349,0.8045300245285034,0.0030000209808349,0.0010199546813964,0.2537216060731866,13,1,19,8,London,USD,CHF,True,False,5,-77.72081531809759,-91.57692138488274,23.798482743922587,-0.0002730316955696921,-0.0025260696051520037,-0.002118273794031511,0.0005340668621507394,0.8085500001907349,0.8046900033950806,0.2227918468190241,0.0010199546813964844,0.0008509874343872071,1.1985543383856778,1,-0.0004818077710882907,sideways,1,2025-09-11 12:47:24.855708,2025-09-13T15:05:02.984977
2025-08-19 14:00:00+01:00,USDCHF,forex,1h,yahoo_finance,0.8055499792098999,0.8059599995613098,0.8051999807357788,0.8053500056266785,0,0.0,0.0,USDCHF=X,USDCHF,USD/CHF,-0.0002482447872663,-0.0001999735832214,0.000760018825531,0.0001999735832214,-1.9997358322143557,7.600188255310059,0.80669238169988,0.8065289986133576,,0.0004678702010109,0.0363857454391671,0.0008514910936355,27.956313853174564,18.738933498044048,15.66627841279248,-0.0004054110522805,-0.0001928414105666,-0.0002125696417138,0.8085500001907349,0.8045300245285034,0.0031999945640563,0.000819981098175,0.2039766324654528,14,1,19,8,London,USD,CHF,True,False,5,-82.90148239654107,-73.17710831422664,24.85475547935618,-0.0008188511620986771,-0.0025761034569408148,-0.002884812224855815,-0.00022346284386365323,0.8085500001907349,0.8046900033950806,0.17098517603458926,0.0007600188255310059,0.0008514910936355591,0.8925740165830747,1,-0.0007352443409398056,sideways,1,2025-09-11 12:47:24.855708,2025-09-13T15:05:02.984977
2025-08-19 15:00:00+01:00,USDCHF,forex,1h,yahoo_finance,0.8053600192070007,0.8064799904823303,0.8051999807357788,0.8061800003051758,0,0.0,0.0,USDCHF=X,USDCHF,USD/CHF,0.0010306011953788,0.0008299946784973,0.0012800097465515,0.000819981098175,8.299946784973145,12.800097465515137,0.8066209526289077,0.806532998085022,,0.0005364775967484,0.0417212663403826,0.0008794903755187,39.15411165287898,25.99289684990734,20.118747373614653,-0.0003610876726271,-0.0002264906629787,-0.0001345970096483,0.8085500001907349,0.8045300245285034,0.002369999885559,0.0016499757766723,0.4104442203902497,15,1,19,8,London,USD,CHF,True,False,5,-61.399011735639284,-32.63267327491377,24.593931683476317,0.0005336492718506225,-0.0012141577199887843,-0.0016965051550950072,0.00024811233106447617,0.8085500001907349,0.8046900033950806,0.38600988264360714,0.0012800097465515137,0.0008794903755187988,1.455399379210323,1,-0.0008617097034946432,sideways,1,2025-09-11 12:47:24.855708,2025-09-13T15:05:02.984977
2025-08-19 16:00:00+01:00,USDCHF,forex,1h,yahoo_finance,0.8061800003051758,0.8070899844169617,0.8058900237083435,0.8070200085639954,0,0.0,0.0,USDCHF=X,USDCHF,USD/CHF,0.0010419611730649,0.0008400082588195,0.0011999607086181,0.0008400082588195,8.4000825881958,11.99960708618164,0.80659571431932,0.8065571987628937,,0.0005778474889769,0.0449385568714317,0.0009079873561859,42.63444970145245,41.96027813786687,28.897369495272745,-0.0002552380308067,-0.0002322401365443,-2.299789426236497e-05,0.8085500001907349,0.8045300245285034,0.0015299916267395,0.0024899840354919,0.6194027637743906,16,1,19,8,NewYork,USD,CHF,True,False,5,-29.81867145421903,35.898063565228675,23.167536245211803,0.002384777991398357,-0.000297262724206826,-6.196277388803573e-05,0.0015016367774303152,0.8085500001907349,0.8046900033950806,0.6036287831995059,0.001199960708618164,0.0009079873561859131,1.3215610332490892,1,-0.0009214409339308332,sideways,1,2025-09-11 12:47:24.855708,2025-09-13T15:05:02.984977
2025-08-19 17:00:00+01:00,USDCHF,forex,1h,yahoo_finance,0.8070099949836731,0.8073599934577942,0.8066200017929077,0.8072100281715393,0,0.0,0.0,USDCHF=X,USDCHF,USD/CHF,0.000235458359802,0.0001900196075439,0.0007399916648864,0.0002000331878662,1.900196075439453,7.399916648864746,0.8066023815245855,0.8065931987762451,,0.0005791301116063,0.0450383050075318,0.0009149879217147,46.65505336173696,64.16825558654854,44.04047685810758,-0.000154240623701,-0.0002166402339757,6.23996102746472e-05,0.8085500001907349,0.8045300245285034,0.0013399720191955,0.0026800036430358,0.6666716090386098,17,1,19,8,NewYork,USD,CHF,True,False,5,-16.27755005049605,81.36244079040142,21.639853980841046,0.002322045525680938,0.001414267239718825,0.0003222691292175117,0.0022348873320467977,0.8085500001907349,0.8046900033950806,0.6528567016676962,0.0007399916648864746,0.0009149879217147828,0.8087447356678251,1,-0.0008246969962801838,sideways,1,2025-09-11 12:47:24.855708,2025-09-13T15:05:02.984977
2025-08-19 18:00:00+01:00,USDCHF,forex,1h,yahoo_finance,0.8072100281715393,0.8073999881744385,0.8069199919700623,0.8072800040245056,0,0.0,0.0,USDCHF=X,USDCHF,USD/CHF,8.668853275373145e-05,6.99758529663086e-05,0.0004799962043762,6.99758529663086e-05,0.6997585296630859,4.799962043762207,0.8066180972825914,0.806633198261261,,0.0005782141553987,0.0449670721114599,0.0008644878864288,48.65807235852979,80.76671372332676,62.29841581591405,-6.77718202379829e-05,-0.0001868665512281,0.0001190947309901,0.8085500001907349,0.8045300245285034,0.0012699961662292,0.0027499794960021,0.6840786430223593,18,1,19,8,NewYork,USD,CHF,True,False,5,-11.603637325304636,98.34530717650334,20.289134867011533,0.00214763187791589,0.001874013810773123,0.00023543794522651318,0.002483576118677,0.8085500001907349,0.8046900033950806,0.6709851760345893,0.0004799962043762207,0.000864487886428833,0.555237629018802,0,-0.0006870434633576459,sideways,1,2025-09-11 12:47:24.855708,2025-09-13T15:05:02.984977
2025-08-19 19:00:00+01:00,USDCHF,forex,1h,yahoo_finance,0.8072599768638611,0.8079000115394592,0.8072199821472168,0.8076199889183044,0,0.0,0.0,USDCHF=X,USDCHF,USD/CHF,0.0004211486623029,0.0003399848937988,0.0006800293922424,0.0003600120544433,3.399848937988281,6.800293922424316,0.806643335592179,0.8066835975646973,,0.0005850236773068,0.0454966410606573,0.0008474886417388,54.0634181787546,87.79846287176217,77.57781072721248,2.786775281338194e-05,-0.0001439196904198,0.0001717874432332,0.8085500001907349,0.8046900033950806,0.0009300112724304,0.0029299855232238,0.7590642371834466,19,1,19,8,NewYork,USD,CHF,True,False,5,-8.723424008912822,130.0593434707811,19.835287333030205,0.0028186295098608927,0.0019974703097125346,0.0005326972669026375,0.003130002605250759,0.8085500001907349,0.8046900033950806,0.7590642371834466,0.0006800293922424316,0.0008474886417388916,0.8024053170165629,0,-0.000549897462853296,sideways,1,2025-09-11 12:47:24.855708,2025-09-13T15:05:02.984977
2025-08-19 20:00:00+01:00,USDCHF,forex,1h,yahoo_finance,0.8076199889183044,0.8078100085258484,0.8074399828910828,0.8076500296592712,0,0.0,0.0,USDCHF=X,USDCHF,USD/CHF,3.719662883416852e-05,3.0040740966796875e-05,0.0003700256347656,3.0040740966796875e-05,0.3004074096679687,3.70025634765625,0.8066652417182922,0.8067147982120514,,0.0005824616402748,0.0452973942886888,0.0008389919996261,53.48886803719185,90.6284536368998,86.39787674399624,0.0001048778425649,-9.416018382289088e-05,0.0001990380263878,0.8085500001907349,0.8046900033950806,0.0008999705314636,0.0029600262641906,0.7668468190240889,20,1,19,8,NewYork,USD,CHF,True,False,5,-7.7875777550830945,125.35180440337159,19.413857480047543,0.0018234505365291032,0.0023580728914307514,0.00030968725352353843,0.0019353079345332258,0.8085500001907349,0.8046900033950806,0.7668468190240889,0.000370025634765625,0.0008389919996261597,0.44103595139226837,0,-0.0003530270988717197,sideways,1,2025-09-11 12:47:24.855708,2025-09-13T15:05:02.984977
2025-08-19 21:00:00+01:00,USDCHF,forex,1h,yahoo_finance,0.8076800107955933,0.807919979095459,0.8070899844169617,0.8070899844169617,0,0.0,0.0,USDCHF=X,USDCHF,USD/CHF,-0.0006934256444537,-0.0005600452423095,0.0008299946784973,0.0005900263786315,-5.600452423095703,8.299946784973145,0.8066504796346029,0.8067323982715606,,0.0006036629600829,0.0469461973623688,0.0008554935455322,60.281676600653725,85.93079174761063,88.11923608542419,0.0001193425842607,-5.145963020616907e-05,0.0001708022144668,0.8085500001907349,0.8046900033950806,0.0014600157737731,0.0023999810218811,0.621757257566399,21,1,19,8,Sydney,USD,CHF,True,False,5,-25.696622993172173,87.45356028041569,18.32654443703586,8.670894429352316e-05,0.0024716937172737374,-0.000334434506317427,0.0010915307373029481,0.8085500001907349,0.8046900033950806,0.621757257566399,0.0008299946784973145,0.0008554935455322265,0.9701939691210077,0,-0.00012816663557005267,sideways,1,2025-09-11 12:47:24.855708,2025-09-13T15:05:02.984977
2025-08-19 22:00:00+01:00,USDCHF,forex,1h,yahoo_finance,0.8075100183486938,0.8076000213623047,0.8060799837112427,0.8066800236701965,0,0.0,0.0,USDCHF=X,USDCHF,USD/CHF,-0.0005079492431829,-0.0004099607467651,0.001520037651062,0.0008299946784973,-4.099607467651367,15.200376510620115,0.8066181001209077,0.8067433989048004,,0.0005929466345228,0.0461128006360337,0.0008619964122772,58.97484128850224,76.04226586364057,84.20050374938366,9.661215774503518e-05,-2.1845272615928172e-05,0.0001184574303609,0.8085500001907349,0.8046900033950806,0.0018699765205383,0.0019900202751159,0.5155497220506485,22,1,19,8,Sydney,USD,CHF,True,False,5,-38.389001660823034,33.04294314734238,18.280753328861877,-0.0006565881032762899,0.0016639327949370397,-0.0014729438787280946,0.0006823113734015784,0.8080099821090698,0.8046900033950806,0.599407540394973,0.0015200376510620117,0.0008619964122772217,1.7633920854106306,0,2.4303083085653545e-05,sideways,1,2025-09-11 12:47:24.855708,2025-09-13T15:05:02.984977
2025-08-19 23:00:00+01:00,USDCHF,forex,1h,yahoo_finance,0.8066800236701965,0.8077300190925598,0.8065699934959412,0.8074899911880493,0,0.0,0.0,USDCHF=X,USDCHF,USD/CHF,0.0010040753385309,0.0008099675178527,0.0011600255966186,0.0008099675178527,8.099675178527832,11.600255966186523,0.8066000058537438,0.8067699992656707,,0.0006355942425648,0.0494294577055625,0.0008879989385604,63.12062733825115,74.20065202681921,78.7245698793568,0.0001423147579573,1.098673349872556e-05,0.0001313280244586,0.8085500001907349,0.8046900033950806,0.0010600090026855,0.0027999877929687,0.7253860407659048,23,1,19,8,Sydney,USD,CHF,True,False,5,-13.312419265547149,63.936358073606634,18.000500400177582,0.0002601168894271755,0.0024083074026670648,-0.00012384575461477088,0.0016498190034544002,0.807919979095459,0.8046900033950806,0.8668758073445285,0.0011600255966186523,0.0008879989385604858,1.3063366928108524,0,0.00023179740070561125,sideways,1,2025-09-11 12:47:24.855708,2025-09-13T15:05:02.984977
2025-08-20 00:00:00+01:00,USDCHF,forex,1h,yahoo_finance,0.8075500130653381,0.8080300092697144,0.8074300289154053,0.8078200221061707,0,0.0,0.0,USDCHF=X,USDCHF,USD/CHF,0.0004087120852553,0.0003300309181213,0.000599980354309,0.0002700090408325,3.300309181213379,5.99980354309082,0.8066109589168003,0.8067952001094818,,0.0006404068174138,0.0498037263018238,0.0008854985237121,68.12635051202021,80.67051643568374,76.97114477538116,0.0002028268915833,4.935476511565089e-05,0.0001534721264677,0.8085500001907349,0.8046900033950806,0.0007299780845642,0.00313001871109,0.8108863495985176,0,2,20,8,Sydney,USD,CHF,True,False,5,-6.287029766578628,92.66895640007726,17.203867933402236,0.00024768231422078735,0.0030670099487615232,0.00048300555688918223,0.0015622423898140614,0.8080300092697144,0.8046900033950806,0.9371297023342137,0.000599980354309082,0.0008854985237121582,0.6775622299107443,0,0.0005067060300801424,sideways,1,2025-09-11 12:47:24.855708,2025-09-13T15:05:02.984977
2025-08-20 01:00:00+01:00,USDCHF,forex,1h,yahoo_finance,0.8078200221061707,0.8091999888420105,0.8077899813652039,0.8085299730300903,0,0.0,0.0,USDCHF=X,USDCHF,USD/CHF,0.0008788478924657,0.0007099509239196,0.0014100074768066,0.0007099509239196,7.099509239196777,14.100074768066406,0.8066633372079759,0.8068387997150421,,0.0006617434792766,0.0514630547766495,0.0009319990873336,79.722735865624,88.5147588668658,81.1286424431229,0.0003045591740494,0.0001003956469024,0.000204163527147,0.8091999888420105,0.8046900033950806,0.0006700158119201,0.0038399696350097,0.8514372563272319,1,2,20,8,Sydney,USD,CHF,True,False,5,-14.856274367276812,139.1844193240069,17.135806958683737,0.0010895107268060755,0.0029149479322545524,0.0016972510057304824,0.0027035162120792045,0.8091999888420105,0.8046900033950806,0.8514372563272319,0.0014100074768066406,0.0009319990873336792,1.512885040306721,0,0.0007438978642056785,sideways,1,2025-09-11 12:47:24.855708,2025-09-13T15:05:02.984977
2025-08-20 02:00:00+01:00,USDCHF,forex,1h,yahoo_finance,0.8085500001907349,0.8090999722480774,0.8083299994468689,0.8087900280952454,0,0.0,0.0,USDCHF=X,USDCHF,USD/CHF,0.0003216393625835,0.000260055065155,0.0007699728012084,0.0002400279045104,2.600550651550293,7.699728012084961,0.8067409566470555,0.806884400844574,,0.0006638292768072,0.0516252649319901,0.0009324997663497,79.79308214947498,89.81794712645022,86.33440747633324,0.0004015382005768,0.0001606241576373,0.0002409140429395,0.8091999888420105,0.8046900033950806,0.0004099607467651,0.0041000247001647,0.909099319368268,2,2,20,8,Sydney,USD,CHF,True,False,5,-9.402854486793897,146.1605500776103,17.072607482159416,0.002106386785993619,0.00219327837286154,0.0018953636687506492,0.002827065450929256,0.8091999888420105,0.8046900033950806,0.909099319368268,0.0007699728012084961,0.0009324997663497925,0.8257083047028556,0,0.000906705449620292,sideways,1,2025-09-11 12:47:24.855708,2025-09-13T15:05:02.984977
2025-08-20 03:00:00+01:00,USDCHF,forex,1h,yahoo_finance,0.8087900280952454,0.8093000054359436,0.8087400197982788,0.8088499903678894,0,0.0,0.0,USDCHF=X,USDCHF,USD/CHF,7.413824424284954e-05,5.996227264404297e-05,0.0005599856376647,5.996227264404297e-05,0.5996227264404297,5.599856376647949,0.8068166715758187,0.8069294011592865,,0.0005521108112764,0.0429370440560403,0.0008844971656799,79.25557211248851,88.25498666664261,88.86256421998621,0.000477726266409,0.0002240445793916,0.0002536816870174,0.8093000054359436,0.8046900033950806,0.0004500150680541,0.0041599869728088,0.9023828917936982,3,2,20,8,Tokyo,USD,CHF,True,False,5,-10.975911146001424,148.31977787381294,17.259810576367595,0.0026899968190858825,0.0020316424959001544,0.0034487830210436776,0.0027895063307583623,0.8093000054359436,0.8046900033950806,0.9023828917936982,0.0005599856376647949,0.0008844971656799316,0.6331118508834589,0,0.0010541224389146579,sideways,1,2025-09-11 12:47:24.855708,2025-09-13T15:05:02.984977
2025-08-20 04:00:00+01:00,USDCHF,forex,1h,yahoo_finance,0.8088499903678894,0.8088499903678894,0.8080999851226807,0.8083900213241577,0,0.0,0.0,USDCHF=X,USDCHF,USD/CHF,-0.0005686703952638,-0.0004599690437316,0.0007500052452087,0.0004599690437316,-4.599690437316895,7.500052452087402,0.8069271473657518,0.8069764018058777,,0.000563928316747,0.0438560783199286,0.00086649954319,75.76299439308985,85.80887788107687,87.9606038913899,0.0004952810800694,0.0002782918795272,0.0002169892005422,0.8093000054359436,0.8046900033950806,0.0009099841117858,0.0037000179290771,0.8026065707303829,4,2,20,8,Tokyo,USD,CHF,True,False,5,-22.194600723974006,88.0550261395382,16.372954760189188,0.0011146022191361737,0.001375009035425645,0.0032515996321209606,0.0029155282140413963,0.8093000054359436,0.8046900033950806,0.8026065707303829,0.0007500052452087402,0.0008664995431900025,0.8655575771541776,0,0.0011333707772733532,sideways,1,2025-09-11 12:47:24.855708,2025-09-13T15:05:02.984977
2025-08-20 05:00:00+01:00,USDCHF,forex,1h,yahoo_finance,0.8083900213241577,0.8084999918937683,0.8080300092697144,0.8084499835968018,0,0.0,0.0,USDCHF=X,USDCHF,USD/CHF,7.417492925743119e-05,5.996227264404297e-05,0.0004699826240539,5.996227264404297e-05,0.5996227264404297,4.699826240539551,0.8070547665868487,0.8070156013965607,,0.000563319509915,0.0438087320893638,0.0008619993925094,72.1248809053517,80.63400929859992,84.89929128210646,0.0005081739113318,0.0003242682858881,0.0001839056254436,0.8093000054359436,0.8046900033950806,0.0008500218391418,0.0037599802017211,0.8156135655456861,5,2,20,8,Tokyo,USD,CHF,True,False,5,-24.927460234224785,63.6988294409006,15.441627812466312,0.0007798290131366681,0.0010277044772120103,0.0030272275961049644,0.002430258929777107,0.8093000054359436,0.8046900033950806,0.8156135655456861,0.0004699826240539551,0.0008619993925094605,0.5452238460235307,0,0.0011875896169345173,sideways,1,2025-09-11 12:47:24.855708,2025-09-13T15:05:02.984977
2025-08-20 06:00:00+01:00,USDCHF,forex,1h,yahoo_finance,0.8084499835968018,0.8085100054740906,0.8080400228500366,0.8082000017166138,0,0.0,0.0,USDCHF=X,USDCHF,USD/CHF,-0.000309211312091,-0.0002499818801879,0.0004699826240539,0.0002499818801879,-2.499818801879883,4.699826240539551,0.8071590520086742,0.807055801153183,,0.0005627356434806,0.0437633254457988,0.0008539974689483,62.99578557643074,72.9055211104852,79.78280276338732,0.0004925424808807,0.0003579231248866,0.000134619355994,0.8093000054359436,0.8046900033950806,0.0011000037193298,0.0035099983215332,0.7613875851725431,6,2,20,8,Tokyo,USD,CHF,True,False,5,-34.161375710345595,45.20753229908498,14.592109861050444,-0.00040811265442630695,0.0006809534292651076,0.0030406320585176783,0.0024931936596788162,0.8093000054359436,0.8046900033950806,0.7613875851725431,0.0004699826240539551,0.0008539974689483643,0.5503325725692191,0,0.0012058655630057577,sideways,1,2025-09-11 12:47:24.855708,2025-09-13T15:05:02.984977
2025-08-20 07:00:00+01:00,USDCHF,forex,1h,yahoo_finance,0.8082000017166138,0.8089699745178223,0.8079299926757812,0.8083400130271912,0,0.0,0.0,USDCHF=X,USDCHF,USD/CHF,0.0001732384438011,0.0001400113105773,0.001039981842041,0.0001400113105773,1.4001131057739258,10.399818420410156,0.8072823853719802,0.8071036016941071,,0.0005155572165372,0.0400943116268488,0.0008579969406127,62.58363423959218,70.36597878537212,74.63516973148575,0.0004858515613432,0.0003835088121779,0.0001023427491653,0.8093000054359436,0.8046900033950806,0.0009599924087524,0.0036500096321105,0.7917587887720932,7,2,20,8,Tokyo,USD,CHF,True,False,5,-29.813227699313256,54.19888994107022,14.483278024882727,-0.0005564053121599466,0.0015488094690365717,0.00402433136894409,0.0029654781162313792,0.8093000054359436,0.8046900033950806,0.7917587887720932,0.0010399818420410156,0.0008579969406127929,1.2121043710228694,0,0.0013014476901462766,sideways,1,2025-09-11 12:47:24.855708,2025-09-13T15:05:02.984977
2025-08-20 08:00:00+01:00,USDCHF,forex,1h,yahoo_finance,0.8083400130271912,0.8085700273513794,0.8075699806213379,0.8080300092697144,0,0.0,0.0,USDCHF=X,USDCHF,USD/CHF,-0.0003835066339421,-0.0003100037574768,0.0010000467300415,0.0003100037574768,-3.1000375747680664,10.00046730041504,0.8074219084921337,0.8071460020542145,,0.0005310927465282,0.0413024925246616,0.0008554995059967,57.9282968937055,65.52826265356113,69.59992084980614,0.0004503430589193,0.0003968756615262,5.346739739307951e-05,0.8093000054359436,0.8046900033950806,0.0012699961662292,0.0033400058746337,0.7245128841653414,8,2,20,8,Tokyo,USD,CHF,True,False,5,-39.44060862965774,6.393414874936305,13.761907042602854,-0.0010137616467079669,0.0016735081567729182,0.00334022555681468,0.00263058905876723,0.8093000054359436,0.8048400282859802,0.7152460374736054,0.001000046730041504,0.0008554995059967041,1.1689623699740121,1,0.0014161023099524314,sideways,1,2025-09-11 12:47:24.855708,2025-09-13T15:05:02.984977
2025-08-20 09:00:00+01:00,USDCHF,forex,1h,yahoo_finance,0.8080400228500366,0.8083500266075134,0.8077600002288818,0.8079400062561035,0,0.0,0.0,USDCHF=X,USDCHF,USD/CHF,-0.0001113857314435,-9.000301361083984e-05,0.0005900263786315,0.0001000165939331,-0.9000301361083984,5.900263786315918,0.8075457186925978,0.8071898019313812,,0.0005341411534395,0.0415395637414812,0.0008340030908584,53.5716661566504,62.83681641769863,66.24368595221063,0.0004102111871415,0.0003995427666493,1.0668420492255571e-05,0.8093000054359436,0.8046900033950806,0.00135999917984,0.0032500028610229,0.704989462524081,9,2,20,8,London,USD,CHF,True,False,5,-42.2357144179331,-2.906799615718678,13.092062559057258,-0.0005566806321001261,0.0005573011095680869,0.002966950664622603,0.002717956965114343,0.8093000054359436,0.8051999807357788,0.6682948813002457,0.0005900263786315918,0.0008340030908584595,0.7074630599081635,1,0.001417514127258253,sideways,1,2025-09-11 12:47:24.855708,2025-09-13T15:05:02.984977
2025-08-20 10:00:00+01:00,USDCHF,forex,1h,yahoo_finance,0.8078699707984924,0.8081899881362915,0.8071100115776062,0.8072199821472168,0,0.0,0.0,USDCHF=X,USDCHF,USD/CHF,-0.0008911851168544,-0.0007200241088867,0.0010799765586853,0.0006499886512756,-7.200241088867188,10.799765586853027,0.807625242641994,0.8071972012519837,,0.0005768977203096,0.0448646944179534,0.0008500009775161,45.840875289668766,51.24237207609104,59.869150382450265,0.0003166564203661,0.0003829654973926,-6.630907702652889e-05,0.8093000054359436,0.8046900033950806,0.0020800232887268,0.0025299787521362,0.5488020893939982,10,2,20,8,London,USD,CHF,True,False,5,-64.59656072413601,-70.16436504390434,12.876752884644954,-0.0015214317206274641,-0.0007427891640880979,0.0023219426429172962,0.00045853135369733344,0.8093000054359436,0.8051999807357788,0.4926803029642229,0.0010799765586853027,0.0008500009775161743,1.2705591961095744,1,0.0013339982218082346,sideways,1,2025-09-11 12:47:24.855708,2025-09-13T15:05:02.984977
2025-08-20 11:00:00+01:00,USDCHF,forex,1h,yahoo_finance,0.8072100281715393,0.8073999881744385,0.8066700100898743,0.8072699904441833,0,0.0,0.0,USDCHF=X,USDCHF,USD/CHF,6.195126244712412e-05,5.0008296966552734e-05,0.0007299780845642,5.996227264404297e-05,0.5000829696655273,7.29978084564209,0.8077166704904466,0.8072000014781952,,0.0005352405800466,0.0416250649265735,0.0008224993944168,51.9314402660527,43.374735452183934,52.48464131532453,0.0002437391615736,0.0003551202302288,-0.0001113810686552,0.8093000054359436,0.8046900033950806,0.0020300149917602,0.0025799870491027,0.5596498713522878,11,2,20,8,London,USD,CHF,True,False,5,-63.04351850137904,-115.57156089241589,13.266036903360162,-0.0011507192161037683,-0.001558362247456313,0.00135204313998738,0.00017346810823171133,0.8093000054359436,0.8058900237083435,0.4046844957175319,0.000729978084564209,0.0008224993944168091,0.887512002463902,1,0.0011744315468043944,sideways,1,2025-09-11 12:47:24.855708,2025-09-13T15:05:02.984977
2025-08-20 12:00:00+01:00,USDCHF,forex,1h,yahoo_finance,0.8072699904441833,0.8077200055122375,0.8070700168609619,0.8073599934577942,0,0.0,0.0,USDCHF=X,USDCHF,USD/CHF,0.0001114905975401,9.000301361083984e-05,0.0006499886512756,9.000301361083984e-05,0.9000301361083984,6.499886512756348,0.8077728606405712,0.8072002017498017,,0.0004840944612926,0.0376474881260752,0.0007950007915496,57.833873537329005,33.765840584202714,42.79431603749256,0.0001910123103369,0.0003222986462504,-0.0001312863359135,0.8093000054359436,0.8046900033950806,0.0019400119781494,0.0026699900627136,0.5791732929935482,12,2,20,8,London,USD,CHF,True,False,5,-71.06239902187677,-95.42219715940672,13.060938849984312,-0.0012123853249906835,-0.0017681160595154344,0.0004212843426321111,1.2403022941587238e-05,0.8093000054359436,0.8060799837112427,0.3975158728689632,0.0006499886512756348,0.0007950007915496826,0.8175949737215004,1,0.0009970233025467033,sideways,1,2025-09-11 12:47:24.855708,2025-09-13T15:05:02.984977
2025-08-20 13:00:00+01:00,USDCHF,forex,1h,yahoo_finance,0.8073400259017944,0.8073599934577942,0.8056300282478333,0.8056700229644775,0,0.0,0.0,USDCHF=X,USDCHF,USD/CHF,-0.0020932056418584,-0.0016899704933166,0.0017299652099609,0.0016700029373168,-16.899704933166504,17.299652099609375,0.8077085756120228,0.8071704018115997,,0.000673019068683,0.0523399448306273,0.0008444994688034,32.56714168265279,22.327954515353795,33.156176850580145,1.2713188159318989e-05,0.0002603815546322,-0.0002476683664729,0.8093000054359436,0.8046900033950806,0.003629982471466,0.0009800195693969,0.2125854957785449,13,2,20,8,London,USD,CHF,True,False,5,-98.91021893068277,-209.87877969721373,14.43982337013793,-0.0029206666561427674,-0.003931467443011871,-0.001907812283440169,-0.0018459746189197768,0.8093000054359436,0.8056300282478333,0.010897810693172222,0.0017299652099609375,0.0008444994688034058,2.048509530044077,1,0.0006400143113105931,sideways,1,2025-09-11 12:47:24.855708,2025-09-13T15:05:02.984977
2025-08-20 14:00:00+01:00,USDCHF,forex,1h,yahoo_finance,0.8056700229644775,0.8065000176429749,0.8050199747085571,0.8052499890327454,0,0.0,0.0,USDCHF=X,USDCHF,USD/CHF,-0.000521347350354,-0.0004200339317321,0.0014800429344177,0.0004200339317321,-4.200339317321777,14.800429344177246,0.8076152404149374,0.807130401134491,,0.0006780815101811,0.0527336452784264,0.0008945018053054,25.799788967963536,11.8005033059941,22.6314328018502,-0.000160631636709,0.0001761789163639,-0.000336810553073,0.8093000054359436,0.8046900033950806,0.0040500164031982,0.0005599856376647,0.1214718849798947,14,2,20,8,London,USD,CHF,True,False,5,-94.62587212945813,-196.47646613078902,16.2062776574626,-0.0033294764494004037,-0.003884303626446206,-0.0025146355436033163,-0.0024775890972198455,0.8093000054359436,0.8050199747085571,0.05374127870541869,0.0014800429344177246,0.000894501805305481,1.654600276533009,1,0.00030056860261015034,sideways,1,2025-09-11 12:47:24.855708,2025-09-13T15:05:02.984977
2025-08-20 15:00:00+01:00,USDCHF,forex,1h,yahoo_finance,0.8052700161933899,0.8055099844932556,0.803309977054596,0.8038300275802612,0,0.0,0.0,USDCHF=X,USDCHF,USD/CHF,-0.0017633796607557,-0.0014199614524841,0.0022000074386596,0.0014399886131286,-14.199614524841309,22.00007438659668,0.8074509558223543,0.8070592021942139,,0.0007567450327036,0.0588512199811267,0.0009705007076263,10.963583437295782,5.04861550980496,13.059024443717613,-0.0004078855869384,5.9366015703483714e-05,-0.0004672516026419,0.8093000054359436,0.803309977054596,0.0054699778556823,0.0005200505256652,0.086819375895558,15,2,20,8,London,USD,CHF,True,False,5,-91.3180624104442,-217.73702943771292,18.85876255365796,-0.004199542431962855,-0.0057145848355223405,-0.004692753262731109,-0.004409203886442392,0.8093000054359436,0.803309977054596,0.08681937589555803,0.002200007438659668,0.0009705007076263427,2.2668787579150367,1,-0.00018362792243852347,sideways,1,2025-09-11 12:47:24.855708,2025-09-13T15:05:02.984977
2025-08-20 16:00:00+01:00,USDCHF,forex,1h,yahoo_finance,0.8037599921226501,0.804639995098114,0.8036999702453613,0.804390013217926,0,0.0,0.0,USDCHF=X,USDCHF,USD/CHF,0.0006966468263824,0.0005599856376647,0.0009400248527526,0.0006300210952758,5.599856376647949,9.400248527526855,0.8072971474556696,0.8070050024986267,,0.0007831308276585,0.0609032139238161,0.0009990006685256,15.189097425257003,10.69554461364291,9.181554476480652,-0.0005522836614714,-6.296391973149706e-05,-0.0004893197417399,0.8093000054359436,0.803309977054596,0.0049099922180175,0.00108003616333,0.1803056838083107,16,2,20,8,NewYork,USD,CHF,True,False,5,-81.96943161916892,-160.27717529454202,21.321784242982226,-0.003567551451618689,-0.004714165417712635,-0.004036422115554883,-0.0033576815587689213,0.8093000054359436,0.803309977054596,0.18030568380831077,0.0009400248527526855,0.0009990006685256958,0.9409651888821601,1,-0.0005885933264288536,sideways,1,2025-09-11 12:47:24.855708,2025-09-13T15:05:02.984977
2025-08-20 17:00:00+01:00,USDCHF,forex,1h,yahoo_finance,0.8043799996376038,0.8044999837875366,0.8036500215530396,0.8039299845695496,0,0.0,0.0,USDCHF=X,USDCHF,USD/CHF,-0.0005718975134165,-0.0004600286483764,0.000849962234497,0.0004500150680541,-4.600286483764648,8.499622344970703,0.8071200024513971,0.8069412016868591,,0.0007795798629803,0.0606270593481139,0.0009999990463256,13.392524525021727,12.55556908575268,9.433243069733512,-0.0006958195970974,-0.0001895350552046,-0.0005062845418927,0.8093000054359436,0.803309977054596,0.005370020866394,0.0006200075149536,0.1035066072281483,17,2,20,8,NewYork,USD,CHF,True,False,5,-89.04579871312882,-132.4998596986112,23.634971647931955,-0.0042484256292592,-0.005455660225362702,-0.003915300534543142,-0.003952374478324638,0.8093000054359436,0.803309977054596,0.10350660722814839,0.0008499622344970703,0.0009999990463256836,0.8499630450849963,1,-0.001056086603435809,sideways,1,2025-09-11 12:47:24.855708,2025-09-13T15:05:02.984977
2025-08-20 18:00:00+01:00,USDCHF,forex,1h,yahoo_finance,0.8039299845695496,0.8040199875831604,0.8030800223350525,0.8032199740409851,0,0.0,0.0,USDCHF=X,USDCHF,USD/CHF,-0.0008831745826032,-0.0007100105285644,0.0009399652481079,0.0007100105285644,-7.100105285644531,9.399652481079102,0.8069357162430173,0.8068700015544892,,0.0007919039864836,0.0615854927332284,0.0009709954261779,12.912080864055014,10.453626347198464,11.23491334886468,-0.0008569858768487,-0.0003230252195335,-0.0005339606573152,0.8093000054359436,0.8030800223350525,0.0060800313949584,0.0001399517059326,0.0225003353968223,18,2,20,8,NewYork,USD,CHF,True,False,5,-97.62389062610684,-127.15265377433825,26.073194202108912,-0.0030410079234144405,-0.005952792809114205,-0.0042892466996629075,-0.004412611497362273,0.8093000054359436,0.8030800223350525,0.022500335396822356,0.0009399652481079102,0.0009709954261779785,0.9680429204571962,0,-0.0015640725035427723,sideways,1,2025-09-11 12:47:24.855708,2025-09-13T15:05:02.984977
2025-08-20 19:00:00+01:00,USDCHF,forex,1h,yahoo_finance,0.8032299876213074,0.8041200041770935,0.8031899929046631,0.8039900064468384,0,0.0,0.0,USDCHF=X,USDCHF,USD/CHF,0.0009586818440026,0.0007700324058532,0.0009300112724304,0.000760018825531,7.700324058532715,9.3001127243042,0.8068076201847622,0.8068046021461487,,0.0007882840793838,0.0613039765820374,0.0009594947099685,20.96391152502909,9.593360483063805,10.867518638671646,-0.0009120625360149,-0.0004408326828297,-0.0004712298531851,0.8093000054359436,0.8030800223350525,0.0053099989891052,0.0009099841117858,0.1463000939111102,19,2,20,8,NewYork,USD,CHF,True,False,5,-84.55022921157291,-95.64890829580875,28.153378671737638,-0.001564709845473522,-0.004888976630293307,-0.004334400152825935,-0.004050703008622203,0.8093000054359436,0.8030800223350525,0.14630009391111026,0.0009300112724304199,0.0009594947099685669,0.9692719123598786,0,-0.0019727251824260155,sideways,1,2025-09-11 12:47:24.855708,2025-09-13T15:05:02.984977
2025-08-20 20:00:00+01:00,USDCHF,forex,1h,yahoo_finance,0.8040099740028381,0.804099977016449,0.8034800291061401,0.8040500283241272,0,0.0,0.0,USDCHF=X,USDCHF,USD/CHF,7.465500417613846e-05,6.002187728881836e-05,0.0006199479103088,4.00543212890625e-05,0.6002187728881836,6.199479103088379,0.8066438124293372,0.8067320024967194,,0.0007778004332155,0.0604886750733477,0.0009604930877685,22.296937045908507,11.431568792144397,10.492851874135551,-0.0009400318232597,-0.0005406725109157,-0.0003993593123439,0.8093000054359436,0.8030800223350525,0.0052499771118164,0.0009700059890747,0.1559499396285719,20,2,20,8,NewYork,USD,CHF,True,False,5,-83.53117378588705,-78.12165348307752,30.08497853639289,0.00027369062652238263,-0.003927001180839773,-0.004666873411003358,-0.0044943324372859195,0.8093000054359436,0.8030800223350525,0.15594993962857198,0.0006199479103088379,0.0009604930877685547,0.6454475500173757,0,-0.0022758480922393876,sideways,1,2025-09-11 12:47:24.855708,2025-09-13T15:05:02.984977
2025-08-20 21:00:00+01:00,USDCHF,forex,1h,yahoo_finance,0.8040500283241272,0.804419994354248,0.8036500215530396,0.8041099905967712,0,0.0,0.0,USDCHF=X,USDCHF,USD/CHF,7.457530070498208e-05,5.996227264404297e-05,0.0007699728012084,5.996227264404297e-05,0.5996227264404297,7.699728012084961,0.806467144262223,0.806663202047348,,0.0007369791112518,0.0573140462419951,0.0009284913539886,21.457528957528964,16.89312869493435,12.63935265671418,-0.0009464491575447,-0.0006218278402415,-0.0003246213173031,0.8093000054359436,0.8030800223350525,0.0051900148391723,0.0010299682617187,0.1655902025796807,21,2,20,8,Sydney,USD,CHF,True,False,5,-81.23921091773697,-61.93388894046304,31.245717008646334,-0.00034811797331313343,-0.003914427496150785,-0.0054666896475766835,-0.004259825909121218,0.8093000054359436,0.8030800223350525,0.1655902025796807,0.0007699728012084961,0.0009284913539886475,0.8292729898892633,0,-0.002582489220920386,sideways,1,2025-09-11 12:47:24.855708,2025-09-13T15:05:02.984977
2025-08-20 22:00:00+01:00,USDCHF,forex,1h,yahoo_finance,0.8036500215530396,0.8041700124740601,0.8027700185775757,0.8032900094985962,0,0.0,0.0,USDCHF=X,USDCHF,USD/CHF,-0.0010197374833839,-0.000819981098175,0.0013999938964843,0.0003600120544433,-8.199810981750488,13.99993896484375,0.8062176221892947,0.8065876019001007,,0.0007409654678828,0.0576240607658762,0.0009599924087524,20.075860200487668,14.84947853203595,14.39139200637156,-0.0010061027539257,-0.0006986828229784,-0.0003074199309473,0.8093000054359436,0.8027700185775757,0.0060099959373474,0.0005199909210205,0.0796312354525124,22,2,20,8,Sydney,USD,CHF,True,False,5,-90.68117970026812,-79.02460140862145,32.87790438709324,-0.0007960582180499554,-0.005041101853173191,-0.006800304659544398,-0.004683617633409076,0.8093000054359436,0.8027700185775757,0.07963123545251244,0.001399993896484375,0.0009599924087524414,1.4583385073885509,0,-0.0029935958192077727,sideways,1,2025-09-11 12:47:24.855708,2025-09-13T15:05:02.984977
2025-08-20 23:00:00+01:00,USDCHF,forex,1h,yahoo_finance,0.8030499815940857,0.8040000200271606,0.8029000163078308,0.803849995136261,0,0.0,0.0,USDCHF=X,USDCHF,USD/CHF,0.0006971151527384,0.0005599856376647,0.0011000037193298,0.0008000135421752,5.599856376647949,11.00003719329834,0.8059823825245812,0.8065256023406983,,0.0007717828761948,0.0600206963530855,0.0009869933128356,25.6257059839018,16.00182935352263,15.91481219349764,-0.000996703172217,-0.0007582868928261,-0.0002384162793908,0.8093000054359436,0.8027700185775757,0.0054500102996826,0.0010799765586853,0.1653872484140386,23,2,20,8,Sydney,USD,CHF,True,False,5,-80.074121321427,-64.98269575167156,34.393506952793935,0.0007843693080815672,-0.0022590238886135428,-0.006181610052754416,-0.0038415987030643306,0.8089699745178223,0.8027700185775757,0.17419100540291105,0.001100003719329834,0.0009869933128356934,1.114499667854339,0,-0.0031426162900920385,sideways,1,2025-09-11 12:47:24.855708,2025-09-13T15:05:02.984977
2025-08-21 00:00:00+01:00,USDCHF,forex,1h,yahoo_finance,0.803849995136261,0.8042500019073486,0.803849995136261,0.8041099905967712,0,0.0,0.0,USDCHF=X,USDCHF,USD/CHF,0.0003234377832721,0.0002599954605102,0.0004000067710876,0.0002599954605102,2.599954605102539,4.000067710876465,0.805756668249766,0.8064660024642945,,0.00078174392221,0.0607953558287927,0.0009694933891296,30.39092624189172,18.771637410347093,16.54098176530189,-0.0009572400280533,-0.0007980775198715,-0.0001591625081817,0.8093000054359436,0.8027700185775757,0.0051900148391723,0.0013399720191955,0.2052028661402948,0,3,21,8,Sydney,USD,CHF,True,False,5,-72.92978674726359,-34.560798133432925,35.300271606813375,0.00014923587230031288,-0.0014157074840118744,-0.0052945120727438955,-0.003692269607760257,0.8089699745178223,0.8027700185775757,0.21612605510584706,0.0004000067710876465,0.0009694933891296387,0.41259360360028036,0,-0.003210303293101786,sideways,1,2025-09-11 12:47:24.855708,2025-09-13T15:05:02.984977
2025-08-21 01:00:00+01:00,USDCHF,forex,1h,yahoo_finance,0.8041099905967712,0.8050000071525574,0.8040000200271606,0.8043699860572815,0,0.0,0.0,USDCHF=X,USDCHF,USD/CHF,0.0003233332050971,0.0002599954605102,0.0009999871253967,0.0002599954605102,2.599954605102539,9.999871253967283,0.8055652379989624,0.8064096021652222,,0.0007893832168196,0.0613894552785959,0.0009959936141967,32.18663503361013,26.439584197781382,20.404350320550364,-0.0008946725320824,-0.0008173965223137,-7.727600976868395e-05,0.8093000054359436,0.8027700185775757,0.0049300193786621,0.0015999674797058,0.245018483866551,1,3,21,8,Sydney,USD,CHF,True,False,5,-67.67733933796525,0.285664923759562,34.79622724182351,0.00039793261847287376,0.0006717321554230438,-0.005046691350488186,-0.003493619779830759,0.8089699745178223,0.8027700185775757,0.2580611048087831,0.0009999871253967285,0.0009959936141967773,1.0040095751047278,0,-0.00307362946827064,sideways,1,2025-09-11 12:47:24.855708,2025-09-13T15:05:02.984977
2025-08-21 02:00:00+01:00,USDCHF,forex,1h,yahoo_finance,0.8043799996376038,0.8050299882888794,0.8040900230407715,0.8049600124359131,0,0.0,0.0,USDCHF=X,USDCHF,USD/CHF,0.0007335260997538,0.0005900263786315,0.0009399652481079,0.0005800127983093,5.900263786315918,9.399652481079102,0.805399048896063,0.8063608026504516,,0.0008193180927926,0.0637174573068412,0.0010194927453994,36.111206926287466,35.70180650916922,26.97100937243256,-0.0007883891256242,-0.0008115950429758,2.320591735155658e-05,0.8093000054359436,0.8027700185775757,0.0043399930000305,0.0021899938583374,0.3353749258363379,2,3,21,8,Sydney,USD,CHF,True,False,5,-52.287454387263494,51.52448997241405,34.27794070993058,0.0010570964781957404,0.0007086105105988949,-0.0040088954142774025,-0.0030220160691880604,0.8089699745178223,0.8027700185775757,0.3532273260397239,0.0009399652481079102,0.001019492745399475,0.9219930718973355,0,-0.0029426094030648416,sideways,1,2025-09-11 12:47:24.855708,2025-09-13T15:05:02.984977
2025-08-21 03:00:00+01:00,USDCHF,forex,1h,yahoo_finance,0.8049600124359131,0.8051300048828125,0.8046500086784363,0.8049700260162354,0,0.0,0.0,USDCHF=X,USDCHF,USD/CHF,1.243984815091359e-05,1.0013580322265623e-05,0.0004799962043762,1.0013580322265623e-05,0.1001358032226562,4.799962043762207,0.8052452405293783,0.8063130033016205,,0.0008162406780949,0.0634781301867129,0.0009914934635162,44.971311124432646,46.33888457506464,36.16009176067174,-0.0006953353552384,-0.0007883431054283,9.30077501899016e-05,0.8093000054359436,0.8027700185775757,0.0043299794197082,0.0022000074386596,0.3369084021724248,3,3,21,8,Tokyo,USD,CHF,True,False,5,-41.018552549577336,112.38060030728839,33.62062273268025,0.002091419658869942,0.0012936965490131236,-0.004169021645155757,-0.002960225253821447,0.8085700273513794,0.8027700185775757,0.379311053561886,0.0004799962043762207,0.0009914934635162354,0.4841143406775076,0,-0.0027545151542243923,sideways,1,2025-09-11 12:47:24.855708,2025-09-13T15:05:02.984977
2025-08-21 04:00:00+01:00,USDCHF,forex,1h,yahoo_finance,0.8049700260162354,0.8052399754524231,0.8047999739646912,0.8050600290298462,0,0.0,0.0,USDCHF=X,USDCHF,USD/CHF,0.000111809149039,9.000301361083984e-05,0.0004400014877319,9.000301361083984e-05,0.9000301361083984,4.400014877319336,0.805089050815219,0.8062568044662476,0.8070053301014743,0.0008181648166348,0.0636277683020521,0.0009634912014007,48.56742153857218,63.42401884690671,48.48823664371351,-0.0006073262076102,-0.0007521397258647,0.0001448135182544,0.8093000054359436,0.8027700185775757,0.0042399764060974,0.0022900104522705,0.3506914335265392,4,3,21,8,Tokyo,USD,CHF,True,False,5,-16.421936522439037,151.33505782539766,32.81039460769857,0.0015052981288878886,0.0022908481466215047,-0.0036755816068667624,-0.003478210442540597,0.8083500266075134,0.8027700185775757,0.41039554781716997,0.0004400014877319336,0.0009634912014007569,0.45667411087121934,0,-0.002456781811217981,sideways,1,2025-09-11 12:47:24.855708,2025-09-13T15:05:02.984977
2025-08-21 05:00:00+01:00,USDCHF,forex,1h,yahoo_finance,0.8050600290298462,0.8053500056266785,0.8047000169754028,0.8053399920463562,0,0.0,0.0,USDCHF=X,USDCHF,USD/CHF,0.0003477542126235,0.00027996301651,0.0006499886512756,0.00027996301651,2.7996301651000977,6.499886512756348,0.8049609547569638,0.806211804151535,0.8069717586040497,0.0008267001376116,0.0642915507263865,0.0009664893150329,63.75194067769008,80.72379523713197,63.4955662197011,-0.0005091188589442,-0.0007035355524806,0.0001944166935364,0.8093000054359436,0.8027700185775757,0.0039600133895874,0.0025699734687805,0.3935648760896353,5,3,21,8,Tokyo,USD,CHF,True,False,5,-0.38812521658773247,131.92522488102722,31.85246096206665,0.001529643287570881,0.001679107437521532,-0.003218078309793704,-0.0027860866453831568,0.8081899881362915,0.8027700185775757,0.4741675097875335,0.0006499886512756348,0.000966489315032959,0.6725254394079556,0,-0.002233653946079768,sideways,1,2025-09-11 12:47:24.855708,2025-09-13T15:05:02.984977
2025-08-21 06:00:00+01:00,USDCHF,forex,1h,yahoo_finance,0.8052999973297119,0.8055099844932556,0.8047800064086914,0.8048099875450134,0,0.0,0.0,USDCHF=X,USDCHF,USD/CHF,-0.0006581127307437,-0.0005300045013427,0.0007299780845642,0.0004900097846984,-5.300045013427734,7.29978084564209,0.8048119062469119,0.8061594033241272,0.8069342309302026,0.0008174537663046,0.0635724707082865,0.0009489893913269,53.845901925680096,85.88076219422275,76.67619209275381,-0.0004686533887896,-0.0006565591197424,0.0001879057309527,0.8093000054359436,0.8027700185775757,0.0044900178909301,0.0020399689674377,0.312400164301036,6,3,21,8,Tokyo,USD,CHF,True,False,5,-25.547651678304945,97.12755119221616,30.659805234278313,0.0005470138062817487,0.0009451640993909383,-0.0029855487419832016,-0.003244914452725123,0.8077200055122375,0.8027700185775757,0.4121160306814214,0.000729978084564209,0.0009489893913269043,0.7692162749506953,0,-0.0020745294557461837,sideways,1,2025-09-11 12:47:24.855708,2025-09-13T15:05:02.984977
2025-08-21 07:00:00+01:00,USDCHF,forex,1h,yahoo_finance,0.8047500252723694,0.8064000010490417,0.804610013961792,0.8059800267219543,0,0.0,0.0,USDCHF=X,USDCHF,USD/CHF,0.0014538079733701,0.0011700391769409,0.0017899870872497,0.0012300014495849,11.70039176940918,17.89987087249756,0.8047528607504708,0.8061358034610748,0.8068981321303399,0.0008922027992453,0.0693856199076311,0.0010019898414611,66.61289076084856,87.49820884891949,84.70092209342472,-0.0003382724914755,-0.000592901794089,0.0002546293026135,0.8093000054359436,0.8027700185775757,0.0033199787139892,0.0032100081443786,0.4915795719045228,7,3,21,8,Tokyo,USD,CHF,True,False,5,-11.569596558348795,138.78797821179157,28.831432729783256,0.0012671614369446083,0.002325597427032644,-0.0015979334516315058,-0.001461907333816903,0.8077200055122375,0.8027700185775757,0.6484882054740086,0.0017899870872497559,0.0010019898414611816,1.786432370052229,0,-0.00181333957178914,sideways,1,2025-09-11 12:47:24.855708,2025-09-13T15:05:02.984977
2025-08-21 08:00:00+01:00,USDCHF,forex,1h,yahoo_finance,0.8059700131416321,0.8065000176429749,0.8046900033950806,0.8049200177192688,0,0.0,0.0,USDCHF=X,USDCHF,USD/CHF,-0.0013151802371539,-0.0010600090026855,0.0018100142478942,0.0010499954223632,-10.600090026855469,18.10014247894287,0.8046409572873797,0.806089004278183,0.8068553301004263,0.000932256005238,0.0725005132137755,0.0010599911212921,63.03707902146488,73.50783128844311,82.29560077719512,-0.000316826334092,-0.0005376867020896,0.0002208603679976,0.8093000054359436,0.8027700185775757,0.0043799877166748,0.0021499991416931,0.3292501483273242,8,3,21,8,Tokyo,USD,CHF,True,False,5,-42.35925789801691,93.74677669892685,27.274745751278925,-6.212442122099926e-05,0.0020291653094131057,-0.00302216577276182,-0.0028986438218859822,0.8073599934577942,0.8027700185775757,0.4684119625488592,0.0018100142478942871,0.0010599911212921143,1.7075749141067382,1,-0.001553175816873878,sideways,1,2025-09-11 12:47:24.855708,2025-09-13T15:05:02.984977
2025-08-21 09:00:00+01:00,USDCHF,forex,1h,yahoo_finance,0.8049700260162354,0.8054999709129333,0.8048099875450134,0.8052399754524231,0,0.0,0.0,USDCHF=X,USDCHF,USD/CHF,0.000397502517158,0.0003199577331542,0.0006899833679199,0.0002699494361877,3.1995773315429688,6.899833679199219,0.8045400040490287,0.8060724031925202,0.8068149453336066,0.0008185674151527,0.0636590779412505,0.00100799202919,60.29635594135727,70.7632817024619,77.25644061327483,-0.0002708895519341,-0.0004843272720585,0.0002134377201244,0.8093000054359436,0.8027700185775757,0.0040600299835205,0.0024699568748474,0.3782483683994341,9,3,21,8,London,USD,CHF,True,False,5,-33.781300436248586,64.52105952106146,25.82925069981062,0.0002235192607857872,0.0017291538527988148,-0.0005337762356752984,-0.0010297545529814878,0.8065000176429749,0.8027700185775757,0.6621869956375142,0.0006899833679199219,0.0010079920291900634,0.6845127222626292,1,-0.0013601741308490508,sideways,1,2025-09-11 12:47:24.855708,2025-09-13T15:05:02.984977
2025-08-21 10:00:00+01:00,USDCHF,forex,1h,yahoo_finance,0.8052399754524231,0.805400013923645,0.8048800230026245,0.8053399920463562,0,0.0,0.0,USDCHF=X,USDCHF,USD/CHF,0.0001242071891387,0.0001000165939331,0.0005199909210205,0.0001000165939331,1.000165939331055,5.199909210205078,0.8045242882910228,0.8060638034343719,0.806777088196723,0.0008107125802139,0.0630482161596442,0.0009599894285202,60.55624926834979,64.25318397545503,69.50809898878668,-0.0002238336072509,-0.000432228539097,0.000208394931846,0.8093000054359436,0.8027700185775757,0.0039600133895874,0.0025699734687805,0.3935648760896353,10,3,21,8,London,USD,CHF,True,False,5,-31.099889739369438,60.065489492448,24.48700529487576,0.0,0.001529643287570881,0.00011177027610886903,-0.0005336360476402291,0.8065000176429749,0.8027700185775757,0.6890011026063056,0.0005199909210205078,0.0009599894285202027,0.5416631741685526,1,-0.0011969262522350756,sideways,1,2025-09-11 12:47:24.855708,2025-09-13T15:05:02.984977
2025-08-21 11:00:00+01:00,USDCHF,forex,1h,yahoo_finance,0.8053399920463562,0.8060399889945984,0.8052700161933899,0.8059499859809875,0,0.0,0.0,USDCHF=X,USDCHF,USD/CHF,0.0007574365369356,0.0006099939346313,0.0007699728012084,0.0006099939346313,6.099939346313477,7.699728012084961,0.8045576214790344,0.8060626029968262,0.8067421978646583,0.0007109878711265,0.0552927363898118,0.0008884876966476,63.813811126226106,73.45754965723324,69.49133844505006,-0.0001357551407715,-0.0003729338594319,0.0002371787186603,0.8093000054359436,0.8027700185775757,0.003350019454956,0.0031799674034118,0.4869791428962621,11,3,21,8,London,USD,CHF,True,False,5,-14.74616085268221,111.6242690729632,24.18731177365721,0.0014164814721691066,0.0019642701133724128,0.0026373217321924436,-7.446790573772955e-05,0.8065000176429749,0.8027700185775757,0.8525383914731779,0.0007699728012084961,0.0008884876966476441,0.8666105384617965,1,-0.0009994242313136883,sideways,1,2025-09-11 12:47:24.855708,2025-09-13T15:05:02.984977
2025-08-21 12:00:00+01:00,USDCHF,forex,1h,yahoo_finance,0.8059300184249878,0.806879997253418,0.805400013923645,0.8065900206565857,0,0.0,0.0,USDCHF=X,USDCHF,USD/CHF,0.0007941369647386,0.0006400346755981,0.0014799833297729,0.0006600022315979,6.400346755981445,14.799833297729492,0.8046890497207642,0.8060794031620026,0.8067089561577682,0.0007153838445007,0.0556346063524775,0.0009154856204986,75.46289908661939,82.28935679499666,73.33336347589498,-1.4143852329895346e-05,-0.0003011758580115,0.0002870320056816,0.8093000054359436,0.8027700185775757,0.0027099847793579,0.00382000207901,0.5849938387111496,12,3,21,8,London,USD,CHF,True,False,5,-7.285879022958381,172.4450894156897,24.86395977052106,0.0007568350510027688,0.0020249555201381497,0.002735000935502274,0.0010425172148864625,0.806879997253418,0.8027700185775757,0.9294457174348116,0.0014799833297729492,0.0009154856204986572,1.6166101319721602,1,-0.0008180308762551514,sideways,1,2025-09-11 12:47:24.855708,2025-09-13T15:05:02.984977
2025-08-21 13:00:00+01:00,USDCHF,forex,1h,yahoo_finance,0.8065599799156189,0.80690997838974,0.805109977722168,0.8061100244522095,0,0.0,0.0,USDCHF=X,USDCHF,USD/CHF,-0.0005950931601974,-0.0004799962043762,0.001800000667572,0.0004499554634094,-4.799962043762207,18.000006675720215,0.8047709550176348,0.806099603176117,0.8066760992610847,0.0007166110344247,0.0557300435486926,0.0009629875421524,67.65634458672875,83.9418438379911,79.89625009674033,4.300654937927639e-05,-0.0002323393765333,0.0002753459259126,0.8093000054359436,0.8027700185775757,0.0031899809837341,0.0033400058746337,0.511487380767651,13,3,21,8,London,USD,CHF,True,False,5,-26.14242861038607,126.1556922098952,24.931809111857557,0.0014784161242660243,0.0014161998572990164,0.002711728539180225,0.0012545033858264443,0.80690997838974,0.8027700185775757,0.8067725355255769,0.0018000006675720215,0.0009629875421524048,1.869183752417795,1,-0.0007016477973544945,sideways,1,2025-09-11 12:47:24.855708,2025-09-13T15:05:02.984977
2025-08-21 14:00:00+01:00,USDCHF,forex,1h,yahoo_finance,0.8061599731445312,0.807919979095459,0.8057900071144104,0.807479977607727,0,0.0,0.0,USDCHF=X,USDCHF,USD/CHF,0.0016994617533114,0.0013699531555175,0.0021299719810485,0.0013200044631958,13.69953155517578,21.29971981048584,0.804940002305167,0.8061424028873444,0.8066557144725716,0.0007550206732211,0.0587171184610039,0.0010224878787994,72.436645316952,85.11568247111207,83.78229436803328,0.0001965763753615,-0.0001465562261543,0.0003431326015159,0.8093000054359436,0.8027700185775757,0.0018200278282165,0.0047099590301513,0.7212815480808726,14,3,21,8,London,USD,CHF,True,False,5,-11.224644953319345,206.05178783040253,25.950924417747455,0.0027817821066886683,0.003005923149354439,0.005303657409451601,0.0026572448686339456,0.807919979095459,0.8027700185775757,0.9145621629128955,0.002129971981048584,0.0010224878787994385,2.083126876329826,1,-0.00045451382180602186,sideways,1,2025-09-11 12:47:24.855708,2025-09-13T15:05:02.984977
2025-08-21 15:00:00+01:00,USDCHF,forex,1h,yahoo_finance,0.807449996471405,0.8083800077438354,0.8068199753761292,0.8079100251197815,0,0.0,0.0,USDCHF=X,USDCHF,USD/CHF,0.0005325797839947,0.0004300475120544,0.0015600323677062,0.0004600286483764,4.300475120544434,15.600323677062988,0.8051633380708241,0.8061896038055419,0.8066305498500447,0.0007402778147164,0.0575705827435349,0.0010539889335632,73.04695382227396,83.89252715020177,84.316684486435,0.0003489602009961,-4.745294072427957e-05,0.0003964131417204,0.8093000054359436,0.8027700185775757,0.0013899803161621,0.0051400065422058,0.7871388800146045,15,3,21,8,London,USD,CHF,True,False,5,-10.955344985689276,207.35691042785766,27.250357158766786,0.0031912398475268944,0.0031912398475268944,0.004875705719611156,0.0029297324446539985,0.8083800077438354,0.8027700185775757,0.916223969400765,0.0015600323677062988,0.0010539889335632324,1.4801221512186846,1,-0.0001942476987695801,sideways,1,2025-09-11 12:47:24.855708,2025-09-13T15:05:02.984977
2025-08-21 16:00:00+01:00,USDCHF,forex,1h,yahoo_finance,0.8079500198364258,0.8089600205421448,0.8072400093078613,0.808489978313446,0,0.0,0.0,USDCHF=X,USDCHF,USD/CHF,0.000717843789076,0.0005799531936645,0.0017200112342834,0.0005399584770202,5.799531936645508,17.200112342834473,0.8053776224454244,0.8062524032592774,0.8066109893741188,0.0007465021811254,0.0580546448000425,0.0011089920997619,73.0115557075248,89.0048193103283,86.00434297721404,0.0005106365414162,6.416495570382716e-05,0.0004464715857124,0.8093000054359436,0.8027700185775757,0.0008100271224975,0.0057199597358703,0.8759527178129707,16,3,21,8,NewYork,USD,CHF,True,False,5,-10.805552130006442,186.62124008647322,28.853652682636103,0.003151550811638648,0.004572496397140968,0.005521982255971114,0.0038988919908484743,0.8089600205421448,0.8027700185775757,0.9240642844074684,0.0017200112342834473,0.0011089920997619628,1.5509679777273755,1,0.00018430847113871894,sideways,1,2025-09-11 12:47:24.855708,2025-09-13T15:05:02.984977
2025-08-21 17:00:00+01:00,USDCHF,forex,1h,yahoo_finance,0.8084700107574463,0.8087800145149231,0.8080899715423584,0.8080999851226807,0,0.0,0.0,USDCHF=X,USDCHF,USD/CHF,-0.0004823723252314,-0.0003899931907653,0.0006900429725646,0.0003700256347656,-3.8999319076538086,6.900429725646973,0.8055704775310698,0.8062908029556275,0.806590165083225,0.0007645670667639,0.0594595308748708,0.0011049956083297,69.44082454685464,86.15606786971682,86.35113811008232,0.0006003762591652,0.0001714072163961,0.0004289690427691,0.8093000054359436,0.8027700185775757,0.0012000203132629,0.0053299665451049,0.8162292912235863,17,3,21,8,NewYork,USD,CHF,True,False,5,-19.77089927515381,147.63791641291076,30.342427097657612,0.0018720346488614314,0.00263028652130326,0.0049620009359021555,0.002381583290056888,0.8089600205421448,0.8027700185775757,0.8610605579147047,0.0006900429725646973,0.001104995608329773,0.6244757602319466,1,0.00039960184382363973,sideways,1,2025-09-11 12:47:24.855708,2025-09-13T15:05:02.984977
2025-08-21 18:00:00+01:00,USDCHF,forex,1h,yahoo_finance,0.8080800175666809,0.8084499835968018,0.807699978351593,0.8083000183105469,0,0.0,0.0,USDCHF=X,USDCHF,USD/CHF,0.0002475351955808,0.0002000331878662,0.0007500052452087,0.0002200007438659,2.0003318786621094,7.500052452087402,0.8057700026602972,0.8063164031505585,0.8065750002861023,0.0007041140818564,0.0547581694393106,0.0010724961757659,69.85288746694715,84.75036881745477,86.63708533249996,0.0006798003188689,0.0002730858368906,0.0004067144819782,0.8093000054359436,0.8027700185775757,0.0009999871253967,0.0055299997329711,0.8468623066039889,18,3,21,8,NewYork,USD,CHF,True,False,5,-15.17244214247544,108.98439257544555,30.955495628452024,0.002716743114347997,0.004199175715439818,0.006236861846542707,0.001586094189695686,0.8089600205421448,0.8029000163078308,0.8910888167601062,0.0007500052452087402,0.0010724961757659912,0.6993080834745881,0,0.0007870299466019304,sideways,1,2025-09-11 12:47:24.855708,2025-09-13T15:05:02.984977
2025-08-21 19:00:00+01:00,USDCHF,forex,1h,yahoo_finance,0.8083000183105469,0.808899998664856,0.808139979839325,0.8088600039482117,0,0.0,0.0,USDCHF=X,USDCHF,USD/CHF,0.0006927942904606,0.0005599856376647,0.000760018825531,0.0005599856376647,5.599856376647949,7.600188255310059,0.8060352404912313,0.8063494026660919,0.8065635168945396,0.0007039900780482,0.0547485258009882,0.001055496931076,70.85310734463278,87.58581000534384,86.16408223083847,0.0007789513417503,0.0003742589378626,0.0004046924038877,0.8093000054359436,0.8027700185775757,0.0004400014877319,0.0060899853706359,0.932618319565515,19,3,21,8,NewYork,USD,CHF,True,False,5,-2.2992285663391843,112.01589911631329,31.882823297424384,0.0017090533248553808,0.004495589645502562,0.006232517064457266,0.002044047669241378,0.8089600205421448,0.803849995136261,0.9804273783418094,0.0007600188255310059,0.0010554969310760498,0.7200578259912019,0,0.0011950135841551275,sideways,1,2025-09-11 12:47:24.855708,2025-09-13T15:05:02.984977
2025-08-21 20:00:00+01:00,USDCHF,forex,1h,yahoo_finance,0.8088799715042114,0.8090400099754333,0.8085899949073792,0.808929979801178,0,0.0,0.0,USDCHF=X,USDCHF,USD/CHF,8.651169871765063e-05,6.99758529663086e-05,0.0004500150680541,5.0008296966552734e-05,0.6997585296630859,4.500150680541992,0.806277144522894,0.8063824021816254,0.8065509344195272,0.0007057599440015,0.0548861663087637,0.0010579973459243,75.81452323688023,93.34819198143585,88.56145693474481,0.0008533389462417,0.0004700749395384,0.0003832640067033,0.8093000054359436,0.8027700185775757,0.0003700256347656,0.0061599612236022,0.9433343982474556,20,3,21,8,NewYork,USD,CHF,True,False,5,-2.4837533468778172,105.00582496409378,32.851087300611916,0.0012624607316207292,0.004457729394140353,0.005994191417556749,0.002043870489107702,0.8090400099754333,0.8040000200271606,0.9781685726787848,0.0004500150680541992,0.0010579973459243774,0.4253461218856072,0,0.001599238458355624,sideways,1,2025-09-11 12:47:24.855708,2025-09-13T15:05:02.984977
2025-08-21 21:00:00+01:00,USDCHF,forex,1h,yahoo_finance,0.808929979801178,0.8090299963951111,0.8083099722862244,0.8083500266075134,0,0.0,0.0,USDCHF=X,USDCHF,USD/CHF,-0.0007169386821429,-0.0005799531936645,0.0007200241088867,0.0005799531936645,-5.799531936645508,7.200241088867188,0.806479050999596,0.8063970029354095,0.8065368136861822,0.0007413173128491,0.0576514233577879,0.0010439991950988,66.0353922343566,93.11845182075474,91.35081793584482,0.0008556311092682,0.0005471861734843,0.0003084449357838,0.8093000054359436,0.8027700185775757,0.0009499788284301,0.0055800080299377,0.8545205604490895,21,3,21,8,Sydney,USD,CHF,True,False,5,-15.861662624518711,77.963627250268,33.18398204192469,-0.00017310258591529681,0.0029779026841281198,0.004948022202743596,0.0009039371229366822,0.8090400099754333,0.8040900230407715,0.8606090527050947,0.0007200241088867188,0.001043999195098877,0.6896787969444031,0,0.0018787285332952052,sideways,1,2025-09-11 12:47:24.855708,2025-09-13T15:05:02.984977
2025-08-21 22:00:00+01:00,USDCHF,forex,1h,yahoo_finance,0.8083800077438354,0.8086000084877014,0.8067100048065186,0.8074399828910828,0,0.0,0.0,USDCHF=X,USDCHF,USD/CHF,-0.0011258040285467,-0.0009100437164306,0.0018900036811828,0.0009400248527526,-9.10043716430664,18.900036811828613,0.8066252413250151,0.8063928020000458,0.806517033459066,0.0007919599405632,0.0615898442198066,0.0010915011167526,67.40322394744209,81.27636173741185,89.24766851320082,0.0007750801152972,0.0005927649618469,0.0001823151534502,0.8093000054359436,0.8027700185775757,0.0018600225448608,0.004669964313507,0.7151567705718589,22,3,21,8,Sydney,USD,CHF,True,False,5,-37.82549881636794,19.124889936652245,31.026286869511946,-0.0008167333792212794,0.0010537723164554258,0.0030808616786628384,-0.0002600715167151435,0.8090400099754333,0.804610013961792,0.6388197462427513,0.0018900036811828613,0.0010915011167526244,1.7315636715113025,0,0.001989350864012043,sideways,1,2025-09-11 12:47:24.855708,2025-09-13T15:05:02.984977
2025-08-21 23:00:00+01:00,USDCHF,forex,1h,yahoo_finance,0.8077999949455261,0.8086199760437012,0.8072400093078613,0.8085399866104126,0,0.0,0.0,USDCHF=X,USDCHF,USD/CHF,0.0013623349631401,0.0011000037193298,0.0013799667358398,0.0007399916648864,11.00003719329834,13.799667358398438,0.8067957162857056,0.8064218020439148,0.8065000553052504,0.0008355716771934,0.0649814804978902,0.0011364996433258,70.573677287017,78.09766949673175,84.16416101829945,0.0007908871091063,0.0006323893912988,0.0001584977178075,0.8093000054359436,0.8027700185775757,0.000760018825531,0.0057699680328369,0.8836109716580713,23,3,21,8,Sydney,USD,CHF,True,False,5,-12.019830068918088,44.61624213097194,29.046026399011737,0.0002968802355929334,0.003014429897276516,0.004434898789765995,0.001796580581406193,0.8090400099754333,0.804610013961792,0.8871278070045612,0.0013799667358398438,0.0011364996433258056,1.214225401603793,0,0.0022546443867650576,sideways,1,2025-09-11 12:47:24.855708,2025-09-13T15:05:02.984977
2025-08-22 00:00:00+01:00,USDCHF,forex,1h,yahoo_finance,0.8084999918937683,0.808899998664856,0.8084999918937683,0.80867999792099,0,0.0,0.0,USDCHF=X,USDCHF,USD/CHF,0.0001731655983574,0.0001400113105773,0.0004000067710876,0.0001800060272216,1.4001131057739258,4.000067710876465,0.8069723816145034,0.8064618015289307,0.8064931323240091,0.0008352598977242,0.064957233755151,0.0011344999074935,70.71969472874638,80.33137807410664,79.90180310275008,0.0008054275387873,0.0006669970207965,0.0001384305179907,0.8093000054359436,0.8027700185775757,0.0006200075149536,0.0059099793434143,0.9050522568572864,0,4,22,8,Sydney,USD,CHF,True,False,5,-9.160536892394024,77.92336198379928,27.54115945504962,-0.00022254287063649958,0.0014861301165858265,0.004496520458860731,0.002479265870120484,0.8090400099754333,0.804610013961792,0.9187330974260995,0.0004000067710876465,0.0011344999074935913,0.35258422538911144,0,0.002353734463374512,sideways,1,2025-09-11 12:47:24.855708,2025-09-13T15:05:02.984977
2025-08-22 01:00:00+01:00,USDCHF,forex,1h,yahoo_finance,0.80867999792099,0.8089799880981445,0.8086100220680237,0.8088300228118896,0,0.0,0.0,USDCHF=X,USDCHF,USD/CHF,0.0001855182411898,0.0001500248908996,0.0003699660301208,0.0001500248908996,1.500248908996582,3.699660301208496,0.807151905127934,0.8064886021614075,0.8064871983868735,0.0008347893755351,0.064920641767553,0.0011204987764358,68.94758719129146,91.15883068883944,83.19595941989262,0.000819608747404,0.000697519366118,0.000122089381286,0.8093000054359436,0.8027700185775757,0.0004699826240539,0.0060600042343139,0.9280270183925882,1,4,22,8,Sydney,USD,CHF,True,False,5,-5.343140972169561,81.7432573737367,26.24011411024693,-0.00012356692394177582,0.001138737809289747,0.004333611642289625,0.0016595024563323957,0.8090400099754333,0.804610013961792,0.9525987917602895,0.0003699660301208496,0.001120498776435852,0.33017977163496703,0,0.0024344994673523813,sideways,1,2025-09-11 12:47:24.855708,2025-09-13T15:05:02.984977
2025-08-22 02:00:00+01:00,USDCHF,forex,1h,yahoo_finance,0.8088300228118896,0.809909999370575,0.8087199926376343,0.8097699880599976,0,0.0,0.0,USDCHF=X,USDCHF,USD/CHF,0.0011621295223935,0.0009399652481079,0.0011900067329406,0.0009399652481079,9.399652481079102,11.900067329406738,0.8073628573190599,0.806527601480484,0.8064815939127744,0.0008336335600957,0.0648307552856565,0.0011435002088546,70.12652879529799,94.1931443290527,88.56111769733292,0.0008963620822534,0.0007372879093451,0.0001590741729082,0.809909999370575,0.8027700185775757,0.0001400113105773,0.0069999694824218,0.9803905199976626,2,4,22,8,Sydney,USD,CHF,True,False,5,-2.916889148278303,142.2131515730636,26.03621301641352,0.00175661706654906,0.0015832104056772156,0.006162946026693872,0.002413861875746548,0.809909999370575,0.804610013961792,0.9735826988607609,0.0011900067329406738,0.0011435002088546753,1.0406703240855366,0,0.0025447334030465367,sideways,1,2025-09-11 12:47:24.855708,2025-09-13T15:05:02.984977
2025-08-22 03:00:00+01:00,USDCHF,forex,1h,yahoo_finance,0.8097699880599976,0.8101000189781189,0.8089699745178223,0.809149980545044,0,0.0,0.0,USDCHF=X,USDCHF,USD/CHF,-0.0007656587970603,-0.0006200075149536,0.0011300444602966,0.0006200075149536,-6.200075149536133,11.300444602966309,0.8075695236523946,0.8065400016307831,0.8064715387402001,0.0008206431904329,0.0638205086773236,0.001110503077507,68.90531403831326,89.89912516475552,91.7503667275492,0.0008968222261018,0.0007691947726964,0.0001276274534054,0.8101000189781189,0.8027700185775757,0.0009500384330749,0.0063799619674682,0.8703903982045423,3,4,22,8,Tokyo,USD,CHF,True,False,5,-22.042594385285575,129.7396728476762,26.027419683115408,0.0021178015582512533,0.0012993384998067903,0.003933042653652796,0.0007668330620200781,0.8101000189781189,0.8046900033950806,0.8243926623698562,0.0011300444602966309,0.0011105030775070191,1.0175968740523262,0,0.0026595049415608567,sideways,1,2025-09-11 12:47:24.855708,2025-09-13T15:05:02.984977
2025-08-22 04:00:00+01:00,USDCHF,forex,1h,yahoo_finance,0.809149980545044,0.8101599812507629,0.8091400265693665,0.8099200129508972,0,0.0,0.0,USDCHF=X,USDCHF,USD/CHF,0.0009516559653559,0.0007700324058532,0.0010199546813964,0.0007700324058532,7.700324058532715,10.199546813964844,0.8077571420442491,0.8065626013278961,0.8064639014857156,0.0007547508219451,0.0586961324272367,0.0010710000991821,66.39801959574757,89.36162202676634,91.15129717352484,0.0009483896202318,0.0008050337422035,0.0001433558780282,0.8101599812507629,0.8027700185775757,0.0002399682998657,0.0071499943733215,0.9675278062314996,4,4,22,8,Tokyo,USD,CHF,True,False,5,-6.955650386137075,154.99942522129064,26.077926915579372,0.0017068127282979795,0.0020041996828557007,0.006211791384932663,0.0013971300540303044,0.8101599812507629,0.8048099875450134,0.9551460594041756,0.0010199546813964844,0.001071000099182129,0.952338549898711,0,0.0028322623477267965,sideways,1,2025-09-11 12:47:24.855708,2025-09-13T15:05:02.984977
2025-08-22 05:00:00+01:00,USDCHF,forex,1h,yahoo_finance,0.809939980506897,0.8103700280189514,0.809689998626709,0.8103500008583069,0,0.0,0.0,USDCHF=X,USDCHF,USD/CHF,0.0005309016946537,0.0004299879074096,0.0006800293922424,0.0004100203514099,4.29987907409668,6.800293922424316,0.8080157126699176,0.8065926015377045,0.806467857662138,0.0007561534378261,0.0588052123051275,0.0010705024003982,66.3977503965647,90.15152283913248,89.8040900102181,0.0010122845913832,0.0008464839120394,0.0001658006793437,0.8103700280189514,0.8027700185775757,2.002716064453125e-05,0.0075799822807312,0.9973648505572243,5,4,22,8,Tokyo,USD,CHF,True,False,5,-0.5471867111798714,167.66974246826138,26.33492351355948,0.0020650973705425013,0.0018420949272088816,0.006345965875592219,0.001854497753947193,0.8103700280189514,0.8048800230026245,0.99635206878956,0.0006800293922424316,0.0010705024003982544,0.6352432203696537,0,0.002979690569247453,sideways,1,2025-09-11 12:47:24.855708,2025-09-13T15:05:02.984977
2025-08-22 06:00:00+01:00,USDCHF,forex,1h,yahoo_finance,0.8103100061416626,0.8104000091552734,0.8098300099372864,0.809939980506897,0,0.0,0.0,USDCHF=X,USDCHF,USD/CHF,-0.0005059793311231,-0.0004100203514099,0.000569999217987,0.0003700256347656,-4.100203514099121,5.6999921798706055,0.8082395224344163,0.8066236007213593,0.8064715387402001,0.0007774241961917,0.060459415538242,0.0010730028152465,59.97245246820965,93.34342551839988,90.95219012809956,0.0010181005741743,0.0008808072444664,0.0001372933297079,0.8104000091552734,0.8027700185775757,0.0004600286483764,0.0071699619293212,0.9397078353253652,6,4,22,8,Tokyo,USD,CHF,True,False,5,-12.466886347483362,125.19436469514764,26.604371653424238,0.0013723003149024304,0.0012485638200321336,0.005711858973813433,0.0019173408155142013,0.8104000091552734,0.805109977722168,0.9130385794122949,0.0005699992179870605,0.001073002815246582,0.5312187534718364,0,0.0030663586494764474,sideways,1,2025-09-11 12:47:24.855708,2025-09-13T15:05:02.984977
2025-08-22 07:00:00+01:00,USDCHF,forex,1h,yahoo_finance,0.8099600076675415,0.8102999925613403,0.8095300197601318,0.8100900053977966,0,0.0,0.0,USDCHF=X,USDCHF,USD/CHF,0.0001852296398625,0.0001500248908996,0.0007699728012084,0.0001299977302551,1.500248908996582,7.699728012084961,0.8084657135463896,0.8066564011573791,0.8064767037119184,0.0007696167747773,0.0598522410537197,0.0010730028152465,64.15363092967061,92.8615836676158,92.11884400838272,0.0010230227663312,0.0009092503488394,0.0001137724174918,0.8104000091552734,0.8027700185775757,0.0003100037574768,0.0073199868202209,0.959370361690493,7,4,22,8,Tokyo,USD,CHF,True,False,5,-8.40117593848937,95.33558671009663,26.27844889640344,0.00039519535487575475,0.0021525066283296646,0.005136819267724135,0.0020286002031917327,0.8104000091552734,0.805109977722168,0.9413985036956913,0.0007699728012084961,0.001073002815246582,0.7175869347850239,0,0.003241274344567215,sideways,1,2025-09-11 12:47:24.855708,2025-09-13T15:05:02.984977
2025-08-22 08:00:00+01:00,USDCHF,forex,1h,yahoo_finance,0.8100900053977966,0.8101199865341187,0.808929979801178,0.8094800114631653,0,0.0,0.0,USDCHF=X,USDCHF,USD/CHF,-0.0007529952604856,-0.0006099939346313,0.0011900067329406,0.0006099939346313,-6.099939346313477,11.900067329406738,0.8086338099979219,0.8066820013523102,0.8064842862742287,0.0007902107841126,0.0614538142670389,0.0010585039854049,57.93002892095207,84.73326010639443,90.31275643080336,0.000966560324922,0.0009207123440559,4.58479808660942e-05,0.8104000091552734,0.8027700185775757,0.0009199976921081,0.0067099928855896,0.8794234825404266,8,4,22,8,Tokyo,USD,CHF,True,False,5,-24.932157394843962,41.250366977876645,24.948867290237967,0.00040787360323357724,0.0025265389568374097,0.0035829736701020742,0.0015837784506715913,0.8104000091552734,0.805109977722168,0.8260884261763115,0.0011900067329406738,0.0010585039854049683,1.1242345322728233,1,0.0034623276031291034,sideways,1,2025-09-11 12:47:24.855708,2025-09-13T15:05:02.984977
2025-08-22 09:00:00+01:00,USDCHF,forex,1h,yahoo_finance,0.8094800114631653,0.8098300099372864,0.8092799782752991,0.8093400001525879,0,0.0,0.0,USDCHF=X,USDCHF,USD/CHF,-0.0001729645063431,-0.0001400113105773,0.0005500316619873,0.0001400113105773,-1.4001131057739258,5.500316619873047,0.8087647614024934,0.8067020010948182,0.8064951654318925,0.0007739120949238,0.0601862833267594,0.0009960055351257,53.41874899173863,79.31338976115096,85.63607784505372,0.0009001394443068,0.0009165977641061,-1.6458319799243087e-05,0.8104000091552734,0.8027700185775757,0.0010600090026855,0.0065699815750122,0.8610733536442465,9,4,22,8,London,USD,CHF,True,False,5,-28.7264973832138,33.04428074048168,23.714255798798597,-0.000716135901119519,0.0009894545173072533,0.004006867055862839,0.0012370872519991138,0.8104000091552734,0.8057900071144104,0.7700632248555137,0.0005500316619873047,0.0009960055351257325,0.5522375555050208,1,0.0035366206704174133,sideways,1,2025-09-11 12:47:24.855708,2025-09-13T15:05:02.984977
2025-08-22 10:00:00+01:00,USDCHF,forex,1h,yahoo_finance,0.8093100190162659,0.8096100091934204,0.8091199994087219,0.8095999956130981,0,0.0,0.0,USDCHF=X,USDCHF,USD/CHF,0.0003212438041628,0.0002599954605102,0.0004900097846984,0.0002899765968322,2.599954605102539,4.900097846984863,0.8089309505053929,0.8067334008216858,0.8065063740525927,0.000690228073126,0.0536782699763,0.0009140074253082,54.64638531806721,74.8869289914066,79.64452628631733,0.0008585826704222,0.0009049947453693,-4.641207494709141e-05,0.8104000091552734,0.8027700185775757,0.0008000135421752,0.0068299770355224,0.895148816498711,10,4,22,8,London,USD,CHF,True,False,5,-21.680558247722427,24.940546443471728,22.297545586605075,-0.0009255324790700126,0.001137653576783526,0.0026254743946121373,0.0019429802425317,0.8104000091552734,0.8067100048065186,0.7831944175227757,0.0004900097846984863,0.0009140074253082275,0.5361113828295673,1,0.003611600822917001,sideways,1,2025-09-11 12:47:24.855708,2025-09-13T15:05:02.984977
2025-08-22 11:00:00+01:00,USDCHF,forex,1h,yahoo_finance,0.8095499873161316,0.8095999956130981,0.8086400032043457,0.8088899850845337,0,0.0,0.0,USDCHF=X,USDCHF,USD/CHF,-0.0008769892939868,-0.0007100105285644,0.0009599924087524,0.0006600022315979,-7.100105285644531,9.599924087524414,0.8089980937185741,0.8067524003982544,0.8065149453315106,0.0007184875095909,0.0558759749364475,0.0008840054273605,53.678124517852645,69.55697701966358,74.58576525740705,0.0007596005139379,0.000875915899083,-0.0001163153851451,0.8104000091552734,0.8027700185775757,0.0015100240707397,0.006119966506958,0.8020935864385594,11,4,22,8,London,USD,CHF,True,False,5,-40.92201331007301,-24.027289627097918,21.184407326078656,-0.0012963867047359745,7.41345782833136e-05,0.0012129568074203956,0.001175803674869691,0.8104000091552734,0.8067100048065186,0.5907798668992699,0.0009599924087524414,0.0008840054273605346,1.0859575960057042,1,0.003595397625772344,sideways,1,2025-09-11 12:47:24.855708,2025-09-13T15:05:02.984977
2025-08-22 12:00:00+01:00,USDCHF,forex,1h,yahoo_finance,0.8088899850845337,0.8090199828147888,0.8081499934196472,0.8082900047302246,0,0.0,0.0,USDCHF=X,USDCHF,USD/CHF,-0.0007417329493162,-0.000599980354309,0.0008699893951416,0.000599980354309,-5.99980354309082,8.699893951416016,0.8090161879857382,0.8067738008499146,0.8065253849867936,0.0007223596471703,0.0561771067716512,0.0008415043354034,56.045614481326034,56.875044428675096,67.10631681324843,0.0006255322976381,0.0008258391787941,-0.0002003068811559,0.8104000091552734,0.8027700185775757,0.0021100044250488,0.0055199861526489,0.7234591047574408,12,4,22,8,London,USD,CHF,True,False,5,-66.77229515617927,-113.36738073288436,20.822539627079884,-0.002221976145339699,-0.0018276589051152703,-0.00024734206803478376,0.0013255650339099034,0.8104000091552734,0.8067100048065186,0.4281837565419655,0.0008699893951416016,0.0008415043354034424,1.0338501639739057,1,0.0033853316474373256,sideways,1,2025-09-11 12:47:24.855708,2025-09-13T15:05:02.984977
2025-08-22 13:00:00+01:00,USDCHF,forex,1h,yahoo_finance,0.8082900047302246,0.8084400296211243,0.8078699707984924,0.8080599904060364,0,0.0,0.0,USDCHF=X,USDCHF,USD/CHF,-0.0002845690567025,-0.0002300143241882,0.0005700588226318,0.0002300143241882,-2.300143241882324,5.700588226318359,0.8089957123710996,0.8067896008491516,0.806532967221606,0.0007169159444897,0.0557537560655096,0.0008355051279067,46.1039777840134,33.27207803090119,53.23469982641328,0.000495015803746,0.0007596745037844,-0.0002646587000384,0.8104000091552734,0.8027700185775757,0.002340018749237,0.0052899718284606,0.6933130224201234,13,4,22,8,London,USD,CHF,True,False,5,-92.48945744104412,-162.81661592366936,20.83654086800856,-0.001754238569229405,-0.0013470804736018804,-4.949228731665478e-05,0.000978606874037613,0.8104000091552734,0.8067100048065186,0.3658493248045487,0.0005700588226318359,0.0008355051279067994,0.6822924283660723,1,0.003230579403179571,sideways,1,2025-09-11 12:47:24.855708,2025-09-13T15:05:02.984977
2025-08-22 14:00:00+01:00,USDCHF,forex,1h,yahoo_finance,0.8080599904060364,0.8088499903678894,0.8075299859046936,0.8087000250816345,0,0.0,0.0,USDCHF=X,USDCHF,USD/CHF,0.0007920633160869,0.0006400346755981,0.0013200044631958,0.0006400346755981,6.400346755981445,13.200044631958008,0.8090242857024783,0.8068164014816284,0.806545879487153,0.0007369601591758,0.0573125723601138,0.0008640050888061,50.15035171562047,27.16861090244644,39.105244454007575,0.0004381749800584,0.0006953745990392,-0.0002571996189807,0.8104000091552734,0.8027700185775757,0.0016999840736389,0.0059300065040588,0.7771970939770331,14,4,22,8,London,USD,CHF,True,False,5,-59.23241469543727,-119.61942275215351,20.120507797351877,-0.0007907369842498069,-0.0015063066102265488,0.0004948741333987705,0.0016597696624787162,0.8104000091552734,0.8067100048065186,0.5393002519868192,0.0013200044631958008,0.0008640050888061524,1.5277739451971633,1,0.003046044234210641,sideways,1,2025-09-11 12:47:24.855708,2025-09-13T15:05:02.984977
2025-08-22 15:00:00+01:00,USDCHF,forex,1h,yahoo_finance,0.808709979057312,0.808709979057312,0.801069974899292,0.8014900088310242,0,0.0,0.0,USDCHF=X,USDCHF,USD/CHF,-0.0089155632830387,-0.0072100162506103,0.00764000415802,0.0072199702262878,-72.10016250610352,76.4000415802002,0.8086999995367867,0.8067328011989594,0.8065197805126945,0.0021174800213398,0.1646740674283493,0.0012080043554306,23.250863435931976,17.593360911788626,26.01134994837875,-0.0001865098375637,0.0005189977117186,-0.0007055075492824,0.8104000091552734,0.801069974899292,0.0089100003242492,0.0004200339317321,0.0450195487184729,15,4,22,8,London,USD,CHF,True,False,5,-95.49804512815271,-345.5293956515948,23.205845345138023,-0.0100172762179086,-0.010933537382487035,-0.009111583069026818,-0.005188245825596072,0.8104000091552734,0.801069974899292,0.0450195487184729,0.0076400041580200195,0.001208004355430603,6.324483950471087,1,0.0020517320298374625,sideways,1,2025-09-11 12:47:24.855708,2025-09-13T15:05:02.984977
2025-08-22 16:00:00+01:00,USDCHF,forex,1h,yahoo_finance,0.8015099763870239,0.8016899824142456,0.8001700043678284,0.8015900254249573,0,0.0,0.0,USDCHF=X,USDCHF,USD/CHF,0.0001247883227877,0.0001000165939331,0.0015199780464172,8.004903793334961e-05,1.000165939331055,15.199780464172363,0.8083538100832984,0.8066596019268036,0.8064945608704954,0.0021180128448421,0.1647155045198278,0.0012615025043487,18.24584785254497,19.71682747681057,21.49293309701521,-0.0006658312645915,0.0002820319164566,-0.0009478631810481,0.8104000091552734,0.8001700043678284,0.0088099837303161,0.0014200210571289,0.138809422540217,16,4,22,8,NewYork,USD,CHF,True,False,5,-86.1190577459783,-280.0441710572289,26.283449093653733,-0.009024663173216929,-0.01030935042460046,-0.009073658486516645,-0.004545127174958918,0.8104000091552734,0.8001700043678284,0.13880942254021708,0.0015199780464172363,0.0012615025043487549,1.2048949892508682,1,0.0011075344415019369,sideways,1,2025-09-11 12:47:24.855708,2025-09-13T15:05:02.984977
2025-08-22 17:00:00+01:00,USDCHF,forex,1h,yahoo_finance,0.801580011844635,0.801800012588501,0.8011000156402588,0.801289975643158,0,0.0,0.0,USDCHF=X,USDCHF,USD/CHF,-0.0003743182578154,-0.0003000497817993,0.0006999969482421,0.000290036201477,-3.000497817993164,6.999969482421875,0.8079900003614879,0.8066088008880615,0.8064663190763075,0.0021171554377191,0.1646488249209813,0.0012605011463165,18.71064183177127,9.776934269081188,15.695707552560128,-0.0010577157682819,1.4082379508920588e-05,-0.0010717981477908,0.8104000091552734,0.8001700043678284,0.0091100335121154,0.0011199712753295,0.1094790568137457,17,4,22,8,NewYork,USD,CHF,True,False,5,-89.05209431862542,-174.91483162918283,29.015650219907275,-0.008660294010938596,-0.010863027189574326,-0.008733903299273815,-0.003159936615890646,0.8104000091552734,0.8001700043678284,0.10947905681374577,0.0006999969482421875,0.0012605011463165284,0.5553322583543364,1,7.959416622994367e-05,sideways,1,2025-09-11 12:47:24.855708,2025-09-13T15:05:02.984977
2025-08-22 18:00:00+01:00,USDCHF,forex,1h,yahoo_finance,0.8012999892234802,0.8013200163841248,0.7999799847602844,0.8004199862480164,0,0.0,0.0,USDCHF=X,USDCHF,USD/CHF,-0.0010857360276388,-0.0008699893951416,0.0013400316238403,0.0008800029754638,-8.699893951416016,13.40031623840332,0.8076123793919882,0.8065294003486634,0.806431593803259,0.0021164875702256,0.164596885608425,0.0012330025434494,12.480579278914504,9.683833693168442,13.059198479686732,-0.0014220949062205,-0.0002731530776369,-0.0011489418285836,0.8104000091552734,0.7999799847602844,0.009980022907257,0.0004400014877319,0.0422265314410905,18,4,22,8,NewYork,USD,CHF,True,False,5,-95.77734685589094,-141.47978673602054,31.81579123348192,-0.009454748717581007,-0.01119240140194766,-0.008694140483272772,-0.004935450347062109,0.8104000091552734,0.7999799847602844,0.0422265314410905,0.001340031623840332,0.0012330025434494018,1.0868036168777964,0,-0.0009452855987725894,sideways,1,2025-09-11 12:47:24.855708,2025-09-13T15:05:02.984977
2025-08-22 19:00:00+01:00,USDCHF,forex,1h,yahoo_finance,0.8004199862480164,0.8011000156402588,0.8001999855041504,0.80103999376297,0,0.0,0.0,USDCHF=X,USDCHF,USD/CHF,0.0007746027405686,0.0006200075149536,0.0009000301361083,0.0006200075149536,6.200075149536133,9.000301361083984,0.8073076180049351,0.8064716005325318,0.8064010991499975,0.0020941907558918,0.1628628871432525,0.0012090057134628,13.774757641820116,8.447788709679191,9.302852223976274,-0.0016419116397424,-0.000546904790058,-0.0010950068496843,0.8104000091552734,0.7999799847602844,0.0093600153923034,0.0010600090026855,0.1017280730355396,19,4,22,8,NewYork,USD,CHF,True,False,5,-89.82719269644603,-107.62401119500483,34.41592217465838,-0.009472030519463992,-0.010255277618866132,-0.00927597023232496,-0.003594828980196585,0.8104000091552734,0.7999799847602844,0.10172807303553962,0.0009000301361083984,0.0012090057134628296,0.7444382818758859,0,-0.0019028586362533897,sideways,1,2025-09-11 12:47:24.855708,2025-09-13T15:05:02.984977
2025-08-22 20:00:00+01:00,USDCHF,forex,1h,yahoo_finance,0.8010600209236145,0.8015000224113464,0.801010012626648,0.8012700080871582,0,0.0,0.0,USDCHF=X,USDCHF,USD/CHF,0.0002871446194685,0.0002300143241882,0.0004900097846984,0.0002099871635437,2.300143241882324,4.900097846984863,0.8069614285514468,0.8064326012134552,0.8063723081415826,0.0020961694083089,0.1630167647422248,0.0012135058641433,15.785858775932624,8.965225678048178,9.032282693631936,-0.0017770727629446,-0.0007929383846354,-0.0009841343783092,0.8104000091552734,0.7999799847602844,0.0091300010681152,0.0012900233268737,0.1238023326983909,20,4,22,8,NewYork,USD,CHF,True,False,5,-87.49978341351846,-81.8447939650724,36.334772195579454,-0.0002744896897552973,-0.010289016268622553,-0.0091630680279986,-0.00242768608456867,0.8104000091552734,0.7999799847602844,0.1238023326983909,0.0004900097846984863,0.0012135058641433716,0.4037967999803529,0,-0.0028875331676571155,sideways,1,2025-09-11 12:47:24.855708,2025-09-13T15:05:02.984977
2025-08-22 21:00:00+01:00,USDCHF,forex,1h,yahoo_finance,0.8012400269508362,0.8016200065612793,0.8005599975585938,0.8008599877357483,0,0.0,0.0,USDCHF=X,USDCHF,USD/CHF,-0.0005117130895598,-0.0004100203514099,0.0010600090026855,0.0003800392150878,-4.100203514099121,10.600090026855469,0.8065890471140543,0.8063700008392334,0.8063415937371307,0.0020906933461936,0.1625908974788086,0.0012480080127716,14.30817030221452,10.450517567293724,9.287843985007031,-0.0018954248633417,-0.0010134356803766,-0.000881989182965,0.8104000091552734,0.7999799847602844,0.0095400214195251,0.0008800029754638,0.084453062882181,21,4,22,8,Sydney,USD,CHF,True,False,5,-91.3214711881543,-73.86820417159576,38.24818332460081,-0.0009107369927937592,-0.009927181071411328,-0.009853782440510273,-0.00389310648887653,0.8104000091552734,0.7999799847602844,0.084453062882181,0.0010600090026855469,0.0012480080127716064,0.8493607347371539,0,-0.0038059454604542687,sideways,1,2025-09-11 12:47:24.855708,2025-09-13T15:05:02.984977
2025-08-25 00:00:00+01:00,USDCHF,forex,1h,yahoo_finance,0.8022300004959106,0.8026300072669983,0.8021000027656555,0.8023800253868103,0,0.0,0.0,USDCHF=X,USDCHF,USD/CHF,0.0018980067356837,0.001520037651062,0.0005300045013427,0.0001500248908996,15.200376510620115,5.300045013427734,0.8062819043795267,0.8063366007804871,0.8063189564170418,0.0021275046550848,0.1654536720511276,0.001277008652687,24.35012919896641,15.181525934602396,11.532423059981433,-0.0018452940233525,-0.0011798073489718,-0.0006654866743806,0.8104000091552734,0.7999799847602844,0.0080199837684631,0.0024000406265258,0.2303296552434232,0,0,25,8,Sydney,USD,CHF,True,False,5,-75.63416759452002,-42.78068660556517,38.82293840404189,0.0013603686265728498,-0.007311706576634935,-0.009126002176113923,-0.0020769888420968385,0.8104000091552734,0.7999799847602844,0.2303296552434232,0.0005300045013427734,0.0012150079011917115,0.4362148598564101,0,-0.004497623097135143,sideways,1,2025-09-11 12:47:24.855708,2025-09-13T15:05:02.984977
2025-08-25 01:00:00+01:00,USDCHF,forex,1h,yahoo_finance,0.8024200201034546,0.803309977054596,0.8024100065231323,0.8029500246047974,0,0.0,0.0,USDCHF=X,USDCHF,USD/CHF,0.0007103856027725,0.000569999217987,0.0008999705314636,0.0005300045013427,5.6999921798706055,8.99970531463623,0.8059571442149934,0.8063134014606476,0.8063034071372106,0.002141756015951,0.1665619845436098,0.0012670040130615,27.610749580225047,21.2952727386856,15.642438746860572,-0.0017395187106016,-0.0012917496212977,-0.0004477690893038,0.8104000091552734,0.7999799847602844,0.007449984550476,0.0029700398445129,0.2850319473283796,1,0,25,8,Sydney,USD,CHF,True,False,5,-69.15854300126884,-26.929490932488807,38.62946122815497,0.003160888533831674,-0.006323745590561147,-0.007662307469957885,-0.0014425464246663466,0.8104000091552734,0.7999799847602844,0.28503194732837966,0.000899970531463623,0.001203504204750061,0.7477917633453763,0,-0.005102724787367836,sideways,1,2025-09-11 12:47:24.855708,2025-09-13T15:05:02.984977
2025-08-25 02:00:00+01:00,USDCHF,forex,1h,yahoo_finance,0.8029599785804749,0.8034800291061401,0.8024100065231323,0.8033499717712402,0,0.0,0.0,USDCHF=X,USDCHF,USD/CHF,0.0004980972092749,0.0003999471664428,0.0010700225830078,0.0003899931907653,3.999471664428711,10.700225830078123,0.8056809533210028,0.8063146007061005,0.8063018135317079,0.0021292525044618,0.1655896003542331,0.001269507408142,28.31379621280432,30.079433297957756,22.18541065708192,-0.0016049181230279,-0.0013543833216438,-0.0002505348013841,0.8104000091552734,0.7999799847602844,0.0070500373840332,0.0033699870109558,0.323414503000246,2,0,25,8,Sydney,USD,CHF,True,False,5,-64.96898951033786,-15.994013839924841,38.270937561191374,0.002883723692020501,-0.006615621546263939,-0.008111963002024658,7.464585882432928e-05,0.8104000091552734,0.7999799847602844,0.323414503000246,0.0010700225830078125,0.0012060075998306275,0.8872436485127351,0,-0.005767723854237441,sideways,1,2025-09-11 12:47:24.855708,2025-09-13T15:05:02.984977
2025-08-25 03:00:00+01:00,USDCHF,forex,1h,yahoo_finance,0.8033599853515625,0.8035299777984619,0.8030999898910522,0.8033599853515625,0,0.0,0.0,USDCHF=X,USDCHF,USD/CHF,1.2464779578280629e-05,1.0013580322265623e-05,0.0004299879074096,0.0,0.1001358032226562,4.29987907409668,0.8053685710543678,0.8063048005104065,0.8063017585120358,0.0021203963047867,0.1649008635502236,0.0012570053339004,29.832447895382103,34.4206208688712,28.59844230183818,-0.0014803733528548,-0.001379581327886,-0.0001007920249688,0.8104000091552734,0.7999799847602844,0.0070400238037109,0.003380000591278,0.324375496942552,3,0,25,8,Tokyo,USD,CHF,True,False,5,-62.6106048817797,0.10759890425904088,37.882805934880466,0.0026083308289468476,0.0023331251792717556,-0.00862592151458097,-0.000609578637386754,0.8104000091552734,0.7999799847602844,0.324375496942552,0.00042998790740966797,0.0011935055255889893,0.3602730764044607,0,-0.0055237201935860085,sideways,1,2025-09-11 12:47:24.855708,2025-09-13T15:05:02.984977
2025-08-25 04:00:00+01:00,USDCHF,forex,1h,yahoo_finance,0.8033599853515625,0.8033699989318848,0.8025000095367432,0.802649974822998,0,0.0,0.0,USDCHF=X,USDCHF,USD/CHF,-0.0008838012117988,-0.0007100105285644,0.0008699893951416,0.0007100105285644,-7.100105285644531,8.699893951416016,0.8050019031479245,0.806275600194931,0.8063019232435541,0.0021227818670226,0.1650863860734687,0.0012720048427581,29.5949349618742,34.1739133865797,32.891322517802884,-0.0014225642050971,-0.0013881779033282,-3.4386301768859e-05,0.8104000091552734,0.7999799847602844,0.0077500343322753,0.0026699900627136,0.2562364502714236,4,0,25,8,Tokyo,USD,CHF,True,False,5,-69.89866544814332,-3.222411503612124,37.856449467505534,0.002235081181056975,0.001322308617149881,-0.00900067395035431,-0.0018156916228457831,0.8102999925613403,0.7999799847602844,0.25871977174672667,0.0008699893951416016,0.0012085050344467162,0.719888929167684,0,-0.0053562415288780614,sideways,1,2025-09-11 12:47:24.855708,2025-09-13T15:05:02.984977
2025-08-25 05:00:00+01:00,USDCHF,forex,1h,yahoo_finance,0.802649974822998,0.8031100034713745,0.8025299906730652,0.8029099702835083,0,0.0,0.0,USDCHF=X,USDCHF,USD/CHF,0.0003239213463721,0.0002599954605102,0.0005800127983093,0.0002599954605102,2.599954605102539,5.800127983093262,0.8046671407563346,0.8062463998794556,0.8062973078135606,0.0021251907591509,0.1652737229365163,0.0012625068426132,31.40807429626409,33.50774668405489,34.03409364650192,-0.0013403202016415,-0.0013786063629909,3.828616134937549e-05,0.8104000091552734,0.7999799847602844,0.0074900388717651,0.0029299855232238,0.2811879715591555,5,0,25,8,Tokyo,USD,CHF,True,False,5,-66.96748961791229,15.262579558752444,37.8319756049431,0.0006604662129301442,0.0020217333170180485,-0.008863256016549137,-0.0018151047392128694,0.8101199865341187,0.7999799847602844,0.2889531568706979,0.0005800127983093262,0.0011990070343017578,0.4837442831576854,0,-0.0051192874468546255,sideways,1,2025-09-11 12:47:24.855708,2025-09-13T15:05:02.984977
2025-08-25 06:00:00+01:00,USDCHF,forex,1h,yahoo_finance,0.8029099702835083,0.8034999966621399,0.8029000163078308,0.8032900094985962,0,0.0,0.0,USDCHF=X,USDCHF,USD/CHF,0.0004733273083576,0.0003800392150878,0.000599980354309,0.0003800392150878,3.800392150878906,5.99980354309082,0.8043433314278012,0.8062129998207093,0.8062984068970104,0.0021334474004919,0.1659158327553712,0.0012330055236816,30.09583123177123,33.68312929880896,33.78826312314785,-0.0012302931942699,-0.0013489437292467,0.0001186505349767,0.8104000091552734,0.7999799847602844,0.0071099996566772,0.0033100247383117,0.3176599797504847,6,0,25,8,Tokyo,USD,CHF,True,False,5,-62.084457037517495,70.94665734075679,37.319357820482466,0.00042341974392012816,0.003585646660365205,-0.007646886738290726,-0.0020746408660267113,0.8098300099372864,0.7999799847602844,0.3360422617030547,0.000599980354309082,0.0011695057153701782,0.513020455072486,0,-0.0047220829867752,sideways,1,2025-09-11 12:47:24.855708,2025-09-13T15:05:02.984977
2025-08-25 07:00:00+01:00,USDCHF,forex,1h,yahoo_finance,0.8032900094985962,0.8033699989318848,0.8019499778747559,0.8022199869155884,0,0.0,0.0,USDCHF=X,USDCHF,USD/CHF,-0.0013320501566747,-0.0010700225830078,0.0014200210571289,0.0010700225830078,-10.700225830078123,14.200210571289062,0.8039976159731547,0.8061579990386963,0.8062864286558968,0.0021432033014672,0.1666745383293726,0.0012765049934387,54.8990743481635,44.68227644939895,37.29105081075426,-0.0012154271885254,-0.0013222404211024,0.000106813232577,0.8104000091552734,0.7999799847602844,0.008180022239685,0.0022400021553039,0.2149709127726391,7,0,25,8,Tokyo,USD,CHF,True,False,5,-36.90122399637334,30.90697096205522,37.41645985615033,-0.001406591019304404,0.00147307645286876,-0.008797307973975266,-0.0034163248465993723,0.8096100091934204,0.7999799847602844,0.23260607185962306,0.0014200210571289062,0.0012130051851272582,1.1706636332143376,0,-0.004507806902901051,sideways,1,2025-09-11 12:47:24.855708,2025-09-13T15:05:02.984977
2025-08-25 08:00:00+01:00,USDCHF,forex,1h,yahoo_finance,0.8022099733352661,0.8027200102806091,0.8016499876976013,0.8023800253868103,0,0.0,0.0,USDCHF=X,USDCHF,USD/CHF,0.0001994944950665,0.0001600384712219,0.0010700225830078,0.0001700520515441,1.6003847122192385,10.700225830078123,0.8036661886033558,0.8061043989658355,0.8062746704934718,0.0021411006013403,0.1665110136779002,0.0013055056333541,55.259523809523806,56.207076586815845,44.85749411167458,-0.0011771624094175,-0.0012932248187654,0.0001160624093479,0.8104000091552734,0.7999799847602844,0.0080199837684631,0.0024000406265258,0.2303296552434232,8,0,25,8,Tokyo,USD,CHF,True,False,5,-32.39308920566161,6.428372768152452,37.67244023398522,-0.0012198267061103163,0.0013853224112332363,-0.008917947462215858,-0.003328948831636147,0.8095999956130981,0.7999799847602844,0.24948419115596945,0.0010700225830078125,0.0012420058250427247,0.8615278297676293,1,-0.004303912488904079,sideways,1,2025-09-11 12:47:24.855708,2025-09-13T15:05:02.984977
2025-08-25 09:00:00+01:00,USDCHF,forex,1h,yahoo_finance,0.8024200201034546,0.8026000261306763,0.801580011844635,0.8019000291824341,0,0.0,0.0,USDCHF=X,USDCHF,USD/CHF,-0.0005982155452397,-0.0004799962043762,0.0010200142860412,0.0005199909210205,-4.799962043762207,10.200142860412598,0.8032995235352289,0.8060355997085571,0.8062640114144964,0.0021390509194967,0.1663516121993919,0.0013085067272186,53.96647005479814,61.597183744969975,54.1621789270616,-0.0011720582202927,-0.0012689914990709,9.693327877817568e-05,0.8104000091552734,0.7999799847602844,0.0084999799728393,0.0019200444221496,0.184264868235146,9,0,25,8,London,USD,CHF,True,False,5,-45.91413556305512,-16.19197352522224,37.94983506478204,-0.0009343370885041002,0.001298655773309676,-0.008641417289112718,-0.00427144174869698,0.8090199828147888,0.7999799847602844,0.21239434019490194,0.0010200142860412598,0.0012450069189071655,0.8192840301133439,1,-0.004089893038613326,sideways,1,2025-09-11 12:47:24.855708,2025-09-13T15:05:02.984977
2025-08-25 10:00:00+01:00,USDCHF,forex,1h,yahoo_finance,0.8018900156021118,0.8024899959564209,0.8017600178718567,0.8023200035095215,0,0.0,0.0,USDCHF=X,USDCHF,USD/CHF,0.0005237240451476,0.0004199743270874,0.0007299780845642,0.0004299879074096,4.199743270874023,7.29978084564209,0.8029866672697521,0.8059858000278473,0.8062528574859703,0.0021480934993743,0.167054843584572,0.0013015061616897,63.121454856794735,61.78570897246684,59.86332310141756,-0.0011212001978012,-0.001239433238817,0.0001182330410157,0.8104000091552734,0.7999799847602844,0.0080800056457519,0.002340018749237,0.2245694117916244,10,0,25,8,London,USD,CHF,True,False,5,-36.33564831388273,-14.66864311259805,38.207415979093376,-0.0007347857117511181,-7.4804799957362e-05,-0.007385964425844493,-0.0030938781501549384,0.8088499903678894,0.7999799847602844,0.2638125445186609,0.000729978084564209,0.0012380063533782959,0.5896400148288662,1,-0.004035805463358235,sideways,1,2025-09-11 12:47:24.855708,2025-09-13T15:05:02.984977
2025-08-25 11:00:00+01:00,USDCHF,forex,1h,yahoo_finance,0.8023200035095215,0.8028600215911865,0.8022099733352661,0.8027399778366089,0,0.0,0.0,USDCHF=X,USDCHF,USD/CHF,0.0005234499018476,0.0004199743270874,0.0006500482559204,0.0004199743270874,4.199743270874023,6.500482559204102,0.802722380274818,0.8059209990501404,0.8062407145133386,0.0021573317766082,0.1677732941355999,0.0013055056333541,62.07360747758503,63.71690461173063,62.36659910972248,-0.0010350747334441,-0.0011985615377424,0.0001634868042983,0.8104000091552734,0.7999799847602844,0.0076600313186645,0.0027599930763244,0.2648739553481029,11,0,25,8,London,USD,CHF,True,False,5,-26.599502287870276,18.249489883938026,37.89437334075027,-0.0006847236433709103,-0.0002615938249604932,-0.006583685162724451,-0.004020011387283695,0.8088499903678894,0.7999799847602844,0.3111602402999718,0.0006500482559204102,0.0012420058250427247,0.5233858350849914,1,-0.003981786798005835,sideways,1,2025-09-11 12:47:24.855708,2025-09-13T15:05:02.984977
2025-08-25 12:00:00+01:00,USDCHF,forex,1h,yahoo_finance,0.8027399778366089,0.8027899861335754,0.8019800186157227,0.8020099997520447,0,0.0,0.0,USDCHF=X,USDCHF,USD/CHF,-0.0009093580794761,-0.0007299780845642,0.0008099675178527,0.0007299780845642,-7.29978084564209,8.099675178527832,0.8024342854817709,0.8058627986907959,0.8062234068964864,0.0021443467111433,0.1667634600288483,0.001280003786087,54.90707583339263,61.9622656325483,62.48829307224859,-0.0010140336636029,-0.0011616559629145,0.0001476222993115,0.8104000091552734,0.7999799847602844,0.0083900094032287,0.0020300149917602,0.1948186409943999,12,0,25,8,London,USD,CHF,True,False,5,-51.17805250060207,-40.93214934640627,37.77037226020726,-0.0002617575814223283,-0.0016679804148634902,-0.008272567233956196,-0.0036152883555681248,0.808709979057312,0.7999799847602844,0.23253336974703853,0.0008099675178527832,0.0012165039777755737,0.6658157578192562,1,-0.004076131125751297,sideways,1,2025-09-11 12:47:24.855708,2025-09-13T15:05:02.984977
2025-08-25 13:00:00+01:00,USDCHF,forex,1h,yahoo_finance,0.8020300269126892,0.8026300072669983,0.8019700050354004,0.8023899793624878,0,0.0,0.0,USDCHF=X,USDCHF,USD/CHF,0.0004737841305726,0.0003799796104431,0.0006600022315979,0.0003599524497985,3.799796104431152,6.600022315979004,0.8021338071141925,0.8058057987689972,0.8062062640111525,0.0007763718316573,0.060377574318231,0.0009310036897659,60.18635364334072,54.58665540878422,60.088608551021046,-0.0009556807922603,-0.0011204609287837,0.0001647801365233,0.8104000091552734,0.7999799847602844,0.0080100297927856,0.0024099946022033,0.2312849289836917,13,0,25,8,London,USD,CHF,True,False,5,-58.462478985175004,-56.04619296570852,37.66275692856437,1.2405562654249636e-05,-0.001207436276092655,0.001122871803201031,-0.003539312722687482,0.8035299777984619,0.7999799847602844,0.6788730502526906,0.0006600022315979004,0.0008675038814544677,0.7608060847996813,1,-0.0041260600494766085,sideways,1,2025-09-11 12:47:24.855708,2025-09-13T15:05:02.984977
2025-08-25 14:00:00+01:00,USDCHF,forex,1h,yahoo_finance,0.8023899793624878,0.8027200102806091,0.8019199967384338,0.8022699952125549,0,0.0,0.0,USDCHF=X,USDCHF,USD/CHF,-0.0001495334600616,-0.0001199841499328,0.0008000135421752,0.0001199841499328,-1.1998414993286133,8.00013542175293,0.8021709493228367,0.8057443988323212,0.8061884618722476,0.0007775223866488,0.0604670517009429,0.0008950054645538,49.09958247161197,41.91461625597639,52.82117909910297,-0.0009086431665367,-0.0010780973763343,0.0001694542097975,0.8104000091552734,0.7999799847602844,0.0081300139427185,0.0022900104522705,0.2197701622821318,14,0,25,8,London,USD,CHF,True,False,5,-64.61561974629376,-59.503545372522304,37.40973606274765,0.00046136178657829596,-0.0004734063693541124,0.0008482762584740566,-0.0038120506421150946,0.8035299777984619,0.7999799847602844,0.6450746318776339,0.000800013542175293,0.0008315056562423706,0.9621263982624092,1,-0.004097330546870754,sideways,1,2025-09-11 12:47:24.855708,2025-09-13T15:05:02.984977
2025-08-25 15:00:00+01:00,USDCHF,forex,1h,yahoo_finance,0.8022199869155884,0.8031700253486633,0.8021699786186218,0.8029900193214417,0,0.0,0.0,USDCHF=X,USDCHF,USD/CHF,0.0008974835319572,0.0007200241088867,0.0010000467300415,0.0007700324058532,7.200241088867188,10.00046730041504,0.8022376156988598,0.8056851994991302,0.8061790662807423,0.0007934666746159,0.0617070212521709,0.0009100079536437,50.31944775053558,49.743746497529166,48.74833938742992,-0.0008039975978737,-0.0010232774206421,0.0002192798227684,0.8104000091552734,0.7999799847602844,0.0074099898338317,0.0030100345611572,0.2888702028955662,15,0,25,8,London,USD,CHF,True,False,5,-27.69066177594376,31.43923675036331,36.42676441053943,0.0008350979771030165,9.96986472905359e-05,0.002121633528385569,-0.0036726431056923747,0.8035299777984619,0.7999799847602844,0.8478987222753908,0.001000046730041504,0.0008465081453323364,1.1813787446178545,1,-0.004014219081263897,sideways,1,2025-09-11 12:47:24.855708,2025-09-13T15:05:02.984977
2025-08-25 16:00:00+01:00,USDCHF,forex,1h,yahoo_finance,0.8029900193214417,0.8037199974060059,0.802619993686676,0.8034399747848511,0,0.0,0.0,USDCHF=X,USDCHF,USD/CHF,0.000560350007575,0.0004499554634094,0.0011000037193298,0.0004499554634094,4.499554634094238,11.00003719329834,0.802339996610369,0.8056221985816956,0.8061751651239919,0.0007473467189675,0.0581203235692125,0.0008980065584182,50.71317917327892,64.8694869927964,52.17594991543399,-0.0006769540803828,-0.0009540127525903,0.0002770586722075,0.8104000091552734,0.7999799847602844,0.0069600343704223,0.0034599900245666,0.3320520080769252,16,0,25,8,NewYork,USD,CHF,True,False,5,-13.085257499373313,116.90727422457724,34.69096107298286,0.0008720095766610036,0.00018668884771577687,0.00377300490832444,-0.003905386616574247,0.8037199974060059,0.8001999855041504,0.9204483879707397,0.001100003719329834,0.0008345067501068116,1.318148378295371,1,-0.003917716593234097,sideways,1,2025-09-11 12:47:24.855708,2025-09-13T15:05:02.984977
2025-08-25 17:00:00+01:00,USDCHF,forex,1h,yahoo_finance,0.8034399747848511,0.8045499920845032,0.8033300042152405,0.8041099905967712,0,0.0,0.0,USDCHF=X,USDCHF,USD/CHF,0.0008339338755201,0.0006700158119201,0.0012199878692626,0.0006700158119201,6.70015811920166,12.199878692626951,0.8025157111031669,0.8055821979045867,0.8061688463766497,0.0007499087109308,0.0583195668362425,0.0009140044450759,55.3802474836878,81.46970575011038,65.36097974681198,-0.0005162554302069,-0.0008664612881136,0.0003502058579066,0.8104000091552734,0.7999799847602844,0.0062900185585021,0.0041300058364868,0.3963527991808671,17,0,25,8,NewYork,USD,CHF,True,False,5,-14.81496347435177,212.04196034585175,32.40037321584807,0.0026184098020920477,0.002355966832052747,0.003832513804185478,-0.0024810928964658086,0.8045499920845032,0.8005599975585938,0.8897237866180666,0.0012199878692626953,0.0008505046367645264,1.4344282400431703,1,-0.003633643367055611,sideways,1,2025-09-11 12:47:24.855708,2025-09-13T15:05:02.984977
2025-08-25 18:00:00+01:00,USDCHF,forex,1h,yahoo_finance,0.8041099905967712,0.8049200177192688,0.8040400147438049,0.804610013961792,0,0.0,0.0,USDCHF=X,USDCHF,USD/CHF,0.0006218345386426,0.0005000233650207,0.0008800029754638,0.0005000233650207,5.00023365020752,8.800029754638672,0.8026857120650155,0.805524798631668,0.8061680770837344,0.0007558650493906,0.0587827846570805,0.0009335041046142,64.49732837215865,87.60608190875116,77.98175821721931,-0.0003445807731359,-0.0007620851851181,0.0004175044119821,0.8104000091552734,0.7999799847602844,0.0057899951934814,0.0046300292015075,0.4443395740737563,18,0,25,8,NewYork,USD,CHF,True,False,5,-9.281533300021415,207.43507584943424,30.686552779526284,0.0027667775725066512,0.0027792174585934415,0.0041683899820577075,-0.003554222674892471,0.8049200177192688,0.8005599975585938,0.9288985495358788,0.0008800029754638672,0.0008700042963027954,1.0114926779138478,0,-0.003285808561217923,sideways,1,2025-09-11 12:47:24.855708,2025-09-13T15:05:02.984977
2025-08-25 19:00:00+01:00,USDCHF,forex,1h,yahoo_finance,0.804610013961792,0.8062300086021423,0.8044700026512146,0.8060200214385986,0,0.0,0.0,USDCHF=X,USDCHF,USD/CHF,0.0017524110467677,0.0014100074768066,0.0017600059509277,0.0014100074768066,14.100074768066406,17.600059509277344,0.8029119031769889,0.8054869985580444,0.8061741760798863,0.0008099690831601,0.0629903952202581,0.0009685039520263,69.6589504777406,90.4625490324132,86.5127788970916,-9.3671762144254e-05,-0.0006284025005233,0.000534730738379,0.8104000091552734,0.7999799847602844,0.0043799877166748,0.0060400366783142,0.5796566734737071,19,0,25,8,NewYork,USD,CHF,True,False,5,-4.515856128387212,213.8262223702341,30.30319200867368,0.004674269570620337,0.005137787886558609,0.0064431158777693565,-0.0023393739679150594,0.8062300086021423,0.801580011844635,0.9548414387161279,0.0017600059509277344,0.0009050041437149048,1.9447490524222095,0,-0.0027275436901031476,sideways,1,2025-09-11 12:47:24.855708,2025-09-13T15:05:02.984977
2025-08-25 20:00:00+01:00,USDCHF,forex,1h,yahoo_finance,0.8059899806976318,0.8071200251579285,0.8058900237083435,0.806850016117096,0,0.0,0.0,USDCHF=X,USDCHF,USD/CHF,0.0010297444932148,0.0008299946784973,0.0012300014495849,0.0008600354194641,8.299946784973145,12.30001449584961,0.8031971426237197,0.8054541993141174,0.8061852749887404,0.0007413879599316,0.0576569175028625,0.0009415030479431,71.29198542675232,93.77627096087024,90.6149673006782,0.0001701872575504,-0.0004686845489085,0.000638871806459,0.8104000091552734,0.7999799847602844,0.0035499930381774,0.0068700313568115,0.6593104868463954,20,0,25,8,NewYork,USD,CHF,True,False,5,-4.873797688980698,202.2494691969028,30.58211606720695,0.004807029605319535,0.005646141923121961,0.005570914764647439,-0.002028426128139693,0.8071200251579285,0.801580011844635,0.951262023110193,0.001230001449584961,0.0009400039911270141,1.3085066246476842,0,-0.0021245161762765653,sideways,1,2025-09-11 12:47:24.855708,2025-09-13T15:05:02.984977
2025-08-25 21:00:00+01:00,USDCHF,forex,1h,yahoo_finance,0.8068100214004517,0.8068400025367737,0.8051699995994568,0.8053500056266785,0,0.0,0.0,USDCHF=X,USDCHF,USD/CHF,-0.0018590945782416,-0.0015000104904174,0.0016700029373168,0.0014600157737731,-15.000104904174805,16.700029373168945,0.8033385702541896,0.8053991997241974,0.8061850002178779,0.0008734065963058,0.0679238600992478,0.0009790062904357,67.80451749835561,86.22020397611129,90.15300798979824,0.0002553159980072,-0.0003238844395254,0.0005792004375326,0.8104000091552734,0.7999799847602844,0.0050500035285949,0.005370020866394,0.5153558823697653,21,0,25,8,Sydney,USD,CHF,True,False,5,-31.949734254298193,118.07655929300029,29.940453595528368,0.002377316167693655,0.0032513987868196814,0.002988954416013989,-0.0034030188672564687,0.8071200251579285,0.801580011844635,0.6805026574570181,0.0016700029373168945,0.0009785056114196776,1.7066871337548581,0,-0.0017323062988434412,sideways,1,2025-09-11 12:47:24.855708,2025-09-13T15:05:02.984977
2025-08-25 22:00:00+01:00,USDCHF,forex,1h,yahoo_finance,0.8053299784660339,0.8061000108718872,0.8041300177574158,0.8051499724388123,0,0.0,0.0,USDCHF=X,USDCHF,USD/CHF,-0.0002483804389006,-0.0002000331878662,0.0019699931144714,0.0001800060272216,-2.0003318786621094,19.699931144714355,0.803443329674857,0.8053361988067627,0.8061830771493388,0.0008736799617323,0.0679451194245872,0.0010240048170089,65.68495092546341,75.8720117057216,85.28949554756771,0.0003031456572717,-0.0001984784201659,0.0005016240774377,0.8104000091552734,0.7999799847602844,0.0052500367164611,0.0051699876785278,0.4961588843317946,22,0,25,8,Sydney,USD,CHF,True,False,5,-35.5604329395563,70.7617436096763,28.237138559962123,0.0012933328203883487,0.0039151290978147735,0.002240618324294452,-0.003897124582922351,0.8071200251579285,0.801580011844635,0.644395670604437,0.0019699931144714355,0.0010235041379928588,1.9247534439232337,0,-0.0012643165949361853,sideways,1,2025-09-11 12:47:24.855708,2025-09-13T15:05:02.984977
2025-08-25 23:00:00+01:00,USDCHF,forex,1h,yahoo_finance,0.8053299784660339,0.8061000108718872,0.805109977722168,0.8059999942779541,0,0.0,0.0,USDCHF=X,USDCHF,USD/CHF,0.0010557310665577,0.0008500218391418,0.0009900331497192,0.0006700158119201,8.500218391418457,9.900331497192385,0.8035695212227958,0.8052789986133575,0.8061874178084698,0.0008982071299445,0.0698525700315774,0.0010520070791244,72.2824748947198,70.53125423468718,77.54115663884002,0.0004049723952775,-7.778825707726873e-05,0.0004827606523548,0.8104000091552734,0.7999799847602844,0.0044000148773193,0.0060200095176696,0.577734685589095,23,0,25,8,Sydney,USD,CHF,True,False,5,-20.896070102083936,85.62963742282601,26.65548888407918,0.0017275205280109507,0.004499077765570458,0.0032862091397747317,-0.0035358525038909905,0.8071200251579285,0.801580011844635,0.797828846857315,0.0009900331497192383,0.0010515064001083373,0.9415379208507286,0,-0.00074508119140771,sideways,1,2025-09-11 12:47:24.855708,2025-09-13T15:05:02.984977
2025-08-26 00:00:00+01:00,USDCHF,forex,1h,yahoo_finance,0.8059499859809875,0.8063399791717529,0.8058500289916992,0.8062000274658203,0,0.0,0.0,USDCHF=X,USDCHF,USD/CHF,0.0002481801355909,0.0002000331878662,0.0004899501800537,0.0002500414848327,2.0003318786621094,4.899501800537109,0.8037047613234747,0.8052243995666504,0.8061912642730461,0.0008636788982341,0.0671673478337043,0.00103300511837,71.60361077923802,75.28377678045446,73.89568090695441,0.0004960931719188,3.698802872196481e-05,0.0004591051431969,0.8104000091552734,0.7999799847602844,0.0041999816894531,0.0062200427055358,0.5969316836270657,0,1,26,8,Sydney,USD,CHF,True,False,5,-17.692166616996403,89.4602997070882,25.408137675031075,0.00022332699242433307,0.0048986404536095485,0.004422915036663477,-0.0033747696383172876,0.8071200251579285,0.801580011844635,0.8339358337098961,0.0004899501800537109,0.0010325044393539428,0.47452597914279365,0,-0.00018925899879685537,sideways,1,2025-09-11 12:47:24.855708,2025-09-13T15:05:02.984977
2025-08-26 01:00:00+01:00,USDCHF,forex,1h,yahoo_finance,0.8062199950218201,0.8066999912261963,0.8026999831199646,0.8034499883651733,0,0.0,0.0,USDCHF=X,USDCHF,USD/CHF,-0.0034111126357702,-0.0027500391006469,0.0040000081062316,0.0027700066566467,-27.500391006469727,40.000081062316895,0.8037428572064355,0.8051263988018036,0.8061748906806275,0.0011844893307615,0.0921164185523565,0.0012040048837661,53.138833846283575,63.61150612531424,69.8088457134853,0.0003424542727961,9.80812775367941e-05,0.0002443729952593,0.8104000091552734,0.7999799847602844,0.0069500207901,0.0034700036048889,0.3330130020192313,1,1,26,8,Sydney,USD,CHF,True,False,5,-70.57724490497696,-2.698531004203154,25.41754152294504,-0.004213952635565343,0.0005728203746795391,0.0006725761313866041,-0.00606177779557282,0.8071200251579285,0.801580011844635,0.3375400770339767,0.0040000081062316895,0.001203504204750061,3.3236345086657963,0,-1.0431026061712994e-05,sideways,1,2025-09-11 12:47:24.855708,2025-09-13T15:05:02.984977
2025-08-26 02:00:00+01:00,USDCHF,forex,1h,yahoo_finance,0.8034499883651733,0.8045700192451477,0.8033900260925293,0.8042299747467041,0,0.0,0.0,USDCHF=X,USDCHF,USD/CHF,0.0009707964314218,0.0007799863815307,0.0011799931526184,0.0007799863815307,7.799863815307617,11.799931526184082,0.8038057145618257,0.805062198638916,0.8061625829764775,0.0011993245044413,0.0932701335183713,0.0012330055236816,59.77092307611587,52.05099990065946,63.64876093547605,0.0002804004387358,0.0001345451097766,0.0001458553289592,0.8104000091552734,0.7999799847602844,0.0061700344085693,0.0042499899864196,0.4078675658824269,2,1,26,8,Sydney,USD,CHF,True,False,5,-55.57758877604824,-22.743199736745055,25.426273667436583,-0.0013907380296134253,0.0009832719140774326,0.0011701443276939116,-0.0039755377642869405,0.8071200251579285,0.801580011844635,0.4783315043143331,0.0011799931526184082,0.0012325048446655273,0.9573943321404391,0,0.00016744279491933038,sideways,1,2025-09-11 12:47:24.855708,2025-09-13T15:05:02.984977
2025-08-26 03:00:00+01:00,USDCHF,forex,1h,yahoo_finance,0.8042500019073486,0.8051000237464905,0.8037899732589722,0.8046200275421143,0,0.0,0.0,USDCHF=X,USDCHF,USD/CHF,0.000485001563804,0.0003900527954101,0.0013100504875183,0.0003700256347656,3.9005279541015625,13.100504875183104,0.8038690487543741,0.80498379945755,0.8061513193361052,0.0011564465196449,0.0899355603047396,0.0012275069952011,59.806563220801,41.92285061476506,52.528452213579584,0.0002597026384758,0.0001595766155164,0.0001001260229593,0.8104000091552734,0.7999799847602844,0.0057799816131591,0.0046400427818298,0.4453005680160623,3,1,26,8,Tokyo,USD,CHF,True,False,5,-48.07661447467963,-7.52262190335131,24.91033053856101,-0.0006581940195474756,0.0006342875369134138,0.002991748729364918,-0.004848194440860931,0.8071200251579285,0.801580011844635,0.548737976889807,0.0013100504875183105,0.0012270063161849976,1.0676803128377639,0,0.0003282112518317528,sideways,1,2025-09-11 12:47:24.855708,2025-09-13T15:05:02.984977
2025-08-26 04:00:00+01:00,USDCHF,forex,1h,yahoo_finance,0.8046200275421143,0.8057900071144104,0.8045600056648254,0.8056700229644775,0,0.0,0.0,USDCHF=X,USDCHF,USD/CHF,0.0013049580999999,0.0010499954223632,0.0012300014495849,0.0010499954223632,10.499954223632812,12.30001449584961,0.8040333361852736,0.8049235999584198,0.8061475282186991,0.0011850017477506,0.0921562686519827,0.0012355059385299,63.82103380935536,55.68436618354667,49.8860722329904,0.0003242871572717,0.0001925187238675,0.0001317684334042,0.8104000091552734,0.7999799847602844,0.0047299861907958,0.0056900382041931,0.5460676471092959,4,1,26,8,Tokyo,USD,CHF,True,False,5,-29.292698198632117,36.36404686255387,23.791852723855666,-0.0004093936920832597,0.0013174195999203775,0.004100298454066342,-0.003722084092905309,0.8071200251579285,0.801580011844635,0.7382673810599703,0.001230001449584961,0.001235005259513855,0.9959483492962097,0,0.0005347155182744415,sideways,1,2025-09-11 12:47:24.855708,2025-09-13T15:05:02.984977
2025-08-26 05:00:00+01:00,USDCHF,forex,1h,yahoo_finance,0.805679976940155,0.805899977684021,0.8053500056266785,0.8054199814796448,0,0.0,0.0,USDCHF=X,USDCHF,USD/CHF,-0.0003103522257322,-0.0002500414848327,0.0005499720573425,0.0002599954605102,-2.5004148483276367,5.499720573425293,0.8041780959992182,0.804855399131775,0.8061469786769742,0.0011764460172991,0.0914908990054822,0.001212003827095,60.2701558862947,61.61740104281046,53.07487261370739,0.000351245654382,0.0002242641099704,0.0001269815444116,0.8104000091552734,0.7999799847602844,0.0049800276756286,0.0054399967193603,0.5220713995618326,5,1,26,8,Tokyo,USD,CHF,True,False,5,-37.778484198256905,43.53348886301359,22.653133150974746,-0.0009675588682718228,-0.0007444479578595509,0.0043895151129991206,-0.004216017254638826,0.8071200251579285,0.8017600178718567,0.682828103106999,0.0005499720573425293,0.0012115031480789185,0.45395842199388453,0,0.0005449450561501056,sideways,1,2025-09-11 12:47:24.855708,2025-09-13T15:05:02.984977
2025-08-26 06:00:00+01:00,USDCHF,forex,1h,yahoo_finance,0.8054199814796448,0.8058000206947327,0.80485999584198,0.805079996585846,0,0.0,0.0,USDCHF=X,USDCHF,USD/CHF,-0.0004221212555146,-0.0003399848937988,0.0009400248527526,0.0003399848937988,-3.399848937988281,9.400248527526855,0.8043295230184283,0.8047615993022919,0.8061451653202811,0.0011825754613125,0.0919675790528008,0.0012225061655044,56.99653669526479,62.25825466213701,59.85334062949804,0.0003412428825562,0.0002476598644875,9.358301806863318e-05,0.8104000091552734,0.7999799847602844,0.0053200125694274,0.0051000118255615,0.4894433671397273,6,1,26,8,Tokyo,USD,CHF,True,False,5,-46.15405361669993,7.052276773559529,21.977526904138237,0.0020287612723590698,-0.002193740467116956,0.003440015285985254,-0.005791757589568958,0.8071200251579285,0.8019199967384338,0.6076889571536646,0.0009400248527526855,0.0012220054864883422,0.7692476532605594,0,0.0004416212793190239,sideways,1,2025-09-11 12:47:24.855708,2025-09-13T15:05:02.984977
2025-08-26 07:00:00+01:00,USDCHF,forex,1h,yahoo_finance,0.8050699830055237,0.8067799806594849,0.8050600290298462,0.8066400289535522,0,0.0,0.0,USDCHF=X,USDCHF,USD/CHF,0.001937735845285,0.0015600323677062,0.0017199516296386,0.0015700459480285,15.600323677062988,17.19951629638672,0.804535238515763,0.8047114002704621,0.8061454951108157,0.0012452946311208,0.0968451791689619,0.0012760013341903,60.03166875428356,68.4026409451879,64.09276555004512,0.0004539641714204,0.0002889207258741,0.0001650434455462,0.8104000091552734,0.7999799847602844,0.0037599802017211,0.0066600441932678,0.6391582150681562,7,1,26,8,Tokyo,USD,CHF,True,False,5,-10.859539349479476,90.98410368431993,20.452325016787785,0.0029967226819755943,0.0016018169961642403,0.004858423928821853,-0.003101960887153421,0.8071200251579285,0.8019199967384338,0.9076935421012815,0.0017199516296386719,0.0012755006551742553,1.3484521726127197,0,0.000664339055427976,sideways,1,2025-09-11 12:47:24.855708,2025-09-13T15:05:02.984977
2025-08-26 08:00:00+01:00,USDCHF,forex,1h,yahoo_finance,0.8066400289535522,0.8072199821472168,0.8057199716567993,0.805840015411377,0,0.0,0.0,USDCHF=X,USDCHF,USD/CHF,-0.0009917850756961,-0.0008000135421752,0.0015000104904174,0.0008000135421752,-8.00013542175293,15.000104904174805,0.8046828593526568,0.8046298003196717,0.8061347259924962,0.001249438977201,0.097167480356691,0.0013105034828186,54.76366356106705,70.81872098161186,67.15987219631226,0.0004732864467109,0.0003257938700415,0.0001474925766694,0.8104000091552734,0.7999799847602844,0.0045599937438964,0.0058600306510925,0.5623816633203484,8,1,26,8,Tokyo,USD,CHF,True,False,5,-30.530244088985004,89.87098023107959,19.31309157720487,0.0015162285644185758,0.0008570365722979645,0.004775521078934641,-0.005037531452834476,0.8072199821472168,0.8019199967384338,0.7396282009469293,0.0015000104904174805,0.0013100028038024903,1.1450437251458263,1,0.0008515785263266313,sideways,1,2025-09-11 12:47:24.855708,2025-09-13T15:05:02.984977
2025-08-26 09:00:00+01:00,USDCHF,forex,1h,yahoo_finance,0.805840015411377,0.8071100115776062,0.805620014667511,0.8067200183868408,0,0.0,0.0,USDCHF=X,USDCHF,USD/CHF,0.0010920318656733,0.0008800029754638,0.0014899969100952,0.0008800029754638,8.800029754638672,14.899969100952148,0.8049071459543138,0.8045572006702423,0.8061330776948196,0.0012631271250729,0.0982319924006759,0.0013520032167434,52.82707288186186,82.51635634666933,73.91257275782304,0.0005532310711305,0.0003712813102593,0.0001819497608712,0.8104000091552734,0.7999799847602844,0.0036799907684326,0.0067400336265563,0.6468347262025295,9,1,26,8,London,USD,CHF,True,False,5,-11.061147521527566,98.38373975649672,18.163316911719832,0.0013032574036946354,0.0008933301662510384,0.00539642709370991,-0.004479524239675792,0.8072199821472168,0.8019199967384338,0.9056669553188857,0.0014899969100952148,0.001351502537727356,1.1024743709329223,1,0.0010313841193907878,sideways,1,2025-09-11 12:47:24.855708,2025-09-13T15:05:02.984977
2025-08-26 10:00:00+01:00,USDCHF,forex,1h,yahoo_finance,0.8067299723625183,0.8068199753761292,0.8055700063705444,0.8057699799537659,0,0.0,0.0,USDCHF=X,USDCHF,USD/CHF,-0.0011776557063436,-0.0009500384330749,0.0012499690055847,0.0009599924087524,-9.500384330749512,12.499690055847168,0.8050680983634222,0.8044738006591797,0.8061218687466213,0.0013014351315807,0.101211163482878,0.0013745009899139,45.67995422468053,75.44296898008342,76.25934876945487,0.0005337745792848,0.0004037799640644,0.0001299946152204,0.8102999925613403,0.7999799847602844,0.0045300126075744,0.0057899951934814,0.5610456217764712,10,1,26,8,London,USD,CHF,True,False,5,-32.079701449237135,61.841967838095826,17.04707894180572,0.000434553999365761,-0.00053342532548184,0.004362602069249322,-0.005148530327545142,0.8072199821472168,0.8021699786186218,0.712871053408085,0.0012499690055847168,0.0013740003108978272,0.9097297836620842,1,0.001081704312877392,sideways,1,2025-09-11 12:47:24.855708,2025-09-13T15:05:02.984977
2025-08-26 11:00:00+01:00,USDCHF,forex,1h,yahoo_finance,0.8057699799537659,0.8064500093460083,0.8055800199508667,0.8057399988174438,0,0.0,0.0,USDCHF=X,USDCHF,USD/CHF,-3.720805821505469e-05,-2.9981136322021484e-05,0.0008699893951416,2.9981136322021484e-05,-0.2998113632202148,8.699893951416016,0.8052333366303217,0.8043868005275726,0.806105110343996,0.0012925208186816,0.1005179072780375,0.0013679981231689,51.76783369448332,74.70538332036624,77.55490288237299,0.0005100563303088,0.0004250352373133,8.50210929955568e-05,0.8101199865341187,0.7999799847602844,0.0043799877166748,0.0057600140571594,0.5680486242145296,11,1,26,8,London,USD,CHF,True,False,5,-32.743001068136564,46.12460072316695,16.0105722554569,0.0008197970815282396,0.0028502215264576414,0.003424674566099961,-0.005369781816054742,0.8072199821472168,0.802619993686676,0.6782636864269518,0.0008699893951416016,0.001367497444152832,0.6361908746970727,1,0.0014746685995171425,sideways,1,2025-09-11 12:47:24.855708,2025-09-13T15:05:02.984977
2025-08-26 12:00:00+01:00,USDCHF,forex,1h,yahoo_finance,0.8057399988174438,0.8059300184249878,0.8042399883270264,0.8046900033950806,0,0.0,0.0,USDCHF=X,USDCHF,USD/CHF,-0.0013031442201011,-0.0010499954223632,0.0016900300979614,0.0010499954223632,-10.499954223632812,16.900300979614258,0.8053142882528759,0.8042910003662109,0.8060838465507214,0.0013296668268561,0.1034067110415575,0.0013974994421005,48.06413903480386,59.73476806491457,69.96104012178807,0.0004019007304212,0.0004204083359348,-1.8507605513665105e-05,0.8098300099372864,0.7999799847602844,0.0051400065422058,0.0047100186347961,0.478173258459602,12,1,26,8,London,USD,CHF,True,False,5,-55.97299328788258,-54.68012004187861,15.930895552352244,-0.002417466885447528,0.0005720113186795661,0.001555845675421219,-0.005917388941360735,0.8072199821472168,0.8026999831199646,0.44027006712117417,0.0016900300979614258,0.0013969987630844116,1.2097577625838658,1,0.001651152359281232,sideways,1,2025-09-11 12:47:24.855708,2025-09-13T15:05:02.984977
2025-08-26 13:00:00+01:00,USDCHF,forex,1h,yahoo_finance,0.8046600222587585,0.8047099709510803,0.8036999702453613,0.8044400215148926,0,0.0,0.0,USDCHF=X,USDCHF,USD/CHF,-0.0003106561273699,-0.0002499818801879,0.0010100007057189,0.0002200007438659,-2.499818801879883,10.10000705718994,0.805361909525735,0.804193000793457,0.8060619235038757,0.0013200417379781,0.1026581785789424,0.0013870000839233,43.08533685601056,49.92681286511149,61.45565475013077,0.0002926417973057,0.000394855028209,-0.0001022132309033,0.8096100091934204,0.7999799847602844,0.0051699876785278,0.0044600367546081,0.463138674836753,13,1,26,8,London,USD,CHF,True,False,5,-61.50356704864637,-102.92132244065017,16.274584688466323,-0.0017373099743249742,-0.00022371556891465083,0.000410430068001455,-0.0060542894664435964,0.8072199821472168,0.8026999831199646,0.3849643295135363,0.0010100007057189941,0.0013864994049072265,0.7284537607043368,1,0.0017508308968691216,sideways,1,2025-09-11 12:47:24.855708,2025-09-13T15:05:02.984977
2025-08-26 14:00:00+01:00,USDCHF,forex,1h,yahoo_finance,0.8044499754905701,0.8051999807357788,0.8041200041770935,0.8041999936103821,0,0.0,0.0,USDCHF=X,USDCHF,USD/CHF,-0.0002983788698858,-0.0002400279045104,0.0010799765586853,0.0002499818801879,-2.4002790451049805,10.799765586853027,0.805366195383526,0.8040850007534027,0.806043626842918,0.0013140333849775,0.1021909156450905,0.0013969987630844,41.16606378441563,38.56983986742799,49.41047359915135,0.0001845575947101,0.0003527955415092,-0.0001682379467991,0.8095999956130981,0.7999799847602844,0.005400002002716,0.0042200088500976,0.4386698637521143,14,1,26,8,London,USD,CHF,True,False,5,-66.81392006118708,-70.60324315679046,16.051095752153543,-0.003123791053924685,-0.0018246047540486643,-0.0005095889241932827,-0.006669962984160782,0.8072199821472168,0.8026999831199646,0.3318607993881292,0.0010799765586853027,0.0013964980840682983,0.7733462516032242,1,0.00170256012262034,sideways,1,2025-09-11 12:47:24.855708,2025-09-13T15:05:02.984977
2025-08-26 15:00:00+01:00,USDCHF,forex,1h,yahoo_finance,0.8041800260543823,0.8050400018692017,0.8035399913787842,0.8038600087165833,0,0.0,0.0,USDCHF=X,USDCHF,USD/CHF,-0.000422761622109,-0.0003399848937988,0.0015000104904174,0.000320017337799,-3.399848937988281,15.000104904174805,0.8053304808480399,0.8039844012260438,0.806024560889045,0.0012475429352914,0.0970200272850545,0.0013839989900588,52.30086897188385,27.98458015993599,38.82707763082516,7.065171692022254e-05,0.0002963667765914,-0.0002257150596712,0.8090199828147888,0.7999799847602844,0.0051599740982055,0.0038800239562988,0.4292062822254164,15,1,26,8,London,USD,CHF,True,False,5,-87.72877241035857,-102.09569342759791,16.304193715345924,-0.002370367827915665,-0.0019368438813693878,-0.002679849959756786,-0.006218368950908437,0.8072199821472168,0.8026999831199646,0.25664288634235755,0.0015000104904174805,0.0013834983110427856,1.0842156281975335,1,0.0016338691478708348,sideways,1,2025-09-11 12:47:24.855708,2025-09-13T15:05:02.984977
2025-08-26 16:00:00+01:00,USDCHF,forex,1h,yahoo_finance,0.8039100170135498,0.8040199875831604,0.8030499815940857,0.8030999898910522,0,0.0,0.0,USDCHF=X,USDCHF,USD/CHF,-0.000945461669059,-0.000760018825531,0.0009700059890747,0.0008100271224975,-7.600188255310059,9.70005989074707,0.8051914317267281,0.8038806009292603,0.8060023080516647,0.0012286551936268,0.095551148611774,0.0013709992170333,43.64473825359365,15.55218236826324,27.368867465209075,-8.002420998742821e-05,0.0002210885792756,-0.0003011127892631,0.8088499903678894,0.7999799847602844,0.0057500004768371,0.0031200051307678,0.3517478194255917,16,1,26,8,NewYork,USD,CHF,True,False,5,-98.80076042366461,-155.897840637999,16.90262908713783,-0.0032765022591235704,-0.002459391244584941,-0.004647736445604123,-0.006420981094408806,0.8072199821472168,0.8026999831199646,0.08849709229491119,0.000970005989074707,0.001370498538017273,0.7077760115512663,1,0.001516898074698068,sideways,1,2025-09-11 12:47:24.855708,2025-09-13T15:05:02.984977
2025-08-26 17:00:00+01:00,USDCHF,forex,1h,yahoo_finance,0.8030999898910522,0.8033999800682068,0.8025299906730652,0.8033199906349182,0,0.0,0.0,USDCHF=X,USDCHF,USD/CHF,0.000273939418049,0.0002200007438659,0.0008699893951416,0.0002200007438659,2.200007438659668,8.699893951416016,0.8050233352751959,0.8037858009338379,0.8059792859213692,0.0011712366104668,0.0910857692270156,0.0013304978609085,42.54574535711112,10.104948884602678,17.88057047093397,-0.0001796132761943,0.0001409482081816,-0.0003205614843759,0.8088499903678894,0.7999799847602844,0.0055299997329711,0.0033400058746337,0.3765505933581518,17,1,26,8,NewYork,USD,CHF,True,False,5,-83.15562051216877,-150.96681865736946,17.821120339456094,-0.001702534832522029,-0.004115885896390559,-0.002520661796209467,-0.005865900833348259,0.8072199821472168,0.8025299906730652,0.16844379487831226,0.0008699893951416016,0.0013304978609085083,0.6538825959085299,1,0.0012219687113838153,sideways,1,2025-09-11 12:47:24.855708,2025-09-13T15:05:02.984977
2025-08-26 18:00:00+01:00,USDCHF,forex,1h,yahoo_finance,0.8032799959182739,0.8036500215530396,0.8028799891471863,0.8036199808120728,0,0.0,0.0,USDCHF=X,USDCHF,USD/CHF,0.0003734379582878,0.0002999901771545,0.0007700324058532,0.0003399848937988,2.99990177154541,7.700324058532715,0.8049409531411671,0.8036842000484467,0.8059574725863697,0.0011760472454466,0.091459886961795,0.0012704998254776,37.13916060905202,13.761463074554442,13.139531442473452,-0.000231661182608,6.642633002373187e-05,-0.0002980875126318,0.808709979057312,0.7999799847602844,0.0050899982452392,0.0036399960517883,0.4169528556310381,18,1,26,8,NewYork,USD,CHF,True,False,5,-76.75922984050327,-105.54055505343447,18.361245309975637,-0.0010193932187455568,-0.002754932191063819,-0.0019002566964079204,-0.0062817412044088305,0.8072199821472168,0.8025299906730652,0.23240770159496726,0.0007700324058532715,0.0012704998254776001,0.6060861956937339,0,0.0010723099008349572,sideways,1,2025-09-11 12:47:24.855708,2025-09-13T15:05:02.984977
2025-08-26 19:00:00+01:00,USDCHF,forex,1h,yahoo_finance,0.803629994392395,0.8040099740028381,0.8030099868774414,0.8032100200653076,0,0.0,0.0,USDCHF=X,USDCHF,USD/CHF,-0.0005101425506504,-0.0004099607467651,0.0009999871253967,0.0004199743270874,-4.099607467651367,9.999871253967283,0.8048485744567144,0.8037186002731324,0.8059331869686043,0.0011472155888465,0.0892176810778288,0.0012709975242614,36.408624696662,18.19491220266463,14.020441387273918,-0.0003025028647442,-7.35950892985512e-06,-0.0002951433558143,0.8072199821472168,0.7999799847602844,0.0040099620819091,0.0032300353050231,0.4461376340899174,19,1,26,8,NewYork,USD,CHF,True,False,5,-85.50041303933405,-87.57915749052366,18.417568599995032,-0.0012310041692863427,-0.004350949823399675,-0.0034615064918775973,0.002146017062386152,0.8072199821472168,0.8025299906730652,0.14499586960665947,0.0009999871253967285,0.0012709975242614746,0.7867734643919002,0,0.0005927428677843282,sideways,1,2025-09-11 12:47:24.855708,2025-09-13T15:05:02.984977
2025-08-26 20:00:00+01:00,USDCHF,forex,1h,yahoo_finance,0.8032299876213074,0.8034600019454956,0.8028900027275085,0.8033599853515625,0,0.0,0.0,USDCHF=X,USDCHF,USD/CHF,0.0001867074395345,0.0001499652862548,0.000569999217987,0.0001299977302551,1.499652862548828,5.6999921798706055,0.8047228597459339,0.8037539994716645,0.8059112639217586,0.0011461103308217,0.0891317263898667,0.0012749999761581,39.16868727057075,18.47916799051068,16.81184775590992,-0.0003425952382972,-7.440665480333851e-05,-0.0002681885834939,0.8072199821472168,0.7999799847602844,0.0038599967956542,0.003380000591278,0.4668510788938559,20,1,26,8,NewYork,USD,CHF,True,False,5,-82.30285314863062,-84.65791525276732,18.571120087459203,-0.0006220279148095864,-0.002990921307767791,-0.0035227512000776118,0.002208061316215648,0.8072199821472168,0.8025299906730652,0.17697146851369383,0.0005699992179870605,0.0012749999761581421,0.4470582185456934,0,0.00024883211703652174,sideways,1,2025-09-11 12:47:24.855708,2025-09-13T15:05:02.984977
2025-08-26 21:00:00+01:00,USDCHF,forex,1h,yahoo_finance,0.8033599853515625,0.8038300275802612,0.8027999997138977,0.8028900027275085,0,0.0,0.0,USDCHF=X,USDCHF,USD/CHF,-0.0005850212017322,-0.0004699826240539,0.0010300278663635,0.0004699826240539,-4.699826240539551,10.300278663635254,0.8045652395203,0.8037860000133514,0.8058893958945851,0.0008662906968226,0.067370464506609,0.0011265009641647,22.627324382412567,13.290970324712456,16.65501683929592,-0.0004075939141793,-0.0001410441066785,-0.0002665498075007,0.8072199821472168,0.7999799847602844,0.0043299794197082,0.0029100179672241,0.4019363283854874,21,1,26,8,Sydney,USD,CHF,True,False,5,-92.32382283789795,-79.52827498765215,18.239830865915643,-0.0002614707585442133,-0.0035371163081368007,-0.0006969763467222778,0.0019968140535719936,0.8072199821472168,0.8025299906730652,0.07676177162102052,0.0010300278663635254,0.0011265009641647338,0.9143603948242154,0,-0.00014556155669970706,sideways,1,2025-09-11 12:47:24.855708,2025-09-13T15:05:02.984977
2025-08-26 22:00:00+01:00,USDCHF,forex,1h,yahoo_finance,0.8028900027275085,0.8043799996376038,0.8021900057792664,0.8029500246047974,0,0.0,0.0,USDCHF=X,USDCHF,USD/CHF,7.475728566164186e-05,6.002187728881836e-05,0.0021899938583374,6.002187728881836e-05,0.6002187728881836,21.899938583374023,0.8045414317221868,0.803836600780487,0.8058683521799989,0.0008341366991267,0.0648698838487967,0.0011770009994506,26.3501385257736,13.606947637494288,15.125695317572474,-0.0004490857878196,-0.0002026524429067,-0.0002464333449128,0.8072199821472168,0.8001999855041504,0.0042699575424194,0.0027500391006469,0.391743648960739,22,1,26,8,Sydney,USD,CHF,True,False,5,-84.55248110098856,-72.07925898137378,18.47930708189089,-0.00046054627599700915,-0.0021622970124420826,-0.0015915225521280219,0.003160888533831674,0.8072199821472168,0.8021900057792664,0.15109789190534312,0.0021899938583374023,0.0011770009994506836,1.8606559037413657,0,-0.0004249607286451921,sideways,1,2025-09-11 12:47:24.855708,2025-09-13T15:05:02.984977
2025-08-26 23:00:00+01:00,USDCHF,forex,1h,yahoo_finance,0.8029099702835083,0.8036999702453613,0.8025000095367432,0.8035399913787842,0,0.0,0.0,USDCHF=X,USDCHF,USD/CHF,0.0007347490577351,0.0005899667739868,0.0011999607086181,0.0006300210952758,5.899667739868164,11.99960708618164,0.8045085753713336,0.8038866007328034,0.8058521983387706,0.0008448301143882,0.0657014988666795,0.0011714965105056,22.679789434874337,17.427081295584216,14.774999752596983,-0.000429413002752,-0.0002480045548758,-0.0001814084478761,0.8072199821472168,0.8005599975585938,0.0036799907684326,0.0029799938201904,0.4474475549509558,23,1,26,8,Sydney,USD,CHF,True,False,5,-70.84245217436083,-59.556861553026486,18.70167785386791,-9.953639182502805e-05,-0.0011188281438477832,-0.001342293413487683,0.0031209398223304152,0.8072199821472168,0.8021900057792664,0.2683880600552205,0.001199960708618164,0.0011714965105056763,1.024297296540987,0,-0.0005990919030961992,sideways,1,2025-09-11 12:47:24.855708,2025-09-13T15:05:02.984977
2025-08-27 00:00:00+01:00,USDCHF,forex,1h,yahoo_finance,0.8034899830818176,0.8039000034332275,0.8033699989318848,0.8037899732589722,0,0.0,0.0,USDCHF=X,USDCHF,USD/CHF,0.0003111007328446,0.0002499818801879,0.0005300045013427,0.0002999901771545,2.499818801879883,5.300045013427734,0.8044690489768982,0.8039370000362396,0.8058393410928957,0.000787156262293,0.0612162675005863,0.0011364966630935,30.6634690384996,27.3876524458755,19.47389379298467,-0.0003891646821118,-0.000276236580323,-0.0001129281017887,0.8072199821472168,0.8005599975585938,0.0034300088882446,0.0032299757003784,0.4849824586525381,0,2,27,8,Sydney,USD,CHF,True,False,5,-62.442109387024104,-14.151981977400613,18.623830985146675,0.0007220442713318231,-0.000509848737462848,-0.0023335232190813127,0.003144963802937939,0.8072199821472168,0.8021900057792664,0.3180864804654635,0.0005300045013427734,0.001136496663093567,0.4663493686819022,0,-0.0007127465113035248,sideways,1,2025-09-11 12:47:24.855708,2025-09-13T15:05:02.984977
2025-08-27 01:00:00+01:00,USDCHF,forex,1h,yahoo_finance,0.8038100004196167,0.8041499853134155,0.8035500049591064,0.8040400147438049,0,0.0,0.0,USDCHF=X,USDCHF,USD/CHF,0.0003110781337802,0.0002500414848327,0.000599980354309,0.0002300143241882,2.5004148483276367,5.99980354309082,0.8043914295378185,0.8040006005764008,0.8058273631792802,0.0007913557475366,0.0615428567997539,0.0011389970779418,34.08230921206845,38.72691717377074,27.84721697174349,-0.0003332498431515,-0.0002876392328887,-4.561061026281448e-05,0.8072199821472168,0.801580011844635,0.0031799674034118,0.0024600028991699,0.4361730234720945,1,2,27,8,Sydney,USD,CHF,True,False,5,-50.534686917302814,31.545585540194185,18.197026149998823,0.0008464815333624198,0.00022392708340990275,-0.001713350509760958,0.003970765248301866,0.8072199821472168,0.8021900057792664,0.36779675076135515,0.000599980354309082,0.0011389970779418946,0.5267619785234338,0,-0.0007694064271583722,sideways,1,2025-09-11 12:47:24.855708,2025-09-13T15:05:02.984977
2025-08-27 02:00:00+01:00,USDCHF,forex,1h,yahoo_finance,0.8040400147438049,0.8044400215148926,0.8036900162696838,0.8043500185012817,0,0.0,0.0,USDCHF=X,USDCHF,USD/CHF,0.0003855576237403,0.0003100037574768,0.0007500052452087,0.0003100037574768,3.1000375747680664,7.500052452087402,0.8043404789198012,0.8040400004386902,0.8058223632665781,0.0007938746284324,0.061738747366986,0.0011294960975646,46.30445486821986,52.92834025378585,39.680969957810696,-0.0002609145574237,-0.0002822942977957,2.1379740371995838e-05,0.8072199821472168,0.801580011844635,0.002869963645935,0.0027700066566467,0.4911385181192733,2,2,27,8,Sydney,USD,CHF,True,False,5,-28.23818293431553,84.77573764852283,17.397688329571643,0.0018184505583744848,0.001556504328183328,-0.0009067149695184407,0.0024551871334554942,0.8072199821472168,0.8021900057792664,0.4294280060197419,0.0007500052452087402,0.0011294960975646972,0.66401756219063,0,-0.0006629026298422496,sideways,1,2025-09-11 12:47:24.855708,2025-09-13T15:05:02.984977
2025-08-27 03:00:00+01:00,USDCHF,forex,1h,yahoo_finance,0.8044000267982483,0.8049100041389465,0.8043199777603149,0.8044999837875366,0,0.0,0.0,USDCHF=X,USDCHF,USD/CHF,0.0001864428206694,0.0001499652862548,0.0005900263786315,9.995698928833008e-05,1.499652862548828,5.900263786315918,0.8043128592627389,0.804070999622345,0.8058189566318805,0.0006465812308018,0.0502839035674088,0.0010729998350143,50.66626046413056,65.99040803027864,52.54855515261175,-0.0001893051847245,-0.0002636964751814,7.439129045689415e-05,0.8072199821472168,0.801580011844635,0.0027199983596801,0.0029199719429016,0.5177282478889911,3,2,27,8,Tokyo,USD,CHF,True,False,5,-23.255906057545694,139.83313315421898,16.268918975271326,0.0019303308241407358,0.0014688955414712268,-0.0026530361613616993,0.0019303308241407358,0.8072199821472168,0.8021900057792664,0.4592423183116283,0.0005900263786315918,0.0010729998350143433,0.5498848735831395,0,-0.0005546775090652955,sideways,1,2025-09-11 12:47:24.855708,2025-09-13T15:05:02.984977
2025-08-27 04:00:00+01:00,USDCHF,forex,1h,yahoo_finance,0.8044999837875366,0.8048200011253357,0.8042799830436707,0.8047000169754028,0,0.0,0.0,USDCHF=X,USDCHF,USD/CHF,0.0002486428737069,0.0002000331878662,0.000540018081665,0.0002000331878662,2.0003318786621094,5.400180816650391,0.8042204777399699,0.8040980005264282,0.8058143962215591,0.000618722951885,0.0481173961838424,0.0010250002145767,55.605746742398935,78.85886670747782,65.92587166384743,-0.0001150865878919,-0.0002339744977235,0.0001188879098316,0.8072199821472168,0.801580011844635,0.0025199651718139,0.0031200051307678,0.5531953119220485,4,2,27,8,Tokyo,USD,CHF,True,False,5,-11.929310885705323,139.93623450701546,15.167710485577617,0.0014436438871301416,0.0013439638002015197,-0.0014146709199991392,0.001680519389558155,0.8071100115776062,0.8021900057792664,0.5101642760224849,0.0005400180816650391,0.0010250002145767213,0.5268467986497369,0,-0.0004539215203786746,sideways,1,2025-09-11 12:47:24.855708,2025-09-13T15:05:02.984977
2025-08-27 05:00:00+01:00,USDCHF,forex,1h,yahoo_finance,0.8047000169754028,0.8052999973297119,0.8046600222587585,0.8052200078964233,0,0.0,0.0,USDCHF=X,USDCHF,USD/CHF,0.0006461922580478,0.0005199909210205,0.0006399750709533,0.0005199909210205,5.199909210205078,6.399750709533691,0.8041909535725912,0.8041352009773255,0.8058102202939463,0.0005815444069526,0.0452260620728369,0.0009824991226196,64.65540497141757,87.41425618920209,77.42117697565284,-1.41458293120289e-05,-0.0001900087640412,0.0001758629347292,0.8072199821472168,0.801580011844635,0.0019999742507934,0.0036399960517883,0.6453927691998774,5,2,27,8,Tokyo,USD,CHF,True,False,5,-2.5720144891427257,168.65030850294914,14.75669795751354,0.0017791147999186574,0.002502443670899801,-0.0018593941593478824,0.002315303946893499,0.8068199753761292,0.8021900057792664,0.654432400422256,0.0006399750709533691,0.0009824991226196288,0.6513746997015216,0,-0.0002502055058322487,sideways,1,2025-09-11 12:47:24.855708,2025-09-13T15:05:02.984977
2025-08-27 06:00:00+01:00,USDCHF,forex,1h,yahoo_finance,0.8052200078964233,0.805400013923645,0.8048800230026245,0.8050400018692017,0,0.0,0.0,USDCHF=X,USDCHF,USD/CHF,-0.0002235488754085,-0.0001800060272216,0.0005199909210205,0.0001800060272216,-1.8000602722167969,5.199909210205078,0.804110952786037,0.8041830015182495,0.8058059896741595,0.0005241798350494,0.0407648830834771,0.0009460002183914,73.89229820594885,91.42779142721233,85.90030477463074,5.074056147646999e-05,-0.0001418588989377,0.0001925994604141,0.8072199821472168,0.801580011844635,0.0021799802780151,0.0034599900245666,0.6134766388721559,6,2,27,8,Tokyo,USD,CHF,True,False,5,-11.215300343514995,135.34195225142355,14.498038355485845,0.0012437031827519096,0.0020912374878914175,-0.0009059385466384517,0.0029776703683703776,0.8064500093460083,0.8021900057792664,0.669012606511732,0.0005199909210205078,0.0009460002183914185,0.5496731511380641,0,-0.00010072078584756219,sideways,1,2025-09-11 12:47:24.855708,2025-09-13T15:05:02.984977
2025-08-27 07:00:00+01:00,USDCHF,forex,1h,yahoo_finance,0.805079996585846,0.8055199980735779,0.8049299716949463,0.8053299784660339,0,0.0,0.0,USDCHF=X,USDCHF,USD/CHF,0.0003602014759005,0.0002899765968322,0.0005900263786315,0.0002499818801879,2.899765968322754,5.900263786315918,0.8040900003342402,0.8042314016819,0.8058055498442807,0.000531972695949,0.0413709252129473,0.0009320020675659,74.33466112458146,93.50212581399656,90.78139114347032,0.0001241312735236,-8.86608644454545e-05,0.000212792137969,0.8072199821472168,0.801580011844635,0.0018900036811828,0.0037499666213989,0.6648911998139987,7,2,27,8,Tokyo,USD,CHF,True,False,5,-5.706307725352618,123.38625428163434,14.409997551704851,0.0012183252840325398,0.003038991306700156,-0.0005088742671478519,0.0030140467450803232,0.8059300184249878,0.8021900057792664,0.8395620507753359,0.0005900263786315918,0.000932002067565918,0.6330741091299787,0,0.00014249563755431335,sideways,1,2025-09-11 12:47:24.855708,2025-09-13T15:05:02.984977
2025-08-27 08:00:00+01:00,USDCHF,forex,1h,yahoo_finance,0.8053299784660339,0.8062000274658203,0.8051300048828125,0.8056600093841553,0,0.0,0.0,USDCHF=X,USDCHF,USD/CHF,0.0004098083108119,0.0003300309181213,0.0010700225830078,0.0003300309181213,3.300309181213379,10.700225830078123,0.8040861913136074,0.8042788016796112,0.805807637644338,0.0004464290995183,0.0347182948104293,0.0009010016918182,74.52000229252636,89.87055989392508,91.60015904504463,0.0002065437704533,-2.961993746568934e-05,0.000236163707919,0.8072199821472168,0.801580011844635,0.0015599727630615,0.0040799975395202,0.7234076281665134,8,2,27,8,Tokyo,USD,CHF,True,False,5,-13.466712249357135,132.32126910753908,15.118935957643037,0.0014419212181426833,0.0033750354272568117,0.0012054405857935269,0.0029503664399341822,0.8062000274658203,0.8021900057792664,0.8653328775064286,0.0010700225830078125,0.0009010016918182373,1.187592201795413,1,0.00042049839662833515,sideways,1,2025-09-11 12:47:24.855708,2025-09-13T15:05:02.984977
2025-08-27 09:00:00+01:00,USDCHF,forex,1h,yahoo_finance,0.8056700229644775,0.8076500296592712,0.805620014667511,0.806410014629364,0,0.0,0.0,USDCHF=X,USDCHF,USD/CHF,0.0009309202845777,0.0007500052452087,0.0020300149917602,0.0007399916648864,7.500052452087402,20.30014991760254,0.804168096610478,0.8043626022338867,0.8058148353964418,0.0004773774570227,0.0371251141707578,0.0009520024061203,85.55571744572632,86.03872712340323,89.80380427710828,0.0003285876691191,4.20215838512766e-05,0.0002865660852678,0.8076500296592712,0.801580011844635,0.0012400150299072,0.004830002784729,0.7957147626622675,9,2,27,8,London,USD,CHF,True,False,5,-22.710798655080566,165.75070521023406,17.00217111407913,0.0021250125734910696,0.0035717242220330014,0.0024488999326035543,0.005223040789454236,0.8076500296592712,0.8021900057792664,0.7728920134491943,0.002030014991760254,0.0009520024061203003,2.1323632994092767,1,0.0006730791757690416,sideways,1,2025-09-11 12:47:24.855708,2025-09-13T15:05:02.984977
2025-08-27 10:00:00+01:00,USDCHF,forex,1h,yahoo_finance,0.806410014629364,0.8069000244140625,0.8059300184249878,0.806850016117096,0,0.0,0.0,USDCHF=X,USDCHF,USD/CHF,0.0005456299893971,0.0004400014877319,0.0009700059890747,0.0004400014877319,4.400014877319336,9.70005989074707,0.804282858258202,0.8044520020484924,0.8058190113240546,0.0004755234273383,0.036980928343175,0.0009465038776397,86.4303224120553,83.05676350053814,86.32201683928882,0.0004555613531891,0.0001247295377188,0.0003308318154702,0.8076500296592712,0.801580011844635,0.0008000135421752,0.0052700042724609,0.8682024391680905,10,2,27,8,London,USD,CHF,True,False,5,-14.652198593947864,139.74262321644034,18.75088947362693,0.0020243016873497943,0.003807017952359937,0.003295228211600554,0.005570914764647439,0.8076500296592712,0.8021900057792664,0.8534780140605214,0.000970005989074707,0.0009465038776397706,1.0248304439000737,1,0.0009422615477459657,sideways,1,2025-09-11 12:47:24.855708,2025-09-13T15:05:02.984977
2025-08-27 11:00:00+01:00,USDCHF,forex,1h,yahoo_finance,0.806850016117096,0.8072599768638611,0.8065699934959412,0.8070700168609619,0,0.0,0.0,USDCHF=X,USDCHF,USD/CHF,0.000272666219832,0.0002200007438659,0.0006899833679199,0.0002200007438659,2.200007438659668,6.899833679199219,0.8044195260320391,0.804555401802063,0.8058237367933923,0.0004553087865195,0.0354088581976811,0.0009060025215148,96.03513240294608,84.00470139586336,84.36673067326825,0.0005674004943073,0.0002132637290365,0.0003541367652708,0.8076500296592712,0.8017600178718567,0.0005800127983093,0.0053099989891052,0.9015260377663988,11,2,27,8,London,USD,CHF,True,False,5,-10.622898563381511,139.89279063505612,20.630726130112873,0.002521632449377531,0.003768471794432404,0.003993242740739866,0.006447172328698958,0.8076500296592712,0.8021900057792664,0.8937710143661849,0.0006899833679199219,0.0009060025215148926,0.7615689267246484,1,0.0011902283479022597,sideways,1,2025-09-11 12:47:24.855708,2025-09-13T15:05:02.984977
2025-08-27 12:00:00+01:00,USDCHF,forex,1h,yahoo_finance,0.8071100115776062,0.8072999715805054,0.8064299821853638,0.8068400025367737,0,0.0,0.0,USDCHF=X,USDCHF,USD/CHF,-0.0002849992186338,-0.0002300143241882,0.0008699893951416,0.0002700090408325,-2.300143241882324,8.699893951416016,0.8045614304996672,0.804645801782608,0.8058276379501427,0.0003866837532174,0.0300719656426761,0.0009010016918182,91.2947191252958,86.33209410288714,84.46451966642955,0.0006302089295059,0.0002966527691304,0.0003335561603755,0.8076500296592712,0.8019199967384338,0.0008100271224975,0.0049200057983398,0.8586348222273077,12,2,27,8,London,USD,CHF,True,False,5,-15.728620534009236,114.58514917090375,22.11705864066488,0.0018750377002181295,0.0030956473900896064,0.004656970106834191,0.005633661142039115,0.8076500296592712,0.8021900057792664,0.8516440330116589,0.0008699893951416016,0.0009010016918182373,0.9655802015043364,1,0.0013871980282678656,sideways,1,2025-09-11 12:47:24.855708,2025-09-13T15:05:02.984977
2025-08-27 13:00:00+01:00,USDCHF,forex,1h,yahoo_finance,0.8068600296974182,0.8069000244140625,0.8048700094223022,0.805180013179779,0,0.0,0.0,USDCHF=X,USDCHF,USD/CHF,-0.0020573959543099,-0.0016599893569946,0.0020300149917602,0.0016800165176391,-16.59989356994629,20.30014991760254,0.8046604792277018,0.8046946024894714,0.8058222535547319,0.0006411615248371,0.0498624190591876,0.0009590029716491,64.18693863240283,71.97940993762754,80.77206847879269,0.0005398151459687,0.0003452852444981,0.0001945299014706,0.8076500296592712,0.8019199967384338,0.0024700164794921,0.0032600164413452,0.5689350281898183,13,2,27,8,London,USD,CHF,True,False,5,-57.710251089726626,23.792590020089406,21.16474325686752,-0.0005957801042441035,0.0008452820459248223,0.002315419218424708,0.0030396335183731082,0.8076500296592712,0.8021900057792664,0.5476180079472512,0.002030014991760254,0.0009590029716491699,2.1167973945579077,1,0.00141097665938744,sideways,1,2025-09-11 12:47:24.855708,2025-09-13T15:05:02.984977
2025-08-27 14:00:00+01:00,USDCHF,forex,1h,yahoo_finance,0.805180013179779,0.8055499792098999,0.8044599890708923,0.8048499822616577,0,0.0,0.0,USDCHF=X,USDCHF,USD/CHF,-0.0004098846378687,-0.0003300309181213,0.0010899901390075,0.0003300309181213,-3.300309181213379,10.899901390075684,0.8047333359718323,0.8047514021396637,0.8058128579632267,0.0006484809248765,0.0504316406638614,0.0009750008583068,59.0443061149762,52.75590027969472,70.3558014400698,0.0004365148133145,0.0003635311582613,7.298365505313878e-05,0.8076500296592712,0.8019199967384338,0.0028000473976135,0.0029299855232238,0.5113383402334242,14,2,27,8,London,USD,CHF,True,False,5,-68.29342753718,-38.021521450902554,19.803804372907347,-0.0019345399231225358,0.00018636172870789558,0.0015305759923267548,0.0035410811716700685,0.8076500296592712,0.8021900057792664,0.4871730492118248,0.0010899901390075684,0.0009750008583068847,1.1179376199733462,1,0.00135893168694491,sideways,1,2025-09-11 12:47:24.855708,2025-09-13T15:05:02.984977
2025-08-27 15:00:00+01:00,USDCHF,forex,1h,yahoo_finance,0.8048700094223022,0.8050600290298462,0.803820013999939,0.8039399981498718,0,0.0,0.0,USDCHF=X,USDCHF,USD/CHF,-0.0011306257462152,-0.0009099841117858,0.0012400150299072,0.0009300112724304,-9.099841117858888,12.400150299072266,0.8047485748926798,0.8047824025154113,0.8057996162346431,0.0006914512053898,0.0537733916128018,0.0009870022535324,49.23300544849526,26.76965792360585,50.50165604697603,0.0002780156513283,0.0003464280568747,-6.841240554643368e-05,0.8076500296592712,0.8019199967384338,0.0037100315093994,0.0020200014114379,0.3525287619364637,15,2,27,8,London,USD,CHF,True,False,5,-93.6873476022758,-98.09556269430657,18.920171584309603,-0.003606640526858218,-0.0015896397680125185,0.0009088259189107273,0.0019317524236974748,0.8076500296592712,0.8021900057792664,0.3205100213964456,0.0012400150299072266,0.0009870022535324098,1.2563446795276327,1,0.0011613087303561258,sideways,1,2025-09-11 12:47:24.855708,2025-09-13T15:05:02.984977
2025-08-27 16:00:00+01:00,USDCHF,forex,1h,yahoo_finance,0.8039000034332275,0.8040400147438049,0.8029800057411194,0.8037400245666504,0,0.0,0.0,USDCHF=X,USDCHF,USD/CHF,-0.0002487419256184,-0.0001999735832214,0.0010600090026855,0.0001599788665771,-1.9997358322143557,10.600090026855469,0.8047738132022676,0.8048118031024933,0.8057843967453464,0.0006936280778173,0.0539426845616284,0.0010115027427673,45.24185899462535,18.09787818686933,32.54114546338997,0.0001347148180509,0.00030408540911,-0.000169370591059,0.8076500296592712,0.8021699786186218,0.0039100050926208,0.0015700459480285,0.2865020665651512,16,2,27,8,NewYork,USD,CHF,True,False,5,-83.72559029993619,-145.6863606848455,18.871303528176686,-0.004126026521544257,-0.0016147983945306033,0.00047306216642284404,0.0018323374460813557,0.8076500296592712,0.8021900057792664,0.2838849831885071,0.0010600090026855469,0.001011502742767334,1.0479546499157346,1,0.0009632096718172367,sideways,1,2025-09-11 12:47:24.855708,2025-09-13T15:05:02.984977
2025-08-27 17:00:00+01:00,USDCHF,forex,1h,yahoo_finance,0.8037499785423279,0.8038399815559387,0.8015099763870239,0.801859974861145,0,0.0,0.0,USDCHF=X,USDCHF,USD/CHF,-0.002339126642995,-0.0018800497055053,0.0023300051689147,0.0018900036811828,-18.80049705505371,23.30005168914795,0.8047023841312954,0.8047892022132873,0.8057583527905601,0.000864518769623,0.0672326636979993,0.0010765016078948,33.783902524749564,9.42910450745516,18.09888020597678,-0.0001290686012278,0.0002174546070424,-0.0003465232082702,0.8076500296592712,0.8015099763870239,0.0057900547981262,0.000349998474121,0.0570025142457748,17,2,27,8,NewYork,USD,CHF,True,False,5,-94.29974857542251,-196.32330919788922,19.878884059459615,-0.006172261737111495,-0.004308797260345942,-0.001282900351062266,-0.001407295773428907,0.8076500296592712,0.8015099763870239,0.05700251424577481,0.002330005168914795,0.0010765016078948975,2.1644233058519324,1,0.0005601504595469173,sideways,1,2025-09-11 12:47:24.855708,2025-09-13T15:05:02.984977
2025-08-27 18:00:00+01:00,USDCHF,forex,1h,yahoo_finance,0.801859974861145,0.8024799823760986,0.8015400171279907,0.8020300269126892,0,0.0,0.0,USDCHF=X,USDCHF,USD/CHF,0.0002120720036857,0.0001700520515441,0.0009399652481079,0.0001700520515441,1.7005205154418943,9.399652481079102,0.8046614329020182,0.8047610032558441,0.8057363200318682,0.0008662208828682,0.0673650351529795,0.0010140001773834,33.53911733362732,10.148155302187336,12.55837933217061,-0.0003207002492456,0.0001098236357848,-0.0004305238850304,0.8076500296592712,0.8015099763870239,0.005620002746582,0.0005200505256652,0.0846980478192072,18,2,27,8,NewYork,USD,CHF,True,False,5,-91.53019521807926,-175.66128944461857,20.81449455279377,-0.003912151587879165,-0.004505600910042484,-0.0011457720454781661,-0.0017548888733591728,0.8076500296592712,0.8015099763870239,0.08469804781920728,0.0009399652481079102,0.0010140001773834228,0.9269872620076299,0,0.00014414683525354867,sideways,1,2025-09-11 12:47:24.855708,2025-09-13T15:05:02.984977
2025-08-27 19:00:00+01:00,USDCHF,forex,1h,yahoo_finance,0.8020300269126892,0.8026400208473206,0.8019700050354004,0.8025199770927429,0,0.0,0.0,USDCHF=X,USDCHF,USD/CHF,0.0006108875772889,0.0004899501800537,0.0006700158119201,0.0004899501800537,4.899501800537109,6.70015811920166,0.8046409544490633,0.8047292029857636,0.8057145066968687,0.0008606877009652,0.0669347257471725,0.0009875029325485,33.29202351708825,10.206478793938624,9.927912867860371,-0.0004280999562787,2.238917372091531e-06,-0.0004303388736508,0.8076500296592712,0.8015099763870239,0.0051300525665283,0.0010100007057189,0.1644938017531768,19,2,27,8,NewYork,USD,CHF,True,False,5,-83.55061982468231,-119.98441792686008,21.47186872348227,-0.0028949558554594024,-0.004823895370903886,-0.0012694007728115686,-0.0019773582253943545,0.8076500296592712,0.8015099763870239,0.1644938017531768,0.000670015811920166,0.000987502932548523,0.6784950098234199,0,-0.00029972782264129933,sideways,1,2025-09-11 12:47:24.855708,2025-09-13T15:05:02.984977
2025-08-27 20:00:00+01:00,USDCHF,forex,1h,yahoo_finance,0.8025199770927429,0.8028299808502197,0.8022300004959106,0.8023999929428101,0,0.0,0.0,USDCHF=X,USDCHF,USD/CHF,-0.0001495092375987,-0.0001199841499328,0.000599980354309,0.0001199841499328,-1.1998414993286133,5.99980354309082,0.804586668809255,0.8046850025653839,0.8056936824059748,0.0008562975267291,0.0665933067770379,0.0009910017251968,33.54118049259034,13.13814761243726,11.164260569521074,-0.0005169377790892,-0.0001015964219201,-0.000415341357169,0.8076500296592712,0.8015099763870239,0.0052500367164611,0.0008900165557861,0.1449525788007339,20,2,27,8,NewYork,USD,CHF,True,False,5,-85.5047421199266,-93.53214817059352,21.825376403805485,-0.0019155723195832808,-0.00551530406568157,-0.0017292829749124827,-0.002746698376397405,0.8076500296592712,0.8015099763870239,0.1449525788007339,0.000599980354309082,0.0009910017251968384,0.6054281632959928,0,-0.000797829743103193,sideways,1,2025-09-11 12:47:24.855708,2025-09-13T15:05:02.984977
2025-08-27 21:00:00+01:00,USDCHF,forex,1h,yahoo_finance,0.8023800253868103,0.802839994430542,0.8017299771308899,0.8018699884414673,0,0.0,0.0,USDCHF=X,USDCHF,USD/CHF,-0.0006605240603243,-0.0005300045013427,0.001110017299652,0.000510036945343,-5.300045013427734,11.100172996520996,0.8044952409608024,0.8046020019054413,0.8056712648370764,0.0008601256724268,0.0668910174125088,0.0010165035724639,29.05593118825813,12.269325230796108,11.871317212390665,-0.0006229285944504,-0.0002058628564262,-0.0004170657380242,0.8076500296592712,0.8015099763870239,0.0057800412178039,0.0003600120544433,0.0586333763699727,21,2,27,8,Sydney,USD,CHF,True,False,5,-94.13666236300271,-90.43151554416464,22.535806306786036,-0.0023266679125396594,-0.006443094540570016,-0.0026989033661827255,-0.005148796415409551,0.8076500296592712,0.8015099763870239,0.05863337636997272,0.0011100172996520996,0.0010165035724639892,1.0919954732293116,0,-0.0013410404253622,sideways,1,2025-09-11 12:47:24.855708,2025-09-13T15:05:02.984977
2025-08-27 22:00:00+01:00,USDCHF,forex,1h,yahoo_finance,0.8025000095367432,0.8025799989700317,0.8014299869537354,0.8019499778747559,0,0.0,0.0,USDCHF=X,USDCHF,USD/CHF,9.975361896774616e-05,7.998943328857422e-05,0.0011500120162963,0.0005500316619873,0.7998943328857422,11.500120162963867,0.8043957153956095,0.8045040011405945,0.8056495065217489,0.0008533736588896,0.0663659208253846,0.0010365039110183,26.841337639337425,9.57284025740312,11.660104366878828,-0.0006924900067428,-0.0003031882864895,-0.0003893017202533,0.8076500296592712,0.8014299869537354,0.0057000517845153,0.0005199909210205,0.083599252551387,22,2,27,8,Sydney,USD,CHF,True,False,5,-91.6400747448613,-83.30447179107574,23.41418389883636,0.00011224280601673797,-0.0060607117230716545,-0.0029838261594098414,-0.006073047213807081,0.8076500296592712,0.8014299869537354,0.08359925255138709,0.0011500120162963867,0.0010365039110183717,1.1095105421903257,0,-0.0018272196411123001,sideways,1,2025-09-11 12:47:24.855708,2025-09-13T15:05:02.984977
2025-08-27 23:00:00+01:00,USDCHF,forex,1h,yahoo_finance,0.8022000193595886,0.8022000193595886,0.8016700148582458,0.8017100095748901,0,0.0,0.0,USDCHF=X,USDCHF,USD/CHF,-0.000299231007527,-0.0002399682998657,0.0005300045013427,0.0004900097846984,-2.3996829986572266,5.300045013427734,0.804270000684829,0.8044312012195587,0.8056273087040409,0.0008502285648303,0.0661213303565403,0.0010335028171539,18.666603088318283,6.331225930096648,9.391130472765292,-0.0007582408350869,-0.000394198796209,-0.0003640420388778,0.8076500296592712,0.8014299869537354,0.0059400200843811,0.0002800226211547,0.045019404915912,23,2,27,8,Sydney,USD,CHF,True,False,5,-95.22958510184601,-77.59290858931016,24.22982023431166,-0.0003990091730492473,-0.004309599776558426,-0.003467960557949845,-0.004519769077242275,0.8076500296592712,0.8014299869537354,0.04501940491591203,0.0005300045013427734,0.0010335028171539306,0.5128234703823107,0,-0.0021682475133316115,sideways,1,2025-09-11 12:47:24.855708,2025-09-13T15:05:02.984977
2025-08-28 00:00:00+01:00,USDCHF,forex,1h,yahoo_finance,0.8017100095748901,0.801800012588501,0.8014600276947021,0.8015599846839905,0,0.0,0.0,USDCHF=X,USDCHF,USD/CHF,-0.0001871311186187,-0.0001500248908996,0.0003399848937988,0.0001500248908996,-1.500248908996582,3.399848937988281,0.8041300007275173,0.8043594014644623,0.8055982425972655,0.0008444091295744,0.0656687593456811,0.0010235011577606,13.314705201547568,5.114986017670129,7.006350735056632,-0.0008130818932032,-0.0004779754156078,-0.0003351064775954,0.8076500296592712,0.8014299869537354,0.0060900449752807,0.0001299977302551,0.0208998131378467,0,3,28,8,Sydney,USD,CHF,True,False,5,-97.78538210028228,-79.29657047861501,25.150806990510286,-0.0011962224444931335,-0.004087715288782379,-0.003902115353762059,-0.004458781441608495,0.8076500296592712,0.8014299869537354,0.020899813137846772,0.0003399848937988281,0.0010235011577606201,0.3321783187257957,0,-0.002488198622055094,sideways,1,2025-09-11 12:47:24.855708,2025-09-13T15:05:02.984977
2025-08-28 01:00:00+01:00,USDCHF,forex,1h,yahoo_finance,0.8015300035476685,0.801859974861145,0.8014400005340576,0.8016800284385681,0,0.0,0.0,USDCHF=X,USDCHF,USD/CHF,0.0001497626589044,0.0001200437545776,0.0004199743270874,0.0001500248908996,1.2004375457763672,4.199743270874023,0.8039861917495728,0.8042730021476746,0.8055682978132269,0.0008254604817572,0.0641951440686161,0.0010125011205673,12.096037288220842,3.7482314873107057,5.064814478359161,-0.0008372065036913,-0.0005498216332245,-0.0002873848704667,0.8076500296592712,0.8014299869537354,0.0059700012207031,0.0002500414848327,0.0401993196301087,1,3,28,8,Sydney,USD,CHF,True,False,5,-95.74033833593955,-71.20417129391082,25.901272868609112,-0.0008972638466775429,-0.0028111173924728616,-0.004396288496485767,-0.005359759143988563,0.8076500296592712,0.8014299869537354,0.04019931963010876,0.00041997432708740234,0.0010125011205673218,0.414788999791016,0,-0.0026620359044583503,sideways,1,2025-09-11 12:47:24.855708,2025-09-13T15:05:02.984977
2025-08-28 02:00:00+01:00,USDCHF,forex,1h,yahoo_finance,0.8016800284385681,0.8018199801445007,0.8012999892234802,0.8015300035476685,0,0.0,0.0,USDCHF=X,USDCHF,USD/CHF,-0.0001871381169266,-0.0001500248908996,0.0005199909210205,0.0001500248908996,-1.500248908996582,5.199909210205078,0.8038104772567749,0.8041796016693116,0.8055363199213049,0.0008254922796607,0.0641976169562301,0.0010125011205673,12.233668235194372,3.5272174663773286,4.130144990452721,-0.0008585345345009,-0.0006115642134798,-0.000246970321021,0.8076500296592712,0.8012999892234802,0.0061200261116027,0.0002300143241882,0.0362224975595104,2,3,28,8,Sydney,USD,CHF,True,False,5,-95.89262716464616,-75.45052040952395,26.718479368889472,-0.00042399004664039897,-0.002749671475143378,-0.0043600297045903735,-0.005792636763895187,0.8076500296592712,0.8012999892234802,0.0362224975595104,0.0005199909210205078,0.0010125011205673218,0.5135707116345194,0,-0.0028210181252168796,sideways,1,2025-09-11 12:47:24.855708,2025-09-13T15:05:02.984977
2025-08-28 03:00:00+01:00,USDCHF,forex,1h,yahoo_finance,0.8014900088310242,0.8015999794006348,0.8010500073432922,0.8011000156402588,0,0.0,0.0,USDCHF=X,USDCHF,USD/CHF,-0.0005364589042288,-0.0004299879074096,0.0005499720573425,0.0003899931907653,-4.29987907409668,5.499720573425293,0.8036228588649205,0.8041326022148132,0.8055030231947428,0.0008167321947083,0.0635163548873557,0.0010104984045028,14.828022074011656,3.1594456450908823,3.478298199592972,-0.0008997616904579,-0.0006692037088754,-0.0002305579815824,0.8076500296592712,0.8010500073432922,0.0065500140190124,5.0008296966552734e-05,0.0075769890725187,3,3,28,8,Tokyo,USD,CHF,True,False,5,-98.88869756414162,-100.20305296588154,27.691850941424907,-0.0010598693907936108,-0.0009477455474914409,-0.0052524591644188545,-0.002924852522179,0.8076500296592712,0.8010500073432922,0.007576989072518739,0.0005499720573425293,0.0010104984045028686,0.5442582144531907,0,-0.00285724231737503,sideways,1,2025-09-11 12:47:24.855708,2025-09-13T15:05:02.984977
2025-08-28 04:00:00+01:00,USDCHF,forex,1h,yahoo_finance,0.8011199831962585,0.8014000058174133,0.8009499907493591,0.801289975643158,0,0.0,0.0,USDCHF=X,USDCHF,USD/CHF,0.0002371239535519,0.0001899600028991,0.0004500150680541,0.0001699924468994,1.8996000289916992,4.500150680541992,0.8034304777781168,0.8040738022327423,0.8054702756824074,0.0008101316562164,0.0630030383461269,0.0009794980287551,18.551164186648972,4.49691225352978,3.72785845499933,-0.0009066549697901,-0.0007166939610583,-0.0001899610087317,0.8076500296592712,0.8009499907493591,0.0063600540161132,0.0003399848937988,0.0507437193082342,4,3,28,8,Tokyo,USD,CHF,True,False,5,-91.72793851062288,-104.99890490224426,28.681921990066083,-0.000523922523999576,-0.0009227226471557604,-0.0054241661371994265,-0.0036556696415998013,0.8076500296592712,0.8009499907493591,0.05074371930823429,0.0004500150680541992,0.000979498028755188,0.4594343784704791,0,-0.0028763613965398106,sideways,1,2025-09-11 12:47:24.855708,2025-09-13T15:05:02.984977
2025-08-28 05:00:00+01:00,USDCHF,forex,1h,yahoo_finance,0.8013100028038025,0.801609992980957,0.8012700080871582,0.8015099763870239,0,0.0,0.0,USDCHF=X,USDCHF,USD/CHF,0.0002745582130729,0.0002200007438659,0.0003399848937988,0.0001999735832214,2.200007438659668,3.399848937988281,0.8032328571592059,0.8040116012096405,0.8054379679999508,0.0007712139839771,0.0599764542377035,0.0008949965238571,25.55317031049495,9.168578582436751,5.608312160352472,-0.0008841735199592,-0.0007501898728385,-0.0001339836471207,0.8076500296592712,0.8009499907493591,0.0061400532722473,0.0005599856376647,0.0835794605366166,5,3,28,8,Tokyo,USD,CHF,True,False,5,-81.87762817792525,-74.1677816720901,29.158898406704413,-6.238871440955585e-05,-0.001258536528122134,-0.0060763608504939,-0.0038652420380221875,0.8072999715805054,0.8009499907493591,0.08818698080443046,0.0003399848937988281,0.0008949965238571167,0.37987286512981544,0,-0.002924840746879041,sideways,1,2025-09-11 12:47:24.855708,2025-09-13T15:05:02.984977
2025-08-28 06:00:00+01:00,USDCHF,forex,1h,yahoo_finance,0.8015199899673462,0.8019499778747559,0.8015000224113464,0.8016499876976013,0,0.0,0.0,USDCHF=X,USDCHF,USD/CHF,0.0001746844265226,0.0001400113105773,0.0004499554634094,0.0001299977302551,1.4001131057739258,4.499554634094238,0.8030061892100743,0.803931200504303,0.8054080228884142,0.0007539624610547,0.0586348224771541,0.0008689939975738,28.71675346273838,16.87195268420476,10.179147840057098,-0.000845314803494,-0.0007692148589696,-7.609994452437076e-05,0.8076500296592712,0.8009499907493591,0.0060000419616699,0.0006999969482421,0.1044765497117642,6,3,28,8,Tokyo,USD,CHF,True,False,5,-75.7785752588376,-26.48289205230109,28.91649890527382,-3.747223318673054e-05,-0.0009347024573842511,-0.006444851354802439,-0.004989679586295703,0.8072999715805054,0.8009499907493591,0.11023607265218004,0.00044995546340942383,0.0008689939975738525,0.5177889199069915,0,-0.002918416040941096,sideways,1,2025-09-11 12:47:24.855708,2025-09-13T15:05:02.984977
2025-08-28 07:00:00+01:00,USDCHF,forex,1h,yahoo_finance,0.8016899824142456,0.8021500110626221,0.8013299703598022,0.8017600178718567,0,0.0,0.0,USDCHF=X,USDCHF,USD/CHF,0.0001372546322508,0.0001100301742553,0.0008200407028198,7.003545761108398e-05,1.100301742553711,8.200407028198242,0.8027638083412534,0.8038580012321472,0.8053785722989303,0.0007489233597209,0.0582429371679863,0.0008754968643188,48.40834456445398,28.40076366566471,18.14709831076874,-0.0007964593871954,-0.0007746637646148,-2.179562258059972e-05,0.8076500296592712,0.8009499907493591,0.0058900117874145,0.0008100271224975,0.1208988684079424,7,3,28,8,Tokyo,USD,CHF,True,False,5,-57.141505566243026,-9.53721812535568,28.30530960138614,0.00028696907560554763,-0.00013714264306652346,-0.006579353560621781,-0.004544167877564065,0.8072999715805054,0.8009499907493591,0.12756371145632892,0.0008200407028198242,0.0008754968643188476,0.9366574984341385,0,-0.002841302186044278,sideways,1,2025-09-11 12:47:24.855708,2025-09-13T15:05:02.984977
2025-08-28 08:00:00+01:00,USDCHF,forex,1h,yahoo_finance,0.8017600178718567,0.8019099831581116,0.801069974899292,0.8011800050735474,0,0.0,0.0,USDCHF=X,USDCHF,USD/CHF,-0.00072342444794,-0.0005800127983093,0.0008400082588195,0.0005800127983093,-5.800127983093262,8.4000825881958,0.8024833315894717,0.8037800014019012,0.8053478032023043,0.0007539446570141,0.0586334378767055,0.0008739978075027,38.02783794220856,26.416655177999075,23.896457175956183,-0.0007953747185934,-0.0007788059554105,-1.6568763182930814e-05,0.8076500296592712,0.8009499907493591,0.0064700245857238,0.0002300143241882,0.0343302967760301,8,3,28,8,Tokyo,USD,CHF,True,False,5,-87.82995364092214,-78.49185501947916,28.060590317169105,9.984949660091225e-05,-0.0009601257216179659,-0.00701501839947305,-0.004844228559692909,0.8069000244140625,0.8009499907493591,0.038657650889055845,0.0008400082588195801,0.0008739978075027466,0.9611102586397968,1,-0.002840330615420849,sideways,1,2025-09-11 12:47:24.855708,2025-09-13T15:05:02.984977
2025-08-28 09:00:00+01:00,USDCHF,forex,1h,yahoo_finance,0.8011900186538696,0.8019099831581116,0.8009700179100037,0.8011699914932251,0,0.0,0.0,USDCHF=X,USDCHF,USD/CHF,-1.2498539977090496e-05,-1.0013580322265623e-05,0.0009399652481079,2.002716064453125e-05,-0.1001358032226562,9.399652481079102,0.8022133310635885,0.8036706006526947,0.8053143417442238,0.0006405841051576,0.0498175137725822,0.0008194953203201,28.01366804512007,22.22292303972584,25.68011396112988,-0.0007862596117815,-0.0007802966866847,-5.9629250968272485e-06,0.8076500296592712,0.8009499907493591,0.0064800381660461,0.0002200007438659,0.0328357412283823,9,3,28,8,London,USD,CHF,True,False,5,-88.35977167365733,-79.26266936037172,27.956526963804823,-0.00014973873825963047,-0.0006735828107614639,-0.004980279714989155,-0.006781262104514463,0.8055499792098999,0.8009499907493591,0.047826368642695176,0.0009399652481079102,0.0008194953203201294,1.1470050222382235,1,-0.0027717848621010843,sideways,1,2025-09-11 12:47:24.855708,2025-09-13T15:05:02.984977
2025-08-28 10:00:00+01:00,USDCHF,forex,1h,yahoo_finance,0.8011699914932251,0.8011999726295471,0.8002899885177612,0.8007799983024597,0,0.0,0.0,USDCHF=X,USDCHF,USD/CHF,-0.0004867795784992,-0.0003899931907653,0.0009099841117858,0.0003899931907653,-3.8999319076538086,9.099841117858888,0.8020038065456209,0.8035694003105164,0.8052764295876681,0.000641827510292,0.0499142120076861,0.000810495018959,25.74905865767262,14.34210003889222,20.99389275220571,-0.0008012684907572,-0.0007844910474992,-1.6777443257984183e-05,0.8076500296592712,0.8002899885177612,0.0068700313568115,0.0004900097846984,0.0665770442416242,10,3,28,8,London,USD,CHF,True,False,5,-80.78397456874387,-197.56418273513276,28.61468805249262,-0.000910753585195212,-0.0009730854788594367,-0.0050568230712525475,-0.006279183227621332,0.8050600290298462,0.8002899885177612,0.10272654570900185,0.0009099841117858887,0.0008104950189590454,1.1227510231396876,1,-0.0027432606320348355,sideways,1,2025-09-11 12:47:24.855708,2025-09-13T15:05:02.984977
2025-08-28 11:00:00+01:00,USDCHF,forex,1h,yahoo_finance,0.8007799983024597,0.8008700013160706,0.7993900179862976,0.7995799779891968,0,0.0,0.0,USDCHF=X,USDCHF,USD/CHF,-0.0014985642945712,-0.0012000203132629,0.0014799833297729,0.0012000203132629,-12.000203132629396,14.799833297729492,0.801752853961218,0.8034265995025635,0.8052326381861509,0.0006728241995259,0.0523247900728967,0.0008224934339523,21.446832545557243,12.270382760346358,16.27846861298814,-0.0008996244352725,-0.0008075177250539,-9.210671021866676e-05,0.8076500296592712,0.7993900179862976,0.0080700516700744,0.0001899600028991,0.0229975465435127,11,3,28,8,London,USD,CHF,True,False,5,-94.04510547655971,-275.8419056003553,29.989924090440258,-0.002582186415732046,-0.002619561888627331,-0.0054233153851144245,-0.008850704376868745,0.8040400147438049,0.7993900179862976,0.040851642012972034,0.0014799833297729492,0.0008224934339523315,1.7993861940771714,1,-0.002827395233578615,sideways,1,2025-09-11 12:47:24.855708,2025-09-13T15:05:02.984977
2025-08-28 12:00:00+01:00,USDCHF,forex,1h,yahoo_finance,0.7995799779891968,0.8017699718475342,0.7993699908256531,0.8011500239372253,0,0.0,0.0,USDCHF=X,USDCHF,USD/CHF,0.0019635883729567,0.0015700459480285,0.0023999810218811,0.0015700459480285,15.700459480285645,23.999810218811035,0.80161999804633,0.8033342003822327,0.805200110752504,0.0008383005369369,0.0651937008866928,0.0008894920349121,42.72787368466682,29.35632743224505,18.65627007716121,-0.0008411859750384,-0.0008142513750508,-2.6934599987635363e-05,0.8076500296592712,0.7993699908256531,0.0065000057220458,0.0017800331115722,0.2149788361311871,12,3,28,8,London,USD,CHF,True,False,5,-37.101937657961244,-97.41871687887601,29.6303968642158,-0.0007608186003718043,-0.00047406785617665204,-0.0032224358004585563,-0.005733591634681678,0.8038399815559387,0.7993699908256531,0.39821852414859854,0.0023999810218811035,0.0008894920349121094,2.6981478503270075,1,-0.002760001226914534,sideways,1,2025-09-11 12:47:24.855708,2025-09-13T15:05:02.984977
2025-08-28 13:00:00+01:00,USDCHF,forex,1h,yahoo_finance,0.8011400103569031,0.8022500276565552,0.800790011882782,0.8019899725914001,0,0.0,0.0,USDCHF=X,USDCHF,USD/CHF,0.0010484286701346,0.0008399486541748,0.0014600157737731,0.000849962234497,8.399486541748047,14.600157737731934,0.8015366622379848,0.8032591998577118,0.8051728580024217,0.0007070007368093,0.0549826613861381,0.000845992565155,52.29473437362594,53.27446085931056,31.63372368396732,-0.0007188102406213,-0.0007951631481649,7.635290754356419e-05,0.8076500296592712,0.7993699908256531,0.005660057067871,0.002619981765747,0.3164214345359786,13,3,28,8,London,USD,CHF,True,False,5,-9.02957428754734,71.37263546848635,28.567047934781733,0.001010968212790564,0.0011109186540585458,0.00016212023835904255,-0.004654139339672181,0.802839994430542,0.7993699908256531,0.755037188450109,0.0014600157737731934,0.0008459925651550293,1.72580213338594,1,-0.0025560954165306025,sideways,1,2025-09-11 12:47:24.855708,2025-09-13T15:05:02.984977
2025-08-28 14:00:00+01:00,USDCHF,forex,1h,yahoo_finance,0.8019899725914001,0.803059995174408,0.8013299703598022,0.8015900254249573,0,0.0,0.0,USDCHF=X,USDCHF,USD/CHF,-0.0004986934751198,-0.0003999471664428,0.0017300248146057,0.0003999471664428,-3.999471664428711,17.30024814605713,0.8015238075029283,0.8031972002983093,0.8051426384475205,0.0007140496639406,0.0555308486134129,0.0008854955434799,50.23653976120749,71.34398547563832,51.32492458906464,-0.0006466448637916,-0.0007654594912902,0.0001188146274986,0.8076500296592712,0.7993699908256531,0.0060600042343139,0.0022200345993041,0.2681188631979038,14,3,28,8,London,USD,CHF,True,False,5,-39.8365316275764,118.3468770677486,26.53323053918917,0.0005242756670769122,0.0003744584244405047,-0.0005486097439838522,-0.003852387822694592,0.803059995174408,0.7993699908256531,0.601634683724236,0.0017300248146057129,0.0008854955434799194,1.9537363314183016,1,-0.00244174484265077,sideways,1,2025-09-11 12:47:24.855708,2025-09-13T15:05:02.984977
2025-08-28 15:00:00+01:00,USDCHF,forex,1h,yahoo_finance,0.8015699982643127,0.8023099899291992,0.8012700080871582,0.8019199967384338,0,0.0,0.0,USDCHF=X,USDCHF,USD/CHF,0.000411645982373,0.0003299713134765,0.001039981842041,0.000349998474121,3.299713134765625,10.399818420410156,0.8015185679708209,0.8031467998027801,0.8051136823800894,0.00070602364983,0.0549066744179069,0.0009039938449859,51.82903559941122,73.41322131230491,66.01055588241793,-0.0005564133684629,-0.0007236502667247,0.0001672368982618,0.8076500296592712,0.7993699908256531,0.0057300329208374,0.0025500059127807,0.3079702842005241,15,3,28,8,London,USD,CHF,True,False,5,-30.89423014796149,86.12091435664645,24.7042663284574,0.0014236100282110087,0.0005115598850786718,-0.0007476204598452219,-0.003132644708194854,0.803059995174408,0.7993699908256531,0.6910576985203851,0.0010399818420410156,0.0009039938449859619,1.1504302245079616,1,-0.002328092561968606,sideways,1,2025-09-11 12:47:24.855708,2025-09-13T15:05:02.984977
2025-08-28 16:00:00+01:00,USDCHF,forex,1h,yahoo_finance,0.8018900156021118,0.8023200035095215,0.8014400005340576,0.8016600012779236,0,0.0,0.0,USDCHF=X,USDCHF,USD/CHF,-0.0003242162080603,-0.0002599954605102,0.0008800029754638,0.0002300143241882,-2.599954605102539,8.800029754638672,0.8014776167415437,0.803095999956131,0.8050821439905481,0.0007085631165129,0.0551041659189169,0.0009179949760437,50.97450470496769,63.776356313669744,69.51118770053766,-0.0005001186624936,-0.0006789439458785,0.0001788252833849,0.8076500296592712,0.7993699908256531,0.0059900283813476,0.0022900104522705,0.2765700135333583,16,3,28,8,NewYork,USD,CHF,True,False,5,-37.94016928345286,75.85770475759848,22.992737232405656,0.0026013949148122606,1.2491212469267765e-05,-0.000922222920482052,-0.0031584087946275874,0.803059995174408,0.7993699908256531,0.6205983071654714,0.0008800029754638672,0.0009179949760437012,0.9586141519602114,1,-0.002263737941924452,sideways,1,2025-09-11 12:47:24.855708,2025-09-13T15:05:02.984977
2025-08-28 17:00:00+01:00,USDCHF,forex,1h,yahoo_finance,0.8016499876976013,0.8018400073051453,0.8004400134086609,0.8004699945449829,0,0.0,0.0,USDCHF=X,USDCHF,USD/CHF,-0.0014844282252371,-0.0011900067329406,0.0013999938964843,0.0011799931526184,-11.900067329406738,13.99993896484375,0.8013857120559329,0.803028199672699,0.8050442868536645,0.0007676636984988,0.0597003524826238,0.0009324938058853,45.76026441189212,53.65865477805776,63.616077468010815,-0.0005452430776781,-0.0006522037722384,0.0001069606945603,0.8076500296592712,0.7993699908256531,0.0071800351142883,0.0011000037193298,0.1328500676667914,17,3,28,8,NewYork,USD,CHF,True,False,5,-70.18963623441235,-62.93474715309523,22.57025293893692,-0.0008488165411272286,-0.0016089893460863314,-0.0017459113281012018,-0.004217169824149769,0.803059995174408,0.7993699908256531,0.29810363765587644,0.001399993896484375,0.0009324938058853149,1.5013439098989112,1,-0.002340143143328824,sideways,1,2025-09-11 12:47:24.855708,2025-09-13T15:05:02.984977
2025-08-28 18:00:00+01:00,USDCHF,forex,1h,yahoo_finance,0.8004699945449829,0.8006899952888489,0.7997300028800964,0.8006299734115601,0,0.0,0.0,USDCHF=X,USDCHF,USD/CHF,0.0001998561690847,0.0001599788665771,0.0009599924087524,0.0001599788665771,1.5997886657714844,9.599924087524414,0.8013266637211754,0.8029787993431091,0.8050045066482419,0.0007692706627691,0.0598253243075875,0.0009229928255081,45.54051115174264,42.0053412590726,53.14678411693337,-0.0005616215209858,-0.0006340873219879,7.24658010021269e-05,0.8076500296592712,0.7993699908256531,0.0070200562477111,0.0012599825859069,0.1521710962020213,18,3,28,8,NewYork,USD,CHF,True,False,5,-65.85417070491697,-118.93781569032504,22.839980777147876,-0.0016957807782129741,-0.0006865269458850021,-0.0016459935153236849,-0.0030756026778524514,0.803059995174408,0.7993699908256531,0.34145829295083024,0.0009599924087524414,0.0009229928255081177,1.0400865339597358,0,-0.0023472646768688534,sideways,1,2025-09-11 12:47:24.855708,2025-09-13T15:05:02.984977
2025-08-28 19:00:00+01:00,USDCHF,forex,1h,yahoo_finance,0.8006299734115601,0.8015000224113464,0.8005899786949158,0.8012800216674805,0,0.0,0.0,USDCHF=X,USDCHF,USD/CHF,0.0008119209591297,0.0006500482559204,0.0009100437164306,0.0006500482559204,6.500482559204102,9.10043716430664,0.8012947610446385,0.8029379999637604,0.8049698363948654,0.0007925351288764,0.0616345759755331,0.0009419947862625,48.53158351476029,38.57282849820163,44.745608178444,-0.0005161976881093,-0.0006105093952122,9.431170710284028e-05,0.8076500296592712,0.7993699908256531,0.0063700079917907,0.0019100308418273,0.23067897146477,19,3,28,8,NewYork,USD,CHF,True,False,5,-48.23770756606577,-15.117549157688464,22.000740725582713,-0.0003867360466622838,0.00013733686411576684,-0.000536338454396601,-0.0025394226350888838,0.803059995174408,0.7993699908256531,0.5176229243393422,0.0009100437164306641,0.0009419947862625122,0.9660814791145308,0,-0.0022828678867871533,sideways,1,2025-09-11 12:47:24.855708,2025-09-13T15:05:02.984977
2025-08-28 20:00:00+01:00,USDCHF,forex,1h,yahoo_finance,0.801289975643158,0.8016999959945679,0.80103999376297,0.801580011844635,0,0.0,0.0,USDCHF=X,USDCHF,USD/CHF,0.0003743886894,0.0002999901771545,0.0006600022315979,0.000290036201477,2.99990177154541,6.600022315979004,0.8012885706765311,0.8028972005844116,0.8049376934439272,0.0007964823787646,0.0619415492114941,0.0009579956531524,49.562103692652,48.600073226938896,43.05941432807104,-0.0004507957799796,-0.0005785666721657,0.000127770892186,0.8076500296592712,0.7993699908256531,0.0060700178146362,0.0022100210189819,0.2669094992657433,20,3,28,8,NewYork,USD,CHF,True,False,5,-40.10790204820055,29.511447540805886,20.97463957439617,-0.00042396360632179775,0.0009990428630475279,2.4985230085317056e-05,-0.0025384746722901808,0.803059995174408,0.7993699908256531,0.5989209795179944,0.0006600022315979004,0.0009579956531524658,0.688940737284181,0,-0.0021325278508702587,sideways,1,2025-09-11 12:47:24.855708,2025-09-13T15:05:02.984977
2025-08-28 21:00:00+01:00,USDCHF,forex,1h,yahoo_finance,0.8015499711036682,0.8019199967384338,0.8004299998283386,0.8008800148963928,0,0.0,0.0,USDCHF=X,USDCHF,USD/CHF,-0.0008732714612372,-0.0006999969482421,0.0014899969100952,0.0006699562072753,-6.999969482421875,14.899969100952148,0.801256191162836,0.8028506004810333,0.804903187922069,0.000818995411242,0.0636923627213481,0.0010114967823028,44.871759246394525,50.85880123193556,46.0105676523587,-0.0004502579073148,-0.0005529049191955,0.0001026470118806,0.8076500296592712,0.7993699908256531,0.0067700147628784,0.0015100240707397,0.1823692015318609,21,3,28,8,Sydney,USD,CHF,True,False,5,-59.07798668992699,-13.698763036626387,20.63343860315168,-0.0009729640749037705,0.0016258997761116056,-0.0009979212576037844,-0.0029008666609081635,0.803059995174408,0.7993699908256531,0.40922013310073013,0.0014899969100952148,0.0010114967823028564,1.473061443362149,0,-0.0019126806987676951,sideways,1,2025-09-11 12:47:24.855708,2025-09-13T15:05:02.984977
2025-08-28 22:00:00+01:00,USDCHF,forex,1h,yahoo_finance,0.8009200096130371,0.8019099831581116,0.8002099990844727,0.8013299703598022,0,0.0,0.0,USDCHF=X,USDCHF,USD/CHF,0.0005618263098594,0.0004499554634094,0.0016999840736389,0.0004099607467651,4.499554634094238,16.99984073638916,0.8012395217305138,0.8028100001811981,0.80487060546875,0.0008294321436848,0.0645040158017515,0.0010704964399337,50.88737779157203,51.31000839956064,50.25629428614503,-0.0004088114697443,-0.0005240862293053,0.0001152747595609,0.8076500296592712,0.7993699908256531,0.0063200592994689,0.0019599795341491,0.2367113939359037,22,3,28,8,Sydney,USD,CHF,True,False,5,-46.88408606319054,-0.8798792064694649,20.524647254388157,0.0010743386019211876,0.00022461014441788052,-0.0002495641922084513,-0.0025269057816862395,0.803059995174408,0.7993699908256531,0.5311591393680946,0.001699984073638916,0.001070496439933777,1.5880333742577233,0,-0.001839790118593233,sideways,1,2025-09-11 12:47:24.855708,2025-09-13T15:05:02.984977
2025-08-28 23:00:00+01:00,USDCHF,forex,1h,yahoo_finance,0.8004400134086609,0.8019999861717224,0.8004299998283386,0.8018800020217896,0,0.0,0.0,USDCHF=X,USDCHF,USD/CHF,0.0006863984654665,0.0005500316619873,0.0015699863433837,0.0014399886131286,5.500316619873047,15.69986343383789,0.8012561883245196,0.8027898001670838,0.8048475833384545,0.0008338087704491,0.0648443812000741,0.0011214971542358,53.94892127352048,54.01994357218238,52.06291773455953,-0.0003278031998121,-0.0004848296234066,0.0001570264235945,0.8076500296592712,0.7993699908256531,0.0057700276374816,0.0025100111961364,0.3031400270667165,23,3,28,8,Sydney,USD,CHF,True,False,5,-31.978096530335336,39.86229773434567,20.29531827563905,0.001561306285977615,-0.00013712212542416058,0.0009736441971073262,-0.0012579565099676282,0.803059995174408,0.7993699908256531,0.6802190346966467,0.001569986343383789,0.0011214971542358398,1.3999022088054593,0,-0.001828372692306849,sideways,1,2025-09-11 12:47:24.855708,2025-09-13T15:05:02.984977
2025-08-29 00:00:00+01:00,USDCHF,forex,1h,yahoo_finance,0.8019300103187561,0.8019999861717224,0.8014900088310242,0.8017699718475342,0,0.0,0.0,USDCHF=X,USDCHF,USD/CHF,-0.0001372152616077,-0.0001100301742553,0.0005099773406982,0.0001600384712219,-1.100301742553711,5.099773406982422,0.8012880910010565,0.8027661991119385,0.8048256052719368,0.0008335648151017,0.0648254090638923,0.001124495267868,55.682992424501634,62.05929228317288,55.79641475163863,-0.0002693768688961,-0.0004417390725045,0.0001723622036084,0.8076500296592712,0.7993699908256531,0.005880057811737,0.0023999810218811,0.2898514210026203,0,4,29,8,Sydney,USD,CHF,True,False,5,-34.95994055695548,73.385807847145,20.082369938229167,0.0006114593735084828,0.00022448685346532216,0.0005990293388993262,-0.001469646579616235,0.803059995174408,0.7993699908256531,0.6504005944304452,0.0005099773406982422,0.001124495267868042,0.4535166623378688,0,-0.001776610988931509,sideways,1,2025-09-11 12:47:24.855708,2025-09-13T15:05:02.984977
2025-08-29 01:00:00+01:00,USDCHF,forex,1h,yahoo_finance,0.8017399907112122,0.8024399876594543,0.8015099763870239,0.8020300269126892,0,0.0,0.0,USDCHF=X,USDCHF,USD/CHF,0.0003243512157928,0.000260055065155,0.0009300112724304,0.000290036201477,2.600550651550293,9.3001127243042,0.8013233315377009,0.8027359998226166,0.8048037372447632,0.0008344067696039,0.0648908869295931,0.0011539965867996,65.76607675726264,68.38319226378928,61.48747603971484,-0.0001997862982361,-0.0003933485176508,0.0001935622194147,0.8076500296592712,0.7993699908256531,0.005620002746582,0.0026600360870361,0.3212588902646203,1,4,29,8,Sydney,USD,CHF,True,False,5,-27.912386121341342,98.8711956000124,19.22456274122783,0.000561410041922894,0.0001372084181749944,0.0006488384935763314,-0.0018791404065702233,0.803059995174408,0.7993699908256531,0.7208761387865865,0.0009300112724304199,0.0011539965867996215,0.8059046994321014,0,-0.0017253504819063354,sideways,1,2025-09-11 12:47:24.855708,2025-09-13T15:05:02.984977
2025-08-29 02:00:00+01:00,USDCHF,forex,1h,yahoo_finance,0.8020399808883667,0.8031600117683411,0.801859974861145,0.8029900193214417,0,0.0,0.0,USDCHF=X,USDCHF,USD/CHF,0.001196953201924,0.0009599924087524,0.001300036907196,0.0009500384330749,9.599924087524414,13.00036907196045,0.8013938097726732,0.802720000743866,0.8047885724476406,0.000873932573739,0.0679647647795366,0.0011965006589889,62.84922247011421,77.39054604994689,69.27767686563635,-6.640641342381404e-05,-0.0003279600968054,0.0002615536833816,0.8076500296592712,0.7993699908256531,0.0046600103378295,0.0036200284957885,0.4371994586656684,2,4,29,8,Sydney,USD,CHF,True,False,5,-4.95603517186251,172.8347368577761,18.2157119987752,0.0026346074140979336,0.0016590799608287021,0.0016715918972181054,-0.0009952275645926933,0.8031600117683411,0.7993699908256531,0.9551473594816469,0.001300036907196045,0.0011965006589889527,1.0865325459114923,0,-0.0015397648742896816,sideways,1,2025-09-11 12:47:24.855708,2025-09-13T15:05:02.984977
2025-08-29 03:00:00+01:00,USDCHF,forex,1h,yahoo_finance,0.8029999732971191,0.8030400276184082,0.8025799989700317,0.8029000163078308,0,0.0,0.0,USDCHF=X,USDCHF,USD/CHF,-0.0001120848471901,-9.000301361083984e-05,0.0004600286483764,9.995698928833008e-05,-0.9000301361083984,4.600286483764648,0.8014533349445888,0.8026972007751465,0.8047764844946809,0.0008749089462751,0.0680406961863216,0.0011785000562667,57.098621933756114,86.51718525620832,77.43030785664816,3.1670536992156606e-05,-0.0002560339700459,0.0002877045070381,0.8076500296592712,0.7993699908256531,0.0047500133514404,0.0035300254821777,0.426329580465893,3,4,29,8,Tokyo,USD,CHF,True,False,5,-7.580022938171202,156.61877350897993,17.27892202364061,0.001959300171093803,0.003035743724821627,0.0014218698994246104,-0.0014178379372541405,0.8031600117683411,0.7993699908256531,0.931399993709307,0.00046002864837646484,0.0011785000562667847,0.39035097701541827,0,-0.0012086723550225735,sideways,1,2025-09-11 12:47:24.855708,2025-09-13T15:05:02.984977
2025-08-29 04:00:00+01:00,USDCHF,forex,1h,yahoo_finance,0.8028799891471863,0.8029999732971191,0.8023999929428101,0.8025400042533875,0,0.0,0.0,USDCHF=X,USDCHF,USD/CHF,-0.0004483896464455,-0.0003600120544433,0.000599980354309,0.0003399848937988,-3.6001205444335938,5.99980354309082,0.8014904771532331,0.8026610004901886,0.8047610999463679,0.0008638498831056,0.0671806451370918,0.0011664986610412,57.45658357661501,89.7959892955201,84.5679068672251,7.943162443413421e-05,-0.0001889408511499,0.000268372475584,0.8076500296592712,0.7993699908256531,0.0051100254058837,0.0031700134277343,0.3828500676667914,4,4,29,8,Tokyo,USD,CHF,True,False,5,-18.07597400340597,116.07901210192273,16.152778079739768,0.0008230685762631307,0.002385659924382555,0.001697495158675677,-0.0022502818502656563,0.8031600117683411,0.7993699908256531,0.8364105306199477,0.000599980354309082,0.0011664986610412597,0.5143429429859074,0,-0.0009256641925253097,sideways,1,2025-09-11 12:47:24.855708,2025-09-13T15:05:02.984977
2025-08-29 05:00:00+01:00,USDCHF,forex,1h,yahoo_finance,0.8025400042533875,0.8027899861335754,0.8024600148200989,0.8025100231170654,0,0.0,0.0,USDCHF=X,USDCHF,USD/CHF,-3.735780915981035e-05,-2.9981136322021484e-05,0.0003299713134765,2.9981136322021484e-05,-0.2998113632202148,3.299713134765625,0.8015538113457816,0.8026212012767792,0.8047443968909127,0.0008640156661369,0.06719353789915,0.0011359989643096,54.8601223499838,85.13131523766494,87.14816326313111,0.0001135544185418,-0.0001284417972115,0.0002419962157534,0.8076500296592712,0.7993699908256531,0.0051400065422058,0.0031400322914123,0.3792291744651444,5,4,29,8,Tokyo,USD,CHF,True,False,5,-18.950057345428004,94.08129780382107,15.107072988974698,0.0009230219333682399,0.0015350456972897941,0.0016725933797678838,-0.002473537241234669,0.8031600117683411,0.7993699908256531,0.8284999842732677,0.0003299713134765625,0.0011359989643096925,0.2904679703445634,0,-0.0007228754829792903,sideways,1,2025-09-11 12:47:24.855708,2025-09-13T15:05:02.984977
2025-08-29 06:00:00+01:00,USDCHF,forex,1h,yahoo_finance,0.8024700284004211,0.8026599884033203,0.8020700216293335,0.8021199703216553,0,0.0,0.0,USDCHF=X,USDCHF,USD/CHF,-0.0004860410264972,-0.0003900527954101,0.0005899667739868,0.0003500580787658,-3.9005279541015625,5.899667739868164,0.8015990484328497,0.8025696003437042,0.8047266494441818,0.0008639900064597,0.0671915423745777,0.0011199980974197,53.70934715105604,77.55071305274622,84.15933919531041,0.0001078794112315,-8.117755552294062e-05,0.0001890569667545,0.8076500296592712,0.7993699908256531,0.0055300593376159,0.0027499794960021,0.3321215698695615,6,4,29,8,Tokyo,USD,CHF,True,False,5,-30.321829492927396,55.31552902655611,14.492739955702307,0.00011214469028342222,0.0006736176913615388,0.0016733335273559913,-0.0032062216966828316,0.8031600117683411,0.7993699908256531,0.7255842481049287,0.0005899667739868164,0.0011199980974197388,0.526756943021588,0,-0.0005913485977316874,sideways,1,2025-09-11 12:47:24.855708,2025-09-13T15:05:02.984977
2025-08-29 07:00:00+01:00,USDCHF,forex,1h,yahoo_finance,0.8020899891853333,0.8024200201034546,0.801800012588501,0.8018900156021118,0,0.0,0.0,USDCHF=X,USDCHF,USD/CHF,-0.0002866836982643,-0.0002299547195434,0.0006200075149536,0.0001999735832214,-2.2995471954345703,6.200075149536133,0.8016519063994998,0.802503000497818,0.8047030780996595,0.0007861521683174,0.0611381802282742,0.0010769993066787,63.549605296084806,71.23402727093688,77.97201852044934,8.385981920200347e-05,-4.81700805779518e-05,0.0001320298997799,0.8076500296592712,0.7993699908256531,0.0057600140571594,0.0025200247764587,0.304349390998877,7,4,29,8,Tokyo,USD,CHF,True,False,5,-37.026031348833975,23.887560807168995,14.293755138505546,-0.0013698846721150737,0.0012611136336690976,0.002889063854155438,-0.00413550614944469,0.8031600117683411,0.7993699908256531,0.6649105148932155,0.0006200075149536133,0.001076999306678772,0.575680514470877,0,-0.0003825512067827722,sideways,1,2025-09-11 12:47:24.855708,2025-09-13T15:05:02.984977
2025-08-29 08:00:00+01:00,USDCHF,forex,1h,yahoo_finance,0.8019199967384338,0.8021000027656555,0.8003100156784058,0.8004400134086609,0,0.0,0.0,USDCHF=X,USDCHF,USD/CHF,-0.0018082307613745,-0.0014500021934509,0.0017899870872497,0.0014799833297729,-14.500021934509276,17.89987087249756,0.8016928604670933,0.8024110007286072,0.8046669242801247,0.0007791959963489,0.0605972064669027,0.0010464996099472,48.5455059923145,46.816400456352106,65.20038026001173,-5.1584307582008826e-05,-4.88529259787632e-05,-2.7313816032456235e-06,0.8076500296592712,0.7993699908256531,0.0072100162506103,0.0010700225830078,0.1292291744651444,8,4,29,8,Tokyo,USD,CHF,True,False,5,-92.2029377891823,-104.07288788922087,15.675808494867196,-0.003063896935115662,-0.0011105998578110343,-0.0008862391653876589,-0.005713987441444135,0.8031600117683411,0.7997300028800964,0.20699961769714664,0.0017899870872497559,0.0010464996099472045,1.7104517481282768,1,-0.00037885125816383404,sideways,1,2025-09-11 12:47:24.855708,2025-09-13T15:05:02.984977
2025-08-29 09:00:00+01:00,USDCHF,forex,1h,yahoo_finance,0.8004400134086609,0.8009600043296814,0.7996100187301636,0.8006700277328491,0,0.0,0.0,USDCHF=X,USDCHF,USD/CHF,0.0002873598524999,0.0002300143241882,0.0013499855995178,0.0002300143241882,2.300143241882324,13.499855995178224,0.8016700035049802,0.8023178017139435,0.8046309902117803,0.0007406666676734,0.0576008234057451,0.0010409981012344,45.00829187396352,33.543499315014735,50.53130901410125,-0.0001387649245564,-6.683532569429954e-05,-7.192959886214531e-05,0.8076500296592712,0.7993699908256531,0.0069800019264221,0.001300036907196,0.1570085519306631,9,4,29,8,London,USD,CHF,True,False,5,-70.1405329169395,-147.03689963614025,17.488391191361426,-0.00233007265759666,-0.0015089218909184465,-0.0016458371097658464,-0.005786386770378238,0.8031600117683411,0.7996100187301636,0.2985946708306049,0.0013499855995178223,0.001040998101234436,1.2968185032393267,1,-0.0004135429012196169,sideways,1,2025-09-11 12:47:24.855708,2025-09-13T15:05:02.984977
2025-08-29 10:00:00+01:00,USDCHF,forex,1h,yahoo_finance,0.8007000088691711,0.8014299869537354,0.8005599975585938,0.8013799786567688,0,0.0,0.0,USDCHF=X,USDCHF,USD/CHF,0.0008866960162476,0.0007099509239196,0.0008699893951416,0.0006799697875976,7.099509239196777,8.699893951416016,0.8016409561747596,0.8022322010993957,0.8045985724899795,0.0007640678285039,0.0594207056703541,0.0009979963302612,48.466010896990525,29.171551057014,36.51048360946028,-0.0001488531983461,-8.323890022466397e-05,-6.561429812145768e-05,0.8076500296592712,0.7993699908256531,0.0062700510025024,0.0020099878311157,0.2427510150018716,10,4,29,8,London,USD,CHF,True,False,5,-50.14187612283617,-67.25041096524632,18.418844046697195,-0.001408137503264295,-0.0004864153116967973,-0.0002620376520742207,-0.005312452743754914,0.8031600117683411,0.7996100187301636,0.4985812387716382,0.0008699893951416016,0.0009979963302612304,0.8717360663178768,1,-0.0003554974925699998,sideways,1,2025-09-11 12:47:24.855708,2025-09-13T15:05:02.984977
2025-08-29 11:00:00+01:00,USDCHF,forex,1h,yahoo_finance,0.8013799786567688,0.8025000095367432,0.8012800216674805,0.8024899959564209,0,0.0,0.0,USDCHF=X,USDCHF,USD/CHF,0.0013851323082874,0.001110017299652,0.0012199878692626,0.001110017299652,11.100172996520996,12.199878692626951,0.8016838119143531,0.8021538007259369,0.8045703857154637,0.0008213890889635,0.0638785163768891,0.0010069966316223,61.6159357341292,53.6146230348618,38.77655780229684,-6.651239523725039e-05,-7.989359922718126e-05,1.3381203989930876e-05,0.8072999715805054,0.7993699908256531,0.0048099756240844,0.0031200051307678,0.3934442247995009,11,4,29,8,London,USD,CHF,True,False,5,-18.873721855638944,25.450593010477434,17.839626413374422,0.0004613095901566666,0.0005735060138611914,0.0007107931218892638,-0.004861073897680757,0.8031600117683411,0.7996100187301636,0.8112627814436105,0.0012199878692626953,0.0010069966316223144,1.211511370497082,1,-0.00020045315246545198,sideways,1,2025-09-11 12:47:24.855708,2025-09-13T15:05:02.984977
2025-08-29 12:00:00+01:00,USDCHF,forex,1h,yahoo_finance,0.8024500012397766,0.8029400110244751,0.8022400140762329,0.8027999997138977,0,0.0,0.0,USDCHF=X,USDCHF,USD/CHF,0.0003863023327876,0.0003100037574768,0.0006999969482421,0.000349998474121,3.1000375747680664,6.999969482421875,0.8017257168179467,0.8020728003978729,0.8045437371992803,0.0008203609779286,0.063798561324571,0.0009979963302612,60.82479656598109,73.61439916721234,52.13352441969605,2.348725047562894e-05,-5.9217429286619225e-05,8.270467976224816e-05,0.8072999715805054,0.7993699908256531,0.0044999718666076,0.0034300088882446,0.4325368489886728,12,4,29,8,London,USD,CHF,True,False,5,-10.141204519887841,78.57905296029297,16.796268084170276,0.0011347991545980207,-0.0002366400614848274,0.0014220472945598583,-0.00501954058659948,0.8031600117683411,0.7996100187301636,0.8985879548011215,0.0006999969482421875,0.0009979963302612304,0.7014023268592179,1,-0.00012317571517083057,sideways,1,2025-09-11 12:47:24.855708,2025-09-13T15:05:02.984977
2025-08-29 13:00:00+01:00,USDCHF,forex,1h,yahoo_finance,0.8027700185775757,0.8035200238227844,0.8019599914550781,0.8024200201034546,0,0.0,0.0,USDCHF=X,USDCHF,USD/CHF,-0.0004733179005711,-0.0003799796104431,0.0015600323677062,0.000349998474121,-3.799796104431152,15.600323677062988,0.801761908190591,0.8019798004627228,0.8045180780547005,0.0007473427229251,0.058120012801441,0.0010059982538223,54.07865593430933,80.95067427192396,69.39323215799936,6.342036864304124e-05,-3.468986970068713e-05,9.811023834372836e-05,0.8072999715805054,0.7993699908256531,0.0048799514770507,0.0030500292778015,0.3846200100719316,13,4,29,8,London,USD,CHF,True,False,5,-28.133050808701352,67.85951063800735,15.98116177700795,0.0024736478207303403,-0.000597828116361887,0.0024361007555069314,-0.005761577880929236,0.8035200238227844,0.7996100187301636,0.7186694919129865,0.0015600323677062988,0.0010059982538223266,1.5507306914091548,1,-6.707846764281223e-05,sideways,1,2025-09-11 12:47:24.855708,2025-09-13T15:05:02.984977
2025-08-29 14:00:00+01:00,USDCHF,forex,1h,yahoo_finance,0.8023999929428101,0.8027200102806091,0.8006799817085266,0.8008999824523926,0,0.0,0.0,USDCHF=X,USDCHF,USD/CHF,-0.0018943167081824,-0.001520037651062,0.0020400285720825,0.0015000104904174,-15.200376510620115,20.400285720825195,0.8017823838052296,0.8018610000610351,0.8044863195864709,0.0008721359327847,0.0678250420097056,0.0010600000619888,44.58291889966005,64.90570041565613,73.15692461826414,-2.727230431420757e-05,-3.320635662339122e-05,5.9340523091836446e-06,0.8069000244140625,0.7993699908256531,0.0060000419616699,0.0015299916267395,0.2031852326787142,14,4,29,8,London,USD,CHF,True,False,5,-67.00864342444244,-65.58330106893555,15.70117498079326,0.00028720285708039306,-0.002043539004040862,0.0003372457312358357,-0.007362079304081615,0.8035200238227844,0.7996100187301636,0.32991356575557557,0.0020400285720825195,0.0010600000619888305,1.924555144133582,1,-0.00012345949547343257,sideways,1,2025-09-11 12:47:24.855708,2025-09-13T15:05:02.984977
2025-08-29 15:00:00+01:00,USDCHF,forex,1h,yahoo_finance,0.8009600043296814,0.8011999726295471,0.7988600134849548,0.7990099787712097,0,0.0,0.0,USDCHF=X,USDCHF,USD/CHF,-0.0023598498221907,-0.0018900036811828,0.0023399591445922,0.0019500255584716,-18.900036811828613,23.39959144592285,0.8017052412033081,0.8017375993728638,0.804439726111653,0.0009991499510048,0.0777027810154697,0.0011314958333969,34.368289853641684,36.025479272570635,60.62728465338356,-0.000248786546248,-7.632239454832251e-05,-0.0001724641516997,0.8055499792098999,0.7988600134849548,0.0065400004386901,0.0001499652862548,0.0224164506098593,15,4,29,8,London,USD,CHF,True,False,5,-96.7818679491443,-177.88515081986267,16.71143414728071,-0.002957398423568791,-0.004361371503200706,-0.0028330207104712013,-0.007662925442228685,0.8035200238227844,0.7988600134849548,0.03218132050855696,0.002339959144592285,0.0011314958333969115,2.068022767319783,1,-0.00040611928538266914,sideways,1,2025-09-11 12:47:24.855708,2025-09-13T15:05:02.984977
2025-08-29 16:00:00+01:00,USDCHF,forex,1h,yahoo_finance,0.7990300059318542,0.800320029258728,0.7985299825668335,0.7996699810028076,0,0.0,0.0,USDCHF=X,USDCHF,USD/CHF,0.0008260250173757,0.0006600022315979,0.0017900466918945,0.0006399750709533,6.600022315979004,17.900466918945312,0.8016285726002285,0.8016339993476868,0.8043949456660302,0.0010163753181425,0.0790423786697257,0.0011879980564117,32.26478173655555,19.68498659529574,40.20538876117417,-0.0003668526655136,-0.0001344284487413,-0.0002324242167722,0.8050600290298462,0.7985299825668335,0.0053900480270385,0.0011399984359741,0.1745773850816021,16,4,29,8,NewYork,USD,CHF,True,False,5,-77.15452884052604,-148.37451248233373,17.839912430805605,-0.0035140811322542653,-0.0030543926214244843,-0.0023828324229691056,-0.006435983565898917,0.8035200238227844,0.7985299825668335,0.22845471159473954,0.0017900466918945312,0.0011879980564117431,1.5067757747863912,1,-0.000582560130944232,sideways,1,2025-09-11 12:47:24.855708,2025-09-13T15:05:02.984977
2025-08-29 17:00:00+01:00,USDCHF,forex,1h,yahoo_finance,0.7996600270271301,0.8000500202178955,0.7992299795150757,0.7992600202560425,0,0.0,0.0,USDCHF=X,USDCHF,USD/CHF,-0.0005126624188781,-0.0004099607467651,0.0008200407028198,0.0004000067710876,-4.099607467651367,8.200407028198242,0.8015180968102955,0.8015403997898102,0.8043440118595794,0.0010054259408716,0.0781908577709017,0.0011545002460479,31.198315302057225,13.564498688730913,23.091654852199092,-0.0004878773750442,-0.0002051182340019,-0.0002827591410423,0.8040400147438049,0.7985299825668335,0.0047799944877624,0.0007300376892089,0.132492454809991,17,4,29,8,NewYork,USD,CHF,True,False,5,-85.37010714413692,-122.31529666673052,18.887785122650147,-0.004409540930638722,-0.0032797457193609603,-0.002022768217733506,-0.005821302466103795,0.8035200238227844,0.7985299825668335,0.14629892855863066,0.0008200407028198242,0.0011545002460479736,0.7102992880486131,1,-0.0007939711891335724,sideways,1,2025-09-11 12:47:24.855708,2025-09-13T15:05:02.984977
2025-08-29 18:00:00+01:00,USDCHF,forex,1h,yahoo_finance,0.7992600202560425,0.7997999787330627,0.7991200089454651,0.7997599840164185,0,0.0,0.0,USDCHF=X,USDCHF,USD/CHF,0.0006255333029365,0.0004999637603759,0.0006799697875976,0.0004999637603759,4.999637603759766,6.7996978759765625,0.8014647620064872,0.8014607989788055,0.8042943962327727,0.0010077338553129,0.0783703417114821,0.0011034995317459,35.84500245825518,20.708162623379007,17.985882635801886,-0.0005372542990622,-0.000271545447014,-0.0002657088520482,0.8038399815559387,0.7985299825668335,0.0040799975395202,0.0012300014495849,0.2316387351689921,18,4,29,8,NewYork,USD,CHF,True,False,5,-75.3508761452,-100.84680850498593,19.930562699415308,-0.003315017098767248,-0.0008495694628589678,-0.0019592257889453624,-0.004951900401349074,0.8035200238227844,0.7985299825668335,0.24649123854799987,0.0006799697875976562,0.0011034995317459107,0.6161939974019169,0,-0.0007795791302274753,sideways,1,2025-09-11 12:47:24.855708,2025-09-13T15:05:02.984977
2025-08-29 19:00:00+01:00,USDCHF,forex,1h,yahoo_finance,0.7997300028800964,0.8003000020980835,0.7996500134468079,0.800000011920929,0,0.0,0.0,USDCHF=X,USDCHF,USD/CHF,0.0003001249241116,0.0002400279045104,0.0006499886512756,0.0002700090408325,2.4002790451049805,6.499886512756348,0.8014014306522551,0.8014235997200012,0.8042457699775696,0.0009955457996587,0.0774224901717286,0.0010574996471405,37.48744614470361,22.912759747886785,19.0618070199989,-0.0005506698420322,-0.0003273703260176,-0.0002232995160145,0.8035200238227844,0.7985299825668335,0.0035200119018554,0.0014700293540954,0.2945926253299729,19,4,29,8,NewYork,USD,CHF,True,False,5,-70.54073746700271,-64.23815810360892,20.26799911391651,-0.0011236990275712566,-0.0008368189000621529,-0.0023444780966236367,-0.0023195607693701215,0.8035200238227844,0.7985299825668335,0.2945926253299729,0.0006499886512756348,0.001057499647140503,0.6146466838388221,0,-0.0008168020447559985,sideways,1,2025-09-11 12:47:24.855708,2025-09-13T15:05:02.984977
2025-08-29 20:00:00+01:00,USDCHF,forex,1h,yahoo_finance,0.8000199794769287,0.8003600239753723,0.7998499870300293,0.8000900149345398,0,0.0,0.0,USDCHF=X,USDCHF,USD/CHF,0.0001125037653371,9.000301361083984e-05,0.000510036945343,7.003545761108398e-05,0.9000301361083984,5.100369453430176,0.8013161931719098,0.8013847994804383,0.8042001655468574,0.0009968425031503,0.0775233333608312,0.0010575026273727,39.56849075906175,28.457100538706868,24.026007636657557,-0.0005477254276945,-0.000371441346353,-0.0001762840813415,0.8035200238227844,0.7985299825668335,0.0034300088882446,0.0015600323677062,0.3126291522832332,20,4,29,8,NewYork,USD,CHF,True,False,5,-68.73708477167668,-48.46164171683685,20.505822522713427,0.001351717991045609,-0.001609678001178838,-0.002095310340849088,-0.002418876990949115,0.8035200238227844,0.7985299825668335,0.3126291522832332,0.0005100369453430176,0.0010575026273727417,0.4823032417518931,0,-0.0009293919327018966,sideways,1,2025-09-11 12:47:24.855708,2025-09-13T15:05:02.984977
2025-08-29 21:00:00+01:00,USDCHF,forex,1h,yahoo_finance,0.8001199960708618,0.8008099794387817,0.7995700240135193,0.8001099824905396,0,0.0,0.0,USDCHF=X,USDCHF,USD/CHF,2.495663691215455e-05,1.996755599975586e-05,0.0012399554252624,1.0013580322265623e-05,0.1996755599975586,12.399554252624512,0.801237146059672,0.8013365995883942,0.8041543413649549,0.000992302735017,0.0771702806395955,0.0010729998350143,40.651022427027634,30.79508036805664,27.388313551550095,-0.0005375838116784,-0.0004046698394181,-0.0001329139722603,0.8035200238227844,0.7985299825668335,0.0034100413322448,0.001579999923706,0.3166306334284929,21,4,29,8,Sydney,USD,CHF,True,False,5,-68.3369366571507,-37.58390459185711,20.160950692982887,0.0005502288421284085,-0.002965785838918489,-0.0023939807210717756,-0.003003033782328912,0.8035200238227844,0.7985299825668335,0.31663063342849296,0.0012399554252624512,0.0010729998350143433,1.1555970325436966,0,-0.0011663039260295391,sideways,1,2025-09-11 12:47:24.855708,2025-09-13T15:05:02.984977
2025-08-29 22:00:00+01:00,USDCHF,forex,1h,yahoo_finance,0.8000500202178955,0.8000500202178955,0.8000500202178955,0.8000500202178955,0,0.0,0.0,USDCHF=X,USDCHF,USD/CHF,-7.49425378463453e-05,-5.996227264404297e-05,0.0,0.0,-0.5996227264404297,0.0,0.8011428600265866,0.8012896001338958,0.80410956124683,0.0009430358991532,0.073338853580423,0.0010109961032867,47.60148683622074,31.129134366153448,30.12710509097232,-0.0005282951050771,-0.0004293948925499,-9.890021252720142e-05,0.8035200238227844,0.7985299825668335,0.0034700036048889,0.001520037651062,0.3046142452728771,22,4,29,8,Sydney,USD,CHF,True,False,5,-69.53857547271228,-40.56568437690112,19.84071256537596,0.0009884142104341631,-0.0034254851731219116,-0.0036613146275847885,-0.002928679892301611,0.8035200238227844,0.7985299825668335,0.3046142452728771,0.0,0.001007997989654541,0.0,0,-0.0014509117765644703,sideways,1,2025-09-11 12:47:24.855708,2025-09-13T15:05:02.984977
2025-09-01 00:00:00+01:00,USDCHF,forex,1h,yahoo_finance,0.8008300065994263,0.801010012626648,0.800570011138916,0.8006299734115601,0,0.0,0.0,USDCHF=X,USDCHF,USD/CHF,0.0007248961677503,0.0005799531936645,0.0004400014877319,0.0002000331878662,5.799531936645508,4.400014877319336,0.8010304768880209,0.8012647998332977,0.8040671983917991,0.0009646699383321,0.075021308758554,0.0010359942913055,49.76382601850029,34.73604159947762,32.22008544456257,-0.0004687330989282,-0.0004372625338255,-3.1470565102663416e-05,0.8035200238227844,0.7985299825668335,0.0028900504112243,0.0020999908447265,0.4208363692829585,0,0,1,9,Sydney,USD,CHF,True,False,5,-57.91636307170415,5.311121837499699,18.434481720614894,0.001087813109593716,-0.0022308101082320064,-0.00282730458358893,-0.0015464040901659315,0.8035200238227844,0.7985299825668335,0.4208363692829585,0.0004400014877319336,0.0010069966316223144,0.43694434908195523,0,-0.0016434078798146685,sideways,1,2025-09-11 12:47:24.855708,2025-09-13T15:05:02.984977
2025-09-01 01:00:00+01:00,USDCHF,forex,1h,yahoo_finance,0.8006399869918823,0.8011299967765808,0.8005899786949158,0.8006799817085266,0,0.0,0.0,USDCHF=X,USDCHF,USD/CHF,6.246118510078169e-05,5.0008296966552734e-05,0.000540018081665,3.999471664428711e-05,0.5000829696655273,5.400180816650391,0.8009247609547206,0.8012393999099732,0.8040268136249794,0.0009628671246179,0.0748811059400441,0.0010329961776733,45.52425378822525,38.54362012605662,34.802932030562566,-0.0004127367559035,-0.0004323573782411,1.962062233760276e-05,0.8035200238227844,0.7985299825668335,0.0028400421142578,0.0021499991416931,0.4308579892258627,1,0,1,9,Sydney,USD,CHF,True,False,5,-56.91420107741373,11.636618037763816,17.257693111443334,0.000849962221831646,-0.00027469190746176597,-0.002317669567875602,-0.0015836351409284077,0.8035200238227844,0.7985299825668335,0.4308579892258627,0.0005400180816650391,0.0010039985179901123,0.5378674091532447,0,-0.0016392167398082446,sideways,1,2025-09-11 12:47:24.855708,2025-09-13T15:05:02.984977
2025-09-01 02:00:00+01:00,USDCHF,forex,1h,yahoo_finance,0.8006799817085266,0.8011999726295471,0.800570011138916,0.8008099794387817,0,0.0,0.0,USDCHF=X,USDCHF,USD/CHF,0.000162359161244,0.0001299977302551,0.0006299614906311,0.0001299977302551,1.2999773025512695,6.299614906311035,0.8008423788206918,0.801221399307251,0.8039876376534556,0.0009647547341804,0.0750279032374149,0.001047995686531,37.718946616239954,43.62012605661001,38.96659592738141,-0.0003537912350983,-0.0004166441496126,6.285291451424961e-05,0.8035200238227844,0.7985299825668335,0.0027100443840026,0.0022799968719482,0.4569094231894791,2,0,1,9,Sydney,USD,CHF,True,False,5,-54.30905768105209,24.880600431534017,16.243621242983266,0.0008998543798861558,0.002252788720286336,-0.0021184080314416986,-0.0011226380179357731,0.8035200238227844,0.7985299825668335,0.4569094231894791,0.0006299614906311035,0.0010189980268478394,0.6182165951585025,0,-0.0013921300259969903,sideways,1,2025-09-11 12:47:24.855708,2025-09-13T15:05:02.984977
2025-09-01 03:00:00+01:00,USDCHF,forex,1h,yahoo_finance,0.8008099794387817,0.8008400201797485,0.7993800044059753,0.799530029296875,0,0.0,0.0,USDCHF=X,USDCHF,USD/CHF,-0.0015983194200498,-0.0012799501419067,0.0014600157737731,0.0012799501419067,-12.799501419067385,14.600157737731934,0.8007004743530637,0.8011808001995087,0.8039453851652669,0.0010184077869419,0.0792004415089213,0.0010914981365203,29.065001869843627,36.27253072779178,39.4787589701528,-0.0004056813228805,-0.0004144515842662,8.770261385664265e-06,0.8035200238227844,0.7985299825668335,0.0039899945259094,0.0010000467300415,0.2004085094184116,3,0,1,9,Tokyo,USD,CHF,True,False,5,-79.95914905815883,-43.386290709379956,16.12072860186682,-0.0007248418421919034,-0.00017501182895107714,-0.0032288698955366124,-0.0025325058958822755,0.8035200238227844,0.7985299825668335,0.2004085094184116,0.0014600157737731934,0.0010625004768371582,1.3741318762692278,0,-0.001358994661413088,sideways,1,2025-09-11 12:47:24.855708,2025-09-13T15:05:02.984977
2025-09-01 04:00:00+01:00,USDCHF,forex,1h,yahoo_finance,0.799530029296875,0.7998200058937073,0.7993000149726868,0.799560010433197,0,0.0,0.0,USDCHF=X,USDCHF,USD/CHF,3.74984493682895e-05,2.9981136322021484e-05,0.0005199909210205,2.9981136322021484e-05,0.2998113632202148,5.199909210205078,0.8005785715012324,0.8011383998394013,0.803903022637734,0.0010188851831709,0.0792375680829688,0.0010864973068237,30.83057009308457,30.104878211273554,36.66584499855845,-0.0004393211434832,-0.0004194254961096,-1.989564737360543e-05,0.8035200238227844,0.7985299825668335,0.0039600133895874,0.0010300278663635,0.2064167034962195,4,0,1,9,Tokyo,USD,CHF,True,False,5,-75.41715862696843,-80.55166117088302,16.081100499383716,-0.000612473935773461,0.0003753348967190373,-0.0029056418256626637,-0.0026444690277495075,0.8035200238227844,0.7985299825668335,0.2064167034962195,0.0005199909210205078,0.001057499647140503,0.49171734707105774,0,-0.0012686959614952615,sideways,1,2025-09-11 12:47:24.855708,2025-09-13T15:05:02.984977
2025-09-01 05:00:00+01:00,USDCHF,forex,1h,yahoo_finance,0.799560010433197,0.7997499704360962,0.7993500232696533,0.799589991569519,0,0.0,0.0,USDCHF=X,USDCHF,USD/CHF,3.749704328726011e-05,2.9981136322021484e-05,0.0003999471664428,2.9981136322021484e-05,0.2998113632202148,3.999471664428711,0.8004690465472993,0.8010995995998382,0.8038603303196666,0.0009409124262794,0.0731737134555251,0.0010169953107833,39.02811613882344,28.10818392859861,31.495197622554645,-0.0004582789619298,-0.0004271961892736,-3.108277265618825e-05,0.8035200238227844,0.7985299825668335,0.0039300322532653,0.0010600090026855,0.2124248975740274,5,0,1,9,Tokyo,USD,CHF,True,False,5,-60.29914052907691,-75.2766731112731,16.044302975649405,-0.0012989544191176483,-0.00021255432916977846,-0.0010619432123614159,-0.0024203859737784716,0.8035200238227844,0.7985299825668335,0.2124248975740274,0.0003999471664428711,0.0009879976511001586,0.40480578673190215,0,-0.0012415435709850536,sideways,1,2025-09-11 12:47:24.855708,2025-09-13T15:05:02.984977
2025-09-01 06:00:00+01:00,USDCHF,forex,1h,yahoo_finance,0.799589991569519,0.7996399998664856,0.7992200255393982,0.7993199825286865,0,0.0,0.0,USDCHF=X,USDCHF,USD/CHF,-0.0003376843678377,-0.0002700090408325,0.0004199743270874,0.0002700090408325,-2.7000904083251958,4.199743270874023,0.800415711743491,0.8010639989376068,0.8038254399876018,0.000939401969391,0.0730562469023646,0.0009704947471618,53.56345149841731,31.290608172823976,29.834556770898715,-0.0004894485840621,-0.0004396466682313,-4.980191583082511e-05,0.8035200238227844,0.7985299825668335,0.0042000412940979,0.000789999961853,0.1583153167142464,6,0,1,9,Tokyo,USD,CHF,True,False,5,-70.41187632548275,-96.24426775987486,16.145698253492245,-0.0016985552416810545,-0.0008500367276365051,-0.001686144300899306,-0.002221986115116481,0.8035200238227844,0.7985299825668335,0.15831531671424648,0.00041997432708740234,0.0009414970874786377,0.44607076609457,0,-0.0012820477963767923,sideways,1,2025-09-11 12:47:24.855708,2025-09-13T15:05:02.984977
2025-09-01 07:00:00+01:00,USDCHF,forex,1h,yahoo_finance,0.7993199825286865,0.7993699908256531,0.7987200021743774,0.799239993095398,0,0.0,0.0,USDCHF=X,USDCHF,USD/CHF,-0.0001000718548728,-7.998943328857422e-05,0.0006499886512756,7.998943328857422e-05,-0.7998943328857422,6.499886512756348,0.8003476148559934,0.8010229992866517,0.8037924180319022,0.0009112298017548,0.0708653287420161,0.0009594947099685,44.29687252948803,30.08553626178557,29.82810945440272,-0.0005146723899942,-0.0004546518125839,-6.002057741030965e-05,0.8035200238227844,0.7985299825668335,0.0042800307273864,0.0007100105285644,0.1422855026935343,7,0,1,9,Tokyo,USD,CHF,True,False,5,-79.03237436008364,-129.1290662899977,16.742017463217973,-0.001960497975417419,-0.0010624077582213065,-0.002670375625003496,-0.002558352918510698,0.8035200238227844,0.7985299825668335,0.14228550269353432,0.0006499886512756348,0.0009304970502853393,0.6985391851337025,0,-0.001337046337630152,sideways,1,2025-09-11 12:47:24.855708,2025-09-13T15:05:02.984977
2025-09-01 08:00:00+01:00,USDCHF,forex,1h,yahoo_finance,0.799239993095398,0.7998700141906738,0.7988600134849548,0.7989000082015991,0,0.0,0.0,USDCHF=X,USDCHF,USD/CHF,-0.0004253852368949,-0.0003399848937988,0.0010100007057189,0.0003399848937988,-3.399848937988281,10.10000705718994,0.8002295210247948,0.8009707999229431,0.803765330013338,0.0008395567872548,0.0652913980774419,0.0009489953517913,45.13468230442067,19.271381111556867,26.882508515388807,-0.0005556907207571,-0.0004748595942185,-8.083112653853991e-05,0.8035200238227844,0.7985299825668335,0.0046200156211853,0.0003700256347656,0.0741528207455894,8,0,1,9,Tokyo,USD,CHF,True,False,5,-92.74160597976302,-105.1886914864251,16.54856893764938,-0.000787989283942081,-0.0015122599585297714,-0.004473560758278539,-0.0032563140351536957,0.8035200238227844,0.7985299825668335,0.07415282074558942,0.0010100007057189941,0.0009199976921081543,1.0978296080336896,1,-0.0014230268230113268,sideways,1,2025-09-11 12:47:24.855708,2025-09-13T15:05:02.984977
2025-09-01 09:00:00+01:00,USDCHF,forex,1h,yahoo_finance,0.7989000082015991,0.7995700240135193,0.7985799908638,0.7987200021743774,0,0.0,0.0,USDCHF=X,USDCHF,USD/CHF,-0.0002253173430638,-0.0001800060272216,0.0009900331497192,0.0001800060272216,-1.8000602722167969,9.900331497192385,0.8000499975113642,0.8009122002124787,0.8037341761065053,0.0008272117371426,0.0643313372532126,0.0009634971618652,34.61484198645597,11.190000001377898,20.182305791573445,-0.0005958543869648,-0.0004990585527678,-9.67958341970219e-05,0.8035200238227844,0.7985299825668335,0.0048000216484069,0.0001900196075439,0.0380797668390687,9,0,1,9,London,USD,CHF,True,False,5,-94.65601965601965,-123.11721903932433,16.665093718611697,-0.001050588133296504,-0.0016624186112210726,-0.005082209194038678,-0.0036549436389801127,0.8035200238227844,0.7985299825668335,0.03807976683906879,0.0009900331497192383,0.0009344995021820068,1.0594260857363362,1,-0.0015160276323727994,sideways,1,2025-09-11 12:47:24.855708,2025-09-13T15:05:02.984977
2025-09-01 10:00:00+01:00,USDCHF,forex,1h,yahoo_finance,0.798740029335022,0.7995100021362305,0.7986199855804443,0.7993199825286865,0,0.0,0.0,USDCHF=X,USDCHF,USD/CHF,0.0007511773245638,0.000599980354309,0.0008900165557861,0.0005799531936645,5.99980354309082,8.900165557861328,0.7998842824073065,0.8008633995056152,0.8037088464249621,0.0008550038057181,0.0664926955321323,0.0009299963712692,40.90814911623608,13.615509202790191,14.69229677190832,-0.0005726696027444,-0.0005137807627631,-5.88888399813257e-05,0.8035200238227844,0.7985299825668335,0.0042000412940979,0.000789999961853,0.1583153167142464,10,0,1,9,London,USD,CHF,True,False,5,-71.75584675584676,-82.17059074510577,16.773295300933846,-0.000337684367837765,-0.001636200150353484,-0.003863360206751043,-0.003043348743738572,0.8027200102806091,0.7985299825668335,0.1885428965674211,0.0008900165557861328,0.0009009987115859985,0.98781113040602,1,-0.001618757217336794,sideways,1,2025-09-11 12:47:24.855708,2025-09-13T15:05:02.984977
2025-09-01 11:00:00+01:00,USDCHF,forex,1h,yahoo_finance,0.799310028553009,0.7996000051498413,0.7990599870681763,0.799340009689331,0,0.0,0.0,USDCHF=X,USDCHF,USD/CHF,2.505524831386552e-05,2.002716064453125e-05,0.000540018081665,2.9981136322021484e-05,0.2002716064453125,5.400180816650391,0.7997376152447292,0.8008265995979309,0.8036875279395135,0.0007559985990696,0.0587931706671579,0.0008549958467483,39.78138348844386,20.865562532229205,15.2236905787991,-0.000546381128187,-0.0005203008358479,-2.6080292339113035e-05,0.8035200238227844,0.7985299825668335,0.0041800141334533,0.0008100271224975,0.1623287425793428,11,0,1,9,London,USD,CHF,True,False,5,-70.99144599144599,-52.495109425753924,16.72468447999645,2.505524831386552e-05,-0.0016735425510904234,-0.0019477747499566656,-0.002296606720792238,0.8011999726295471,0.7985299825668335,0.3033820738921755,0.0005400180816650391,0.0008259981870651246,0.6537763522021655,1,-0.0017402028141740818,sideways,1,2025-09-11 12:47:24.855708,2025-09-13T15:05:02.984977
2025-09-01 12:00:00+01:00,USDCHF,forex,1h,yahoo_finance,0.799340009689331,0.8005300164222717,0.7989299893379211,0.8004999756813049,0,0.0,0.0,USDCHF=X,USDCHF,USD/CHF,0.0014511546749982,0.0011599659919738,0.0016000270843505,0.0011599659919738,11.59965991973877,16.00027084350586,0.7997185673032489,0.8008131992816925,0.8036683519462963,0.0006245347382316,0.0485693723475274,0.0008179992437362,54.05415453249892,43.51169351169352,25.997588415570974,-0.0004270252797788,-0.0005016457246341,7.462044485524136e-05,0.8035200238227844,0.7985299825668335,0.0030200481414794,0.0019699931144714,0.3947849353193421,12,0,1,9,London,USD,CHF,True,False,5,-26.717626717626718,27.98389205404236,15.742602857970281,0.001576475898093177,-0.000387112755130814,0.001864803881907351,-0.0008362966898839419,0.8011999726295471,0.7985299825668335,0.7378278825761804,0.001600027084350586,0.0007890015840530396,2.027913652760203,1,-0.0017622096676988164,sideways,1,2025-09-11 12:47:24.855708,2025-09-13T15:05:02.984977
2025-09-01 13:00:00+01:00,USDCHF,forex,1h,yahoo_finance,0.8004999756813049,0.8012300133705139,0.8004000186920166,0.8010600209236145,0,0.0,0.0,USDCHF=X,USDCHF,USD/CHF,0.0006996193120842,0.0005600452423095,0.0008299946784973,0.0005600452423095,5.600452423095703,8.299946784973145,0.7998161883581252,0.8008187997341156,0.8036519233342055,0.0006173277833695,0.0480088954792923,0.0007699966430664,59.51057978335298,65.29205748503995,43.22310450965423,-0.0002839705042347,-0.0004581106805542,0.0001741401763194,0.8035200238227844,0.7985299825668335,0.0024600028991699,0.002530038356781,0.5070175229040003,13,0,1,9,London,USD,CHF,True,False,5,-6.414754835807467,117.46047853106036,15.644942689216657,0.002703733508374606,0.0019136137114013074,0.0017382669774146375,0.0003496873320367744,0.8012300133705139,0.7985799908638,0.9358524516419253,0.0008299946784973145,0.0007409989833831787,1.1201023174253333,1,-0.0015781373413858366,sideways,1,2025-09-11 12:47:24.855708,2025-09-13T15:05:02.984977
2025-09-01 14:00:00+01:00,USDCHF,forex,1h,yahoo_finance,0.8010600209236145,0.8012999892234802,0.7999699711799622,0.8005899786949158,0,0.0,0.0,USDCHF=X,USDCHF,USD/CHF,-0.000586775293263,-0.0004700422286987,0.001330018043518,0.0004700422286987,-4.700422286987305,13.300180435180664,0.7998599977720351,0.80083899974823,0.8036325826094701,0.0006213264718756,0.0483198690393949,0.0007954955101013,49.61543311057874,80.25475814955651,63.01950304876332,-0.000206150666947,-0.0004077186778328,0.0002015680108857,0.8035200238227844,0.7985299825668335,0.0029300451278686,0.0020599961280822,0.4128214622726024,14,0,1,9,London,USD,CHF,True,False,5,-26.103343997896307,89.59157388850441,14.964988993592755,0.0023412165908549554,0.0012881688031904925,0.001663987194614469,0.0012631640780438325,0.8012999892234802,0.7985799908638,0.738966560021037,0.0013300180435180664,0.0007664978504180909,1.7351882236755134,1,-0.0014747099477647925,sideways,1,2025-09-11 12:47:24.855708,2025-09-13T15:05:02.984977
2025-09-01 15:00:00+01:00,USDCHF,forex,1h,yahoo_finance,0.8005800247192383,0.8008400201797485,0.7999600172042847,0.8001800179481506,0,0.0,0.0,USDCHF=X,USDCHF,USD/CHF,-0.00051207329304,-0.0004099607467651,0.0008800029754638,0.0004000067710876,-4.099607467651367,8.800029754638672,0.799903807185945,0.8008195996284485,0.8036154947438083,0.0006211478712778,0.0483059794694368,0.0008054971694946,45.503859348198965,75.43548726697026,73.66076763385557,-0.0001755348350025,-0.0003612819092667,0.0001857470742642,0.8035200238227844,0.7985299825668335,0.0033400058746337,0.0016500353813171,0.3306656792364935,15,0,1,9,London,USD,CHF,True,False,5,-41.17543936538546,65.02182285845753,14.31999880855329,0.0010759588628614924,0.0007379111605354538,0.0005251999851538791,-0.0012107669725922587,0.8012999892234802,0.7985799908638,0.5882456063461454,0.0008800029754638672,0.0007764995098114014,1.1332949529840721,1,-0.0013768425277722806,sideways,1,2025-09-11 12:47:24.855708,2025-09-13T15:05:02.984977
2025-09-01 16:00:00+01:00,USDCHF,forex,1h,yahoo_finance,0.8001899719238281,0.8017100095748901,0.8001099824905396,0.8015499711036682,0,0.0,0.0,USDCHF=X,USDCHF,USD/CHF,0.0017120561933432,0.0013699531555175,0.0016000270843505,0.00135999917984,13.69953155517578,16.00027084350586,0.7999890446662903,0.8008107995986938,0.8036028572491237,0.0007253819009255,0.0564121440865987,0.0008529990911483,55.441213853071886,75.86939900116153,77.18654813922943,-4.026366269715975e-05,-0.0002970782599528,0.0002568145972556,0.8035200238227844,0.7985299825668335,0.0019700527191162,0.0030199885368347,0.6052031199608213,16,0,1,9,NewYork,USD,CHF,True,False,5,-5.113019633233676,151.31877904093216,14.692055528528586,0.002764732638862899,0.0027898571582396503,0.0019374489495538327,-0.0005486371435670101,0.8017100095748901,0.7985799908638,0.9488698036676633,0.001600027084350586,0.000824001431465149,1.9417770688888165,1,-0.001087402411438037,sideways,1,2025-09-11 12:47:24.855708,2025-09-13T15:05:02.984977
2025-09-01 17:00:00+01:00,USDCHF,forex,1h,yahoo_finance,0.8015300035476685,0.8016999959945679,0.8011299967765808,0.8011800050735474,0,0.0,0.0,USDCHF=X,USDCHF,USD/CHF,-0.0004615632754766,-0.0003699660301208,0.000569999217987,0.000349998474121,-3.699660301208496,5.6999921798706055,0.800045234816415,0.8008025991916656,0.8035867584275675,0.0007360174583702,0.0572392595663854,0.0008559972047805,64.00684099740933,78.92619702172487,76.74369442995221,3.666391049783613e-05,-0.0002303298258627,0.0002669937363605,0.8035200238227844,0.7985299825668335,0.002340018749237,0.0026500225067138,0.5310622439350685,17,0,1,9,NewYork,USD,CHF,True,False,5,-16.932949936206274,136.9324581969423,15.037536768505648,0.0008495058249859966,0.0024273209485374814,0.0013623343857087633,-0.0005115087992675349,0.8017100095748901,0.7985799908638,0.8306705006379372,0.0005699992179870605,0.0008269995450973511,0.6892376439215121,1,-0.000834914859693193,sideways,1,2025-09-11 12:47:24.855708,2025-09-13T15:05:02.984977
2025-09-01 18:00:00+01:00,USDCHF,forex,1h,yahoo_finance,0.8011800050735474,0.8012999892234802,0.8010600209236145,0.8011000156402588,0,0.0,0.0,USDCHF=X,USDCHF,USD/CHF,-9.98395276742281e-05,-7.998943328857422e-05,0.0002399682998657,7.998943328857422e-05,-0.7998943328857422,2.3996829986572266,0.8000933300881159,0.8007861995697021,0.8035687915571443,0.0007369329507269,0.0573104563892883,0.0008059978485107,62.96322311976319,86.15517427430667,80.3169234323977,9.01360553824393e-05,-0.0001662366496136,0.0002563727049961,0.8035200238227844,0.7985299825668335,0.0024200081825256,0.0025700330734252,0.5150324299143564,18,0,1,9,NewYork,USD,CHF,True,False,5,-19.488507607640013,98.9017099982843,15.244776496362563,4.9927240905356385e-05,0.002753795739234066,0.0012373713256739194,-0.001022522323311681,0.8017100095748901,0.7985799908638,0.8051149239235998,0.00023996829986572266,0.0007770001888275146,0.3088394357121488,0,-0.000539721618765148,sideways,1,2025-09-11 12:47:24.855708,2025-09-13T15:05:02.984977
2025-09-01 19:00:00+01:00,USDCHF,forex,1h,yahoo_finance,0.8011000156402588,0.8011400103569031,0.8009499907493591,0.8009700179100037,0,0.0,0.0,USDCHF=X,USDCHF,USD/CHF,-0.0001622740328511,-0.0001299977302551,0.0001900196075439,0.0001299977302551,-1.2999773025512695,1.900196075439453,0.8001342841557094,0.8007723999023437,0.8035468685102987,0.0007380455445074,0.0573969815708124,0.0008125007152557,61.42421521123425,79.97892585328078,81.68676571643744,0.0001206328051676,-0.0001088627586574,0.000229495563825,0.8035200238227844,0.7985299825668335,0.0025500059127807,0.0024400353431701,0.4889809959507399,19,0,1,9,NewYork,USD,CHF,True,False,5,-23.64176489631139,74.46859471592289,15.251646261117449,0.00047469894103269183,0.002817026904924136,0.00114992521574786,-0.0008606932699898318,0.8017100095748901,0.7985799908638,0.7635823510368861,0.0001900196075439453,0.0007865011692047119,0.24160117617636584,0,-0.00024151729382671042,sideways,1,2025-09-11 12:47:24.855708,2025-09-13T15:05:02.984977
2025-09-01 20:00:00+01:00,USDCHF,forex,1h,yahoo_finance,0.8009700179100037,0.8009999990463257,0.8001800179481506,0.800320029258728,0,0.0,0.0,USDCHF=X,USDCHF,USD/CHF,-0.0008115018499339,-0.0006499886512756,0.000819981098175,0.0006499886512756,-6.499886512756348,8.199810981750488,0.8001471417290824,0.8007694005966186,0.8035213190775651,0.0007448744457193,0.0579280576269264,0.0008055001497268,57.788650796598205,70.82055871879344,78.98488628212696,9.130059073625409e-05,-6.883008877868734e-05,0.0001601306795149,0.8035200238227844,0.7985299825668335,0.0031999945640563,0.0017900466918945,0.3587238261326581,20,0,1,9,NewYork,USD,CHF,True,False,5,-44.408051339668276,26.300515179266124,14.2393998043605,0.00017497476497396747,0.0012511218934847523,-0.000387125342699024,-0.00018734654300200937,0.8017100095748901,0.7985799908638,0.5559194866033172,0.0008199810981750488,0.0008055001497268676,1.0179775862898244,0,-0.00011288693623780426,sideways,1,2025-09-11 12:47:24.855708,2025-09-13T15:05:02.984977
2025-09-01 21:00:00+01:00,USDCHF,forex,1h,yahoo_finance,0.800320029258728,0.8007000088691711,0.7999299764633179,0.8000100255012512,0,0.0,0.0,USDCHF=X,USDCHF,USD/CHF,-0.0003873497427822,-0.0003100037574768,0.0007700324058532,0.0003100037574768,-3.1000375747680664,7.700324058532715,0.8001176204000201,0.8007570016384125,0.80349357180543,0.0007490612826601,0.0582536632816446,0.0008170008659362,55.78979447327615,59.212639409923895,70.0040413273327,4.254940400993945e-05,-4.6554190220961976e-05,8.910359423090143e-05,0.8035200238227844,0.7985299825668335,0.0035099983215332,0.0014800429344177,0.296599338262521,21,0,1,9,Sydney,USD,CHF,True,False,5,-54.31226553424866,-5.845417383631246,13.634571916185795,-0.0019212097285670193,0.0008382112790532581,-0.0008367340542794199,-0.0007743251325792455,0.8017100095748901,0.7985799908638,0.4568773446575134,0.0007700324058532715,0.0008170008659362793,0.942511125702196,0,-1.3731837306064504e-05,sideways,1,2025-09-11 12:47:24.855708,2025-09-13T15:05:02.984977
2025-09-01 22:00:00+01:00,USDCHF,forex,1h,yahoo_finance,0.8003299832344055,0.8008999824523926,0.7996399998664856,0.8004099726676941,0,0.0,0.0,USDCHF=X,USDCHF,USD/CHF,0.0004999276930215,0.0003999471664428,0.0012599825859069,7.998943328857422e-05,3.999471664428711,12.599825859069824,0.8001047628266471,0.8007396006584168,0.8034664837868659,0.0007576525285235,0.058921794922248,0.0008485019207,61.25180993666332,53.24840198300104,61.09386670390612,3.577375356722534e-05,-3.0088601463324516e-05,6.586235503054985e-05,0.8035200238227844,0.7985299825668335,0.0031100511550903,0.0018799901008605,0.3767484083660817,22,0,1,9,Sydney,USD,CHF,True,False,5,-41.534477177079964,-3.9858247310291994,13.449333571740535,-0.0009611228450248088,-0.00011243349949419112,-0.0004995027301831767,-0.0010858239020807847,0.8017100095748901,0.7985799908638,0.5846552282292004,0.0012599825859069824,0.0008485019207000732,1.484949597836395,0,-3.240986497288656e-06,sideways,1,2025-09-11 12:47:24.855708,2025-09-13T15:05:02.984977
2025-09-01 23:00:00+01:00,USDCHF,forex,1h,yahoo_finance,0.8003600239753723,0.8007599711418152,0.800029993057251,0.8003000020980835,0,0.0,0.0,USDCHF=X,USDCHF,USD/CHF,-0.0001373928028958,-0.0001099705696105,0.0007299780845642,6.002187728881836e-05,-1.099705696105957,7.29978084564209,0.8000804781913757,0.8007140004634857,0.8034417036470476,0.0006623896419909,0.0515133061326548,0.0008120000362396,61.89787967467998,52.84076723094082,55.10060287462192,2.128493637321149e-05,-1.981389389601731e-05,4.109883026922881e-05,0.8035200238227844,0.7985299825668335,0.0032200217247009,0.00177001953125,0.3547104002675617,23,0,1,9,Sydney,USD,CHF,True,False,5,-45.63095559584893,-12.00650852101592,13.27732653761279,-0.0009986437730074016,-0.000948766391630329,0.0009630317473949823,-0.0015968583642771428,0.8017100095748901,0.7985799908638,0.5495210709729019,0.000729978084564209,0.000812000036239624,0.8989877487502844,0,-6.618702036551079e-05,sideways,1,2025-09-11 12:47:24.855708,2025-09-13T15:05:02.984977
2025-09-02 00:00:00+01:00,USDCHF,forex,1h,yahoo_finance,0.8004199862480164,0.8005099892616272,0.7998999953269958,0.8002200126647949,0,0.0,0.0,USDCHF=X,USDCHF,USD/CHF,-9.994931035717249e-05,-7.998943328857422e-05,0.0006099939346313,0.0001999735832214,-0.7998943328857422,6.099939346313477,0.8001133345422291,0.8007008004188537,0.8034100552181621,0.0006632205205179,0.0515779226320776,0.0008165001869201,57.35337086312017,53.07931540945967,53.05616154113384,3.309812139806745e-06,-1.51891526888525e-05,1.849896482865925e-05,0.8035200238227844,0.7985299825668335,0.0033000111579895,0.0016900300979614,0.3386805862468496,0,1,2,9,Sydney,USD,CHF,True,False,5,-53.59662099869214,-49.91230026153718,13.29713618937015,-0.0009363711854855072,-0.0004621167388629832,0.0008254567799612644,-0.0008240962682571906,0.8017100095748901,0.7985799908638,0.5239654942585645,0.0006099939346313477,0.000816500186920166,0.7470836435840159,0,-9.590777503342606e-05,sideways,1,2025-09-11 12:47:24.855708,2025-09-13T15:05:02.984977
2025-09-02 01:00:00+01:00,USDCHF,forex,1h,yahoo_finance,0.8002200126647949,0.8012999892234802,0.8001199960708618,0.8011900186538696,0,0.0,0.0,USDCHF=X,USDCHF,USD/CHF,0.0012121741192707,0.0009700059890747,0.0011799931526184,0.0009700059890747,9.70005989074707,11.799931526184082,0.8001909539813087,0.8006980013847351,0.8033895607178028,0.0007129965446388,0.0554489486959817,0.0008555024862289,63.08383637405996,60.68928339196566,55.53645534412205,6.656841408103631e-05,1.1623606651252669e-06,6.540605341591105e-05,0.8035200238227844,0.7985299825668335,0.0023300051689147,0.0026600360870361,0.5330689568676167,1,1,2,9,Sydney,USD,CHF,True,False,5,-18.704573229561973,42.06644851181839,12.644895259821954,0.0010870518834165122,0.001262216855038245,0.002001059419478146,-0.00017464928445121153,0.8017100095748901,0.7985799908638,0.8338697084531449,0.0011799931526184082,0.0008555024862289429,1.3792983323985661,0,3.372766312409241e-05,sideways,1,2025-09-11 12:47:24.855708,2025-09-13T15:05:02.984977
2025-09-02 02:00:00+01:00,USDCHF,forex,1h,yahoo_finance,0.8011999726295471,0.8015599846839905,0.8009499907493591,0.8011999726295471,0,0.0,0.0,USDCHF=X,USDCHF,USD/CHF,1.2423988624110647e-05,9.953975677490234e-06,0.0006099939346313,0.0,0.0995397567749023,6.099939346313477,0.800267619746072,0.8006844007968903,0.8033673629000947,0.0007059428545575,0.0549003910593775,0.0008650034666061,55.91232203628748,67.68648512431459,60.485027975246645,0.0001161654317346,2.416297487903011e-05,9.200245685561933e-05,0.8035200238227844,0.7985299825668335,0.0023200511932373,0.0026699900627136,0.5350637250803283,2,1,2,9,Sydney,USD,CHF,True,False,5,-24.63935039880215,93.39989037360175,12.398004378438491,0.001487415270265302,-0.00043665209498933155,0.0023519868662773558,-0.0008480438351472497,0.8017100095748901,0.7985799908638,0.8370498733646906,0.0006099939346313477,0.0008650034666061402,0.7051924739962859,0,7.0020258692606725e-06,sideways,1,2025-09-11 12:47:24.855708,2025-09-13T15:05:02.984977
2025-09-02 03:00:00+01:00,USDCHF,forex,1h,yahoo_finance,0.8011999726295471,0.8015000224113464,0.8010500073432922,0.8012400269508362,0,0.0,0.0,USDCHF=X,USDCHF,USD/CHF,4.999291395080263e-05,4.00543212890625e-05,0.0004500150680541,4.00543212890625e-05,0.400543212890625,4.500150680541992,0.800359050432841,0.8006738018989563,0.8033448356193501,0.00070430194017,0.054772778971534,0.000855004787445,51.66677704925271,77.98390275476349,68.78655709034791,0.0001568948879281,5.0709357488851786e-05,0.0001061855304392,0.8035200238227844,0.7985299825668335,0.0022799968719482,0.0027100443840026,0.5430905768105209,3,1,2,9,Tokyo,USD,CHF,True,False,5,-22.704368107345445,87.20762471039791,12.168748560010991,0.0010370364081990768,7.491684379123953e-05,0.0025024196395531106,-0.0006609687507712625,0.8017100095748901,0.7985799908638,0.8498467046255213,0.0004500150680541992,0.0008550047874450684,0.5263304658198904,0,2.773601246568828e-05,sideways,1,2025-09-11 12:47:24.855708,2025-09-13T15:05:02.984977
2025-09-02 04:00:00+01:00,USDCHF,forex,1h,yahoo_finance,0.8012199997901917,0.8015000224113464,0.8011599779129028,0.8014299869537354,0,0.0,0.0,USDCHF=X,USDCHF,USD/CHF,0.0002370825177344,0.0001899600028991,0.0003400444984436,0.0002099871635437,1.8996000289916992,3.400444984436035,0.8004633358546666,0.8006618010997772,0.8033200004598596,0.0006925241044799,0.053856829782383,0.0008215069770812,58.20362069969149,79.70956069375258,75.12664952427689,0.000202170959104,8.100167781188544e-05,0.0001211692812921,0.8035200238227844,0.7985299825668335,0.002090036869049,0.0029000043869018,0.5811583989297531,4,1,2,9,Tokyo,USD,CHF,True,False,5,-13.527599412594661,89.18811505389462,11.955868157185455,0.0014119515840178565,0.0004118977743532426,0.003166827795923366,-0.000748151489120219,0.8017100095748901,0.7985799908638,0.9105364385961572,0.0003400444984436035,0.0008215069770812988,0.4139277059480794,0,8.39373490590027e-05,sideways,1,2025-09-11 12:47:24.855708,2025-09-13T15:05:02.984977
2025-09-02 05:00:00+01:00,USDCHF,forex,1h,yahoo_finance,0.8014000058174133,0.8015000224113464,0.8010900020599365,0.8013299703598022,0,0.0,0.0,USDCHF=X,USDCHF,USD/CHF,-0.0001247976686189,-0.0001000165939331,0.0004100203514099,7.003545761108398e-05,-1.000165939331055,4.100203514099121,0.8005790483383906,0.8006286001205445,0.8032910990846026,0.000689953224063,0.0536568952701976,0.0007925063371658,61.95427225974348,81.80291207156363,79.8321251733599,0.0002273611901774,0.0001102735802849,0.0001170876098924,0.8035200238227844,0.7985299825668335,0.0021900534629821,0.0027999877929687,0.5611151590439446,5,1,2,9,Tokyo,USD,CHF,True,False,5,-18.359296265369,71.9325696209852,11.623168724780331,0.0013870656537458004,0.00044939565994961406,0.0032676885245388476,-0.002067334489465056,0.8017100095748901,0.7986199855804443,0.8770109177886656,0.0004100203514099121,0.0007925063371658325,0.5173717006178526,0,0.00017036819977356152,sideways,1,2025-09-11 12:47:24.855708,2025-09-13T15:05:02.984977
2025-09-02 06:00:00+01:00,USDCHF,forex,1h,yahoo_finance,0.8013200163841248,0.8018199801445007,0.8008000254631042,0.8016999959945679,0,0.0,0.0,USDCHF=X,USDCHF,USD/CHF,0.0004617643772881,0.0003700256347656,0.0010199546813964,0.0003799796104431,3.70025634765625,10.199546813964844,0.8007209528060186,0.8006045997142792,0.8032668681590112,0.0006799380784775,0.0528780285310411,0.0007990032434463,51.96889813670426,87.53639814689996,83.01629030407206,0.0002740238299436,0.0001430236302167,0.0001310001997269,0.8035200238227844,0.7985299825668335,0.0018200278282165,0.0031700134277343,0.6352679797895341,6,1,2,9,Tokyo,USD,CHF,True,False,5,-5.503909881336468,86.26472800039674,11.834379149587672,0.0006365248303457083,0.0017242686492777715,0.002977547813019843,-0.0014946074092528905,0.8018199801445007,0.7989299893379211,0.9584828610320505,0.0010199546813964844,0.0007990032434463501,1.2765338435887967,0,0.0003727167358836864,sideways,1,2025-09-11 12:47:24.855708,2025-09-13T15:05:02.984977
2025-09-02 07:00:00+01:00,USDCHF,forex,1h,yahoo_finance,0.8017299771308899,0.8018699884414673,0.8009600043296814,0.8015199899673462,0,0.0,0.0,USDCHF=X,USDCHF,USD/CHF,-0.0002245304080341,-0.0001800060272216,0.0009099841117858,0.0002099871635437,-1.8000602722167969,9.099841117858888,0.8008257150650024,0.8005841994285583,0.8032341209741739,0.0006846048220419,0.0532409559904001,0.0008175015449523,54.69604162550221,86.81390486758887,85.38440502868416,0.0002931006443416,0.0001730390330417,0.0001200616112999,0.8035200238227844,0.7985299825668335,0.0020000338554382,0.0029900074005126,0.5991949258830134,7,1,2,9,Tokyo,USD,CHF,True,False,5,-15.695079250527892,85.1532669490824,12.110123576149176,0.0003994225520862482,0.0018874319295547615,0.002727225275339862,-0.0012709824814155501,0.8018699884414673,0.7989299893379211,0.880952863659402,0.0009099841117858887,0.0008175015449523926,1.1131283083249486,0,0.0005868158100106982,sideways,1,2025-09-11 12:47:24.855708,2025-09-13T15:05:02.984977
2025-09-02 08:00:00+01:00,USDCHF,forex,1h,yahoo_finance,0.8015099763870239,0.8036699891090393,0.801110029220581,0.8034399747848511,0,0.0,0.0,USDCHF=X,USDCHF,USD/CHF,0.0023954297354245,0.0019199848175048,0.0025599598884582,0.0019299983978271,19.199848175048828,25.59959888458252,0.8010209514981225,0.8006027984619141,0.8032095602580479,0.0008024643023693,0.0624067567606145,0.0008654981851577,71.42857142857143,91.03114805466676,88.46048368971852,0.0004578678701884,0.000230004800471,0.0002278630697173,0.8036699891090393,0.7985299825668335,0.0002300143241882,0.0049099922180175,0.955250188438569,8,1,2,9,Tokyo,USD,CHF,True,False,5,-5.707566704135361,219.58653745057043,14.388995086199003,0.0027456788977291424,0.003785562674910592,0.0036727035513572925,0.0011588038043108817,0.8036699891090393,0.7996399998664856,0.9429243329586464,0.002559959888458252,0.0008654981851577759,2.9577877023411485,1,0.0009420359824850672,sideways,1,2025-09-11 12:47:24.855708,2025-09-13T15:05:02.984977
2025-09-02 09:00:00+01:00,USDCHF,forex,1h,yahoo_finance,0.8034300208091736,0.8044999837875366,0.8033199906349182,0.8042399883270264,0,0.0,0.0,USDCHF=X,USDCHF,USD/CHF,0.0009957352973251,0.0008000135421752,0.0011799931526184,0.0008099675178527,8.00013542175293,11.799931526184082,0.8011990473383949,0.8006451988220215,0.8031862086647159,0.0008151177250143,0.0633907993739259,0.0008829981088638,76.67220909541729,91.08254517088204,89.64253269771255,0.0006455598781884,0.0003131158160145,0.0003324440621739,0.8044999837875366,0.7985299825668335,0.0002599954605102,0.0057100057601928,0.956449680511182,9,1,2,9,London,USD,CHF,True,False,5,-5.34971853269068,263.1687832953536,17.07678994779537,0.0035062343798388795,0.004923136597043243,0.003969699298868257,0.0026430186054600124,0.8044999837875366,0.7996399998664856,0.9465028146730932,0.0011799931526184082,0.0008829981088638306,1.3363484482845909,1,0.0013811297541572235,sideways,1,2025-09-11 12:47:24.855708,2025-09-13T15:05:02.984977
2025-09-02 10:00:00+01:00,USDCHF,forex,1h,yahoo_finance,0.8042799830436707,0.8057299852371216,0.8040500283241272,0.8050199747085571,0,0.0,0.0,USDCHF=X,USDCHF,USD/CHF,0.0009698428240969,0.0007799863815307,0.0016799569129943,0.0007399916648864,7.799863815307617,16.799569129943848,0.8013876165662494,0.8007077980041504,0.8031692855305724,0.0008105004301633,0.0630317174860416,0.0009004950523376,87.53999085923218,92.42801912931264,91.51390411828714,0.0008474763493283,0.0004199879226773,0.000427488426651,0.8057299852371216,0.7985299825668335,0.0007100105285644,0.0064899921417236,0.9013874631610318,10,1,2,9,London,USD,CHF,True,False,5,-11.65865737523612,224.22378902428648,20.209291546057365,0.004604850043357311,0.005998302926438992,0.005533414271388759,0.0039032274321249005,0.8057299852371216,0.7996399998664856,0.8834134262476389,0.0016799569129943848,0.0009004950523376464,1.8655926077920015,1,0.0019023068498399034,sideways,1,2025-09-11 12:47:24.855708,2025-09-13T15:05:02.984977
2025-09-02 11:00:00+01:00,USDCHF,forex,1h,yahoo_finance,0.8050100207328796,0.8054699897766113,0.8042500019073486,0.8045200109481812,0,0.0,0.0,USDCHF=X,USDCHF,USD/CHF,-0.0006210575837661,-0.0004999637603759,0.0012199878692626,0.0004900097846984,-4.999637603759766,12.199878692626951,0.801574760959262,0.8007893979549408,0.8031485162593506,0.0008164242680761,0.063492407775464,0.0009174942970275,84.96178761863396,87.70778714650443,90.4061171488997,0.0009561320156408,0.00052721674127,0.0004289152743708,0.8057299852371216,0.7985299825668335,0.0012099742889404,0.0059900283813476,0.831948077750919,11,1,2,9,London,USD,CHF,True,False,5,-19.868262652559874,149.9114833085441,23.11804303015779,0.003517543928779565,0.004156307763177658,0.005423770779929393,0.005097193382606724,0.8057299852371216,0.7996399998664856,0.8013173734744012,0.0012199878692626953,0.0009174942970275879,1.3296953160527512,1,0.00221605232541327,sideways,1,2025-09-11 12:47:24.855708,2025-09-13T15:05:02.984977
2025-09-02 12:00:00+01:00,USDCHF,forex,1h,yahoo_finance,0.8045300245285034,0.8052800297737122,0.8039199709892273,0.8040800094604492,0,0.0,0.0,USDCHF=X,USDCHF,USD/CHF,-0.0005469118005074,-0.0004400014877319,0.0013600587844848,0.0004500150680541,-4.400014877319336,13.600587844848633,0.8017604748407999,0.8008575975894928,0.8031222525533739,0.0007609118028316,0.0591752650621207,0.0009054958820343,78.27484547633699,80.05718656443293,86.73099761341666,0.0009952651738084,0.0006208264277776,0.0003744387460307,0.8057299852371216,0.7985299825668335,0.0016499757766723,0.0055500268936157,0.7708367826749231,12,1,2,9,London,USD,CHF,True,False,5,-28.301520278905237,105.13197246538923,25.19081623949193,0.003193955890242073,0.003594654180341328,0.0031564324720732007,0.004258910174589348,0.8057299852371216,0.7996399998664856,0.7290673661339101,0.0013600587844848633,0.0009054958820343018,1.5020043839728272,1,0.0024903244497466812,sideways,1,2025-09-11 12:47:24.855708,2025-09-13T15:05:02.984977
2025-09-02 13:00:00+01:00,USDCHF,forex,1h,yahoo_finance,0.8040800094604492,0.8061000108718872,0.8036999702453613,0.8052099943161011,0,0.0,0.0,USDCHF=X,USDCHF,USD/CHF,0.0014053139517919,0.0011299848556518,0.0024000406265258,0.0011299848556518,11.299848556518556,24.00040626525879,0.8019347616604396,0.8009341979026794,0.8031018130726867,0.0007946843888781,0.0618017215367014,0.0009969979524612,82.68992666433854,79.15838244055391,82.30778538383042,0.0011047242443472,0.0007176059910916,0.0003871182532556,0.8061000108718872,0.7985299825668335,0.0008900165557861,0.0066800117492675,0.8824288998771692,13,1,2,9,London,USD,CHF,True,False,5,-14.355069746873166,107.48369173295866,27.551676160589352,0.0022030513626409842,0.004954779132007259,0.005030067172212771,0.004779275451517906,0.8061000108718872,0.7996399998664856,0.862226774065565,0.002400040626525879,0.0009969979524612426,2.407267357571808,1,0.002890114675392709,sideways,1,2025-09-11 12:47:24.855708,2025-09-13T15:05:02.984977
2025-09-02 14:00:00+01:00,USDCHF,forex,1h,yahoo_finance,0.8051900267601013,0.8054100275039673,0.8035899996757507,0.8037300109863281,0,0.0,0.0,USDCHF=X,USDCHF,USD/CHF,-0.0018380091407459,-0.0014799833297729,0.0018200278282165,0.0014600157737731,-14.799833297729492,18.200278282165527,0.8020561905134291,0.8009589982032775,0.8030764283714714,0.0009202248311466,0.0715648621787705,0.0010760009288787,69.69709132749993,72.57046765241243,77.2620122191331,0.001059831977074,0.000786051188288,0.0002737807887859,0.8061000108718872,0.7985299825668335,0.002369999885559,0.0052000284194946,0.6869232465119209,14,1,2,9,London,USD,CHF,True,False,5,-39.63200701698429,63.79266208910792,29.53940995547377,-0.0006341108973692,0.0028699001410406044,0.0032829800208746818,0.0015452093311509874,0.8061000108718872,0.7996399998664856,0.6331275777119606,0.0018200278282165527,0.0010760009288787841,1.6914742165818206,1,0.0031462207025532755,sideways,1,2025-09-11 12:47:24.855708,2025-09-13T15:05:02.984977
2025-09-02 15:00:00+01:00,USDCHF,forex,1h,yahoo_finance,0.8038399815559387,0.8039699792861938,0.8019199967384338,0.8026400208473206,0,0.0,0.0,USDCHF=X,USDCHF,USD/CHF,-0.001356164537977,-0.0010899901390075,0.00204998254776,0.0011999607086181,-10.899901390075684,20.499825477600098,0.8021295240947178,0.800955798625946,0.8030500549536485,0.0009793484344514,0.0761628390848617,0.0011689990758895,58.02887185884868,60.24330428530295,70.65738479275643,0.0009256313351919,0.0008139672176688,0.000111664117523,0.8061000108718872,0.7985299825668335,0.0034599900245666,0.004110038280487,0.5429356555699033,15,1,2,9,London,USD,CHF,True,False,5,-65.28301038023369,-4.11782683542747,28.85113016396153,-0.002956391066070374,0.0016348452397583202,0.0020849755920633317,-0.0001992761168836399,0.8061000108718872,0.7996399998664856,0.46439874147682714,0.0020499825477600098,0.0011689990758895874,1.7536220430285712,1,0.0033137888666018613,sideways,1,2025-09-11 12:47:24.855708,2025-09-13T15:05:02.984977
2025-09-02 16:00:00+01:00,USDCHF,forex,1h,yahoo_finance,0.8026700019836426,0.8034300208091736,0.8023499846458435,0.8033300042152405,0,0.0,0.0,USDCHF=X,USDCHF,USD/CHF,0.0008596423676849,0.0006899833679199,0.00108003616333,0.0006600022315979,6.899833679199219,10.80036163330078,0.8022419043949672,0.8009739983081817,0.803021428676752,0.0009683015575486,0.0753037357480506,0.0011820018291473,60.96828846083017,47.60685405840062,60.14020866537201,0.0008649812851732,0.0008241700311697,4.081125400346895e-05,0.8061000108718872,0.7985299825668335,0.0027700066566467,0.0048000216484069,0.6340823911057919,16,1,2,9,NewYork,USD,CHF,True,False,5,-52.264420427580156,-1.1203862378428597,28.212013214700164,-0.0014791511917001676,0.0020331897577852143,0.0037609641724203335,0.0011340496111607035,0.8061000108718872,0.7996399998664856,0.5712071304010851,0.0010800361633300781,0.001182001829147339,0.9137347647838956,1,0.0034944948948036013,sideways,1,2025-09-11 12:47:24.855708,2025-09-13T15:05:02.984977
2025-09-02 17:00:00+01:00,USDCHF,forex,1h,yahoo_finance,0.8033599853515625,0.8041099905967712,0.8032400012016296,0.8039100170135498,0,0.0,0.0,USDCHF=X,USDCHF,USD/CHF,0.0007220106248564,0.0005800127983093,0.0008699893951416,0.0005500316619873,5.800127983093262,8.699893951416016,0.8024128561928159,0.8010341989994049,0.8029952199904473,0.0009653688934713,0.075075665722758,0.0011869996786117,63.0244526502486,47.04393886570925,51.63136573647094,0.0008538749303493,0.0008301110110056,2.3763919343719204e-05,0.8061000108718872,0.7985299825668335,0.0021899938583374,0.0053800344467163,0.7107020251330667,17,1,2,9,NewYork,USD,CHF,True,False,5,-41.32075259505842,28.481723516155732,28.175354296301006,-0.00021141235312327478,0.002981868295388379,0.004874928298373549,0.0037583151793065817,0.8061000108718872,0.7996399998664856,0.6609922403373285,0.0008699893951416016,0.0011869996786117553,0.7329314496184951,1,0.0037174462277332096,sideways,1,2025-09-11 12:47:24.855708,2025-09-13T15:05:02.984977
2025-09-02 18:00:00+01:00,USDCHF,forex,1h,yahoo_finance,0.8039100170135498,0.8044400215148926,0.8036400079727173,0.8044300079345703,0,0.0,0.0,USDCHF=X,USDCHF,USD/CHF,0.0006468272692412,0.0005199909210205,0.0008000135421752,0.0005199909210205,5.199909210205078,8.00013542175293,0.8026233315467834,0.8011425995826721,0.802971044084528,0.0009679769064068,0.0752784879896381,0.0011640012264251,64.17786841838401,58.30175028209194,50.98418106873394,0.0008769233590975,0.000839473480624,3.744987847346991e-05,0.8061000108718872,0.7985299825668335,0.0016700029373168,0.0059000253677368,0.7793927750307077,18,1,2,9,NewYork,USD,CHF,True,False,5,-31.50957613108559,43.85660271670614,28.391312086774633,-0.0009686744911719947,0.0012322428318112255,0.005022470239192334,0.0067834311302295,0.8061000108718872,0.7998999953269958,0.7306453628663994,0.000800013542175293,0.001164001226425171,0.6872961333831745,0,0.0037052133972236938,sideways,1,2025-09-11 12:47:24.855708,2025-09-13T15:05:02.984977
2025-09-02 19:00:00+01:00,USDCHF,forex,1h,yahoo_finance,0.8044300079345703,0.8054100275039673,0.8041999936103821,0.805079996585846,0,0.0,0.0,USDCHF=X,USDCHF,USD/CHF,0.0008080114427164,0.0006499886512756,0.0012100338935852,0.0006499886512756,6.499886512756348,12.10033893585205,0.802845713638124,0.8012507998943329,0.8029452749006041,0.0009710922784156,0.0755207670076559,0.0011880040168762,66.84660657958861,69.3080219075788,58.21790368512666,0.0009368387628155,0.0008589465370623,7.78922257532403e-05,0.8061000108718872,0.7985799908638,0.0010200142860412,0.0065000057220458,0.8643601632782467,19,1,2,9,NewYork,USD,CHF,True,False,5,-19.245605551119557,80.7519783516753,29.244792580309255,0.0016796506053831095,0.0010444746232614044,0.005972753311547008,0.006765310329961416,0.8061000108718872,0.7998999953269958,0.8354819792537902,0.001210033893585205,0.0011880040168762208,1.0185436045636533,0,0.0036745109117766873,sideways,1,2025-09-11 12:47:24.855708,2025-09-13T15:05:02.984977
2025-09-02 20:00:00+01:00,USDCHF,forex,1h,yahoo_finance,0.8051000237464905,0.8052999973297119,0.8046200275421143,0.8047000169754028,0,0.0,0.0,USDCHF=X,USDCHF,USD/CHF,-0.0004719774582084,-0.0003799796104431,0.0006799697875976,0.0004000067710876,-3.799796104431152,6.7996978759765625,0.8030552381560916,0.8013595998287201,0.8029208245513203,0.0009826158740354,0.0764169442291562,0.0011915028095245,63.46524270182347,74.00253921507137,67.2041038015807,0.0009427930416726,0.0008757158379844,6.70772036882553e-05,0.8061000108718872,0.7985799908638,0.0013999938964843,0.0061200261116027,0.813831094202037,20,1,2,9,NewYork,USD,CHF,True,False,5,-27.237200672580737,74.35472554231822,30.03731018144855,0.002566525558877153,-0.00039745316042638645,0.005598465721557089,0.00680629154654544,0.8061000108718872,0.8001199960708618,0.7658878877282513,0.0006799697875976562,0.001191502809524536,0.5706824878314766,0,0.003498315987202338,sideways,1,2025-09-11 12:47:24.855708,2025-09-13T15:05:02.984977
2025-09-02 21:00:00+01:00,USDCHF,forex,1h,yahoo_finance,0.8047000169754028,0.804889976978302,0.8039399981498718,0.8042100071907043,0,0.0,0.0,USDCHF=X,USDCHF,USD/CHF,-0.0006089347264341,-0.0004900097846984,0.0009499788284301,0.0004900097846984,-4.900097846984863,9.499788284301758,0.8032452378954206,0.8014486002922058,0.8028894508932973,0.000976008762025,0.0759031164727036,0.0011800020933151,61.74692993643836,71.88040974288388,71.73032362184468,0.0008976248950841,0.0008800976494043,1.752724567980141e-05,0.8061000108718872,0.7985799908638,0.0018900036811828,0.0056300163269042,0.7486703919470534,21,1,2,9,Sydney,USD,CHF,True,False,5,-37.87596454764806,21.693802753227448,29.795900424434745,0.0010954439282067074,-0.00038532759068532485,0.0037693786324357603,0.005564198338528614,0.8061000108718872,0.8008000254631042,0.643394550096155,0.0009499788284301758,0.0011800020933151246,0.8050653755717363,0,0.0033481975754492033,sideways,1,2025-09-11 12:47:24.855708,2025-09-13T15:05:02.984977
2025-09-02 22:00:00+01:00,USDCHF,forex,1h,yahoo_finance,0.8042399883270264,0.8044999837875366,0.8029999732971191,0.8039399981498718,0,0.0,0.0,USDCHF=X,USDCHF,USD/CHF,-0.000335744442892,-0.0002700090408325,0.0015000104904174,0.0002999901771545,-2.7000904083251958,15.000104904174805,0.8033761892999921,0.8015274000167847,0.802854231098196,0.0009824002924628,0.0764001786899023,0.0012245029211044,52.55116625612019,61.07068800006928,68.98454565267484,0.0008304682197695,0.0008701717634773,-3.970354370787894e-05,0.8061000108718872,0.7985799908638,0.0021600127220153,0.0053600072860717,0.712765029921135,22,1,2,9,Sydney,USD,CHF,True,False,5,-51.67477077956338,-51.60636446298224,28.425100630210636,3.72941444781727e-05,-0.00017412609308786742,0.0034199021641649896,0.0049249827127906265,0.8061000108718872,0.8008000254631042,0.5924493077969838,0.0015000104904174805,0.0012245029211044312,1.2249954365682993,0,0.003232088391057617,sideways,1,2025-09-11 12:47:24.855708,2025-09-13T15:05:02.984977
2025-09-02 23:00:00+01:00,USDCHF,forex,1h,yahoo_finance,0.803659975528717,0.8050000071525574,0.8035799860954285,0.8048999905586243,0,0.0,0.0,USDCHF=X,USDCHF,USD/CHF,0.0011941095242948,0.0009599924087524,0.0014200210571289,0.0012400150299072,9.599924087524414,14.200210571289062,0.8035523806299482,0.8016235995292663,0.802826538845733,0.0010079513677784,0.0783872574141301,0.0012730032205581,53.31330528608789,60.58024726926089,64.51044833740468,0.0008449691566767,0.0008651312421172,-2.0162085440505583e-05,0.8061000108718872,0.7985799908638,0.0012000203132629,0.0063199996948242,0.8404232552609677,23,1,2,9,Sydney,USD,CHF,True,False,5,-28.708522865005918,30.178950818855125,27.58443487777181,0.0005842430285025735,-0.0003849974039878967,0.004567874150916085,0.006011793091153628,0.8061000108718872,0.8008000254631042,0.7735804496226903,0.0014200210571289062,0.0012730032205581665,1.1154889745732752,0,0.003073022697842391,sideways,1,2025-09-11 12:47:24.855708,2025-09-13T15:05:02.984977
2025-09-03 00:00:00+01:00,USDCHF,forex,1h,yahoo_finance,0.8049399852752686,0.805400013923645,0.8048800230026245,0.8053100109100342,0,0.0,0.0,USDCHF=X,USDCHF,USD/CHF,0.0005094053375815,0.0004100203514099,0.0005199909210205,0.0003700256347656,4.100203514099121,5.199909210205078,0.80374618938991,0.8017276000976562,0.8028002751397563,0.0010099125446425,0.0785397759587735,0.001282000541687,51.51219451557567,66.90574987998309,62.85222838310441,0.0008794091876231,0.0008679868312184,1.1422356404744774e-05,0.8061000108718872,0.7985799908638,0.000789999961853,0.0067300200462341,0.8949470930923791,0,2,3,9,Sydney,USD,CHF,True,False,5,-18.89945671548147,113.63172379059604,27.131845687725864,0.00028570368803548796,0.0019658341757913256,0.0048413760646104365,0.006499142034584127,0.8061000108718872,0.8008000254631042,0.8509429930611005,0.0005199909210205078,0.0012820005416870118,0.4056089713786241,0,0.003139977892932177,sideways,1,2025-09-11 12:47:24.855708,2025-09-13T15:05:02.984977
2025-09-03 01:00:00+01:00,USDCHF,forex,1h,yahoo_finance,0.8053100109100342,0.805649995803833,0.8051599860191345,0.8055899739265442,0,0.0,0.0,USDCHF=X,USDCHF,USD/CHF,0.0003476462638203,0.00027996301651,0.0004900097846984,0.00027996301651,2.7996301651000977,4.900097846984863,0.8039442840076628,0.8018383991718292,0.8027789013071375,0.0010064007181103,0.0782666651131792,0.0012860000133514,55.70956927754913,80.0634069595555,69.18313470293316,0.0009187035928143,0.0008781301835376,4.0573409276696646e-05,0.8061000108718872,0.7985799908638,0.000510036945343,0.0070099830627441,0.932176118574882,1,2,3,9,Sydney,USD,CHF,True,False,5,-12.201799540846155,129.97162404961531,26.9127292409737,0.0011059487167484061,0.00367531272127386,0.005316166528539057,0.006924509178988458,0.8061000108718872,0.8008000254631042,0.9037663491492257,0.0004900097846984863,0.0012860000133514404,0.38103404324349377,0,0.00336926140853315,sideways,1,2025-09-11 12:47:24.855708,2025-09-13T15:05:02.984977
2025-09-03 02:00:00+01:00,USDCHF,forex,1h,yahoo_finance,0.8055899739265442,0.805869996547699,0.8052099943161011,0.8055300116539001,0,0.0,0.0,USDCHF=X,USDCHF,USD/CHF,-7.443274442919812e-05,-5.996227264404297e-05,0.0006600022315979,5.996227264404297e-05,-0.5996227264404297,6.600022315979004,0.8041442859740484,0.801936399936676,0.8027579673043974,0.0010080411976123,0.0783942433804583,0.0012680023908615,58.06464445549478,85.08748164097592,77.35221282683817,0.0009342369358977,0.0008893515340096,4.488540188812742e-05,0.8061000108718872,0.7985799908638,0.000569999217987,0.0069500207901,0.924202433321444,2,2,3,9,Sydney,USD,CHF,True,False,5,-13.636298820744628,114.03884815832943,26.88705949693776,0.001641367865847565,0.0027386098205168796,0.004777367691739753,0.006120228326527144,0.8061000108718872,0.8009600043296814,0.8891053516553603,0.0006600022315979004,0.0012680023908615112,0.5205055103638085,0,0.003520981406320737,sideways,1,2025-09-11 12:47:24.855708,2025-09-13T15:05:02.984977
2025-09-03 03:00:00+01:00,USDCHF,forex,1h,yahoo_finance,0.8055300116539001,0.8056300282478333,0.8050600290298462,0.8055199980735779,0,0.0,0.0,USDCHF=X,USDCHF,USD/CHF,-1.243104561887698e-05,-1.0013580322265623e-05,0.000569999217987,1.0013580322265623e-05,-0.1001358032226562,5.6999921798706055,0.8043261908349537,0.8020332002639771,0.802735549735499,0.0010040177770944,0.0780813464392917,0.0012510031461715,51.96955352747378,88.43372678224124,84.52820512759088,0.0009349615551437,0.0008984735382364,3.6488016907253694e-05,0.8061000108718872,0.7985799908638,0.0005800127983093,0.0069400072097778,0.922870843736377,3,2,3,9,Tokyo,USD,CHF,True,False,5,-8.860721291685529,93.67502733758388,26.65081450248928,0.0019653207047070076,0.0020026881441395084,0.0049905281918105615,0.006044882444448563,0.8061000108718872,0.801110029220581,0.8837645428701115,0.0005699992179870605,0.0012510031461715697,0.4556337206116727,0,0.003600600238219631,sideways,1,2025-09-11 12:47:24.855708,2025-09-13T15:05:02.984977
2025-09-03 04:00:00+01:00,USDCHF,forex,1h,yahoo_finance,0.8055199980735779,0.8058099746704102,0.8053900003433228,0.8057199716567993,0,0.0,0.0,USDCHF=X,USDCHF,USD/CHF,0.0002482540268393,0.0001999735832214,0.0004199743270874,0.0001999735832214,1.9997358322143557,4.199743270874023,0.8045261899630228,0.8021314001083374,0.8027181320793026,0.000868061620436,0.0675081872674312,0.001144003868103,65.09858900144718,91.23496040012702,88.25205627444807,0.0009408267528709,0.0009069441811633,3.3882571707621184e-05,0.8061000108718872,0.7985799908638,0.0003800392150878,0.0071399807929992,0.9494630047953078,4,2,3,9,Tokyo,USD,CHF,True,False,5,-3.798098687188773,97.81933340360395,26.592306471042598,0.0010187366229261752,0.0016035748411984407,0.0028377936666130754,0.006131282506567359,0.8061000108718872,0.8019199967384338,0.9090818349042479,0.00041997432708740234,0.0011440038681030274,0.36710918450284474,0,0.0036385528099247434,sideways,1,2025-09-11 12:47:24.855708,2025-09-13T15:05:02.984977
2025-09-03 05:00:00+01:00,USDCHF,forex,1h,yahoo_finance,0.8057100176811218,0.805899977684021,0.8051499724388123,0.8051699995994568,0,0.0,0.0,USDCHF=X,USDCHF,USD/CHF,-0.000682584615858,-0.0005499720573425,0.0007500052452087,0.000540018081665,-5.499720573425293,7.500052452087402,0.8046085720970517,0.8022441995143891,0.8027009891939687,0.0008622955003834,0.0670597625206663,0.0011225044727325,70.90935960591133,88.92612558347311,89.53160425528046,0.0008908279060274,0.0009037209261361,-1.2893020108731236e-05,0.8061000108718872,0.7985799908638,0.0009300112724304,0.0065900087356567,0.8763286172868863,5,2,3,9,Tokyo,USD,CHF,True,False,5,-20.562803270706357,68.70379162993576,26.17294462411606,-0.0001738601391769734,0.00011179387637572091,0.0011563852655038787,0.007054106907706359,0.8061000108718872,0.8019199967384338,0.7775100172539178,0.0007500052452087402,0.001122504472732544,0.6681534581176158,0,0.0035086552907534836,sideways,1,2025-09-11 12:47:24.855708,2025-09-13T15:05:02.984977
2025-09-03 06:00:00+01:00,USDCHF,forex,1h,yahoo_finance,0.8051699995994568,0.8055499792098999,0.8049799799919128,0.8052700161933899,0,0.0,0.0,USDCHF=X,USDCHF,USD/CHF,0.0001242179837586,0.0001000165939331,0.000569999217987,0.0001000165939331,1.000165939331055,5.6999921798706055,0.804657621043069,0.8023583996295929,0.8026856596653278,0.0008355561833575,0.0649802755595,0.0010670065879821,67.76598764219122,84.63877362697532,88.2666198701918,0.0008494816670646,0.0008928730743218,-4.3391407257218446e-05,0.8061000108718872,0.7985799908638,0.0008299946784973,0.0066900253295898,0.8896286608805929,6,2,3,9,Tokyo,USD,CHF,True,False,5,-21.722777161178936,47.909631233937176,25.52445963341688,-0.00039717194045352233,0.0007083375244969492,0.0003106028330828181,0.007141434896299037,0.8061000108718872,0.8019199967384338,0.8014373511671349,0.0005699992179870605,0.0010670065879821778,0.5342040287351827,0,0.003436865823266068,sideways,1,2025-09-11 12:47:24.855708,2025-09-13T15:05:02.984977
2025-09-03 07:00:00+01:00,USDCHF,forex,1h,yahoo_finance,0.8052499890327454,0.8055199980735779,0.8044800162315369,0.8049399852752686,0,0.0,0.0,USDCHF=X,USDCHF,USD/CHF,-0.0004098388260889,-0.0003300309181213,0.001039981842041,0.0003100037574768,-3.300309181213379,10.399818420410156,0.8046538120224362,0.8024653995037079,0.8026650001059522,0.000828386306583,0.0644226822129187,0.001058006286621,59.8846787479407,74.87042771178152,82.8117756407433,0.0007810799346134,0.0008705144463801,-8.943451176678455e-05,0.8061000108718872,0.7985799908638,0.0011600255966186,0.0063599944114685,0.8457416874727539,7,2,3,9,Tokyo,USD,CHF,True,False,5,-33.10313643277017,2.404939326769967,24.195526354408095,-0.0007324697653662282,0.000907695848145762,0.0005220184972061226,0.0066909212998627066,0.8061000108718872,0.8019199967384338,0.7224828530279913,0.0010399818420410156,0.0010580062866210938,0.982963764196863,0,0.00339403555308829,sideways,1,2025-09-11 12:47:24.855708,2025-09-13T15:05:02.984977
2025-09-03 08:00:00+01:00,USDCHF,forex,1h,yahoo_finance,0.8049200177192688,0.8067899942398071,0.8048999905586243,0.8052700161933899,0,0.0,0.0,USDCHF=X,USDCHF,USD/CHF,0.0004100068628203,0.0003300309181213,0.0018900036811828,0.000349998474121,3.300309181213379,18.900036811828613,0.8046895265579224,0.8025844001770019,0.802685769377174,0.0008211320024191,0.0638585230421173,0.0010845035314559,58.3666781444058,68.35644878964526,75.95521670946736,0.0007449148905814,0.0008453945352204,-0.0001004796446389,0.8067899942398071,0.7985799908638,0.0015199780464172,0.0066900253295898,0.8148626770533102,8,2,3,9,Tokyo,USD,CHF,True,False,5,-40.104740037115086,90.39922975598752,24.238401734023977,-0.000310336032358971,0.0016543747625181737,0.0014799605996165255,0.007443869532549607,0.8067899942398071,0.8019199967384338,0.6878893580564225,0.0018900036811828613,0.0010845035314559937,1.7427363087010406,1,0.0034109773707198827,sideways,1,2025-09-11 12:47:24.855708,2025-09-13T15:05:02.984977
2025-09-03 09:00:00+01:00,USDCHF,forex,1h,yahoo_finance,0.8052600026130676,0.8053100109100342,0.8039399981498718,0.8041099905967712,0,0.0,0.0,USDCHF=X,USDCHF,USD/CHF,-0.0014405423935963,-0.0011600255966186,0.0013700127601623,0.0011500120162963,-11.600255966186523,13.700127601623535,0.8046909542310805,0.8026818001270294,0.8026996153396565,0.0008249054413107,0.0641519791900889,0.0010330021381378,41.22960184526504,52.02667236386352,65.0845162884301,0.0006155537413607,0.0007994263764485,-0.0001838726350877,0.8067899942398071,0.7985799908638,0.0026800036430358,0.0055299997329711,0.673568509013293,9,2,3,9,London,USD,CHF,True,False,5,-70.7121064385242,-83.49095287571579,23.073020786635233,-0.0019981893420334407,-0.0009814883477694547,-0.001366107881291434,0.006093285550579308,0.8067899942398071,0.8019199967384338,0.4496909613854721,0.0013700127601623535,0.0010330021381378175,1.326243876544207,1,0.003190800240491874,sideways,1,2025-09-11 12:47:24.855708,2025-09-13T15:05:02.984977
2025-09-03 10:00:00+01:00,USDCHF,forex,1h,yahoo_finance,0.8041099905967712,0.8044000267982483,0.8030700087547302,0.8035100102424622,0,0.0,0.0,USDCHF=X,USDCHF,USD/CHF,-0.0007461421463794,-0.000599980354309,0.001330018043518,0.000599980354309,-5.99980354309082,13.300180435180664,0.8046100026085263,0.8027740001678467,0.8027118133319603,0.0007325623438954,0.0569705591544507,0.0010085016489028,39.65211622386467,34.21350611769886,51.53220909040255,0.0004593258754869,0.0007314062762561,-0.0002720804007692,0.8067899942398071,0.7985799908638,0.0032799839973449,0.0049300193786621,0.6004893241663702,10,2,3,9,London,USD,CHF,True,False,5,-86.54263517126411,-151.0414361751646,21.757630341655155,-0.0020616631988529255,-0.0022351648969791693,-0.0002737246847308583,0.00577043684257883,0.8067899942398071,0.8019199967384338,0.32649164677804293,0.0013300180435180664,0.001008501648902893,1.3188060177838457,1,0.0028513593773972935,sideways,1,2025-09-11 12:47:24.855708,2025-09-13T15:05:02.984977
2025-09-03 11:00:00+01:00,USDCHF,forex,1h,yahoo_finance,0.8035100102424622,0.8045499920845032,0.8033900260925293,0.8044899702072144,0,0.0,0.0,USDCHF=X,USDCHF,USD/CHF,0.0012195989499328,0.0009799599647521,0.0011599659919738,0.0009799599647521,9.799599647521973,11.59965991973877,0.8046461911428542,0.8028893995285035,0.8027341758811867,0.0007101525563748,0.0552277748901192,0.0009640008211135,52.24331114061649,27.35298126421959,37.86438658192733,0.0004098640874405,0.000667097838493,-0.0002572337510524,0.8067899942398071,0.7986199855804443,0.0023000240325927,0.00586998462677,0.718479608958926,11,2,3,9,London,USD,CHF,True,False,5,-60.68631459755292,-89.85999469077822,20.377855075193793,-0.0009686763079331806,-0.001365463517337795,0.002304830698500293,0.007224018450932901,0.8067899942398071,0.8023499846458435,0.4819776885798284,0.001159965991973877,0.0009640008211135864,1.2032831991096409,1,0.0025702138326044,sideways,1,2025-09-11 12:47:24.855708,2025-09-13T15:05:02.984977
2025-09-03 12:00:00+01:00,USDCHF,forex,1h,yahoo_finance,0.8044999837875366,0.8050400018692017,0.8041499853134155,0.8044700026512146,0,0.0,0.0,USDCHF=X,USDCHF,USD/CHF,-2.4820142872195028e-05,-1.996755599975586e-05,0.0008900165557861,2.9981136322021484e-05,-0.1996755599975586,8.900165557861328,0.8047333331335158,0.802992399930954,0.8027530220838693,0.0006885755052014,0.0535497516058262,0.0009544998407363,54.42414472505821,30.13514720149952,30.56721152780599,0.0003648483050175,0.0006066479317979,-0.0002417996267803,0.8067899942398071,0.7989299893379211,0.0023199915885925,0.0055400133132934,0.7048358598305895,12,2,3,9,London,USD,CHF,True,False,5,-62.3656086266844,-55.710918047322,19.255498631401714,-0.0005838728758060796,-0.0013159149719439434,0.001419091070907763,0.006443001845438445,0.8067899942398071,0.8029999732971191,0.38786839870411727,0.0008900165557861328,0.0009544998407363892,0.9324428541543726,1,0.0023096060911161932,sideways,1,2025-09-11 12:47:24.855708,2025-09-13T15:05:02.984977
2025-09-03 13:00:00+01:00,USDCHF,forex,1h,yahoo_finance,0.8044899702072144,0.8054699897766113,0.8041599988937378,0.8051599860191345,0,0.0,0.0,USDCHF=X,USDCHF,USD/CHF,0.0008576868816065,0.0006899833679199,0.0013099908828735,0.0006700158119201,6.899833679199219,13.099908828735352,0.8048204751241774,0.8031087994575501,0.8027743955889901,0.0006959542294212,0.0541235867860698,0.0009764999151229,52.27272727272727,44.3768268395642,33.9549851017611,0.0003804631224404,0.0005614109699264,-0.000180947847486,0.8067899942398071,0.7989299893379211,0.0016300082206726,0.0062299966812133,0.7926199485853385,13,2,3,9,London,USD,CHF,True,False,5,-43.817596257070065,-12.43627369240967,18.632217964524056,-0.0001366376147661219,-0.0004469312435498862,0.0015548618366869604,0.007280977130202038,0.8067899942398071,0.8029999732971191,0.5699210518038562,0.0013099908828735352,0.0009764999151229859,1.3415166377239751,1,0.0021195078513767843,sideways,1,2025-09-11 12:47:24.855708,2025-09-13T15:05:02.984977
2025-09-03 14:00:00+01:00,USDCHF,forex,1h,yahoo_finance,0.8051699995994568,0.8055700063705444,0.804419994354248,0.8044999837875366,0,0.0,0.0,USDCHF=X,USDCHF,USD/CHF,-0.000819715637958,-0.0006600022315979,0.0011500120162963,0.0006700158119201,-6.600022315979004,11.500120162963867,0.8048485687800816,0.8031887996196747,0.8027943955672966,0.0007099754641132,0.0552140026217984,0.000993999838829,43.215719163721324,44.08571138634749,39.53256180913707,0.0003357114410065,0.0005162710641424,-0.0001805596231359,0.8067899942398071,0.7996399998664856,0.0022900104522705,0.004859983921051,0.6797185658194186,14,2,3,9,London,USD,CHF,True,False,5,-61.55966095720306,-22.50486273688982,18.150442181709693,0.00048499980764571404,-0.0015141586558342635,8.698811863805389e-05,0.004996887230168001,0.8067899942398071,0.8029999732971191,0.39577894505079736,0.0011500120162963867,0.0009939998388290405,1.1569539263216913,1,0.0018678005191550262,sideways,1,2025-09-11 12:47:24.855708,2025-09-13T15:05:02.984977
2025-09-03 15:00:00+01:00,USDCHF,forex,1h,yahoo_finance,0.8045300245285034,0.8045600056648254,0.8027700185775757,0.8034899830818176,0,0.0,0.0,USDCHF=X,USDCHF,USD/CHF,-0.0012554390628622,-0.0010100007057189,0.0017899870872497,0.0010400414466857,-10.10000705718994,17.89987087249756,0.8048038056918553,0.8032373988628387,0.8028004942359505,0.0007365112750159,0.0572776631379876,0.0010229974985122,34.328238706118896,37.51080533203133,41.99111451931434,0.0002162539540593,0.0004562676421258,-0.0002400136880665,0.8067899942398071,0.7996399998664856,0.0033000111579895,0.003849983215332,0.5384596146952658,15,2,3,9,London,USD,CHF,True,False,5,-82.09032678963287,-149.27793842346955,17.70204902520884,-2.4924593831077146e-05,-0.0020865364065661973,-0.001974975792183642,0.003033433319267864,0.8067899942398071,0.8027700185775757,0.1790967321036712,0.0017899870872497559,0.001022997498512268,1.749747276853473,1,0.0015980276364103878,sideways,1,2025-09-11 12:47:24.855708,2025-09-13T15:05:02.984977
2025-09-03 16:00:00+01:00,USDCHF,forex,1h,yahoo_finance,0.8034899830818176,0.8035500049591064,0.8026800155639648,0.8031899929046631,0,0.0,0.0,USDCHF=X,USDCHF,USD/CHF,-0.0003733589509155,-0.0002999901771545,0.0008699893951416,0.0002999901771545,-2.99990177154541,8.699893951416016,0.8047138055165609,0.8032893991470337,0.8028018127430926,0.0007342063598947,0.0570984124512003,0.0010324984788894,33.14094801302036,22.919428144872786,34.83864828775054,9.626663301376404e-05,0.0003842674403034,-0.0002880008072896,0.8067899942398071,0.7996399998664856,0.003600001335144,0.0035499930381774,0.4965029135440199,16,2,3,9,NewYork,USD,CHF,True,False,5,-87.5917278185457,-157.76854261497837,17.363242914714153,-0.0016159024359451157,-0.0025830134574726937,-0.0018765055783339646,0.003247622726911592,0.8067899942398071,0.8026800155639648,0.12408272181454302,0.0008699893951416016,0.0010324984788894654,0.8426059824101094,1,0.0012742517827330048,sideways,1,2025-09-11 12:47:24.855708,2025-09-13T15:05:02.984977
2025-09-03 17:00:00+01:00,USDCHF,forex,1h,yahoo_finance,0.8031700253486633,0.8037999868392944,0.8030999898910522,0.8032199740409851,0,0.0,0.0,USDCHF=X,USDCHF,USD/CHF,3.732757702024081e-05,2.9981136322021484e-05,0.0006999969482421,4.9948692321777344e-05,0.2998113632202148,6.999969482421875,0.8046433272815886,0.8033501982688904,0.8028010984698495,0.0007244917795565,0.0563429203372102,0.00101999938488,33.47663743491367,14.485229798356656,24.971821091753597,3.554074601841428e-06,0.0003081247671631,-0.0003045706925612,0.8067899942398071,0.7996399998664856,0.003570020198822,0.0035799741744995,0.50069608276299,17,2,3,9,NewYork,USD,CHF,True,False,5,-86.86225599675146,-111.7212861965966,16.76184915313591,-0.0015538536006437509,-0.0021368192234794137,-0.0012310629572711562,0.00379909023550673,0.8067899942398071,0.8026800155639648,0.13137744003248542,0.0006999969482421875,0.001019999384880066,0.686271931746797,1,0.000984368592094112,sideways,1,2025-09-11 12:47:24.855708,2025-09-13T15:05:02.984977
2025-09-03 18:00:00+01:00,USDCHF,forex,1h,yahoo_finance,0.8032100200653076,0.8041999936103821,0.8030700087547302,0.8040199875831604,0,0.0,0.0,USDCHF=X,USDCHF,USD/CHF,0.0009960080277267,0.0008000135421752,0.0011299848556518,0.0008099675178527,8.00013542175293,11.299848556518556,0.8046342787288484,0.8033995985984802,0.8028047248557374,0.000758353021634,0.0589762714927709,0.0010014981031417,38.756652343596,19.38297028937166,18.929209410867035,-5.30572790757855e-06,0.0002454386681489,-0.0002507443960565,0.8067899942398071,0.7996399998664856,0.0027700066566467,0.0043799877166748,0.6125861767133223,18,2,3,9,NewYork,USD,CHF,True,False,5,-67.39710531658787,-63.247944417857994,15.75428543373327,-0.0014158657357160598,-0.001552309889965242,9.949677024745363e-05,0.0030815502071457335,0.8067899942398071,0.8026800155639648,0.3260289468341213,0.0011299848556518555,0.0010014981031417846,1.1282945540355964,0,0.00076722656333296,sideways,1,2025-09-11 12:47:24.855708,2025-09-13T15:05:02.984977
2025-09-03 19:00:00+01:00,USDCHF,forex,1h,yahoo_finance,0.8040199875831604,0.8042500019073486,0.8036199808120728,0.8040300011634827,0,0.0,0.0,USDCHF=X,USDCHF,USD/CHF,1.245439227504086e-05,1.0013580322265623e-05,0.0006300210952758,1.0013580322265623e-05,0.1001358032226562,6.300210952758789,0.8046385645866394,0.803456598520279,0.8028123074180478,0.000705009558742,0.0548278096812712,0.0009619981050491,41.88034913734547,26.19572468602257,20.021308257916967,-1.1387900356041314e-05,0.0001940733544479,-0.000205461254804,0.8067899942398071,0.7996399998664856,0.0027599930763244,0.004390001296997,0.6139866785598173,19,2,3,9,NewYork,USD,CHF,True,False,5,-67.15346462859299,-35.404731201741555,14.762151506176352,-0.0005841922107211461,-9.947573618529493e-05,-0.0010808664496787523,0.003557248148839731,0.8067899942398071,0.8026800155639648,0.32846535371407026,0.0006300210952758789,0.0009619981050491333,0.6549088734885825,0,0.0006862730966471739,sideways,1,2025-09-11 12:47:24.855708,2025-09-13T15:05:02.984977
2025-09-03 20:00:00+01:00,USDCHF,forex,1h,yahoo_finance,0.8040599822998047,0.8044000267982483,0.8039600253105164,0.8043100237846375,0,0.0,0.0,USDCHF=X,USDCHF,USD/CHF,0.0003482738464355,0.0002800226211547,0.0004400014877319,0.0002500414848327,2.800226211547852,4.400014877319336,0.8046104709307352,0.8035207986831665,0.8028200000197023,0.0006991304663628,0.0543705992022537,0.0009579986333847,43.33338852279877,35.03640107898019,26.87169868479148,6.314628334558314e-06,0.0001565216092252,-0.0001502069808907,0.8067899942398071,0.7996399998664856,0.0024799704551696,0.0046700239181518,0.653150712338588,20,2,3,9,NewYork,USD,CHF,True,False,5,-60.34022681787859,-1.2484046873100816,13.75139048230558,0.0010205985389817318,0.0009956485071467291,-0.0012417418284254023,0.00400700047648006,0.8067899942398071,0.8026800155639648,0.39659773182121416,0.0004400014877319336,0.0009579986333847045,0.45929239604169847,0,0.0007058832081853917,sideways,1,2025-09-11 12:47:24.855708,2025-09-13T15:05:02.984977
2025-09-03 21:00:00+01:00,USDCHF,forex,1h,yahoo_finance,0.8042899966239929,0.8044999837875366,0.8029800057411194,0.8038700222969055,0,0.0,0.0,USDCHF=X,USDCHF,USD/CHF,-0.000547054586814,-0.0004400014877319,0.0015199780464172,0.0004199743270874,-4.400014877319336,15.199780464172363,0.8045419000443959,0.8035787987709045,0.8028231869032095,0.0007001699892714,0.0544514417433056,0.0010094970464706,42.68148498462994,33.82013129525964,31.68408568675413,-1.498766448571054e-05,0.000122219754483,-0.0001372074189688,0.8067899942398071,0.7996399998664856,0.0029199719429016,0.0042300224304199,0.5916119942979567,21,2,3,9,Sydney,USD,CHF,True,False,5,-71.04591466774951,-45.42826284907303,13.774854924115251,0.0008466606883175132,-0.0007706098686962592,-0.002135021146372318,0.0036206154063904705,0.8067899942398071,0.8026800155639648,0.28954085332250484,0.0015199780464172363,0.001009497046470642,1.505678547283833,0,0.0005565066688335463,sideways,1,2025-09-11 12:47:24.855708,2025-09-13T15:05:02.984977
2025-09-03 22:00:00+01:00,USDCHF,forex,1h,yahoo_finance,0.803879976272583,0.804099977016449,0.8022800087928772,0.803409993648529,0,0.0,0.0,USDCHF=X,USDCHF,USD/CHF,-0.0005722674507279,-0.0004600286483764,0.0018199682235717,0.0004699826240539,-4.600286483764648,18.199682235717773,0.8044380914597284,0.8036405980587006,0.8028297254017421,0.0007077732044982,0.0550427353396101,0.0010674953460693,37.499799714793866,34.31997601571212,34.39216946331732,-6.820413748320764e-05,8.41349760898308e-05,-0.000152339113573,0.8067899942398071,0.7996399998664856,0.003380000591278,0.0037699937820434,0.5272722725643355,22,2,3,9,Sydney,USD,CHF,True,False,5,-65.65393046723554,-102.09051885826568,14.416366816557455,0.00023657231354445862,-0.0013176488858406277,-0.0026318299438878867,0.003860910981651866,0.8067899942398071,0.8022800087928772,0.25055177426815567,0.0018199682235717773,0.0010674953460693359,1.704895698396391,0,0.00034766383512675086,sideways,1,2025-09-11 12:47:24.855708,2025-09-13T15:05:02.984977
2025-09-03 23:00:00+01:00,USDCHF,forex,1h,yahoo_finance,0.8033000230789185,0.8041999936103821,0.8030499815940857,0.8039799928665161,0,0.0,0.0,USDCHF=X,USDCHF,USD/CHF,0.000709474891392,0.000569999217987,0.0011500120162963,0.0006799697875976,5.6999921798706055,11.500120162963867,0.8043642810412815,0.8037199974060059,0.8028385164318504,0.0007321541992567,0.0569388181996007,0.0010964959859848,49.05110378253265,38.32381378265866,35.48797369787681,-6.365067714353412e-05,5.457784544315782e-05,-0.0001182285225866,0.8067899942398071,0.7996399998664856,0.002810001373291,0.0043399930000305,0.6069925056478571,23,2,3,9,Sydney,USD,CHF,True,False,5,-48.32871351703897,-27.816966008704764,14.877900333739719,-4.974343581243268e-05,-0.001465538741502237,-0.001911814989999927,0.004962397018434261,0.8067899942398071,0.8022800087928772,0.37693781801361265,0.0011500120162963867,0.0010964959859848023,1.0488064078625146,0,0.00010202322958506462,sideways,1,2025-09-11 12:47:24.855708,2025-09-13T15:05:02.984977
2025-09-04 00:00:00+01:00,USDCHF,forex,1h,yahoo_finance,0.8039500117301941,0.804099977016449,0.8036800026893616,0.803820013999939,0,0.0,0.0,USDCHF=X,USDCHF,USD/CHF,-0.0001989836413798,-0.0001599788665771,0.0004199743270874,0.0001299977302551,-1.5997886657714844,4.199743270874023,0.8042833294187274,0.8037881982326508,0.8028490657989795,0.0007279226199705,0.0566097329824149,0.0010964959859848,52.418147497233605,44.27535312909518,38.97304764248866,-7.211963430076018e-05,2.9238349494374213e-05,-0.0001013579837951,0.8067899942398071,0.7998999953269958,0.0029699802398681,0.0039200186729431,0.568943293395043,0,3,4,9,Sydney,USD,CHF,True,False,5,-53.19129662843995,-11.722264285410544,15.30646717112325,-0.0002611683186446445,-0.0008452079568682658,-0.00235808683375871,0.004260368372072554,0.8067899942398071,0.8022800087928772,0.3414656710500231,0.00041997432708740234,0.0010964959859848023,0.38301492431840356,0,-6.743032020916566e-05,sideways,1,2025-09-11 12:47:24.855708,2025-09-13T15:05:02.984977
2025-09-04 01:00:00+01:00,USDCHF,forex,1h,yahoo_finance,0.803820013999939,0.8043699860572815,0.8036800026893616,0.8041099905967712,0,0.0,0.0,USDCHF=X,USDCHF,USD/CHF,0.0003607481672287,0.0002899765968322,0.0006899833679199,0.0002899765968322,2.899765968322754,6.899833679199219,0.8042066636539641,0.8038643980026245,0.8028589008928655,0.0007226822658332,0.0562021964664368,0.0010934948921203,46.67847652790079,51.367526012887176,44.65556430821368,-5.48009447557396e-05,1.2430490644351448e-05,-6.723143540009104e-05,0.8067899942398071,0.7998999953269958,0.0026800036430358,0.0042099952697753,0.6110298888360223,1,3,4,9,Sydney,USD,CHF,True,False,5,-44.37741181585955,18.682486623073686,15.30972091052487,-0.00024870159758172417,0.0007716431169129123,-0.0013165033511095547,0.004760700348243718,0.8067899942398071,0.8022800087928772,0.405762241459063,0.0006899833679199219,0.0010934948921203613,0.6309891092239096,0,-8.50873782139885e-05,sideways,1,2025-09-11 12:47:24.855708,2025-09-13T15:05:02.984977
2025-09-04 02:00:00+01:00,USDCHF,forex,1h,yahoo_finance,0.804099977016449,0.8043699860572815,0.8034200072288513,0.8040400147438049,0,0.0,0.0,USDCHF=X,USDCHF,USD/CHF,-8.702273791472148e-05,-6.99758529663086e-05,0.0009499788284301,5.996227264404297e-05,-0.6997585296630859,9.499788284301758,0.804152854851314,0.8039407980442047,0.8028660439527951,0.0007213041080132,0.0560950186647613,0.0011124938726425,46.27391430106194,51.97565085058972,49.206176664190686,-4.618977802983704e-05,7.064369095137484e-07,-4.689621493935078e-05,0.8067899942398071,0.8001199960708618,0.0027499794960021,0.0039200186729431,0.5877091078066915,2,3,4,9,Sydney,USD,CHF,True,False,5,-46.50433900393137,9.248478631208146,15.58639255401073,0.00021146757832024576,0.001058307307923334,-0.0015274397715679955,0.004773689758506672,0.8067899942398071,0.8022800087928772,0.3902464812000264,0.0009499788284301758,0.001112493872642517,0.8539182568023339,0,-7.437932230467477e-05,sideways,1,2025-09-11 12:47:24.855708,2025-09-13T15:05:02.984977
2025-09-04 03:00:00+01:00,USDCHF,forex,1h,yahoo_finance,0.8040300011634827,0.8044000267982483,0.8039100170135498,0.8042500019073486,0,0.0,0.0,USDCHF=X,USDCHF,USD/CHF,0.0002611650660329,0.0002099871635437,0.0004900097846984,0.0002200007438659,2.099871635437012,4.900097846984863,0.8041042827424549,0.8040019977092743,0.8028783516569452,0.0007205726626137,0.05603813496913,0.0010849952697753,41.39897015244898,56.332167811052535,53.22511489150981,-2.2165645434335524e-05,-3.867979559256107e-06,-1.8297665875079415e-05,0.8067899942398071,0.8008000254631042,0.0025399923324584,0.0034499764442443,0.5759590029354694,3,3,4,9,Tokyo,USD,CHF,True,False,5,-40.12174574705147,73.84625581052902,15.79562759254549,0.0010455536593525494,0.0012823733219449185,-0.000857186101500429,0.003819297772356567,0.8067899942398071,0.8022800087928772,0.43680697812727154,0.0004900097846984863,0.0010849952697753907,0.4516238903050013,0,-2.2379857532691294e-05,sideways,1,2025-09-11 12:47:24.855708,2025-09-13T15:05:02.984977
2025-09-04 04:00:00+01:00,USDCHF,forex,1h,yahoo_finance,0.8042500019073486,0.8044999837875366,0.804069995880127,0.8044000267982483,0,0.0,0.0,USDCHF=X,USDCHF,USD/CHF,0.0001865401187988,0.0001500248908996,0.0004299879074096,0.0001500248908996,1.500248908996582,4.29987907409668,0.8040785704340253,0.8040659987926483,0.8028893958736252,0.0007148947724488,0.0555965717626601,0.0010119944810867,48.9544235924933,68.7857628891335,59.03119385025858,8.877078185864917e-06,-1.3189680102319015e-06,1.019604619609682e-05,0.8067899942398071,0.8008000254631042,0.0023899674415588,0.003600001335144,0.6010050251256281,4,3,4,9,Tokyo,USD,CHF,True,False,5,-7.016626581616648,124.93432689965776,15.823382759137226,0.0005224432640849042,0.00047267384014948455,-0.0010803697860926054,0.003994076732427354,0.8055700063705444,0.8022800087928772,0.644382846893853,0.00042998790740966797,0.001011994481086731,0.4248915537048435,0,-5.4710200525865365e-05,sideways,1,2025-09-11 12:47:24.855708,2025-09-13T15:05:02.984977
2025-09-04 05:00:00+01:00,USDCHF,forex,1h,yahoo_finance,0.8044000267982483,0.8044999837875366,0.8041399717330933,0.8044300079345703,0,0.0,0.0,USDCHF=X,USDCHF,USD/CHF,3.727142630927105e-05,2.9981136322021484e-05,0.0003600120544433,2.9981136322021484e-05,0.2998113632202148,3.6001205444335938,0.8040385700407482,0.804129798412323,0.8029012640753945,0.0006360432459737,0.0494643762015566,0.0009614944458007,62.36882970213167,83.23650890606126,69.4514798687491,3.5488794709492844e-05,6.04258453371305e-06,2.9446210175779798e-05,0.8067899942398071,0.8008000254631042,0.0023599863052368,0.003629982471466,0.6060102492661327,5,3,4,9,Tokyo,USD,CHF,True,False,5,-3.1521009531480737,112.79889931026977,15.849155413829552,0.0007588688064581461,0.0004975022953233044,0.00039797706973088154,0.003981305072680685,0.8055700063705444,0.8022800087928772,0.6534956609960686,0.0003600120544433594,0.0009614944458007813,0.37442967665145804,0,-8.430175666889722e-05,sideways,1,2025-09-11 12:47:24.855708,2025-09-13T15:05:02.984977
2025-09-04 06:00:00+01:00,USDCHF,forex,1h,yahoo_finance,0.804419994354248,0.8044899702072144,0.8041599988937378,0.8041999936103821,0,0.0,0.0,USDCHF=X,USDCHF,USD/CHF,-0.0002859345398846,-0.0002300143241882,0.0003299713134765,0.0002200007438659,-2.300143241882324,3.299713134765625,0.8040428558985392,0.8041851985454559,0.8029079122857733,0.0006148350870369,0.0478150412564377,0.0009114921092987,63.53888684702536,92.10601640459736,81.37609606659738,3.758527843578108e-05,1.235112331412666e-05,2.5234155121654416e-05,0.8067899942398071,0.8008000254631042,0.002590000629425,0.0033999681472778,0.5676103288720832,6,3,4,9,Tokyo,USD,CHF,True,False,5,-13.513223251443147,87.91273989485202,15.873087164615283,0.0001119287344559794,-0.00013680069998089905,0.0008587116017531038,0.0034563301869645624,0.8055700063705444,0.8022800087928772,0.583582441074696,0.0003299713134765625,0.000911492109298706,0.36201225453332725,0,-0.00016686791226333626,sideways,1,2025-09-11 12:47:24.855708,2025-09-13T15:05:02.984977
2025-09-04 07:00:00+01:00,USDCHF,forex,1h,yahoo_finance,0.8041999936103821,0.8051300048828125,0.8039299845695496,0.8047999739646912,0,0.0,0.0,USDCHF=X,USDCHF,USD/CHF,0.0007460586409799,0.000599980354309,0.0012000203132629,0.000599980354309,5.99980354309082,12.000203132629396,0.8041042827424549,0.8042545986175537,0.8029153848087395,0.0005749694868982,0.0447147378490112,0.0009134948253631,68.37209947048876,90.58487589778292,88.64246706948052,8.666118109001975e-05,2.7213134869305284e-05,5.944804622071446e-05,0.8067899942398071,0.8008000254631042,0.0019900202751159,0.0039999485015869,0.6677745161450819,7,3,4,9,Tokyo,USD,CHF,True,False,5,-11.580048102060024,148.93522997998903,14.767166573141745,0.0009451758705421032,0.001156843322914991,0.0003853419793375945,0.004330305533600365,0.8055700063705444,0.8022800087928772,0.7659474246788774,0.0012000203132629395,0.0009134948253631592,1.313658577962795,0,-0.00013751567061439773,sideways,1,2025-09-11 12:47:24.855708,2025-09-13T15:05:02.984977
2025-09-04 08:00:00+01:00,USDCHF,forex,1h,yahoo_finance,0.8047999739646912,0.8054999709129333,0.8044499754905701,0.8051599860191345,0,0.0,0.0,USDCHF=X,USDCHF,USD/CHF,0.000447331096036,0.0003600120544433,0.0010499954223632,0.0003600120544433,3.6001205444335938,10.499954223632812,0.8041361882573083,0.804323798418045,0.8029211540143568,0.0005826984460997,0.0453158104144485,0.000921493768692,64.76683137739346,88.11602245345138,90.2689715852772,0.0001528422808905,5.233896407354813e-05,0.0001005033168169,0.8067899942398071,0.8009600043296814,0.0016300082206726,0.0041999816894531,0.7204097698622854,8,3,4,9,Tokyo,USD,CHF,True,False,5,-10.558661286142682,194.4525288748962,14.243962212498952,0.0011314692068731258,0.0021782058779953317,0.0008576868816065897,0.004315816442376663,0.8055700063705444,0.8022800087928772,0.8753736616120441,0.0010499954223632812,0.0009214937686920166,1.1394492920485637,1,-5.96547548867267e-06,sideways,1,2025-09-11 12:47:24.855708,2025-09-13T15:05:02.984977
2025-09-04 09:00:00+01:00,USDCHF,forex,1h,yahoo_finance,0.8051599860191345,0.8052399754524231,0.8043000102043152,0.8043400049209595,0,0.0,0.0,USDCHF=X,USDCHF,USD/CHF,-0.0010184076611025,-0.000819981098175,0.0009399652481079,0.000819981098175,-8.199810981750488,9.399652481079102,0.8041299978892008,0.8043801987171173,0.8029196704481985,0.0005955184736316,0.0463128097046174,0.0009029924869537,53.31912340936068,80.61235941795636,86.43775258973022,0.000137540179958,6.93792072504465e-05,6.816097270759352e-05,0.8067899942398071,0.801110029220581,0.0024499893188476,0.0032299757003784,0.5686611958780196,9,3,4,9,London,USD,CHF,True,False,5,-36.02421235792825,92.20144166859899,13.505359801430568,-7.461695088162301e-05,0.00044778733007988514,-0.001018407661102505,0.0035183339017261783,0.8055700063705444,0.8022800087928772,0.626139101762777,0.0009399652481079102,0.0009029924869537354,1.04094470517568,1,-3.1325071865951384e-05,sideways,1,2025-09-11 12:47:24.855708,2025-09-13T15:05:02.984977
2025-09-04 10:00:00+01:00,USDCHF,forex,1h,yahoo_finance,0.8043500185012817,0.8052800297737122,0.8042100071907043,0.8050199747085571,0,0.0,0.0,USDCHF=X,USDCHF,USD/CHF,0.0008453760641489,0.0006799697875976,0.0010700225830078,0.0006699562072753,6.7996978759765625,10.700225830078123,0.8041233306839353,0.8044117987155914,0.8029141756859455,0.0005987442326959,0.0465636734012356,0.0008989930152893,57.00161064672756,79.50341219009539,82.74393135383438,0.0001782265491216,9.114867562469644e-05,8.707787349699967e-05,0.8067899942398071,0.8019199967384338,0.00177001953125,0.0030999779701232,0.6365461110091182,10,3,4,9,London,USD,CHF,True,False,5,-14.906889785642885,111.76353938124781,12.664817298147144,0.0007333972728114091,0.0014928226315826798,0.0006463529291478309,0.0019665438281548653,0.8054999709129333,0.8022800087928772,0.8509311021435711,0.0010700225830078125,0.0008989930152893067,1.1902457136037552,1,7.856523854610407e-05,sideways,1,2025-09-11 12:47:24.855708,2025-09-13T15:05:02.984977
2025-09-04 11:00:00+01:00,USDCHF,forex,1h,yahoo_finance,0.8050199747085571,0.8050199747085571,0.8042299747467041,0.8049299716949463,0,0.0,0.0,USDCHF=X,USDCHF,USD/CHF,-0.0001118022116698,-9.000301361083984e-05,0.000789999961853,9.000301361083984e-05,-0.9000301361083984,7.899999618530273,0.8041438062985738,0.8044255983829498,0.8029036259913183,0.0005185044051865,0.0403235112119514,0.0008489936590194,61.22848447346155,77.12228351412388,79.07935170739188,0.0002008925347125,0.0001130974474422,8.779508727029088e-05,0.8067899942398071,0.8019199967384338,0.0018600225448608,0.0030099749565124,0.6180649899026988,11,3,4,9,London,USD,CHF,True,False,5,-17.702047314057236,80.83729810929711,11.884313545098252,0.0009077071504155487,0.00101973748338402,0.0017921674737071402,0.0008579321818542596,0.8054999709129333,0.8022800087928772,0.8229795268594277,0.0007899999618530273,0.0008489936590194702,0.9305133830627468,1,0.00016334294629436646,sideways,1,2025-09-11 12:47:24.855708,2025-09-13T15:05:02.984977
2025-09-04 12:00:00+01:00,USDCHF,forex,1h,yahoo_finance,0.8049399852752686,0.8058900237083435,0.8049100041389465,0.8054699897766113,0,0.0,0.0,USDCHF=X,USDCHF,USD/CHF,0.0006708882768122,0.000540018081665,0.0009800195693969,0.0005300045013427,5.400180816650391,9.800195693969728,0.8042380923316592,0.8044345986843109,0.8029042852448893,0.0005219904692869,0.0405946185418635,0.0008544951677322,71.45872915347266,84.20045168089244,80.2753824617039,0.0002594397774056,0.0001423659134349,0.0001170738639706,0.8067899942398071,0.8019199967384338,0.0013200044631958,0.0035499930381774,0.7289517165412154,12,3,4,9,London,USD,CHF,True,False,5,-14.789707857622565,172.42933842875416,12.48906511005959,0.0008325246441291956,0.0017784873968766934,0.0028386768910091398,0.0005590110583493235,0.8058900237083435,0.8022800087928772,0.8836475910576891,0.0009800195693969727,0.0008544951677322387,1.1468989017197904,1,0.00032991426483654213,sideways,1,2025-09-11 12:47:24.855708,2025-09-13T15:05:02.984977
2025-09-04 13:00:00+01:00,USDCHF,forex,1h,yahoo_finance,0.8054800033569336,0.806190013885498,0.8037300109863281,0.8055700063705444,0,0.0,0.0,USDCHF=X,USDCHF,USD/CHF,0.0001241717198685,0.0001000165939331,0.0024600028991699,9.000301361083984e-05,1.000165939331055,24.60002899169922,0.804351426306225,0.8044555985927582,0.8029065931236351,0.00052143595143,0.0405514943045487,0.0009424954652786,68.36077308518253,81.70845194633819,81.01039571378483,0.0003103320772946,0.0001759591462068,0.0001343729310878,0.8067899942398071,0.8019199967384338,0.0012199878692626,0.0036500096321105,0.7494890153601371,13,3,4,9,London,USD,CHF,True,False,5,-22.382888989305616,108.73619847797536,12.00628769495211,0.0005092408447135988,0.0016412862419215024,0.0029257643055566884,0.0013051203302274494,0.806190013885498,0.8022800087928772,0.841430509611427,0.002460002899169922,0.0009424954652786255,2.6100952097872243,1,0.00046788783341767905,sideways,1,2025-09-11 12:47:24.855708,2025-09-13T15:05:02.984977
2025-09-04 14:00:00+01:00,USDCHF,forex,1h,yahoo_finance,0.8055800199508667,0.8060299754142761,0.8047099709510803,0.805079996585846,0,0.0,0.0,USDCHF=X,USDCHF,USD/CHF,-0.0006082770967431,-0.0004900097846984,0.0013200044631958,0.0005000233650207,-4.900097846984863,13.200044631958008,0.8044399988083613,0.8044755983352662,0.8029015381912609,0.0005070261798208,0.039430862384677,0.0009519964456558,63.51926938770289,74.25155758349082,80.05348707024048,0.0003075793142998,0.0002022831798254,0.0001052961344743,0.8067899942398071,0.8019199967384338,0.0017099976539611,0.0031599998474121,0.6488709381310813,14,3,4,9,London,USD,CHF,True,False,5,-40.072730402599355,112.20500513033909,11.55799438092374,0.0009199985831354063,0.0008453129847647567,0.001318386382248793,0.0012436413213006148,0.806190013885498,0.8022800087928772,0.7161084772633729,0.0013200044631958008,0.0009519964456558228,1.3865644868941294,1,0.0005275389635637395,sideways,1,2025-09-11 12:47:24.855708,2025-09-13T15:05:02.984977
2025-09-04 15:00:00+01:00,USDCHF,forex,1h,yahoo_finance,0.8051000237464905,0.8067899942398071,0.8047999739646912,0.8065800070762634,0,0.0,0.0,USDCHF=X,USDCHF,USD/CHF,0.0018631819158079,0.0015000104904174,0.0019900202751159,0.0014799833297729,15.000104904174805,19.900202751159668,0.804561904498509,0.8045029985904694,0.8029036259913183,0.0006464547357436,0.0502740661873486,0.0010199964046478,71.03937775431044,77.10442782976402,77.688145786531,0.0004215763702852,0.0002461418179174,0.0001754345523678,0.8067899942398071,0.8019199967384338,0.0002099871635437,0.0046600103378295,0.9568814638027048,15,3,4,9,London,USD,CHF,True,False,5,-6.231097118802951,190.58329503246392,11.375328327287962,0.0019378803218779161,0.0026726988308323207,0.0031715307999586884,0.0017014353644801972,0.8067899942398071,0.8022800087928772,0.9534395030727549,0.001990020275115967,0.0010199964046478272,1.9510071467389716,1,0.0007607080189836873,sideways,1,2025-09-11 12:47:24.855708,2025-09-13T15:05:02.984977
2025-09-04 16:00:00+01:00,USDCHF,forex,1h,yahoo_finance,0.8065400123596191,0.8068600296974182,0.8058500289916992,0.8059099912643433,0,0.0,0.0,USDCHF=X,USDCHF,USD/CHF,-0.0008306873540653,-0.0006700158119201,0.0010100007057189,0.0006300210952758,-6.70015811920166,10.10000705718994,0.8046514278366452,0.8045465981960297,0.8029171424907643,0.000681068704813,0.0529659560843261,0.0010484963655471,64.45107739361947,74.447896110605,75.26796050795328,0.0004526374591203,0.000287440946158,0.0001651965129623,0.8068600296974182,0.8019199967384338,0.0009500384330749,0.0039899945259094,0.8076858108108108,16,3,4,9,NewYork,USD,CHF,True,False,5,-30.3524841467827,167.49469393323815,11.294354748703432,0.0012175215284049301,0.002126333831817595,0.0019892422478799965,0.0027123290759540897,0.8068600296974182,0.8022800087928772,0.7925689744924519,0.0010100007057189941,0.00104849636554718,0.9632848895874845,1,0.0009190170511165948,sideways,1,2025-09-11 12:47:24.855708,2025-09-13T15:05:02.984977
2025-09-04 17:00:00+01:00,USDCHF,forex,1h,yahoo_finance,0.805899977684021,0.8067899942398071,0.8058199882507324,0.8066700100898743,0,0.0,0.0,USDCHF=X,USDCHF,USD/CHF,0.0009430567107608,0.000760018825531,0.0009700059890747,0.0007700324058532,7.600188255310059,9.70005989074707,0.8047638081368946,0.8046271979808808,0.802930549278364,0.0006880753773868,0.0535108572216408,0.00102099776268,67.23638741010554,85.78184701566153,79.11139031867685,0.0005324430907671,0.0003364413750798,0.0001960017156873,0.8068600296974182,0.8022800087928772,0.0001900196075439,0.004390001296997,0.9585111920874544,17,3,4,9,NewYork,USD,CHF,True,False,5,-6.070877687429779,156.39469813881485,11.169869022825397,0.0014898386389239349,0.0023236036104359314,0.0034831349786725863,0.005020917394948032,0.8068600296974182,0.8022800087928772,0.9585111920874545,0.000970005989074707,0.0010209977626800537,0.95005691934966,1,0.0010511649021430988,sideways,1,2025-09-11 12:47:24.855708,2025-09-13T15:05:02.984977
2025-09-04 18:00:00+01:00,USDCHF,forex,1h,yahoo_finance,0.8066700100898743,0.807200014591217,0.8065900206565857,0.8066400289535522,0,0.0,0.0,USDCHF=X,USDCHF,USD/CHF,-3.716654387420082e-05,-2.9981136322021484e-05,0.0006099939346313,2.9981136322021484e-05,-0.2998113632202148,6.099939346313477,0.8048957132157826,0.804693398475647,0.8029416481872181,0.0006676260240837,0.0519205337471506,0.000960499048233,66.23187028670645,82.4795801003009,80.90310774218915,0.0005865094854189,0.0003864549971476,0.0002000544882712,0.807200014591217,0.8022800087928772,0.0005599856376647,0.004360020160675,0.8861819150998256,18,3,4,9,NewYork,USD,CHF,True,False,5,-16.137897864884827,157.47754065070308,11.598672862684754,0.0013282800682075102,0.0018381973273851049,0.004020407177603769,0.004120379820177655,0.807200014591217,0.8030499815940857,0.8650647746531468,0.0006099939346313477,0.0009604990482330322,0.6350802072667473,0,0.0011527367693831365,sideways,1,2025-09-11 12:47:24.855708,2025-09-13T15:05:02.984977
2025-09-04 19:00:00+01:00,USDCHF,forex,1h,yahoo_finance,0.8066099882125854,0.8066800236701965,0.8059899806976318,0.8062700033187866,0,0.0,0.0,USDCHF=X,USDCHF,USD/CHF,-0.0004587246125705,-0.0003700256347656,0.0006900429725646,0.0003399848937988,-3.70025634765625,6.900429725646973,0.8050319041524615,0.8047405982017517,0.8029449447825715,0.0006718735967882,0.0522508627546974,0.0009375005960464,62.70705041657062,83.66325823311003,83.97489511635747,0.0005926676130945,0.000427697520337,0.0001649700927574,0.807200014591217,0.8022800087928772,0.0009300112724304,0.0039899945259094,0.8109735413839891,19,3,4,9,NewYork,USD,CHF,True,False,5,-26.801449748355292,88.31249027667558,11.015667455692292,0.0014781223455895276,0.0023994807991887246,0.0028483425863692347,0.002935634903522999,0.807200014591217,0.8034200072288513,0.7539657510485982,0.0006900429725646973,0.0009375005960464477,0.7360453694373007,0,0.0013338456945994532,sideways,1,2025-09-11 12:47:24.855708,2025-09-13T15:05:02.984977
2025-09-04 20:00:00+01:00,USDCHF,forex,1h,yahoo_finance,0.8062700033187866,0.8062999844551086,0.8053799867630005,0.8055700063705444,0,0.0,0.0,USDCHF=X,USDCHF,USD/CHF,-0.0008681917290248,-0.0006999969482421,0.0009199976921081,0.0006999969482421,-6.999969482421875,9.199976921081545,0.8051076190812247,0.8047633981704712,0.8029457690951588,0.0007055897770456,0.0548729326137623,0.0009625017642974,58.88460259908931,70.02880029315607,78.72387954218898,0.0005348980977317,0.0004491376358159,8.576046191578724e-05,0.807200014591217,0.8022800087928772,0.0016300082206726,0.0032899975776672,0.6686979065710409,20,3,4,9,NewYork,USD,CHF,True,False,5,-46.97425150729169,24.20701218331511,10.823757350938454,-0.0012522015136230413,0.0006832521915824952,0.0021770947974997235,0.0014171505596878298,0.807200014591217,0.8034200072288513,0.5687817338925857,0.0009199976921081543,0.0009625017642974854,0.9558400059449719,0,0.0013738236383184972,sideways,1,2025-09-11 12:47:24.855708,2025-09-13T15:05:02.984977
2025-09-04 21:00:00+01:00,USDCHF,forex,1h,yahoo_finance,0.8055899739265442,0.8058000206947327,0.8048200011253357,0.8053100109100342,0,0.0,0.0,USDCHF=X,USDCHF,USD/CHF,-0.0003227471957175,-0.0002599954605102,0.0009800195693969,0.00027996301651,-2.599954605102539,9.800195693969728,0.8051785713150388,0.8047679984569549,0.8029470329101269,0.0007092962736972,0.0551611827381442,0.0009770035743713,53.46019781801713,57.25246348432015,70.31484067019541,0.000462800997988,0.0004518703082503,1.0930689737620131e-05,0.807200014591217,0.8022800087928772,0.0018900036811828,0.0030300021171569,0.6158533630548556,21,3,4,9,Sydney,USD,CHF,True,False,5,-54.46690829139255,-29.061390268268905,11.307459834769148,-0.0007444756372455563,0.0004721394760436315,0.0014923584177486404,0.00028570368803548796,0.807200014591217,0.8034200072288513,0.5,0.0009800195693969727,0.000977003574371338,1.003086984638286,0,0.0014153229463261974,sideways,1,2025-09-11 12:47:24.855708,2025-09-13T15:05:02.984977
2025-09-04 22:00:00+01:00,USDCHF,forex,1h,yahoo_finance,0.8052999973297119,0.8055999875068665,0.8040099740028381,0.8050199747085571,0,0.0,0.0,USDCHF=X,USDCHF,USD/CHF,-0.0003601547199808,-0.000290036201477,0.0015900135040283,0.0002800226211547,-2.900362014770508,15.900135040283203,0.8052219038917905,0.8047743976116181,0.8029381315131764,0.000715181022247,0.0556188330912657,0.0010090053081512,49.04102878138395,45.24451620660631,57.50859332802751,0.0003779037898319,0.0004370770045666,-5.917321473476489e-05,0.807200014591217,0.8022800087928772,0.0021800398826599,0.0027399659156799,0.5569029850746269,22,3,4,9,Sydney,USD,CHF,True,False,5,-62.82529158149682,-75.24334078693853,12.557388268782029,-0.002045489928568567,-0.0005586987395755916,0.001218795018633978,0.0003976111922514569,0.807200014591217,0.8037300109863281,0.3717470841850319,0.0015900135040283203,0.001009005308151245,1.5758227347105145,0,0.0013514420394638703,sideways,1,2025-09-11 12:47:24.855708,2025-09-13T15:05:02.984977
2025-09-04 23:00:00+01:00,USDCHF,forex,1h,yahoo_finance,0.8047699928283691,0.8058000206947327,0.804669976234436,0.8057199716567993,0,0.0,0.0,USDCHF=X,USDCHF,USD/CHF,0.0008695398502325,0.0006999969482421,0.0011300444602966,0.0009499788284301,6.999969482421875,11.300444602966309,0.8053019018400283,0.80480459690094,0.8029374719321073,0.0007367488798877,0.0572961414047399,0.0010410070419311,59.60966943932527,46.68510343485008,49.72736104192552,0.0003629224996568,0.0004222461035847,-5.932360392787246e-05,0.807200014591217,0.8022800087928772,0.0014800429344177,0.0034399628639221,0.6991786198875751,23,3,4,9,Sydney,USD,CHF,True,False,5,-42.652489822560426,-25.847431866215864,13.396781001239901,-0.0011406045617975424,0.00018616046410491194,0.0018277522486347397,0.0018775748282089388,0.807200014591217,0.8037300109863281,0.5734751017743958,0.0011300444602966309,0.0010410070419311524,1.0855300826786982,0,0.0013325013259735494,sideways,1,2025-09-11 12:47:24.855708,2025-09-13T15:05:02.984977
2025-09-05 00:00:00+01:00,USDCHF,forex,1h,yahoo_finance,0.8057199716567993,0.8057299852371216,0.8050000071525574,0.8051499724388123,0,0.0,0.0,USDCHF=X,USDCHF,USD/CHF,-0.0007074408455024,-0.000569999217987,0.0007299780845642,0.000569999217987,-5.6999921798706055,7.29978084564209,0.8053447575796218,0.8048287963867188,0.8029288453060192,0.0007575101624698,0.0589107232725104,0.0010560065507888,50.91934545638483,45.14775180216546,45.69245714787396,0.00030157912957,0.0003981127087818,-9.653357921172686e-05,0.807200014591217,0.8022800087928772,0.0020500421524047,0.002869963645935,0.5833252568327195,0,4,5,9,Sydney,USD,CHF,True,False,5,-59.078963189446384,-44.38782016317565,14.176217109950782,-0.0013891511222842157,8.691788799009004e-05,0.0009323043455742308,0.001505055466483718,0.807200014591217,0.8037300109863281,0.4092103681055362,0.000729978084564209,0.0010560065507888793,0.6912628373553991,0,0.0013110878944382759,sideways,1,2025-09-11 12:47:24.855708,2025-09-13T15:05:02.984977
2025-09-05 01:00:00+01:00,USDCHF,forex,1h,yahoo_finance,0.8051499724388123,0.8054599761962891,0.8048099875450134,0.8049700260162354,0,0.0,0.0,USDCHF=X,USDCHF,USD/CHF,-0.0002234942914198,-0.0001799464225769,0.0006499886512756,0.0001799464225769,-1.799464225769043,6.499886512756348,0.805371900399526,0.804830197095871,0.8029244499547141,0.000759924321876,0.059098469765903,0.0010705053806304,50.27970630837621,44.667937773044535,45.50026433668669,0.0002357265850565,0.0003656354840367,-0.0001299088989801,0.807200014591217,0.8022800087928772,0.0022299885749816,0.0026900172233581,0.5467508238030626,1,4,5,9,Sydney,USD,CHF,True,False,5,-64.26473366885962,-77.70426163131611,15.100255553835796,-0.0007447898377104245,-0.0019960587243713634,0.0006713052426419175,8.701137834843387e-05,0.807200014591217,0.8037300109863281,0.35735266331140386,0.0006499886512756348,0.001070505380630493,0.607179247331585,0,0.0011093053915030946,sideways,1,2025-09-11 12:47:24.855708,2025-09-13T15:05:02.984977
2025-09-05 02:00:00+01:00,USDCHF,forex,1h,yahoo_finance,0.8049799799919128,0.8051199913024902,0.8043299913406372,0.8044800162315369,0,0.0,0.0,USDCHF=X,USDCHF,USD/CHF,-0.0006087304730134,-0.0004900097846984,0.000789999961853,0.0004999637603759,-4.900097846984863,7.899999618530273,0.8053742817470005,0.8048135972023011,0.8029175269734729,0.0007704284000567,0.0599153602494858,0.0010935068130493,43.03821874973802,32.75675489977154,40.85748149166052,0.000142357268666,0.0003209798409626,-0.0001786225722965,0.807200014591217,0.8022800087928772,0.0027199983596801,0.0022000074386596,0.4471554564838147,2,4,5,9,Sydney,USD,CHF,True,False,5,-78.38603844237937,-116.85180576496765,16.43490137566976,-0.001030652378901098,-0.001774360720560142,0.0003482002280275065,-0.001030652378901098,0.807200014591217,0.8037300109863281,0.21613961557620626,0.0007899999618530273,0.0010935068130493164,0.7224463098223046,0,0.0009522762411524208,sideways,1,2025-09-11 12:47:24.855708,2025-09-13T15:05:02.984977
2025-09-05 03:00:00+01:00,USDCHF,forex,1h,yahoo_finance,0.8044800162315369,0.8047199845314026,0.8042700290679932,0.8047099709510803,0,0.0,0.0,USDCHF=X,USDCHF,USD/CHF,0.0002858426746517,0.0002299547195434,0.0004499554634094,0.0002299547195434,2.2995471954345703,4.499554634094238,0.8053985663822719,0.8047959971427917,0.802917636685319,0.0007542313122099,0.0586557307326276,0.0010560035705566,44.06052672742391,26.430808897648788,34.61850052348829,8.592633152981755e-05,0.000273969139076,-0.0001880428075462,0.807200014591217,0.8022800087928772,0.0024900436401367,0.0024299621582031,0.4938941655359565,3,4,5,9,Tokyo,USD,CHF,True,False,5,-78.05680119581464,-113.46695269303007,17.731756046243053,-0.0003850882800628952,-0.002429790514433039,-0.00011183277400894642,-0.0010923708138702581,0.807200014591217,0.8037300109863281,0.2824089183571809,0.00044995546340942383,0.0010560035705566406,0.42609274812607245,0,0.0007306211945508494,sideways,1,2025-09-11 12:47:24.855708,2025-09-13T15:05:02.984977
2025-09-05 04:00:00+01:00,USDCHF,forex,1h,yahoo_finance,0.8047099709510803,0.8047999739646912,0.8042500019073486,0.8044300079345703,0,0.0,0.0,USDCHF=X,USDCHF,USD/CHF,-0.0003479054896997,-0.00027996301651,0.0005499720573425,0.00027996301651,-2.7996301651000977,5.499720573425293,0.8053809489522662,0.8047739970684051,0.8029175816656469,0.0007500625033228,0.0583315270996075,0.0010310024023056,45.37700414607056,18.908066906850124,26.031876901423487,1.840160930510759e-05,0.0002228556331218,-0.0002044540238167,0.807200014591217,0.8022800087928772,0.0027700066566467,0.0021499991416931,0.4369911804613297,4,4,5,9,Tokyo,USD,CHF,True,False,5,-86.8329596412556,-106.81761485762665,18.770838916982918,-0.0016010075058415785,-0.0027397859511745226,-0.000906624891002572,-0.001365565160100446,0.807200014591217,0.8037300109863281,0.20172801758936393,0.0005499720573425293,0.001031002402305603,0.5334343121923301,0,0.0004833642571797465,sideways,1,2025-09-11 12:47:24.855708,2025-09-13T15:05:02.984977
2025-09-05 05:00:00+01:00,USDCHF,forex,1h,yahoo_finance,0.8044400215148926,0.80485999584198,0.8043699860572815,0.8047400116920471,0,0.0,0.0,USDCHF=X,USDCHF,USD/CHF,0.0003853707027572,0.0003100037574768,0.0004900097846984,0.0002999901771545,3.1000375747680664,4.900097846984863,0.8053609501747858,0.8047583973407746,0.8029205487979637,0.0007192350854646,0.0559341130811223,0.0010085046291351,34.24646349180429,19.331714000996516,21.556863268498475,-9.982435822064596e-06,0.000176288019333,-0.0001862704551551,0.807200014591217,0.8022800087928772,0.0024600028991699,0.0024600028991699,0.5,5,4,5,9,Tokyo,USD,CHF,True,False,5,-77.1150971599402,-80.0402896184936,19.606341543014878,-0.0005091731488524598,-0.0018976169526854214,0.0004973105510610587,-0.0009683016975321479,0.807200014591217,0.8037300109863281,0.2910661834172149,0.0004900097846984863,0.001008504629135132,0.4858775761086058,0,0.00031263985697881097,sideways,1,2025-09-11 12:47:24.855708,2025-09-13T15:05:02.984977
2025-09-05 06:00:00+01:00,USDCHF,forex,1h,yahoo_finance,0.8047400116920471,0.8047999739646912,0.8039500117301941,0.8039900064468384,0,0.0,0.0,USDCHF=X,USDCHF,USD/CHF,-0.0009319845345229,-0.0007500052452087,0.000849962234497,0.0007500052452087,-7.500052452087402,8.499622344970703,0.80534428358078,0.8047237980365753,0.8029212630712069,0.0007223466593727,0.0561760967250679,0.0009975016117095,33.78372935964559,12.427516260487332,16.889099056111323,-9.193636611437572e-05,0.0001226431422435,-0.0002145795083579,0.807200014591217,0.8022800087928772,0.0032100081443786,0.0017099976539611,0.3475600891645667,6,4,5,9,Tokyo,USD,CHF,True,False,5,-98.76939441734218,-109.9574817749198,20.846629460178104,-0.001217460946026816,-0.0019613440311968544,-0.0012794319322221304,-0.0021471047892775985,0.807200014591217,0.8037300109863281,0.07492656784100864,0.0008499622344970703,0.0009975016117095947,0.8520910888959267,0,0.00015930790463586697,sideways,1,2025-09-11 12:47:24.855708,2025-09-13T15:05:02.984977
2025-09-05 07:00:00+01:00,USDCHF,forex,1h,yahoo_finance,0.8039900064468384,0.804610013961792,0.8039900064468384,0.8043400049209595,0,0.0,0.0,USDCHF=X,USDCHF,USD/CHF,0.0004353268962482,0.000349998474121,0.0006200075149536,0.000349998474121,3.499984741210937,6.200075149536133,0.8053119040670849,0.8047071981430054,0.802928076340602,0.0007307431118719,0.05682907950228,0.0009890019893646,28.856243441762857,12.038429448074313,14.599219903186054,-0.0001271774717853,7.267901943779737e-05,-0.0001998564912231,0.807200014591217,0.8022800087928772,0.0028600096702575,0.0020599961280822,0.4186979065710409,7,4,5,9,Tokyo,USD,CHF,True,False,5,-88.00022007849466,-91.86048939535755,21.998325383258248,-0.000174039513415436,-0.0012045125180780714,-0.0007329417399435378,-0.0010308315994265183,0.807200014591217,0.8037300109863281,0.17579057663569062,0.0006200075149536133,0.000989001989364624,0.6269021919277754,0,5.9398197069168685e-05,sideways,1,2025-09-11 12:47:24.855708,2025-09-13T15:05:02.984977
2025-09-05 08:00:00+01:00,USDCHF,forex,1h,yahoo_finance,0.8043799996376038,0.8046000003814697,0.8034300208091736,0.8036400079727173,0,0.0,0.0,USDCHF=X,USDCHF,USD/CHF,-0.0008702749384086,-0.0006999969482421,0.0011699795722961,0.0007399916648864,-6.999969482421875,11.699795722961426,0.8052504772231692,0.8046745979785919,0.8029298346776229,0.0007334861416167,0.0570424018763271,0.0009984999895095,25.727705869871343,6.563841103326854,10.3432622706295,-0.000209178921139,1.630743132243179e-05,-0.0002254863524614,0.807200014591217,0.8022800087928772,0.0035600066184997,0.00135999917984,0.2764222717580926,8,4,5,9,Tokyo,USD,CHF,True,False,5,-93.5388621941826,-131.41999713942172,23.636577261378772,-0.0013296256005109752,-0.0017142018573382822,-0.002271942874496835,-0.0020241759756284283,0.807200014591217,0.8034300208091736,0.055699604743083005,0.0011699795722961426,0.0009984999895095825,1.1717371903737155,1,-7.157968273999682e-05,sideways,1,2025-09-11 12:47:24.855708,2025-09-13T15:05:02.984977
2025-09-05 09:00:00+01:00,USDCHF,forex,1h,yahoo_finance,0.803629994392395,0.8039000034332275,0.8032400012016296,0.8033000230789185,0,0.0,0.0,USDCHF=X,USDCHF,USD/CHF,-0.0004230562072892,-0.0003399848937988,0.0006600022315979,0.0003299713134765,-3.399848937988281,6.600022315979004,0.80514714547566,0.8046417987346649,0.8029280766681001,0.0007343611490084,0.0571104502285057,0.0009084999561309,25.853379596425583,6.807475906640273,8.469915486013813,-0.0002981625676178,-4.6586568465621056e-05,-0.0002515759991522,0.807200014591217,0.8022800087928772,0.0038999915122985,0.0010200142860412,0.2073197325062996,9,4,5,9,London,USD,CHF,True,False,5,-98.03849000740192,-168.27131476922176,25.331398681419955,-0.0014047025154533266,-0.003003461082024206,-0.0028178597436283592,-0.0020373720107708104,0.807200014591217,0.8032400012016296,0.015156988470453657,0.0006600022315979004,0.0009084999561309815,0.726474698368335,1,-0.0003315686143982471,sideways,1,2025-09-11 12:47:24.855708,2025-09-13T15:05:02.984977
2025-09-05 10:00:00+01:00,USDCHF,forex,1h,yahoo_finance,0.8033000230789185,0.8033599853515625,0.8026599884033203,0.803059995174408,0,0.0,0.0,USDCHF=X,USDCHF,USD/CHF,-0.0002988023124791,-0.0002400279045104,0.0006999969482421,0.0002400279045104,-2.4002790451049805,6.999969482421875,0.8050276211329869,0.8045975983142852,0.8029272523555127,0.0007272188122713,0.0565549986400201,0.0008774995803833,27.94334859261897,7.053861978501586,6.808392996156237,-0.0003836287608871,-0.0001139950069499,-0.0002696337539372,0.807200014591217,0.8022800087928772,0.004140019416809,0.0007799863815307,0.1585336305485559,10,4,5,9,London,USD,CHF,True,False,5,-87.26106186291074,-189.97756716626068,27.381490242660373,-0.0020876512826878413,-0.0025957614555630615,-0.0025090691856763936,-0.0027444471724267228,0.807200014591217,0.8026599884033203,0.08810671007890349,0.0006999969482421875,0.0008774995803833008,0.7977177013992665,1,-0.000536406364197787,sideways,1,2025-09-11 12:47:24.855708,2025-09-13T15:05:02.984977
2025-09-05 11:00:00+01:00,USDCHF,forex,1h,yahoo_finance,0.803059995174408,0.8031100034713745,0.8026099801063538,0.8029299974441528,0,0.0,0.0,USDCHF=X,USDCHF,USD/CHF,-0.0001618779805199,-0.0001299977302551,0.0005000233650207,0.0001299977302551,-1.2999773025512695,5.00023365020752,0.8049252402214777,0.8045739984512329,0.8029248897845929,0.0005567821054281,0.0433003254095237,0.0008029997348785,28.59669811320755,8.244070652098074,7.36846951241331,-0.0004565878051966,-0.0001825135665992,-0.0002740742385973,0.807200014591217,0.8022800087928772,0.0042700171470642,0.0006499886512756,0.1321113587904632,11,4,5,9,London,USD,CHF,True,False,5,-89.96823617339312,-161.11629888545477,29.323322118506475,-0.0013184355454493035,-0.0025342913476896767,-0.004525291477706417,-0.0014674524212074935,0.807200014591217,0.8026099801063538,0.06972002908788698,0.000500023365020752,0.0008029997348785401,0.6226943089792979,1,-0.0007606438533784351,sideways,1,2025-09-11 12:47:24.855708,2025-09-13T15:05:02.984977
2025-09-05 12:00:00+01:00,USDCHF,forex,1h,yahoo_finance,0.8029299974441528,0.8039399981498718,0.8027799725532532,0.8034499883651733,0,0.0,0.0,USDCHF=X,USDCHF,USD/CHF,0.0006476167569722,0.0005199909210205,0.0011600255966186,0.0005199909210205,5.199909210205078,11.600255966186523,0.8047761917114258,0.8045727980136871,0.8029279666287559,0.000570327668378,0.0443537487826296,0.0008105009794235,36.44196915728139,16.367638073598766,10.555190234732809,-0.000467065412535,-0.0002394239357864,-0.0002276414767486,0.807200014591217,0.8022800087928772,0.0037500262260437,0.0011699795722961,0.2378004458228338,12,4,5,9,London,USD,CHF,True,False,5,-73.66778774289985,-87.56555128447384,29.226822975348828,-0.0011065178287055222,-0.0012803647642964933,-0.0030524536559108917,-7.469960115458196e-05,0.807200014591217,0.8026099801063538,0.18300696031581135,0.0011600255966186523,0.000810500979423523,1.4312451509234847,1,-0.000887174681225572,sideways,1,2025-09-11 12:47:24.855708,2025-09-13T15:05:02.984977
2025-09-05 13:00:00+01:00,USDCHF,forex,1h,yahoo_finance,0.8034200072288513,0.8034399747848511,0.7985799908638,0.7996900081634521,0,0.0,0.0,USDCHF=X,USDCHF,USD/CHF,-0.0046797937098385,-0.0037599802017211,0.004859983921051,0.0037299990653991,-37.59980201721192,48.599839210510254,0.8044800020399547,0.8044767987728119,0.8029100544505067,0.0011214038454141,0.0872103304839177,0.0010055005550384,15.93186777661036,17.29623525950478,13.969314661733874,-0.0007698931219826,-0.0003455177730256,-0.0004243753489569,0.807200014591217,0.7985799908638,0.0075100064277648,0.001110017299652,0.1287719540865717,13,4,5,9,London,USD,CHF,True,False,5,-84.4752703051927,-253.0861997267178,31.626844692581304,-0.004915135844505203,-0.006238226154567372,-0.00865285908626312,-0.005966465986550262,0.807200014591217,0.7985799908638,0.12877195408657172,0.004859983921051025,0.0010049998760223388,4.835805493117294,1,-0.001391952701676817,sideways,1,2025-09-11 12:47:24.855708,2025-09-13T15:05:02.984977
2025-09-05 14:00:00+01:00,USDCHF,forex,1h,yahoo_finance,0.7997699975967407,0.800000011920929,0.7972099781036377,0.7977200150489807,0,0.0,0.0,USDCHF=X,USDCHF,USD/CHF,-0.0024634459532584,-0.0019699931144714,0.0027900338172912,0.00204998254776,-19.699931144714355,27.9003381729126,0.8040538117999122,0.8043417990207672,0.8028780765585847,0.0012044004999354,0.0936648880453715,0.0011145025491714,13.75578609476402,16.01306979512233,16.55898104274196,-0.0011555280359865,-0.0005075198256178,-0.0006480082103686,0.807200014591217,0.7972099781036377,0.0094799995422363,0.000510036945343,0.0510545628113719,14,4,5,9,London,USD,CHF,True,False,5,-93.81773256654049,-269.66815577052495,34.2412172214246,-0.006946356118042285,-0.008341301069583418,-0.011058233641272897,-0.008390601986386859,0.8066800236701965,0.7972099781036377,0.053857918819745595,0.0027900338172912598,0.0011140018701553344,2.504514482459731,1,-0.002058569120762141,sideways,1,2025-09-11 12:47:24.855708,2025-09-13T15:05:02.984977
2025-09-05 15:00:00+01:00,USDCHF,forex,1h,yahoo_finance,0.797760009765625,0.7987200021743774,0.7972099781036377,0.7976999878883362,0,0.0,0.0,USDCHF=X,USDCHF,USD/CHF,-2.5105501011313255e-05,-2.002716064453125e-05,0.0015100240707397,6.002187728881836e-05,-0.2002716064453125,15.10024070739746,0.8036280955587115,0.8041925990581512,0.8028446151005043,0.0012101169069738,0.0941094466662851,0.0011555016040802,13.97380686550764,9.300600252428978,14.203301769018694,-0.0014460928499613,-0.0006952344304865,-0.0007508584194748,0.807200014591217,0.7972099781036377,0.0095000267028808,0.0004900097846984,0.0490498493481698,15,4,5,9,London,USD,CHF,True,False,5,-93.8051963709799,-196.46481828041794,36.66884885535051,-0.006674479264662803,-0.008748196562152533,-0.010629212788736186,-0.0092652370464682,0.8062999844551086,0.7972099781036377,0.05390642929740008,0.001510024070739746,0.001155000925064087,1.3073791007188675,1,-0.0027488385373683906,sideways,1,2025-09-11 12:47:24.855708,2025-09-13T15:05:02.984977
2025-09-05 16:00:00+01:00,USDCHF,forex,1h,yahoo_finance,0.7976999878883362,0.7978000044822693,0.7957299947738647,0.7957800030708313,0,0.0,0.0,USDCHF=X,USDCHF,USD/CHF,-0.0024069008984034,-0.0019199848175048,0.0020700097084045,0.0019199848175048,-19.199848175048828,20.70009708404541,0.8031285717373803,0.8040181994438171,0.8027992304209824,0.0012794450491949,0.0995010192203271,0.001213002204895,12.23922761703713,4.308269000074816,9.87397968254204,-0.0018104248366659,-0.0009182725117224,-0.0008921523249435,0.807200014591217,0.7957299947738647,0.0114200115203857,5.0008296966552734e-05,0.004359913737106,16,4,5,9,NewYork,USD,CHF,True,False,5,-99.45226406225518,-171.00068471881514,39.272565408173996,-0.00890487887621716,-0.01021157391282812,-0.012152889534481903,-0.010839006702836995,0.8058000206947327,0.7957299947738647,0.0049660544431093774,0.002070009708404541,0.0012125015258789063,1.7072223533113102,1,-0.003553646339101144,sideways,1,2025-09-11 12:47:24.855708,2025-09-13T15:05:02.984977
2025-09-05 17:00:00+01:00,USDCHF,forex,1h,yahoo_finance,0.795799970626831,0.7971400022506714,0.7955700159072876,0.797029972076416,0,0.0,0.0,USDCHF=X,USDCHF,USD/CHF,0.0015707469410657,0.0012499690055847,0.0015699863433837,0.0012300014495849,12.499690055847168,15.69986343383789,0.8027219034376598,0.8038889992237092,0.802759010385681,0.0013687875604113,0.1064490870027907,0.0012425005435943,19.377807353185812,7.485975056409557,7.031614769637784,-0.0019755258760983,-0.0011297231845976,-0.0008458026915007,0.807200014591217,0.7955700159072876,0.010170042514801,0.0014599561691284,0.1255336486964365,17,4,5,9,NewYork,USD,CHF,True,False,5,-84.28461439753626,-127.36056142248236,41.72411464016176,-0.007990561182059985,-0.009088237312356195,-0.01028180293482428,-0.00803993968988137,0.8058000206947327,0.7955700159072876,0.14271314622649756,0.001569986343383789,0.001241999864578247,1.2640793192976059,1,-0.004302832105814088,sideways,1,2025-09-11 12:47:24.855708,2025-09-13T15:05:02.984977
2025-09-05 18:00:00+01:00,USDCHF,forex,1h,yahoo_finance,0.7970100045204163,0.7979099750518799,0.7969800233840942,0.7976199984550476,0,0.0,0.0,USDCHF=X,USDCHF,USD/CHF,0.0007402812934305,0.0005900263786315,0.0009299516677856,0.0006099939346313,5.900263786315918,9.299516677856444,0.8023557123683748,0.8037775993347168,0.8027212082684695,0.0013971929131779,0.1086581397115112,0.0012094974517822,23.50188091118666,12.776573256462868,8.19027243764908,-0.0020352977955793,-0.0013108381067939,-0.0007244596887853,0.807200014591217,0.7955700159072876,0.0095800161361694,0.00204998254776,0.1762667910352144,18,4,5,9,NewYork,USD,CHF,True,False,5,-77.93340177081997,-86.51909272137294,42.9633662528372,-0.0025885151587156097,-0.007490928099580185,-0.009192288994056996,-0.006934840447242241,0.8058000206947327,0.7955700159072876,0.20038920707797542,0.0009299516677856445,0.0012089967727661132,0.7691928454514978,0,-0.004913797624385468,sideways,1,2025-09-11 12:47:24.855708,2025-09-13T15:05:02.984977
2025-09-05 19:00:00+01:00,USDCHF,forex,1h,yahoo_finance,0.7976199984550476,0.7986000180244446,0.7975000143051147,0.798259973526001,0,0.0,0.0,USDCHF=X,USDCHF,USD/CHF,0.0008023558488916,0.0006399750709533,0.0011000037193298,0.0006399750709533,6.399750709533691,11.00003719329834,0.8020338075501579,0.8036783993244171,0.8026858234143519,0.0013939032368152,0.1084023052376507,0.0012079954147338,25.417075564278704,22.30858414599983,14.190377486290751,-0.0020078812277397,-0.0014502467309831,-0.0005576344967566,0.807200014591217,0.7955700159072876,0.008940041065216,0.0026899576187133,0.2312947483330685,19,4,5,9,NewYork,USD,CHF,True,False,5,-70.8562313936443,-61.83531699518222,43.26533359934594,0.0006768771835155007,-0.00627418076449171,-0.00925879758876813,-0.006175145881931243,0.8057299852371216,0.7955700159072876,0.26476040737785705,0.001100003719329834,0.0012074947357177735,0.9109801366346799,0,-0.005418094360626729,sideways,1,2025-09-11 12:47:24.855708,2025-09-13T15:05:02.984977
2025-09-05 20:00:00+01:00,USDCHF,forex,1h,yahoo_finance,0.7982900142669678,0.798520028591156,0.7978900074958801,0.798259973526001,0,0.0,0.0,USDCHF=X,USDCHF,USD/CHF,0.0,0.0,0.0006300210952758,3.0040740966796875e-05,0.0,6.300210952758789,0.8016785695439294,0.8035631990432739,0.8026475814672617,0.0013963760870592,0.1085946160522622,0.0012029975652694,26.950704900738454,26.98884719598408,20.691334866148924,-0.001963519173418,-0.0015529012194701,-0.0004106179539479,0.807200014591217,0.7955700159072876,0.008940041065216,0.0026899576187133,0.2312947483330685,20,4,5,9,NewYork,USD,CHF,True,False,5,-70.2438252475835,-51.037323557983484,43.545731849675484,0.0007020003085962401,-0.0059771644425701265,-0.008557410605059546,-0.007164018489731472,0.8054599761962891,0.7955700159072876,0.27198871786217954,0.0006300210952758789,0.0012024968862533569,0.5239274234121704,0,-0.005872851435274084,sideways,1,2025-09-11 12:47:24.855708,2025-09-13T15:05:02.984977
2025-09-05 21:00:00+01:00,USDCHF,forex,1h,yahoo_finance,0.7982199788093567,0.7985399961471558,0.7974200248718262,0.7976300120353699,0,0.0,0.0,USDCHF=X,USDCHF,USD/CHF,-0.0007891683305233,-0.0006299614906311,0.0011199712753295,0.0005899667739868,-6.299614906311035,11.199712753295898,0.8013204761913845,0.8034351992607117,0.8026068672374055,0.0013977292784747,0.108699852244407,0.0012264966964721,23.603314621758894,27.237595257511146,25.51167553316502,-0.0019566396295592,-0.0016336489014879,-0.0003229907280713,0.807200014591217,0.7955700159072876,0.0095700025558471,0.0020599961280822,0.1771278040580363,21,4,5,9,Sydney,USD,CHF,True,False,5,-77.18715758623875,-51.88443853704069,44.01627391288229,0.0023247743816123823,-0.006600806328887487,-0.00911836931021015,-0.007959888460445042,0.8051199913024902,0.7955700159072876,0.21570695659772066,0.0011199712753295898,0.0012259960174560546,0.9135195052701178,0,-0.006374137017973678,sideways,1,2025-09-11 12:47:24.855708,2025-09-13T15:05:02.984977
2025-09-08 00:00:00+01:00,USDCHF,forex,1h,yahoo_finance,0.7993000149726868,0.7993199825286865,0.798799991607666,0.7992299795150757,0,0.0,0.0,USDCHF=X,USDCHF,USD/CHF,0.002005901803548,0.0015999674797058,0.0005199909210205,7.003545761108398e-05,15.999674797058104,5.199909210205078,0.8010471406437102,0.8033335983753205,0.802573350759653,0.001501231323991,0.1167490912693594,0.0012714952230453,33.798437390512234,32.09875790293872,28.775066785477986,-0.0018013190526043,-0.0016671829317112,-0.0001341361208931,0.807200014591217,0.7955700159072876,0.0079700350761413,0.003659963607788,0.3147002598414301,0,0,8,9,Sydney,USD,CHF,True,False,5,-56.27274345736158,-12.190281326965533,43.48201241510772,0.0027602568482190115,-0.005252360335064932,-0.006526000162259016,-0.006316027550742009,0.80485999584198,0.7955700159072876,0.3939689464904401,0.0005199909210205078,0.0012124955654144287,0.42886006007186994,0,-0.006773781223360396,sideways,1,2025-09-11 12:47:24.855708,2025-09-13T15:05:02.984977
2025-09-08 01:00:00+01:00,USDCHF,forex,1h,yahoo_finance,0.7992299795150757,0.7993999719619751,0.79830002784729,0.7983400225639343,0,0.0,0.0,USDCHF=X,USDCHF,USD/CHF,-0.0011135179784939,-0.0008899569511413,0.001099944114685,0.0008899569511413,-8.899569511413574,10.999441146850586,0.8007547599928719,0.803222998380661,0.8025331310518495,0.001503810160379,0.1169496445085749,0.0013039946556091,32.48569853049507,33.211544468464595,30.84929920963815,-0.0017300950063334,-0.0016797653466356,-5.032965969779639e-05,0.807200014591217,0.7955700159072876,0.0088599920272827,0.0027700066566467,0.2381777274381275,1,0,8,9,Sydney,USD,CHF,True,False,5,-66.90546555100588,-17.919092925784984,43.25263055751454,0.0009027157171102029,-0.001688136134923246,-0.007915831314501354,-0.006879221241725464,0.80485999584198,0.7955700159072876,0.2981714359040164,0.0010999441146850586,0.0012449949979782104,0.8834927983415959,0,-0.006805089770937067,sideways,1,2025-09-11 12:47:24.855708,2025-09-13T15:05:02.984977
2025-09-08 02:00:00+01:00,USDCHF,forex,1h,yahoo_finance,0.7983400225639343,0.7986000180244446,0.7978600263595581,0.7981899976730347,0,0.0,0.0,USDCHF=X,USDCHF,USD/CHF,-0.0001879210444916,-0.0001500248908996,0.0007399916648864,0.0001500248908996,-1.500248908996582,7.399916648864746,0.8004442850748698,0.8031185984611511,0.802487966123518,0.001504505981522,0.1170037577453745,0.0013134956359863,32.69350527212109,36.0413031867545,33.78386851938594,-0.0016665443060354,-0.0016771211385156,1.057683248021496e-05,0.807200014591217,0.7955700159072876,0.0090100169181823,0.002619981765747,0.2252779073283483,2,0,8,9,Sydney,USD,CHF,True,False,5,-68.69788143136905,-27.480625428766544,43.264979286836784,-8.766048065422805e-05,0.0005891573674818851,-0.007757058041080955,-0.006497300278515028,0.80485999584198,0.7955700159072876,0.2820223277300141,0.0007399916648864746,0.0012544959783554078,0.5898716916227766,0,-0.006617461528508454,sideways,1,2025-09-11 12:47:24.855708,2025-09-13T15:05:02.984977
2025-09-08 03:00:00+01:00,USDCHF,forex,1h,yahoo_finance,0.7981899976730347,0.7982000112533569,0.7976800203323364,0.798009991645813,0,0.0,0.0,USDCHF=X,USDCHF,USD/CHF,-0.0002255177686345,-0.0001800060272216,0.0005199909210205,0.0001800060272216,-1.8000602722167969,5.199909210205078,0.8001385700135004,0.8029991984367371,0.8024393945604891,0.0014941395365724,0.116197570845181,0.0013149946928024,32.577714739206044,31.182719126461336,33.47852226056014,-0.0016121213685883,-0.0016641211845301,5.199981594182219e-05,0.807200014591217,0.7955700159072876,0.009190022945404,0.0024399757385253,0.20980017322762,3,0,8,9,Tokyo,USD,CHF,True,False,5,-70.84849563824105,-31.468790447110784,43.36834484267355,-0.0003131584802927856,0.00038862199095346384,-0.008362974312764226,-0.00742555943390788,0.8047999739646912,0.7955700159072876,0.2643539356680206,0.0005199909210205078,0.0012559950351715087,0.41400714689091267,0,-0.006431147176781986,sideways,1,2025-09-11 12:47:24.855708,2025-09-13T15:05:02.984977
2025-09-08 04:00:00+01:00,USDCHF,forex,1h,yahoo_finance,0.7980300188064575,0.7984300255775452,0.7979000210762024,0.7980999946594238,0,0.0,0.0,USDCHF=X,USDCHF,USD/CHF,0.0001127843191852,9.000301361083984e-05,0.0005300045013427,6.99758529663086e-05,0.9000301361083984,5.300045013427734,0.7998223787262326,0.8028847980499267,0.8023901087242168,0.0014935151482899,0.1161490128625353,0.0012989968061447,30.46003535384321,30.866972030953576,32.69699811472314,-0.0015439308339634,-0.0016400831144168,9.615228045339656e-05,0.807200014591217,0.7955700159072876,0.0091000199317932,0.0025299787521362,0.2175390402779842,4,0,8,9,Tokyo,USD,CHF,True,False,5,-67.85270683752917,3.0131447147992323,43.15066350629299,0.0005892238468492295,0.0029153680409659266,-0.007325976368095621,-0.007116044936541721,0.804610013961792,0.7955700159072876,0.27986496643941294,0.0005300045013427734,0.001239997148513794,0.4274239678518725,0,-0.006000619882225507,sideways,1,2025-09-11 12:47:24.855708,2025-09-13T15:05:02.984977
2025-09-08 05:00:00+01:00,USDCHF,forex,1h,yahoo_finance,0.7981100082397461,0.7984499931335449,0.7973899841308594,0.7975000143051147,0,0.0,0.0,USDCHF=X,USDCHF,USD/CHF,-0.0007517608799948,-0.000599980354309,0.0010600090026855,0.0006099939346313,-5.99980354309082,10.600090026855469,0.7995133314813886,0.8027525985240936,0.8023387901075594,0.0014835263713338,0.1153721967823746,0.0013209968805313,39.60104606536777,34.955130661183084,32.33494060619933,-0.0015207722287295,-0.0016162209372793,9.544870854978191e-05,0.807200014591217,0.7955700159072876,0.0097000002861022,0.0019299983978271,0.1659500099939011,5,0,8,9,Tokyo,USD,CHF,True,False,5,-56.43340554068054,-18.286062964461006,43.236556533984924,-0.002164539937566601,0.0005897422244662831,-0.008503854805178901,-0.008220238983414285,0.8046000003814697,0.7955700159072876,0.21373219448441563,0.0010600090026855469,0.0012619972229003906,0.839945590569032,0,-0.005778371495950791,sideways,1,2025-09-11 12:47:24.855708,2025-09-13T15:05:02.984977
2025-09-08 06:00:00+01:00,USDCHF,forex,1h,yahoo_finance,0.7974299788475037,0.7975999712944031,0.79694002866745,0.7972599864006042,0,0.0,0.0,USDCHF=X,USDCHF,USD/CHF,-0.0003009754234545,-0.0002400279045104,0.0006599426269531,0.0001699924468994,-2.4002790451049805,6.59942626953125,0.7991761877423241,0.8026169979572296,0.8022952734769045,0.0014800081867186,0.115098591475735,0.0012954950332641,47.38617429117164,39.9463166242621,35.25613977213292,-0.0015044448098465,-0.0015938657117928,8.942090194624338e-05,0.807200014591217,0.7955700159072876,0.0099400281906127,0.0016899704933166,0.1453113228337578,6,0,8,9,Tokyo,USD,CHF,True,False,5,-55.87493774900399,-73.65888942261176,43.556076622384516,-0.0013528523345998078,-0.00045135785855510147,-0.007938904868869612,-0.008432451394052909,0.8039399981498718,0.7955700159072876,0.20190849207762152,0.000659942626953125,0.0012364953756332398,0.5337202548090016,0,-0.005655254478468261,sideways,1,2025-09-11 12:47:24.855708,2025-09-13T15:05:02.984977
2025-09-08 07:00:00+01:00,USDCHF,forex,1h,yahoo_finance,0.7972599864006042,0.7974200248718262,0.7963299751281738,0.7964299917221069,0,0.0,0.0,USDCHF=X,USDCHF,USD/CHF,-0.0010410589928694,-0.0008299946784973,0.0010900497436523,0.0008299946784973,-8.299946784973145,10.900497436523438,0.7988328536351522,0.8024605977535247,0.8022490097926214,0.0014870067604013,0.1156428627712849,0.0013169974088668,43.392235791771846,36.71519699108789,37.20554809217769,-0.0015407184040507,-0.0015832362502444,4.251784619362163e-05,0.807200014591217,0.7955700159072876,0.0107700228691101,0.0008599758148193,0.0739446184123534,7,0,8,9,Tokyo,USD,CHF,True,False,5,-77.5460657370518,-112.525467974019,44.155106285136355,-0.002204996249086877,-0.002292463438710146,-0.008552260873191275,-0.009723357372329322,0.8039399981498718,0.7955700159072876,0.10274523767135482,0.0010900497436523438,0.001257997751235962,0.8664957807606476,0,-0.005689502215633121,sideways,1,2025-09-11 12:47:24.855708,2025-09-13T15:05:02.984977
2025-09-08 08:00:00+01:00,USDCHF,forex,1h,yahoo_finance,0.7964299917221069,0.7968599796295166,0.7956600189208984,0.795769989490509,0,0.0,0.0,USDCHF=X,USDCHF,USD/CHF,-0.0008287008757301,-0.0006600022315979,0.0011999607086181,0.0006600022315979,-6.600022315979004,11.99960708618164,0.7984742806071327,0.80228799700737,0.8022041196351523,0.0014892968337545,0.1158209592302763,0.0013419955968856,49.94003769059448,23.933432934926955,33.53164885009232,-0.0016042295928677,-0.001587434918769,-1.6794674098685172e-05,0.807200014591217,0.7955700159072876,0.011430025100708,0.0001999735832214,0.0171946350688554,8,0,8,9,Tokyo,USD,CHF,True,False,5,-94.77869770916335,-169.8987464857338,45.01125394686711,-0.0028069850988760026,-0.00311926454798106,-0.009077784633408026,-0.010728539309091456,0.8039399981498718,0.7955700159072876,0.02389175716574684,0.001199960708618164,0.0012829959392547607,0.9352802077574554,1,-0.005785950959738387,sideways,1,2025-09-11 12:47:24.855708,2025-09-13T15:05:02.984977
2025-09-08 09:00:00+01:00,USDCHF,forex,1h,yahoo_finance,0.7957500219345093,0.7961699962615967,0.7950299978256226,0.7958999872207642,0,0.0,0.0,USDCHF=X,USDCHF,USD/CHF,0.0001633609359135,0.0001299977302551,0.0011399984359741,0.0001499652862548,1.2999773025512695,11.399984359741213,0.7981333278474354,0.8021173965930939,0.8021610425068781,0.0014944305135314,0.1162201997998301,0.0013739943504333,42.18536167125591,15.861192841841213,25.50327425595202,-0.0016253370632552,-0.0015950153476663,-3.0321715588969197e-05,0.807200014591217,0.7950299978256226,0.0113000273704528,0.0008699893951416,0.0714862938891854,9,0,8,9,London,USD,CHF,True,False,5,-80.09165802826124,-181.68116838842138,46.06090400923085,-0.002756556137553323,-0.002168956519315368,-0.008755445986283084,-0.010603807204690896,0.8039399981498718,0.7950299978256226,0.0976419038699535,0.001139998435974121,0.0013149946928024292,0.8669224615231201,1,-0.00579017621757421,sideways,1,2025-09-11 12:47:24.855708,2025-09-13T15:05:02.984977
2025-09-08 10:00:00+01:00,USDCHF,forex,1h,yahoo_finance,0.7958999872207642,0.7964800000190735,0.7958700060844421,0.7963299751281738,0,0.0,0.0,USDCHF=X,USDCHF,USD/CHF,0.0005402536930692,0.0004299879074096,0.0006099939346313,0.0004299879074096,4.29987907409668,6.099939346313477,0.797819041070484,0.8019599962234497,0.8021306578929608,0.0014905112630147,0.1159154040438577,0.0013464927673339,40.87663240960097,18.292528228285686,19.36238466835129,-0.0015890508658081,-0.0015938224512946,4.771585486513207e-06,0.807200014591217,0.7950299978256226,0.0108700394630432,0.0012999773025512,0.1068180371144926,10,0,8,9,London,USD,CHF,True,False,5,-70.25205957771837,-107.3437662033945,46.56449333072362,-0.0014671337378725502,-0.00362849800586984,-0.008861800161932942,-0.00978614591486937,0.8034399747848511,0.7950299978256226,0.15457560809661508,0.0006099939346313477,0.001287493109703064,0.47378423234593564,1,-0.00595665764501647,sideways,1,2025-09-11 12:47:24.855708,2025-09-13T15:05:02.984977
2025-09-08 11:00:00+01:00,USDCHF,forex,1h,yahoo_finance,0.7963399887084961,0.7966300249099731,0.7951800227165222,0.7953600287437439,0,0.0,0.0,USDCHF=X,USDCHF,USD/CHF,-0.001218020688313,-0.0009699463844299,0.0014500021934509,0.0009799599647521,-9.699463844299316,14.500021934509276,0.797433804898035,0.8017711973190308,0.8020940095513731,0.0011301650917951,0.0878916828757972,0.0011754930019378,30.405399962947754,19.06950733809809,17.741076136074998,-0.0016198873074118,-0.0015990354225181,-2.0851884893686003e-05,0.807200014591217,0.7950299978256226,0.0118399858474731,0.0003300309181213,0.0271183618295711,11,0,8,9,London,USD,CHF,True,False,5,-92.44776037972612,-117.1612783771433,47.33376837862001,-0.002383109260804761,-0.0037327376004774315,-0.005414572366175152,-0.01172955458042968,0.800000011920929,0.7950299978256226,0.06640442296391351,0.0014500021934509277,0.001116994023323059,1.298128873722322,1,-0.006094259355337939,sideways,1,2025-09-11 12:47:24.855708,2025-09-13T15:05:02.984977
2025-09-08 12:00:00+01:00,USDCHF,forex,1h,yahoo_finance,0.7953699827194214,0.7958199977874756,0.7951099872589111,0.7956500053405762,0,0.0,0.0,USDCHF=X,USDCHF,USD/CHF,0.0003645853278424,0.0002899765968322,0.0007100105285644,0.0002800226211547,2.899765968322754,7.100105285644531,0.7972414238112313,0.8015809977054595,0.8020562624538338,0.0010121481990402,0.0787136403160835,0.0010714918375015,33.02974870944239,17.162693000163674,18.174909522182485,-0.0016024546222267,-0.0015997192624598,-2.735359766901403e-06,0.807200014591217,0.7950299978256226,0.0115500092506408,0.0006200075149536,0.0509454939048579,12,0,8,9,London,USD,CHF,True,False,5,-85.8121010420645,-108.04264108522827,48.077807116992595,-0.0009793533513776653,-0.003182190129998319,-0.002594907573276073,-0.011811293213386698,0.7993999719619751,0.7950299978256226,0.14187898957935513,0.0007100105285644531,0.0010129928588867188,0.7009037845980041,1,-0.006175297635480362,sideways,1,2025-09-11 12:47:24.855708,2025-09-13T15:05:02.984977
2025-09-08 13:00:00+01:00,USDCHF,forex,1h,yahoo_finance,0.7956600189208984,0.7956600189208984,0.7943699955940247,0.7946599721908569,0,0.0,0.0,USDCHF=X,USDCHF,USD/CHF,-0.0012443073500583,-0.0009900331497192,0.0012900233268737,0.0010000467300415,-9.900331497192385,12.900233268737791,0.797095707484654,0.8013873970508576,0.8020137348672846,0.0010418154156723,0.0810208267749192,0.0010604918003082,31.55233053200547,9.168369315418332,15.133523217893368,-0.0016495119478031,-0.0016096777995285,-3.983414827465393e-05,0.807200014591217,0.7943699955940247,0.0125400424003601,0.0002899765968322,0.0226014160147176,13,0,8,9,London,USD,CHF,True,False,5,-94.2350306319544,-120.91801533037415,49.07005635260082,-0.0013948971616318806,-0.004197966804960651,-0.003810976236224839,-0.012034752307332752,0.7993999719619751,0.7943699955940247,0.057649693680455985,0.0012900233268737793,0.0010019928216934205,1.2874576533328574,1,-0.006353235088805729,sideways,1,2025-09-11 12:47:24.855708,2025-09-13T15:05:02.984977
2025-09-08 14:00:00+01:00,USDCHF,forex,1h,yahoo_finance,0.7946599721908569,0.794700026512146,0.7932299971580505,0.7935400009155273,0,0.0,0.0,USDCHF=X,USDCHF,USD/CHF,-0.0014093716992462,-0.0011199712753295,0.0014700293540954,0.0011199712753295,-11.199712753295898,14.70029354095459,0.7968976128669012,0.8011577975749969,0.8019679657050541,0.000949942616069,0.0738759812773316,0.0010304927825927,12.41712728933402,8.325753642029126,11.552271985870377,-0.0017569248037904,-0.0016391272003808,-0.0001177976034095,0.807200014591217,0.7932299971580505,0.0136600136756896,0.0003100037574768,0.0221906492930223,14,0,8,9,London,USD,CHF,True,False,5,-94.97560739989373,-155.88165426434026,50.37751033273661,-0.002965179473714663,-0.00571356192759076,-0.0028148510224685896,-0.014260483160291604,0.7993999719619751,0.7932299971580505,0.05024392600106265,0.001470029354095459,0.0009719938039779663,1.5123855194130253,1,-0.006637646722400416,sideways,1,2025-09-11 12:47:24.855708,2025-09-13T15:05:02.984977
2025-09-08 15:00:00+01:00,USDCHF,forex,1h,yahoo_finance,0.7936800122261047,0.7944899797439575,0.7933700084686279,0.7937600016593933,0,0.0,0.0,USDCHF=X,USDCHF,USD/CHF,0.0002772396396049,0.0002200007438659,0.0011199712753295,7.998943328857422e-05,2.200007438659668,11.199712753295898,0.7968014223234994,0.8009343981742859,0.801922965835739,0.0008677831459341,0.0674865306149708,0.00100799202919,16.811216115823854,6.886351207844673,8.126824721764043,-0.0018035083233148,-0.0016720034249676,-0.0001315048983471,0.807200014591217,0.7932299971580505,0.0134400129318237,0.0005300045013427,0.0379387143844558,15,0,8,9,London,USD,CHF,True,False,5,-90.13030834461784,-133.90614906637435,51.5915747428627,-0.003227272046825602,-0.00468967094499706,-0.00410269441750577,-0.013876946353522324,0.7993999719619751,0.7932299971580505,0.08590059411679467,0.0011199712753295898,0.0009494930505752564,1.1795465745126288,1,-0.006827530825902096,sideways,1,2025-09-11 12:47:24.855708,2025-09-13T15:05:02.984977
2025-09-08 16:00:00+01:00,USDCHF,forex,1h,yahoo_finance,0.7937700152397156,0.7938500046730042,0.7929199934005737,0.7934499979019165,0,0.0,0.0,USDCHF=X,USDCHF,USD/CHF,-0.0003905509937874,-0.0003100037574768,0.0009300112724304,0.000320017337799,-3.1000375747680664,9.3001127243042,0.7966309473628089,0.800693998336792,0.8018775811562171,0.0008393115968046,0.0652723298886921,0.0010079950094223,16.430272022693885,8.159417638720763,7.790507496198187,-0.0018441822258371,-0.0017064391851415,-0.0001377430406955,0.807200014591217,0.7929199934005737,0.0137500166893005,0.0005300045013427,0.0371151060819186,16,0,8,9,NewYork,USD,CHF,True,False,5,-90.41583133932613,-137.01724728270517,52.86128947070576,-0.0024014669744520933,-0.004778853277070505,-0.005228054162644158,-0.014922954333815075,0.7993999719619751,0.7929199934005737,0.08179108870819382,0.0009300112724304199,0.0009494960308074951,0.979478841675089,1,-0.007005177155175761,sideways,1,2025-09-11 12:47:24.855708,2025-09-13T15:05:02.984977
2025-09-08 17:00:00+01:00,USDCHF,forex,1h,yahoo_finance,0.7934499979019165,0.7946000099182129,0.7932699918746948,0.7942600250244141,0,0.0,0.0,USDCHF=X,USDCHF,USD/CHF,0.0010208924628387,0.0008100271224975,0.001330018043518,0.0008100271224975,8.100271224975586,13.300180435180664,0.7964709486280169,0.8004677987098694,0.801837471487758,0.0008551664771936,0.0665053463119564,0.0010194957256317,25.61775283685745,14.561966027876744,9.869244958147393,-0.0017904153735873,-0.0017232344228307,-6.718095075663295e-05,0.807200014591217,0.7929199934005737,0.0129399895668029,0.0013400316238403,0.09383961031643,17,0,8,9,NewYork,USD,CHF,True,False,5,-75.76796223242579,-89.92554469778294,52.84488070046164,-0.001746974557697789,-0.002724617003687646,-0.005010834357532357,-0.014039724985649538,0.7993999719619751,0.7929199934005737,0.206795687847235,0.0013300180435180664,0.0009609967470169068,1.3839984866199213,1,-0.006995659734604198,sideways,1,2025-09-11 12:47:24.855708,2025-09-13T15:05:02.984977
2025-09-08 18:00:00+01:00,USDCHF,forex,1h,yahoo_finance,0.7942500114440918,0.7946500182151794,0.7942000031471252,0.7945700287818909,0,0.0,0.0,USDCHF=X,USDCHF,USD/CHF,0.0003903051239011,0.0003100037574768,0.0004500150680541,0.000320017337799,3.1000375747680664,4.500150680541992,0.7962952369735354,0.8002575993537903,0.8017984055555784,0.0008655809397358,0.0673152674869477,0.0010104954242706,27.68655760434642,21.218033010699376,14.646472225765628,-0.0017031571084239,-0.0017192189599493,1.6061851525434306e-05,0.807200014591217,0.7929199934005737,0.0126299858093261,0.0016500353813171,0.1155485247037511,18,0,8,9,NewYork,USD,CHF,True,False,5,-70.16210739614995,-54.808954736412815,52.752831845655805,-0.00011318477350519274,-0.001507924054017673,-0.004622484987956033,-0.013054563333489089,0.7993999719619751,0.7929199934005737,0.2546359321535009,0.0004500150680541992,0.0009519964456558228,0.4727066682945307,0,-0.006884779435413725,sideways,1,2025-09-11 12:47:24.855708,2025-09-13T15:05:02.984977
2025-09-08 19:00:00+01:00,USDCHF,forex,1h,yahoo_finance,0.7945299744606018,0.7946000099182129,0.7929700016975403,0.7932699918746948,0,0.0,0.0,USDCHF=X,USDCHF,USD/CHF,-0.0016361514531186,-0.001300036907196,0.0016300082206726,0.0012599825859069,-13.00036907196045,16.300082206726074,0.7960576187996637,0.7999913990497589,0.8017530208760566,0.0009136951188719,0.0710570537137187,0.0010359972715377,25.43543876166477,20.51618852381488,18.765395854130333,-0.0017190898208109,-0.0017191931321216,1.0331131076448882e-07,0.807200014591217,0.7929199934005737,0.0139300227165222,0.000349998474121,0.0245096606964717,19,0,8,9,NewYork,USD,CHF,True,False,5,-92.52136479997962,-91.65402204103016,53.21155942210602,-0.0003402588911977089,-0.0033044294362324367,-0.0054662187917795535,-0.016501791619923156,0.7993999719619751,0.7929199934005737,0.05401228889951801,0.0016300082206726074,0.0009774982929229737,1.6675305036067731,0,-0.0068830693682215985,sideways,1,2025-09-11 12:47:24.855708,2025-09-13T15:05:02.984977
2025-09-08 20:00:00+01:00,USDCHF,forex,1h,yahoo_finance,0.7932699918746948,0.7933400273323059,0.7926999926567078,0.7930099964141846,0,0.0,0.0,USDCHF=X,USDCHF,USD/CHF,-0.0003277515387867,-0.0002599954605102,0.0006400346755981,0.0002599954605102,-2.599954605102539,6.400346755981445,0.7958376180557978,0.7997333991527558,0.8017085702209682,0.0007397125879217,0.0575266256840293,0.0009835004806518,25.376587677070447,14.628119731531294,18.787447088681848,-0.0017327223265585,-0.001721898971009,-1.0823355549464952e-05,0.807200014591217,0.7926999926567078,0.0141900181770324,0.0003100037574768,0.0213795371398035,20,0,8,9,NewYork,USD,CHF,True,False,5,-93.43216860927654,-113.39715233588625,53.74205312273726,-0.0009448765919684021,-0.004169099264981102,-0.0077824697024816425,-0.016006743916799793,0.7993999719619751,0.7926999926567078,0.04626936044908235,0.0006400346755981445,0.0009835004806518556,0.6507721024944849,0,-0.006977818200350056,sideways,1,2025-09-11 12:47:24.855708,2025-09-13T15:05:02.984977
2025-09-08 21:00:00+01:00,USDCHF,forex,1h,yahoo_finance,0.7930499911308289,0.7933300137519836,0.79271000623703,0.7927299737930298,0,0.0,0.0,USDCHF=X,USDCHF,USD/CHF,-0.0003531136081776,-0.0002800226211547,0.0006200075149536,0.000320017337799,-2.800226211547852,6.200075149536133,0.7955280939737955,0.7994545984268189,0.8016615372437698,0.0007198596890472,0.0559826878074183,0.0009595036506652,27.10386544703452,4.922389746668885,13.355566000671686,-0.0017459949281732,-0.0017267181624419,-1.9276765731385343e-05,0.807200014591217,0.7926999926567078,0.0144700407981872,2.9981136322021484e-05,0.0020676614461298,21,0,8,9,Sydney,USD,CHF,True,False,5,-99.27929735073718,-106.3991188346017,54.23465441618055,-0.0009074599669678385,-0.003306747706278701,-0.007027142085257565,-0.017280965106526436,0.7986000180244446,0.7926999926567078,0.005081526680540682,0.0006200075149536133,0.0009595036506652832,0.6461752537613836,0,-0.006960494127021791,sideways,1,2025-09-11 12:47:24.855708,2025-09-13T15:05:02.984977
2025-09-08 22:00:00+01:00,USDCHF,forex,1h,yahoo_finance,0.7929400205612183,0.7936499714851379,0.7922800183296204,0.7928900122642517,0,0.0,0.0,USDCHF=X,USDCHF,USD/CHF,0.0002018827047198,0.0001600384712219,0.0013699531555175,5.0008296966552734e-05,1.6003847122192385,13.69953155517578,0.7952685696738107,0.7991795980930329,0.8016141748035347,0.0007297531523344,0.0567520914495033,0.0009910017251968,31.002893718743124,7.103787299764041,8.88476559265474,-0.0017237297103304,-0.0017261204720196,2.390761689192956e-06,0.8066800236701965,0.7922800183296204,0.0137900114059448,0.0006099939346313,0.0423606741945097,22,0,8,9,Sydney,USD,CHF,True,False,5,-85.97717214069417,-93.925795214908,54.86665324270562,-0.0017248919963209763,-0.00346885321158652,-0.00664000479113247,-0.017046038128232133,0.7984499931335449,0.7922800183296204,0.09886489880693619,0.0013699531555175781,0.0009910017251968384,1.382392301330727,0,-0.0069641392551777394,sideways,1,2025-09-11 12:47:24.855708,2025-09-13T15:05:02.984977
2025-09-08 23:00:00+01:00,USDCHF,forex,1h,yahoo_finance,0.7929199934005737,0.7932999730110168,0.7925999760627747,0.7931200265884399,0,0.0,0.0,USDCHF=X,USDCHF,USD/CHF,0.0002900961301446,0.0002300143241882,0.0006999969482421,0.0002000331878662,2.300143241882324,6.999969482421875,0.7950271424793062,0.7989165985584259,0.8015673068853525,0.0007427349760423,0.057761673448422,0.0010000020265579,31.901435778036472,11.35134532753205,7.792507457988325,-0.0016682930868961,-0.0017145549949949,4.626190809872482e-05,0.8062999844551086,0.7922800183296204,0.0131799578666687,0.0008400082588195,0.0599151418270865,23,0,8,9,Sydney,USD,CHF,True,False,5,-80.68949452597252,-81.31000734229764,55.453509295907466,-0.0018248891109998722,-0.0019378673348443565,-0.006127699037060896,-0.01630964401034196,0.7984499931335449,0.7922800183296204,0.13614452011785733,0.0006999969482421875,0.0010000020265579224,0.6999955296607012,0,-0.006829990823194208,sideways,1,2025-09-11 12:47:24.855708,2025-09-13T15:05:02.984977
2025-09-09 00:00:00+01:00,USDCHF,forex,1h,yahoo_finance,0.7931900024414062,0.7932299971580505,0.7925699949264526,0.7928100228309631,0,0.0,0.0,USDCHF=X,USDCHF,USD/CHF,-0.0003908661325956,-0.0003100037574768,0.0006600022315979,0.0003799796104431,-3.1000375747680664,6.600022315979004,0.7947795249166942,0.7986613988876343,0.8015181310884245,0.000736262353909,0.05725830482021,0.0010065019130706,26.720121100309854,15.172442142475438,11.209191589923842,-0.0016305775923587,-0.0016977595144676,6.718192210894837e-05,0.8058000206947327,0.7922800183296204,0.0129899978637695,0.0005300045013427,0.0392015095138166,0,1,9,9,Sydney,USD,CHF,True,False,5,-87.81600690590702,-87.19758447064149,56.01162196264029,-0.000579839207890176,-0.0009199008036419043,-0.00662820682102383,-0.015839695418987554,0.7984499931335449,0.7922800183296204,0.08590059411679467,0.0006600022315979004,0.0010065019130706787,0.6557386757312141,0,-0.006604039185645633,sideways,1,2025-09-11 12:47:24.855708,2025-09-13T15:05:02.984977
2025-09-09 01:00:00+01:00,USDCHF,forex,1h,yahoo_finance,0.7928100228309631,0.7930899858474731,0.792169988155365,0.7925199866294861,0,0.0,0.0,USDCHF=X,USDCHF,USD/CHF,-0.0003658331669942,-0.000290036201477,0.0009199976921081,0.000290036201477,-2.900362014770508,9.199976921081545,0.794513810248602,0.7984055984020233,0.8014705485695011,0.0007297157411719,0.0567491820249823,0.0009995013475418,29.36065147708568,13.694490851478642,13.406092773828709,-0.0016055831259031,-0.0016793242367547,7.374111085159179e-05,0.8058000206947327,0.792169988155365,0.0132800340652465,0.000349998474121,0.0256784767835433,1,1,9,9,Sydney,USD,CHF,True,False,5,-90.41102601368453,-102.58295705483476,56.70560813410971,-0.000617911233041446,-0.001562203975149834,-0.0062445486975544195,-0.015882112611632415,0.7975999712944031,0.792169988155365,0.06445664105378705,0.0009199976921081543,0.000999501347541809,0.9204566800943417,0,-0.006441077319583926,sideways,1,2025-09-11 12:47:24.855708,2025-09-13T15:05:02.984977
2025-09-09 02:00:00+01:00,USDCHF,forex,1h,yahoo_finance,0.7925199866294861,0.7928400039672852,0.7921000123023987,0.7922800183296204,0,0.0,0.0,USDCHF=X,USDCHF,USD/CHF,-0.0003027914802329,-0.0002399682998657,0.0007399916648864,0.0002399682998657,-2.3996829986572266,7.399916648864746,0.7942652390116737,0.7981507992744445,0.8014217025631076,0.0007297142916566,0.0567490692977865,0.0010035037994384,25.33008700508765,8.943102253093548,12.60334508234921,-0.0015868460934741,-0.0016608286080986,7.398251462451401e-05,0.8058000206947327,0.7921000123023987,0.0135200023651123,0.0001800060272216,0.0131391180258257,2,1,9,9,Sydney,USD,CHF,True,False,5,-94.9436603211278,-112.6312116928474,57.38052938434415,-0.0005676024349836606,-0.0014745473254645924,-0.0062463539572166216,-0.015825640082470005,0.7974200248718262,0.7921000123023987,0.03383563945997423,0.0007399916648864746,0.0010035037994384766,0.737407935376574,0,-0.006270483003834077,sideways,1,2025-09-11 12:47:24.855708,2025-09-13T15:05:02.984977
2025-09-09 03:00:00+01:00,USDCHF,forex,1h,yahoo_finance,0.7922800183296204,0.7928199768066406,0.7920200228691101,0.7926999926567078,0,0.0,0.0,USDCHF=X,USDCHF,USD/CHF,0.00053008319959,0.0004199743270874,0.0007999539375305,0.0004199743270874,4.199743270874023,7.999539375305176,0.7940480964524406,0.7978903996944428,0.8013773069276915,0.0007317770581268,0.0569094883531624,0.0009889990091323,34.345454026107575,13.339095391972904,11.992229498848364,-0.001520580140624,-0.0016327789146037,0.0001121987739796,0.8057299852371216,0.7920200228691101,0.0130299925804138,0.0006799697875976,0.0495967654283416,3,1,9,9,Tokyo,USD,CHF,True,False,5,-74.62802748926896,-92.14845642462394,58.04376696748901,-0.00023965443454299074,-0.0019641330528479273,-0.00468339854622235,-0.016159434366903702,0.7968599796295166,0.7920200228691101,0.14049088065417914,0.0007999539375305176,0.0009889990091323853,0.8088521122304152,0,-0.006141688983841025,sideways,1,2025-09-11 12:47:24.855708,2025-09-13T15:05:02.984977
2025-09-09 04:00:00+01:00,USDCHF,forex,1h,yahoo_finance,0.7926999926567078,0.7930499911308289,0.7925800085067749,0.7929700016975403,0,0.0,0.0,USDCHF=X,USDCHF,USD/CHF,0.0003406194567097,0.0002700090408325,0.0004699826240539,0.0002700090408325,2.7000904083251958,4.699826240539551,0.7938833350226993,0.7976468002796173,0.8013409883766384,0.0007285036133026,0.0566549161880097,0.0009525001049041,44.73211629777342,22.18308136958008,14.821759671548842,-0.0014297946399415,-0.0015921820596712,0.0001623874197297,0.8054599761962891,0.7920200228691101,0.0124899744987487,0.0009499788284301,0.0706831940040357,4,1,9,9,Tokyo,USD,CHF,True,False,5,-63.87906808086302,-42.025970733501346,58.127541058401725,-0.00018915786497664122,-0.0020137017838484095,-0.003518589328508681,-0.0151275801505385,0.7966300249099731,0.7920200228691101,0.20606906895258784,0.0004699826240539551,0.0009525001049041748,0.49342002340381597,0,-0.006038760476487808,sideways,1,2025-09-11 12:47:24.855708,2025-09-13T15:05:02.984977
2025-09-09 05:00:00+01:00,USDCHF,forex,1h,yahoo_finance,0.7929800152778625,0.7929999828338623,0.7921299934387207,0.7922599911689758,0,0.0,0.0,USDCHF=X,USDCHF,USD/CHF,-0.0008953813221742,-0.0007100105285644,0.0008699893951416,0.0007200241088867,-7.100105285644531,8.699893951416016,0.7937161922454834,0.7973925995826722,0.8012921420427469,0.0007409094344078,0.0576197031048157,0.0009389996528625,37.288358184830486,23.539063510889743,19.68708009081424,-0.0013990114591788,-0.0015535479395728,0.0001545364803939,0.8051199913024902,0.7920200228691101,0.0128600001335144,0.0002399682998657,0.0183182349702658,5,1,9,9,Tokyo,USD,CHF,True,False,5,-90.8757138971988,-89.77128292408653,58.45605332225359,-0.0006937748592320547,-0.0012732117892574335,-0.004573433986974851,-0.015789451080757577,0.7966300249099731,0.7920200228691101,0.052053838097823976,0.0008699893951416016,0.0009389996528625488,0.9265066206248651,0,-0.005848558599356242,sideways,1,2025-09-11 12:47:24.855708,2025-09-13T15:05:02.984977
2025-09-09 06:00:00+01:00,USDCHF,forex,1h,yahoo_finance,0.7922400236129761,0.7923499941825867,0.7915800213813782,0.7917900085449219,0,0.0,0.0,USDCHF=X,USDCHF,USD/CHF,-0.0005932176675493,-0.0004699826240539,0.0007699728012084,0.0004500150680541,-4.699826240539551,7.699728012084961,0.7935204789752052,0.7971387994289398,0.8012360982842498,0.000722089821951,0.0561561227642919,0.0009469985961914,36.30399716736172,17.36173261003862,21.02795916350281,-0.0013964419233586,-0.0015221267363299,0.0001256848129713,0.80485999584198,0.7915800213813782,0.0130699872970581,0.0002099871635437,0.0158123168208401,6,1,9,9,Tokyo,USD,CHF,True,False,5,-93.16002019182233,-151.71827708045655,59.03199635354573,-0.0009210847636395014,-0.001538426848058938,-0.005701112258798546,-0.015774173914299805,0.7966300249099731,0.7915800213813782,0.04158158748893479,0.0007699728012084961,0.0009469985961914062,0.8130664652567976,0,-0.0056850776574828114,sideways,1,2025-09-11 12:47:24.855708,2025-09-13T15:05:02.984977
2025-09-09 07:00:00+01:00,USDCHF,forex,1h,yahoo_finance,0.7917900085449219,0.7926099896430969,0.7914999723434448,0.7920500040054321,0,0.0,0.0,USDCHF=X,USDCHF,USD/CHF,0.0003283641593154,0.0002599954605102,0.001110017299652,0.0002599954605102,2.599954605102539,11.100172996520996,0.7933166708265033,0.7968856000900268,0.8011836805841425,0.0006994277812115,0.0543937210475344,0.0009299993515014,29.945696854311805,11.141778079240371,17.34752473338958,-0.00135777450758,-0.0014892562905799,0.0001314817829999,0.80485999584198,0.7914999723434448,0.0128099918365478,0.0005500316619873,0.0411699621671782,7,1,9,9,Tokyo,USD,CHF,True,False,5,-82.53893167325776,-118.94099811235186,58.981006127901786,-0.0002903194815807586,-0.0008577571305197207,-0.004161668450374467,-0.015732335130240083,0.7958199977874756,0.7914999723434448,0.12732139407820303,0.0011100172996520996,0.0009299993515014648,1.1935678211603047,0,-0.005454476298607866,sideways,1,2025-09-11 12:47:24.855708,2025-09-13T15:05:02.984977
2025-09-09 08:00:00+01:00,USDCHF,forex,1h,yahoo_finance,0.7920799851417542,0.7940999865531921,0.7916100025177002,0.7936400175094604,0,0.0,0.0,USDCHF=X,USDCHF,USD/CHF,0.0020074660639954,0.0015900135040283,0.0024899840354919,0.0015600323677062,15.900135040283203,24.899840354919437,0.7932347655296326,0.7966698002815247,0.8011381861927745,0.0008504219934716,0.0661363730869539,0.0010189980268478,43.15171305927896,31.11130880918532,19.871606499488102,-0.0011851676258641,-0.0014284385576368,0.0002432709317726,0.80485999584198,0.7914999723434448,0.0112199783325195,0.0021400451660156,0.1601827396673567,8,1,9,9,Tokyo,USD,CHF,True,False,5,-30.96712170736397,72.01281137645799,56.2976164974442,0.0011858519761078767,0.0009459133468801006,-0.0025262210992574863,-0.01341321223559766,0.7956600189208984,0.7914999723434448,0.5144281743416339,0.0024899840354919434,0.0010189980268478394,2.4435611943179523,1,-0.005090933889971284,sideways,1,2025-09-11 12:47:24.855708,2025-09-13T15:05:02.984977
2025-09-09 09:00:00+01:00,USDCHF,forex,1h,yahoo_finance,0.7936300039291382,0.7943999767303467,0.7928299903869629,0.7930600047111511,0,0.0,0.0,USDCHF=X,USDCHF,USD/CHF,-0.0007308260489805,-0.0005800127983093,0.0015699863433837,0.000569999217987,-5.800127983093262,15.69986343383789,0.7931114321663266,0.7964362001419067,0.8010909334643856,0.0008221690322058,0.0639391716958412,0.0010329961776733,48.27030901717416,46.7626949399106,29.671927276112097,-0.0010826969574236,-0.0013592902375941,0.0002765932801705,0.8047999739646912,0.7914999723434448,0.01173996925354,0.0015600323677062,0.1172956524467031,9,1,9,9,London,USD,CHF,True,False,5,-46.205861799646485,137.98439230290987,53.38866180315773,0.00011350115820030204,-7.567817641296326e-05,-0.0020133988569912553,-0.014514012987048575,0.794700026512146,0.7914999723434448,0.48750186261361944,0.001569986343383789,0.0010329961776733398,1.5198375147136889,1,-0.004806656619574539,sideways,1,2025-09-11 12:47:24.855708,2025-09-13T15:05:02.984977
2025-09-09 10:00:00+01:00,USDCHF,forex,1h,yahoo_finance,0.7930600047111511,0.7931100130081177,0.7922300100326538,0.7928000092506409,0,0.0,0.0,USDCHF=X,USDCHF,USD/CHF,-0.0003278383211431,-0.0002599954605102,0.0008800029754638,0.0002599954605102,-2.599954605102539,8.800029754638672,0.7930228625025068,0.7962124001979828,0.8010487906880431,0.0007651353508176,0.0595037256940107,0.0010034948587417,48.27030901717416,55.885269182731896,44.58642431060927,-0.0010108156219349,-0.0012895953144623,0.0002787796925274,0.804610013961792,0.7914999723434448,0.0118100047111511,0.001300036907196,0.0991634462377813,10,1,9,9,London,USD,CHF,True,False,5,-55.17120894479385,2.700828479095315,51.253720290783285,0.0006816172565626832,-1.2630491585507997e-05,-0.0009325196764280452,-0.013918079959290397,0.7946500182151794,0.7914999723434448,0.4127041192832409,0.0008800029754638672,0.0010034948587417602,0.8769382003284658,1,-0.004528184623465525,sideways,1,2025-09-11 12:47:24.855708,2025-09-13T15:05:02.984977
2025-09-09 11:00:00+01:00,USDCHF,forex,1h,yahoo_finance,0.7928000092506409,0.793720006942749,0.7924000024795532,0.7935900092124939,0,0.0,0.0,USDCHF=X,USDCHF,USD/CHF,0.0009964681541814,0.000789999961853,0.0013200044631958,0.000789999961853,7.899999618530273,13.200044631958008,0.7930252438499814,0.7959974002838135,0.8010101095660702,0.0007973684274795,0.0620104562351038,0.001013496518135,56.53516916527016,56.89768569901756,53.18188327388668,-0.0008799591299718,-0.0012076680775642,0.0003277089475923,0.8046000003814697,0.7914999723434448,0.0110099911689758,0.002090036869049,0.1595444576898927,11,1,9,9,London,USD,CHF,True,False,5,-27.929872158507006,99.60909839638477,48.44894063554504,0.0022733308682183484,0.0013501521741534628,-0.00021416101408999744,-0.01336498948541287,0.7946500182151794,0.7914999723434448,0.6634941058487389,0.0013200044631958008,0.0010134965181350709,1.3024262437770713,1,-0.004124881028440999,sideways,1,2025-09-11 12:47:24.855708,2025-09-13T15:05:02.984977
2025-09-09 12:00:00+01:00,USDCHF,forex,1h,yahoo_finance,0.7935299873352051,0.7943199872970581,0.793470025062561,0.7942500114440918,0,0.0,0.0,USDCHF=X,USDCHF,USD/CHF,0.000831666507814,0.0006600022315979,0.000849962234497,0.0007200241088867,6.600022315979004,8.499622344970703,0.7930485776492527,0.795809600353241,0.8009714831362714,0.0008133756771709,0.0632553222496422,0.0010094940662384,59.6044888578332,70.57590331730177,61.119619399683735,-0.0007147584624663,-0.0011090861545446,0.0003943276920782,0.8039399981498718,0.7914999723434448,0.00968998670578,0.0027500391006469,0.2210637777958784,12,1,9,9,London,USD,CHF,True,False,5,-5.17120894479385,192.37970590151212,45.12563308487391,0.0027776118016971107,0.0024864859252979876,0.0010082721586623933,-0.011684331834490136,0.7946500182151794,0.7914999723434448,0.8730155726693031,0.0008499622344970703,0.0010094940662384033,0.8419685295072772,1,-0.0036423226508109766,sideways,1,2025-09-11 12:47:24.855708,2025-09-13T15:05:02.984977
2025-09-09 13:00:00+01:00,USDCHF,forex,1h,yahoo_finance,0.7942399978637695,0.7955999970436096,0.7941799759864807,0.7949399948120117,0,0.0,0.0,USDCHF=X,USDCHF,USD/CHF,0.0008687231450779,0.0006899833679199,0.0014200210571289,0.0006999969482421,6.899833679199219,14.200210571289062,0.7931195298830668,0.7956423997879029,0.8009349995262021,0.0008044858325977,0.0625639689193062,0.0010139942169189,62.06877470355732,83.60046682341743,70.35801861324559,-0.0005221409362108,-0.0009916971108779,0.000469556174667,0.8039399981498718,0.7914999723434448,0.0090000033378601,0.0034400224685668,0.276528563693947,13,1,9,9,London,USD,CHF,True,False,5,-16.097518426446857,228.40877597933982,43.01097796805534,0.001637993641790736,0.0028257880358957266,0.0008561047593660387,-0.010407105722297971,0.7955999970436096,0.7914999723434448,0.8390248157355314,0.0014200210571289062,0.0010139942169189453,1.40042323066071,1,-0.003151408915486678,sideways,1,2025-09-11 12:47:24.855708,2025-09-13T15:05:02.984977
2025-09-09 14:00:00+01:00,USDCHF,forex,1h,yahoo_finance,0.794950008392334,0.7951599955558777,0.7938600182533264,0.7943500280380249,0,0.0,0.0,USDCHF=X,USDCHF,USD/CHF,-0.0007421525874117,-0.0005899667739868,0.0012999773025512,0.000599980354309,-5.899667739868164,12.999773025512695,0.7931238157408578,0.7954682004451752,0.8008991204775296,0.0008184930943496,0.0636532980950134,0.0010564923286437,59.84664283482092,82.74813579268596,78.97483531113505,-0.0004123423214146,-0.0008758261529852,0.0004634838315706,0.8039399981498718,0.7914999723434448,0.0095899701118469,0.00285005569458,0.2291036802437844,14,1,9,9,London,USD,CHF,True,False,5,-30.48686525070144,134.95429852622726,40.68396778749477,0.001626640253209688,0.001740326036962836,-0.0002768802445307639,-0.010845973138646325,0.7955999970436096,0.7914999723434448,0.6951313474929856,0.0012999773025512695,0.0010564923286437988,1.2304654442877292,1,-0.002759623293836556,sideways,1,2025-09-11 12:47:24.855708,2025-09-13T15:05:02.984977
2025-09-09 15:00:00+01:00,USDCHF,forex,1h,yahoo_finance,0.7943699955940247,0.7959100008010864,0.7928199768066406,0.7952100038528442,0,0.0,0.0,USDCHF=X,USDCHF,USD/CHF,0.0010826157039904,0.0008599758148193,0.0030900239944458,0.0008400082588195,8.59975814819336,30.900239944458008,0.7931542907442365,0.795313800573349,0.800865494287931,0.0007583821313828,0.0589785353255747,0.0011294931173324,66.03130172848628,79.18092402594634,81.84317554734992,-0.000253016648567,-0.0007512642521016,0.0004982476035345,0.8039399981498718,0.7914999723434448,0.0087299942970275,0.0037100315093994,0.2982334254871615,15,1,9,9,London,USD,CHF,True,False,5,-15.872844245012704,122.72491525322825,38.08642516496598,0.0030398518845644595,0.0037235411566292065,0.0024455885108733977,-0.009614777895809667,0.7959100008010864,0.7914999723434448,0.8412715575498729,0.0030900239944458008,0.0011294931173324585,2.735761685510363,1,-0.002195097625595225,sideways,1,2025-09-11 12:47:24.855708,2025-09-13T15:05:02.984977
2025-09-09 16:00:00+01:00,USDCHF,forex,1h,yahoo_finance,0.795199990272522,0.7964900135993958,0.7951800227165222,0.7960900068283081,0,0.0,0.0,USDCHF=X,USDCHF,USD/CHF,0.001106629659084,0.0008800029754638,0.0013099908828735,0.0008900165557861,8.800029754638672,13.099908828735352,0.7932885771705991,0.7951666009426117,0.8008336811275273,0.0007810550970182,0.0607417866593404,0.0011629909276962,71.0964573555912,81.87472967398206,81.26792983087147,-5.510579403600335e-05,-0.0006120325604884,0.0005569267664524,0.8034399747848511,0.7914999723434448,0.0073499679565429,0.0045900344848632,0.3844249201277955,16,1,9,9,NewYork,USD,CHF,True,False,5,-8.016101482339732,171.9739352592113,35.61088689775681,0.0031502382676100726,0.005430730669724326,0.0038839490397986065,-0.009160472516579476,0.7964900135993958,0.7914999723434448,0.9198389851766027,0.0013099908828735352,0.001162990927696228,1.1263981959588454,1,-0.0014696190393063936,sideways,1,2025-09-11 12:47:24.855708,2025-09-13T15:05:02.984977
2025-09-09 17:00:00+01:00,USDCHF,forex,1h,yahoo_finance,0.7960699796676636,0.7969800233840942,0.7956500053405762,0.7968400120735168,0,0.0,0.0,USDCHF=X,USDCHF,USD/CHF,0.0009421111165517,0.0007500052452087,0.001330018043518,0.0007700324058532,7.500052452087402,13.300180435180664,0.7934709588686625,0.795109601020813,0.8008065934364612,0.0007869666870035,0.0612015244410636,0.0011984914541244,72.1155928015589,91.18537571542026,84.08034313844956,0.000160410032283,-0.0004575440419341,0.0006179540742172,0.800000011920929,0.7914999723434448,0.0031599998474121,0.005340039730072,0.6282370430624022,17,1,9,9,NewYork,USD,CHF,True,False,5,-2.554927126386774,159.9340351569634,33.748751931931615,0.003260938737307706,0.006047608160925977,0.005184663651383703,-0.0035638760780324352,0.7969800233840942,0.7914999723434448,0.9744507287361323,0.0013300180435180664,0.0011984914541244506,1.109743452021276,1,-0.0007956025769860954,sideways,1,2025-09-11 12:47:24.855708,2025-09-13T15:05:02.984977
2025-09-09 18:00:00+01:00,USDCHF,forex,1h,yahoo_finance,0.7968599796295166,0.7973499894142151,0.7966600060462952,0.7972699999809265,0,0.0,0.0,USDCHF=X,USDCHF,USD/CHF,0.0005396163607431,0.0004299879074096,0.0006899833679199,0.0004100203514099,4.29987907409668,6.899833679199219,0.7936871505918957,0.7951006007194519,0.8007804394423307,0.00078929910175,0.0613829137431361,0.0011644929647445,72.58417961657422,96.02054488043215,89.69355008994482,0.0003617344582548,-0.0002936883418963,0.0006554228001512,0.7993999719619751,0.7914999723434448,0.0021299719810485,0.0057700276374816,0.7303832805190886,18,1,9,9,NewYork,USD,CHF,True,False,5,-1.3673367499770752,153.258724100106,32.33586587860971,0.002931045341939109,0.004573840017363828,0.0055240798205629105,-0.0005641265852237565,0.7973499894142151,0.7914999723434448,0.9863266325002292,0.0006899833679199219,0.001164492964744568,0.5925182794653209,0,-0.00032774808472673484,sideways,1,2025-09-11 12:47:24.855708,2025-09-13T15:05:02.984977
2025-09-09 19:00:00+01:00,USDCHF,forex,1h,yahoo_finance,0.7972699999809265,0.7979199886322021,0.7969800233840942,0.7976899743080139,0,0.0,0.0,USDCHF=X,USDCHF,USD/CHF,0.0005267654961274,0.0004199743270874,0.0009399652481079,0.0004199743270874,4.199743270874023,9.399652481079102,0.7939157202130273,0.7951004004478455,0.8007513183158833,0.0007912966584127,0.0615382615042747,0.0011764913797378,79.41518353008033,97.4983225261562,94.90141437400288,0.0005488471661398,-0.0001251812402891,0.000674028406429,0.7993999719619751,0.7914999723434448,0.0017099976539611,0.006190001964569,0.7835445903123586,19,1,9,9,NewYork,USD,CHF,True,False,5,-3.5827685451675797,142.27660334720954,31.485441849352448,0.004204627874488054,0.005838107544648086,0.005761987550902514,-1.2553065656617513e-05,0.7979199886322021,0.7914999723434448,0.9641723145483242,0.0009399652481079102,0.001176491379737854,0.7989563411143339,0,0.0002548162875125437,sideways,1,2025-09-11 12:47:24.855708,2025-09-13T15:05:02.984977
2025-09-09 20:00:00+01:00,USDCHF,forex,1h,yahoo_finance,0.7976800203323364,0.7979400157928467,0.7974399924278259,0.7975800037384033,0,0.0,0.0,USDCHF=X,USDCHF,USD/CHF,-0.0001378612909181,-0.0001099705696105,0.0005000233650207,0.0001000165939331,-1.099705696105957,5.00023365020752,0.7941281000773112,0.7951364004611969,0.8007220874775897,0.0007818450664591,0.0608032217046152,0.0011684924364089,82.63849689541166,96.4865610427682,96.66847614978552,0.0006804181919368,3.593864615607781e-05,0.0006444795457807,0.7993999719619751,0.7914999723434448,0.0018199682235717,0.0060800313949584,0.7696242643730195,20,1,9,9,NewYork,USD,CHF,True,False,5,-5.590211576550728,123.47726187385271,30.711868836958722,0.002980344656224432,0.0060292563471089355,0.006016549703051988,0.002261932519824539,0.7979400157928467,0.7914999723434448,0.9440978842344927,0.000500023365020752,0.0011684924364089965,0.42792178146862514,0,0.0008106835095120159,sideways,1,2025-09-11 12:47:24.855708,2025-09-13T15:05:02.984977
2025-09-09 21:00:00+01:00,USDCHF,forex,1h,yahoo_finance,0.7975800037384033,0.7978000044822693,0.7962899804115295,0.7969800233840942,0,0.0,0.0,USDCHF=X,USDCHF,USD/CHF,-0.0007522509986419,-0.000599980354309,0.0015100240707397,0.000599980354309,-5.99980354309082,15.10024070739746,0.7943266715322223,0.7951354014873505,0.800691538132154,0.0008036425906868,0.0624983909332574,0.0011979937553405,76.76486577441818,91.88709827706693,95.29066061533042,0.0007278851703009,0.000174327950985,0.0005535572193159,0.7993999719619751,0.7914999723434448,0.0024199485778808,0.0054800510406494,0.69367738041346,21,1,9,9,Sydney,USD,CHF,True,False,5,-15.16572504708098,80.8875587120822,28.708453740488856,0.0011179848360765021,0.004271745022299767,0.005627664702282598,-6.266852448677529e-05,0.7979400157928467,0.7914999723434448,0.8509338615034338,0.001510024070739746,0.0011979937553405762,1.260460719438778,0,0.0012382851484556306,sideways,1,2025-09-11 12:47:24.855708,2025-09-13T15:05:02.984977
2025-09-09 22:00:00+01:00,USDCHF,forex,1h,yahoo_finance,0.7969800233840942,0.7971000075340271,0.7954300045967102,0.7968500256538391,0,0.0,0.0,USDCHF=X,USDCHF,USD/CHF,-0.0001631129092836,-0.0001299977302551,0.0016700029373168,0.0001299977302551,-1.2999773025512695,16.700029373168945,0.7945328638667152,0.7951200020313263,0.8006604392449934,0.0007988956775262,0.0621292287735212,0.001244494318962,70.71011605817522,86.71831278081424,91.6973240335498,0.0007464092213601,0.00028874420506,0.0004576650163,0.7993999719619751,0.7914999723434448,0.0025499463081359,0.0053500533103942,0.6772219707258186,22,1,9,9,Sydney,USD,CHF,True,False,5,-19.08912503392555,47.726384123817105,27.253746405234644,1.2566613335929233e-05,0.0032735463295996414,0.005768171881772144,-0.0009653378835785542,0.7979400157928467,0.7914999723434448,0.8307480147344649,0.0016700029373168945,0.0012444943189620973,1.341912865226793,0,0.001584673046147824,sideways,1,2025-09-11 12:47:24.855708,2025-09-13T15:05:02.984977
2025-09-09 23:00:00+01:00,USDCHF,forex,1h,yahoo_finance,0.7968500256538391,0.7972000241279602,0.796720027923584,0.79694002866745,0,0.0,0.0,USDCHF=X,USDCHF,USD/CHF,0.0001129484981028,9.000301361083984e-05,0.0004799962043762,9.000301361083984e-05,0.9000301361083984,4.799962043762207,0.7947547691208976,0.7950936031341552,0.8006319780271132,0.0007976850511842,0.062035079708654,0.0012284964323043,76.72249589490968,82.74408606978481,87.11649904255533,0.0007595960063656,0.0003829145653211,0.0003766814410444,0.7993999719619751,0.7914999723434448,0.0024599432945251,0.0054400563240051,0.6886147578089633,23,1,9,9,Sydney,USD,CHF,True,False,5,-17.51289170963903,61.29242030255156,25.80040898274871,-0.00041387649539614824,0.002515955755769017,0.005348853349338212,-0.0016535275503301028,0.7979400157928467,0.7914999723434448,0.8447235436758418,0.0004799962043762207,0.0012284964323043823,0.39071843576774257,0,0.001869474880099258,sideways,1,2025-09-11 12:47:24.855708,2025-09-13T15:05:02.984977
2025-09-10 00:00:00+01:00,USDCHF,forex,1h,yahoo_finance,0.7969599962234497,0.7976599931716919,0.7965899705886841,0.7974200248718262,0,0.0,0.0,USDCHF=X,USDCHF,USD/CHF,0.0006022990276681,0.0004799962043762,0.0010700225830078,0.0004600286483764,4.799962043762207,10.700225830078123,0.7949795325597128,0.7950768041610717,0.8006074176384852,0.0008010937841998,0.062300173086064,0.001258498430252,80.88309121769689,84.67062936813723,84.71100940624544,0.0007995614638401,0.0004662439450249,0.0003333175188151,0.7993999719619751,0.7914999723434448,0.0019799470901489,0.0059200525283813,0.7493737739550325,0,2,10,9,Sydney,USD,CHF,True,False,5,-9.386095152023755,67.50275391308475,23.980631438640668,-0.0003384139764598393,0.003864790993189704,0.005611843026545271,-0.0010522244406977466,0.7979400157928467,0.7914999723434448,0.9192566129241249,0.0010700225830078125,0.0012584984302520751,0.8502375190038884,0,0.0022767689427948407,sideways,1,2025-09-11 12:47:24.855708,2025-09-13T15:05:02.984977
2025-09-10 01:00:00+01:00,USDCHF,forex,1h,yahoo_finance,0.7974200248718262,0.7979999780654907,0.7974100112915039,0.7978299856185913,0,0.0,0.0,USDCHF=X,USDCHF,USD/CHF,0.0005141089187357,0.0004099607467651,0.0005899667739868,0.0004099607467651,4.099607467651367,5.899667739868164,0.7952109603654771,0.7950808036327363,0.8005930768264519,0.000752777275521,0.058542651915668,0.0012444972991943,79.85979935356588,89.9397688222537,85.78482808672526,0.0008544650417877,0.0005438881643775,0.0003105768774102,0.7993999719619751,0.7914999723434448,0.0015699863433837,0.0063300132751464,0.8012675418741512,1,2,10,9,Sydney,USD,CHF,True,False,5,-3.281706671576186,90.06128895796755,22.579475968824198,0.0003134254607892739,0.0032947042329110054,0.00703051335635041,0.00025070970274954085,0.7979999780654907,0.7914999723434448,0.973847338884202,0.0005899667739868164,0.001244497299194336,0.47406030882409284,0,0.002601251181403213,sideways,1,2025-09-11 12:47:24.855708,2025-09-13T15:05:02.984977
2025-09-10 02:00:00+01:00,USDCHF,forex,1h,yahoo_finance,0.7978399991989136,0.7984499931335449,0.7976300120353699,0.7977799773216248,0,0.0,0.0,USDCHF=X,USDCHF,USD/CHF,-6.26803929006936e-05,-5.0008296966552734e-05,0.000819981098175,6.002187728881836e-05,-0.5000829696655273,8.199810981750488,0.7954738168489366,0.7950518035888672,0.800577197428588,0.0007266616733003,0.0565116705615705,0.0012469977140426,77.19620503118082,91.81047299253989,88.80695706097693,0.0008837539063273,0.0006118613127675,0.0002718925935598,0.7993999719619751,0.7914999723434448,0.0016199946403503,0.0062800049781799,0.7949373773955033,2,2,10,9,Sydney,USD,CHF,True,False,5,-11.900779198780386,97.82616424694487,21.70500304154595,0.0010037314789068663,0.0021228384715563653,0.007565097705275026,-0.00181424900293492,0.7984499931335449,0.7914999723434448,0.903595135589441,0.0008199810981750488,0.0012469977140426637,0.6575642352356347,0,0.0028503827835265724,sideways,1,2025-09-11 12:47:24.855708,2025-09-13T15:05:02.984977
2025-09-10 03:00:00+01:00,USDCHF,forex,1h,yahoo_finance,0.7977799773216248,0.7977799773216248,0.7972800135612488,0.7974200248718262,0,0.0,0.0,USDCHF=X,USDCHF,USD/CHF,-0.0004511926345995,-0.0003599524497985,0.0004999637603759,0.0003599524497985,-3.59952449798584,4.999637603759766,0.7957419128645034,0.7950334036350251,0.8005554394407587,0.0007499507801919,0.0583228385159155,0.0012164950370788,70.13082520514013,88.8410939648429,90.1971119265455,0.0008679155972922,0.0006630721696724,0.0002048434276198,0.7986000180244446,0.7914999723434448,0.0011799931526184,0.0059200525283813,0.8338048506115733,3,2,10,9,Tokyo,USD,CHF,True,False,5,-18.294232235114762,58.70304635133767,20.5012471934943,0.000715315554541629,0.0007278911569714719,0.006779901318398673,-0.0011523882883304193,0.7984499931335449,0.7916100025177002,0.8494196381888529,0.0004999637603759766,0.0012164950370788575,0.41098709418209256,0,0.002946546894663437,sideways,1,2025-09-11 12:47:24.855708,2025-09-13T15:05:02.984977
2025-09-10 04:00:00+01:00,USDCHF,forex,1h,yahoo_finance,0.7974200248718262,0.7975999712944031,0.7972099781036377,0.7973999977111816,0,0.0,0.0,USDCHF=X,USDCHF,USD/CHF,-2.5114945724769026e-05,-2.002716064453125e-05,0.0003899931907653,2.002716064453125e-05,-0.2002716064453125,3.8999319076538086,0.7959966744695391,0.795017603635788,0.8005274724174332,0.0006417482551476,0.0499080484232081,0.0011114954948425,77.28135463095263,83.71834504954688,88.1233040023099,0.0008440182814181,0.0006992613920215,0.0001447568893965,0.7984499931335449,0.7914999723434448,0.0010499954223632,0.0059000253677368,0.8489219738941013,4,2,10,9,Tokyo,USD,CHF,True,False,5,-18.649953417464218,46.05420800664373,19.304101243217627,0.0005771689552358517,0.00016305358317536545,0.004737639381542813,-0.0009897392402261618,0.7984499931335449,0.7922300100326538,0.8311899879257144,0.00038999319076538086,0.0011114954948425293,0.3508724889799333,0,0.0029828307801639878,sideways,1,2025-09-11 12:47:24.855708,2025-09-13T15:05:02.984977
2025-09-10 05:00:00+01:00,USDCHF,forex,1h,yahoo_finance,0.7973999977111816,0.797469973564148,0.7966700196266174,0.7966899871826172,0,0.0,0.0,USDCHF=X,USDCHF,USD/CHF,-0.0008904069859574,-0.0007100105285644,0.0007999539375305,0.0007100105285644,-7.100105285644531,7.999539375305176,0.7961419111206418,0.7949912035465241,0.8004939009200086,0.0006552587565865,0.0509587451015864,0.0010729938745498,63.60309425196678,69.7441718215968,80.7678702786622,0.0007590378546634,0.0007112166845499,4.782117011350388e-05,0.7984499931335449,0.7914999723434448,0.0017600059509277,0.0051900148391723,0.7467624912094132,5,2,10,9,Tokyo,USD,CHF,True,False,5,-53.823298882630645,-29.195682168635262,18.257308724046432,-0.0009154995691590395,-0.0012536037277692813,0.004577185143497697,-0.001654120220316302,0.7984499931335449,0.7922300100326538,0.7170400751288882,0.0007999539375305176,0.0010729938745498656,0.745534486733308,0,0.002890351925116431,sideways,1,2025-09-11 12:47:24.855708,2025-09-13T15:05:02.984977
2025-09-10 06:00:00+01:00,USDCHF,forex,1h,yahoo_finance,0.7967000007629395,0.7970600128173828,0.7961000204086304,0.796779990196228,0,0.0,0.0,USDCHF=X,USDCHF,USD/CHF,0.0001129711871101,9.000301361083984e-05,0.0009599924087524,7.998943328857422e-05,0.9000301361083984,9.599924087524414,0.7963190532865978,0.7949648034572602,0.8004629117446941,0.0006428545106725,0.0499940806856476,0.0010769933462142,57.41937137876224,57.40947576470612,70.29066421194993,0.0006909874717713,0.0007071708419942,-1.618337022291582e-05,0.7984499931335449,0.7914999723434448,0.0016700029373168,0.0052800178527832,0.7597125263717603,6,2,10,9,Tokyo,USD,CHF,True,False,5,-55.298320405786804,-93.44915534172308,17.858765701921573,-0.0013160641255531846,-0.0010030511527689967,0.0050201575418107325,-0.0016539336825319717,0.7984499931335449,0.7924000024795532,0.7239660302260054,0.0009599924087524414,0.0010769933462142945,0.8913633609036496,0,0.0028230219512961063,sideways,1,2025-09-11 12:47:24.855708,2025-09-13T15:05:02.984977
2025-09-10 07:00:00+01:00,USDCHF,forex,1h,yahoo_finance,0.796779990196228,0.7980300188064575,0.7963100075721741,0.7979300022125244,0,0.0,0.0,USDCHF=X,USDCHF,USD/CHF,0.0014433244188438,0.0011500120162963,0.0017200112342834,0.0011500120162963,11.500120162963867,17.200112342834473,0.7965633386657351,0.7949734032154083,0.8004465931719476,0.0006770002712007,0.052649558524843,0.0010969936847686,60.7922287926537,57.8866909790972,61.68011285513338,0.0007215359939192,0.0007100438723792,1.1492121539986942e-05,0.7984499931335449,0.7914999723434448,0.0005199909210205,0.0064300298690795,0.9251813862540952,7,2,10,9,Tokyo,USD,CHF,True,False,5,-17.21830777429096,32.64938466422448,16.75353624765471,0.00018805296593593646,0.0011919731995244653,0.005468810027406068,0.000539169780183979,0.7984499931335449,0.7928199768066406,0.9076395358685525,0.0017200112342834473,0.0010969936847686768,1.5679317558205874,0,0.0029316719351062896,sideways,1,2025-09-11 12:47:24.855708,2025-09-13T15:05:02.984977
2025-09-10 08:00:00+01:00,USDCHF,forex,1h,yahoo_finance,0.7979099750518799,0.7984899878501892,0.7969099879264832,0.7975999712944031,0,0.0,0.0,USDCHF=X,USDCHF,USD/CHF,-0.0004136088594315,-0.0003300309181213,0.001579999923706,0.0003100037574768,-3.300309181213379,15.799999237060549,0.7967542892410642,0.7949802029132843,0.800438845878119,0.0006801672503146,0.0528958509700635,0.0011334955692291,53.33309250295017,66.1325680944016,60.47624494606831,0.000710920136106,0.0007102191251246,7.010109814730879e-07,0.7984899878501892,0.7914999723434448,0.0008900165557861,0.0060999989509582,0.8726731643259744,8,2,10,9,Tokyo,USD,CHF,True,False,5,-29.08566753671744,69.07461918682532,16.172831571512166,0.00022566077721197786,0.0009411377504173757,0.004217764938045709,0.0004264416872765686,0.7984899878501892,0.7928199768066406,0.843030895539647,0.0015799999237060547,0.001133495569229126,1.3939180413211405,1,0.003017428701686271,sideways,1,2025-09-11 12:47:24.855708,2025-09-13T15:05:02.984977
2025-09-10 09:00:00+01:00,USDCHF,forex,1h,yahoo_finance,0.7975999712944031,0.7984700202941895,0.7973899841308594,0.7975299954414368,0,0.0,0.0,USDCHF=X,USDCHF,USD/CHF,-8.773301841114023e-05,-6.99758529663086e-05,0.00108003616333,6.99758529663086e-05,-0.6997585296630859,10.80036163330078,0.7969104789552235,0.7950022029876709,0.8004270877156939,0.0006649188326803,0.0517099984810726,0.0011164963245391,48.26107238189027,74.1078506855445,66.04236991968111,0.000688919095291,0.0007059591191578,-1.704002386687545e-05,0.7984899878501892,0.7914999723434448,0.0009599924087524,0.0060300230979919,0.8626623348937948,9,2,10,9,London,USD,CHF,True,False,5,-31.372472632358097,85.7636164601697,15.633605800808372,0.00016302700103865142,0.000740290050398551,0.0032581083431806324,0.001381168126217025,0.7984899878501892,0.7928199768066406,0.8306894993009345,0.0010800361633300781,0.0011164963245391846,0.9673441278687999,1,0.0030638816790710785,sideways,1,2025-09-11 12:47:24.855708,2025-09-13T15:05:02.984977
2025-09-10 10:00:00+01:00,USDCHF,forex,1h,yahoo_finance,0.797540009021759,0.7976999878883362,0.7965199947357178,0.7968199849128723,0,0.0,0.0,USDCHF=X,USDCHF,USD/CHF,-0.000890261849238,-0.0007100105285644,0.0011799931526184,0.0007200241088867,-7.100105285644531,11.799931526184082,0.7970000022933597,0.7950232028961182,0.8004136809280941,0.0006762569652305,0.0525917524458178,0.0011104971170425,42.69208285095311,61.655433921591545,67.29861756717922,0.0006071918662166,0.0006862056685696,-7.901380235302198e-05,0.7984899878501892,0.7914999723434448,0.0016700029373168,0.0053200125694274,0.7610873773161768,10,2,10,9,London,USD,CHF,True,False,5,-54.57555806614983,-45.46857079055319,14.854872499900866,0.0001631722907864397,-0.0007524766625346402,0.003109406165626938,0.0013194709981907415,0.7984899878501892,0.7928199768066406,0.7054674277544756,0.0011799931526184082,0.0011104971170425415,1.0625810139525147,1,0.002961912019214533,sideways,1,2025-09-11 12:47:24.855708,2025-09-13T15:05:02.984977
2025-09-10 11:00:00+01:00,USDCHF,forex,1h,yahoo_finance,0.7968199849128723,0.7979199886322021,0.7966600060462952,0.7978600263595581,0,0.0,0.0,USDCHF=X,USDCHF,USD/CHF,0.001305240162619,0.0010400414466857,0.0012599825859069,0.0010400414466857,10.40041446685791,12.599825859069824,0.7971671450705755,0.795062403678894,0.8004032416003091,0.0006939227002156,0.0539655970180366,0.0010189950466156,57.801403449442,64.48829327204021,66.75052595972542,0.0006192072652103,0.0006728059878977,-5.359872268741065e-05,0.7984899878501892,0.7914999723434448,0.0006299614906311,0.0063600540161132,0.9098769537745262,11,2,10,9,London,USD,CHF,True,False,5,-20.58708948537146,32.752461760050586,13.889403404903986,0.0013555011127526218,3.76530608128256e-05,0.0033324813494226557,0.0024626701473362544,0.7984899878501892,0.7951800227165222,0.8096773031765468,0.0012599825859069824,0.0010189950466156007,1.2364953000427001,1,0.002916239103754173,sideways,1,2025-09-11 12:47:24.855708,2025-09-13T15:05:02.984977
2025-09-10 12:00:00+01:00,USDCHF,forex,1h,yahoo_finance,0.7978399991989136,0.7981699705123901,0.7969300150871277,0.7973200082778931,0,0.0,0.0,USDCHF=X,USDCHF,USD/CHF,-0.0006768331083448,-0.000540018081665,0.0012399554252624,0.0005199909210205,-5.400180816650391,12.399554252624512,0.7972676214717683,0.7950822043418885,0.8003885163055672,0.000681240932662,0.0529793500526889,0.001015493273735,53.8841216515768,58.627855127371554,61.590527440334434,0.0005784861808112,0.0006539420264804,-7.545584566922474e-05,0.7984899878501892,0.7914999723434448,0.0011699795722961,0.0058200359344482,0.8326213194853035,12,2,10,9,London,USD,CHF,True,False,5,-48.953787066364065,22.562589772893453,13.077730536919853,-0.0007644704835511051,-0.0005765612785569862,0.0015450532465359768,0.001243244861603765,0.7984899878501892,0.7954300045967102,0.6176516420585142,0.0012399554252624512,0.0010154932737350465,1.2210375561640296,1,0.0028334107993654577,sideways,1,2025-09-11 12:47:24.855708,2025-09-13T15:05:02.984977
2025-09-10 13:00:00+01:00,USDCHF,forex,1h,yahoo_finance,0.7973200082778931,0.7991600036621094,0.7958400249481201,0.798009991645813,0,0.0,0.0,USDCHF=X,USDCHF,USD/CHF,0.0008653782179757,0.0006899833679199,0.0033199787139892,0.0006899833679199,6.899833679199219,33.19978713989258,0.797359049320221,0.7951352035999298,0.8003770876061785,0.0006763130479102,0.0525961139334776,0.0011149913072586,58.04479738995599,65.27332840256332,62.79649226732503,0.0005950311704657,0.0006421598552775,-4.712868481175408e-05,0.7991600036621094,0.7914999723434448,0.0011500120162963,0.0065100193023681,0.8498684968174673,13,2,10,9,London,USD,CHF,True,False,5,-34.6391382405745,60.80521098397386,13.075334304635009,0.0005140676606902872,0.0007398444428099449,0.0014682741260088061,0.00333177781922811,0.7991600036621094,0.7954300045967102,0.6916857092634909,0.003319978713989258,0.001114991307258606,2.977582598515485,1,0.0028407645810378025,sideways,1,2025-09-11 12:47:24.855708,2025-09-13T15:05:02.984977
2025-09-10 14:00:00+01:00,USDCHF,forex,1h,yahoo_finance,0.798009991645813,0.798229992389679,0.7963200211524963,0.7967900037765503,0,0.0,0.0,USDCHF=X,USDCHF,USD/CHF,-0.0015287877119766,-0.0012199878692626,0.0019099712371826,0.0012199878692626,-12.199878692626951,19.09971237182617,0.7973566679727464,0.7951580035686493,0.8003588459648929,0.0007548811021003,0.0587062641700865,0.0011759907007217,45.7373532068654,48.340359427908574,57.413847652614486,0.0005038918175704,0.0006145062477361,-0.0001106144301656,0.7991600036621094,0.7914999723434448,0.002369999885559,0.0052900314331054,0.6906018021382885,14,2,10,9,London,USD,CHF,True,False,5,-71.38599640933573,-72.05864213841761,13.073109231799082,-0.0009278543366596503,-0.0007649786009308324,-0.0006020497502573496,0.0014327888246368214,0.7991600036621094,0.7954300045967102,0.3646111315297464,0.0019099712371826172,0.0011759907007217406,1.6241380446379472,1,0.0027352960689310014,sideways,1,2025-09-11 12:47:24.855708,2025-09-13T15:05:02.984977
2025-09-10 15:00:00+01:00,USDCHF,forex,1h,yahoo_finance,0.7967900037765503,0.7978100180625916,0.7963399887084961,0.7971299886703491,0,0.0,0.0,USDCHF=X,USDCHF,USD/CHF,0.0004266932217866,0.0003399848937988,0.0014700293540954,0.0003399848937988,3.399848937988281,14.70029354095459,0.7973500007674807,0.7952074038982392,0.8003428018355108,0.00075132080825,0.0584293840750423,0.0012024939060211,45.218630404690174,44.27648114901257,52.63005632649482,0.0004538652868294,0.0005823780555547,-0.0001285127687253,0.7991600036621094,0.7914999723434448,0.0020300149917602,0.0056300163269042,0.7349860715564063,15,2,10,9,London,USD,CHF,True,False,5,-61.14542190305207,-63.23714906537787,13.07104309273715,0.00038905118263410365,0.0005522869557930132,-0.0007020091209627433,0.003108268398976266,0.7991600036621094,0.7954300045967102,0.4557599194618003,0.001470029354095459,0.0012024939060211182,1.2224838285955042,1,0.002728335236679019,sideways,1,2025-09-11 12:47:24.855708,2025-09-13T15:05:02.984977
2025-09-10 16:00:00+01:00,USDCHF,forex,1h,yahoo_finance,0.7971299886703491,0.7979699969291687,0.7966200113296509,0.7979000210762024,0,0.0,0.0,USDCHF=X,USDCHF,USD/CHF,0.0009660060677654,0.0007700324058532,0.0013499855995178,0.0007700324058532,7.700324058532715,13.499855995178224,0.7973600029945374,0.7952946043014526,0.8003278020974044,0.0007832233813277,0.0609104117197873,0.0012449920177459,50.746534213062496,43.17235188509875,45.26306415400663,0.0004709255439884,0.0005600875532415,-8.916200925309324e-05,0.7991600036621094,0.7914999723434448,0.0012599825859069,0.0064000487327575,0.8355120842865369,16,2,10,9,NewYork,USD,CHF,True,False,5,-37.951526032315975,39.86008441197303,12.850424672566538,5.012748517652099e-05,0.0014056965457911463,0.0004012354074816038,0.005494392413293303,0.7991600036621094,0.7954300045967102,0.662202975439045,0.0013499855995178223,0.0012449920177459717,1.084332734889288,1,0.0027592228759492922,sideways,1,2025-09-11 12:47:24.855708,2025-09-13T15:05:02.984977
2025-09-10 17:00:00+01:00,USDCHF,forex,1h,yahoo_finance,0.7979000210762024,0.7989599704742432,0.7978100180625916,0.798740029335022,0,0.0,0.0,USDCHF=X,USDCHF,USD/CHF,0.0010527738270849,0.0008400082588195,0.0011499524116516,0.0008400082588195,8.4000825881958,11.499524116516112,0.797415242308662,0.7953942048549653,0.800317143018429,0.0007934409351031,0.0617050195188725,0.0012269884347915,57.74639019476158,62.7510472770796,50.06662677039697,0.0005459343752982,0.0005572569176528,-1.1322542354601142e-05,0.7991600036621094,0.7914999723434448,0.0004199743270874,0.0072400569915771,0.9451732885133136,17,2,10,9,NewYork,USD,CHF,True,False,5,-12.649910233393177,228.07339720842805,12.420677205939432,0.0017809926282872368,0.0010151606284405368,0.0022083438722271254,0.006273971559687563,0.7991600036621094,0.7954300045967102,0.8874063184135254,0.0011499524116516113,0.001226988434791565,0.937215363278432,1,0.002735495444603407,sideways,1,2025-09-11 12:47:24.855708,2025-09-13T15:05:02.984977
2025-09-10 18:00:00+01:00,USDCHF,forex,1h,yahoo_finance,0.798740029335022,0.7991600036621094,0.7985699772834778,0.7990300059318542,0,0.0,0.0,USDCHF=X,USDCHF,USD/CHF,0.0003630425247045,0.0002899765968322,0.0005900263786315,0.0002899765968322,2.899765968322754,5.900263786315918,0.7975128605252221,0.795505805015564,0.8003073629442152,0.0007926102029065,0.0616404143993959,0.0011729896068572,59.271866714585045,81.82764811490127,62.58368242569321,0.0006216125400282,0.0005701280421279,5.14844979002993e-05,0.7991600036621094,0.7914999723434448,0.0001299977302551,0.0075300335884094,0.9830290863252252,18,2,10,9,NewYork,USD,CHF,True,False,5,-3.9156193895870737,220.35597982029978,12.235908537637552,0.0012781973868993823,0.0017929221275301277,0.0027357472646454273,0.0070325893814262574,0.7991600036621094,0.7958400249481201,0.9608438061041292,0.0005900263786315918,0.0011729896068572998,0.5030107472242689,0,0.0027745875809768107,sideways,1,2025-09-11 12:47:24.855708,2025-09-13T15:05:02.984977
2025-09-10 19:00:00+01:00,USDCHF,forex,1h,yahoo_finance,0.7990300059318542,0.7991099953651428,0.7983999848365784,0.798829972743988,0,0.0,0.0,USDCHF=X,USDCHF,USD/CHF,-0.0002503450263209,-0.0002000331878662,0.0007100105285644,0.0002000331878662,-2.0003318786621094,7.100105285644531,0.7976071437199911,0.7955972039699555,0.8003035164796389,0.0007973370059216,0.0620080126154773,0.0011844903230667,62.92246449318658,91.16457211250749,78.58108916816279,0.0006578635824224,0.0005876751501868,7.018843223563292e-05,0.7991600036621094,0.7914999723434448,0.0003300309181213,0.0073300004005432,0.9569151999004,19,2,10,9,NewYork,USD,CHF,True,False,5,-9.940754039497307,153.22272053251538,11.839761031626082,0.0025602341366846026,0.0016300042756782762,0.002371501002024212,0.005753717391774105,0.7991600036621094,0.7958400249481201,0.900592459605027,0.0007100105285644531,0.0011844903230667115,0.5994228190283533,0,0.002822784308251045,sideways,1,2025-09-11 12:47:24.855708,2025-09-13T15:05:02.984977
2025-09-10 20:00:00+01:00,USDCHF,forex,1h,yahoo_finance,0.798829972743988,0.7994999885559082,0.7987099885940552,0.7990900278091431,0,0.0,0.0,USDCHF=X,USDCHF,USD/CHF,0.0003255449520274,0.000260055065155,0.000789999961853,0.000260055065155,2.600550651550293,7.899999618530273,0.7977095246315002,0.7956876039505005,0.8003009341575287,0.0007908786271478,0.0615057516774922,0.0011704891920089,63.66861818438316,91.64746729833293,88.21322917524724,0.0006995135087847,0.0006100428219064,8.94706868782996e-05,0.7994999885559082,0.7914999723434448,0.0004099607467651,0.0075900554656982,0.9487550105052972,20,2,10,9,NewYork,USD,CHF,True,False,5,-11.20122467591688,148.58123240378703,11.912151711655136,0.002458870154996129,0.0028488779639719297,0.0020942575872548996,0.005688610019914275,0.7994999885559082,0.7958400249481201,0.8879877532408312,0.0007899999618530273,0.0011704891920089721,0.67493144511408,0,0.0029941444359676455,sideways,1,2025-09-11 12:47:24.855708,2025-09-13T15:05:02.984977
2025-09-10 21:00:00+01:00,USDCHF,forex,1h,yahoo_finance,0.7990900278091431,0.7992500066757202,0.7985799908638,0.7989299893379211,0,0.0,0.0,USDCHF=X,USDCHF,USD/CHF,-0.0002002758958971,-0.0001600384712219,0.0006700158119201,0.0001600384712219,-1.6003847122192385,6.70015811920166,0.7977814277013143,0.795800803899765,0.8002973077716408,0.0007875499201732,0.0612468818363328,0.0011744916439056,56.70216760812074,87.76137243479637,90.19113728187892,0.0007114069518623,0.0006303156478976,8.109130396473179e-05,0.7994999885559082,0.7914999723434448,0.000569999217987,0.0074300169944763,0.9287502421433786,21,2,10,9,Sydney,USD,CHF,True,False,5,-15.57390398019673,101.02432573096382,11.792663833344545,0.0012908487711649208,0.0013410409633440867,0.0013787445184538782,0.0071350202594331336,0.7994999885559082,0.7958400249481201,0.8442609601980327,0.000670015811920166,0.0011744916439056397,0.5704730343522104,0,0.002985923046400799,sideways,1,2025-09-11 12:47:24.855708,2025-09-13T15:05:02.984977
2025-09-10 22:00:00+01:00,USDCHF,forex,1h,yahoo_finance,0.7987099885940552,0.7990000247955322,0.7974500060081482,0.7986000180244446,0,0.0,0.0,USDCHF=X,USDCHF,USD/CHF,-0.0004130165569952,-0.0003299713134765,0.001550018787384,0.0001099705696105,-3.299713134765625,15.500187873840332,0.7978180959111169,0.7959126043319702,0.8002933519227164,0.000794502722439,0.0617875935396813,0.001210993528366,56.70262064557366,82.87842268690423,87.42908747334451,0.0006862954768238,0.0006415116136828,4.478386314100524e-05,0.7994999885559082,0.7914999723434448,0.0008999705314636,0.0071000456809997,0.8875039115468865,22,2,10,9,Sydney,USD,CHF,True,False,5,-24.589603283173737,36.82873433349343,11.622024087518238,-0.0001752902138809631,0.001605390223827552,0.0010279033394307024,0.007049118719230307,0.7994999885559082,0.7958400249481201,0.7541039671682627,0.0015500187873840332,0.0012109935283660888,1.2799562929748833,0,0.0030058582941610654,sideways,1,2025-09-11 12:47:24.855708,2025-09-13T15:05:02.984977
2025-09-10 23:00:00+01:00,USDCHF,forex,1h,yahoo_finance,0.798550009727478,0.7991200089454651,0.7981899976730347,0.7986900210380554,0,0.0,0.0,USDCHF=X,USDCHF,USD/CHF,0.0001127009912089,9.000301361083984e-05,0.0009300112724304,0.0001400113105773,0.9000301361083984,9.3001127243042,0.7978614313261849,0.7960318052768707,0.8002903300982255,0.0007856747756365,0.0611010539301643,0.0012324959039688,57.75403200101995,79.23533754587106,83.29171088919055,0.0006659799407504,0.0006464052790963,1.957466165408348e-05,0.7994999885559082,0.7914999723434448,0.0008099675178527,0.0071900486946105,0.8987542654487476,23,2,10,9,Sydney,USD,CHF,True,False,5,-22.130480099016353,58.945753049301764,11.307527178634631,-0.00042549702924155053,0.0008521564884669264,0.0015926313945193726,0.00751838260449289,0.7994999885559082,0.7958400249481201,0.7786951990098365,0.0009300112724304199,0.001232495903968811,0.7545755482315618,0,0.0029410916523216974,sideways,1,2025-09-11 12:47:24.855708,2025-09-13T15:05:02.984977
2025-09-11 00:00:00+01:00,USDCHF,forex,1h,yahoo_finance,0.7986500263214111,0.7988600134849548,0.7984799742698669,0.7986999750137329,0,0.0,0.0,USDCHF=X,USDCHF,USD/CHF,1.2462877230667855e-05,9.953975677490234e-06,0.0003800392150878,4.9948692321777344e-05,0.0995397567749023,3.800392150878906,0.7979223813329425,0.7961480045318603,0.8002892310147757,0.0007854554123962,0.0610839942948101,0.0012319982051849,63.86405394238293,77.140468590537,79.75140960777075,0.0006432677445562,0.0006457777721883,-2.510027632099572e-06,0.7994999885559082,0.7914999723434448,0.0008000135421752,0.007200002670288,0.8999985098869004,0,3,11,9,Sydney,USD,CHF,True,False,5,-21.858510846198946,52.29266865185467,11.015494334671283,-0.00016273516854725667,0.002397082328003508,0.0016302700103871803,0.007327577166585497,0.7994999885559082,0.7958400249481201,0.7814148915380106,0.0003800392150878906,0.0012319982051849365,0.30847383826410896,0,0.0030346120978242703,sideways,1,2025-09-11 12:47:24.855708,2025-09-13T15:05:02.984977
2025-09-11 01:00:00+01:00,USDCHF,forex,1h,yahoo_finance,0.7986999750137329,0.7992299795150757,0.7986900210380554,0.7991499900817871,0,0.0,0.0,USDCHF=X,USDCHF,USD/CHF,0.00056343443362,0.0004500150680541,0.0005399584770202,0.0004500150680541,4.500150680541992,5.399584770202637,0.7980057143029713,0.7962686038017273,0.8002915935856956,0.0007575282110062,0.0589121268871229,0.0012189984321594,60.4196356353272,82.14937137645757,79.50839250428855,0.0006540412402082,0.0006474304657923,6.610774415951389e-06,0.7994999885559082,0.7914999723434448,0.000349998474121,0.0076500177383422,0.9562502793962062,1,3,11,9,Sydney,USD,CHF,True,False,5,-9.562894925412026,77.92964746269101,10.233882113396911,7.503819414256263e-05,0.0025340928583146294,0.0030877793605381676,0.007602838525317068,0.7994999885559082,0.7958400249481201,0.9043710507458798,0.0005399584770202637,0.001218998432159424,0.4429525607048906,0,0.0031363803942089518,sideways,1,2025-09-11 12:47:24.855708,2025-09-13T15:05:02.984977
2025-09-11 02:00:00+01:00,USDCHF,forex,1h,yahoo_finance,0.7991700172424316,0.799239993095398,0.7986000180244446,0.7988799810409546,0,0.0,0.0,USDCHF=X,USDCHF,USD/CHF,-0.0003378702924151,-0.0002700090408325,0.0006399750709533,0.000290036201477,-2.7000904083251958,6.399750709533691,0.7981099997247968,0.7963900029659271,0.8002891759951036,0.0007654930870298,0.0595315464415681,0.0012029975652694,63.17532872878114,83.8794432501683,81.05642773905429,0.0006334893689837,0.0006446422464306,-1.1152877446852324e-05,0.7994999885559082,0.7914999723434448,0.0006200075149536,0.0073800086975097,0.9224992176906228,2,3,11,9,Sydney,USD,CHF,True,False,5,-16.940264477884178,60.113906525097896,9.630593903341538,-6.25940916400003e-05,0.0012281738800188347,0.0026355968655906725,0.007656258164240759,0.7994999885559082,0.7958400249481201,0.8305973552211582,0.0006399750709533691,0.0012029975652694703,0.5319836792936612,0,0.003106515727909101,sideways,1,2025-09-11 12:47:24.855708,2025-09-13T15:05:02.984977
2025-09-11 03:00:00+01:00,USDCHF,forex,1h,yahoo_finance,0.7989000082015991,0.7991300225257874,0.7987800240516663,0.7989400029182434,0,0.0,0.0,USDCHF=X,USDCHF,USD/CHF,7.51325339389819e-05,6.002187728881836e-05,0.000349998474121,3.999471664428711e-05,0.6002187728881836,3.499984741210937,0.7982128574734643,0.7965184032917023,0.800286978155702,0.0007005030851877,0.0544773462424376,0.0011344969272613,58.79012540421169,85.29568294674105,83.77483252445563,0.0006149562934891,0.0006387050558423,-2.3748762353160177e-05,0.7994999885559082,0.7914999723434448,0.0005599856376647,0.0074400305747985,0.9300019371470296,3,3,11,9,Tokyo,USD,CHF,True,False,5,-17.609791756480664,59.547484217845295,9.07039770829012,0.00042572612838132073,0.000250361288876233,0.0012657760742400548,0.008100762626897406,0.7994999885559082,0.7958400249481201,0.8469969383102078,0.00034999847412109375,0.0011344969272613526,0.3085054403505361,0,0.0029699189529508287,sideways,1,2025-09-11 12:47:24.855708,2025-09-13T15:05:02.984977
2025-09-11 04:00:00+01:00,USDCHF,forex,1h,yahoo_finance,0.7989400029182434,0.7990999817848206,0.7986599802970886,0.7989799976348877,0,0.0,0.0,USDCHF=X,USDCHF,USD/CHF,5.0059724758133584e-05,3.999471664428711e-05,0.0004400014877319,3.999471664428711e-05,0.3999471664428711,4.400014877319336,0.7982628572554815,0.7966524028778076,0.8002786266279744,0.0006914972381867,0.0537769715322414,0.0010774970054626,76.64162654446314,82.9981780259979,84.05776807430242,0.0005966184904437,0.0006302877427626,-3.3669252318838084e-05,0.7994999885559082,0.7914999723434448,0.0005199909210205,0.0074800252914428,0.9350012665961348,4,3,11,9,Tokyo,USD,CHF,True,False,5,-16.455409687641467,51.01987552441805,8.731630016518675,0.0003630652558490599,-6.258625658017714e-05,0.0017302236586655972,0.008456579934191799,0.7994999885559082,0.7958400249481201,0.8579245651749072,0.0004400014877319336,0.0010774970054626466,0.40835518382068214,0,0.0027949387693615357,sideways,1,2025-09-11 12:47:24.855708,2025-09-13T15:05:02.984977
2025-09-11 05:00:00+01:00,USDCHF,forex,1h,yahoo_finance,0.7989799976348877,0.7990400195121765,0.7986299991607666,0.7986599802970886,0,0.0,0.0,USDCHF=X,USDCHF,USD/CHF,-0.0004005323521819,-0.000320017337799,0.0004100203514099,0.000320017337799,-3.2001733779907227,4.100203514099121,0.7983133338746571,0.7967716026306152,0.8002654395915649,0.0006991444410357,0.0543716859970292,0.0010439962148666,68.70345812506376,78.92253816122981,82.40546637798958,0.0005499237461199,0.000614214943434,-6.429119731414133e-05,0.7994999885559082,0.7914999723434448,0.0008400082588195,0.0071600079536437,0.8949991804377952,5,3,11,9,Tokyo,USD,CHF,True,False,5,-29.16718407218842,15.805204618592077,8.464263724206356,-5.00747688687575e-05,-0.00021280178849014675,0.001416855619363222,0.00751859176938563,0.7994999885559082,0.7958400249481201,0.7704872646733112,0.0004100203514099121,0.001043996214866638,0.39274122412626644,0,0.0026235820680720417,sideways,1,2025-09-11 12:47:24.855708,2025-09-13T15:05:02.984977
2025-09-11 06:00:00+01:00,USDCHF,forex,1h,yahoo_finance,0.7986599802970886,0.7994199991226196,0.7986299991607666,0.7993599772453308,0,0.0,0.0,USDCHF=X,USDCHF,USD/CHF,0.0008764642845655,0.0006999969482421,0.000789999961853,0.0006999969482421,6.999969482421875,7.899999618530273,0.7984004758653187,0.7968994021415711,0.800258681341842,0.0006827129224176,0.0530938250596939,0.0010244965553283,68.15823028793405,82.51584268909536,81.47885295877435,0.0005629128198443,0.0006039545187161,-4.104169887181016e-05,0.7994999885559082,0.7914999723434448,0.0001400113105773,0.0078600049018859,0.9824986216453828,6,3,11,9,Tokyo,USD,CHF,True,False,5,-6.829878172884017,116.52893837333636,8.149452664411386,0.00026276314352724484,0.00033782105494162273,0.0031876614298727013,0.008058281566908354,0.7994999885559082,0.7958400249481201,0.9617451631815517,0.0007899999618530273,0.0010244965553283692,0.7711104129577268,0,0.0024966653461236527,sideways,1,2025-09-11 12:47:24.855708,2025-09-13T15:05:02.984977
2025-09-11 07:00:00+01:00,USDCHF,forex,1h,yahoo_finance,0.7993199825286865,0.7999399900436401,0.7991700172424316,0.799560010433197,0,0.0,0.0,USDCHF=X,USDCHF,USD/CHF,0.0002502416852987,0.0002000331878662,0.0007699728012084,0.0002400279045104,2.0003318786621094,7.699728012084961,0.7985309532710484,0.7970454025268555,0.8002552747071444,0.0006280888508585,0.0488457717357066,0.0009999960660934,62.12946798568129,82.91420486504768,81.45086190512428,0.0005826315470668,0.0005996899243862,-1.7058377319443077e-05,0.7999399900436401,0.7914999723434448,0.0003799796104431,0.0080600380897521,0.954978813559322,7,3,11,9,Tokyo,USD,CHF,True,False,5,-15.26032315978456,238.21559650382332,8.629238494376024,0.0008512284803485759,0.0007885811068351067,0.0021306795897464426,0.009214171289212869,0.7999399900436401,0.7958400249481201,0.9073212572325764,0.0007699728012084961,0.000999996066093445,0.7699758302214619,0,0.002392075582987149,sideways,1,2025-09-11 12:47:24.855708,2025-09-13T15:05:02.984977
2025-09-11 08:00:00+01:00,USDCHF,forex,1h,yahoo_finance,0.799589991569519,0.799780011177063,0.798829972743988,0.799310028553009,0,0.0,0.0,USDCHF=X,USDCHF,USD/CHF,-0.0003126493032743,-0.0002499818801879,0.0009500384330749,0.00027996301651,-2.499818801879883,9.500384330749512,0.7986000009945461,0.7971958029270172,0.8002429673304925,0.0006091744864811,0.047374822643639,0.000985500216484,54.19179842249902,84.20332606684836,83.21112454033046,0.0005714994420885,0.0005940518279267,-2.2552385838172945e-05,0.7999399900436401,0.7914999723434448,0.0006299614906311,0.0078100562095642,0.9253601694915254,8,3,11,9,Tokyo,USD,CHF,True,False,5,-25.299820466786354,118.2502591052762,8.471606619252848,0.00046314570983319037,0.0008890690114444766,0.0024958865379713924,0.009497492929857465,0.7999399900436401,0.7958400249481201,0.8463495478731137,0.0009500384330749512,0.0009855002164840699,0.9640164630956305,1,0.002292025988976222,sideways,1,2025-09-11 12:47:24.855708,2025-09-13T15:05:02.984977
2025-09-11 09:00:00+01:00,USDCHF,forex,1h,yahoo_finance,0.799310028553009,0.799560010433197,0.7991499900817871,0.7992900013923645,0,0.0,0.0,USDCHF=X,USDCHF,USD/CHF,-2.5055560332165605e-05,-2.002716064453125e-05,0.0004100203514099,2.002716064453125e-05,-0.2002716064453125,4.100203514099121,0.7986938101904733,0.7973406028747558,0.8002325826948815,0.0005842302772785,0.0454349392224142,0.0008400022983551,57.27866007770946,77.77857570317177,81.6320355450226,0.0005546672850076,0.0005861749193429,-3.1507634335279245e-05,0.7999399900436401,0.7916100025177002,0.0006499886512756,0.0076799988746643,0.9219700330580878,9,3,11,9,London,USD,CHF,True,False,5,-26.104129263913823,103.87159301216187,8.325234163781326,0.00038799939722444776,0.0007512055221741143,0.0016040021553007655,0.009140833723021657,0.7999399900436401,0.7963200211524963,0.8204435809197635,0.0004100203514099121,0.0008400022983551025,0.48811813040609103,1,0.0021852538049883154,sideways,1,2025-09-11 12:47:24.855708,2025-09-13T15:05:02.984977
2025-09-11 10:00:00+01:00,USDCHF,forex,1h,yahoo_finance,0.7992900013923645,0.799780011177063,0.799049973487854,0.799340009689331,0,0.0,0.0,USDCHF=X,USDCHF,USD/CHF,6.256589833397719e-05,5.0008296966552734e-05,0.0007300376892089,5.0008296966552734e-05,0.5000829696655273,7.300376892089844,0.7987571443830218,0.7974546027183532,0.8002229123325139,0.0004454271960092,0.0346403778882586,0.0007810056209564,54.236877197236026,74.83343307400759,78.93844494800923,0.000539147968705,0.0005767695292153,-3.762156051031508e-05,0.7999399900436401,0.7922300100326538,0.000599980354309,0.0071099996566772,0.9221813346527306,10,3,11,9,London,USD,CHF,True,False,5,-24.09575104727708,103.627324412991,8.538732234313477,0.0008514629617342173,0.0008013455560544891,0.0032003487753291537,0.007182087664578507,0.7999399900436401,0.7963399887084961,0.8333388522798768,0.0007300376892089844,0.0007810056209564209,0.9347406338957956,1,0.002122246463306113,sideways,1,2025-09-11 12:47:24.855708,2025-09-13T15:05:02.984977
2025-09-11 11:00:00+01:00,USDCHF,forex,1h,yahoo_finance,0.799340009689331,0.799809992313385,0.7991099953651428,0.7996500134468079,0,0.0,0.0,USDCHF=X,USDCHF,USD/CHF,0.0003878246474828,0.0003100037574768,0.0006999969482421,0.0003100037574768,3.1000375747680664,6.999969482421875,0.7988933353197007,0.7975864028930664,0.800215659560738,0.0004442850802365,0.03455155681421,0.0007425040006637,61.61315131705442,79.38479952124477,77.33226943280805,0.0005455744682815,0.0005705305170285,-2.4956048747056003e-05,0.7999399900436401,0.7922300100326538,0.0002899765968322,0.007420003414154,0.962389448945513,11,3,11,9,London,USD,CHF,True,False,5,-11.645721125074806,112.06151315221649,8.785210029507981,0.0003628355305911324,0.0006256940139228728,0.003161372438969856,0.008309596621326243,0.7999399900436401,0.7966200113296509,0.912657091561939,0.0006999969482421875,0.0007425040006637573,0.9427517530093159,1,0.00201933905369119,sideways,1,2025-09-11 12:47:24.855708,2025-09-13T15:05:02.984977
2025-09-11 12:00:00+01:00,USDCHF,forex,1h,yahoo_finance,0.7996799945831299,0.799839973449707,0.7989199757575989,0.7996199727058411,0,0.0,0.0,USDCHF=X,USDCHF,USD/CHF,-3.756736129756355e-05,-3.0040740966796875e-05,0.0009199976921081,6.002187728881836e-05,-0.3004074096679687,9.199976921081545,0.7990119059880575,0.7977228021621704,0.8002118130961617,0.0004029666720713,0.0313382701415339,0.0007210046052932,68.21278045042361,81.99058102883458,78.73627120802898,0.0005419956898293,0.0005648235515887,-2.282786175935691e-05,0.7999399900436401,0.7924000024795532,0.000320017337799,0.0072199702262878,0.9575573122529644,12,3,11,9,London,USD,CHF,True,False,5,-18.286784741144412,84.72044566530889,8.618925307118646,7.499408657474227e-05,0.0009262864040255891,0.0021555979248111257,0.008602375599927825,0.7999399900436401,0.7974500060081482,0.8714781567923399,0.0009199976921081543,0.000721004605293274,1.27599419664447,1,0.0019407709861663583,sideways,1,2025-09-11 12:47:24.855708,2025-09-13T15:05:02.984977
2025-09-11 13:00:00+01:00,USDCHF,forex,1h,yahoo_finance,0.7996500134468079,0.8007299900054932,0.7969599962234497,0.7985699772834778,0,0.0,0.0,USDCHF=X,USDCHF,USD/CHF,-0.0013131180538302,-0.0010499954223632,0.0037699937820434,0.00108003616333,-10.499954223632812,37.69993782043457,0.7990438086645943,0.7978224015235901,0.8002039007433168,0.0004548666245225,0.0353744717506898,0.0008520066738128,48.40371568067973,70.92421082456725,77.4331971248822,0.0004492548959267,0.0005417098204563,-9.245492452960224e-05,0.8007299900054932,0.7928199768066406,0.0021600127220153,0.0057500004768371,0.7269267866292913,13,3,11,9,London,USD,CHF,True,False,5,-57.29486166007905,-92.9513488380247,10.236258215437156,-0.0009258626103703094,-0.00046314570983307934,-0.00021290037471366485,0.006275240380011482,0.8007299900054932,0.7969599962234497,0.4270513833992095,0.003769993782043457,0.0008520066738128662,4.4248406707568755,1,0.001769310239782424,sideways,1,2025-09-11 12:47:24.855708,2025-09-13T15:05:02.984977
